job_code,job_title,attribute_name,importance_score,trait_type,major_group,selection_seed,selection_strategy,experiment_id
13-1022.00,"Wholesale and Retail Buyers, Except Farm Products",Oral Comprehension,4.0,Abilities,13,123,two_level_random_sample,EXP_20260416_154815
13-1022.00,"Wholesale and Retail Buyers, Except Farm Products",Written Comprehension,3.75,Abilities,13,123,two_level_random_sample,EXP_20260416_154815
13-1022.00,"Wholesale and Retail Buyers, Except Farm Products",Oral Expression,4.0,Abilities,13,123,two_level_random_sample,EXP_20260416_154815
13-1022.00,"Wholesale and Retail Buyers, Except Farm Products",Written Expression,3.0,Abilities,13,123,two_level_random_sample,EXP_20260416_154815
13-1022.00,"Wholesale and Retail Buyers, Except Farm Products",Fluency of Ideas,3.0,Abilities,13,123,two_level_random_sample,EXP_20260416_154815
13-1022.00,"Wholesale and Retail Buyers, Except Farm Products",Originality,3.0,Abilities,13,123,two_level_random_sample,EXP_20260416_154815
13-1022.00,"Wholesale and Retail Buyers, Except Farm Products",Problem Sensitivity,3.62,Abilities,13,123,two_level_random_sample,EXP_20260416_154815
13-1022.00,"Wholesale and Retail Buyers, Except Farm Products",Deductive Reasoning,3.75,Abilities,13,123,two_level_random_sample,EXP_20260416_154815
13-1022.00,"Wholesale and Retail Buyers, Except Farm Products",Inductive Reasoning,3.25,Abilities,13,123,two_level_random_sample,EXP_20260416_154815
13-1022.00,"Wholesale and Retail Buyers, Except Farm Products",Information Ordering,3.12,Abilities,13,123,two_level_random_sample,EXP_20260416_154815
13-1022.00,"Wholesale and Retail Buyers, Except Farm Products",Category Flexibility,3.25,Abilities,13,123,two_level_random_sample,EXP_20260416_154815
13-1022.00,"Wholesale and Retail Buyers, Except Farm Products",Mathematical Reasoning,3.5,Abilities,13,123,two_level_random_sample,EXP_20260416_154815
13-1022.00,"Wholesale and Retail Buyers, Except Farm Products",Number Facility,3.25,Abilities,13,123,two_level_random_sample,EXP_20260416_154815
13-1022.00,"Wholesale and Retail Buyers, Except Farm Products",Memorization,2.12,Abilities,13,123,two_level_random_sample,EXP_20260416_154815
13-1022.00,"Wholesale and Retail Buyers, Except Farm Products",Speed of Closure,2.75,Abilities,13,123,two_level_random_sample,EXP_20260416_154815
13-1022.00,"Wholesale and Retail Buyers, Except Farm Products",Flexibility of Closure,2.88,Abilities,13,123,two_level_random_sample,EXP_20260416_154815
13-1022.00,"Wholesale and Retail Buyers, Except Farm Products",Perceptual Speed,2.62,Abilities,13,123,two_level_random_sample,EXP_20260416_154815
13-1022.00,"Wholesale and Retail Buyers, Except Farm Products",Spatial Orientation,1.0,Abilities,13,123,two_level_random_sample,EXP_20260416_154815
13-1022.00,"Wholesale and Retail Buyers, Except Farm Products",Visualization,2.5,Abilities,13,123,two_level_random_sample,EXP_20260416_154815
13-1022.00,"Wholesale and Retail Buyers, Except Farm Products",Selective Attention,3.0,Abilities,13,123,two_level_random_sample,EXP_20260416_154815
13-1022.00,"Wholesale and Retail Buyers, Except Farm Products",Time Sharing,2.0,Abilities,13,123,two_level_random_sample,EXP_20260416_154815
13-1022.00,"Wholesale and Retail Buyers, Except Farm Products",Arm-Hand Steadiness,2.0,Abilities,13,123,two_level_random_sample,EXP_20260416_154815
13-1022.00,"Wholesale and Retail Buyers, Except Farm Products",Manual Dexterity,2.0,Abilities,13,123,two_level_random_sample,EXP_20260416_154815
13-1022.00,"Wholesale and Retail Buyers, Except Farm Products",Finger Dexterity,2.0,Abilities,13,123,two_level_random_sample,EXP_20260416_154815
13-1022.00,"Wholesale and Retail Buyers, Except Farm Products",Control Precision,1.0,Abilities,13,123,two_level_random_sample,EXP_20260416_154815
13-1022.00,"Wholesale and Retail Buyers, Except Farm Products",Multilimb Coordination,1.88,Abilities,13,123,two_level_random_sample,EXP_20260416_154815
13-1022.00,"Wholesale and Retail Buyers, Except Farm Products",Response Orientation,1.0,Abilities,13,123,two_level_random_sample,EXP_20260416_154815
13-1022.00,"Wholesale and Retail Buyers, Except Farm Products",Rate Control,1.0,Abilities,13,123,two_level_random_sample,EXP_20260416_154815
13-1022.00,"Wholesale and Retail Buyers, Except Farm Products",Reaction Time,1.0,Abilities,13,123,two_level_random_sample,EXP_20260416_154815
13-1022.00,"Wholesale and Retail Buyers, Except Farm Products",Wrist-Finger Speed,1.5,Abilities,13,123,two_level_random_sample,EXP_20260416_154815
13-1022.00,"Wholesale and Retail Buyers, Except Farm Products",Speed of Limb Movement,1.38,Abilities,13,123,two_level_random_sample,EXP_20260416_154815
13-1022.00,"Wholesale and Retail Buyers, Except Farm Products",Static Strength,2.0,Abilities,13,123,two_level_random_sample,EXP_20260416_154815
13-1022.00,"Wholesale and Retail Buyers, Except Farm Products",Explosive Strength,1.25,Abilities,13,123,two_level_random_sample,EXP_20260416_154815
13-1022.00,"Wholesale and Retail Buyers, Except Farm Products",Dynamic Strength,1.75,Abilities,13,123,two_level_random_sample,EXP_20260416_154815
13-1022.00,"Wholesale and Retail Buyers, Except Farm Products",Trunk Strength,2.12,Abilities,13,123,two_level_random_sample,EXP_20260416_154815
13-1022.00,"Wholesale and Retail Buyers, Except Farm Products",Stamina,1.5,Abilities,13,123,two_level_random_sample,EXP_20260416_154815
13-1022.00,"Wholesale and Retail Buyers, Except Farm Products",Extent Flexibility,1.75,Abilities,13,123,two_level_random_sample,EXP_20260416_154815
13-1022.00,"Wholesale and Retail Buyers, Except Farm Products",Dynamic Flexibility,1.0,Abilities,13,123,two_level_random_sample,EXP_20260416_154815
13-1022.00,"Wholesale and Retail Buyers, Except Farm Products",Gross Body Coordination,1.25,Abilities,13,123,two_level_random_sample,EXP_20260416_154815
13-1022.00,"Wholesale and Retail Buyers, Except Farm Products",Gross Body Equilibrium,1.12,Abilities,13,123,two_level_random_sample,EXP_20260416_154815
13-1022.00,"Wholesale and Retail Buyers, Except Farm Products",Near Vision,3.12,Abilities,13,123,two_level_random_sample,EXP_20260416_154815
13-1022.00,"Wholesale and Retail Buyers, Except Farm Products",Far Vision,2.75,Abilities,13,123,two_level_random_sample,EXP_20260416_154815
13-1022.00,"Wholesale and Retail Buyers, Except Farm Products",Visual Color Discrimination,2.62,Abilities,13,123,two_level_random_sample,EXP_20260416_154815
13-1022.00,"Wholesale and Retail Buyers, Except Farm Products",Night Vision,1.0,Abilities,13,123,two_level_random_sample,EXP_20260416_154815
13-1022.00,"Wholesale and Retail Buyers, Except Farm Products",Peripheral Vision,1.0,Abilities,13,123,two_level_random_sample,EXP_20260416_154815
13-1022.00,"Wholesale and Retail Buyers, Except Farm Products",Depth Perception,1.62,Abilities,13,123,two_level_random_sample,EXP_20260416_154815
13-1022.00,"Wholesale and Retail Buyers, Except Farm Products",Glare Sensitivity,1.0,Abilities,13,123,two_level_random_sample,EXP_20260416_154815
13-1022.00,"Wholesale and Retail Buyers, Except Farm Products",Hearing Sensitivity,1.75,Abilities,13,123,two_level_random_sample,EXP_20260416_154815
13-1022.00,"Wholesale and Retail Buyers, Except Farm Products",Auditory Attention,1.75,Abilities,13,123,two_level_random_sample,EXP_20260416_154815
13-1022.00,"Wholesale and Retail Buyers, Except Farm Products",Sound Localization,1.0,Abilities,13,123,two_level_random_sample,EXP_20260416_154815
13-1022.00,"Wholesale and Retail Buyers, Except Farm Products",Speech Recognition,3.5,Abilities,13,123,two_level_random_sample,EXP_20260416_154815
13-1022.00,"Wholesale and Retail Buyers, Except Farm Products",Speech Clarity,3.62,Abilities,13,123,two_level_random_sample,EXP_20260416_154815
13-1023.00,"Purchasing Agents, Except Wholesale, Retail, and Farm Products",Oral Comprehension,4.0,Abilities,13,123,two_level_random_sample,EXP_20260416_154815
13-1023.00,"Purchasing Agents, Except Wholesale, Retail, and Farm Products",Written Comprehension,4.12,Abilities,13,123,two_level_random_sample,EXP_20260416_154815
13-1023.00,"Purchasing Agents, Except Wholesale, Retail, and Farm Products",Oral Expression,4.0,Abilities,13,123,two_level_random_sample,EXP_20260416_154815
13-1023.00,"Purchasing Agents, Except Wholesale, Retail, and Farm Products",Written Expression,4.0,Abilities,13,123,two_level_random_sample,EXP_20260416_154815
13-1023.00,"Purchasing Agents, Except Wholesale, Retail, and Farm Products",Fluency of Ideas,3.12,Abilities,13,123,two_level_random_sample,EXP_20260416_154815
13-1023.00,"Purchasing Agents, Except Wholesale, Retail, and Farm Products",Originality,3.0,Abilities,13,123,two_level_random_sample,EXP_20260416_154815
13-1023.00,"Purchasing Agents, Except Wholesale, Retail, and Farm Products",Problem Sensitivity,3.5,Abilities,13,123,two_level_random_sample,EXP_20260416_154815
13-1023.00,"Purchasing Agents, Except Wholesale, Retail, and Farm Products",Deductive Reasoning,3.88,Abilities,13,123,two_level_random_sample,EXP_20260416_154815
13-1023.00,"Purchasing Agents, Except Wholesale, Retail, and Farm Products",Inductive Reasoning,4.0,Abilities,13,123,two_level_random_sample,EXP_20260416_154815
13-1023.00,"Purchasing Agents, Except Wholesale, Retail, and Farm Products",Information Ordering,3.62,Abilities,13,123,two_level_random_sample,EXP_20260416_154815
13-1023.00,"Purchasing Agents, Except Wholesale, Retail, and Farm Products",Category Flexibility,3.38,Abilities,13,123,two_level_random_sample,EXP_20260416_154815
13-1023.00,"Purchasing Agents, Except Wholesale, Retail, and Farm Products",Mathematical Reasoning,3.0,Abilities,13,123,two_level_random_sample,EXP_20260416_154815
13-1023.00,"Purchasing Agents, Except Wholesale, Retail, and Farm Products",Number Facility,3.25,Abilities,13,123,two_level_random_sample,EXP_20260416_154815
13-1023.00,"Purchasing Agents, Except Wholesale, Retail, and Farm Products",Memorization,2.62,Abilities,13,123,two_level_random_sample,EXP_20260416_154815
13-1023.00,"Purchasing Agents, Except Wholesale, Retail, and Farm Products",Speed of Closure,2.5,Abilities,13,123,two_level_random_sample,EXP_20260416_154815
13-1023.00,"Purchasing Agents, Except Wholesale, Retail, and Farm Products",Flexibility of Closure,2.62,Abilities,13,123,two_level_random_sample,EXP_20260416_154815
13-1023.00,"Purchasing Agents, Except Wholesale, Retail, and Farm Products",Perceptual Speed,2.25,Abilities,13,123,two_level_random_sample,EXP_20260416_154815
13-1023.00,"Purchasing Agents, Except Wholesale, Retail, and Farm Products",Spatial Orientation,1.0,Abilities,13,123,two_level_random_sample,EXP_20260416_154815
13-1023.00,"Purchasing Agents, Except Wholesale, Retail, and Farm Products",Visualization,2.12,Abilities,13,123,two_level_random_sample,EXP_20260416_154815
13-1023.00,"Purchasing Agents, Except Wholesale, Retail, and Farm Products",Selective Attention,2.88,Abilities,13,123,two_level_random_sample,EXP_20260416_154815
13-1023.00,"Purchasing Agents, Except Wholesale, Retail, and Farm Products",Time Sharing,2.62,Abilities,13,123,two_level_random_sample,EXP_20260416_154815
13-1023.00,"Purchasing Agents, Except Wholesale, Retail, and Farm Products",Arm-Hand Steadiness,1.12,Abilities,13,123,two_level_random_sample,EXP_20260416_154815
13-1023.00,"Purchasing Agents, Except Wholesale, Retail, and Farm Products",Manual Dexterity,1.0,Abilities,13,123,two_level_random_sample,EXP_20260416_154815
13-1023.00,"Purchasing Agents, Except Wholesale, Retail, and Farm Products",Finger Dexterity,1.38,Abilities,13,123,two_level_random_sample,EXP_20260416_154815
13-1023.00,"Purchasing Agents, Except Wholesale, Retail, and Farm Products",Control Precision,1.0,Abilities,13,123,two_level_random_sample,EXP_20260416_154815
13-1023.00,"Purchasing Agents, Except Wholesale, Retail, and Farm Products",Multilimb Coordination,1.0,Abilities,13,123,two_level_random_sample,EXP_20260416_154815
13-1023.00,"Purchasing Agents, Except Wholesale, Retail, and Farm Products",Response Orientation,1.0,Abilities,13,123,two_level_random_sample,EXP_20260416_154815
13-1023.00,"Purchasing Agents, Except Wholesale, Retail, and Farm Products",Rate Control,1.0,Abilities,13,123,two_level_random_sample,EXP_20260416_154815
13-1023.00,"Purchasing Agents, Except Wholesale, Retail, and Farm Products",Reaction Time,1.0,Abilities,13,123,two_level_random_sample,EXP_20260416_154815
13-1023.00,"Purchasing Agents, Except Wholesale, Retail, and Farm Products",Wrist-Finger Speed,1.5,Abilities,13,123,two_level_random_sample,EXP_20260416_154815
13-1023.00,"Purchasing Agents, Except Wholesale, Retail, and Farm Products",Speed of Limb Movement,1.0,Abilities,13,123,two_level_random_sample,EXP_20260416_154815
13-1023.00,"Purchasing Agents, Except Wholesale, Retail, and Farm Products",Static Strength,1.0,Abilities,13,123,two_level_random_sample,EXP_20260416_154815
13-1023.00,"Purchasing Agents, Except Wholesale, Retail, and Farm Products",Explosive Strength,1.0,Abilities,13,123,two_level_random_sample,EXP_20260416_154815
13-1023.00,"Purchasing Agents, Except Wholesale, Retail, and Farm Products",Dynamic Strength,1.25,Abilities,13,123,two_level_random_sample,EXP_20260416_154815
13-1023.00,"Purchasing Agents, Except Wholesale, Retail, and Farm Products",Trunk Strength,1.88,Abilities,13,123,two_level_random_sample,EXP_20260416_154815
13-1023.00,"Purchasing Agents, Except Wholesale, Retail, and Farm Products",Stamina,1.0,Abilities,13,123,two_level_random_sample,EXP_20260416_154815
13-1023.00,"Purchasing Agents, Except Wholesale, Retail, and Farm Products",Extent Flexibility,1.0,Abilities,13,123,two_level_random_sample,EXP_20260416_154815
13-1023.00,"Purchasing Agents, Except Wholesale, Retail, and Farm Products",Dynamic Flexibility,1.0,Abilities,13,123,two_level_random_sample,EXP_20260416_154815
13-1023.00,"Purchasing Agents, Except Wholesale, Retail, and Farm Products",Gross Body Coordination,1.0,Abilities,13,123,two_level_random_sample,EXP_20260416_154815
13-1023.00,"Purchasing Agents, Except Wholesale, Retail, and Farm Products",Gross Body Equilibrium,1.0,Abilities,13,123,two_level_random_sample,EXP_20260416_154815
13-1023.00,"Purchasing Agents, Except Wholesale, Retail, and Farm Products",Near Vision,3.88,Abilities,13,123,two_level_random_sample,EXP_20260416_154815
13-1023.00,"Purchasing Agents, Except Wholesale, Retail, and Farm Products",Far Vision,2.25,Abilities,13,123,two_level_random_sample,EXP_20260416_154815
13-1023.00,"Purchasing Agents, Except Wholesale, Retail, and Farm Products",Visual Color Discrimination,2.12,Abilities,13,123,two_level_random_sample,EXP_20260416_154815
13-1023.00,"Purchasing Agents, Except Wholesale, Retail, and Farm Products",Night Vision,1.0,Abilities,13,123,two_level_random_sample,EXP_20260416_154815
13-1023.00,"Purchasing Agents, Except Wholesale, Retail, and Farm Products",Peripheral Vision,1.0,Abilities,13,123,two_level_random_sample,EXP_20260416_154815
13-1023.00,"Purchasing Agents, Except Wholesale, Retail, and Farm Products",Depth Perception,1.38,Abilities,13,123,two_level_random_sample,EXP_20260416_154815
13-1023.00,"Purchasing Agents, Except Wholesale, Retail, and Farm Products",Glare Sensitivity,1.0,Abilities,13,123,two_level_random_sample,EXP_20260416_154815
13-1023.00,"Purchasing Agents, Except Wholesale, Retail, and Farm Products",Hearing Sensitivity,1.75,Abilities,13,123,two_level_random_sample,EXP_20260416_154815
13-1023.00,"Purchasing Agents, Except Wholesale, Retail, and Farm Products",Auditory Attention,1.75,Abilities,13,123,two_level_random_sample,EXP_20260416_154815
13-1023.00,"Purchasing Agents, Except Wholesale, Retail, and Farm Products",Sound Localization,1.0,Abilities,13,123,two_level_random_sample,EXP_20260416_154815
13-1023.00,"Purchasing Agents, Except Wholesale, Retail, and Farm Products",Speech Recognition,3.75,Abilities,13,123,two_level_random_sample,EXP_20260416_154815
13-1023.00,"Purchasing Agents, Except Wholesale, Retail, and Farm Products",Speech Clarity,3.62,Abilities,13,123,two_level_random_sample,EXP_20260416_154815
13-1032.00,"Insurance Appraisers, Auto Damage",Oral Comprehension,4.0,Abilities,13,123,two_level_random_sample,EXP_20260416_154815
13-1032.00,"Insurance Appraisers, Auto Damage",Written Comprehension,3.75,Abilities,13,123,two_level_random_sample,EXP_20260416_154815
13-1032.00,"Insurance Appraisers, Auto Damage",Oral Expression,4.0,Abilities,13,123,two_level_random_sample,EXP_20260416_154815
13-1032.00,"Insurance Appraisers, Auto Damage",Written Expression,3.62,Abilities,13,123,two_level_random_sample,EXP_20260416_154815
13-1032.00,"Insurance Appraisers, Auto Damage",Fluency of Ideas,2.38,Abilities,13,123,two_level_random_sample,EXP_20260416_154815
13-1032.00,"Insurance Appraisers, Auto Damage",Originality,2.38,Abilities,13,123,two_level_random_sample,EXP_20260416_154815
13-1032.00,"Insurance Appraisers, Auto Damage",Problem Sensitivity,3.75,Abilities,13,123,two_level_random_sample,EXP_20260416_154815
13-1032.00,"Insurance Appraisers, Auto Damage",Deductive Reasoning,3.25,Abilities,13,123,two_level_random_sample,EXP_20260416_154815
13-1032.00,"Insurance Appraisers, Auto Damage",Inductive Reasoning,3.25,Abilities,13,123,two_level_random_sample,EXP_20260416_154815
13-1032.00,"Insurance Appraisers, Auto Damage",Information Ordering,3.12,Abilities,13,123,two_level_random_sample,EXP_20260416_154815
13-1032.00,"Insurance Appraisers, Auto Damage",Category Flexibility,3.12,Abilities,13,123,two_level_random_sample,EXP_20260416_154815
13-1032.00,"Insurance Appraisers, Auto Damage",Mathematical Reasoning,2.62,Abilities,13,123,two_level_random_sample,EXP_20260416_154815
13-1032.00,"Insurance Appraisers, Auto Damage",Number Facility,2.75,Abilities,13,123,two_level_random_sample,EXP_20260416_154815
13-1032.00,"Insurance Appraisers, Auto Damage",Memorization,2.0,Abilities,13,123,two_level_random_sample,EXP_20260416_154815
13-1032.00,"Insurance Appraisers, Auto Damage",Speed of Closure,2.25,Abilities,13,123,two_level_random_sample,EXP_20260416_154815
13-1032.00,"Insurance Appraisers, Auto Damage",Flexibility of Closure,2.88,Abilities,13,123,two_level_random_sample,EXP_20260416_154815
13-1032.00,"Insurance Appraisers, Auto Damage",Perceptual Speed,2.38,Abilities,13,123,two_level_random_sample,EXP_20260416_154815
13-1032.00,"Insurance Appraisers, Auto Damage",Spatial Orientation,2.12,Abilities,13,123,two_level_random_sample,EXP_20260416_154815
13-1032.00,"Insurance Appraisers, Auto Damage",Visualization,2.38,Abilities,13,123,two_level_random_sample,EXP_20260416_154815
13-1032.00,"Insurance Appraisers, Auto Damage",Selective Attention,3.12,Abilities,13,123,two_level_random_sample,EXP_20260416_154815
13-1032.00,"Insurance Appraisers, Auto Damage",Time Sharing,2.25,Abilities,13,123,two_level_random_sample,EXP_20260416_154815
13-1032.00,"Insurance Appraisers, Auto Damage",Arm-Hand Steadiness,2.5,Abilities,13,123,two_level_random_sample,EXP_20260416_154815
13-1032.00,"Insurance Appraisers, Auto Damage",Manual Dexterity,2.12,Abilities,13,123,two_level_random_sample,EXP_20260416_154815
13-1032.00,"Insurance Appraisers, Auto Damage",Finger Dexterity,2.12,Abilities,13,123,two_level_random_sample,EXP_20260416_154815
13-1032.00,"Insurance Appraisers, Auto Damage",Control Precision,2.12,Abilities,13,123,two_level_random_sample,EXP_20260416_154815
13-1032.00,"Insurance Appraisers, Auto Damage",Multilimb Coordination,2.0,Abilities,13,123,two_level_random_sample,EXP_20260416_154815
13-1032.00,"Insurance Appraisers, Auto Damage",Response Orientation,1.5,Abilities,13,123,two_level_random_sample,EXP_20260416_154815
13-1032.00,"Insurance Appraisers, Auto Damage",Rate Control,1.5,Abilities,13,123,two_level_random_sample,EXP_20260416_154815
13-1032.00,"Insurance Appraisers, Auto Damage",Reaction Time,1.5,Abilities,13,123,two_level_random_sample,EXP_20260416_154815
13-1032.00,"Insurance Appraisers, Auto Damage",Wrist-Finger Speed,1.25,Abilities,13,123,two_level_random_sample,EXP_20260416_154815
13-1032.00,"Insurance Appraisers, Auto Damage",Speed of Limb Movement,1.0,Abilities,13,123,two_level_random_sample,EXP_20260416_154815
13-1032.00,"Insurance Appraisers, Auto Damage",Static Strength,1.62,Abilities,13,123,two_level_random_sample,EXP_20260416_154815
13-1032.00,"Insurance Appraisers, Auto Damage",Explosive Strength,1.38,Abilities,13,123,two_level_random_sample,EXP_20260416_154815
13-1032.00,"Insurance Appraisers, Auto Damage",Dynamic Strength,1.5,Abilities,13,123,two_level_random_sample,EXP_20260416_154815
13-1032.00,"Insurance Appraisers, Auto Damage",Trunk Strength,1.88,Abilities,13,123,two_level_random_sample,EXP_20260416_154815
13-1032.00,"Insurance Appraisers, Auto Damage",Stamina,1.38,Abilities,13,123,two_level_random_sample,EXP_20260416_154815
13-1032.00,"Insurance Appraisers, Auto Damage",Extent Flexibility,1.75,Abilities,13,123,two_level_random_sample,EXP_20260416_154815
13-1032.00,"Insurance Appraisers, Auto Damage",Dynamic Flexibility,1.0,Abilities,13,123,two_level_random_sample,EXP_20260416_154815
13-1032.00,"Insurance Appraisers, Auto Damage",Gross Body Coordination,1.62,Abilities,13,123,two_level_random_sample,EXP_20260416_154815
13-1032.00,"Insurance Appraisers, Auto Damage",Gross Body Equilibrium,1.25,Abilities,13,123,two_level_random_sample,EXP_20260416_154815
13-1032.00,"Insurance Appraisers, Auto Damage",Near Vision,3.25,Abilities,13,123,two_level_random_sample,EXP_20260416_154815
13-1032.00,"Insurance Appraisers, Auto Damage",Far Vision,2.38,Abilities,13,123,two_level_random_sample,EXP_20260416_154815
13-1032.00,"Insurance Appraisers, Auto Damage",Visual Color Discrimination,2.25,Abilities,13,123,two_level_random_sample,EXP_20260416_154815
13-1032.00,"Insurance Appraisers, Auto Damage",Night Vision,1.75,Abilities,13,123,two_level_random_sample,EXP_20260416_154815
13-1032.00,"Insurance Appraisers, Auto Damage",Peripheral Vision,1.88,Abilities,13,123,two_level_random_sample,EXP_20260416_154815
13-1032.00,"Insurance Appraisers, Auto Damage",Depth Perception,2.38,Abilities,13,123,two_level_random_sample,EXP_20260416_154815
13-1032.00,"Insurance Appraisers, Auto Damage",Glare Sensitivity,2.0,Abilities,13,123,two_level_random_sample,EXP_20260416_154815
13-1032.00,"Insurance Appraisers, Auto Damage",Hearing Sensitivity,2.25,Abilities,13,123,two_level_random_sample,EXP_20260416_154815
13-1032.00,"Insurance Appraisers, Auto Damage",Auditory Attention,2.12,Abilities,13,123,two_level_random_sample,EXP_20260416_154815
13-1032.00,"Insurance Appraisers, Auto Damage",Sound Localization,1.62,Abilities,13,123,two_level_random_sample,EXP_20260416_154815
13-1032.00,"Insurance Appraisers, Auto Damage",Speech Recognition,3.5,Abilities,13,123,two_level_random_sample,EXP_20260416_154815
13-1032.00,"Insurance Appraisers, Auto Damage",Speech Clarity,3.5,Abilities,13,123,two_level_random_sample,EXP_20260416_154815
13-1041.00,Compliance Officers,Oral Comprehension,4.0,Abilities,13,123,two_level_random_sample,EXP_20260416_154815
13-1041.00,Compliance Officers,Written Comprehension,4.0,Abilities,13,123,two_level_random_sample,EXP_20260416_154815
13-1041.00,Compliance Officers,Oral Expression,4.0,Abilities,13,123,two_level_random_sample,EXP_20260416_154815
13-1041.00,Compliance Officers,Written Expression,4.0,Abilities,13,123,two_level_random_sample,EXP_20260416_154815
13-1041.00,Compliance Officers,Fluency of Ideas,3.0,Abilities,13,123,two_level_random_sample,EXP_20260416_154815
13-1041.00,Compliance Officers,Originality,2.88,Abilities,13,123,two_level_random_sample,EXP_20260416_154815
13-1041.00,Compliance Officers,Problem Sensitivity,3.75,Abilities,13,123,two_level_random_sample,EXP_20260416_154815
13-1041.00,Compliance Officers,Deductive Reasoning,3.88,Abilities,13,123,two_level_random_sample,EXP_20260416_154815
13-1041.00,Compliance Officers,Inductive Reasoning,3.5,Abilities,13,123,two_level_random_sample,EXP_20260416_154815
13-1041.00,Compliance Officers,Information Ordering,3.75,Abilities,13,123,two_level_random_sample,EXP_20260416_154815
13-1041.00,Compliance Officers,Category Flexibility,3.38,Abilities,13,123,two_level_random_sample,EXP_20260416_154815
13-1041.00,Compliance Officers,Mathematical Reasoning,2.12,Abilities,13,123,two_level_random_sample,EXP_20260416_154815
13-1041.00,Compliance Officers,Number Facility,2.25,Abilities,13,123,two_level_random_sample,EXP_20260416_154815
13-1041.00,Compliance Officers,Memorization,2.5,Abilities,13,123,two_level_random_sample,EXP_20260416_154815
13-1041.00,Compliance Officers,Speed of Closure,2.62,Abilities,13,123,two_level_random_sample,EXP_20260416_154815
13-1041.00,Compliance Officers,Flexibility of Closure,2.88,Abilities,13,123,two_level_random_sample,EXP_20260416_154815
13-1041.00,Compliance Officers,Perceptual Speed,2.75,Abilities,13,123,two_level_random_sample,EXP_20260416_154815
13-1041.00,Compliance Officers,Spatial Orientation,1.88,Abilities,13,123,two_level_random_sample,EXP_20260416_154815
13-1041.00,Compliance Officers,Visualization,2.5,Abilities,13,123,two_level_random_sample,EXP_20260416_154815
13-1041.00,Compliance Officers,Selective Attention,3.0,Abilities,13,123,two_level_random_sample,EXP_20260416_154815
13-1041.00,Compliance Officers,Time Sharing,2.62,Abilities,13,123,two_level_random_sample,EXP_20260416_154815
13-1041.00,Compliance Officers,Arm-Hand Steadiness,1.62,Abilities,13,123,two_level_random_sample,EXP_20260416_154815
13-1041.00,Compliance Officers,Manual Dexterity,1.62,Abilities,13,123,two_level_random_sample,EXP_20260416_154815
13-1041.00,Compliance Officers,Finger Dexterity,1.75,Abilities,13,123,two_level_random_sample,EXP_20260416_154815
13-1041.00,Compliance Officers,Control Precision,1.62,Abilities,13,123,two_level_random_sample,EXP_20260416_154815
13-1041.00,Compliance Officers,Multilimb Coordination,1.88,Abilities,13,123,two_level_random_sample,EXP_20260416_154815
13-1041.00,Compliance Officers,Response Orientation,1.75,Abilities,13,123,two_level_random_sample,EXP_20260416_154815
13-1041.00,Compliance Officers,Rate Control,1.75,Abilities,13,123,two_level_random_sample,EXP_20260416_154815
13-1041.00,Compliance Officers,Reaction Time,1.75,Abilities,13,123,two_level_random_sample,EXP_20260416_154815
13-1041.00,Compliance Officers,Wrist-Finger Speed,1.88,Abilities,13,123,two_level_random_sample,EXP_20260416_154815
13-1041.00,Compliance Officers,Speed of Limb Movement,1.0,Abilities,13,123,two_level_random_sample,EXP_20260416_154815
13-1041.00,Compliance Officers,Static Strength,1.62,Abilities,13,123,two_level_random_sample,EXP_20260416_154815
13-1041.00,Compliance Officers,Explosive Strength,1.62,Abilities,13,123,two_level_random_sample,EXP_20260416_154815
13-1041.00,Compliance Officers,Dynamic Strength,1.62,Abilities,13,123,two_level_random_sample,EXP_20260416_154815
13-1041.00,Compliance Officers,Trunk Strength,2.12,Abilities,13,123,two_level_random_sample,EXP_20260416_154815
13-1041.00,Compliance Officers,Stamina,1.75,Abilities,13,123,two_level_random_sample,EXP_20260416_154815
13-1041.00,Compliance Officers,Extent Flexibility,1.88,Abilities,13,123,two_level_random_sample,EXP_20260416_154815
13-1041.00,Compliance Officers,Dynamic Flexibility,1.0,Abilities,13,123,two_level_random_sample,EXP_20260416_154815
13-1041.00,Compliance Officers,Gross Body Coordination,1.75,Abilities,13,123,two_level_random_sample,EXP_20260416_154815
13-1041.00,Compliance Officers,Gross Body Equilibrium,1.75,Abilities,13,123,two_level_random_sample,EXP_20260416_154815
13-1041.00,Compliance Officers,Near Vision,3.5,Abilities,13,123,two_level_random_sample,EXP_20260416_154815
13-1041.00,Compliance Officers,Far Vision,2.88,Abilities,13,123,two_level_random_sample,EXP_20260416_154815
13-1041.00,Compliance Officers,Visual Color Discrimination,2.62,Abilities,13,123,two_level_random_sample,EXP_20260416_154815
13-1041.00,Compliance Officers,Night Vision,1.62,Abilities,13,123,two_level_random_sample,EXP_20260416_154815
13-1041.00,Compliance Officers,Peripheral Vision,1.75,Abilities,13,123,two_level_random_sample,EXP_20260416_154815
13-1041.00,Compliance Officers,Depth Perception,2.0,Abilities,13,123,two_level_random_sample,EXP_20260416_154815
13-1041.00,Compliance Officers,Glare Sensitivity,1.88,Abilities,13,123,two_level_random_sample,EXP_20260416_154815
13-1041.00,Compliance Officers,Hearing Sensitivity,2.5,Abilities,13,123,two_level_random_sample,EXP_20260416_154815
13-1041.00,Compliance Officers,Auditory Attention,2.25,Abilities,13,123,two_level_random_sample,EXP_20260416_154815
13-1041.00,Compliance Officers,Sound Localization,1.62,Abilities,13,123,two_level_random_sample,EXP_20260416_154815
13-1041.00,Compliance Officers,Speech Recognition,3.5,Abilities,13,123,two_level_random_sample,EXP_20260416_154815
13-1041.00,Compliance Officers,Speech Clarity,3.5,Abilities,13,123,two_level_random_sample,EXP_20260416_154815
13-1081.02,Logistics Analysts,Oral Comprehension,4.0,Abilities,13,123,two_level_random_sample,EXP_20260416_154815
13-1081.02,Logistics Analysts,Written Comprehension,3.88,Abilities,13,123,two_level_random_sample,EXP_20260416_154815
13-1081.02,Logistics Analysts,Oral Expression,4.0,Abilities,13,123,two_level_random_sample,EXP_20260416_154815
13-1081.02,Logistics Analysts,Written Expression,3.25,Abilities,13,123,two_level_random_sample,EXP_20260416_154815
13-1081.02,Logistics Analysts,Fluency of Ideas,3.12,Abilities,13,123,two_level_random_sample,EXP_20260416_154815
13-1081.02,Logistics Analysts,Originality,3.12,Abilities,13,123,two_level_random_sample,EXP_20260416_154815
13-1081.02,Logistics Analysts,Problem Sensitivity,3.62,Abilities,13,123,two_level_random_sample,EXP_20260416_154815
13-1081.02,Logistics Analysts,Deductive Reasoning,3.75,Abilities,13,123,two_level_random_sample,EXP_20260416_154815
13-1081.02,Logistics Analysts,Inductive Reasoning,3.75,Abilities,13,123,two_level_random_sample,EXP_20260416_154815
13-1081.02,Logistics Analysts,Information Ordering,3.75,Abilities,13,123,two_level_random_sample,EXP_20260416_154815
13-1081.02,Logistics Analysts,Category Flexibility,3.25,Abilities,13,123,two_level_random_sample,EXP_20260416_154815
13-1081.02,Logistics Analysts,Mathematical Reasoning,3.62,Abilities,13,123,two_level_random_sample,EXP_20260416_154815
13-1081.02,Logistics Analysts,Number Facility,3.25,Abilities,13,123,two_level_random_sample,EXP_20260416_154815
13-1081.02,Logistics Analysts,Memorization,2.75,Abilities,13,123,two_level_random_sample,EXP_20260416_154815
13-1081.02,Logistics Analysts,Speed of Closure,2.75,Abilities,13,123,two_level_random_sample,EXP_20260416_154815
13-1081.02,Logistics Analysts,Flexibility of Closure,3.25,Abilities,13,123,two_level_random_sample,EXP_20260416_154815
13-1081.02,Logistics Analysts,Perceptual Speed,3.12,Abilities,13,123,two_level_random_sample,EXP_20260416_154815
13-1081.02,Logistics Analysts,Spatial Orientation,1.0,Abilities,13,123,two_level_random_sample,EXP_20260416_154815
13-1081.02,Logistics Analysts,Visualization,2.75,Abilities,13,123,two_level_random_sample,EXP_20260416_154815
13-1081.02,Logistics Analysts,Selective Attention,3.25,Abilities,13,123,two_level_random_sample,EXP_20260416_154815
13-1081.02,Logistics Analysts,Time Sharing,2.75,Abilities,13,123,two_level_random_sample,EXP_20260416_154815
13-1081.02,Logistics Analysts,Arm-Hand Steadiness,1.5,Abilities,13,123,two_level_random_sample,EXP_20260416_154815
13-1081.02,Logistics Analysts,Manual Dexterity,1.5,Abilities,13,123,two_level_random_sample,EXP_20260416_154815
13-1081.02,Logistics Analysts,Finger Dexterity,2.0,Abilities,13,123,two_level_random_sample,EXP_20260416_154815
13-1081.02,Logistics Analysts,Control Precision,1.62,Abilities,13,123,two_level_random_sample,EXP_20260416_154815
13-1081.02,Logistics Analysts,Multilimb Coordination,1.0,Abilities,13,123,two_level_random_sample,EXP_20260416_154815
13-1081.02,Logistics Analysts,Response Orientation,1.0,Abilities,13,123,two_level_random_sample,EXP_20260416_154815
13-1081.02,Logistics Analysts,Rate Control,1.0,Abilities,13,123,two_level_random_sample,EXP_20260416_154815
13-1081.02,Logistics Analysts,Reaction Time,1.0,Abilities,13,123,two_level_random_sample,EXP_20260416_154815
13-1081.02,Logistics Analysts,Wrist-Finger Speed,1.25,Abilities,13,123,two_level_random_sample,EXP_20260416_154815
13-1081.02,Logistics Analysts,Speed of Limb Movement,1.0,Abilities,13,123,two_level_random_sample,EXP_20260416_154815
13-1081.02,Logistics Analysts,Static Strength,1.0,Abilities,13,123,two_level_random_sample,EXP_20260416_154815
13-1081.02,Logistics Analysts,Explosive Strength,1.0,Abilities,13,123,two_level_random_sample,EXP_20260416_154815
13-1081.02,Logistics Analysts,Dynamic Strength,1.12,Abilities,13,123,two_level_random_sample,EXP_20260416_154815
13-1081.02,Logistics Analysts,Trunk Strength,1.5,Abilities,13,123,two_level_random_sample,EXP_20260416_154815
13-1081.02,Logistics Analysts,Stamina,1.0,Abilities,13,123,two_level_random_sample,EXP_20260416_154815
13-1081.02,Logistics Analysts,Extent Flexibility,1.0,Abilities,13,123,two_level_random_sample,EXP_20260416_154815
13-1081.02,Logistics Analysts,Dynamic Flexibility,1.0,Abilities,13,123,two_level_random_sample,EXP_20260416_154815
13-1081.02,Logistics Analysts,Gross Body Coordination,1.0,Abilities,13,123,two_level_random_sample,EXP_20260416_154815
13-1081.02,Logistics Analysts,Gross Body Equilibrium,1.0,Abilities,13,123,two_level_random_sample,EXP_20260416_154815
13-1081.02,Logistics Analysts,Near Vision,3.88,Abilities,13,123,two_level_random_sample,EXP_20260416_154815
13-1081.02,Logistics Analysts,Far Vision,2.88,Abilities,13,123,two_level_random_sample,EXP_20260416_154815
13-1081.02,Logistics Analysts,Visual Color Discrimination,2.0,Abilities,13,123,two_level_random_sample,EXP_20260416_154815
13-1081.02,Logistics Analysts,Night Vision,1.0,Abilities,13,123,two_level_random_sample,EXP_20260416_154815
13-1081.02,Logistics Analysts,Peripheral Vision,1.0,Abilities,13,123,two_level_random_sample,EXP_20260416_154815
13-1081.02,Logistics Analysts,Depth Perception,1.88,Abilities,13,123,two_level_random_sample,EXP_20260416_154815
13-1081.02,Logistics Analysts,Glare Sensitivity,1.0,Abilities,13,123,two_level_random_sample,EXP_20260416_154815
13-1081.02,Logistics Analysts,Hearing Sensitivity,1.88,Abilities,13,123,two_level_random_sample,EXP_20260416_154815
13-1081.02,Logistics Analysts,Auditory Attention,2.0,Abilities,13,123,two_level_random_sample,EXP_20260416_154815
13-1081.02,Logistics Analysts,Sound Localization,1.0,Abilities,13,123,two_level_random_sample,EXP_20260416_154815
13-1081.02,Logistics Analysts,Speech Recognition,3.75,Abilities,13,123,two_level_random_sample,EXP_20260416_154815
13-1081.02,Logistics Analysts,Speech Clarity,3.5,Abilities,13,123,two_level_random_sample,EXP_20260416_154815
13-1161.01,Search Marketing Strategists,Oral Comprehension,4.0,Abilities,13,123,two_level_random_sample,EXP_20260416_154815
13-1161.01,Search Marketing Strategists,Written Comprehension,4.0,Abilities,13,123,two_level_random_sample,EXP_20260416_154815
13-1161.01,Search Marketing Strategists,Oral Expression,4.0,Abilities,13,123,two_level_random_sample,EXP_20260416_154815
13-1161.01,Search Marketing Strategists,Written Expression,3.88,Abilities,13,123,two_level_random_sample,EXP_20260416_154815
13-1161.01,Search Marketing Strategists,Fluency of Ideas,3.88,Abilities,13,123,two_level_random_sample,EXP_20260416_154815
13-1161.01,Search Marketing Strategists,Originality,3.25,Abilities,13,123,two_level_random_sample,EXP_20260416_154815
13-1161.01,Search Marketing Strategists,Problem Sensitivity,3.88,Abilities,13,123,two_level_random_sample,EXP_20260416_154815
13-1161.01,Search Marketing Strategists,Deductive Reasoning,3.88,Abilities,13,123,two_level_random_sample,EXP_20260416_154815
13-1161.01,Search Marketing Strategists,Inductive Reasoning,3.75,Abilities,13,123,two_level_random_sample,EXP_20260416_154815
13-1161.01,Search Marketing Strategists,Information Ordering,3.75,Abilities,13,123,two_level_random_sample,EXP_20260416_154815
13-1161.01,Search Marketing Strategists,Category Flexibility,3.5,Abilities,13,123,two_level_random_sample,EXP_20260416_154815
13-1161.01,Search Marketing Strategists,Mathematical Reasoning,2.75,Abilities,13,123,two_level_random_sample,EXP_20260416_154815
13-1161.01,Search Marketing Strategists,Number Facility,2.75,Abilities,13,123,two_level_random_sample,EXP_20260416_154815
13-1161.01,Search Marketing Strategists,Memorization,2.5,Abilities,13,123,two_level_random_sample,EXP_20260416_154815
13-1161.01,Search Marketing Strategists,Speed of Closure,2.75,Abilities,13,123,two_level_random_sample,EXP_20260416_154815
13-1161.01,Search Marketing Strategists,Flexibility of Closure,3.12,Abilities,13,123,two_level_random_sample,EXP_20260416_154815
13-1161.01,Search Marketing Strategists,Perceptual Speed,2.38,Abilities,13,123,two_level_random_sample,EXP_20260416_154815
13-1161.01,Search Marketing Strategists,Spatial Orientation,1.0,Abilities,13,123,two_level_random_sample,EXP_20260416_154815
13-1161.01,Search Marketing Strategists,Visualization,2.12,Abilities,13,123,two_level_random_sample,EXP_20260416_154815
13-1161.01,Search Marketing Strategists,Selective Attention,3.0,Abilities,13,123,two_level_random_sample,EXP_20260416_154815
13-1161.01,Search Marketing Strategists,Time Sharing,2.62,Abilities,13,123,two_level_random_sample,EXP_20260416_154815
13-1161.01,Search Marketing Strategists,Arm-Hand Steadiness,1.38,Abilities,13,123,two_level_random_sample,EXP_20260416_154815
13-1161.01,Search Marketing Strategists,Manual Dexterity,1.38,Abilities,13,123,two_level_random_sample,EXP_20260416_154815
13-1161.01,Search Marketing Strategists,Finger Dexterity,1.62,Abilities,13,123,two_level_random_sample,EXP_20260416_154815
13-1161.01,Search Marketing Strategists,Control Precision,1.38,Abilities,13,123,two_level_random_sample,EXP_20260416_154815
13-1161.01,Search Marketing Strategists,Multilimb Coordination,1.0,Abilities,13,123,two_level_random_sample,EXP_20260416_154815
13-1161.01,Search Marketing Strategists,Response Orientation,1.0,Abilities,13,123,two_level_random_sample,EXP_20260416_154815
13-1161.01,Search Marketing Strategists,Rate Control,1.0,Abilities,13,123,two_level_random_sample,EXP_20260416_154815
13-1161.01,Search Marketing Strategists,Reaction Time,1.0,Abilities,13,123,two_level_random_sample,EXP_20260416_154815
13-1161.01,Search Marketing Strategists,Wrist-Finger Speed,1.25,Abilities,13,123,two_level_random_sample,EXP_20260416_154815
13-1161.01,Search Marketing Strategists,Speed of Limb Movement,1.0,Abilities,13,123,two_level_random_sample,EXP_20260416_154815
13-1161.01,Search Marketing Strategists,Static Strength,1.0,Abilities,13,123,two_level_random_sample,EXP_20260416_154815
13-1161.01,Search Marketing Strategists,Explosive Strength,1.0,Abilities,13,123,two_level_random_sample,EXP_20260416_154815
13-1161.01,Search Marketing Strategists,Dynamic Strength,1.0,Abilities,13,123,two_level_random_sample,EXP_20260416_154815
13-1161.01,Search Marketing Strategists,Trunk Strength,1.38,Abilities,13,123,two_level_random_sample,EXP_20260416_154815
13-1161.01,Search Marketing Strategists,Stamina,1.0,Abilities,13,123,two_level_random_sample,EXP_20260416_154815
13-1161.01,Search Marketing Strategists,Extent Flexibility,1.0,Abilities,13,123,two_level_random_sample,EXP_20260416_154815
13-1161.01,Search Marketing Strategists,Dynamic Flexibility,1.0,Abilities,13,123,two_level_random_sample,EXP_20260416_154815
13-1161.01,Search Marketing Strategists,Gross Body Coordination,1.0,Abilities,13,123,two_level_random_sample,EXP_20260416_154815
13-1161.01,Search Marketing Strategists,Gross Body Equilibrium,1.0,Abilities,13,123,two_level_random_sample,EXP_20260416_154815
13-1161.01,Search Marketing Strategists,Near Vision,3.12,Abilities,13,123,two_level_random_sample,EXP_20260416_154815
13-1161.01,Search Marketing Strategists,Far Vision,2.62,Abilities,13,123,two_level_random_sample,EXP_20260416_154815
13-1161.01,Search Marketing Strategists,Visual Color Discrimination,2.0,Abilities,13,123,two_level_random_sample,EXP_20260416_154815
13-1161.01,Search Marketing Strategists,Night Vision,1.0,Abilities,13,123,two_level_random_sample,EXP_20260416_154815
13-1161.01,Search Marketing Strategists,Peripheral Vision,1.0,Abilities,13,123,two_level_random_sample,EXP_20260416_154815
13-1161.01,Search Marketing Strategists,Depth Perception,1.12,Abilities,13,123,two_level_random_sample,EXP_20260416_154815
13-1161.01,Search Marketing Strategists,Glare Sensitivity,1.0,Abilities,13,123,two_level_random_sample,EXP_20260416_154815
13-1161.01,Search Marketing Strategists,Hearing Sensitivity,1.88,Abilities,13,123,two_level_random_sample,EXP_20260416_154815
13-1161.01,Search Marketing Strategists,Auditory Attention,1.75,Abilities,13,123,two_level_random_sample,EXP_20260416_154815
13-1161.01,Search Marketing Strategists,Sound Localization,1.0,Abilities,13,123,two_level_random_sample,EXP_20260416_154815
13-1161.01,Search Marketing Strategists,Speech Recognition,3.75,Abilities,13,123,two_level_random_sample,EXP_20260416_154815
13-1161.01,Search Marketing Strategists,Speech Clarity,3.75,Abilities,13,123,two_level_random_sample,EXP_20260416_154815
13-1199.06,Online Merchants,Oral Comprehension,3.38,Abilities,13,123,two_level_random_sample,EXP_20260416_154815
13-1199.06,Online Merchants,Written Comprehension,3.75,Abilities,13,123,two_level_random_sample,EXP_20260416_154815
13-1199.06,Online Merchants,Oral Expression,3.5,Abilities,13,123,two_level_random_sample,EXP_20260416_154815
13-1199.06,Online Merchants,Written Expression,3.5,Abilities,13,123,two_level_random_sample,EXP_20260416_154815
13-1199.06,Online Merchants,Fluency of Ideas,3.0,Abilities,13,123,two_level_random_sample,EXP_20260416_154815
13-1199.06,Online Merchants,Originality,2.75,Abilities,13,123,two_level_random_sample,EXP_20260416_154815
13-1199.06,Online Merchants,Problem Sensitivity,3.5,Abilities,13,123,two_level_random_sample,EXP_20260416_154815
13-1199.06,Online Merchants,Deductive Reasoning,3.38,Abilities,13,123,two_level_random_sample,EXP_20260416_154815
13-1199.06,Online Merchants,Inductive Reasoning,3.25,Abilities,13,123,two_level_random_sample,EXP_20260416_154815
13-1199.06,Online Merchants,Information Ordering,3.12,Abilities,13,123,two_level_random_sample,EXP_20260416_154815
13-1199.06,Online Merchants,Category Flexibility,3.0,Abilities,13,123,two_level_random_sample,EXP_20260416_154815
13-1199.06,Online Merchants,Mathematical Reasoning,3.0,Abilities,13,123,two_level_random_sample,EXP_20260416_154815
13-1199.06,Online Merchants,Number Facility,3.0,Abilities,13,123,two_level_random_sample,EXP_20260416_154815
13-1199.06,Online Merchants,Memorization,2.25,Abilities,13,123,two_level_random_sample,EXP_20260416_154815
13-1199.06,Online Merchants,Speed of Closure,2.12,Abilities,13,123,two_level_random_sample,EXP_20260416_154815
13-1199.06,Online Merchants,Flexibility of Closure,2.25,Abilities,13,123,two_level_random_sample,EXP_20260416_154815
13-1199.06,Online Merchants,Perceptual Speed,2.25,Abilities,13,123,two_level_random_sample,EXP_20260416_154815
13-1199.06,Online Merchants,Spatial Orientation,1.12,Abilities,13,123,two_level_random_sample,EXP_20260416_154815
13-1199.06,Online Merchants,Visualization,2.5,Abilities,13,123,two_level_random_sample,EXP_20260416_154815
13-1199.06,Online Merchants,Selective Attention,2.62,Abilities,13,123,two_level_random_sample,EXP_20260416_154815
13-1199.06,Online Merchants,Time Sharing,2.12,Abilities,13,123,two_level_random_sample,EXP_20260416_154815
13-1199.06,Online Merchants,Arm-Hand Steadiness,1.12,Abilities,13,123,two_level_random_sample,EXP_20260416_154815
13-1199.06,Online Merchants,Manual Dexterity,1.38,Abilities,13,123,two_level_random_sample,EXP_20260416_154815
13-1199.06,Online Merchants,Finger Dexterity,2.38,Abilities,13,123,two_level_random_sample,EXP_20260416_154815
13-1199.06,Online Merchants,Control Precision,1.0,Abilities,13,123,two_level_random_sample,EXP_20260416_154815
13-1199.06,Online Merchants,Multilimb Coordination,1.12,Abilities,13,123,two_level_random_sample,EXP_20260416_154815
13-1199.06,Online Merchants,Response Orientation,1.0,Abilities,13,123,two_level_random_sample,EXP_20260416_154815
13-1199.06,Online Merchants,Rate Control,1.0,Abilities,13,123,two_level_random_sample,EXP_20260416_154815
13-1199.06,Online Merchants,Reaction Time,1.0,Abilities,13,123,two_level_random_sample,EXP_20260416_154815
13-1199.06,Online Merchants,Wrist-Finger Speed,1.25,Abilities,13,123,two_level_random_sample,EXP_20260416_154815
13-1199.06,Online Merchants,Speed of Limb Movement,1.0,Abilities,13,123,two_level_random_sample,EXP_20260416_154815
13-1199.06,Online Merchants,Static Strength,1.25,Abilities,13,123,two_level_random_sample,EXP_20260416_154815
13-1199.06,Online Merchants,Explosive Strength,1.0,Abilities,13,123,two_level_random_sample,EXP_20260416_154815
13-1199.06,Online Merchants,Dynamic Strength,1.0,Abilities,13,123,two_level_random_sample,EXP_20260416_154815
13-1199.06,Online Merchants,Trunk Strength,1.38,Abilities,13,123,two_level_random_sample,EXP_20260416_154815
13-1199.06,Online Merchants,Stamina,1.0,Abilities,13,123,two_level_random_sample,EXP_20260416_154815
13-1199.06,Online Merchants,Extent Flexibility,1.12,Abilities,13,123,two_level_random_sample,EXP_20260416_154815
13-1199.06,Online Merchants,Dynamic Flexibility,1.12,Abilities,13,123,two_level_random_sample,EXP_20260416_154815
13-1199.06,Online Merchants,Gross Body Coordination,1.0,Abilities,13,123,two_level_random_sample,EXP_20260416_154815
13-1199.06,Online Merchants,Gross Body Equilibrium,1.0,Abilities,13,123,two_level_random_sample,EXP_20260416_154815
13-1199.06,Online Merchants,Near Vision,3.38,Abilities,13,123,two_level_random_sample,EXP_20260416_154815
13-1199.06,Online Merchants,Far Vision,2.25,Abilities,13,123,two_level_random_sample,EXP_20260416_154815
13-1199.06,Online Merchants,Visual Color Discrimination,2.12,Abilities,13,123,two_level_random_sample,EXP_20260416_154815
13-1199.06,Online Merchants,Night Vision,1.0,Abilities,13,123,two_level_random_sample,EXP_20260416_154815
13-1199.06,Online Merchants,Peripheral Vision,1.0,Abilities,13,123,two_level_random_sample,EXP_20260416_154815
13-1199.06,Online Merchants,Depth Perception,1.62,Abilities,13,123,two_level_random_sample,EXP_20260416_154815
13-1199.06,Online Merchants,Glare Sensitivity,1.0,Abilities,13,123,two_level_random_sample,EXP_20260416_154815
13-1199.06,Online Merchants,Hearing Sensitivity,1.88,Abilities,13,123,two_level_random_sample,EXP_20260416_154815
13-1199.06,Online Merchants,Auditory Attention,1.62,Abilities,13,123,two_level_random_sample,EXP_20260416_154815
13-1199.06,Online Merchants,Sound Localization,1.0,Abilities,13,123,two_level_random_sample,EXP_20260416_154815
13-1199.06,Online Merchants,Speech Recognition,3.38,Abilities,13,123,two_level_random_sample,EXP_20260416_154815
13-1199.06,Online Merchants,Speech Clarity,3.38,Abilities,13,123,two_level_random_sample,EXP_20260416_154815
13-2099.01,Financial Quantitative Analysts,Oral Comprehension,3.88,Abilities,13,123,two_level_random_sample,EXP_20260416_154815
13-2099.01,Financial Quantitative Analysts,Written Comprehension,4.0,Abilities,13,123,two_level_random_sample,EXP_20260416_154815
13-2099.01,Financial Quantitative Analysts,Oral Expression,3.75,Abilities,13,123,two_level_random_sample,EXP_20260416_154815
13-2099.01,Financial Quantitative Analysts,Written Expression,3.88,Abilities,13,123,two_level_random_sample,EXP_20260416_154815
13-2099.01,Financial Quantitative Analysts,Fluency of Ideas,3.62,Abilities,13,123,two_level_random_sample,EXP_20260416_154815
13-2099.01,Financial Quantitative Analysts,Originality,3.12,Abilities,13,123,two_level_random_sample,EXP_20260416_154815
13-2099.01,Financial Quantitative Analysts,Problem Sensitivity,3.75,Abilities,13,123,two_level_random_sample,EXP_20260416_154815
13-2099.01,Financial Quantitative Analysts,Deductive Reasoning,3.88,Abilities,13,123,two_level_random_sample,EXP_20260416_154815
13-2099.01,Financial Quantitative Analysts,Inductive Reasoning,3.75,Abilities,13,123,two_level_random_sample,EXP_20260416_154815
13-2099.01,Financial Quantitative Analysts,Information Ordering,3.75,Abilities,13,123,two_level_random_sample,EXP_20260416_154815
13-2099.01,Financial Quantitative Analysts,Category Flexibility,3.25,Abilities,13,123,two_level_random_sample,EXP_20260416_154815
13-2099.01,Financial Quantitative Analysts,Mathematical Reasoning,4.38,Abilities,13,123,two_level_random_sample,EXP_20260416_154815
13-2099.01,Financial Quantitative Analysts,Number Facility,3.88,Abilities,13,123,two_level_random_sample,EXP_20260416_154815
13-2099.01,Financial Quantitative Analysts,Memorization,2.38,Abilities,13,123,two_level_random_sample,EXP_20260416_154815
13-2099.01,Financial Quantitative Analysts,Speed of Closure,2.62,Abilities,13,123,two_level_random_sample,EXP_20260416_154815
13-2099.01,Financial Quantitative Analysts,Flexibility of Closure,2.88,Abilities,13,123,two_level_random_sample,EXP_20260416_154815
13-2099.01,Financial Quantitative Analysts,Perceptual Speed,2.5,Abilities,13,123,two_level_random_sample,EXP_20260416_154815
13-2099.01,Financial Quantitative Analysts,Spatial Orientation,1.0,Abilities,13,123,two_level_random_sample,EXP_20260416_154815
13-2099.01,Financial Quantitative Analysts,Visualization,2.0,Abilities,13,123,two_level_random_sample,EXP_20260416_154815
13-2099.01,Financial Quantitative Analysts,Selective Attention,3.12,Abilities,13,123,two_level_random_sample,EXP_20260416_154815
13-2099.01,Financial Quantitative Analysts,Time Sharing,2.12,Abilities,13,123,two_level_random_sample,EXP_20260416_154815
13-2099.01,Financial Quantitative Analysts,Arm-Hand Steadiness,1.5,Abilities,13,123,two_level_random_sample,EXP_20260416_154815
13-2099.01,Financial Quantitative Analysts,Manual Dexterity,1.5,Abilities,13,123,two_level_random_sample,EXP_20260416_154815
13-2099.01,Financial Quantitative Analysts,Finger Dexterity,1.62,Abilities,13,123,two_level_random_sample,EXP_20260416_154815
13-2099.01,Financial Quantitative Analysts,Control Precision,1.62,Abilities,13,123,two_level_random_sample,EXP_20260416_154815
13-2099.01,Financial Quantitative Analysts,Multilimb Coordination,1.0,Abilities,13,123,two_level_random_sample,EXP_20260416_154815
13-2099.01,Financial Quantitative Analysts,Response Orientation,1.0,Abilities,13,123,two_level_random_sample,EXP_20260416_154815
13-2099.01,Financial Quantitative Analysts,Rate Control,1.0,Abilities,13,123,two_level_random_sample,EXP_20260416_154815
13-2099.01,Financial Quantitative Analysts,Reaction Time,1.0,Abilities,13,123,two_level_random_sample,EXP_20260416_154815
13-2099.01,Financial Quantitative Analysts,Wrist-Finger Speed,1.88,Abilities,13,123,two_level_random_sample,EXP_20260416_154815
13-2099.01,Financial Quantitative Analysts,Speed of Limb Movement,1.0,Abilities,13,123,two_level_random_sample,EXP_20260416_154815
13-2099.01,Financial Quantitative Analysts,Static Strength,1.0,Abilities,13,123,two_level_random_sample,EXP_20260416_154815
13-2099.01,Financial Quantitative Analysts,Explosive Strength,1.0,Abilities,13,123,two_level_random_sample,EXP_20260416_154815
13-2099.01,Financial Quantitative Analysts,Dynamic Strength,1.25,Abilities,13,123,two_level_random_sample,EXP_20260416_154815
13-2099.01,Financial Quantitative Analysts,Trunk Strength,2.0,Abilities,13,123,two_level_random_sample,EXP_20260416_154815
13-2099.01,Financial Quantitative Analysts,Stamina,1.0,Abilities,13,123,two_level_random_sample,EXP_20260416_154815
13-2099.01,Financial Quantitative Analysts,Extent Flexibility,1.0,Abilities,13,123,two_level_random_sample,EXP_20260416_154815
13-2099.01,Financial Quantitative Analysts,Dynamic Flexibility,1.0,Abilities,13,123,two_level_random_sample,EXP_20260416_154815
13-2099.01,Financial Quantitative Analysts,Gross Body Coordination,1.0,Abilities,13,123,two_level_random_sample,EXP_20260416_154815
13-2099.01,Financial Quantitative Analysts,Gross Body Equilibrium,1.0,Abilities,13,123,two_level_random_sample,EXP_20260416_154815
13-2099.01,Financial Quantitative Analysts,Near Vision,3.38,Abilities,13,123,two_level_random_sample,EXP_20260416_154815
13-2099.01,Financial Quantitative Analysts,Far Vision,2.25,Abilities,13,123,two_level_random_sample,EXP_20260416_154815
13-2099.01,Financial Quantitative Analysts,Visual Color Discrimination,2.0,Abilities,13,123,two_level_random_sample,EXP_20260416_154815
13-2099.01,Financial Quantitative Analysts,Night Vision,1.0,Abilities,13,123,two_level_random_sample,EXP_20260416_154815
13-2099.01,Financial Quantitative Analysts,Peripheral Vision,1.0,Abilities,13,123,two_level_random_sample,EXP_20260416_154815
13-2099.01,Financial Quantitative Analysts,Depth Perception,1.62,Abilities,13,123,two_level_random_sample,EXP_20260416_154815
13-2099.01,Financial Quantitative Analysts,Glare Sensitivity,1.0,Abilities,13,123,two_level_random_sample,EXP_20260416_154815
13-2099.01,Financial Quantitative Analysts,Hearing Sensitivity,2.0,Abilities,13,123,two_level_random_sample,EXP_20260416_154815
13-2099.01,Financial Quantitative Analysts,Auditory Attention,2.0,Abilities,13,123,two_level_random_sample,EXP_20260416_154815
13-2099.01,Financial Quantitative Analysts,Sound Localization,1.0,Abilities,13,123,two_level_random_sample,EXP_20260416_154815
13-2099.01,Financial Quantitative Analysts,Speech Recognition,3.5,Abilities,13,123,two_level_random_sample,EXP_20260416_154815
13-2099.01,Financial Quantitative Analysts,Speech Clarity,3.5,Abilities,13,123,two_level_random_sample,EXP_20260416_154815
15-1211.01,Health Informatics Specialists,Oral Comprehension,3.88,Abilities,15,123,two_level_random_sample,EXP_20260416_154815
15-1211.01,Health Informatics Specialists,Written Comprehension,4.12,Abilities,15,123,two_level_random_sample,EXP_20260416_154815
15-1211.01,Health Informatics Specialists,Oral Expression,4.0,Abilities,15,123,two_level_random_sample,EXP_20260416_154815
15-1211.01,Health Informatics Specialists,Written Expression,4.0,Abilities,15,123,two_level_random_sample,EXP_20260416_154815
15-1211.01,Health Informatics Specialists,Fluency of Ideas,3.88,Abilities,15,123,two_level_random_sample,EXP_20260416_154815
15-1211.01,Health Informatics Specialists,Originality,3.88,Abilities,15,123,two_level_random_sample,EXP_20260416_154815
15-1211.01,Health Informatics Specialists,Problem Sensitivity,4.0,Abilities,15,123,two_level_random_sample,EXP_20260416_154815
15-1211.01,Health Informatics Specialists,Deductive Reasoning,4.0,Abilities,15,123,two_level_random_sample,EXP_20260416_154815
15-1211.01,Health Informatics Specialists,Inductive Reasoning,4.0,Abilities,15,123,two_level_random_sample,EXP_20260416_154815
15-1211.01,Health Informatics Specialists,Information Ordering,3.75,Abilities,15,123,two_level_random_sample,EXP_20260416_154815
15-1211.01,Health Informatics Specialists,Category Flexibility,3.75,Abilities,15,123,two_level_random_sample,EXP_20260416_154815
15-1211.01,Health Informatics Specialists,Mathematical Reasoning,3.12,Abilities,15,123,two_level_random_sample,EXP_20260416_154815
15-1211.01,Health Informatics Specialists,Number Facility,2.88,Abilities,15,123,two_level_random_sample,EXP_20260416_154815
15-1211.01,Health Informatics Specialists,Memorization,2.5,Abilities,15,123,two_level_random_sample,EXP_20260416_154815
15-1211.01,Health Informatics Specialists,Speed of Closure,2.62,Abilities,15,123,two_level_random_sample,EXP_20260416_154815
15-1211.01,Health Informatics Specialists,Flexibility of Closure,3.0,Abilities,15,123,two_level_random_sample,EXP_20260416_154815
15-1211.01,Health Informatics Specialists,Perceptual Speed,3.0,Abilities,15,123,two_level_random_sample,EXP_20260416_154815
15-1211.01,Health Informatics Specialists,Spatial Orientation,1.0,Abilities,15,123,two_level_random_sample,EXP_20260416_154815
15-1211.01,Health Informatics Specialists,Visualization,2.88,Abilities,15,123,two_level_random_sample,EXP_20260416_154815
15-1211.01,Health Informatics Specialists,Selective Attention,3.0,Abilities,15,123,two_level_random_sample,EXP_20260416_154815
15-1211.01,Health Informatics Specialists,Time Sharing,2.5,Abilities,15,123,two_level_random_sample,EXP_20260416_154815
15-1211.01,Health Informatics Specialists,Arm-Hand Steadiness,2.12,Abilities,15,123,two_level_random_sample,EXP_20260416_154815
15-1211.01,Health Informatics Specialists,Manual Dexterity,2.12,Abilities,15,123,two_level_random_sample,EXP_20260416_154815
15-1211.01,Health Informatics Specialists,Finger Dexterity,2.0,Abilities,15,123,two_level_random_sample,EXP_20260416_154815
15-1211.01,Health Informatics Specialists,Control Precision,2.0,Abilities,15,123,two_level_random_sample,EXP_20260416_154815
15-1211.01,Health Informatics Specialists,Multilimb Coordination,1.0,Abilities,15,123,two_level_random_sample,EXP_20260416_154815
15-1211.01,Health Informatics Specialists,Response Orientation,1.0,Abilities,15,123,two_level_random_sample,EXP_20260416_154815
15-1211.01,Health Informatics Specialists,Rate Control,1.0,Abilities,15,123,two_level_random_sample,EXP_20260416_154815
15-1211.01,Health Informatics Specialists,Reaction Time,1.0,Abilities,15,123,two_level_random_sample,EXP_20260416_154815
15-1211.01,Health Informatics Specialists,Wrist-Finger Speed,1.75,Abilities,15,123,two_level_random_sample,EXP_20260416_154815
15-1211.01,Health Informatics Specialists,Speed of Limb Movement,1.0,Abilities,15,123,two_level_random_sample,EXP_20260416_154815
15-1211.01,Health Informatics Specialists,Static Strength,1.0,Abilities,15,123,two_level_random_sample,EXP_20260416_154815
15-1211.01,Health Informatics Specialists,Explosive Strength,1.0,Abilities,15,123,two_level_random_sample,EXP_20260416_154815
15-1211.01,Health Informatics Specialists,Dynamic Strength,1.25,Abilities,15,123,two_level_random_sample,EXP_20260416_154815
15-1211.01,Health Informatics Specialists,Trunk Strength,1.88,Abilities,15,123,two_level_random_sample,EXP_20260416_154815
15-1211.01,Health Informatics Specialists,Stamina,1.0,Abilities,15,123,two_level_random_sample,EXP_20260416_154815
15-1211.01,Health Informatics Specialists,Extent Flexibility,1.0,Abilities,15,123,two_level_random_sample,EXP_20260416_154815
15-1211.01,Health Informatics Specialists,Dynamic Flexibility,1.0,Abilities,15,123,two_level_random_sample,EXP_20260416_154815
15-1211.01,Health Informatics Specialists,Gross Body Coordination,1.0,Abilities,15,123,two_level_random_sample,EXP_20260416_154815
15-1211.01,Health Informatics Specialists,Gross Body Equilibrium,1.0,Abilities,15,123,two_level_random_sample,EXP_20260416_154815
15-1211.01,Health Informatics Specialists,Near Vision,3.75,Abilities,15,123,two_level_random_sample,EXP_20260416_154815
15-1211.01,Health Informatics Specialists,Far Vision,2.75,Abilities,15,123,two_level_random_sample,EXP_20260416_154815
15-1211.01,Health Informatics Specialists,Visual Color Discrimination,2.0,Abilities,15,123,two_level_random_sample,EXP_20260416_154815
15-1211.01,Health Informatics Specialists,Night Vision,1.0,Abilities,15,123,two_level_random_sample,EXP_20260416_154815
15-1211.01,Health Informatics Specialists,Peripheral Vision,1.0,Abilities,15,123,two_level_random_sample,EXP_20260416_154815
15-1211.01,Health Informatics Specialists,Depth Perception,2.0,Abilities,15,123,two_level_random_sample,EXP_20260416_154815
15-1211.01,Health Informatics Specialists,Glare Sensitivity,1.0,Abilities,15,123,two_level_random_sample,EXP_20260416_154815
15-1211.01,Health Informatics Specialists,Hearing Sensitivity,2.0,Abilities,15,123,two_level_random_sample,EXP_20260416_154815
15-1211.01,Health Informatics Specialists,Auditory Attention,2.0,Abilities,15,123,two_level_random_sample,EXP_20260416_154815
15-1211.01,Health Informatics Specialists,Sound Localization,1.0,Abilities,15,123,two_level_random_sample,EXP_20260416_154815
15-1211.01,Health Informatics Specialists,Speech Recognition,3.62,Abilities,15,123,two_level_random_sample,EXP_20260416_154815
15-1211.01,Health Informatics Specialists,Speech Clarity,3.75,Abilities,15,123,two_level_random_sample,EXP_20260416_154815
15-1212.00,Information Security Analysts,Oral Comprehension,4.0,Abilities,15,123,two_level_random_sample,EXP_20260416_154815
15-1212.00,Information Security Analysts,Written Comprehension,4.0,Abilities,15,123,two_level_random_sample,EXP_20260416_154815
15-1212.00,Information Security Analysts,Oral Expression,3.75,Abilities,15,123,two_level_random_sample,EXP_20260416_154815
15-1212.00,Information Security Analysts,Written Expression,3.88,Abilities,15,123,two_level_random_sample,EXP_20260416_154815
15-1212.00,Information Security Analysts,Fluency of Ideas,3.0,Abilities,15,123,two_level_random_sample,EXP_20260416_154815
15-1212.00,Information Security Analysts,Originality,3.0,Abilities,15,123,two_level_random_sample,EXP_20260416_154815
15-1212.00,Information Security Analysts,Problem Sensitivity,4.0,Abilities,15,123,two_level_random_sample,EXP_20260416_154815
15-1212.00,Information Security Analysts,Deductive Reasoning,4.0,Abilities,15,123,two_level_random_sample,EXP_20260416_154815
15-1212.00,Information Security Analysts,Inductive Reasoning,4.0,Abilities,15,123,two_level_random_sample,EXP_20260416_154815
15-1212.00,Information Security Analysts,Information Ordering,3.88,Abilities,15,123,two_level_random_sample,EXP_20260416_154815
15-1212.00,Information Security Analysts,Category Flexibility,3.5,Abilities,15,123,two_level_random_sample,EXP_20260416_154815
15-1212.00,Information Security Analysts,Mathematical Reasoning,2.75,Abilities,15,123,two_level_random_sample,EXP_20260416_154815
15-1212.00,Information Security Analysts,Number Facility,2.25,Abilities,15,123,two_level_random_sample,EXP_20260416_154815
15-1212.00,Information Security Analysts,Memorization,2.25,Abilities,15,123,two_level_random_sample,EXP_20260416_154815
15-1212.00,Information Security Analysts,Speed of Closure,2.88,Abilities,15,123,two_level_random_sample,EXP_20260416_154815
15-1212.00,Information Security Analysts,Flexibility of Closure,3.38,Abilities,15,123,two_level_random_sample,EXP_20260416_154815
15-1212.00,Information Security Analysts,Perceptual Speed,3.0,Abilities,15,123,two_level_random_sample,EXP_20260416_154815
15-1212.00,Information Security Analysts,Spatial Orientation,1.0,Abilities,15,123,two_level_random_sample,EXP_20260416_154815
15-1212.00,Information Security Analysts,Visualization,2.75,Abilities,15,123,two_level_random_sample,EXP_20260416_154815
15-1212.00,Information Security Analysts,Selective Attention,3.12,Abilities,15,123,two_level_random_sample,EXP_20260416_154815
15-1212.00,Information Security Analysts,Time Sharing,2.75,Abilities,15,123,two_level_random_sample,EXP_20260416_154815
15-1212.00,Information Security Analysts,Arm-Hand Steadiness,2.0,Abilities,15,123,two_level_random_sample,EXP_20260416_154815
15-1212.00,Information Security Analysts,Manual Dexterity,1.88,Abilities,15,123,two_level_random_sample,EXP_20260416_154815
15-1212.00,Information Security Analysts,Finger Dexterity,2.38,Abilities,15,123,two_level_random_sample,EXP_20260416_154815
15-1212.00,Information Security Analysts,Control Precision,1.88,Abilities,15,123,two_level_random_sample,EXP_20260416_154815
15-1212.00,Information Security Analysts,Multilimb Coordination,1.0,Abilities,15,123,two_level_random_sample,EXP_20260416_154815
15-1212.00,Information Security Analysts,Response Orientation,1.12,Abilities,15,123,two_level_random_sample,EXP_20260416_154815
15-1212.00,Information Security Analysts,Rate Control,1.0,Abilities,15,123,two_level_random_sample,EXP_20260416_154815
15-1212.00,Information Security Analysts,Reaction Time,1.0,Abilities,15,123,two_level_random_sample,EXP_20260416_154815
15-1212.00,Information Security Analysts,Wrist-Finger Speed,1.38,Abilities,15,123,two_level_random_sample,EXP_20260416_154815
15-1212.00,Information Security Analysts,Speed of Limb Movement,1.0,Abilities,15,123,two_level_random_sample,EXP_20260416_154815
15-1212.00,Information Security Analysts,Static Strength,1.0,Abilities,15,123,two_level_random_sample,EXP_20260416_154815
15-1212.00,Information Security Analysts,Explosive Strength,1.0,Abilities,15,123,two_level_random_sample,EXP_20260416_154815
15-1212.00,Information Security Analysts,Dynamic Strength,1.38,Abilities,15,123,two_level_random_sample,EXP_20260416_154815
15-1212.00,Information Security Analysts,Trunk Strength,1.62,Abilities,15,123,two_level_random_sample,EXP_20260416_154815
15-1212.00,Information Security Analysts,Stamina,1.12,Abilities,15,123,two_level_random_sample,EXP_20260416_154815
15-1212.00,Information Security Analysts,Extent Flexibility,1.62,Abilities,15,123,two_level_random_sample,EXP_20260416_154815
15-1212.00,Information Security Analysts,Dynamic Flexibility,1.0,Abilities,15,123,two_level_random_sample,EXP_20260416_154815
15-1212.00,Information Security Analysts,Gross Body Coordination,1.0,Abilities,15,123,two_level_random_sample,EXP_20260416_154815
15-1212.00,Information Security Analysts,Gross Body Equilibrium,1.0,Abilities,15,123,two_level_random_sample,EXP_20260416_154815
15-1212.00,Information Security Analysts,Near Vision,3.75,Abilities,15,123,two_level_random_sample,EXP_20260416_154815
15-1212.00,Information Security Analysts,Far Vision,2.75,Abilities,15,123,two_level_random_sample,EXP_20260416_154815
15-1212.00,Information Security Analysts,Visual Color Discrimination,2.12,Abilities,15,123,two_level_random_sample,EXP_20260416_154815
15-1212.00,Information Security Analysts,Night Vision,1.0,Abilities,15,123,two_level_random_sample,EXP_20260416_154815
15-1212.00,Information Security Analysts,Peripheral Vision,1.0,Abilities,15,123,two_level_random_sample,EXP_20260416_154815
15-1212.00,Information Security Analysts,Depth Perception,1.75,Abilities,15,123,two_level_random_sample,EXP_20260416_154815
15-1212.00,Information Security Analysts,Glare Sensitivity,1.0,Abilities,15,123,two_level_random_sample,EXP_20260416_154815
15-1212.00,Information Security Analysts,Hearing Sensitivity,1.88,Abilities,15,123,two_level_random_sample,EXP_20260416_154815
15-1212.00,Information Security Analysts,Auditory Attention,1.75,Abilities,15,123,two_level_random_sample,EXP_20260416_154815
15-1212.00,Information Security Analysts,Sound Localization,1.0,Abilities,15,123,two_level_random_sample,EXP_20260416_154815
15-1212.00,Information Security Analysts,Speech Recognition,3.38,Abilities,15,123,two_level_random_sample,EXP_20260416_154815
15-1212.00,Information Security Analysts,Speech Clarity,3.38,Abilities,15,123,two_level_random_sample,EXP_20260416_154815
15-1221.00,Computer and Information Research Scientists,Oral Comprehension,4.0,Abilities,15,123,two_level_random_sample,EXP_20260416_154815
15-1221.00,Computer and Information Research Scientists,Written Comprehension,3.88,Abilities,15,123,two_level_random_sample,EXP_20260416_154815
15-1221.00,Computer and Information Research Scientists,Oral Expression,4.0,Abilities,15,123,two_level_random_sample,EXP_20260416_154815
15-1221.00,Computer and Information Research Scientists,Written Expression,3.75,Abilities,15,123,two_level_random_sample,EXP_20260416_154815
15-1221.00,Computer and Information Research Scientists,Fluency of Ideas,3.88,Abilities,15,123,two_level_random_sample,EXP_20260416_154815
15-1221.00,Computer and Information Research Scientists,Originality,3.62,Abilities,15,123,two_level_random_sample,EXP_20260416_154815
15-1221.00,Computer and Information Research Scientists,Problem Sensitivity,3.88,Abilities,15,123,two_level_random_sample,EXP_20260416_154815
15-1221.00,Computer and Information Research Scientists,Deductive Reasoning,4.12,Abilities,15,123,two_level_random_sample,EXP_20260416_154815
15-1221.00,Computer and Information Research Scientists,Inductive Reasoning,4.12,Abilities,15,123,two_level_random_sample,EXP_20260416_154815
15-1221.00,Computer and Information Research Scientists,Information Ordering,3.75,Abilities,15,123,two_level_random_sample,EXP_20260416_154815
15-1221.00,Computer and Information Research Scientists,Category Flexibility,3.75,Abilities,15,123,two_level_random_sample,EXP_20260416_154815
15-1221.00,Computer and Information Research Scientists,Mathematical Reasoning,3.38,Abilities,15,123,two_level_random_sample,EXP_20260416_154815
15-1221.00,Computer and Information Research Scientists,Number Facility,3.25,Abilities,15,123,two_level_random_sample,EXP_20260416_154815
15-1221.00,Computer and Information Research Scientists,Memorization,2.88,Abilities,15,123,two_level_random_sample,EXP_20260416_154815
15-1221.00,Computer and Information Research Scientists,Speed of Closure,2.88,Abilities,15,123,two_level_random_sample,EXP_20260416_154815
15-1221.00,Computer and Information Research Scientists,Flexibility of Closure,3.0,Abilities,15,123,two_level_random_sample,EXP_20260416_154815
15-1221.00,Computer and Information Research Scientists,Perceptual Speed,3.0,Abilities,15,123,two_level_random_sample,EXP_20260416_154815
15-1221.00,Computer and Information Research Scientists,Spatial Orientation,1.0,Abilities,15,123,two_level_random_sample,EXP_20260416_154815
15-1221.00,Computer and Information Research Scientists,Visualization,3.25,Abilities,15,123,two_level_random_sample,EXP_20260416_154815
15-1221.00,Computer and Information Research Scientists,Selective Attention,2.88,Abilities,15,123,two_level_random_sample,EXP_20260416_154815
15-1221.00,Computer and Information Research Scientists,Time Sharing,2.5,Abilities,15,123,two_level_random_sample,EXP_20260416_154815
15-1221.00,Computer and Information Research Scientists,Arm-Hand Steadiness,2.0,Abilities,15,123,two_level_random_sample,EXP_20260416_154815
15-1221.00,Computer and Information Research Scientists,Manual Dexterity,2.0,Abilities,15,123,two_level_random_sample,EXP_20260416_154815
15-1221.00,Computer and Information Research Scientists,Finger Dexterity,2.62,Abilities,15,123,two_level_random_sample,EXP_20260416_154815
15-1221.00,Computer and Information Research Scientists,Control Precision,2.0,Abilities,15,123,two_level_random_sample,EXP_20260416_154815
15-1221.00,Computer and Information Research Scientists,Multilimb Coordination,1.0,Abilities,15,123,two_level_random_sample,EXP_20260416_154815
15-1221.00,Computer and Information Research Scientists,Response Orientation,1.12,Abilities,15,123,two_level_random_sample,EXP_20260416_154815
15-1221.00,Computer and Information Research Scientists,Rate Control,1.0,Abilities,15,123,two_level_random_sample,EXP_20260416_154815
15-1221.00,Computer and Information Research Scientists,Reaction Time,1.0,Abilities,15,123,two_level_random_sample,EXP_20260416_154815
15-1221.00,Computer and Information Research Scientists,Wrist-Finger Speed,1.88,Abilities,15,123,two_level_random_sample,EXP_20260416_154815
15-1221.00,Computer and Information Research Scientists,Speed of Limb Movement,1.0,Abilities,15,123,two_level_random_sample,EXP_20260416_154815
15-1221.00,Computer and Information Research Scientists,Static Strength,1.0,Abilities,15,123,two_level_random_sample,EXP_20260416_154815
15-1221.00,Computer and Information Research Scientists,Explosive Strength,1.0,Abilities,15,123,two_level_random_sample,EXP_20260416_154815
15-1221.00,Computer and Information Research Scientists,Dynamic Strength,1.0,Abilities,15,123,two_level_random_sample,EXP_20260416_154815
15-1221.00,Computer and Information Research Scientists,Trunk Strength,1.88,Abilities,15,123,two_level_random_sample,EXP_20260416_154815
15-1221.00,Computer and Information Research Scientists,Stamina,1.0,Abilities,15,123,two_level_random_sample,EXP_20260416_154815
15-1221.00,Computer and Information Research Scientists,Extent Flexibility,1.0,Abilities,15,123,two_level_random_sample,EXP_20260416_154815
15-1221.00,Computer and Information Research Scientists,Dynamic Flexibility,1.0,Abilities,15,123,two_level_random_sample,EXP_20260416_154815
15-1221.00,Computer and Information Research Scientists,Gross Body Coordination,1.0,Abilities,15,123,two_level_random_sample,EXP_20260416_154815
15-1221.00,Computer and Information Research Scientists,Gross Body Equilibrium,1.0,Abilities,15,123,two_level_random_sample,EXP_20260416_154815
15-1221.00,Computer and Information Research Scientists,Near Vision,3.75,Abilities,15,123,two_level_random_sample,EXP_20260416_154815
15-1221.00,Computer and Information Research Scientists,Far Vision,2.62,Abilities,15,123,two_level_random_sample,EXP_20260416_154815
15-1221.00,Computer and Information Research Scientists,Visual Color Discrimination,2.0,Abilities,15,123,two_level_random_sample,EXP_20260416_154815
15-1221.00,Computer and Information Research Scientists,Night Vision,1.0,Abilities,15,123,two_level_random_sample,EXP_20260416_154815
15-1221.00,Computer and Information Research Scientists,Peripheral Vision,1.0,Abilities,15,123,two_level_random_sample,EXP_20260416_154815
15-1221.00,Computer and Information Research Scientists,Depth Perception,1.75,Abilities,15,123,two_level_random_sample,EXP_20260416_154815
15-1221.00,Computer and Information Research Scientists,Glare Sensitivity,1.0,Abilities,15,123,two_level_random_sample,EXP_20260416_154815
15-1221.00,Computer and Information Research Scientists,Hearing Sensitivity,2.12,Abilities,15,123,two_level_random_sample,EXP_20260416_154815
15-1221.00,Computer and Information Research Scientists,Auditory Attention,2.0,Abilities,15,123,two_level_random_sample,EXP_20260416_154815
15-1221.00,Computer and Information Research Scientists,Sound Localization,1.0,Abilities,15,123,two_level_random_sample,EXP_20260416_154815
15-1221.00,Computer and Information Research Scientists,Speech Recognition,3.25,Abilities,15,123,two_level_random_sample,EXP_20260416_154815
15-1221.00,Computer and Information Research Scientists,Speech Clarity,3.25,Abilities,15,123,two_level_random_sample,EXP_20260416_154815
15-1242.00,Database Administrators,Oral Comprehension,3.88,Abilities,15,123,two_level_random_sample,EXP_20260416_154815
15-1242.00,Database Administrators,Written Comprehension,3.88,Abilities,15,123,two_level_random_sample,EXP_20260416_154815
15-1242.00,Database Administrators,Oral Expression,3.5,Abilities,15,123,two_level_random_sample,EXP_20260416_154815
15-1242.00,Database Administrators,Written Expression,3.38,Abilities,15,123,two_level_random_sample,EXP_20260416_154815
15-1242.00,Database Administrators,Fluency of Ideas,3.12,Abilities,15,123,two_level_random_sample,EXP_20260416_154815
15-1242.00,Database Administrators,Originality,3.0,Abilities,15,123,two_level_random_sample,EXP_20260416_154815
15-1242.00,Database Administrators,Problem Sensitivity,3.88,Abilities,15,123,two_level_random_sample,EXP_20260416_154815
15-1242.00,Database Administrators,Deductive Reasoning,4.0,Abilities,15,123,two_level_random_sample,EXP_20260416_154815
15-1242.00,Database Administrators,Inductive Reasoning,3.88,Abilities,15,123,two_level_random_sample,EXP_20260416_154815
15-1242.00,Database Administrators,Information Ordering,3.88,Abilities,15,123,two_level_random_sample,EXP_20260416_154815
15-1242.00,Database Administrators,Category Flexibility,3.38,Abilities,15,123,two_level_random_sample,EXP_20260416_154815
15-1242.00,Database Administrators,Mathematical Reasoning,3.12,Abilities,15,123,two_level_random_sample,EXP_20260416_154815
15-1242.00,Database Administrators,Number Facility,3.0,Abilities,15,123,two_level_random_sample,EXP_20260416_154815
15-1242.00,Database Administrators,Memorization,2.5,Abilities,15,123,two_level_random_sample,EXP_20260416_154815
15-1242.00,Database Administrators,Speed of Closure,2.88,Abilities,15,123,two_level_random_sample,EXP_20260416_154815
15-1242.00,Database Administrators,Flexibility of Closure,3.25,Abilities,15,123,two_level_random_sample,EXP_20260416_154815
15-1242.00,Database Administrators,Perceptual Speed,3.0,Abilities,15,123,two_level_random_sample,EXP_20260416_154815
15-1242.00,Database Administrators,Spatial Orientation,1.0,Abilities,15,123,two_level_random_sample,EXP_20260416_154815
15-1242.00,Database Administrators,Visualization,3.0,Abilities,15,123,two_level_random_sample,EXP_20260416_154815
15-1242.00,Database Administrators,Selective Attention,3.0,Abilities,15,123,two_level_random_sample,EXP_20260416_154815
15-1242.00,Database Administrators,Time Sharing,2.25,Abilities,15,123,two_level_random_sample,EXP_20260416_154815
15-1242.00,Database Administrators,Arm-Hand Steadiness,2.0,Abilities,15,123,two_level_random_sample,EXP_20260416_154815
15-1242.00,Database Administrators,Manual Dexterity,1.75,Abilities,15,123,two_level_random_sample,EXP_20260416_154815
15-1242.00,Database Administrators,Finger Dexterity,1.75,Abilities,15,123,two_level_random_sample,EXP_20260416_154815
15-1242.00,Database Administrators,Control Precision,1.88,Abilities,15,123,two_level_random_sample,EXP_20260416_154815
15-1242.00,Database Administrators,Multilimb Coordination,1.0,Abilities,15,123,two_level_random_sample,EXP_20260416_154815
15-1242.00,Database Administrators,Response Orientation,1.38,Abilities,15,123,two_level_random_sample,EXP_20260416_154815
15-1242.00,Database Administrators,Rate Control,1.0,Abilities,15,123,two_level_random_sample,EXP_20260416_154815
15-1242.00,Database Administrators,Reaction Time,1.12,Abilities,15,123,two_level_random_sample,EXP_20260416_154815
15-1242.00,Database Administrators,Wrist-Finger Speed,1.5,Abilities,15,123,two_level_random_sample,EXP_20260416_154815
15-1242.00,Database Administrators,Speed of Limb Movement,1.0,Abilities,15,123,two_level_random_sample,EXP_20260416_154815
15-1242.00,Database Administrators,Static Strength,1.0,Abilities,15,123,two_level_random_sample,EXP_20260416_154815
15-1242.00,Database Administrators,Explosive Strength,1.0,Abilities,15,123,two_level_random_sample,EXP_20260416_154815
15-1242.00,Database Administrators,Dynamic Strength,1.25,Abilities,15,123,two_level_random_sample,EXP_20260416_154815
15-1242.00,Database Administrators,Trunk Strength,1.75,Abilities,15,123,two_level_random_sample,EXP_20260416_154815
15-1242.00,Database Administrators,Stamina,1.12,Abilities,15,123,two_level_random_sample,EXP_20260416_154815
15-1242.00,Database Administrators,Extent Flexibility,1.0,Abilities,15,123,two_level_random_sample,EXP_20260416_154815
15-1242.00,Database Administrators,Dynamic Flexibility,1.0,Abilities,15,123,two_level_random_sample,EXP_20260416_154815
15-1242.00,Database Administrators,Gross Body Coordination,1.0,Abilities,15,123,two_level_random_sample,EXP_20260416_154815
15-1242.00,Database Administrators,Gross Body Equilibrium,1.0,Abilities,15,123,two_level_random_sample,EXP_20260416_154815
15-1242.00,Database Administrators,Near Vision,3.62,Abilities,15,123,two_level_random_sample,EXP_20260416_154815
15-1242.00,Database Administrators,Far Vision,2.62,Abilities,15,123,two_level_random_sample,EXP_20260416_154815
15-1242.00,Database Administrators,Visual Color Discrimination,1.88,Abilities,15,123,two_level_random_sample,EXP_20260416_154815
15-1242.00,Database Administrators,Night Vision,1.0,Abilities,15,123,two_level_random_sample,EXP_20260416_154815
15-1242.00,Database Administrators,Peripheral Vision,1.0,Abilities,15,123,two_level_random_sample,EXP_20260416_154815
15-1242.00,Database Administrators,Depth Perception,1.38,Abilities,15,123,two_level_random_sample,EXP_20260416_154815
15-1242.00,Database Administrators,Glare Sensitivity,1.0,Abilities,15,123,two_level_random_sample,EXP_20260416_154815
15-1242.00,Database Administrators,Hearing Sensitivity,1.62,Abilities,15,123,two_level_random_sample,EXP_20260416_154815
15-1242.00,Database Administrators,Auditory Attention,1.88,Abilities,15,123,two_level_random_sample,EXP_20260416_154815
15-1242.00,Database Administrators,Sound Localization,1.0,Abilities,15,123,two_level_random_sample,EXP_20260416_154815
15-1242.00,Database Administrators,Speech Recognition,3.25,Abilities,15,123,two_level_random_sample,EXP_20260416_154815
15-1242.00,Database Administrators,Speech Clarity,3.12,Abilities,15,123,two_level_random_sample,EXP_20260416_154815
15-1252.00,Software Developers,Oral Comprehension,3.75,Abilities,15,123,two_level_random_sample,EXP_20260416_154815
15-1252.00,Software Developers,Written Comprehension,3.75,Abilities,15,123,two_level_random_sample,EXP_20260416_154815
15-1252.00,Software Developers,Oral Expression,3.75,Abilities,15,123,two_level_random_sample,EXP_20260416_154815
15-1252.00,Software Developers,Written Expression,3.5,Abilities,15,123,two_level_random_sample,EXP_20260416_154815
15-1252.00,Software Developers,Fluency of Ideas,3.25,Abilities,15,123,two_level_random_sample,EXP_20260416_154815
15-1252.00,Software Developers,Originality,3.12,Abilities,15,123,two_level_random_sample,EXP_20260416_154815
15-1252.00,Software Developers,Problem Sensitivity,3.75,Abilities,15,123,two_level_random_sample,EXP_20260416_154815
15-1252.00,Software Developers,Deductive Reasoning,3.75,Abilities,15,123,two_level_random_sample,EXP_20260416_154815
15-1252.00,Software Developers,Inductive Reasoning,3.5,Abilities,15,123,two_level_random_sample,EXP_20260416_154815
15-1252.00,Software Developers,Information Ordering,3.62,Abilities,15,123,two_level_random_sample,EXP_20260416_154815
15-1252.00,Software Developers,Category Flexibility,3.5,Abilities,15,123,two_level_random_sample,EXP_20260416_154815
15-1252.00,Software Developers,Mathematical Reasoning,2.88,Abilities,15,123,two_level_random_sample,EXP_20260416_154815
15-1252.00,Software Developers,Number Facility,2.5,Abilities,15,123,two_level_random_sample,EXP_20260416_154815
15-1252.00,Software Developers,Memorization,2.25,Abilities,15,123,two_level_random_sample,EXP_20260416_154815
15-1252.00,Software Developers,Speed of Closure,2.5,Abilities,15,123,two_level_random_sample,EXP_20260416_154815
15-1252.00,Software Developers,Flexibility of Closure,2.62,Abilities,15,123,two_level_random_sample,EXP_20260416_154815
15-1252.00,Software Developers,Perceptual Speed,2.62,Abilities,15,123,two_level_random_sample,EXP_20260416_154815
15-1252.00,Software Developers,Spatial Orientation,1.0,Abilities,15,123,two_level_random_sample,EXP_20260416_154815
15-1252.00,Software Developers,Visualization,2.38,Abilities,15,123,two_level_random_sample,EXP_20260416_154815
15-1252.00,Software Developers,Selective Attention,3.12,Abilities,15,123,two_level_random_sample,EXP_20260416_154815
15-1252.00,Software Developers,Time Sharing,2.0,Abilities,15,123,two_level_random_sample,EXP_20260416_154815
15-1252.00,Software Developers,Arm-Hand Steadiness,1.75,Abilities,15,123,two_level_random_sample,EXP_20260416_154815
15-1252.00,Software Developers,Manual Dexterity,1.62,Abilities,15,123,two_level_random_sample,EXP_20260416_154815
15-1252.00,Software Developers,Finger Dexterity,1.75,Abilities,15,123,two_level_random_sample,EXP_20260416_154815
15-1252.00,Software Developers,Control Precision,1.5,Abilities,15,123,two_level_random_sample,EXP_20260416_154815
15-1252.00,Software Developers,Multilimb Coordination,1.0,Abilities,15,123,two_level_random_sample,EXP_20260416_154815
15-1252.00,Software Developers,Response Orientation,1.12,Abilities,15,123,two_level_random_sample,EXP_20260416_154815
15-1252.00,Software Developers,Rate Control,1.0,Abilities,15,123,two_level_random_sample,EXP_20260416_154815
15-1252.00,Software Developers,Reaction Time,1.0,Abilities,15,123,two_level_random_sample,EXP_20260416_154815
15-1252.00,Software Developers,Wrist-Finger Speed,1.75,Abilities,15,123,two_level_random_sample,EXP_20260416_154815
15-1252.00,Software Developers,Speed of Limb Movement,1.0,Abilities,15,123,two_level_random_sample,EXP_20260416_154815
15-1252.00,Software Developers,Static Strength,1.0,Abilities,15,123,two_level_random_sample,EXP_20260416_154815
15-1252.00,Software Developers,Explosive Strength,1.0,Abilities,15,123,two_level_random_sample,EXP_20260416_154815
15-1252.00,Software Developers,Dynamic Strength,1.38,Abilities,15,123,two_level_random_sample,EXP_20260416_154815
15-1252.00,Software Developers,Trunk Strength,1.88,Abilities,15,123,two_level_random_sample,EXP_20260416_154815
15-1252.00,Software Developers,Stamina,1.0,Abilities,15,123,two_level_random_sample,EXP_20260416_154815
15-1252.00,Software Developers,Extent Flexibility,1.0,Abilities,15,123,two_level_random_sample,EXP_20260416_154815
15-1252.00,Software Developers,Dynamic Flexibility,1.0,Abilities,15,123,two_level_random_sample,EXP_20260416_154815
15-1252.00,Software Developers,Gross Body Coordination,1.0,Abilities,15,123,two_level_random_sample,EXP_20260416_154815
15-1252.00,Software Developers,Gross Body Equilibrium,1.0,Abilities,15,123,two_level_random_sample,EXP_20260416_154815
15-1252.00,Software Developers,Near Vision,3.75,Abilities,15,123,two_level_random_sample,EXP_20260416_154815
15-1252.00,Software Developers,Far Vision,2.38,Abilities,15,123,two_level_random_sample,EXP_20260416_154815
15-1252.00,Software Developers,Visual Color Discrimination,2.0,Abilities,15,123,two_level_random_sample,EXP_20260416_154815
15-1252.00,Software Developers,Night Vision,1.0,Abilities,15,123,two_level_random_sample,EXP_20260416_154815
15-1252.00,Software Developers,Peripheral Vision,1.0,Abilities,15,123,two_level_random_sample,EXP_20260416_154815
15-1252.00,Software Developers,Depth Perception,1.5,Abilities,15,123,two_level_random_sample,EXP_20260416_154815
15-1252.00,Software Developers,Glare Sensitivity,1.0,Abilities,15,123,two_level_random_sample,EXP_20260416_154815
15-1252.00,Software Developers,Hearing Sensitivity,1.75,Abilities,15,123,two_level_random_sample,EXP_20260416_154815
15-1252.00,Software Developers,Auditory Attention,1.75,Abilities,15,123,two_level_random_sample,EXP_20260416_154815
15-1252.00,Software Developers,Sound Localization,1.0,Abilities,15,123,two_level_random_sample,EXP_20260416_154815
15-1252.00,Software Developers,Speech Recognition,3.38,Abilities,15,123,two_level_random_sample,EXP_20260416_154815
15-1252.00,Software Developers,Speech Clarity,3.0,Abilities,15,123,two_level_random_sample,EXP_20260416_154815
15-2021.00,Mathematicians,Oral Comprehension,4.12,Abilities,15,123,two_level_random_sample,EXP_20260416_154815
15-2021.00,Mathematicians,Written Comprehension,4.12,Abilities,15,123,two_level_random_sample,EXP_20260416_154815
15-2021.00,Mathematicians,Oral Expression,4.12,Abilities,15,123,two_level_random_sample,EXP_20260416_154815
15-2021.00,Mathematicians,Written Expression,4.12,Abilities,15,123,two_level_random_sample,EXP_20260416_154815
15-2021.00,Mathematicians,Fluency of Ideas,3.75,Abilities,15,123,two_level_random_sample,EXP_20260416_154815
15-2021.00,Mathematicians,Originality,3.75,Abilities,15,123,two_level_random_sample,EXP_20260416_154815
15-2021.00,Mathematicians,Problem Sensitivity,3.75,Abilities,15,123,two_level_random_sample,EXP_20260416_154815
15-2021.00,Mathematicians,Deductive Reasoning,4.0,Abilities,15,123,two_level_random_sample,EXP_20260416_154815
15-2021.00,Mathematicians,Inductive Reasoning,3.88,Abilities,15,123,two_level_random_sample,EXP_20260416_154815
15-2021.00,Mathematicians,Information Ordering,3.88,Abilities,15,123,two_level_random_sample,EXP_20260416_154815
15-2021.00,Mathematicians,Category Flexibility,3.88,Abilities,15,123,two_level_random_sample,EXP_20260416_154815
15-2021.00,Mathematicians,Mathematical Reasoning,5.0,Abilities,15,123,two_level_random_sample,EXP_20260416_154815
15-2021.00,Mathematicians,Number Facility,4.62,Abilities,15,123,two_level_random_sample,EXP_20260416_154815
15-2021.00,Mathematicians,Memorization,2.88,Abilities,15,123,two_level_random_sample,EXP_20260416_154815
15-2021.00,Mathematicians,Speed of Closure,2.88,Abilities,15,123,two_level_random_sample,EXP_20260416_154815
15-2021.00,Mathematicians,Flexibility of Closure,3.25,Abilities,15,123,two_level_random_sample,EXP_20260416_154815
15-2021.00,Mathematicians,Perceptual Speed,2.88,Abilities,15,123,two_level_random_sample,EXP_20260416_154815
15-2021.00,Mathematicians,Spatial Orientation,1.12,Abilities,15,123,two_level_random_sample,EXP_20260416_154815
15-2021.00,Mathematicians,Visualization,2.75,Abilities,15,123,two_level_random_sample,EXP_20260416_154815
15-2021.00,Mathematicians,Selective Attention,3.12,Abilities,15,123,two_level_random_sample,EXP_20260416_154815
15-2021.00,Mathematicians,Time Sharing,1.88,Abilities,15,123,two_level_random_sample,EXP_20260416_154815
15-2021.00,Mathematicians,Arm-Hand Steadiness,1.0,Abilities,15,123,two_level_random_sample,EXP_20260416_154815
15-2021.00,Mathematicians,Manual Dexterity,1.0,Abilities,15,123,two_level_random_sample,EXP_20260416_154815
15-2021.00,Mathematicians,Finger Dexterity,1.5,Abilities,15,123,two_level_random_sample,EXP_20260416_154815
15-2021.00,Mathematicians,Control Precision,1.0,Abilities,15,123,two_level_random_sample,EXP_20260416_154815
15-2021.00,Mathematicians,Multilimb Coordination,1.0,Abilities,15,123,two_level_random_sample,EXP_20260416_154815
15-2021.00,Mathematicians,Response Orientation,1.0,Abilities,15,123,two_level_random_sample,EXP_20260416_154815
15-2021.00,Mathematicians,Rate Control,1.0,Abilities,15,123,two_level_random_sample,EXP_20260416_154815
15-2021.00,Mathematicians,Reaction Time,1.0,Abilities,15,123,two_level_random_sample,EXP_20260416_154815
15-2021.00,Mathematicians,Wrist-Finger Speed,1.25,Abilities,15,123,two_level_random_sample,EXP_20260416_154815
15-2021.00,Mathematicians,Speed of Limb Movement,1.0,Abilities,15,123,two_level_random_sample,EXP_20260416_154815
15-2021.00,Mathematicians,Static Strength,1.0,Abilities,15,123,two_level_random_sample,EXP_20260416_154815
15-2021.00,Mathematicians,Explosive Strength,1.0,Abilities,15,123,two_level_random_sample,EXP_20260416_154815
15-2021.00,Mathematicians,Dynamic Strength,1.0,Abilities,15,123,two_level_random_sample,EXP_20260416_154815
15-2021.00,Mathematicians,Trunk Strength,1.75,Abilities,15,123,two_level_random_sample,EXP_20260416_154815
15-2021.00,Mathematicians,Stamina,1.0,Abilities,15,123,two_level_random_sample,EXP_20260416_154815
15-2021.00,Mathematicians,Extent Flexibility,1.0,Abilities,15,123,two_level_random_sample,EXP_20260416_154815
15-2021.00,Mathematicians,Dynamic Flexibility,1.0,Abilities,15,123,two_level_random_sample,EXP_20260416_154815
15-2021.00,Mathematicians,Gross Body Coordination,1.0,Abilities,15,123,two_level_random_sample,EXP_20260416_154815
15-2021.00,Mathematicians,Gross Body Equilibrium,1.0,Abilities,15,123,two_level_random_sample,EXP_20260416_154815
15-2021.00,Mathematicians,Near Vision,3.62,Abilities,15,123,two_level_random_sample,EXP_20260416_154815
15-2021.00,Mathematicians,Far Vision,2.0,Abilities,15,123,two_level_random_sample,EXP_20260416_154815
15-2021.00,Mathematicians,Visual Color Discrimination,1.88,Abilities,15,123,two_level_random_sample,EXP_20260416_154815
15-2021.00,Mathematicians,Night Vision,1.0,Abilities,15,123,two_level_random_sample,EXP_20260416_154815
15-2021.00,Mathematicians,Peripheral Vision,1.0,Abilities,15,123,two_level_random_sample,EXP_20260416_154815
15-2021.00,Mathematicians,Depth Perception,1.38,Abilities,15,123,two_level_random_sample,EXP_20260416_154815
15-2021.00,Mathematicians,Glare Sensitivity,1.0,Abilities,15,123,two_level_random_sample,EXP_20260416_154815
15-2021.00,Mathematicians,Hearing Sensitivity,1.62,Abilities,15,123,two_level_random_sample,EXP_20260416_154815
15-2021.00,Mathematicians,Auditory Attention,1.62,Abilities,15,123,two_level_random_sample,EXP_20260416_154815
15-2021.00,Mathematicians,Sound Localization,1.0,Abilities,15,123,two_level_random_sample,EXP_20260416_154815
15-2021.00,Mathematicians,Speech Recognition,3.0,Abilities,15,123,two_level_random_sample,EXP_20260416_154815
15-2021.00,Mathematicians,Speech Clarity,3.12,Abilities,15,123,two_level_random_sample,EXP_20260416_154815
15-2051.02,Clinical Data Managers,Oral Comprehension,4.0,Abilities,15,123,two_level_random_sample,EXP_20260416_154815
15-2051.02,Clinical Data Managers,Written Comprehension,4.0,Abilities,15,123,two_level_random_sample,EXP_20260416_154815
15-2051.02,Clinical Data Managers,Oral Expression,4.0,Abilities,15,123,two_level_random_sample,EXP_20260416_154815
15-2051.02,Clinical Data Managers,Written Expression,3.88,Abilities,15,123,two_level_random_sample,EXP_20260416_154815
15-2051.02,Clinical Data Managers,Fluency of Ideas,3.12,Abilities,15,123,two_level_random_sample,EXP_20260416_154815
15-2051.02,Clinical Data Managers,Originality,3.0,Abilities,15,123,two_level_random_sample,EXP_20260416_154815
15-2051.02,Clinical Data Managers,Problem Sensitivity,3.88,Abilities,15,123,two_level_random_sample,EXP_20260416_154815
15-2051.02,Clinical Data Managers,Deductive Reasoning,4.12,Abilities,15,123,two_level_random_sample,EXP_20260416_154815
15-2051.02,Clinical Data Managers,Inductive Reasoning,3.88,Abilities,15,123,two_level_random_sample,EXP_20260416_154815
15-2051.02,Clinical Data Managers,Information Ordering,4.12,Abilities,15,123,two_level_random_sample,EXP_20260416_154815
15-2051.02,Clinical Data Managers,Category Flexibility,3.25,Abilities,15,123,two_level_random_sample,EXP_20260416_154815
15-2051.02,Clinical Data Managers,Mathematical Reasoning,3.38,Abilities,15,123,two_level_random_sample,EXP_20260416_154815
15-2051.02,Clinical Data Managers,Number Facility,3.12,Abilities,15,123,two_level_random_sample,EXP_20260416_154815
15-2051.02,Clinical Data Managers,Memorization,2.62,Abilities,15,123,two_level_random_sample,EXP_20260416_154815
15-2051.02,Clinical Data Managers,Speed of Closure,2.62,Abilities,15,123,two_level_random_sample,EXP_20260416_154815
15-2051.02,Clinical Data Managers,Flexibility of Closure,3.12,Abilities,15,123,two_level_random_sample,EXP_20260416_154815
15-2051.02,Clinical Data Managers,Perceptual Speed,2.88,Abilities,15,123,two_level_random_sample,EXP_20260416_154815
15-2051.02,Clinical Data Managers,Spatial Orientation,1.0,Abilities,15,123,two_level_random_sample,EXP_20260416_154815
15-2051.02,Clinical Data Managers,Visualization,2.25,Abilities,15,123,two_level_random_sample,EXP_20260416_154815
15-2051.02,Clinical Data Managers,Selective Attention,3.0,Abilities,15,123,two_level_random_sample,EXP_20260416_154815
15-2051.02,Clinical Data Managers,Time Sharing,2.25,Abilities,15,123,two_level_random_sample,EXP_20260416_154815
15-2051.02,Clinical Data Managers,Arm-Hand Steadiness,1.38,Abilities,15,123,two_level_random_sample,EXP_20260416_154815
15-2051.02,Clinical Data Managers,Manual Dexterity,1.38,Abilities,15,123,two_level_random_sample,EXP_20260416_154815
15-2051.02,Clinical Data Managers,Finger Dexterity,1.88,Abilities,15,123,two_level_random_sample,EXP_20260416_154815
15-2051.02,Clinical Data Managers,Control Precision,1.25,Abilities,15,123,two_level_random_sample,EXP_20260416_154815
15-2051.02,Clinical Data Managers,Multilimb Coordination,1.0,Abilities,15,123,two_level_random_sample,EXP_20260416_154815
15-2051.02,Clinical Data Managers,Response Orientation,1.0,Abilities,15,123,two_level_random_sample,EXP_20260416_154815
15-2051.02,Clinical Data Managers,Rate Control,1.0,Abilities,15,123,two_level_random_sample,EXP_20260416_154815
15-2051.02,Clinical Data Managers,Reaction Time,1.0,Abilities,15,123,two_level_random_sample,EXP_20260416_154815
15-2051.02,Clinical Data Managers,Wrist-Finger Speed,1.75,Abilities,15,123,two_level_random_sample,EXP_20260416_154815
15-2051.02,Clinical Data Managers,Speed of Limb Movement,1.0,Abilities,15,123,two_level_random_sample,EXP_20260416_154815
15-2051.02,Clinical Data Managers,Static Strength,1.0,Abilities,15,123,two_level_random_sample,EXP_20260416_154815
15-2051.02,Clinical Data Managers,Explosive Strength,1.0,Abilities,15,123,two_level_random_sample,EXP_20260416_154815
15-2051.02,Clinical Data Managers,Dynamic Strength,1.38,Abilities,15,123,two_level_random_sample,EXP_20260416_154815
15-2051.02,Clinical Data Managers,Trunk Strength,1.62,Abilities,15,123,two_level_random_sample,EXP_20260416_154815
15-2051.02,Clinical Data Managers,Stamina,1.0,Abilities,15,123,two_level_random_sample,EXP_20260416_154815
15-2051.02,Clinical Data Managers,Extent Flexibility,1.0,Abilities,15,123,two_level_random_sample,EXP_20260416_154815
15-2051.02,Clinical Data Managers,Dynamic Flexibility,1.0,Abilities,15,123,two_level_random_sample,EXP_20260416_154815
15-2051.02,Clinical Data Managers,Gross Body Coordination,1.0,Abilities,15,123,two_level_random_sample,EXP_20260416_154815
15-2051.02,Clinical Data Managers,Gross Body Equilibrium,1.0,Abilities,15,123,two_level_random_sample,EXP_20260416_154815
15-2051.02,Clinical Data Managers,Near Vision,3.88,Abilities,15,123,two_level_random_sample,EXP_20260416_154815
15-2051.02,Clinical Data Managers,Far Vision,2.38,Abilities,15,123,two_level_random_sample,EXP_20260416_154815
15-2051.02,Clinical Data Managers,Visual Color Discrimination,1.75,Abilities,15,123,two_level_random_sample,EXP_20260416_154815
15-2051.02,Clinical Data Managers,Night Vision,1.0,Abilities,15,123,two_level_random_sample,EXP_20260416_154815
15-2051.02,Clinical Data Managers,Peripheral Vision,1.0,Abilities,15,123,two_level_random_sample,EXP_20260416_154815
15-2051.02,Clinical Data Managers,Depth Perception,1.38,Abilities,15,123,two_level_random_sample,EXP_20260416_154815
15-2051.02,Clinical Data Managers,Glare Sensitivity,1.0,Abilities,15,123,two_level_random_sample,EXP_20260416_154815
15-2051.02,Clinical Data Managers,Hearing Sensitivity,1.75,Abilities,15,123,two_level_random_sample,EXP_20260416_154815
15-2051.02,Clinical Data Managers,Auditory Attention,1.88,Abilities,15,123,two_level_random_sample,EXP_20260416_154815
15-2051.02,Clinical Data Managers,Sound Localization,1.0,Abilities,15,123,two_level_random_sample,EXP_20260416_154815
15-2051.02,Clinical Data Managers,Speech Recognition,3.75,Abilities,15,123,two_level_random_sample,EXP_20260416_154815
15-2051.02,Clinical Data Managers,Speech Clarity,3.75,Abilities,15,123,two_level_random_sample,EXP_20260416_154815
15-2099.01,Bioinformatics Technicians,Oral Comprehension,3.75,Abilities,15,123,two_level_random_sample,EXP_20260416_154815
15-2099.01,Bioinformatics Technicians,Written Comprehension,4.0,Abilities,15,123,two_level_random_sample,EXP_20260416_154815
15-2099.01,Bioinformatics Technicians,Oral Expression,3.5,Abilities,15,123,two_level_random_sample,EXP_20260416_154815
15-2099.01,Bioinformatics Technicians,Written Expression,3.62,Abilities,15,123,two_level_random_sample,EXP_20260416_154815
15-2099.01,Bioinformatics Technicians,Fluency of Ideas,3.25,Abilities,15,123,two_level_random_sample,EXP_20260416_154815
15-2099.01,Bioinformatics Technicians,Originality,3.0,Abilities,15,123,two_level_random_sample,EXP_20260416_154815
15-2099.01,Bioinformatics Technicians,Problem Sensitivity,3.38,Abilities,15,123,two_level_random_sample,EXP_20260416_154815
15-2099.01,Bioinformatics Technicians,Deductive Reasoning,3.75,Abilities,15,123,two_level_random_sample,EXP_20260416_154815
15-2099.01,Bioinformatics Technicians,Inductive Reasoning,3.75,Abilities,15,123,two_level_random_sample,EXP_20260416_154815
15-2099.01,Bioinformatics Technicians,Information Ordering,3.62,Abilities,15,123,two_level_random_sample,EXP_20260416_154815
15-2099.01,Bioinformatics Technicians,Category Flexibility,3.38,Abilities,15,123,two_level_random_sample,EXP_20260416_154815
15-2099.01,Bioinformatics Technicians,Mathematical Reasoning,3.62,Abilities,15,123,two_level_random_sample,EXP_20260416_154815
15-2099.01,Bioinformatics Technicians,Number Facility,3.12,Abilities,15,123,two_level_random_sample,EXP_20260416_154815
15-2099.01,Bioinformatics Technicians,Memorization,2.88,Abilities,15,123,two_level_random_sample,EXP_20260416_154815
15-2099.01,Bioinformatics Technicians,Speed of Closure,2.75,Abilities,15,123,two_level_random_sample,EXP_20260416_154815
15-2099.01,Bioinformatics Technicians,Flexibility of Closure,3.38,Abilities,15,123,two_level_random_sample,EXP_20260416_154815
15-2099.01,Bioinformatics Technicians,Perceptual Speed,3.0,Abilities,15,123,two_level_random_sample,EXP_20260416_154815
15-2099.01,Bioinformatics Technicians,Spatial Orientation,1.0,Abilities,15,123,two_level_random_sample,EXP_20260416_154815
15-2099.01,Bioinformatics Technicians,Visualization,3.0,Abilities,15,123,two_level_random_sample,EXP_20260416_154815
15-2099.01,Bioinformatics Technicians,Selective Attention,3.5,Abilities,15,123,two_level_random_sample,EXP_20260416_154815
15-2099.01,Bioinformatics Technicians,Time Sharing,2.75,Abilities,15,123,two_level_random_sample,EXP_20260416_154815
15-2099.01,Bioinformatics Technicians,Arm-Hand Steadiness,1.0,Abilities,15,123,two_level_random_sample,EXP_20260416_154815
15-2099.01,Bioinformatics Technicians,Manual Dexterity,1.0,Abilities,15,123,two_level_random_sample,EXP_20260416_154815
15-2099.01,Bioinformatics Technicians,Finger Dexterity,2.5,Abilities,15,123,two_level_random_sample,EXP_20260416_154815
15-2099.01,Bioinformatics Technicians,Control Precision,1.12,Abilities,15,123,two_level_random_sample,EXP_20260416_154815
15-2099.01,Bioinformatics Technicians,Multilimb Coordination,1.0,Abilities,15,123,two_level_random_sample,EXP_20260416_154815
15-2099.01,Bioinformatics Technicians,Response Orientation,1.0,Abilities,15,123,two_level_random_sample,EXP_20260416_154815
15-2099.01,Bioinformatics Technicians,Rate Control,1.0,Abilities,15,123,two_level_random_sample,EXP_20260416_154815
15-2099.01,Bioinformatics Technicians,Reaction Time,1.0,Abilities,15,123,two_level_random_sample,EXP_20260416_154815
15-2099.01,Bioinformatics Technicians,Wrist-Finger Speed,1.25,Abilities,15,123,two_level_random_sample,EXP_20260416_154815
15-2099.01,Bioinformatics Technicians,Speed of Limb Movement,1.0,Abilities,15,123,two_level_random_sample,EXP_20260416_154815
15-2099.01,Bioinformatics Technicians,Static Strength,1.0,Abilities,15,123,two_level_random_sample,EXP_20260416_154815
15-2099.01,Bioinformatics Technicians,Explosive Strength,1.0,Abilities,15,123,two_level_random_sample,EXP_20260416_154815
15-2099.01,Bioinformatics Technicians,Dynamic Strength,1.0,Abilities,15,123,two_level_random_sample,EXP_20260416_154815
15-2099.01,Bioinformatics Technicians,Trunk Strength,1.0,Abilities,15,123,two_level_random_sample,EXP_20260416_154815
15-2099.01,Bioinformatics Technicians,Stamina,1.0,Abilities,15,123,two_level_random_sample,EXP_20260416_154815
15-2099.01,Bioinformatics Technicians,Extent Flexibility,1.0,Abilities,15,123,two_level_random_sample,EXP_20260416_154815
15-2099.01,Bioinformatics Technicians,Dynamic Flexibility,1.0,Abilities,15,123,two_level_random_sample,EXP_20260416_154815
15-2099.01,Bioinformatics Technicians,Gross Body Coordination,1.0,Abilities,15,123,two_level_random_sample,EXP_20260416_154815
15-2099.01,Bioinformatics Technicians,Gross Body Equilibrium,1.0,Abilities,15,123,two_level_random_sample,EXP_20260416_154815
15-2099.01,Bioinformatics Technicians,Near Vision,3.38,Abilities,15,123,two_level_random_sample,EXP_20260416_154815
15-2099.01,Bioinformatics Technicians,Far Vision,2.88,Abilities,15,123,two_level_random_sample,EXP_20260416_154815
15-2099.01,Bioinformatics Technicians,Visual Color Discrimination,2.5,Abilities,15,123,two_level_random_sample,EXP_20260416_154815
15-2099.01,Bioinformatics Technicians,Night Vision,1.0,Abilities,15,123,two_level_random_sample,EXP_20260416_154815
15-2099.01,Bioinformatics Technicians,Peripheral Vision,1.0,Abilities,15,123,two_level_random_sample,EXP_20260416_154815
15-2099.01,Bioinformatics Technicians,Depth Perception,1.62,Abilities,15,123,two_level_random_sample,EXP_20260416_154815
15-2099.01,Bioinformatics Technicians,Glare Sensitivity,1.0,Abilities,15,123,two_level_random_sample,EXP_20260416_154815
15-2099.01,Bioinformatics Technicians,Hearing Sensitivity,1.88,Abilities,15,123,two_level_random_sample,EXP_20260416_154815
15-2099.01,Bioinformatics Technicians,Auditory Attention,1.88,Abilities,15,123,two_level_random_sample,EXP_20260416_154815
15-2099.01,Bioinformatics Technicians,Sound Localization,1.0,Abilities,15,123,two_level_random_sample,EXP_20260416_154815
15-2099.01,Bioinformatics Technicians,Speech Recognition,3.38,Abilities,15,123,two_level_random_sample,EXP_20260416_154815
15-2099.01,Bioinformatics Technicians,Speech Clarity,3.38,Abilities,15,123,two_level_random_sample,EXP_20260416_154815
17-1021.00,Cartographers and Photogrammetrists,Oral Comprehension,3.88,Abilities,17,123,two_level_random_sample,EXP_20260416_154815
17-1021.00,Cartographers and Photogrammetrists,Written Comprehension,4.0,Abilities,17,123,two_level_random_sample,EXP_20260416_154815
17-1021.00,Cartographers and Photogrammetrists,Oral Expression,3.5,Abilities,17,123,two_level_random_sample,EXP_20260416_154815
17-1021.00,Cartographers and Photogrammetrists,Written Expression,3.5,Abilities,17,123,two_level_random_sample,EXP_20260416_154815
17-1021.00,Cartographers and Photogrammetrists,Fluency of Ideas,3.0,Abilities,17,123,two_level_random_sample,EXP_20260416_154815
17-1021.00,Cartographers and Photogrammetrists,Originality,3.0,Abilities,17,123,two_level_random_sample,EXP_20260416_154815
17-1021.00,Cartographers and Photogrammetrists,Problem Sensitivity,3.12,Abilities,17,123,two_level_random_sample,EXP_20260416_154815
17-1021.00,Cartographers and Photogrammetrists,Deductive Reasoning,3.5,Abilities,17,123,two_level_random_sample,EXP_20260416_154815
17-1021.00,Cartographers and Photogrammetrists,Inductive Reasoning,3.62,Abilities,17,123,two_level_random_sample,EXP_20260416_154815
17-1021.00,Cartographers and Photogrammetrists,Information Ordering,3.25,Abilities,17,123,two_level_random_sample,EXP_20260416_154815
17-1021.00,Cartographers and Photogrammetrists,Category Flexibility,3.12,Abilities,17,123,two_level_random_sample,EXP_20260416_154815
17-1021.00,Cartographers and Photogrammetrists,Mathematical Reasoning,3.0,Abilities,17,123,two_level_random_sample,EXP_20260416_154815
17-1021.00,Cartographers and Photogrammetrists,Number Facility,2.88,Abilities,17,123,two_level_random_sample,EXP_20260416_154815
17-1021.00,Cartographers and Photogrammetrists,Memorization,2.5,Abilities,17,123,two_level_random_sample,EXP_20260416_154815
17-1021.00,Cartographers and Photogrammetrists,Speed of Closure,2.75,Abilities,17,123,two_level_random_sample,EXP_20260416_154815
17-1021.00,Cartographers and Photogrammetrists,Flexibility of Closure,3.38,Abilities,17,123,two_level_random_sample,EXP_20260416_154815
17-1021.00,Cartographers and Photogrammetrists,Perceptual Speed,3.0,Abilities,17,123,two_level_random_sample,EXP_20260416_154815
17-1021.00,Cartographers and Photogrammetrists,Spatial Orientation,1.38,Abilities,17,123,two_level_random_sample,EXP_20260416_154815
17-1021.00,Cartographers and Photogrammetrists,Visualization,3.25,Abilities,17,123,two_level_random_sample,EXP_20260416_154815
17-1021.00,Cartographers and Photogrammetrists,Selective Attention,3.0,Abilities,17,123,two_level_random_sample,EXP_20260416_154815
17-1021.00,Cartographers and Photogrammetrists,Time Sharing,2.62,Abilities,17,123,two_level_random_sample,EXP_20260416_154815
17-1021.00,Cartographers and Photogrammetrists,Arm-Hand Steadiness,2.88,Abilities,17,123,two_level_random_sample,EXP_20260416_154815
17-1021.00,Cartographers and Photogrammetrists,Manual Dexterity,2.25,Abilities,17,123,two_level_random_sample,EXP_20260416_154815
17-1021.00,Cartographers and Photogrammetrists,Finger Dexterity,2.88,Abilities,17,123,two_level_random_sample,EXP_20260416_154815
17-1021.00,Cartographers and Photogrammetrists,Control Precision,2.75,Abilities,17,123,two_level_random_sample,EXP_20260416_154815
17-1021.00,Cartographers and Photogrammetrists,Multilimb Coordination,1.25,Abilities,17,123,two_level_random_sample,EXP_20260416_154815
17-1021.00,Cartographers and Photogrammetrists,Response Orientation,1.12,Abilities,17,123,two_level_random_sample,EXP_20260416_154815
17-1021.00,Cartographers and Photogrammetrists,Rate Control,1.0,Abilities,17,123,two_level_random_sample,EXP_20260416_154815
17-1021.00,Cartographers and Photogrammetrists,Reaction Time,1.12,Abilities,17,123,two_level_random_sample,EXP_20260416_154815
17-1021.00,Cartographers and Photogrammetrists,Wrist-Finger Speed,1.38,Abilities,17,123,two_level_random_sample,EXP_20260416_154815
17-1021.00,Cartographers and Photogrammetrists,Speed of Limb Movement,1.0,Abilities,17,123,two_level_random_sample,EXP_20260416_154815
17-1021.00,Cartographers and Photogrammetrists,Static Strength,1.0,Abilities,17,123,two_level_random_sample,EXP_20260416_154815
17-1021.00,Cartographers and Photogrammetrists,Explosive Strength,1.0,Abilities,17,123,two_level_random_sample,EXP_20260416_154815
17-1021.00,Cartographers and Photogrammetrists,Dynamic Strength,1.5,Abilities,17,123,two_level_random_sample,EXP_20260416_154815
17-1021.00,Cartographers and Photogrammetrists,Trunk Strength,2.0,Abilities,17,123,two_level_random_sample,EXP_20260416_154815
17-1021.00,Cartographers and Photogrammetrists,Stamina,1.0,Abilities,17,123,two_level_random_sample,EXP_20260416_154815
17-1021.00,Cartographers and Photogrammetrists,Extent Flexibility,1.5,Abilities,17,123,two_level_random_sample,EXP_20260416_154815
17-1021.00,Cartographers and Photogrammetrists,Dynamic Flexibility,1.0,Abilities,17,123,two_level_random_sample,EXP_20260416_154815
17-1021.00,Cartographers and Photogrammetrists,Gross Body Coordination,1.0,Abilities,17,123,two_level_random_sample,EXP_20260416_154815
17-1021.00,Cartographers and Photogrammetrists,Gross Body Equilibrium,1.0,Abilities,17,123,two_level_random_sample,EXP_20260416_154815
17-1021.00,Cartographers and Photogrammetrists,Near Vision,3.88,Abilities,17,123,two_level_random_sample,EXP_20260416_154815
17-1021.00,Cartographers and Photogrammetrists,Far Vision,3.25,Abilities,17,123,two_level_random_sample,EXP_20260416_154815
17-1021.00,Cartographers and Photogrammetrists,Visual Color Discrimination,2.88,Abilities,17,123,two_level_random_sample,EXP_20260416_154815
17-1021.00,Cartographers and Photogrammetrists,Night Vision,1.0,Abilities,17,123,two_level_random_sample,EXP_20260416_154815
17-1021.00,Cartographers and Photogrammetrists,Peripheral Vision,1.0,Abilities,17,123,two_level_random_sample,EXP_20260416_154815
17-1021.00,Cartographers and Photogrammetrists,Depth Perception,2.25,Abilities,17,123,two_level_random_sample,EXP_20260416_154815
17-1021.00,Cartographers and Photogrammetrists,Glare Sensitivity,1.0,Abilities,17,123,two_level_random_sample,EXP_20260416_154815
17-1021.00,Cartographers and Photogrammetrists,Hearing Sensitivity,1.75,Abilities,17,123,two_level_random_sample,EXP_20260416_154815
17-1021.00,Cartographers and Photogrammetrists,Auditory Attention,2.25,Abilities,17,123,two_level_random_sample,EXP_20260416_154815
17-1021.00,Cartographers and Photogrammetrists,Sound Localization,1.0,Abilities,17,123,two_level_random_sample,EXP_20260416_154815
17-1021.00,Cartographers and Photogrammetrists,Speech Recognition,3.12,Abilities,17,123,two_level_random_sample,EXP_20260416_154815
17-1021.00,Cartographers and Photogrammetrists,Speech Clarity,3.12,Abilities,17,123,two_level_random_sample,EXP_20260416_154815
17-1022.00,Surveyors,Oral Comprehension,3.75,Abilities,17,123,two_level_random_sample,EXP_20260416_154815
17-1022.00,Surveyors,Written Comprehension,4.0,Abilities,17,123,two_level_random_sample,EXP_20260416_154815
17-1022.00,Surveyors,Oral Expression,3.75,Abilities,17,123,two_level_random_sample,EXP_20260416_154815
17-1022.00,Surveyors,Written Expression,3.88,Abilities,17,123,two_level_random_sample,EXP_20260416_154815
17-1022.00,Surveyors,Fluency of Ideas,3.0,Abilities,17,123,two_level_random_sample,EXP_20260416_154815
17-1022.00,Surveyors,Originality,2.88,Abilities,17,123,two_level_random_sample,EXP_20260416_154815
17-1022.00,Surveyors,Problem Sensitivity,3.62,Abilities,17,123,two_level_random_sample,EXP_20260416_154815
17-1022.00,Surveyors,Deductive Reasoning,4.0,Abilities,17,123,two_level_random_sample,EXP_20260416_154815
17-1022.00,Surveyors,Inductive Reasoning,3.88,Abilities,17,123,two_level_random_sample,EXP_20260416_154815
17-1022.00,Surveyors,Information Ordering,3.62,Abilities,17,123,two_level_random_sample,EXP_20260416_154815
17-1022.00,Surveyors,Category Flexibility,3.12,Abilities,17,123,two_level_random_sample,EXP_20260416_154815
17-1022.00,Surveyors,Mathematical Reasoning,4.0,Abilities,17,123,two_level_random_sample,EXP_20260416_154815
17-1022.00,Surveyors,Number Facility,3.75,Abilities,17,123,two_level_random_sample,EXP_20260416_154815
17-1022.00,Surveyors,Memorization,2.62,Abilities,17,123,two_level_random_sample,EXP_20260416_154815
17-1022.00,Surveyors,Speed of Closure,3.0,Abilities,17,123,two_level_random_sample,EXP_20260416_154815
17-1022.00,Surveyors,Flexibility of Closure,3.12,Abilities,17,123,two_level_random_sample,EXP_20260416_154815
17-1022.00,Surveyors,Perceptual Speed,3.12,Abilities,17,123,two_level_random_sample,EXP_20260416_154815
17-1022.00,Surveyors,Spatial Orientation,3.12,Abilities,17,123,two_level_random_sample,EXP_20260416_154815
17-1022.00,Surveyors,Visualization,3.12,Abilities,17,123,two_level_random_sample,EXP_20260416_154815
17-1022.00,Surveyors,Selective Attention,3.0,Abilities,17,123,two_level_random_sample,EXP_20260416_154815
17-1022.00,Surveyors,Time Sharing,2.75,Abilities,17,123,two_level_random_sample,EXP_20260416_154815
17-1022.00,Surveyors,Arm-Hand Steadiness,3.0,Abilities,17,123,two_level_random_sample,EXP_20260416_154815
17-1022.00,Surveyors,Manual Dexterity,2.88,Abilities,17,123,two_level_random_sample,EXP_20260416_154815
17-1022.00,Surveyors,Finger Dexterity,3.0,Abilities,17,123,two_level_random_sample,EXP_20260416_154815
17-1022.00,Surveyors,Control Precision,3.0,Abilities,17,123,two_level_random_sample,EXP_20260416_154815
17-1022.00,Surveyors,Multilimb Coordination,2.75,Abilities,17,123,two_level_random_sample,EXP_20260416_154815
17-1022.00,Surveyors,Response Orientation,1.75,Abilities,17,123,two_level_random_sample,EXP_20260416_154815
17-1022.00,Surveyors,Rate Control,1.75,Abilities,17,123,two_level_random_sample,EXP_20260416_154815
17-1022.00,Surveyors,Reaction Time,2.12,Abilities,17,123,two_level_random_sample,EXP_20260416_154815
17-1022.00,Surveyors,Wrist-Finger Speed,2.0,Abilities,17,123,two_level_random_sample,EXP_20260416_154815
17-1022.00,Surveyors,Speed of Limb Movement,1.62,Abilities,17,123,two_level_random_sample,EXP_20260416_154815
17-1022.00,Surveyors,Static Strength,2.12,Abilities,17,123,two_level_random_sample,EXP_20260416_154815
17-1022.00,Surveyors,Explosive Strength,1.62,Abilities,17,123,two_level_random_sample,EXP_20260416_154815
17-1022.00,Surveyors,Dynamic Strength,2.0,Abilities,17,123,two_level_random_sample,EXP_20260416_154815
17-1022.00,Surveyors,Trunk Strength,2.5,Abilities,17,123,two_level_random_sample,EXP_20260416_154815
17-1022.00,Surveyors,Stamina,2.12,Abilities,17,123,two_level_random_sample,EXP_20260416_154815
17-1022.00,Surveyors,Extent Flexibility,2.38,Abilities,17,123,two_level_random_sample,EXP_20260416_154815
17-1022.00,Surveyors,Dynamic Flexibility,1.0,Abilities,17,123,two_level_random_sample,EXP_20260416_154815
17-1022.00,Surveyors,Gross Body Coordination,2.0,Abilities,17,123,two_level_random_sample,EXP_20260416_154815
17-1022.00,Surveyors,Gross Body Equilibrium,1.88,Abilities,17,123,two_level_random_sample,EXP_20260416_154815
17-1022.00,Surveyors,Near Vision,3.88,Abilities,17,123,two_level_random_sample,EXP_20260416_154815
17-1022.00,Surveyors,Far Vision,3.62,Abilities,17,123,two_level_random_sample,EXP_20260416_154815
17-1022.00,Surveyors,Visual Color Discrimination,2.88,Abilities,17,123,two_level_random_sample,EXP_20260416_154815
17-1022.00,Surveyors,Night Vision,1.5,Abilities,17,123,two_level_random_sample,EXP_20260416_154815
17-1022.00,Surveyors,Peripheral Vision,1.88,Abilities,17,123,two_level_random_sample,EXP_20260416_154815
17-1022.00,Surveyors,Depth Perception,3.0,Abilities,17,123,two_level_random_sample,EXP_20260416_154815
17-1022.00,Surveyors,Glare Sensitivity,2.12,Abilities,17,123,two_level_random_sample,EXP_20260416_154815
17-1022.00,Surveyors,Hearing Sensitivity,1.88,Abilities,17,123,two_level_random_sample,EXP_20260416_154815
17-1022.00,Surveyors,Auditory Attention,2.0,Abilities,17,123,two_level_random_sample,EXP_20260416_154815
17-1022.00,Surveyors,Sound Localization,1.62,Abilities,17,123,two_level_random_sample,EXP_20260416_154815
17-1022.00,Surveyors,Speech Recognition,3.62,Abilities,17,123,two_level_random_sample,EXP_20260416_154815
17-1022.00,Surveyors,Speech Clarity,3.62,Abilities,17,123,two_level_random_sample,EXP_20260416_154815
17-2011.00,Aerospace Engineers,Oral Comprehension,3.88,Abilities,17,123,two_level_random_sample,EXP_20260416_154815
17-2011.00,Aerospace Engineers,Written Comprehension,4.12,Abilities,17,123,two_level_random_sample,EXP_20260416_154815
17-2011.00,Aerospace Engineers,Oral Expression,3.88,Abilities,17,123,two_level_random_sample,EXP_20260416_154815
17-2011.00,Aerospace Engineers,Written Expression,3.88,Abilities,17,123,two_level_random_sample,EXP_20260416_154815
17-2011.00,Aerospace Engineers,Fluency of Ideas,3.5,Abilities,17,123,two_level_random_sample,EXP_20260416_154815
17-2011.00,Aerospace Engineers,Originality,3.38,Abilities,17,123,two_level_random_sample,EXP_20260416_154815
17-2011.00,Aerospace Engineers,Problem Sensitivity,4.0,Abilities,17,123,two_level_random_sample,EXP_20260416_154815
17-2011.00,Aerospace Engineers,Deductive Reasoning,4.0,Abilities,17,123,two_level_random_sample,EXP_20260416_154815
17-2011.00,Aerospace Engineers,Inductive Reasoning,4.0,Abilities,17,123,two_level_random_sample,EXP_20260416_154815
17-2011.00,Aerospace Engineers,Information Ordering,4.0,Abilities,17,123,two_level_random_sample,EXP_20260416_154815
17-2011.00,Aerospace Engineers,Category Flexibility,3.5,Abilities,17,123,two_level_random_sample,EXP_20260416_154815
17-2011.00,Aerospace Engineers,Mathematical Reasoning,3.88,Abilities,17,123,two_level_random_sample,EXP_20260416_154815
17-2011.00,Aerospace Engineers,Number Facility,3.38,Abilities,17,123,two_level_random_sample,EXP_20260416_154815
17-2011.00,Aerospace Engineers,Memorization,2.62,Abilities,17,123,two_level_random_sample,EXP_20260416_154815
17-2011.00,Aerospace Engineers,Speed of Closure,2.75,Abilities,17,123,two_level_random_sample,EXP_20260416_154815
17-2011.00,Aerospace Engineers,Flexibility of Closure,3.12,Abilities,17,123,two_level_random_sample,EXP_20260416_154815
17-2011.00,Aerospace Engineers,Perceptual Speed,3.0,Abilities,17,123,two_level_random_sample,EXP_20260416_154815
17-2011.00,Aerospace Engineers,Spatial Orientation,1.0,Abilities,17,123,two_level_random_sample,EXP_20260416_154815
17-2011.00,Aerospace Engineers,Visualization,3.25,Abilities,17,123,two_level_random_sample,EXP_20260416_154815
17-2011.00,Aerospace Engineers,Selective Attention,3.0,Abilities,17,123,two_level_random_sample,EXP_20260416_154815
17-2011.00,Aerospace Engineers,Time Sharing,2.75,Abilities,17,123,two_level_random_sample,EXP_20260416_154815
17-2011.00,Aerospace Engineers,Arm-Hand Steadiness,1.0,Abilities,17,123,two_level_random_sample,EXP_20260416_154815
17-2011.00,Aerospace Engineers,Manual Dexterity,1.0,Abilities,17,123,two_level_random_sample,EXP_20260416_154815
17-2011.00,Aerospace Engineers,Finger Dexterity,2.25,Abilities,17,123,two_level_random_sample,EXP_20260416_154815
17-2011.00,Aerospace Engineers,Control Precision,1.0,Abilities,17,123,two_level_random_sample,EXP_20260416_154815
17-2011.00,Aerospace Engineers,Multilimb Coordination,1.0,Abilities,17,123,two_level_random_sample,EXP_20260416_154815
17-2011.00,Aerospace Engineers,Response Orientation,1.0,Abilities,17,123,two_level_random_sample,EXP_20260416_154815
17-2011.00,Aerospace Engineers,Rate Control,1.0,Abilities,17,123,two_level_random_sample,EXP_20260416_154815
17-2011.00,Aerospace Engineers,Reaction Time,1.0,Abilities,17,123,two_level_random_sample,EXP_20260416_154815
17-2011.00,Aerospace Engineers,Wrist-Finger Speed,1.25,Abilities,17,123,two_level_random_sample,EXP_20260416_154815
17-2011.00,Aerospace Engineers,Speed of Limb Movement,1.0,Abilities,17,123,two_level_random_sample,EXP_20260416_154815
17-2011.00,Aerospace Engineers,Static Strength,1.0,Abilities,17,123,two_level_random_sample,EXP_20260416_154815
17-2011.00,Aerospace Engineers,Explosive Strength,1.0,Abilities,17,123,two_level_random_sample,EXP_20260416_154815
17-2011.00,Aerospace Engineers,Dynamic Strength,1.0,Abilities,17,123,two_level_random_sample,EXP_20260416_154815
17-2011.00,Aerospace Engineers,Trunk Strength,1.5,Abilities,17,123,two_level_random_sample,EXP_20260416_154815
17-2011.00,Aerospace Engineers,Stamina,1.0,Abilities,17,123,two_level_random_sample,EXP_20260416_154815
17-2011.00,Aerospace Engineers,Extent Flexibility,1.0,Abilities,17,123,two_level_random_sample,EXP_20260416_154815
17-2011.00,Aerospace Engineers,Dynamic Flexibility,1.0,Abilities,17,123,two_level_random_sample,EXP_20260416_154815
17-2011.00,Aerospace Engineers,Gross Body Coordination,1.0,Abilities,17,123,two_level_random_sample,EXP_20260416_154815
17-2011.00,Aerospace Engineers,Gross Body Equilibrium,1.0,Abilities,17,123,two_level_random_sample,EXP_20260416_154815
17-2011.00,Aerospace Engineers,Near Vision,3.75,Abilities,17,123,two_level_random_sample,EXP_20260416_154815
17-2011.00,Aerospace Engineers,Far Vision,3.12,Abilities,17,123,two_level_random_sample,EXP_20260416_154815
17-2011.00,Aerospace Engineers,Visual Color Discrimination,3.0,Abilities,17,123,two_level_random_sample,EXP_20260416_154815
17-2011.00,Aerospace Engineers,Night Vision,1.0,Abilities,17,123,two_level_random_sample,EXP_20260416_154815
17-2011.00,Aerospace Engineers,Peripheral Vision,1.0,Abilities,17,123,two_level_random_sample,EXP_20260416_154815
17-2011.00,Aerospace Engineers,Depth Perception,2.0,Abilities,17,123,two_level_random_sample,EXP_20260416_154815
17-2011.00,Aerospace Engineers,Glare Sensitivity,1.0,Abilities,17,123,two_level_random_sample,EXP_20260416_154815
17-2011.00,Aerospace Engineers,Hearing Sensitivity,2.62,Abilities,17,123,two_level_random_sample,EXP_20260416_154815
17-2011.00,Aerospace Engineers,Auditory Attention,2.75,Abilities,17,123,two_level_random_sample,EXP_20260416_154815
17-2011.00,Aerospace Engineers,Sound Localization,1.0,Abilities,17,123,two_level_random_sample,EXP_20260416_154815
17-2011.00,Aerospace Engineers,Speech Recognition,3.38,Abilities,17,123,two_level_random_sample,EXP_20260416_154815
17-2011.00,Aerospace Engineers,Speech Clarity,3.62,Abilities,17,123,two_level_random_sample,EXP_20260416_154815
17-2021.00,Agricultural Engineers,Oral Comprehension,4.0,Abilities,17,123,two_level_random_sample,EXP_20260416_154815
17-2021.00,Agricultural Engineers,Written Comprehension,4.0,Abilities,17,123,two_level_random_sample,EXP_20260416_154815
17-2021.00,Agricultural Engineers,Oral Expression,4.0,Abilities,17,123,two_level_random_sample,EXP_20260416_154815
17-2021.00,Agricultural Engineers,Written Expression,4.0,Abilities,17,123,two_level_random_sample,EXP_20260416_154815
17-2021.00,Agricultural Engineers,Fluency of Ideas,3.5,Abilities,17,123,two_level_random_sample,EXP_20260416_154815
17-2021.00,Agricultural Engineers,Originality,3.38,Abilities,17,123,two_level_random_sample,EXP_20260416_154815
17-2021.00,Agricultural Engineers,Problem Sensitivity,3.88,Abilities,17,123,two_level_random_sample,EXP_20260416_154815
17-2021.00,Agricultural Engineers,Deductive Reasoning,4.0,Abilities,17,123,two_level_random_sample,EXP_20260416_154815
17-2021.00,Agricultural Engineers,Inductive Reasoning,4.0,Abilities,17,123,two_level_random_sample,EXP_20260416_154815
17-2021.00,Agricultural Engineers,Information Ordering,3.75,Abilities,17,123,two_level_random_sample,EXP_20260416_154815
17-2021.00,Agricultural Engineers,Category Flexibility,3.75,Abilities,17,123,two_level_random_sample,EXP_20260416_154815
17-2021.00,Agricultural Engineers,Mathematical Reasoning,3.38,Abilities,17,123,two_level_random_sample,EXP_20260416_154815
17-2021.00,Agricultural Engineers,Number Facility,3.25,Abilities,17,123,two_level_random_sample,EXP_20260416_154815
17-2021.00,Agricultural Engineers,Memorization,2.25,Abilities,17,123,two_level_random_sample,EXP_20260416_154815
17-2021.00,Agricultural Engineers,Speed of Closure,2.25,Abilities,17,123,two_level_random_sample,EXP_20260416_154815
17-2021.00,Agricultural Engineers,Flexibility of Closure,3.0,Abilities,17,123,two_level_random_sample,EXP_20260416_154815
17-2021.00,Agricultural Engineers,Perceptual Speed,2.88,Abilities,17,123,two_level_random_sample,EXP_20260416_154815
17-2021.00,Agricultural Engineers,Spatial Orientation,2.0,Abilities,17,123,two_level_random_sample,EXP_20260416_154815
17-2021.00,Agricultural Engineers,Visualization,3.62,Abilities,17,123,two_level_random_sample,EXP_20260416_154815
17-2021.00,Agricultural Engineers,Selective Attention,3.0,Abilities,17,123,two_level_random_sample,EXP_20260416_154815
17-2021.00,Agricultural Engineers,Time Sharing,2.88,Abilities,17,123,two_level_random_sample,EXP_20260416_154815
17-2021.00,Agricultural Engineers,Arm-Hand Steadiness,2.0,Abilities,17,123,two_level_random_sample,EXP_20260416_154815
17-2021.00,Agricultural Engineers,Manual Dexterity,1.88,Abilities,17,123,two_level_random_sample,EXP_20260416_154815
17-2021.00,Agricultural Engineers,Finger Dexterity,2.0,Abilities,17,123,two_level_random_sample,EXP_20260416_154815
17-2021.00,Agricultural Engineers,Control Precision,2.25,Abilities,17,123,two_level_random_sample,EXP_20260416_154815
17-2021.00,Agricultural Engineers,Multilimb Coordination,2.0,Abilities,17,123,two_level_random_sample,EXP_20260416_154815
17-2021.00,Agricultural Engineers,Response Orientation,1.88,Abilities,17,123,two_level_random_sample,EXP_20260416_154815
17-2021.00,Agricultural Engineers,Rate Control,1.88,Abilities,17,123,two_level_random_sample,EXP_20260416_154815
17-2021.00,Agricultural Engineers,Reaction Time,2.0,Abilities,17,123,two_level_random_sample,EXP_20260416_154815
17-2021.00,Agricultural Engineers,Wrist-Finger Speed,1.5,Abilities,17,123,two_level_random_sample,EXP_20260416_154815
17-2021.00,Agricultural Engineers,Speed of Limb Movement,1.0,Abilities,17,123,two_level_random_sample,EXP_20260416_154815
17-2021.00,Agricultural Engineers,Static Strength,1.88,Abilities,17,123,two_level_random_sample,EXP_20260416_154815
17-2021.00,Agricultural Engineers,Explosive Strength,1.38,Abilities,17,123,two_level_random_sample,EXP_20260416_154815
17-2021.00,Agricultural Engineers,Dynamic Strength,1.5,Abilities,17,123,two_level_random_sample,EXP_20260416_154815
17-2021.00,Agricultural Engineers,Trunk Strength,1.88,Abilities,17,123,two_level_random_sample,EXP_20260416_154815
17-2021.00,Agricultural Engineers,Stamina,1.5,Abilities,17,123,two_level_random_sample,EXP_20260416_154815
17-2021.00,Agricultural Engineers,Extent Flexibility,1.75,Abilities,17,123,two_level_random_sample,EXP_20260416_154815
17-2021.00,Agricultural Engineers,Dynamic Flexibility,1.0,Abilities,17,123,two_level_random_sample,EXP_20260416_154815
17-2021.00,Agricultural Engineers,Gross Body Coordination,1.5,Abilities,17,123,two_level_random_sample,EXP_20260416_154815
17-2021.00,Agricultural Engineers,Gross Body Equilibrium,1.5,Abilities,17,123,two_level_random_sample,EXP_20260416_154815
17-2021.00,Agricultural Engineers,Near Vision,3.62,Abilities,17,123,two_level_random_sample,EXP_20260416_154815
17-2021.00,Agricultural Engineers,Far Vision,3.0,Abilities,17,123,two_level_random_sample,EXP_20260416_154815
17-2021.00,Agricultural Engineers,Visual Color Discrimination,2.75,Abilities,17,123,two_level_random_sample,EXP_20260416_154815
17-2021.00,Agricultural Engineers,Night Vision,1.5,Abilities,17,123,two_level_random_sample,EXP_20260416_154815
17-2021.00,Agricultural Engineers,Peripheral Vision,1.88,Abilities,17,123,two_level_random_sample,EXP_20260416_154815
17-2021.00,Agricultural Engineers,Depth Perception,2.12,Abilities,17,123,two_level_random_sample,EXP_20260416_154815
17-2021.00,Agricultural Engineers,Glare Sensitivity,1.62,Abilities,17,123,two_level_random_sample,EXP_20260416_154815
17-2021.00,Agricultural Engineers,Hearing Sensitivity,2.62,Abilities,17,123,two_level_random_sample,EXP_20260416_154815
17-2021.00,Agricultural Engineers,Auditory Attention,2.62,Abilities,17,123,two_level_random_sample,EXP_20260416_154815
17-2021.00,Agricultural Engineers,Sound Localization,1.75,Abilities,17,123,two_level_random_sample,EXP_20260416_154815
17-2021.00,Agricultural Engineers,Speech Recognition,3.5,Abilities,17,123,two_level_random_sample,EXP_20260416_154815
17-2021.00,Agricultural Engineers,Speech Clarity,3.62,Abilities,17,123,two_level_random_sample,EXP_20260416_154815
17-2111.02,Fire-Prevention and Protection Engineers,Oral Comprehension,4.0,Abilities,17,123,two_level_random_sample,EXP_20260416_154815
17-2111.02,Fire-Prevention and Protection Engineers,Written Comprehension,4.0,Abilities,17,123,two_level_random_sample,EXP_20260416_154815
17-2111.02,Fire-Prevention and Protection Engineers,Oral Expression,4.0,Abilities,17,123,two_level_random_sample,EXP_20260416_154815
17-2111.02,Fire-Prevention and Protection Engineers,Written Expression,4.0,Abilities,17,123,two_level_random_sample,EXP_20260416_154815
17-2111.02,Fire-Prevention and Protection Engineers,Fluency of Ideas,3.5,Abilities,17,123,two_level_random_sample,EXP_20260416_154815
17-2111.02,Fire-Prevention and Protection Engineers,Originality,3.25,Abilities,17,123,two_level_random_sample,EXP_20260416_154815
17-2111.02,Fire-Prevention and Protection Engineers,Problem Sensitivity,4.38,Abilities,17,123,two_level_random_sample,EXP_20260416_154815
17-2111.02,Fire-Prevention and Protection Engineers,Deductive Reasoning,4.12,Abilities,17,123,two_level_random_sample,EXP_20260416_154815
17-2111.02,Fire-Prevention and Protection Engineers,Inductive Reasoning,4.12,Abilities,17,123,two_level_random_sample,EXP_20260416_154815
17-2111.02,Fire-Prevention and Protection Engineers,Information Ordering,3.88,Abilities,17,123,two_level_random_sample,EXP_20260416_154815
17-2111.02,Fire-Prevention and Protection Engineers,Category Flexibility,3.88,Abilities,17,123,two_level_random_sample,EXP_20260416_154815
17-2111.02,Fire-Prevention and Protection Engineers,Mathematical Reasoning,3.25,Abilities,17,123,two_level_random_sample,EXP_20260416_154815
17-2111.02,Fire-Prevention and Protection Engineers,Number Facility,3.12,Abilities,17,123,two_level_random_sample,EXP_20260416_154815
17-2111.02,Fire-Prevention and Protection Engineers,Memorization,2.62,Abilities,17,123,two_level_random_sample,EXP_20260416_154815
17-2111.02,Fire-Prevention and Protection Engineers,Speed of Closure,3.0,Abilities,17,123,two_level_random_sample,EXP_20260416_154815
17-2111.02,Fire-Prevention and Protection Engineers,Flexibility of Closure,3.75,Abilities,17,123,two_level_random_sample,EXP_20260416_154815
17-2111.02,Fire-Prevention and Protection Engineers,Perceptual Speed,3.12,Abilities,17,123,two_level_random_sample,EXP_20260416_154815
17-2111.02,Fire-Prevention and Protection Engineers,Spatial Orientation,1.75,Abilities,17,123,two_level_random_sample,EXP_20260416_154815
17-2111.02,Fire-Prevention and Protection Engineers,Visualization,3.38,Abilities,17,123,two_level_random_sample,EXP_20260416_154815
17-2111.02,Fire-Prevention and Protection Engineers,Selective Attention,2.88,Abilities,17,123,two_level_random_sample,EXP_20260416_154815
17-2111.02,Fire-Prevention and Protection Engineers,Time Sharing,2.5,Abilities,17,123,two_level_random_sample,EXP_20260416_154815
17-2111.02,Fire-Prevention and Protection Engineers,Arm-Hand Steadiness,1.0,Abilities,17,123,two_level_random_sample,EXP_20260416_154815
17-2111.02,Fire-Prevention and Protection Engineers,Manual Dexterity,1.0,Abilities,17,123,two_level_random_sample,EXP_20260416_154815
17-2111.02,Fire-Prevention and Protection Engineers,Finger Dexterity,1.88,Abilities,17,123,two_level_random_sample,EXP_20260416_154815
17-2111.02,Fire-Prevention and Protection Engineers,Control Precision,1.5,Abilities,17,123,two_level_random_sample,EXP_20260416_154815
17-2111.02,Fire-Prevention and Protection Engineers,Multilimb Coordination,1.38,Abilities,17,123,two_level_random_sample,EXP_20260416_154815
17-2111.02,Fire-Prevention and Protection Engineers,Response Orientation,1.0,Abilities,17,123,two_level_random_sample,EXP_20260416_154815
17-2111.02,Fire-Prevention and Protection Engineers,Rate Control,1.0,Abilities,17,123,two_level_random_sample,EXP_20260416_154815
17-2111.02,Fire-Prevention and Protection Engineers,Reaction Time,1.0,Abilities,17,123,two_level_random_sample,EXP_20260416_154815
17-2111.02,Fire-Prevention and Protection Engineers,Wrist-Finger Speed,1.88,Abilities,17,123,two_level_random_sample,EXP_20260416_154815
17-2111.02,Fire-Prevention and Protection Engineers,Speed of Limb Movement,1.0,Abilities,17,123,two_level_random_sample,EXP_20260416_154815
17-2111.02,Fire-Prevention and Protection Engineers,Static Strength,1.0,Abilities,17,123,two_level_random_sample,EXP_20260416_154815
17-2111.02,Fire-Prevention and Protection Engineers,Explosive Strength,1.0,Abilities,17,123,two_level_random_sample,EXP_20260416_154815
17-2111.02,Fire-Prevention and Protection Engineers,Dynamic Strength,1.0,Abilities,17,123,two_level_random_sample,EXP_20260416_154815
17-2111.02,Fire-Prevention and Protection Engineers,Trunk Strength,1.88,Abilities,17,123,two_level_random_sample,EXP_20260416_154815
17-2111.02,Fire-Prevention and Protection Engineers,Stamina,1.12,Abilities,17,123,two_level_random_sample,EXP_20260416_154815
17-2111.02,Fire-Prevention and Protection Engineers,Extent Flexibility,1.25,Abilities,17,123,two_level_random_sample,EXP_20260416_154815
17-2111.02,Fire-Prevention and Protection Engineers,Dynamic Flexibility,1.0,Abilities,17,123,two_level_random_sample,EXP_20260416_154815
17-2111.02,Fire-Prevention and Protection Engineers,Gross Body Coordination,1.12,Abilities,17,123,two_level_random_sample,EXP_20260416_154815
17-2111.02,Fire-Prevention and Protection Engineers,Gross Body Equilibrium,1.12,Abilities,17,123,two_level_random_sample,EXP_20260416_154815
17-2111.02,Fire-Prevention and Protection Engineers,Near Vision,4.0,Abilities,17,123,two_level_random_sample,EXP_20260416_154815
17-2111.02,Fire-Prevention and Protection Engineers,Far Vision,3.5,Abilities,17,123,two_level_random_sample,EXP_20260416_154815
17-2111.02,Fire-Prevention and Protection Engineers,Visual Color Discrimination,3.0,Abilities,17,123,two_level_random_sample,EXP_20260416_154815
17-2111.02,Fire-Prevention and Protection Engineers,Night Vision,1.0,Abilities,17,123,two_level_random_sample,EXP_20260416_154815
17-2111.02,Fire-Prevention and Protection Engineers,Peripheral Vision,1.0,Abilities,17,123,two_level_random_sample,EXP_20260416_154815
17-2111.02,Fire-Prevention and Protection Engineers,Depth Perception,2.12,Abilities,17,123,two_level_random_sample,EXP_20260416_154815
17-2111.02,Fire-Prevention and Protection Engineers,Glare Sensitivity,1.0,Abilities,17,123,two_level_random_sample,EXP_20260416_154815
17-2111.02,Fire-Prevention and Protection Engineers,Hearing Sensitivity,2.12,Abilities,17,123,two_level_random_sample,EXP_20260416_154815
17-2111.02,Fire-Prevention and Protection Engineers,Auditory Attention,2.38,Abilities,17,123,two_level_random_sample,EXP_20260416_154815
17-2111.02,Fire-Prevention and Protection Engineers,Sound Localization,1.0,Abilities,17,123,two_level_random_sample,EXP_20260416_154815
17-2111.02,Fire-Prevention and Protection Engineers,Speech Recognition,3.62,Abilities,17,123,two_level_random_sample,EXP_20260416_154815
17-2111.02,Fire-Prevention and Protection Engineers,Speech Clarity,3.88,Abilities,17,123,two_level_random_sample,EXP_20260416_154815
17-2141.00,Mechanical Engineers,Oral Comprehension,4.0,Abilities,17,123,two_level_random_sample,EXP_20260416_154815
17-2141.00,Mechanical Engineers,Written Comprehension,4.0,Abilities,17,123,two_level_random_sample,EXP_20260416_154815
17-2141.00,Mechanical Engineers,Oral Expression,4.0,Abilities,17,123,two_level_random_sample,EXP_20260416_154815
17-2141.00,Mechanical Engineers,Written Expression,3.62,Abilities,17,123,two_level_random_sample,EXP_20260416_154815
17-2141.00,Mechanical Engineers,Fluency of Ideas,3.5,Abilities,17,123,two_level_random_sample,EXP_20260416_154815
17-2141.00,Mechanical Engineers,Originality,3.38,Abilities,17,123,two_level_random_sample,EXP_20260416_154815
17-2141.00,Mechanical Engineers,Problem Sensitivity,4.0,Abilities,17,123,two_level_random_sample,EXP_20260416_154815
17-2141.00,Mechanical Engineers,Deductive Reasoning,4.0,Abilities,17,123,two_level_random_sample,EXP_20260416_154815
17-2141.00,Mechanical Engineers,Inductive Reasoning,4.0,Abilities,17,123,two_level_random_sample,EXP_20260416_154815
17-2141.00,Mechanical Engineers,Information Ordering,3.88,Abilities,17,123,two_level_random_sample,EXP_20260416_154815
17-2141.00,Mechanical Engineers,Category Flexibility,3.5,Abilities,17,123,two_level_random_sample,EXP_20260416_154815
17-2141.00,Mechanical Engineers,Mathematical Reasoning,3.88,Abilities,17,123,two_level_random_sample,EXP_20260416_154815
17-2141.00,Mechanical Engineers,Number Facility,3.62,Abilities,17,123,two_level_random_sample,EXP_20260416_154815
17-2141.00,Mechanical Engineers,Memorization,3.0,Abilities,17,123,two_level_random_sample,EXP_20260416_154815
17-2141.00,Mechanical Engineers,Speed of Closure,2.88,Abilities,17,123,two_level_random_sample,EXP_20260416_154815
17-2141.00,Mechanical Engineers,Flexibility of Closure,3.25,Abilities,17,123,two_level_random_sample,EXP_20260416_154815
17-2141.00,Mechanical Engineers,Perceptual Speed,3.0,Abilities,17,123,two_level_random_sample,EXP_20260416_154815
17-2141.00,Mechanical Engineers,Spatial Orientation,1.5,Abilities,17,123,two_level_random_sample,EXP_20260416_154815
17-2141.00,Mechanical Engineers,Visualization,3.5,Abilities,17,123,two_level_random_sample,EXP_20260416_154815
17-2141.00,Mechanical Engineers,Selective Attention,3.0,Abilities,17,123,two_level_random_sample,EXP_20260416_154815
17-2141.00,Mechanical Engineers,Time Sharing,2.62,Abilities,17,123,two_level_random_sample,EXP_20260416_154815
17-2141.00,Mechanical Engineers,Arm-Hand Steadiness,2.0,Abilities,17,123,two_level_random_sample,EXP_20260416_154815
17-2141.00,Mechanical Engineers,Manual Dexterity,1.62,Abilities,17,123,two_level_random_sample,EXP_20260416_154815
17-2141.00,Mechanical Engineers,Finger Dexterity,2.25,Abilities,17,123,two_level_random_sample,EXP_20260416_154815
17-2141.00,Mechanical Engineers,Control Precision,1.88,Abilities,17,123,two_level_random_sample,EXP_20260416_154815
17-2141.00,Mechanical Engineers,Multilimb Coordination,1.0,Abilities,17,123,two_level_random_sample,EXP_20260416_154815
17-2141.00,Mechanical Engineers,Response Orientation,1.0,Abilities,17,123,two_level_random_sample,EXP_20260416_154815
17-2141.00,Mechanical Engineers,Rate Control,1.38,Abilities,17,123,two_level_random_sample,EXP_20260416_154815
17-2141.00,Mechanical Engineers,Reaction Time,1.88,Abilities,17,123,two_level_random_sample,EXP_20260416_154815
17-2141.00,Mechanical Engineers,Wrist-Finger Speed,1.75,Abilities,17,123,two_level_random_sample,EXP_20260416_154815
17-2141.00,Mechanical Engineers,Speed of Limb Movement,1.0,Abilities,17,123,two_level_random_sample,EXP_20260416_154815
17-2141.00,Mechanical Engineers,Static Strength,1.0,Abilities,17,123,two_level_random_sample,EXP_20260416_154815
17-2141.00,Mechanical Engineers,Explosive Strength,1.0,Abilities,17,123,two_level_random_sample,EXP_20260416_154815
17-2141.00,Mechanical Engineers,Dynamic Strength,1.0,Abilities,17,123,two_level_random_sample,EXP_20260416_154815
17-2141.00,Mechanical Engineers,Trunk Strength,1.75,Abilities,17,123,two_level_random_sample,EXP_20260416_154815
17-2141.00,Mechanical Engineers,Stamina,1.0,Abilities,17,123,two_level_random_sample,EXP_20260416_154815
17-2141.00,Mechanical Engineers,Extent Flexibility,1.38,Abilities,17,123,two_level_random_sample,EXP_20260416_154815
17-2141.00,Mechanical Engineers,Dynamic Flexibility,1.0,Abilities,17,123,two_level_random_sample,EXP_20260416_154815
17-2141.00,Mechanical Engineers,Gross Body Coordination,1.0,Abilities,17,123,two_level_random_sample,EXP_20260416_154815
17-2141.00,Mechanical Engineers,Gross Body Equilibrium,1.0,Abilities,17,123,two_level_random_sample,EXP_20260416_154815
17-2141.00,Mechanical Engineers,Near Vision,3.88,Abilities,17,123,two_level_random_sample,EXP_20260416_154815
17-2141.00,Mechanical Engineers,Far Vision,2.88,Abilities,17,123,two_level_random_sample,EXP_20260416_154815
17-2141.00,Mechanical Engineers,Visual Color Discrimination,2.75,Abilities,17,123,two_level_random_sample,EXP_20260416_154815
17-2141.00,Mechanical Engineers,Night Vision,1.0,Abilities,17,123,two_level_random_sample,EXP_20260416_154815
17-2141.00,Mechanical Engineers,Peripheral Vision,1.12,Abilities,17,123,two_level_random_sample,EXP_20260416_154815
17-2141.00,Mechanical Engineers,Depth Perception,1.88,Abilities,17,123,two_level_random_sample,EXP_20260416_154815
17-2141.00,Mechanical Engineers,Glare Sensitivity,1.0,Abilities,17,123,two_level_random_sample,EXP_20260416_154815
17-2141.00,Mechanical Engineers,Hearing Sensitivity,2.25,Abilities,17,123,two_level_random_sample,EXP_20260416_154815
17-2141.00,Mechanical Engineers,Auditory Attention,2.5,Abilities,17,123,two_level_random_sample,EXP_20260416_154815
17-2141.00,Mechanical Engineers,Sound Localization,1.0,Abilities,17,123,two_level_random_sample,EXP_20260416_154815
17-2141.00,Mechanical Engineers,Speech Recognition,3.25,Abilities,17,123,two_level_random_sample,EXP_20260416_154815
17-2141.00,Mechanical Engineers,Speech Clarity,3.25,Abilities,17,123,two_level_random_sample,EXP_20260416_154815
17-2141.02,Automotive Engineers,Oral Comprehension,4.0,Abilities,17,123,two_level_random_sample,EXP_20260416_154815
17-2141.02,Automotive Engineers,Written Comprehension,4.0,Abilities,17,123,two_level_random_sample,EXP_20260416_154815
17-2141.02,Automotive Engineers,Oral Expression,4.0,Abilities,17,123,two_level_random_sample,EXP_20260416_154815
17-2141.02,Automotive Engineers,Written Expression,3.88,Abilities,17,123,two_level_random_sample,EXP_20260416_154815
17-2141.02,Automotive Engineers,Fluency of Ideas,3.88,Abilities,17,123,two_level_random_sample,EXP_20260416_154815
17-2141.02,Automotive Engineers,Originality,3.88,Abilities,17,123,two_level_random_sample,EXP_20260416_154815
17-2141.02,Automotive Engineers,Problem Sensitivity,4.0,Abilities,17,123,two_level_random_sample,EXP_20260416_154815
17-2141.02,Automotive Engineers,Deductive Reasoning,4.0,Abilities,17,123,two_level_random_sample,EXP_20260416_154815
17-2141.02,Automotive Engineers,Inductive Reasoning,4.0,Abilities,17,123,two_level_random_sample,EXP_20260416_154815
17-2141.02,Automotive Engineers,Information Ordering,3.75,Abilities,17,123,two_level_random_sample,EXP_20260416_154815
17-2141.02,Automotive Engineers,Category Flexibility,3.62,Abilities,17,123,two_level_random_sample,EXP_20260416_154815
17-2141.02,Automotive Engineers,Mathematical Reasoning,3.88,Abilities,17,123,two_level_random_sample,EXP_20260416_154815
17-2141.02,Automotive Engineers,Number Facility,3.75,Abilities,17,123,two_level_random_sample,EXP_20260416_154815
17-2141.02,Automotive Engineers,Memorization,2.62,Abilities,17,123,two_level_random_sample,EXP_20260416_154815
17-2141.02,Automotive Engineers,Speed of Closure,2.75,Abilities,17,123,two_level_random_sample,EXP_20260416_154815
17-2141.02,Automotive Engineers,Flexibility of Closure,2.88,Abilities,17,123,two_level_random_sample,EXP_20260416_154815
17-2141.02,Automotive Engineers,Perceptual Speed,2.88,Abilities,17,123,two_level_random_sample,EXP_20260416_154815
17-2141.02,Automotive Engineers,Spatial Orientation,2.0,Abilities,17,123,two_level_random_sample,EXP_20260416_154815
17-2141.02,Automotive Engineers,Visualization,3.75,Abilities,17,123,two_level_random_sample,EXP_20260416_154815
17-2141.02,Automotive Engineers,Selective Attention,3.0,Abilities,17,123,two_level_random_sample,EXP_20260416_154815
17-2141.02,Automotive Engineers,Time Sharing,2.25,Abilities,17,123,two_level_random_sample,EXP_20260416_154815
17-2141.02,Automotive Engineers,Arm-Hand Steadiness,2.0,Abilities,17,123,two_level_random_sample,EXP_20260416_154815
17-2141.02,Automotive Engineers,Manual Dexterity,1.62,Abilities,17,123,two_level_random_sample,EXP_20260416_154815
17-2141.02,Automotive Engineers,Finger Dexterity,2.12,Abilities,17,123,two_level_random_sample,EXP_20260416_154815
17-2141.02,Automotive Engineers,Control Precision,2.0,Abilities,17,123,two_level_random_sample,EXP_20260416_154815
17-2141.02,Automotive Engineers,Multilimb Coordination,2.0,Abilities,17,123,two_level_random_sample,EXP_20260416_154815
17-2141.02,Automotive Engineers,Response Orientation,2.0,Abilities,17,123,two_level_random_sample,EXP_20260416_154815
17-2141.02,Automotive Engineers,Rate Control,2.0,Abilities,17,123,two_level_random_sample,EXP_20260416_154815
17-2141.02,Automotive Engineers,Reaction Time,2.0,Abilities,17,123,two_level_random_sample,EXP_20260416_154815
17-2141.02,Automotive Engineers,Wrist-Finger Speed,1.5,Abilities,17,123,two_level_random_sample,EXP_20260416_154815
17-2141.02,Automotive Engineers,Speed of Limb Movement,1.5,Abilities,17,123,two_level_random_sample,EXP_20260416_154815
17-2141.02,Automotive Engineers,Static Strength,1.0,Abilities,17,123,two_level_random_sample,EXP_20260416_154815
17-2141.02,Automotive Engineers,Explosive Strength,1.0,Abilities,17,123,two_level_random_sample,EXP_20260416_154815
17-2141.02,Automotive Engineers,Dynamic Strength,1.0,Abilities,17,123,two_level_random_sample,EXP_20260416_154815
17-2141.02,Automotive Engineers,Trunk Strength,1.5,Abilities,17,123,two_level_random_sample,EXP_20260416_154815
17-2141.02,Automotive Engineers,Stamina,1.0,Abilities,17,123,two_level_random_sample,EXP_20260416_154815
17-2141.02,Automotive Engineers,Extent Flexibility,1.0,Abilities,17,123,two_level_random_sample,EXP_20260416_154815
17-2141.02,Automotive Engineers,Dynamic Flexibility,1.0,Abilities,17,123,two_level_random_sample,EXP_20260416_154815
17-2141.02,Automotive Engineers,Gross Body Coordination,1.0,Abilities,17,123,two_level_random_sample,EXP_20260416_154815
17-2141.02,Automotive Engineers,Gross Body Equilibrium,1.0,Abilities,17,123,two_level_random_sample,EXP_20260416_154815
17-2141.02,Automotive Engineers,Near Vision,3.75,Abilities,17,123,two_level_random_sample,EXP_20260416_154815
17-2141.02,Automotive Engineers,Far Vision,3.0,Abilities,17,123,two_level_random_sample,EXP_20260416_154815
17-2141.02,Automotive Engineers,Visual Color Discrimination,2.88,Abilities,17,123,two_level_random_sample,EXP_20260416_154815
17-2141.02,Automotive Engineers,Night Vision,2.0,Abilities,17,123,two_level_random_sample,EXP_20260416_154815
17-2141.02,Automotive Engineers,Peripheral Vision,2.0,Abilities,17,123,two_level_random_sample,EXP_20260416_154815
17-2141.02,Automotive Engineers,Depth Perception,2.25,Abilities,17,123,two_level_random_sample,EXP_20260416_154815
17-2141.02,Automotive Engineers,Glare Sensitivity,2.0,Abilities,17,123,two_level_random_sample,EXP_20260416_154815
17-2141.02,Automotive Engineers,Hearing Sensitivity,2.12,Abilities,17,123,two_level_random_sample,EXP_20260416_154815
17-2141.02,Automotive Engineers,Auditory Attention,2.12,Abilities,17,123,two_level_random_sample,EXP_20260416_154815
17-2141.02,Automotive Engineers,Sound Localization,2.0,Abilities,17,123,two_level_random_sample,EXP_20260416_154815
17-2141.02,Automotive Engineers,Speech Recognition,3.75,Abilities,17,123,two_level_random_sample,EXP_20260416_154815
17-2141.02,Automotive Engineers,Speech Clarity,3.75,Abilities,17,123,two_level_random_sample,EXP_20260416_154815
17-3029.08,Photonics Technicians,Oral Comprehension,3.62,Abilities,17,123,two_level_random_sample,EXP_20260416_154815
17-3029.08,Photonics Technicians,Written Comprehension,3.5,Abilities,17,123,two_level_random_sample,EXP_20260416_154815
17-3029.08,Photonics Technicians,Oral Expression,3.25,Abilities,17,123,two_level_random_sample,EXP_20260416_154815
17-3029.08,Photonics Technicians,Written Expression,3.25,Abilities,17,123,two_level_random_sample,EXP_20260416_154815
17-3029.08,Photonics Technicians,Fluency of Ideas,2.75,Abilities,17,123,two_level_random_sample,EXP_20260416_154815
17-3029.08,Photonics Technicians,Originality,2.62,Abilities,17,123,two_level_random_sample,EXP_20260416_154815
17-3029.08,Photonics Technicians,Problem Sensitivity,3.62,Abilities,17,123,two_level_random_sample,EXP_20260416_154815
17-3029.08,Photonics Technicians,Deductive Reasoning,3.25,Abilities,17,123,two_level_random_sample,EXP_20260416_154815
17-3029.08,Photonics Technicians,Inductive Reasoning,3.12,Abilities,17,123,two_level_random_sample,EXP_20260416_154815
17-3029.08,Photonics Technicians,Information Ordering,3.38,Abilities,17,123,two_level_random_sample,EXP_20260416_154815
17-3029.08,Photonics Technicians,Category Flexibility,3.12,Abilities,17,123,two_level_random_sample,EXP_20260416_154815
17-3029.08,Photonics Technicians,Mathematical Reasoning,2.88,Abilities,17,123,two_level_random_sample,EXP_20260416_154815
17-3029.08,Photonics Technicians,Number Facility,2.88,Abilities,17,123,two_level_random_sample,EXP_20260416_154815
17-3029.08,Photonics Technicians,Memorization,2.25,Abilities,17,123,two_level_random_sample,EXP_20260416_154815
17-3029.08,Photonics Technicians,Speed of Closure,2.75,Abilities,17,123,two_level_random_sample,EXP_20260416_154815
17-3029.08,Photonics Technicians,Flexibility of Closure,2.62,Abilities,17,123,two_level_random_sample,EXP_20260416_154815
17-3029.08,Photonics Technicians,Perceptual Speed,3.25,Abilities,17,123,two_level_random_sample,EXP_20260416_154815
17-3029.08,Photonics Technicians,Spatial Orientation,1.25,Abilities,17,123,two_level_random_sample,EXP_20260416_154815
17-3029.08,Photonics Technicians,Visualization,3.12,Abilities,17,123,two_level_random_sample,EXP_20260416_154815
17-3029.08,Photonics Technicians,Selective Attention,3.0,Abilities,17,123,two_level_random_sample,EXP_20260416_154815
17-3029.08,Photonics Technicians,Time Sharing,2.5,Abilities,17,123,two_level_random_sample,EXP_20260416_154815
17-3029.08,Photonics Technicians,Arm-Hand Steadiness,3.12,Abilities,17,123,two_level_random_sample,EXP_20260416_154815
17-3029.08,Photonics Technicians,Manual Dexterity,3.12,Abilities,17,123,two_level_random_sample,EXP_20260416_154815
17-3029.08,Photonics Technicians,Finger Dexterity,3.38,Abilities,17,123,two_level_random_sample,EXP_20260416_154815
17-3029.08,Photonics Technicians,Control Precision,3.12,Abilities,17,123,two_level_random_sample,EXP_20260416_154815
17-3029.08,Photonics Technicians,Multilimb Coordination,2.75,Abilities,17,123,two_level_random_sample,EXP_20260416_154815
17-3029.08,Photonics Technicians,Response Orientation,2.0,Abilities,17,123,two_level_random_sample,EXP_20260416_154815
17-3029.08,Photonics Technicians,Rate Control,2.0,Abilities,17,123,two_level_random_sample,EXP_20260416_154815
17-3029.08,Photonics Technicians,Reaction Time,2.25,Abilities,17,123,two_level_random_sample,EXP_20260416_154815
17-3029.08,Photonics Technicians,Wrist-Finger Speed,2.12,Abilities,17,123,two_level_random_sample,EXP_20260416_154815
17-3029.08,Photonics Technicians,Speed of Limb Movement,1.0,Abilities,17,123,two_level_random_sample,EXP_20260416_154815
17-3029.08,Photonics Technicians,Static Strength,2.12,Abilities,17,123,two_level_random_sample,EXP_20260416_154815
17-3029.08,Photonics Technicians,Explosive Strength,1.38,Abilities,17,123,two_level_random_sample,EXP_20260416_154815
17-3029.08,Photonics Technicians,Dynamic Strength,1.5,Abilities,17,123,two_level_random_sample,EXP_20260416_154815
17-3029.08,Photonics Technicians,Trunk Strength,2.25,Abilities,17,123,two_level_random_sample,EXP_20260416_154815
17-3029.08,Photonics Technicians,Stamina,1.5,Abilities,17,123,two_level_random_sample,EXP_20260416_154815
17-3029.08,Photonics Technicians,Extent Flexibility,1.75,Abilities,17,123,two_level_random_sample,EXP_20260416_154815
17-3029.08,Photonics Technicians,Dynamic Flexibility,1.0,Abilities,17,123,two_level_random_sample,EXP_20260416_154815
17-3029.08,Photonics Technicians,Gross Body Coordination,1.38,Abilities,17,123,two_level_random_sample,EXP_20260416_154815
17-3029.08,Photonics Technicians,Gross Body Equilibrium,1.38,Abilities,17,123,two_level_random_sample,EXP_20260416_154815
17-3029.08,Photonics Technicians,Near Vision,3.75,Abilities,17,123,two_level_random_sample,EXP_20260416_154815
17-3029.08,Photonics Technicians,Far Vision,2.88,Abilities,17,123,two_level_random_sample,EXP_20260416_154815
17-3029.08,Photonics Technicians,Visual Color Discrimination,3.0,Abilities,17,123,two_level_random_sample,EXP_20260416_154815
17-3029.08,Photonics Technicians,Night Vision,1.0,Abilities,17,123,two_level_random_sample,EXP_20260416_154815
17-3029.08,Photonics Technicians,Peripheral Vision,1.0,Abilities,17,123,two_level_random_sample,EXP_20260416_154815
17-3029.08,Photonics Technicians,Depth Perception,2.5,Abilities,17,123,two_level_random_sample,EXP_20260416_154815
17-3029.08,Photonics Technicians,Glare Sensitivity,1.25,Abilities,17,123,two_level_random_sample,EXP_20260416_154815
17-3029.08,Photonics Technicians,Hearing Sensitivity,2.38,Abilities,17,123,two_level_random_sample,EXP_20260416_154815
17-3029.08,Photonics Technicians,Auditory Attention,2.38,Abilities,17,123,two_level_random_sample,EXP_20260416_154815
17-3029.08,Photonics Technicians,Sound Localization,1.0,Abilities,17,123,two_level_random_sample,EXP_20260416_154815
17-3029.08,Photonics Technicians,Speech Recognition,3.0,Abilities,17,123,two_level_random_sample,EXP_20260416_154815
17-3029.08,Photonics Technicians,Speech Clarity,3.0,Abilities,17,123,two_level_random_sample,EXP_20260416_154815
27-1013.00,"Fine Artists, Including Painters, Sculptors, and Illustrators",Oral Comprehension,3.12,Abilities,27,123,two_level_random_sample,EXP_20260416_154815
27-1013.00,"Fine Artists, Including Painters, Sculptors, and Illustrators",Written Comprehension,3.0,Abilities,27,123,two_level_random_sample,EXP_20260416_154815
27-1013.00,"Fine Artists, Including Painters, Sculptors, and Illustrators",Oral Expression,3.0,Abilities,27,123,two_level_random_sample,EXP_20260416_154815
27-1013.00,"Fine Artists, Including Painters, Sculptors, and Illustrators",Written Expression,2.88,Abilities,27,123,two_level_random_sample,EXP_20260416_154815
27-1013.00,"Fine Artists, Including Painters, Sculptors, and Illustrators",Fluency of Ideas,4.0,Abilities,27,123,two_level_random_sample,EXP_20260416_154815
27-1013.00,"Fine Artists, Including Painters, Sculptors, and Illustrators",Originality,4.38,Abilities,27,123,two_level_random_sample,EXP_20260416_154815
27-1013.00,"Fine Artists, Including Painters, Sculptors, and Illustrators",Problem Sensitivity,3.0,Abilities,27,123,two_level_random_sample,EXP_20260416_154815
27-1013.00,"Fine Artists, Including Painters, Sculptors, and Illustrators",Deductive Reasoning,3.0,Abilities,27,123,two_level_random_sample,EXP_20260416_154815
27-1013.00,"Fine Artists, Including Painters, Sculptors, and Illustrators",Inductive Reasoning,3.0,Abilities,27,123,two_level_random_sample,EXP_20260416_154815
27-1013.00,"Fine Artists, Including Painters, Sculptors, and Illustrators",Information Ordering,3.0,Abilities,27,123,two_level_random_sample,EXP_20260416_154815
27-1013.00,"Fine Artists, Including Painters, Sculptors, and Illustrators",Category Flexibility,3.12,Abilities,27,123,two_level_random_sample,EXP_20260416_154815
27-1013.00,"Fine Artists, Including Painters, Sculptors, and Illustrators",Mathematical Reasoning,2.12,Abilities,27,123,two_level_random_sample,EXP_20260416_154815
27-1013.00,"Fine Artists, Including Painters, Sculptors, and Illustrators",Number Facility,2.12,Abilities,27,123,two_level_random_sample,EXP_20260416_154815
27-1013.00,"Fine Artists, Including Painters, Sculptors, and Illustrators",Memorization,1.75,Abilities,27,123,two_level_random_sample,EXP_20260416_154815
27-1013.00,"Fine Artists, Including Painters, Sculptors, and Illustrators",Speed of Closure,2.12,Abilities,27,123,two_level_random_sample,EXP_20260416_154815
27-1013.00,"Fine Artists, Including Painters, Sculptors, and Illustrators",Flexibility of Closure,2.75,Abilities,27,123,two_level_random_sample,EXP_20260416_154815
27-1013.00,"Fine Artists, Including Painters, Sculptors, and Illustrators",Perceptual Speed,2.5,Abilities,27,123,two_level_random_sample,EXP_20260416_154815
27-1013.00,"Fine Artists, Including Painters, Sculptors, and Illustrators",Spatial Orientation,1.0,Abilities,27,123,two_level_random_sample,EXP_20260416_154815
27-1013.00,"Fine Artists, Including Painters, Sculptors, and Illustrators",Visualization,4.0,Abilities,27,123,two_level_random_sample,EXP_20260416_154815
27-1013.00,"Fine Artists, Including Painters, Sculptors, and Illustrators",Selective Attention,2.88,Abilities,27,123,two_level_random_sample,EXP_20260416_154815
27-1013.00,"Fine Artists, Including Painters, Sculptors, and Illustrators",Time Sharing,2.25,Abilities,27,123,two_level_random_sample,EXP_20260416_154815
27-1013.00,"Fine Artists, Including Painters, Sculptors, and Illustrators",Arm-Hand Steadiness,3.75,Abilities,27,123,two_level_random_sample,EXP_20260416_154815
27-1013.00,"Fine Artists, Including Painters, Sculptors, and Illustrators",Manual Dexterity,3.38,Abilities,27,123,two_level_random_sample,EXP_20260416_154815
27-1013.00,"Fine Artists, Including Painters, Sculptors, and Illustrators",Finger Dexterity,3.38,Abilities,27,123,two_level_random_sample,EXP_20260416_154815
27-1013.00,"Fine Artists, Including Painters, Sculptors, and Illustrators",Control Precision,2.88,Abilities,27,123,two_level_random_sample,EXP_20260416_154815
27-1013.00,"Fine Artists, Including Painters, Sculptors, and Illustrators",Multilimb Coordination,2.88,Abilities,27,123,two_level_random_sample,EXP_20260416_154815
27-1013.00,"Fine Artists, Including Painters, Sculptors, and Illustrators",Response Orientation,1.75,Abilities,27,123,two_level_random_sample,EXP_20260416_154815
27-1013.00,"Fine Artists, Including Painters, Sculptors, and Illustrators",Rate Control,1.75,Abilities,27,123,two_level_random_sample,EXP_20260416_154815
27-1013.00,"Fine Artists, Including Painters, Sculptors, and Illustrators",Reaction Time,1.75,Abilities,27,123,two_level_random_sample,EXP_20260416_154815
27-1013.00,"Fine Artists, Including Painters, Sculptors, and Illustrators",Wrist-Finger Speed,2.12,Abilities,27,123,two_level_random_sample,EXP_20260416_154815
27-1013.00,"Fine Artists, Including Painters, Sculptors, and Illustrators",Speed of Limb Movement,1.12,Abilities,27,123,two_level_random_sample,EXP_20260416_154815
27-1013.00,"Fine Artists, Including Painters, Sculptors, and Illustrators",Static Strength,2.62,Abilities,27,123,two_level_random_sample,EXP_20260416_154815
27-1013.00,"Fine Artists, Including Painters, Sculptors, and Illustrators",Explosive Strength,1.5,Abilities,27,123,two_level_random_sample,EXP_20260416_154815
27-1013.00,"Fine Artists, Including Painters, Sculptors, and Illustrators",Dynamic Strength,2.25,Abilities,27,123,two_level_random_sample,EXP_20260416_154815
27-1013.00,"Fine Artists, Including Painters, Sculptors, and Illustrators",Trunk Strength,2.5,Abilities,27,123,two_level_random_sample,EXP_20260416_154815
27-1013.00,"Fine Artists, Including Painters, Sculptors, and Illustrators",Stamina,1.88,Abilities,27,123,two_level_random_sample,EXP_20260416_154815
27-1013.00,"Fine Artists, Including Painters, Sculptors, and Illustrators",Extent Flexibility,2.12,Abilities,27,123,two_level_random_sample,EXP_20260416_154815
27-1013.00,"Fine Artists, Including Painters, Sculptors, and Illustrators",Dynamic Flexibility,1.25,Abilities,27,123,two_level_random_sample,EXP_20260416_154815
27-1013.00,"Fine Artists, Including Painters, Sculptors, and Illustrators",Gross Body Coordination,1.88,Abilities,27,123,two_level_random_sample,EXP_20260416_154815
27-1013.00,"Fine Artists, Including Painters, Sculptors, and Illustrators",Gross Body Equilibrium,1.75,Abilities,27,123,two_level_random_sample,EXP_20260416_154815
27-1013.00,"Fine Artists, Including Painters, Sculptors, and Illustrators",Near Vision,3.62,Abilities,27,123,two_level_random_sample,EXP_20260416_154815
27-1013.00,"Fine Artists, Including Painters, Sculptors, and Illustrators",Far Vision,3.0,Abilities,27,123,two_level_random_sample,EXP_20260416_154815
27-1013.00,"Fine Artists, Including Painters, Sculptors, and Illustrators",Visual Color Discrimination,3.75,Abilities,27,123,two_level_random_sample,EXP_20260416_154815
27-1013.00,"Fine Artists, Including Painters, Sculptors, and Illustrators",Night Vision,1.0,Abilities,27,123,two_level_random_sample,EXP_20260416_154815
27-1013.00,"Fine Artists, Including Painters, Sculptors, and Illustrators",Peripheral Vision,1.0,Abilities,27,123,two_level_random_sample,EXP_20260416_154815
27-1013.00,"Fine Artists, Including Painters, Sculptors, and Illustrators",Depth Perception,2.12,Abilities,27,123,two_level_random_sample,EXP_20260416_154815
27-1013.00,"Fine Artists, Including Painters, Sculptors, and Illustrators",Glare Sensitivity,1.0,Abilities,27,123,two_level_random_sample,EXP_20260416_154815
27-1013.00,"Fine Artists, Including Painters, Sculptors, and Illustrators",Hearing Sensitivity,1.75,Abilities,27,123,two_level_random_sample,EXP_20260416_154815
27-1013.00,"Fine Artists, Including Painters, Sculptors, and Illustrators",Auditory Attention,1.88,Abilities,27,123,two_level_random_sample,EXP_20260416_154815
27-1013.00,"Fine Artists, Including Painters, Sculptors, and Illustrators",Sound Localization,1.0,Abilities,27,123,two_level_random_sample,EXP_20260416_154815
27-1013.00,"Fine Artists, Including Painters, Sculptors, and Illustrators",Speech Recognition,3.0,Abilities,27,123,two_level_random_sample,EXP_20260416_154815
27-1013.00,"Fine Artists, Including Painters, Sculptors, and Illustrators",Speech Clarity,3.0,Abilities,27,123,two_level_random_sample,EXP_20260416_154815
27-1014.00,Special Effects Artists and Animators,Oral Comprehension,4.12,Abilities,27,123,two_level_random_sample,EXP_20260416_154815
27-1014.00,Special Effects Artists and Animators,Written Comprehension,4.0,Abilities,27,123,two_level_random_sample,EXP_20260416_154815
27-1014.00,Special Effects Artists and Animators,Oral Expression,4.0,Abilities,27,123,two_level_random_sample,EXP_20260416_154815
27-1014.00,Special Effects Artists and Animators,Written Expression,3.5,Abilities,27,123,two_level_random_sample,EXP_20260416_154815
27-1014.00,Special Effects Artists and Animators,Fluency of Ideas,3.38,Abilities,27,123,two_level_random_sample,EXP_20260416_154815
27-1014.00,Special Effects Artists and Animators,Originality,3.5,Abilities,27,123,two_level_random_sample,EXP_20260416_154815
27-1014.00,Special Effects Artists and Animators,Problem Sensitivity,3.62,Abilities,27,123,two_level_random_sample,EXP_20260416_154815
27-1014.00,Special Effects Artists and Animators,Deductive Reasoning,3.62,Abilities,27,123,two_level_random_sample,EXP_20260416_154815
27-1014.00,Special Effects Artists and Animators,Inductive Reasoning,3.25,Abilities,27,123,two_level_random_sample,EXP_20260416_154815
27-1014.00,Special Effects Artists and Animators,Information Ordering,3.38,Abilities,27,123,two_level_random_sample,EXP_20260416_154815
27-1014.00,Special Effects Artists and Animators,Category Flexibility,3.0,Abilities,27,123,two_level_random_sample,EXP_20260416_154815
27-1014.00,Special Effects Artists and Animators,Mathematical Reasoning,2.75,Abilities,27,123,two_level_random_sample,EXP_20260416_154815
27-1014.00,Special Effects Artists and Animators,Number Facility,2.38,Abilities,27,123,two_level_random_sample,EXP_20260416_154815
27-1014.00,Special Effects Artists and Animators,Memorization,2.12,Abilities,27,123,two_level_random_sample,EXP_20260416_154815
27-1014.00,Special Effects Artists and Animators,Speed of Closure,2.5,Abilities,27,123,two_level_random_sample,EXP_20260416_154815
27-1014.00,Special Effects Artists and Animators,Flexibility of Closure,2.75,Abilities,27,123,two_level_random_sample,EXP_20260416_154815
27-1014.00,Special Effects Artists and Animators,Perceptual Speed,2.75,Abilities,27,123,two_level_random_sample,EXP_20260416_154815
27-1014.00,Special Effects Artists and Animators,Spatial Orientation,1.0,Abilities,27,123,two_level_random_sample,EXP_20260416_154815
27-1014.00,Special Effects Artists and Animators,Visualization,4.0,Abilities,27,123,two_level_random_sample,EXP_20260416_154815
27-1014.00,Special Effects Artists and Animators,Selective Attention,3.0,Abilities,27,123,two_level_random_sample,EXP_20260416_154815
27-1014.00,Special Effects Artists and Animators,Time Sharing,2.5,Abilities,27,123,two_level_random_sample,EXP_20260416_154815
27-1014.00,Special Effects Artists and Animators,Arm-Hand Steadiness,2.75,Abilities,27,123,two_level_random_sample,EXP_20260416_154815
27-1014.00,Special Effects Artists and Animators,Manual Dexterity,2.25,Abilities,27,123,two_level_random_sample,EXP_20260416_154815
27-1014.00,Special Effects Artists and Animators,Finger Dexterity,2.62,Abilities,27,123,two_level_random_sample,EXP_20260416_154815
27-1014.00,Special Effects Artists and Animators,Control Precision,2.38,Abilities,27,123,two_level_random_sample,EXP_20260416_154815
27-1014.00,Special Effects Artists and Animators,Multilimb Coordination,1.5,Abilities,27,123,two_level_random_sample,EXP_20260416_154815
27-1014.00,Special Effects Artists and Animators,Response Orientation,1.5,Abilities,27,123,two_level_random_sample,EXP_20260416_154815
27-1014.00,Special Effects Artists and Animators,Rate Control,1.88,Abilities,27,123,two_level_random_sample,EXP_20260416_154815
27-1014.00,Special Effects Artists and Animators,Reaction Time,1.75,Abilities,27,123,two_level_random_sample,EXP_20260416_154815
27-1014.00,Special Effects Artists and Animators,Wrist-Finger Speed,2.0,Abilities,27,123,two_level_random_sample,EXP_20260416_154815
27-1014.00,Special Effects Artists and Animators,Speed of Limb Movement,1.0,Abilities,27,123,two_level_random_sample,EXP_20260416_154815
27-1014.00,Special Effects Artists and Animators,Static Strength,1.0,Abilities,27,123,two_level_random_sample,EXP_20260416_154815
27-1014.00,Special Effects Artists and Animators,Explosive Strength,1.0,Abilities,27,123,two_level_random_sample,EXP_20260416_154815
27-1014.00,Special Effects Artists and Animators,Dynamic Strength,1.25,Abilities,27,123,two_level_random_sample,EXP_20260416_154815
27-1014.00,Special Effects Artists and Animators,Trunk Strength,1.62,Abilities,27,123,two_level_random_sample,EXP_20260416_154815
27-1014.00,Special Effects Artists and Animators,Stamina,1.0,Abilities,27,123,two_level_random_sample,EXP_20260416_154815
27-1014.00,Special Effects Artists and Animators,Extent Flexibility,1.0,Abilities,27,123,two_level_random_sample,EXP_20260416_154815
27-1014.00,Special Effects Artists and Animators,Dynamic Flexibility,1.0,Abilities,27,123,two_level_random_sample,EXP_20260416_154815
27-1014.00,Special Effects Artists and Animators,Gross Body Coordination,1.0,Abilities,27,123,two_level_random_sample,EXP_20260416_154815
27-1014.00,Special Effects Artists and Animators,Gross Body Equilibrium,1.0,Abilities,27,123,two_level_random_sample,EXP_20260416_154815
27-1014.00,Special Effects Artists and Animators,Near Vision,3.88,Abilities,27,123,two_level_random_sample,EXP_20260416_154815
27-1014.00,Special Effects Artists and Animators,Far Vision,2.88,Abilities,27,123,two_level_random_sample,EXP_20260416_154815
27-1014.00,Special Effects Artists and Animators,Visual Color Discrimination,3.62,Abilities,27,123,two_level_random_sample,EXP_20260416_154815
27-1014.00,Special Effects Artists and Animators,Night Vision,1.0,Abilities,27,123,two_level_random_sample,EXP_20260416_154815
27-1014.00,Special Effects Artists and Animators,Peripheral Vision,1.0,Abilities,27,123,two_level_random_sample,EXP_20260416_154815
27-1014.00,Special Effects Artists and Animators,Depth Perception,2.0,Abilities,27,123,two_level_random_sample,EXP_20260416_154815
27-1014.00,Special Effects Artists and Animators,Glare Sensitivity,1.0,Abilities,27,123,two_level_random_sample,EXP_20260416_154815
27-1014.00,Special Effects Artists and Animators,Hearing Sensitivity,1.88,Abilities,27,123,two_level_random_sample,EXP_20260416_154815
27-1014.00,Special Effects Artists and Animators,Auditory Attention,1.88,Abilities,27,123,two_level_random_sample,EXP_20260416_154815
27-1014.00,Special Effects Artists and Animators,Sound Localization,1.0,Abilities,27,123,two_level_random_sample,EXP_20260416_154815
27-1014.00,Special Effects Artists and Animators,Speech Recognition,3.12,Abilities,27,123,two_level_random_sample,EXP_20260416_154815
27-1014.00,Special Effects Artists and Animators,Speech Clarity,3.5,Abilities,27,123,two_level_random_sample,EXP_20260416_154815
27-1022.00,Fashion Designers,Oral Comprehension,3.75,Abilities,27,123,two_level_random_sample,EXP_20260416_154815
27-1022.00,Fashion Designers,Written Comprehension,3.88,Abilities,27,123,two_level_random_sample,EXP_20260416_154815
27-1022.00,Fashion Designers,Oral Expression,3.88,Abilities,27,123,two_level_random_sample,EXP_20260416_154815
27-1022.00,Fashion Designers,Written Expression,3.62,Abilities,27,123,two_level_random_sample,EXP_20260416_154815
27-1022.00,Fashion Designers,Fluency of Ideas,3.88,Abilities,27,123,two_level_random_sample,EXP_20260416_154815
27-1022.00,Fashion Designers,Originality,4.25,Abilities,27,123,two_level_random_sample,EXP_20260416_154815
27-1022.00,Fashion Designers,Problem Sensitivity,3.62,Abilities,27,123,two_level_random_sample,EXP_20260416_154815
27-1022.00,Fashion Designers,Deductive Reasoning,3.62,Abilities,27,123,two_level_random_sample,EXP_20260416_154815
27-1022.00,Fashion Designers,Inductive Reasoning,3.5,Abilities,27,123,two_level_random_sample,EXP_20260416_154815
27-1022.00,Fashion Designers,Information Ordering,3.12,Abilities,27,123,two_level_random_sample,EXP_20260416_154815
27-1022.00,Fashion Designers,Category Flexibility,3.62,Abilities,27,123,two_level_random_sample,EXP_20260416_154815
27-1022.00,Fashion Designers,Mathematical Reasoning,2.25,Abilities,27,123,two_level_random_sample,EXP_20260416_154815
27-1022.00,Fashion Designers,Number Facility,2.25,Abilities,27,123,two_level_random_sample,EXP_20260416_154815
27-1022.00,Fashion Designers,Memorization,2.0,Abilities,27,123,two_level_random_sample,EXP_20260416_154815
27-1022.00,Fashion Designers,Speed of Closure,2.12,Abilities,27,123,two_level_random_sample,EXP_20260416_154815
27-1022.00,Fashion Designers,Flexibility of Closure,2.88,Abilities,27,123,two_level_random_sample,EXP_20260416_154815
27-1022.00,Fashion Designers,Perceptual Speed,2.88,Abilities,27,123,two_level_random_sample,EXP_20260416_154815
27-1022.00,Fashion Designers,Spatial Orientation,1.12,Abilities,27,123,two_level_random_sample,EXP_20260416_154815
27-1022.00,Fashion Designers,Visualization,3.75,Abilities,27,123,two_level_random_sample,EXP_20260416_154815
27-1022.00,Fashion Designers,Selective Attention,3.0,Abilities,27,123,two_level_random_sample,EXP_20260416_154815
27-1022.00,Fashion Designers,Time Sharing,2.5,Abilities,27,123,two_level_random_sample,EXP_20260416_154815
27-1022.00,Fashion Designers,Arm-Hand Steadiness,2.88,Abilities,27,123,two_level_random_sample,EXP_20260416_154815
27-1022.00,Fashion Designers,Manual Dexterity,2.38,Abilities,27,123,two_level_random_sample,EXP_20260416_154815
27-1022.00,Fashion Designers,Finger Dexterity,2.88,Abilities,27,123,two_level_random_sample,EXP_20260416_154815
27-1022.00,Fashion Designers,Control Precision,2.12,Abilities,27,123,two_level_random_sample,EXP_20260416_154815
27-1022.00,Fashion Designers,Multilimb Coordination,1.62,Abilities,27,123,two_level_random_sample,EXP_20260416_154815
27-1022.00,Fashion Designers,Response Orientation,1.12,Abilities,27,123,two_level_random_sample,EXP_20260416_154815
27-1022.00,Fashion Designers,Rate Control,1.75,Abilities,27,123,two_level_random_sample,EXP_20260416_154815
27-1022.00,Fashion Designers,Reaction Time,1.62,Abilities,27,123,two_level_random_sample,EXP_20260416_154815
27-1022.00,Fashion Designers,Wrist-Finger Speed,1.5,Abilities,27,123,two_level_random_sample,EXP_20260416_154815
27-1022.00,Fashion Designers,Speed of Limb Movement,1.0,Abilities,27,123,two_level_random_sample,EXP_20260416_154815
27-1022.00,Fashion Designers,Static Strength,1.5,Abilities,27,123,two_level_random_sample,EXP_20260416_154815
27-1022.00,Fashion Designers,Explosive Strength,1.38,Abilities,27,123,two_level_random_sample,EXP_20260416_154815
27-1022.00,Fashion Designers,Dynamic Strength,1.38,Abilities,27,123,two_level_random_sample,EXP_20260416_154815
27-1022.00,Fashion Designers,Trunk Strength,2.12,Abilities,27,123,two_level_random_sample,EXP_20260416_154815
27-1022.00,Fashion Designers,Stamina,1.0,Abilities,27,123,two_level_random_sample,EXP_20260416_154815
27-1022.00,Fashion Designers,Extent Flexibility,2.0,Abilities,27,123,two_level_random_sample,EXP_20260416_154815
27-1022.00,Fashion Designers,Dynamic Flexibility,1.12,Abilities,27,123,two_level_random_sample,EXP_20260416_154815
27-1022.00,Fashion Designers,Gross Body Coordination,1.0,Abilities,27,123,two_level_random_sample,EXP_20260416_154815
27-1022.00,Fashion Designers,Gross Body Equilibrium,1.38,Abilities,27,123,two_level_random_sample,EXP_20260416_154815
27-1022.00,Fashion Designers,Near Vision,3.75,Abilities,27,123,two_level_random_sample,EXP_20260416_154815
27-1022.00,Fashion Designers,Far Vision,3.0,Abilities,27,123,two_level_random_sample,EXP_20260416_154815
27-1022.00,Fashion Designers,Visual Color Discrimination,3.75,Abilities,27,123,two_level_random_sample,EXP_20260416_154815
27-1022.00,Fashion Designers,Night Vision,1.0,Abilities,27,123,two_level_random_sample,EXP_20260416_154815
27-1022.00,Fashion Designers,Peripheral Vision,1.0,Abilities,27,123,two_level_random_sample,EXP_20260416_154815
27-1022.00,Fashion Designers,Depth Perception,2.0,Abilities,27,123,two_level_random_sample,EXP_20260416_154815
27-1022.00,Fashion Designers,Glare Sensitivity,1.0,Abilities,27,123,two_level_random_sample,EXP_20260416_154815
27-1022.00,Fashion Designers,Hearing Sensitivity,2.0,Abilities,27,123,two_level_random_sample,EXP_20260416_154815
27-1022.00,Fashion Designers,Auditory Attention,2.12,Abilities,27,123,two_level_random_sample,EXP_20260416_154815
27-1022.00,Fashion Designers,Sound Localization,1.0,Abilities,27,123,two_level_random_sample,EXP_20260416_154815
27-1022.00,Fashion Designers,Speech Recognition,3.75,Abilities,27,123,two_level_random_sample,EXP_20260416_154815
27-1022.00,Fashion Designers,Speech Clarity,3.38,Abilities,27,123,two_level_random_sample,EXP_20260416_154815
27-1023.00,Floral Designers,Oral Comprehension,4.0,Abilities,27,123,two_level_random_sample,EXP_20260416_154815
27-1023.00,Floral Designers,Written Comprehension,3.0,Abilities,27,123,two_level_random_sample,EXP_20260416_154815
27-1023.00,Floral Designers,Oral Expression,4.0,Abilities,27,123,two_level_random_sample,EXP_20260416_154815
27-1023.00,Floral Designers,Written Expression,2.88,Abilities,27,123,two_level_random_sample,EXP_20260416_154815
27-1023.00,Floral Designers,Fluency of Ideas,3.38,Abilities,27,123,two_level_random_sample,EXP_20260416_154815
27-1023.00,Floral Designers,Originality,3.62,Abilities,27,123,two_level_random_sample,EXP_20260416_154815
27-1023.00,Floral Designers,Problem Sensitivity,2.88,Abilities,27,123,two_level_random_sample,EXP_20260416_154815
27-1023.00,Floral Designers,Deductive Reasoning,3.12,Abilities,27,123,two_level_random_sample,EXP_20260416_154815
27-1023.00,Floral Designers,Inductive Reasoning,2.88,Abilities,27,123,two_level_random_sample,EXP_20260416_154815
27-1023.00,Floral Designers,Information Ordering,3.25,Abilities,27,123,two_level_random_sample,EXP_20260416_154815
27-1023.00,Floral Designers,Category Flexibility,3.5,Abilities,27,123,two_level_random_sample,EXP_20260416_154815
27-1023.00,Floral Designers,Mathematical Reasoning,2.25,Abilities,27,123,two_level_random_sample,EXP_20260416_154815
27-1023.00,Floral Designers,Number Facility,2.12,Abilities,27,123,two_level_random_sample,EXP_20260416_154815
27-1023.00,Floral Designers,Memorization,2.0,Abilities,27,123,two_level_random_sample,EXP_20260416_154815
27-1023.00,Floral Designers,Speed of Closure,2.25,Abilities,27,123,two_level_random_sample,EXP_20260416_154815
27-1023.00,Floral Designers,Flexibility of Closure,2.25,Abilities,27,123,two_level_random_sample,EXP_20260416_154815
27-1023.00,Floral Designers,Perceptual Speed,2.25,Abilities,27,123,two_level_random_sample,EXP_20260416_154815
27-1023.00,Floral Designers,Spatial Orientation,1.62,Abilities,27,123,two_level_random_sample,EXP_20260416_154815
27-1023.00,Floral Designers,Visualization,3.88,Abilities,27,123,two_level_random_sample,EXP_20260416_154815
27-1023.00,Floral Designers,Selective Attention,3.0,Abilities,27,123,two_level_random_sample,EXP_20260416_154815
27-1023.00,Floral Designers,Time Sharing,2.25,Abilities,27,123,two_level_random_sample,EXP_20260416_154815
27-1023.00,Floral Designers,Arm-Hand Steadiness,3.12,Abilities,27,123,two_level_random_sample,EXP_20260416_154815
27-1023.00,Floral Designers,Manual Dexterity,3.12,Abilities,27,123,two_level_random_sample,EXP_20260416_154815
27-1023.00,Floral Designers,Finger Dexterity,3.12,Abilities,27,123,two_level_random_sample,EXP_20260416_154815
27-1023.00,Floral Designers,Control Precision,2.12,Abilities,27,123,two_level_random_sample,EXP_20260416_154815
27-1023.00,Floral Designers,Multilimb Coordination,2.75,Abilities,27,123,two_level_random_sample,EXP_20260416_154815
27-1023.00,Floral Designers,Response Orientation,1.5,Abilities,27,123,two_level_random_sample,EXP_20260416_154815
27-1023.00,Floral Designers,Rate Control,1.12,Abilities,27,123,two_level_random_sample,EXP_20260416_154815
27-1023.00,Floral Designers,Reaction Time,1.25,Abilities,27,123,two_level_random_sample,EXP_20260416_154815
27-1023.00,Floral Designers,Wrist-Finger Speed,1.88,Abilities,27,123,two_level_random_sample,EXP_20260416_154815
27-1023.00,Floral Designers,Speed of Limb Movement,1.12,Abilities,27,123,two_level_random_sample,EXP_20260416_154815
27-1023.00,Floral Designers,Static Strength,2.12,Abilities,27,123,two_level_random_sample,EXP_20260416_154815
27-1023.00,Floral Designers,Explosive Strength,1.5,Abilities,27,123,two_level_random_sample,EXP_20260416_154815
27-1023.00,Floral Designers,Dynamic Strength,2.12,Abilities,27,123,two_level_random_sample,EXP_20260416_154815
27-1023.00,Floral Designers,Trunk Strength,3.12,Abilities,27,123,two_level_random_sample,EXP_20260416_154815
27-1023.00,Floral Designers,Stamina,2.12,Abilities,27,123,two_level_random_sample,EXP_20260416_154815
27-1023.00,Floral Designers,Extent Flexibility,2.12,Abilities,27,123,two_level_random_sample,EXP_20260416_154815
27-1023.00,Floral Designers,Dynamic Flexibility,1.12,Abilities,27,123,two_level_random_sample,EXP_20260416_154815
27-1023.00,Floral Designers,Gross Body Coordination,2.0,Abilities,27,123,two_level_random_sample,EXP_20260416_154815
27-1023.00,Floral Designers,Gross Body Equilibrium,1.75,Abilities,27,123,two_level_random_sample,EXP_20260416_154815
27-1023.00,Floral Designers,Near Vision,3.62,Abilities,27,123,two_level_random_sample,EXP_20260416_154815
27-1023.00,Floral Designers,Far Vision,3.12,Abilities,27,123,two_level_random_sample,EXP_20260416_154815
27-1023.00,Floral Designers,Visual Color Discrimination,3.62,Abilities,27,123,two_level_random_sample,EXP_20260416_154815
27-1023.00,Floral Designers,Night Vision,1.0,Abilities,27,123,two_level_random_sample,EXP_20260416_154815
27-1023.00,Floral Designers,Peripheral Vision,1.38,Abilities,27,123,two_level_random_sample,EXP_20260416_154815
27-1023.00,Floral Designers,Depth Perception,2.0,Abilities,27,123,two_level_random_sample,EXP_20260416_154815
27-1023.00,Floral Designers,Glare Sensitivity,1.25,Abilities,27,123,two_level_random_sample,EXP_20260416_154815
27-1023.00,Floral Designers,Hearing Sensitivity,1.75,Abilities,27,123,two_level_random_sample,EXP_20260416_154815
27-1023.00,Floral Designers,Auditory Attention,2.0,Abilities,27,123,two_level_random_sample,EXP_20260416_154815
27-1023.00,Floral Designers,Sound Localization,1.25,Abilities,27,123,two_level_random_sample,EXP_20260416_154815
27-1023.00,Floral Designers,Speech Recognition,3.25,Abilities,27,123,two_level_random_sample,EXP_20260416_154815
27-1023.00,Floral Designers,Speech Clarity,3.62,Abilities,27,123,two_level_random_sample,EXP_20260416_154815
27-2012.00,Producers and Directors,Oral Comprehension,4.12,Abilities,27,123,two_level_random_sample,EXP_20260416_154815
27-2012.00,Producers and Directors,Written Comprehension,3.88,Abilities,27,123,two_level_random_sample,EXP_20260416_154815
27-2012.00,Producers and Directors,Oral Expression,4.5,Abilities,27,123,two_level_random_sample,EXP_20260416_154815
27-2012.00,Producers and Directors,Written Expression,3.75,Abilities,27,123,two_level_random_sample,EXP_20260416_154815
27-2012.00,Producers and Directors,Fluency of Ideas,3.62,Abilities,27,123,two_level_random_sample,EXP_20260416_154815
27-2012.00,Producers and Directors,Originality,3.75,Abilities,27,123,two_level_random_sample,EXP_20260416_154815
27-2012.00,Producers and Directors,Problem Sensitivity,4.0,Abilities,27,123,two_level_random_sample,EXP_20260416_154815
27-2012.00,Producers and Directors,Deductive Reasoning,4.12,Abilities,27,123,two_level_random_sample,EXP_20260416_154815
27-2012.00,Producers and Directors,Inductive Reasoning,3.62,Abilities,27,123,two_level_random_sample,EXP_20260416_154815
27-2012.00,Producers and Directors,Information Ordering,3.75,Abilities,27,123,two_level_random_sample,EXP_20260416_154815
27-2012.00,Producers and Directors,Category Flexibility,3.62,Abilities,27,123,two_level_random_sample,EXP_20260416_154815
27-2012.00,Producers and Directors,Mathematical Reasoning,2.62,Abilities,27,123,two_level_random_sample,EXP_20260416_154815
27-2012.00,Producers and Directors,Number Facility,2.5,Abilities,27,123,two_level_random_sample,EXP_20260416_154815
27-2012.00,Producers and Directors,Memorization,2.88,Abilities,27,123,two_level_random_sample,EXP_20260416_154815
27-2012.00,Producers and Directors,Speed of Closure,3.12,Abilities,27,123,two_level_random_sample,EXP_20260416_154815
27-2012.00,Producers and Directors,Flexibility of Closure,3.38,Abilities,27,123,two_level_random_sample,EXP_20260416_154815
27-2012.00,Producers and Directors,Perceptual Speed,3.0,Abilities,27,123,two_level_random_sample,EXP_20260416_154815
27-2012.00,Producers and Directors,Spatial Orientation,1.88,Abilities,27,123,two_level_random_sample,EXP_20260416_154815
27-2012.00,Producers and Directors,Visualization,3.62,Abilities,27,123,two_level_random_sample,EXP_20260416_154815
27-2012.00,Producers and Directors,Selective Attention,3.12,Abilities,27,123,two_level_random_sample,EXP_20260416_154815
27-2012.00,Producers and Directors,Time Sharing,3.12,Abilities,27,123,two_level_random_sample,EXP_20260416_154815
27-2012.00,Producers and Directors,Arm-Hand Steadiness,2.25,Abilities,27,123,two_level_random_sample,EXP_20260416_154815
27-2012.00,Producers and Directors,Manual Dexterity,2.12,Abilities,27,123,two_level_random_sample,EXP_20260416_154815
27-2012.00,Producers and Directors,Finger Dexterity,2.12,Abilities,27,123,two_level_random_sample,EXP_20260416_154815
27-2012.00,Producers and Directors,Control Precision,2.0,Abilities,27,123,two_level_random_sample,EXP_20260416_154815
27-2012.00,Producers and Directors,Multilimb Coordination,1.88,Abilities,27,123,two_level_random_sample,EXP_20260416_154815
27-2012.00,Producers and Directors,Response Orientation,1.38,Abilities,27,123,two_level_random_sample,EXP_20260416_154815
27-2012.00,Producers and Directors,Rate Control,1.88,Abilities,27,123,two_level_random_sample,EXP_20260416_154815
27-2012.00,Producers and Directors,Reaction Time,1.75,Abilities,27,123,two_level_random_sample,EXP_20260416_154815
27-2012.00,Producers and Directors,Wrist-Finger Speed,2.25,Abilities,27,123,two_level_random_sample,EXP_20260416_154815
27-2012.00,Producers and Directors,Speed of Limb Movement,1.0,Abilities,27,123,two_level_random_sample,EXP_20260416_154815
27-2012.00,Producers and Directors,Static Strength,1.75,Abilities,27,123,two_level_random_sample,EXP_20260416_154815
27-2012.00,Producers and Directors,Explosive Strength,1.25,Abilities,27,123,two_level_random_sample,EXP_20260416_154815
27-2012.00,Producers and Directors,Dynamic Strength,1.5,Abilities,27,123,two_level_random_sample,EXP_20260416_154815
27-2012.00,Producers and Directors,Trunk Strength,2.25,Abilities,27,123,two_level_random_sample,EXP_20260416_154815
27-2012.00,Producers and Directors,Stamina,1.0,Abilities,27,123,two_level_random_sample,EXP_20260416_154815
27-2012.00,Producers and Directors,Extent Flexibility,1.75,Abilities,27,123,two_level_random_sample,EXP_20260416_154815
27-2012.00,Producers and Directors,Dynamic Flexibility,1.0,Abilities,27,123,two_level_random_sample,EXP_20260416_154815
27-2012.00,Producers and Directors,Gross Body Coordination,1.0,Abilities,27,123,two_level_random_sample,EXP_20260416_154815
27-2012.00,Producers and Directors,Gross Body Equilibrium,1.0,Abilities,27,123,two_level_random_sample,EXP_20260416_154815
27-2012.00,Producers and Directors,Near Vision,3.75,Abilities,27,123,two_level_random_sample,EXP_20260416_154815
27-2012.00,Producers and Directors,Far Vision,3.62,Abilities,27,123,two_level_random_sample,EXP_20260416_154815
27-2012.00,Producers and Directors,Visual Color Discrimination,2.75,Abilities,27,123,two_level_random_sample,EXP_20260416_154815
27-2012.00,Producers and Directors,Night Vision,1.12,Abilities,27,123,two_level_random_sample,EXP_20260416_154815
27-2012.00,Producers and Directors,Peripheral Vision,1.0,Abilities,27,123,two_level_random_sample,EXP_20260416_154815
27-2012.00,Producers and Directors,Depth Perception,2.12,Abilities,27,123,two_level_random_sample,EXP_20260416_154815
27-2012.00,Producers and Directors,Glare Sensitivity,1.25,Abilities,27,123,two_level_random_sample,EXP_20260416_154815
27-2012.00,Producers and Directors,Hearing Sensitivity,2.5,Abilities,27,123,two_level_random_sample,EXP_20260416_154815
27-2012.00,Producers and Directors,Auditory Attention,2.75,Abilities,27,123,two_level_random_sample,EXP_20260416_154815
27-2012.00,Producers and Directors,Sound Localization,1.38,Abilities,27,123,two_level_random_sample,EXP_20260416_154815
27-2012.00,Producers and Directors,Speech Recognition,3.75,Abilities,27,123,two_level_random_sample,EXP_20260416_154815
27-2012.00,Producers and Directors,Speech Clarity,4.0,Abilities,27,123,two_level_random_sample,EXP_20260416_154815
27-2022.00,Coaches and Scouts,Oral Comprehension,4.12,Abilities,27,123,two_level_random_sample,EXP_20260416_154815
27-2022.00,Coaches and Scouts,Written Comprehension,3.75,Abilities,27,123,two_level_random_sample,EXP_20260416_154815
27-2022.00,Coaches and Scouts,Oral Expression,4.62,Abilities,27,123,two_level_random_sample,EXP_20260416_154815
27-2022.00,Coaches and Scouts,Written Expression,3.5,Abilities,27,123,two_level_random_sample,EXP_20260416_154815
27-2022.00,Coaches and Scouts,Fluency of Ideas,3.75,Abilities,27,123,two_level_random_sample,EXP_20260416_154815
27-2022.00,Coaches and Scouts,Originality,3.88,Abilities,27,123,two_level_random_sample,EXP_20260416_154815
27-2022.00,Coaches and Scouts,Problem Sensitivity,3.75,Abilities,27,123,two_level_random_sample,EXP_20260416_154815
27-2022.00,Coaches and Scouts,Deductive Reasoning,3.75,Abilities,27,123,two_level_random_sample,EXP_20260416_154815
27-2022.00,Coaches and Scouts,Inductive Reasoning,3.75,Abilities,27,123,two_level_random_sample,EXP_20260416_154815
27-2022.00,Coaches and Scouts,Information Ordering,3.88,Abilities,27,123,two_level_random_sample,EXP_20260416_154815
27-2022.00,Coaches and Scouts,Category Flexibility,3.75,Abilities,27,123,two_level_random_sample,EXP_20260416_154815
27-2022.00,Coaches and Scouts,Mathematical Reasoning,2.25,Abilities,27,123,two_level_random_sample,EXP_20260416_154815
27-2022.00,Coaches and Scouts,Number Facility,2.0,Abilities,27,123,two_level_random_sample,EXP_20260416_154815
27-2022.00,Coaches and Scouts,Memorization,2.75,Abilities,27,123,two_level_random_sample,EXP_20260416_154815
27-2022.00,Coaches and Scouts,Speed of Closure,2.75,Abilities,27,123,two_level_random_sample,EXP_20260416_154815
27-2022.00,Coaches and Scouts,Flexibility of Closure,3.12,Abilities,27,123,two_level_random_sample,EXP_20260416_154815
27-2022.00,Coaches and Scouts,Perceptual Speed,2.62,Abilities,27,123,two_level_random_sample,EXP_20260416_154815
27-2022.00,Coaches and Scouts,Spatial Orientation,1.75,Abilities,27,123,two_level_random_sample,EXP_20260416_154815
27-2022.00,Coaches and Scouts,Visualization,3.38,Abilities,27,123,two_level_random_sample,EXP_20260416_154815
27-2022.00,Coaches and Scouts,Selective Attention,3.12,Abilities,27,123,two_level_random_sample,EXP_20260416_154815
27-2022.00,Coaches and Scouts,Time Sharing,2.88,Abilities,27,123,two_level_random_sample,EXP_20260416_154815
27-2022.00,Coaches and Scouts,Arm-Hand Steadiness,2.62,Abilities,27,123,two_level_random_sample,EXP_20260416_154815
27-2022.00,Coaches and Scouts,Manual Dexterity,2.38,Abilities,27,123,two_level_random_sample,EXP_20260416_154815
27-2022.00,Coaches and Scouts,Finger Dexterity,2.0,Abilities,27,123,two_level_random_sample,EXP_20260416_154815
27-2022.00,Coaches and Scouts,Control Precision,1.88,Abilities,27,123,two_level_random_sample,EXP_20260416_154815
27-2022.00,Coaches and Scouts,Multilimb Coordination,2.5,Abilities,27,123,two_level_random_sample,EXP_20260416_154815
27-2022.00,Coaches and Scouts,Response Orientation,1.0,Abilities,27,123,two_level_random_sample,EXP_20260416_154815
27-2022.00,Coaches and Scouts,Rate Control,1.0,Abilities,27,123,two_level_random_sample,EXP_20260416_154815
27-2022.00,Coaches and Scouts,Reaction Time,1.0,Abilities,27,123,two_level_random_sample,EXP_20260416_154815
27-2022.00,Coaches and Scouts,Wrist-Finger Speed,1.38,Abilities,27,123,two_level_random_sample,EXP_20260416_154815
27-2022.00,Coaches and Scouts,Speed of Limb Movement,1.5,Abilities,27,123,two_level_random_sample,EXP_20260416_154815
27-2022.00,Coaches and Scouts,Static Strength,2.88,Abilities,27,123,two_level_random_sample,EXP_20260416_154815
27-2022.00,Coaches and Scouts,Explosive Strength,1.88,Abilities,27,123,two_level_random_sample,EXP_20260416_154815
27-2022.00,Coaches and Scouts,Dynamic Strength,2.5,Abilities,27,123,two_level_random_sample,EXP_20260416_154815
27-2022.00,Coaches and Scouts,Trunk Strength,2.88,Abilities,27,123,two_level_random_sample,EXP_20260416_154815
27-2022.00,Coaches and Scouts,Stamina,2.62,Abilities,27,123,two_level_random_sample,EXP_20260416_154815
27-2022.00,Coaches and Scouts,Extent Flexibility,2.0,Abilities,27,123,two_level_random_sample,EXP_20260416_154815
27-2022.00,Coaches and Scouts,Dynamic Flexibility,1.25,Abilities,27,123,two_level_random_sample,EXP_20260416_154815
27-2022.00,Coaches and Scouts,Gross Body Coordination,2.0,Abilities,27,123,two_level_random_sample,EXP_20260416_154815
27-2022.00,Coaches and Scouts,Gross Body Equilibrium,2.0,Abilities,27,123,two_level_random_sample,EXP_20260416_154815
27-2022.00,Coaches and Scouts,Near Vision,3.62,Abilities,27,123,two_level_random_sample,EXP_20260416_154815
27-2022.00,Coaches and Scouts,Far Vision,3.25,Abilities,27,123,two_level_random_sample,EXP_20260416_154815
27-2022.00,Coaches and Scouts,Visual Color Discrimination,2.62,Abilities,27,123,two_level_random_sample,EXP_20260416_154815
27-2022.00,Coaches and Scouts,Night Vision,1.0,Abilities,27,123,two_level_random_sample,EXP_20260416_154815
27-2022.00,Coaches and Scouts,Peripheral Vision,1.75,Abilities,27,123,two_level_random_sample,EXP_20260416_154815
27-2022.00,Coaches and Scouts,Depth Perception,2.5,Abilities,27,123,two_level_random_sample,EXP_20260416_154815
27-2022.00,Coaches and Scouts,Glare Sensitivity,1.12,Abilities,27,123,two_level_random_sample,EXP_20260416_154815
27-2022.00,Coaches and Scouts,Hearing Sensitivity,2.12,Abilities,27,123,two_level_random_sample,EXP_20260416_154815
27-2022.00,Coaches and Scouts,Auditory Attention,2.75,Abilities,27,123,two_level_random_sample,EXP_20260416_154815
27-2022.00,Coaches and Scouts,Sound Localization,1.12,Abilities,27,123,two_level_random_sample,EXP_20260416_154815
27-2022.00,Coaches and Scouts,Speech Recognition,4.0,Abilities,27,123,two_level_random_sample,EXP_20260416_154815
27-2022.00,Coaches and Scouts,Speech Clarity,4.0,Abilities,27,123,two_level_random_sample,EXP_20260416_154815
27-3041.00,Editors,Oral Comprehension,4.0,Abilities,27,123,two_level_random_sample,EXP_20260416_154815
27-3041.00,Editors,Written Comprehension,4.88,Abilities,27,123,two_level_random_sample,EXP_20260416_154815
27-3041.00,Editors,Oral Expression,4.0,Abilities,27,123,two_level_random_sample,EXP_20260416_154815
27-3041.00,Editors,Written Expression,4.62,Abilities,27,123,two_level_random_sample,EXP_20260416_154815
27-3041.00,Editors,Fluency of Ideas,3.88,Abilities,27,123,two_level_random_sample,EXP_20260416_154815
27-3041.00,Editors,Originality,3.5,Abilities,27,123,two_level_random_sample,EXP_20260416_154815
27-3041.00,Editors,Problem Sensitivity,3.38,Abilities,27,123,two_level_random_sample,EXP_20260416_154815
27-3041.00,Editors,Deductive Reasoning,3.5,Abilities,27,123,two_level_random_sample,EXP_20260416_154815
27-3041.00,Editors,Inductive Reasoning,3.38,Abilities,27,123,two_level_random_sample,EXP_20260416_154815
27-3041.00,Editors,Information Ordering,3.38,Abilities,27,123,two_level_random_sample,EXP_20260416_154815
27-3041.00,Editors,Category Flexibility,3.62,Abilities,27,123,two_level_random_sample,EXP_20260416_154815
27-3041.00,Editors,Mathematical Reasoning,2.12,Abilities,27,123,two_level_random_sample,EXP_20260416_154815
27-3041.00,Editors,Number Facility,2.0,Abilities,27,123,two_level_random_sample,EXP_20260416_154815
27-3041.00,Editors,Memorization,2.62,Abilities,27,123,two_level_random_sample,EXP_20260416_154815
27-3041.00,Editors,Speed of Closure,2.75,Abilities,27,123,two_level_random_sample,EXP_20260416_154815
27-3041.00,Editors,Flexibility of Closure,3.12,Abilities,27,123,two_level_random_sample,EXP_20260416_154815
27-3041.00,Editors,Perceptual Speed,2.88,Abilities,27,123,two_level_random_sample,EXP_20260416_154815
27-3041.00,Editors,Spatial Orientation,1.0,Abilities,27,123,two_level_random_sample,EXP_20260416_154815
27-3041.00,Editors,Visualization,2.88,Abilities,27,123,two_level_random_sample,EXP_20260416_154815
27-3041.00,Editors,Selective Attention,3.0,Abilities,27,123,two_level_random_sample,EXP_20260416_154815
27-3041.00,Editors,Time Sharing,2.5,Abilities,27,123,two_level_random_sample,EXP_20260416_154815
27-3041.00,Editors,Arm-Hand Steadiness,2.0,Abilities,27,123,two_level_random_sample,EXP_20260416_154815
27-3041.00,Editors,Manual Dexterity,2.0,Abilities,27,123,two_level_random_sample,EXP_20260416_154815
27-3041.00,Editors,Finger Dexterity,2.5,Abilities,27,123,two_level_random_sample,EXP_20260416_154815
27-3041.00,Editors,Control Precision,1.75,Abilities,27,123,two_level_random_sample,EXP_20260416_154815
27-3041.00,Editors,Multilimb Coordination,1.0,Abilities,27,123,two_level_random_sample,EXP_20260416_154815
27-3041.00,Editors,Response Orientation,1.0,Abilities,27,123,two_level_random_sample,EXP_20260416_154815
27-3041.00,Editors,Rate Control,1.0,Abilities,27,123,two_level_random_sample,EXP_20260416_154815
27-3041.00,Editors,Reaction Time,1.0,Abilities,27,123,two_level_random_sample,EXP_20260416_154815
27-3041.00,Editors,Wrist-Finger Speed,1.75,Abilities,27,123,two_level_random_sample,EXP_20260416_154815
27-3041.00,Editors,Speed of Limb Movement,1.0,Abilities,27,123,two_level_random_sample,EXP_20260416_154815
27-3041.00,Editors,Static Strength,1.0,Abilities,27,123,two_level_random_sample,EXP_20260416_154815
27-3041.00,Editors,Explosive Strength,1.0,Abilities,27,123,two_level_random_sample,EXP_20260416_154815
27-3041.00,Editors,Dynamic Strength,1.5,Abilities,27,123,two_level_random_sample,EXP_20260416_154815
27-3041.00,Editors,Trunk Strength,1.75,Abilities,27,123,two_level_random_sample,EXP_20260416_154815
27-3041.00,Editors,Stamina,1.0,Abilities,27,123,two_level_random_sample,EXP_20260416_154815
27-3041.00,Editors,Extent Flexibility,1.0,Abilities,27,123,two_level_random_sample,EXP_20260416_154815
27-3041.00,Editors,Dynamic Flexibility,1.0,Abilities,27,123,two_level_random_sample,EXP_20260416_154815
27-3041.00,Editors,Gross Body Coordination,1.0,Abilities,27,123,two_level_random_sample,EXP_20260416_154815
27-3041.00,Editors,Gross Body Equilibrium,1.0,Abilities,27,123,two_level_random_sample,EXP_20260416_154815
27-3041.00,Editors,Near Vision,3.88,Abilities,27,123,two_level_random_sample,EXP_20260416_154815
27-3041.00,Editors,Far Vision,2.62,Abilities,27,123,two_level_random_sample,EXP_20260416_154815
27-3041.00,Editors,Visual Color Discrimination,2.62,Abilities,27,123,two_level_random_sample,EXP_20260416_154815
27-3041.00,Editors,Night Vision,1.0,Abilities,27,123,two_level_random_sample,EXP_20260416_154815
27-3041.00,Editors,Peripheral Vision,1.0,Abilities,27,123,two_level_random_sample,EXP_20260416_154815
27-3041.00,Editors,Depth Perception,1.12,Abilities,27,123,two_level_random_sample,EXP_20260416_154815
27-3041.00,Editors,Glare Sensitivity,1.0,Abilities,27,123,two_level_random_sample,EXP_20260416_154815
27-3041.00,Editors,Hearing Sensitivity,1.75,Abilities,27,123,two_level_random_sample,EXP_20260416_154815
27-3041.00,Editors,Auditory Attention,2.0,Abilities,27,123,two_level_random_sample,EXP_20260416_154815
27-3041.00,Editors,Sound Localization,1.0,Abilities,27,123,two_level_random_sample,EXP_20260416_154815
27-3041.00,Editors,Speech Recognition,3.88,Abilities,27,123,two_level_random_sample,EXP_20260416_154815
27-3041.00,Editors,Speech Clarity,3.88,Abilities,27,123,two_level_random_sample,EXP_20260416_154815
27-4031.00,"Camera Operators, Television, Video, and Film",Oral Comprehension,3.5,Abilities,27,123,two_level_random_sample,EXP_20260416_154815
27-4031.00,"Camera Operators, Television, Video, and Film",Written Comprehension,2.88,Abilities,27,123,two_level_random_sample,EXP_20260416_154815
27-4031.00,"Camera Operators, Television, Video, and Film",Oral Expression,3.62,Abilities,27,123,two_level_random_sample,EXP_20260416_154815
27-4031.00,"Camera Operators, Television, Video, and Film",Written Expression,2.75,Abilities,27,123,two_level_random_sample,EXP_20260416_154815
27-4031.00,"Camera Operators, Television, Video, and Film",Fluency of Ideas,3.12,Abilities,27,123,two_level_random_sample,EXP_20260416_154815
27-4031.00,"Camera Operators, Television, Video, and Film",Originality,3.12,Abilities,27,123,two_level_random_sample,EXP_20260416_154815
27-4031.00,"Camera Operators, Television, Video, and Film",Problem Sensitivity,3.62,Abilities,27,123,two_level_random_sample,EXP_20260416_154815
27-4031.00,"Camera Operators, Television, Video, and Film",Deductive Reasoning,3.12,Abilities,27,123,two_level_random_sample,EXP_20260416_154815
27-4031.00,"Camera Operators, Television, Video, and Film",Inductive Reasoning,3.12,Abilities,27,123,two_level_random_sample,EXP_20260416_154815
27-4031.00,"Camera Operators, Television, Video, and Film",Information Ordering,3.25,Abilities,27,123,two_level_random_sample,EXP_20260416_154815
27-4031.00,"Camera Operators, Television, Video, and Film",Category Flexibility,3.0,Abilities,27,123,two_level_random_sample,EXP_20260416_154815
27-4031.00,"Camera Operators, Television, Video, and Film",Mathematical Reasoning,2.0,Abilities,27,123,two_level_random_sample,EXP_20260416_154815
27-4031.00,"Camera Operators, Television, Video, and Film",Number Facility,2.0,Abilities,27,123,two_level_random_sample,EXP_20260416_154815
27-4031.00,"Camera Operators, Television, Video, and Film",Memorization,2.12,Abilities,27,123,two_level_random_sample,EXP_20260416_154815
27-4031.00,"Camera Operators, Television, Video, and Film",Speed of Closure,2.5,Abilities,27,123,two_level_random_sample,EXP_20260416_154815
27-4031.00,"Camera Operators, Television, Video, and Film",Flexibility of Closure,3.25,Abilities,27,123,two_level_random_sample,EXP_20260416_154815
27-4031.00,"Camera Operators, Television, Video, and Film",Perceptual Speed,2.88,Abilities,27,123,two_level_random_sample,EXP_20260416_154815
27-4031.00,"Camera Operators, Television, Video, and Film",Spatial Orientation,2.12,Abilities,27,123,two_level_random_sample,EXP_20260416_154815
27-4031.00,"Camera Operators, Television, Video, and Film",Visualization,3.75,Abilities,27,123,two_level_random_sample,EXP_20260416_154815
27-4031.00,"Camera Operators, Television, Video, and Film",Selective Attention,3.25,Abilities,27,123,two_level_random_sample,EXP_20260416_154815
27-4031.00,"Camera Operators, Television, Video, and Film",Time Sharing,3.0,Abilities,27,123,two_level_random_sample,EXP_20260416_154815
27-4031.00,"Camera Operators, Television, Video, and Film",Arm-Hand Steadiness,3.25,Abilities,27,123,two_level_random_sample,EXP_20260416_154815
27-4031.00,"Camera Operators, Television, Video, and Film",Manual Dexterity,3.12,Abilities,27,123,two_level_random_sample,EXP_20260416_154815
27-4031.00,"Camera Operators, Television, Video, and Film",Finger Dexterity,3.12,Abilities,27,123,two_level_random_sample,EXP_20260416_154815
27-4031.00,"Camera Operators, Television, Video, and Film",Control Precision,3.25,Abilities,27,123,two_level_random_sample,EXP_20260416_154815
27-4031.00,"Camera Operators, Television, Video, and Film",Multilimb Coordination,2.88,Abilities,27,123,two_level_random_sample,EXP_20260416_154815
27-4031.00,"Camera Operators, Television, Video, and Film",Response Orientation,2.25,Abilities,27,123,two_level_random_sample,EXP_20260416_154815
27-4031.00,"Camera Operators, Television, Video, and Film",Rate Control,2.25,Abilities,27,123,two_level_random_sample,EXP_20260416_154815
27-4031.00,"Camera Operators, Television, Video, and Film",Reaction Time,2.12,Abilities,27,123,two_level_random_sample,EXP_20260416_154815
27-4031.00,"Camera Operators, Television, Video, and Film",Wrist-Finger Speed,2.0,Abilities,27,123,two_level_random_sample,EXP_20260416_154815
27-4031.00,"Camera Operators, Television, Video, and Film",Speed of Limb Movement,1.75,Abilities,27,123,two_level_random_sample,EXP_20260416_154815
27-4031.00,"Camera Operators, Television, Video, and Film",Static Strength,2.62,Abilities,27,123,two_level_random_sample,EXP_20260416_154815
27-4031.00,"Camera Operators, Television, Video, and Film",Explosive Strength,1.62,Abilities,27,123,two_level_random_sample,EXP_20260416_154815
27-4031.00,"Camera Operators, Television, Video, and Film",Dynamic Strength,2.0,Abilities,27,123,two_level_random_sample,EXP_20260416_154815
27-4031.00,"Camera Operators, Television, Video, and Film",Trunk Strength,2.62,Abilities,27,123,two_level_random_sample,EXP_20260416_154815
27-4031.00,"Camera Operators, Television, Video, and Film",Stamina,2.0,Abilities,27,123,two_level_random_sample,EXP_20260416_154815
27-4031.00,"Camera Operators, Television, Video, and Film",Extent Flexibility,2.25,Abilities,27,123,two_level_random_sample,EXP_20260416_154815
27-4031.00,"Camera Operators, Television, Video, and Film",Dynamic Flexibility,1.0,Abilities,27,123,two_level_random_sample,EXP_20260416_154815
27-4031.00,"Camera Operators, Television, Video, and Film",Gross Body Coordination,2.12,Abilities,27,123,two_level_random_sample,EXP_20260416_154815
27-4031.00,"Camera Operators, Television, Video, and Film",Gross Body Equilibrium,2.0,Abilities,27,123,two_level_random_sample,EXP_20260416_154815
27-4031.00,"Camera Operators, Television, Video, and Film",Near Vision,3.75,Abilities,27,123,two_level_random_sample,EXP_20260416_154815
27-4031.00,"Camera Operators, Television, Video, and Film",Far Vision,3.75,Abilities,27,123,two_level_random_sample,EXP_20260416_154815
27-4031.00,"Camera Operators, Television, Video, and Film",Visual Color Discrimination,3.38,Abilities,27,123,two_level_random_sample,EXP_20260416_154815
27-4031.00,"Camera Operators, Television, Video, and Film",Night Vision,1.62,Abilities,27,123,two_level_random_sample,EXP_20260416_154815
27-4031.00,"Camera Operators, Television, Video, and Film",Peripheral Vision,1.62,Abilities,27,123,two_level_random_sample,EXP_20260416_154815
27-4031.00,"Camera Operators, Television, Video, and Film",Depth Perception,2.62,Abilities,27,123,two_level_random_sample,EXP_20260416_154815
27-4031.00,"Camera Operators, Television, Video, and Film",Glare Sensitivity,2.0,Abilities,27,123,two_level_random_sample,EXP_20260416_154815
27-4031.00,"Camera Operators, Television, Video, and Film",Hearing Sensitivity,2.75,Abilities,27,123,two_level_random_sample,EXP_20260416_154815
27-4031.00,"Camera Operators, Television, Video, and Film",Auditory Attention,2.75,Abilities,27,123,two_level_random_sample,EXP_20260416_154815
27-4031.00,"Camera Operators, Television, Video, and Film",Sound Localization,1.62,Abilities,27,123,two_level_random_sample,EXP_20260416_154815
27-4031.00,"Camera Operators, Television, Video, and Film",Speech Recognition,3.38,Abilities,27,123,two_level_random_sample,EXP_20260416_154815
27-4031.00,"Camera Operators, Television, Video, and Film",Speech Clarity,3.5,Abilities,27,123,two_level_random_sample,EXP_20260416_154815
37-1011.00,First-Line Supervisors of Housekeeping and Janitorial Workers,Oral Comprehension,3.62,Abilities,37,123,two_level_random_sample,EXP_20260416_154815
37-1011.00,First-Line Supervisors of Housekeeping and Janitorial Workers,Written Comprehension,3.0,Abilities,37,123,two_level_random_sample,EXP_20260416_154815
37-1011.00,First-Line Supervisors of Housekeeping and Janitorial Workers,Oral Expression,3.88,Abilities,37,123,two_level_random_sample,EXP_20260416_154815
37-1011.00,First-Line Supervisors of Housekeeping and Janitorial Workers,Written Expression,3.0,Abilities,37,123,two_level_random_sample,EXP_20260416_154815
37-1011.00,First-Line Supervisors of Housekeeping and Janitorial Workers,Fluency of Ideas,2.75,Abilities,37,123,two_level_random_sample,EXP_20260416_154815
37-1011.00,First-Line Supervisors of Housekeeping and Janitorial Workers,Originality,2.62,Abilities,37,123,two_level_random_sample,EXP_20260416_154815
37-1011.00,First-Line Supervisors of Housekeeping and Janitorial Workers,Problem Sensitivity,3.25,Abilities,37,123,two_level_random_sample,EXP_20260416_154815
37-1011.00,First-Line Supervisors of Housekeeping and Janitorial Workers,Deductive Reasoning,3.12,Abilities,37,123,two_level_random_sample,EXP_20260416_154815
37-1011.00,First-Line Supervisors of Housekeeping and Janitorial Workers,Inductive Reasoning,3.0,Abilities,37,123,two_level_random_sample,EXP_20260416_154815
37-1011.00,First-Line Supervisors of Housekeeping and Janitorial Workers,Information Ordering,3.25,Abilities,37,123,two_level_random_sample,EXP_20260416_154815
37-1011.00,First-Line Supervisors of Housekeeping and Janitorial Workers,Category Flexibility,3.12,Abilities,37,123,two_level_random_sample,EXP_20260416_154815
37-1011.00,First-Line Supervisors of Housekeeping and Janitorial Workers,Mathematical Reasoning,2.12,Abilities,37,123,two_level_random_sample,EXP_20260416_154815
37-1011.00,First-Line Supervisors of Housekeeping and Janitorial Workers,Number Facility,2.5,Abilities,37,123,two_level_random_sample,EXP_20260416_154815
37-1011.00,First-Line Supervisors of Housekeeping and Janitorial Workers,Memorization,2.12,Abilities,37,123,two_level_random_sample,EXP_20260416_154815
37-1011.00,First-Line Supervisors of Housekeeping and Janitorial Workers,Speed of Closure,2.12,Abilities,37,123,two_level_random_sample,EXP_20260416_154815
37-1011.00,First-Line Supervisors of Housekeeping and Janitorial Workers,Flexibility of Closure,2.62,Abilities,37,123,two_level_random_sample,EXP_20260416_154815
37-1011.00,First-Line Supervisors of Housekeeping and Janitorial Workers,Perceptual Speed,2.5,Abilities,37,123,two_level_random_sample,EXP_20260416_154815
37-1011.00,First-Line Supervisors of Housekeeping and Janitorial Workers,Spatial Orientation,1.75,Abilities,37,123,two_level_random_sample,EXP_20260416_154815
37-1011.00,First-Line Supervisors of Housekeeping and Janitorial Workers,Visualization,2.12,Abilities,37,123,two_level_random_sample,EXP_20260416_154815
37-1011.00,First-Line Supervisors of Housekeeping and Janitorial Workers,Selective Attention,2.62,Abilities,37,123,two_level_random_sample,EXP_20260416_154815
37-1011.00,First-Line Supervisors of Housekeeping and Janitorial Workers,Time Sharing,2.25,Abilities,37,123,two_level_random_sample,EXP_20260416_154815
37-1011.00,First-Line Supervisors of Housekeeping and Janitorial Workers,Arm-Hand Steadiness,2.75,Abilities,37,123,two_level_random_sample,EXP_20260416_154815
37-1011.00,First-Line Supervisors of Housekeeping and Janitorial Workers,Manual Dexterity,3.0,Abilities,37,123,two_level_random_sample,EXP_20260416_154815
37-1011.00,First-Line Supervisors of Housekeeping and Janitorial Workers,Finger Dexterity,2.5,Abilities,37,123,two_level_random_sample,EXP_20260416_154815
37-1011.00,First-Line Supervisors of Housekeeping and Janitorial Workers,Control Precision,2.5,Abilities,37,123,two_level_random_sample,EXP_20260416_154815
37-1011.00,First-Line Supervisors of Housekeeping and Janitorial Workers,Multilimb Coordination,2.5,Abilities,37,123,two_level_random_sample,EXP_20260416_154815
37-1011.00,First-Line Supervisors of Housekeeping and Janitorial Workers,Response Orientation,1.75,Abilities,37,123,two_level_random_sample,EXP_20260416_154815
37-1011.00,First-Line Supervisors of Housekeeping and Janitorial Workers,Rate Control,1.75,Abilities,37,123,two_level_random_sample,EXP_20260416_154815
37-1011.00,First-Line Supervisors of Housekeeping and Janitorial Workers,Reaction Time,1.88,Abilities,37,123,two_level_random_sample,EXP_20260416_154815
37-1011.00,First-Line Supervisors of Housekeeping and Janitorial Workers,Wrist-Finger Speed,1.88,Abilities,37,123,two_level_random_sample,EXP_20260416_154815
37-1011.00,First-Line Supervisors of Housekeeping and Janitorial Workers,Speed of Limb Movement,1.75,Abilities,37,123,two_level_random_sample,EXP_20260416_154815
37-1011.00,First-Line Supervisors of Housekeeping and Janitorial Workers,Static Strength,2.75,Abilities,37,123,two_level_random_sample,EXP_20260416_154815
37-1011.00,First-Line Supervisors of Housekeeping and Janitorial Workers,Explosive Strength,1.38,Abilities,37,123,two_level_random_sample,EXP_20260416_154815
37-1011.00,First-Line Supervisors of Housekeeping and Janitorial Workers,Dynamic Strength,2.25,Abilities,37,123,two_level_random_sample,EXP_20260416_154815
37-1011.00,First-Line Supervisors of Housekeeping and Janitorial Workers,Trunk Strength,2.88,Abilities,37,123,two_level_random_sample,EXP_20260416_154815
37-1011.00,First-Line Supervisors of Housekeeping and Janitorial Workers,Stamina,2.5,Abilities,37,123,two_level_random_sample,EXP_20260416_154815
37-1011.00,First-Line Supervisors of Housekeeping and Janitorial Workers,Extent Flexibility,2.25,Abilities,37,123,two_level_random_sample,EXP_20260416_154815
37-1011.00,First-Line Supervisors of Housekeeping and Janitorial Workers,Dynamic Flexibility,1.12,Abilities,37,123,two_level_random_sample,EXP_20260416_154815
37-1011.00,First-Line Supervisors of Housekeeping and Janitorial Workers,Gross Body Coordination,2.12,Abilities,37,123,two_level_random_sample,EXP_20260416_154815
37-1011.00,First-Line Supervisors of Housekeeping and Janitorial Workers,Gross Body Equilibrium,2.0,Abilities,37,123,two_level_random_sample,EXP_20260416_154815
37-1011.00,First-Line Supervisors of Housekeeping and Janitorial Workers,Near Vision,3.25,Abilities,37,123,two_level_random_sample,EXP_20260416_154815
37-1011.00,First-Line Supervisors of Housekeeping and Janitorial Workers,Far Vision,3.0,Abilities,37,123,two_level_random_sample,EXP_20260416_154815
37-1011.00,First-Line Supervisors of Housekeeping and Janitorial Workers,Visual Color Discrimination,2.5,Abilities,37,123,two_level_random_sample,EXP_20260416_154815
37-1011.00,First-Line Supervisors of Housekeeping and Janitorial Workers,Night Vision,1.5,Abilities,37,123,two_level_random_sample,EXP_20260416_154815
37-1011.00,First-Line Supervisors of Housekeeping and Janitorial Workers,Peripheral Vision,1.5,Abilities,37,123,two_level_random_sample,EXP_20260416_154815
37-1011.00,First-Line Supervisors of Housekeeping and Janitorial Workers,Depth Perception,2.0,Abilities,37,123,two_level_random_sample,EXP_20260416_154815
37-1011.00,First-Line Supervisors of Housekeeping and Janitorial Workers,Glare Sensitivity,1.25,Abilities,37,123,two_level_random_sample,EXP_20260416_154815
37-1011.00,First-Line Supervisors of Housekeeping and Janitorial Workers,Hearing Sensitivity,1.88,Abilities,37,123,two_level_random_sample,EXP_20260416_154815
37-1011.00,First-Line Supervisors of Housekeeping and Janitorial Workers,Auditory Attention,1.88,Abilities,37,123,two_level_random_sample,EXP_20260416_154815
37-1011.00,First-Line Supervisors of Housekeeping and Janitorial Workers,Sound Localization,1.38,Abilities,37,123,two_level_random_sample,EXP_20260416_154815
37-1011.00,First-Line Supervisors of Housekeeping and Janitorial Workers,Speech Recognition,3.25,Abilities,37,123,two_level_random_sample,EXP_20260416_154815
37-1011.00,First-Line Supervisors of Housekeeping and Janitorial Workers,Speech Clarity,3.25,Abilities,37,123,two_level_random_sample,EXP_20260416_154815
37-1012.00,"First-Line Supervisors of Landscaping, Lawn Service, and Groundskeeping Workers",Oral Comprehension,4.0,Abilities,37,123,two_level_random_sample,EXP_20260416_154815
37-1012.00,"First-Line Supervisors of Landscaping, Lawn Service, and Groundskeeping Workers",Written Comprehension,3.25,Abilities,37,123,two_level_random_sample,EXP_20260416_154815
37-1012.00,"First-Line Supervisors of Landscaping, Lawn Service, and Groundskeeping Workers",Oral Expression,3.88,Abilities,37,123,two_level_random_sample,EXP_20260416_154815
37-1012.00,"First-Line Supervisors of Landscaping, Lawn Service, and Groundskeeping Workers",Written Expression,3.12,Abilities,37,123,two_level_random_sample,EXP_20260416_154815
37-1012.00,"First-Line Supervisors of Landscaping, Lawn Service, and Groundskeeping Workers",Fluency of Ideas,3.0,Abilities,37,123,two_level_random_sample,EXP_20260416_154815
37-1012.00,"First-Line Supervisors of Landscaping, Lawn Service, and Groundskeeping Workers",Originality,2.88,Abilities,37,123,two_level_random_sample,EXP_20260416_154815
37-1012.00,"First-Line Supervisors of Landscaping, Lawn Service, and Groundskeeping Workers",Problem Sensitivity,3.75,Abilities,37,123,two_level_random_sample,EXP_20260416_154815
37-1012.00,"First-Line Supervisors of Landscaping, Lawn Service, and Groundskeeping Workers",Deductive Reasoning,3.12,Abilities,37,123,two_level_random_sample,EXP_20260416_154815
37-1012.00,"First-Line Supervisors of Landscaping, Lawn Service, and Groundskeeping Workers",Inductive Reasoning,3.12,Abilities,37,123,two_level_random_sample,EXP_20260416_154815
37-1012.00,"First-Line Supervisors of Landscaping, Lawn Service, and Groundskeeping Workers",Information Ordering,3.12,Abilities,37,123,two_level_random_sample,EXP_20260416_154815
37-1012.00,"First-Line Supervisors of Landscaping, Lawn Service, and Groundskeeping Workers",Category Flexibility,2.88,Abilities,37,123,two_level_random_sample,EXP_20260416_154815
37-1012.00,"First-Line Supervisors of Landscaping, Lawn Service, and Groundskeeping Workers",Mathematical Reasoning,2.38,Abilities,37,123,two_level_random_sample,EXP_20260416_154815
37-1012.00,"First-Line Supervisors of Landscaping, Lawn Service, and Groundskeeping Workers",Number Facility,2.62,Abilities,37,123,two_level_random_sample,EXP_20260416_154815
37-1012.00,"First-Line Supervisors of Landscaping, Lawn Service, and Groundskeeping Workers",Memorization,2.38,Abilities,37,123,two_level_random_sample,EXP_20260416_154815
37-1012.00,"First-Line Supervisors of Landscaping, Lawn Service, and Groundskeeping Workers",Speed of Closure,2.25,Abilities,37,123,two_level_random_sample,EXP_20260416_154815
37-1012.00,"First-Line Supervisors of Landscaping, Lawn Service, and Groundskeeping Workers",Flexibility of Closure,3.12,Abilities,37,123,two_level_random_sample,EXP_20260416_154815
37-1012.00,"First-Line Supervisors of Landscaping, Lawn Service, and Groundskeeping Workers",Perceptual Speed,3.12,Abilities,37,123,two_level_random_sample,EXP_20260416_154815
37-1012.00,"First-Line Supervisors of Landscaping, Lawn Service, and Groundskeeping Workers",Spatial Orientation,2.0,Abilities,37,123,two_level_random_sample,EXP_20260416_154815
37-1012.00,"First-Line Supervisors of Landscaping, Lawn Service, and Groundskeeping Workers",Visualization,3.25,Abilities,37,123,two_level_random_sample,EXP_20260416_154815
37-1012.00,"First-Line Supervisors of Landscaping, Lawn Service, and Groundskeeping Workers",Selective Attention,3.0,Abilities,37,123,two_level_random_sample,EXP_20260416_154815
37-1012.00,"First-Line Supervisors of Landscaping, Lawn Service, and Groundskeeping Workers",Time Sharing,3.12,Abilities,37,123,two_level_random_sample,EXP_20260416_154815
37-1012.00,"First-Line Supervisors of Landscaping, Lawn Service, and Groundskeeping Workers",Arm-Hand Steadiness,3.12,Abilities,37,123,two_level_random_sample,EXP_20260416_154815
37-1012.00,"First-Line Supervisors of Landscaping, Lawn Service, and Groundskeeping Workers",Manual Dexterity,3.0,Abilities,37,123,two_level_random_sample,EXP_20260416_154815
37-1012.00,"First-Line Supervisors of Landscaping, Lawn Service, and Groundskeeping Workers",Finger Dexterity,3.0,Abilities,37,123,two_level_random_sample,EXP_20260416_154815
37-1012.00,"First-Line Supervisors of Landscaping, Lawn Service, and Groundskeeping Workers",Control Precision,3.0,Abilities,37,123,two_level_random_sample,EXP_20260416_154815
37-1012.00,"First-Line Supervisors of Landscaping, Lawn Service, and Groundskeeping Workers",Multilimb Coordination,3.0,Abilities,37,123,two_level_random_sample,EXP_20260416_154815
37-1012.00,"First-Line Supervisors of Landscaping, Lawn Service, and Groundskeeping Workers",Response Orientation,2.12,Abilities,37,123,two_level_random_sample,EXP_20260416_154815
37-1012.00,"First-Line Supervisors of Landscaping, Lawn Service, and Groundskeeping Workers",Rate Control,2.38,Abilities,37,123,two_level_random_sample,EXP_20260416_154815
37-1012.00,"First-Line Supervisors of Landscaping, Lawn Service, and Groundskeeping Workers",Reaction Time,2.38,Abilities,37,123,two_level_random_sample,EXP_20260416_154815
37-1012.00,"First-Line Supervisors of Landscaping, Lawn Service, and Groundskeeping Workers",Wrist-Finger Speed,2.0,Abilities,37,123,two_level_random_sample,EXP_20260416_154815
37-1012.00,"First-Line Supervisors of Landscaping, Lawn Service, and Groundskeeping Workers",Speed of Limb Movement,1.62,Abilities,37,123,two_level_random_sample,EXP_20260416_154815
37-1012.00,"First-Line Supervisors of Landscaping, Lawn Service, and Groundskeeping Workers",Static Strength,3.0,Abilities,37,123,two_level_random_sample,EXP_20260416_154815
37-1012.00,"First-Line Supervisors of Landscaping, Lawn Service, and Groundskeeping Workers",Explosive Strength,1.88,Abilities,37,123,two_level_random_sample,EXP_20260416_154815
37-1012.00,"First-Line Supervisors of Landscaping, Lawn Service, and Groundskeeping Workers",Dynamic Strength,2.12,Abilities,37,123,two_level_random_sample,EXP_20260416_154815
37-1012.00,"First-Line Supervisors of Landscaping, Lawn Service, and Groundskeeping Workers",Trunk Strength,2.88,Abilities,37,123,two_level_random_sample,EXP_20260416_154815
37-1012.00,"First-Line Supervisors of Landscaping, Lawn Service, and Groundskeeping Workers",Stamina,2.25,Abilities,37,123,two_level_random_sample,EXP_20260416_154815
37-1012.00,"First-Line Supervisors of Landscaping, Lawn Service, and Groundskeeping Workers",Extent Flexibility,2.38,Abilities,37,123,two_level_random_sample,EXP_20260416_154815
37-1012.00,"First-Line Supervisors of Landscaping, Lawn Service, and Groundskeeping Workers",Dynamic Flexibility,1.62,Abilities,37,123,two_level_random_sample,EXP_20260416_154815
37-1012.00,"First-Line Supervisors of Landscaping, Lawn Service, and Groundskeeping Workers",Gross Body Coordination,2.25,Abilities,37,123,two_level_random_sample,EXP_20260416_154815
37-1012.00,"First-Line Supervisors of Landscaping, Lawn Service, and Groundskeeping Workers",Gross Body Equilibrium,2.0,Abilities,37,123,two_level_random_sample,EXP_20260416_154815
37-1012.00,"First-Line Supervisors of Landscaping, Lawn Service, and Groundskeeping Workers",Near Vision,3.38,Abilities,37,123,two_level_random_sample,EXP_20260416_154815
37-1012.00,"First-Line Supervisors of Landscaping, Lawn Service, and Groundskeeping Workers",Far Vision,3.12,Abilities,37,123,two_level_random_sample,EXP_20260416_154815
37-1012.00,"First-Line Supervisors of Landscaping, Lawn Service, and Groundskeeping Workers",Visual Color Discrimination,2.88,Abilities,37,123,two_level_random_sample,EXP_20260416_154815
37-1012.00,"First-Line Supervisors of Landscaping, Lawn Service, and Groundskeeping Workers",Night Vision,2.12,Abilities,37,123,two_level_random_sample,EXP_20260416_154815
37-1012.00,"First-Line Supervisors of Landscaping, Lawn Service, and Groundskeeping Workers",Peripheral Vision,2.0,Abilities,37,123,two_level_random_sample,EXP_20260416_154815
37-1012.00,"First-Line Supervisors of Landscaping, Lawn Service, and Groundskeeping Workers",Depth Perception,2.62,Abilities,37,123,two_level_random_sample,EXP_20260416_154815
37-1012.00,"First-Line Supervisors of Landscaping, Lawn Service, and Groundskeeping Workers",Glare Sensitivity,2.0,Abilities,37,123,two_level_random_sample,EXP_20260416_154815
37-1012.00,"First-Line Supervisors of Landscaping, Lawn Service, and Groundskeeping Workers",Hearing Sensitivity,2.38,Abilities,37,123,two_level_random_sample,EXP_20260416_154815
37-1012.00,"First-Line Supervisors of Landscaping, Lawn Service, and Groundskeeping Workers",Auditory Attention,2.88,Abilities,37,123,two_level_random_sample,EXP_20260416_154815
37-1012.00,"First-Line Supervisors of Landscaping, Lawn Service, and Groundskeeping Workers",Sound Localization,2.0,Abilities,37,123,two_level_random_sample,EXP_20260416_154815
37-1012.00,"First-Line Supervisors of Landscaping, Lawn Service, and Groundskeeping Workers",Speech Recognition,3.25,Abilities,37,123,two_level_random_sample,EXP_20260416_154815
37-1012.00,"First-Line Supervisors of Landscaping, Lawn Service, and Groundskeeping Workers",Speech Clarity,3.25,Abilities,37,123,two_level_random_sample,EXP_20260416_154815
37-2011.00,"Janitors and Cleaners, Except Maids and Housekeeping Cleaners",Oral Comprehension,3.0,Abilities,37,123,two_level_random_sample,EXP_20260416_154815
37-2011.00,"Janitors and Cleaners, Except Maids and Housekeeping Cleaners",Written Comprehension,2.25,Abilities,37,123,two_level_random_sample,EXP_20260416_154815
37-2011.00,"Janitors and Cleaners, Except Maids and Housekeeping Cleaners",Oral Expression,3.0,Abilities,37,123,two_level_random_sample,EXP_20260416_154815
37-2011.00,"Janitors and Cleaners, Except Maids and Housekeeping Cleaners",Written Expression,2.25,Abilities,37,123,two_level_random_sample,EXP_20260416_154815
37-2011.00,"Janitors and Cleaners, Except Maids and Housekeeping Cleaners",Fluency of Ideas,2.12,Abilities,37,123,two_level_random_sample,EXP_20260416_154815
37-2011.00,"Janitors and Cleaners, Except Maids and Housekeeping Cleaners",Originality,2.12,Abilities,37,123,two_level_random_sample,EXP_20260416_154815
37-2011.00,"Janitors and Cleaners, Except Maids and Housekeeping Cleaners",Problem Sensitivity,3.0,Abilities,37,123,two_level_random_sample,EXP_20260416_154815
37-2011.00,"Janitors and Cleaners, Except Maids and Housekeeping Cleaners",Deductive Reasoning,2.75,Abilities,37,123,two_level_random_sample,EXP_20260416_154815
37-2011.00,"Janitors and Cleaners, Except Maids and Housekeeping Cleaners",Inductive Reasoning,2.5,Abilities,37,123,two_level_random_sample,EXP_20260416_154815
37-2011.00,"Janitors and Cleaners, Except Maids and Housekeeping Cleaners",Information Ordering,2.88,Abilities,37,123,two_level_random_sample,EXP_20260416_154815
37-2011.00,"Janitors and Cleaners, Except Maids and Housekeeping Cleaners",Category Flexibility,2.62,Abilities,37,123,two_level_random_sample,EXP_20260416_154815
37-2011.00,"Janitors and Cleaners, Except Maids and Housekeeping Cleaners",Mathematical Reasoning,1.5,Abilities,37,123,two_level_random_sample,EXP_20260416_154815
37-2011.00,"Janitors and Cleaners, Except Maids and Housekeeping Cleaners",Number Facility,1.5,Abilities,37,123,two_level_random_sample,EXP_20260416_154815
37-2011.00,"Janitors and Cleaners, Except Maids and Housekeeping Cleaners",Memorization,1.88,Abilities,37,123,two_level_random_sample,EXP_20260416_154815
37-2011.00,"Janitors and Cleaners, Except Maids and Housekeeping Cleaners",Speed of Closure,2.0,Abilities,37,123,two_level_random_sample,EXP_20260416_154815
37-2011.00,"Janitors and Cleaners, Except Maids and Housekeeping Cleaners",Flexibility of Closure,2.12,Abilities,37,123,two_level_random_sample,EXP_20260416_154815
37-2011.00,"Janitors and Cleaners, Except Maids and Housekeeping Cleaners",Perceptual Speed,2.12,Abilities,37,123,two_level_random_sample,EXP_20260416_154815
37-2011.00,"Janitors and Cleaners, Except Maids and Housekeeping Cleaners",Spatial Orientation,1.25,Abilities,37,123,two_level_random_sample,EXP_20260416_154815
37-2011.00,"Janitors and Cleaners, Except Maids and Housekeeping Cleaners",Visualization,2.25,Abilities,37,123,two_level_random_sample,EXP_20260416_154815
37-2011.00,"Janitors and Cleaners, Except Maids and Housekeeping Cleaners",Selective Attention,2.88,Abilities,37,123,two_level_random_sample,EXP_20260416_154815
37-2011.00,"Janitors and Cleaners, Except Maids and Housekeeping Cleaners",Time Sharing,2.12,Abilities,37,123,two_level_random_sample,EXP_20260416_154815
37-2011.00,"Janitors and Cleaners, Except Maids and Housekeeping Cleaners",Arm-Hand Steadiness,3.0,Abilities,37,123,two_level_random_sample,EXP_20260416_154815
37-2011.00,"Janitors and Cleaners, Except Maids and Housekeeping Cleaners",Manual Dexterity,3.0,Abilities,37,123,two_level_random_sample,EXP_20260416_154815
37-2011.00,"Janitors and Cleaners, Except Maids and Housekeeping Cleaners",Finger Dexterity,2.75,Abilities,37,123,two_level_random_sample,EXP_20260416_154815
37-2011.00,"Janitors and Cleaners, Except Maids and Housekeeping Cleaners",Control Precision,2.62,Abilities,37,123,two_level_random_sample,EXP_20260416_154815
37-2011.00,"Janitors and Cleaners, Except Maids and Housekeeping Cleaners",Multilimb Coordination,2.88,Abilities,37,123,two_level_random_sample,EXP_20260416_154815
37-2011.00,"Janitors and Cleaners, Except Maids and Housekeeping Cleaners",Response Orientation,1.75,Abilities,37,123,two_level_random_sample,EXP_20260416_154815
37-2011.00,"Janitors and Cleaners, Except Maids and Housekeeping Cleaners",Rate Control,2.0,Abilities,37,123,two_level_random_sample,EXP_20260416_154815
37-2011.00,"Janitors and Cleaners, Except Maids and Housekeeping Cleaners",Reaction Time,2.0,Abilities,37,123,two_level_random_sample,EXP_20260416_154815
37-2011.00,"Janitors and Cleaners, Except Maids and Housekeeping Cleaners",Wrist-Finger Speed,1.88,Abilities,37,123,two_level_random_sample,EXP_20260416_154815
37-2011.00,"Janitors and Cleaners, Except Maids and Housekeeping Cleaners",Speed of Limb Movement,1.75,Abilities,37,123,two_level_random_sample,EXP_20260416_154815
37-2011.00,"Janitors and Cleaners, Except Maids and Housekeeping Cleaners",Static Strength,3.0,Abilities,37,123,two_level_random_sample,EXP_20260416_154815
37-2011.00,"Janitors and Cleaners, Except Maids and Housekeeping Cleaners",Explosive Strength,1.5,Abilities,37,123,two_level_random_sample,EXP_20260416_154815
37-2011.00,"Janitors and Cleaners, Except Maids and Housekeeping Cleaners",Dynamic Strength,2.12,Abilities,37,123,two_level_random_sample,EXP_20260416_154815
37-2011.00,"Janitors and Cleaners, Except Maids and Housekeeping Cleaners",Trunk Strength,3.25,Abilities,37,123,two_level_random_sample,EXP_20260416_154815
37-2011.00,"Janitors and Cleaners, Except Maids and Housekeeping Cleaners",Stamina,2.75,Abilities,37,123,two_level_random_sample,EXP_20260416_154815
37-2011.00,"Janitors and Cleaners, Except Maids and Housekeeping Cleaners",Extent Flexibility,3.0,Abilities,37,123,two_level_random_sample,EXP_20260416_154815
37-2011.00,"Janitors and Cleaners, Except Maids and Housekeeping Cleaners",Dynamic Flexibility,1.25,Abilities,37,123,two_level_random_sample,EXP_20260416_154815
37-2011.00,"Janitors and Cleaners, Except Maids and Housekeeping Cleaners",Gross Body Coordination,2.75,Abilities,37,123,two_level_random_sample,EXP_20260416_154815
37-2011.00,"Janitors and Cleaners, Except Maids and Housekeeping Cleaners",Gross Body Equilibrium,2.25,Abilities,37,123,two_level_random_sample,EXP_20260416_154815
37-2011.00,"Janitors and Cleaners, Except Maids and Housekeeping Cleaners",Near Vision,3.25,Abilities,37,123,two_level_random_sample,EXP_20260416_154815
37-2011.00,"Janitors and Cleaners, Except Maids and Housekeeping Cleaners",Far Vision,2.75,Abilities,37,123,two_level_random_sample,EXP_20260416_154815
37-2011.00,"Janitors and Cleaners, Except Maids and Housekeeping Cleaners",Visual Color Discrimination,2.12,Abilities,37,123,two_level_random_sample,EXP_20260416_154815
37-2011.00,"Janitors and Cleaners, Except Maids and Housekeeping Cleaners",Night Vision,1.0,Abilities,37,123,two_level_random_sample,EXP_20260416_154815
37-2011.00,"Janitors and Cleaners, Except Maids and Housekeeping Cleaners",Peripheral Vision,1.0,Abilities,37,123,two_level_random_sample,EXP_20260416_154815
37-2011.00,"Janitors and Cleaners, Except Maids and Housekeeping Cleaners",Depth Perception,2.0,Abilities,37,123,two_level_random_sample,EXP_20260416_154815
37-2011.00,"Janitors and Cleaners, Except Maids and Housekeeping Cleaners",Glare Sensitivity,1.5,Abilities,37,123,two_level_random_sample,EXP_20260416_154815
37-2011.00,"Janitors and Cleaners, Except Maids and Housekeeping Cleaners",Hearing Sensitivity,2.0,Abilities,37,123,two_level_random_sample,EXP_20260416_154815
37-2011.00,"Janitors and Cleaners, Except Maids and Housekeeping Cleaners",Auditory Attention,2.0,Abilities,37,123,two_level_random_sample,EXP_20260416_154815
37-2011.00,"Janitors and Cleaners, Except Maids and Housekeeping Cleaners",Sound Localization,1.0,Abilities,37,123,two_level_random_sample,EXP_20260416_154815
37-2011.00,"Janitors and Cleaners, Except Maids and Housekeeping Cleaners",Speech Recognition,2.75,Abilities,37,123,two_level_random_sample,EXP_20260416_154815
37-2011.00,"Janitors and Cleaners, Except Maids and Housekeeping Cleaners",Speech Clarity,2.88,Abilities,37,123,two_level_random_sample,EXP_20260416_154815
37-2012.00,Maids and Housekeeping Cleaners,Oral Comprehension,3.0,Abilities,37,123,two_level_random_sample,EXP_20260416_154815
37-2012.00,Maids and Housekeeping Cleaners,Written Comprehension,2.5,Abilities,37,123,two_level_random_sample,EXP_20260416_154815
37-2012.00,Maids and Housekeeping Cleaners,Oral Expression,3.0,Abilities,37,123,two_level_random_sample,EXP_20260416_154815
37-2012.00,Maids and Housekeeping Cleaners,Written Expression,2.0,Abilities,37,123,two_level_random_sample,EXP_20260416_154815
37-2012.00,Maids and Housekeeping Cleaners,Fluency of Ideas,2.0,Abilities,37,123,two_level_random_sample,EXP_20260416_154815
37-2012.00,Maids and Housekeeping Cleaners,Originality,2.0,Abilities,37,123,two_level_random_sample,EXP_20260416_154815
37-2012.00,Maids and Housekeeping Cleaners,Problem Sensitivity,2.88,Abilities,37,123,two_level_random_sample,EXP_20260416_154815
37-2012.00,Maids and Housekeeping Cleaners,Deductive Reasoning,2.62,Abilities,37,123,two_level_random_sample,EXP_20260416_154815
37-2012.00,Maids and Housekeeping Cleaners,Inductive Reasoning,2.62,Abilities,37,123,two_level_random_sample,EXP_20260416_154815
37-2012.00,Maids and Housekeeping Cleaners,Information Ordering,2.88,Abilities,37,123,two_level_random_sample,EXP_20260416_154815
37-2012.00,Maids and Housekeeping Cleaners,Category Flexibility,2.12,Abilities,37,123,two_level_random_sample,EXP_20260416_154815
37-2012.00,Maids and Housekeeping Cleaners,Mathematical Reasoning,2.0,Abilities,37,123,two_level_random_sample,EXP_20260416_154815
37-2012.00,Maids and Housekeeping Cleaners,Number Facility,2.0,Abilities,37,123,two_level_random_sample,EXP_20260416_154815
37-2012.00,Maids and Housekeeping Cleaners,Memorization,2.0,Abilities,37,123,two_level_random_sample,EXP_20260416_154815
37-2012.00,Maids and Housekeeping Cleaners,Speed of Closure,2.0,Abilities,37,123,two_level_random_sample,EXP_20260416_154815
37-2012.00,Maids and Housekeeping Cleaners,Flexibility of Closure,2.0,Abilities,37,123,two_level_random_sample,EXP_20260416_154815
37-2012.00,Maids and Housekeeping Cleaners,Perceptual Speed,2.0,Abilities,37,123,two_level_random_sample,EXP_20260416_154815
37-2012.00,Maids and Housekeeping Cleaners,Spatial Orientation,1.0,Abilities,37,123,two_level_random_sample,EXP_20260416_154815
37-2012.00,Maids and Housekeeping Cleaners,Visualization,2.0,Abilities,37,123,two_level_random_sample,EXP_20260416_154815
37-2012.00,Maids and Housekeeping Cleaners,Selective Attention,2.88,Abilities,37,123,two_level_random_sample,EXP_20260416_154815
37-2012.00,Maids and Housekeeping Cleaners,Time Sharing,2.0,Abilities,37,123,two_level_random_sample,EXP_20260416_154815
37-2012.00,Maids and Housekeeping Cleaners,Arm-Hand Steadiness,2.38,Abilities,37,123,two_level_random_sample,EXP_20260416_154815
37-2012.00,Maids and Housekeeping Cleaners,Manual Dexterity,2.75,Abilities,37,123,two_level_random_sample,EXP_20260416_154815
37-2012.00,Maids and Housekeeping Cleaners,Finger Dexterity,2.5,Abilities,37,123,two_level_random_sample,EXP_20260416_154815
37-2012.00,Maids and Housekeeping Cleaners,Control Precision,2.0,Abilities,37,123,two_level_random_sample,EXP_20260416_154815
37-2012.00,Maids and Housekeeping Cleaners,Multilimb Coordination,2.5,Abilities,37,123,two_level_random_sample,EXP_20260416_154815
37-2012.00,Maids and Housekeeping Cleaners,Response Orientation,1.5,Abilities,37,123,two_level_random_sample,EXP_20260416_154815
37-2012.00,Maids and Housekeeping Cleaners,Rate Control,1.5,Abilities,37,123,two_level_random_sample,EXP_20260416_154815
37-2012.00,Maids and Housekeeping Cleaners,Reaction Time,1.38,Abilities,37,123,two_level_random_sample,EXP_20260416_154815
37-2012.00,Maids and Housekeeping Cleaners,Wrist-Finger Speed,1.88,Abilities,37,123,two_level_random_sample,EXP_20260416_154815
37-2012.00,Maids and Housekeeping Cleaners,Speed of Limb Movement,1.88,Abilities,37,123,two_level_random_sample,EXP_20260416_154815
37-2012.00,Maids and Housekeeping Cleaners,Static Strength,2.88,Abilities,37,123,two_level_random_sample,EXP_20260416_154815
37-2012.00,Maids and Housekeeping Cleaners,Explosive Strength,1.25,Abilities,37,123,two_level_random_sample,EXP_20260416_154815
37-2012.00,Maids and Housekeeping Cleaners,Dynamic Strength,2.88,Abilities,37,123,two_level_random_sample,EXP_20260416_154815
37-2012.00,Maids and Housekeeping Cleaners,Trunk Strength,3.12,Abilities,37,123,two_level_random_sample,EXP_20260416_154815
37-2012.00,Maids and Housekeeping Cleaners,Stamina,3.0,Abilities,37,123,two_level_random_sample,EXP_20260416_154815
37-2012.00,Maids and Housekeeping Cleaners,Extent Flexibility,3.0,Abilities,37,123,two_level_random_sample,EXP_20260416_154815
37-2012.00,Maids and Housekeeping Cleaners,Dynamic Flexibility,1.62,Abilities,37,123,two_level_random_sample,EXP_20260416_154815
37-2012.00,Maids and Housekeeping Cleaners,Gross Body Coordination,2.75,Abilities,37,123,two_level_random_sample,EXP_20260416_154815
37-2012.00,Maids and Housekeeping Cleaners,Gross Body Equilibrium,2.25,Abilities,37,123,two_level_random_sample,EXP_20260416_154815
37-2012.00,Maids and Housekeeping Cleaners,Near Vision,3.0,Abilities,37,123,two_level_random_sample,EXP_20260416_154815
37-2012.00,Maids and Housekeeping Cleaners,Far Vision,2.75,Abilities,37,123,two_level_random_sample,EXP_20260416_154815
37-2012.00,Maids and Housekeeping Cleaners,Visual Color Discrimination,2.62,Abilities,37,123,two_level_random_sample,EXP_20260416_154815
37-2012.00,Maids and Housekeeping Cleaners,Night Vision,1.0,Abilities,37,123,two_level_random_sample,EXP_20260416_154815
37-2012.00,Maids and Housekeeping Cleaners,Peripheral Vision,1.0,Abilities,37,123,two_level_random_sample,EXP_20260416_154815
37-2012.00,Maids and Housekeeping Cleaners,Depth Perception,2.0,Abilities,37,123,two_level_random_sample,EXP_20260416_154815
37-2012.00,Maids and Housekeeping Cleaners,Glare Sensitivity,1.0,Abilities,37,123,two_level_random_sample,EXP_20260416_154815
37-2012.00,Maids and Housekeeping Cleaners,Hearing Sensitivity,2.0,Abilities,37,123,two_level_random_sample,EXP_20260416_154815
37-2012.00,Maids and Housekeeping Cleaners,Auditory Attention,2.0,Abilities,37,123,two_level_random_sample,EXP_20260416_154815
37-2012.00,Maids and Housekeeping Cleaners,Sound Localization,1.0,Abilities,37,123,two_level_random_sample,EXP_20260416_154815
37-2012.00,Maids and Housekeeping Cleaners,Speech Recognition,2.88,Abilities,37,123,two_level_random_sample,EXP_20260416_154815
37-2012.00,Maids and Housekeeping Cleaners,Speech Clarity,2.88,Abilities,37,123,two_level_random_sample,EXP_20260416_154815
37-2021.00,Pest Control Workers,Oral Comprehension,3.75,Abilities,37,123,two_level_random_sample,EXP_20260416_154815
37-2021.00,Pest Control Workers,Written Comprehension,3.25,Abilities,37,123,two_level_random_sample,EXP_20260416_154815
37-2021.00,Pest Control Workers,Oral Expression,3.75,Abilities,37,123,two_level_random_sample,EXP_20260416_154815
37-2021.00,Pest Control Workers,Written Expression,3.62,Abilities,37,123,two_level_random_sample,EXP_20260416_154815
37-2021.00,Pest Control Workers,Fluency of Ideas,2.88,Abilities,37,123,two_level_random_sample,EXP_20260416_154815
37-2021.00,Pest Control Workers,Originality,2.75,Abilities,37,123,two_level_random_sample,EXP_20260416_154815
37-2021.00,Pest Control Workers,Problem Sensitivity,3.62,Abilities,37,123,two_level_random_sample,EXP_20260416_154815
37-2021.00,Pest Control Workers,Deductive Reasoning,3.62,Abilities,37,123,two_level_random_sample,EXP_20260416_154815
37-2021.00,Pest Control Workers,Inductive Reasoning,3.5,Abilities,37,123,two_level_random_sample,EXP_20260416_154815
37-2021.00,Pest Control Workers,Information Ordering,3.25,Abilities,37,123,two_level_random_sample,EXP_20260416_154815
37-2021.00,Pest Control Workers,Category Flexibility,3.25,Abilities,37,123,two_level_random_sample,EXP_20260416_154815
37-2021.00,Pest Control Workers,Mathematical Reasoning,2.75,Abilities,37,123,two_level_random_sample,EXP_20260416_154815
37-2021.00,Pest Control Workers,Number Facility,2.75,Abilities,37,123,two_level_random_sample,EXP_20260416_154815
37-2021.00,Pest Control Workers,Memorization,2.12,Abilities,37,123,two_level_random_sample,EXP_20260416_154815
37-2021.00,Pest Control Workers,Speed of Closure,2.38,Abilities,37,123,two_level_random_sample,EXP_20260416_154815
37-2021.00,Pest Control Workers,Flexibility of Closure,3.25,Abilities,37,123,two_level_random_sample,EXP_20260416_154815
37-2021.00,Pest Control Workers,Perceptual Speed,2.88,Abilities,37,123,two_level_random_sample,EXP_20260416_154815
37-2021.00,Pest Control Workers,Spatial Orientation,2.62,Abilities,37,123,two_level_random_sample,EXP_20260416_154815
37-2021.00,Pest Control Workers,Visualization,3.0,Abilities,37,123,two_level_random_sample,EXP_20260416_154815
37-2021.00,Pest Control Workers,Selective Attention,3.0,Abilities,37,123,two_level_random_sample,EXP_20260416_154815
37-2021.00,Pest Control Workers,Time Sharing,3.0,Abilities,37,123,two_level_random_sample,EXP_20260416_154815
37-2021.00,Pest Control Workers,Arm-Hand Steadiness,3.0,Abilities,37,123,two_level_random_sample,EXP_20260416_154815
37-2021.00,Pest Control Workers,Manual Dexterity,3.0,Abilities,37,123,two_level_random_sample,EXP_20260416_154815
37-2021.00,Pest Control Workers,Finger Dexterity,2.88,Abilities,37,123,two_level_random_sample,EXP_20260416_154815
37-2021.00,Pest Control Workers,Control Precision,3.0,Abilities,37,123,two_level_random_sample,EXP_20260416_154815
37-2021.00,Pest Control Workers,Multilimb Coordination,2.88,Abilities,37,123,two_level_random_sample,EXP_20260416_154815
37-2021.00,Pest Control Workers,Response Orientation,2.25,Abilities,37,123,two_level_random_sample,EXP_20260416_154815
37-2021.00,Pest Control Workers,Rate Control,2.25,Abilities,37,123,two_level_random_sample,EXP_20260416_154815
37-2021.00,Pest Control Workers,Reaction Time,2.5,Abilities,37,123,two_level_random_sample,EXP_20260416_154815
37-2021.00,Pest Control Workers,Wrist-Finger Speed,2.12,Abilities,37,123,two_level_random_sample,EXP_20260416_154815
37-2021.00,Pest Control Workers,Speed of Limb Movement,2.0,Abilities,37,123,two_level_random_sample,EXP_20260416_154815
37-2021.00,Pest Control Workers,Static Strength,2.88,Abilities,37,123,two_level_random_sample,EXP_20260416_154815
37-2021.00,Pest Control Workers,Explosive Strength,1.62,Abilities,37,123,two_level_random_sample,EXP_20260416_154815
37-2021.00,Pest Control Workers,Dynamic Strength,2.25,Abilities,37,123,two_level_random_sample,EXP_20260416_154815
37-2021.00,Pest Control Workers,Trunk Strength,3.0,Abilities,37,123,two_level_random_sample,EXP_20260416_154815
37-2021.00,Pest Control Workers,Stamina,2.62,Abilities,37,123,two_level_random_sample,EXP_20260416_154815
37-2021.00,Pest Control Workers,Extent Flexibility,3.0,Abilities,37,123,two_level_random_sample,EXP_20260416_154815
37-2021.00,Pest Control Workers,Dynamic Flexibility,1.25,Abilities,37,123,two_level_random_sample,EXP_20260416_154815
37-2021.00,Pest Control Workers,Gross Body Coordination,2.88,Abilities,37,123,two_level_random_sample,EXP_20260416_154815
37-2021.00,Pest Control Workers,Gross Body Equilibrium,2.88,Abilities,37,123,two_level_random_sample,EXP_20260416_154815
37-2021.00,Pest Control Workers,Near Vision,4.0,Abilities,37,123,two_level_random_sample,EXP_20260416_154815
37-2021.00,Pest Control Workers,Far Vision,3.5,Abilities,37,123,two_level_random_sample,EXP_20260416_154815
37-2021.00,Pest Control Workers,Visual Color Discrimination,3.0,Abilities,37,123,two_level_random_sample,EXP_20260416_154815
37-2021.00,Pest Control Workers,Night Vision,2.25,Abilities,37,123,two_level_random_sample,EXP_20260416_154815
37-2021.00,Pest Control Workers,Peripheral Vision,2.25,Abilities,37,123,two_level_random_sample,EXP_20260416_154815
37-2021.00,Pest Control Workers,Depth Perception,2.88,Abilities,37,123,two_level_random_sample,EXP_20260416_154815
37-2021.00,Pest Control Workers,Glare Sensitivity,2.12,Abilities,37,123,two_level_random_sample,EXP_20260416_154815
37-2021.00,Pest Control Workers,Hearing Sensitivity,2.88,Abilities,37,123,two_level_random_sample,EXP_20260416_154815
37-2021.00,Pest Control Workers,Auditory Attention,2.5,Abilities,37,123,two_level_random_sample,EXP_20260416_154815
37-2021.00,Pest Control Workers,Sound Localization,2.12,Abilities,37,123,two_level_random_sample,EXP_20260416_154815
37-2021.00,Pest Control Workers,Speech Recognition,3.62,Abilities,37,123,two_level_random_sample,EXP_20260416_154815
37-2021.00,Pest Control Workers,Speech Clarity,3.75,Abilities,37,123,two_level_random_sample,EXP_20260416_154815
37-3011.00,Landscaping and Groundskeeping Workers,Oral Comprehension,2.88,Abilities,37,123,two_level_random_sample,EXP_20260416_154815
37-3011.00,Landscaping and Groundskeeping Workers,Written Comprehension,2.25,Abilities,37,123,two_level_random_sample,EXP_20260416_154815
37-3011.00,Landscaping and Groundskeeping Workers,Oral Expression,2.75,Abilities,37,123,two_level_random_sample,EXP_20260416_154815
37-3011.00,Landscaping and Groundskeeping Workers,Written Expression,1.75,Abilities,37,123,two_level_random_sample,EXP_20260416_154815
37-3011.00,Landscaping and Groundskeeping Workers,Fluency of Ideas,2.0,Abilities,37,123,two_level_random_sample,EXP_20260416_154815
37-3011.00,Landscaping and Groundskeeping Workers,Originality,2.0,Abilities,37,123,two_level_random_sample,EXP_20260416_154815
37-3011.00,Landscaping and Groundskeeping Workers,Problem Sensitivity,3.0,Abilities,37,123,two_level_random_sample,EXP_20260416_154815
37-3011.00,Landscaping and Groundskeeping Workers,Deductive Reasoning,2.75,Abilities,37,123,two_level_random_sample,EXP_20260416_154815
37-3011.00,Landscaping and Groundskeeping Workers,Inductive Reasoning,2.75,Abilities,37,123,two_level_random_sample,EXP_20260416_154815
37-3011.00,Landscaping and Groundskeeping Workers,Information Ordering,2.88,Abilities,37,123,two_level_random_sample,EXP_20260416_154815
37-3011.00,Landscaping and Groundskeeping Workers,Category Flexibility,2.38,Abilities,37,123,two_level_random_sample,EXP_20260416_154815
37-3011.00,Landscaping and Groundskeeping Workers,Mathematical Reasoning,1.5,Abilities,37,123,two_level_random_sample,EXP_20260416_154815
37-3011.00,Landscaping and Groundskeeping Workers,Number Facility,1.88,Abilities,37,123,two_level_random_sample,EXP_20260416_154815
37-3011.00,Landscaping and Groundskeeping Workers,Memorization,2.0,Abilities,37,123,two_level_random_sample,EXP_20260416_154815
37-3011.00,Landscaping and Groundskeeping Workers,Speed of Closure,2.12,Abilities,37,123,two_level_random_sample,EXP_20260416_154815
37-3011.00,Landscaping and Groundskeeping Workers,Flexibility of Closure,2.62,Abilities,37,123,two_level_random_sample,EXP_20260416_154815
37-3011.00,Landscaping and Groundskeeping Workers,Perceptual Speed,2.38,Abilities,37,123,two_level_random_sample,EXP_20260416_154815
37-3011.00,Landscaping and Groundskeeping Workers,Spatial Orientation,2.12,Abilities,37,123,two_level_random_sample,EXP_20260416_154815
37-3011.00,Landscaping and Groundskeeping Workers,Visualization,3.0,Abilities,37,123,two_level_random_sample,EXP_20260416_154815
37-3011.00,Landscaping and Groundskeeping Workers,Selective Attention,2.88,Abilities,37,123,two_level_random_sample,EXP_20260416_154815
37-3011.00,Landscaping and Groundskeeping Workers,Time Sharing,2.0,Abilities,37,123,two_level_random_sample,EXP_20260416_154815
37-3011.00,Landscaping and Groundskeeping Workers,Arm-Hand Steadiness,3.12,Abilities,37,123,two_level_random_sample,EXP_20260416_154815
37-3011.00,Landscaping and Groundskeeping Workers,Manual Dexterity,3.38,Abilities,37,123,two_level_random_sample,EXP_20260416_154815
37-3011.00,Landscaping and Groundskeeping Workers,Finger Dexterity,2.75,Abilities,37,123,two_level_random_sample,EXP_20260416_154815
37-3011.00,Landscaping and Groundskeeping Workers,Control Precision,3.12,Abilities,37,123,two_level_random_sample,EXP_20260416_154815
37-3011.00,Landscaping and Groundskeeping Workers,Multilimb Coordination,3.62,Abilities,37,123,two_level_random_sample,EXP_20260416_154815
37-3011.00,Landscaping and Groundskeeping Workers,Response Orientation,2.25,Abilities,37,123,two_level_random_sample,EXP_20260416_154815
37-3011.00,Landscaping and Groundskeeping Workers,Rate Control,2.62,Abilities,37,123,two_level_random_sample,EXP_20260416_154815
37-3011.00,Landscaping and Groundskeeping Workers,Reaction Time,2.5,Abilities,37,123,two_level_random_sample,EXP_20260416_154815
37-3011.00,Landscaping and Groundskeeping Workers,Wrist-Finger Speed,1.62,Abilities,37,123,two_level_random_sample,EXP_20260416_154815
37-3011.00,Landscaping and Groundskeeping Workers,Speed of Limb Movement,2.12,Abilities,37,123,two_level_random_sample,EXP_20260416_154815
37-3011.00,Landscaping and Groundskeeping Workers,Static Strength,3.12,Abilities,37,123,two_level_random_sample,EXP_20260416_154815
37-3011.00,Landscaping and Groundskeeping Workers,Explosive Strength,2.12,Abilities,37,123,two_level_random_sample,EXP_20260416_154815
37-3011.00,Landscaping and Groundskeeping Workers,Dynamic Strength,2.75,Abilities,37,123,two_level_random_sample,EXP_20260416_154815
37-3011.00,Landscaping and Groundskeeping Workers,Trunk Strength,3.25,Abilities,37,123,two_level_random_sample,EXP_20260416_154815
37-3011.00,Landscaping and Groundskeeping Workers,Stamina,3.0,Abilities,37,123,two_level_random_sample,EXP_20260416_154815
37-3011.00,Landscaping and Groundskeeping Workers,Extent Flexibility,3.12,Abilities,37,123,two_level_random_sample,EXP_20260416_154815
37-3011.00,Landscaping and Groundskeeping Workers,Dynamic Flexibility,1.75,Abilities,37,123,two_level_random_sample,EXP_20260416_154815
37-3011.00,Landscaping and Groundskeeping Workers,Gross Body Coordination,2.75,Abilities,37,123,two_level_random_sample,EXP_20260416_154815
37-3011.00,Landscaping and Groundskeeping Workers,Gross Body Equilibrium,2.5,Abilities,37,123,two_level_random_sample,EXP_20260416_154815
37-3011.00,Landscaping and Groundskeeping Workers,Near Vision,3.0,Abilities,37,123,two_level_random_sample,EXP_20260416_154815
37-3011.00,Landscaping and Groundskeeping Workers,Far Vision,2.88,Abilities,37,123,two_level_random_sample,EXP_20260416_154815
37-3011.00,Landscaping and Groundskeeping Workers,Visual Color Discrimination,2.38,Abilities,37,123,two_level_random_sample,EXP_20260416_154815
37-3011.00,Landscaping and Groundskeeping Workers,Night Vision,1.75,Abilities,37,123,two_level_random_sample,EXP_20260416_154815
37-3011.00,Landscaping and Groundskeeping Workers,Peripheral Vision,2.0,Abilities,37,123,two_level_random_sample,EXP_20260416_154815
37-3011.00,Landscaping and Groundskeeping Workers,Depth Perception,2.62,Abilities,37,123,two_level_random_sample,EXP_20260416_154815
37-3011.00,Landscaping and Groundskeeping Workers,Glare Sensitivity,2.0,Abilities,37,123,two_level_random_sample,EXP_20260416_154815
37-3011.00,Landscaping and Groundskeeping Workers,Hearing Sensitivity,2.12,Abilities,37,123,two_level_random_sample,EXP_20260416_154815
37-3011.00,Landscaping and Groundskeeping Workers,Auditory Attention,2.25,Abilities,37,123,two_level_random_sample,EXP_20260416_154815
37-3011.00,Landscaping and Groundskeeping Workers,Sound Localization,1.88,Abilities,37,123,two_level_random_sample,EXP_20260416_154815
37-3011.00,Landscaping and Groundskeeping Workers,Speech Recognition,2.88,Abilities,37,123,two_level_random_sample,EXP_20260416_154815
37-3011.00,Landscaping and Groundskeeping Workers,Speech Clarity,2.88,Abilities,37,123,two_level_random_sample,EXP_20260416_154815
37-3012.00,"Pesticide Handlers, Sprayers, and Applicators, Vegetation",Oral Comprehension,3.25,Abilities,37,123,two_level_random_sample,EXP_20260416_154815
37-3012.00,"Pesticide Handlers, Sprayers, and Applicators, Vegetation",Written Comprehension,3.12,Abilities,37,123,two_level_random_sample,EXP_20260416_154815
37-3012.00,"Pesticide Handlers, Sprayers, and Applicators, Vegetation",Oral Expression,3.12,Abilities,37,123,two_level_random_sample,EXP_20260416_154815
37-3012.00,"Pesticide Handlers, Sprayers, and Applicators, Vegetation",Written Expression,2.62,Abilities,37,123,two_level_random_sample,EXP_20260416_154815
37-3012.00,"Pesticide Handlers, Sprayers, and Applicators, Vegetation",Fluency of Ideas,2.5,Abilities,37,123,two_level_random_sample,EXP_20260416_154815
37-3012.00,"Pesticide Handlers, Sprayers, and Applicators, Vegetation",Originality,2.38,Abilities,37,123,two_level_random_sample,EXP_20260416_154815
37-3012.00,"Pesticide Handlers, Sprayers, and Applicators, Vegetation",Problem Sensitivity,3.25,Abilities,37,123,two_level_random_sample,EXP_20260416_154815
37-3012.00,"Pesticide Handlers, Sprayers, and Applicators, Vegetation",Deductive Reasoning,3.25,Abilities,37,123,two_level_random_sample,EXP_20260416_154815
37-3012.00,"Pesticide Handlers, Sprayers, and Applicators, Vegetation",Inductive Reasoning,3.0,Abilities,37,123,two_level_random_sample,EXP_20260416_154815
37-3012.00,"Pesticide Handlers, Sprayers, and Applicators, Vegetation",Information Ordering,3.0,Abilities,37,123,two_level_random_sample,EXP_20260416_154815
37-3012.00,"Pesticide Handlers, Sprayers, and Applicators, Vegetation",Category Flexibility,3.0,Abilities,37,123,two_level_random_sample,EXP_20260416_154815
37-3012.00,"Pesticide Handlers, Sprayers, and Applicators, Vegetation",Mathematical Reasoning,2.25,Abilities,37,123,two_level_random_sample,EXP_20260416_154815
37-3012.00,"Pesticide Handlers, Sprayers, and Applicators, Vegetation",Number Facility,2.88,Abilities,37,123,two_level_random_sample,EXP_20260416_154815
37-3012.00,"Pesticide Handlers, Sprayers, and Applicators, Vegetation",Memorization,2.0,Abilities,37,123,two_level_random_sample,EXP_20260416_154815
37-3012.00,"Pesticide Handlers, Sprayers, and Applicators, Vegetation",Speed of Closure,2.25,Abilities,37,123,two_level_random_sample,EXP_20260416_154815
37-3012.00,"Pesticide Handlers, Sprayers, and Applicators, Vegetation",Flexibility of Closure,2.5,Abilities,37,123,two_level_random_sample,EXP_20260416_154815
37-3012.00,"Pesticide Handlers, Sprayers, and Applicators, Vegetation",Perceptual Speed,2.5,Abilities,37,123,two_level_random_sample,EXP_20260416_154815
37-3012.00,"Pesticide Handlers, Sprayers, and Applicators, Vegetation",Spatial Orientation,2.12,Abilities,37,123,two_level_random_sample,EXP_20260416_154815
37-3012.00,"Pesticide Handlers, Sprayers, and Applicators, Vegetation",Visualization,2.75,Abilities,37,123,two_level_random_sample,EXP_20260416_154815
37-3012.00,"Pesticide Handlers, Sprayers, and Applicators, Vegetation",Selective Attention,3.0,Abilities,37,123,two_level_random_sample,EXP_20260416_154815
37-3012.00,"Pesticide Handlers, Sprayers, and Applicators, Vegetation",Time Sharing,2.62,Abilities,37,123,two_level_random_sample,EXP_20260416_154815
37-3012.00,"Pesticide Handlers, Sprayers, and Applicators, Vegetation",Arm-Hand Steadiness,3.38,Abilities,37,123,two_level_random_sample,EXP_20260416_154815
37-3012.00,"Pesticide Handlers, Sprayers, and Applicators, Vegetation",Manual Dexterity,3.12,Abilities,37,123,two_level_random_sample,EXP_20260416_154815
37-3012.00,"Pesticide Handlers, Sprayers, and Applicators, Vegetation",Finger Dexterity,2.88,Abilities,37,123,two_level_random_sample,EXP_20260416_154815
37-3012.00,"Pesticide Handlers, Sprayers, and Applicators, Vegetation",Control Precision,3.38,Abilities,37,123,two_level_random_sample,EXP_20260416_154815
37-3012.00,"Pesticide Handlers, Sprayers, and Applicators, Vegetation",Multilimb Coordination,3.12,Abilities,37,123,two_level_random_sample,EXP_20260416_154815
37-3012.00,"Pesticide Handlers, Sprayers, and Applicators, Vegetation",Response Orientation,2.25,Abilities,37,123,two_level_random_sample,EXP_20260416_154815
37-3012.00,"Pesticide Handlers, Sprayers, and Applicators, Vegetation",Rate Control,2.75,Abilities,37,123,two_level_random_sample,EXP_20260416_154815
37-3012.00,"Pesticide Handlers, Sprayers, and Applicators, Vegetation",Reaction Time,2.5,Abilities,37,123,two_level_random_sample,EXP_20260416_154815
37-3012.00,"Pesticide Handlers, Sprayers, and Applicators, Vegetation",Wrist-Finger Speed,2.0,Abilities,37,123,two_level_random_sample,EXP_20260416_154815
37-3012.00,"Pesticide Handlers, Sprayers, and Applicators, Vegetation",Speed of Limb Movement,1.88,Abilities,37,123,two_level_random_sample,EXP_20260416_154815
37-3012.00,"Pesticide Handlers, Sprayers, and Applicators, Vegetation",Static Strength,3.0,Abilities,37,123,two_level_random_sample,EXP_20260416_154815
37-3012.00,"Pesticide Handlers, Sprayers, and Applicators, Vegetation",Explosive Strength,1.5,Abilities,37,123,two_level_random_sample,EXP_20260416_154815
37-3012.00,"Pesticide Handlers, Sprayers, and Applicators, Vegetation",Dynamic Strength,2.25,Abilities,37,123,two_level_random_sample,EXP_20260416_154815
37-3012.00,"Pesticide Handlers, Sprayers, and Applicators, Vegetation",Trunk Strength,2.88,Abilities,37,123,two_level_random_sample,EXP_20260416_154815
37-3012.00,"Pesticide Handlers, Sprayers, and Applicators, Vegetation",Stamina,2.12,Abilities,37,123,two_level_random_sample,EXP_20260416_154815
37-3012.00,"Pesticide Handlers, Sprayers, and Applicators, Vegetation",Extent Flexibility,2.38,Abilities,37,123,two_level_random_sample,EXP_20260416_154815
37-3012.00,"Pesticide Handlers, Sprayers, and Applicators, Vegetation",Dynamic Flexibility,1.12,Abilities,37,123,two_level_random_sample,EXP_20260416_154815
37-3012.00,"Pesticide Handlers, Sprayers, and Applicators, Vegetation",Gross Body Coordination,2.25,Abilities,37,123,two_level_random_sample,EXP_20260416_154815
37-3012.00,"Pesticide Handlers, Sprayers, and Applicators, Vegetation",Gross Body Equilibrium,2.0,Abilities,37,123,two_level_random_sample,EXP_20260416_154815
37-3012.00,"Pesticide Handlers, Sprayers, and Applicators, Vegetation",Near Vision,3.5,Abilities,37,123,two_level_random_sample,EXP_20260416_154815
37-3012.00,"Pesticide Handlers, Sprayers, and Applicators, Vegetation",Far Vision,2.88,Abilities,37,123,two_level_random_sample,EXP_20260416_154815
37-3012.00,"Pesticide Handlers, Sprayers, and Applicators, Vegetation",Visual Color Discrimination,2.88,Abilities,37,123,two_level_random_sample,EXP_20260416_154815
37-3012.00,"Pesticide Handlers, Sprayers, and Applicators, Vegetation",Night Vision,1.88,Abilities,37,123,two_level_random_sample,EXP_20260416_154815
37-3012.00,"Pesticide Handlers, Sprayers, and Applicators, Vegetation",Peripheral Vision,1.88,Abilities,37,123,two_level_random_sample,EXP_20260416_154815
37-3012.00,"Pesticide Handlers, Sprayers, and Applicators, Vegetation",Depth Perception,3.0,Abilities,37,123,two_level_random_sample,EXP_20260416_154815
37-3012.00,"Pesticide Handlers, Sprayers, and Applicators, Vegetation",Glare Sensitivity,2.0,Abilities,37,123,two_level_random_sample,EXP_20260416_154815
37-3012.00,"Pesticide Handlers, Sprayers, and Applicators, Vegetation",Hearing Sensitivity,2.38,Abilities,37,123,two_level_random_sample,EXP_20260416_154815
37-3012.00,"Pesticide Handlers, Sprayers, and Applicators, Vegetation",Auditory Attention,2.38,Abilities,37,123,two_level_random_sample,EXP_20260416_154815
37-3012.00,"Pesticide Handlers, Sprayers, and Applicators, Vegetation",Sound Localization,2.0,Abilities,37,123,two_level_random_sample,EXP_20260416_154815
37-3012.00,"Pesticide Handlers, Sprayers, and Applicators, Vegetation",Speech Recognition,3.25,Abilities,37,123,two_level_random_sample,EXP_20260416_154815
37-3012.00,"Pesticide Handlers, Sprayers, and Applicators, Vegetation",Speech Clarity,3.0,Abilities,37,123,two_level_random_sample,EXP_20260416_154815
37-3013.00,Tree Trimmers and Pruners,Oral Comprehension,3.62,Abilities,37,123,two_level_random_sample,EXP_20260416_154815
37-3013.00,Tree Trimmers and Pruners,Written Comprehension,2.62,Abilities,37,123,two_level_random_sample,EXP_20260416_154815
37-3013.00,Tree Trimmers and Pruners,Oral Expression,3.12,Abilities,37,123,two_level_random_sample,EXP_20260416_154815
37-3013.00,Tree Trimmers and Pruners,Written Expression,2.5,Abilities,37,123,two_level_random_sample,EXP_20260416_154815
37-3013.00,Tree Trimmers and Pruners,Fluency of Ideas,2.5,Abilities,37,123,two_level_random_sample,EXP_20260416_154815
37-3013.00,Tree Trimmers and Pruners,Originality,2.25,Abilities,37,123,two_level_random_sample,EXP_20260416_154815
37-3013.00,Tree Trimmers and Pruners,Problem Sensitivity,3.88,Abilities,37,123,two_level_random_sample,EXP_20260416_154815
37-3013.00,Tree Trimmers and Pruners,Deductive Reasoning,3.25,Abilities,37,123,two_level_random_sample,EXP_20260416_154815
37-3013.00,Tree Trimmers and Pruners,Inductive Reasoning,3.12,Abilities,37,123,two_level_random_sample,EXP_20260416_154815
37-3013.00,Tree Trimmers and Pruners,Information Ordering,3.0,Abilities,37,123,two_level_random_sample,EXP_20260416_154815
37-3013.00,Tree Trimmers and Pruners,Category Flexibility,2.88,Abilities,37,123,two_level_random_sample,EXP_20260416_154815
37-3013.00,Tree Trimmers and Pruners,Mathematical Reasoning,2.0,Abilities,37,123,two_level_random_sample,EXP_20260416_154815
37-3013.00,Tree Trimmers and Pruners,Number Facility,1.88,Abilities,37,123,two_level_random_sample,EXP_20260416_154815
37-3013.00,Tree Trimmers and Pruners,Memorization,1.88,Abilities,37,123,two_level_random_sample,EXP_20260416_154815
37-3013.00,Tree Trimmers and Pruners,Speed of Closure,2.0,Abilities,37,123,two_level_random_sample,EXP_20260416_154815
37-3013.00,Tree Trimmers and Pruners,Flexibility of Closure,3.0,Abilities,37,123,two_level_random_sample,EXP_20260416_154815
37-3013.00,Tree Trimmers and Pruners,Perceptual Speed,2.5,Abilities,37,123,two_level_random_sample,EXP_20260416_154815
37-3013.00,Tree Trimmers and Pruners,Spatial Orientation,3.0,Abilities,37,123,two_level_random_sample,EXP_20260416_154815
37-3013.00,Tree Trimmers and Pruners,Visualization,3.12,Abilities,37,123,two_level_random_sample,EXP_20260416_154815
37-3013.00,Tree Trimmers and Pruners,Selective Attention,3.38,Abilities,37,123,two_level_random_sample,EXP_20260416_154815
37-3013.00,Tree Trimmers and Pruners,Time Sharing,2.88,Abilities,37,123,two_level_random_sample,EXP_20260416_154815
37-3013.00,Tree Trimmers and Pruners,Arm-Hand Steadiness,3.75,Abilities,37,123,two_level_random_sample,EXP_20260416_154815
37-3013.00,Tree Trimmers and Pruners,Manual Dexterity,3.88,Abilities,37,123,two_level_random_sample,EXP_20260416_154815
37-3013.00,Tree Trimmers and Pruners,Finger Dexterity,3.12,Abilities,37,123,two_level_random_sample,EXP_20260416_154815
37-3013.00,Tree Trimmers and Pruners,Control Precision,4.0,Abilities,37,123,two_level_random_sample,EXP_20260416_154815
37-3013.00,Tree Trimmers and Pruners,Multilimb Coordination,3.88,Abilities,37,123,two_level_random_sample,EXP_20260416_154815
37-3013.00,Tree Trimmers and Pruners,Response Orientation,2.88,Abilities,37,123,two_level_random_sample,EXP_20260416_154815
37-3013.00,Tree Trimmers and Pruners,Rate Control,3.0,Abilities,37,123,two_level_random_sample,EXP_20260416_154815
37-3013.00,Tree Trimmers and Pruners,Reaction Time,3.88,Abilities,37,123,two_level_random_sample,EXP_20260416_154815
37-3013.00,Tree Trimmers and Pruners,Wrist-Finger Speed,2.62,Abilities,37,123,two_level_random_sample,EXP_20260416_154815
37-3013.00,Tree Trimmers and Pruners,Speed of Limb Movement,2.88,Abilities,37,123,two_level_random_sample,EXP_20260416_154815
37-3013.00,Tree Trimmers and Pruners,Static Strength,3.75,Abilities,37,123,two_level_random_sample,EXP_20260416_154815
37-3013.00,Tree Trimmers and Pruners,Explosive Strength,1.75,Abilities,37,123,two_level_random_sample,EXP_20260416_154815
37-3013.00,Tree Trimmers and Pruners,Dynamic Strength,3.38,Abilities,37,123,two_level_random_sample,EXP_20260416_154815
37-3013.00,Tree Trimmers and Pruners,Trunk Strength,3.5,Abilities,37,123,two_level_random_sample,EXP_20260416_154815
37-3013.00,Tree Trimmers and Pruners,Stamina,3.25,Abilities,37,123,two_level_random_sample,EXP_20260416_154815
37-3013.00,Tree Trimmers and Pruners,Extent Flexibility,3.75,Abilities,37,123,two_level_random_sample,EXP_20260416_154815
37-3013.00,Tree Trimmers and Pruners,Dynamic Flexibility,1.75,Abilities,37,123,two_level_random_sample,EXP_20260416_154815
37-3013.00,Tree Trimmers and Pruners,Gross Body Coordination,3.0,Abilities,37,123,two_level_random_sample,EXP_20260416_154815
37-3013.00,Tree Trimmers and Pruners,Gross Body Equilibrium,3.25,Abilities,37,123,two_level_random_sample,EXP_20260416_154815
37-3013.00,Tree Trimmers and Pruners,Near Vision,3.5,Abilities,37,123,two_level_random_sample,EXP_20260416_154815
37-3013.00,Tree Trimmers and Pruners,Far Vision,3.25,Abilities,37,123,two_level_random_sample,EXP_20260416_154815
37-3013.00,Tree Trimmers and Pruners,Visual Color Discrimination,2.75,Abilities,37,123,two_level_random_sample,EXP_20260416_154815
37-3013.00,Tree Trimmers and Pruners,Night Vision,1.75,Abilities,37,123,two_level_random_sample,EXP_20260416_154815
37-3013.00,Tree Trimmers and Pruners,Peripheral Vision,2.5,Abilities,37,123,two_level_random_sample,EXP_20260416_154815
37-3013.00,Tree Trimmers and Pruners,Depth Perception,3.12,Abilities,37,123,two_level_random_sample,EXP_20260416_154815
37-3013.00,Tree Trimmers and Pruners,Glare Sensitivity,2.0,Abilities,37,123,two_level_random_sample,EXP_20260416_154815
37-3013.00,Tree Trimmers and Pruners,Hearing Sensitivity,2.62,Abilities,37,123,two_level_random_sample,EXP_20260416_154815
37-3013.00,Tree Trimmers and Pruners,Auditory Attention,3.0,Abilities,37,123,two_level_random_sample,EXP_20260416_154815
37-3013.00,Tree Trimmers and Pruners,Sound Localization,2.12,Abilities,37,123,two_level_random_sample,EXP_20260416_154815
37-3013.00,Tree Trimmers and Pruners,Speech Recognition,3.0,Abilities,37,123,two_level_random_sample,EXP_20260416_154815
37-3013.00,Tree Trimmers and Pruners,Speech Clarity,3.0,Abilities,37,123,two_level_random_sample,EXP_20260416_154815
13-1022.00,"Wholesale and Retail Buyers, Except Farm Products",Reading Comprehension,3.25,Skills,13,123,two_level_random_sample,EXP_20260416_154815
13-1022.00,"Wholesale and Retail Buyers, Except Farm Products",Active Listening,3.75,Skills,13,123,two_level_random_sample,EXP_20260416_154815
13-1022.00,"Wholesale and Retail Buyers, Except Farm Products",Writing,3.0,Skills,13,123,two_level_random_sample,EXP_20260416_154815
13-1022.00,"Wholesale and Retail Buyers, Except Farm Products",Speaking,3.75,Skills,13,123,two_level_random_sample,EXP_20260416_154815
13-1022.00,"Wholesale and Retail Buyers, Except Farm Products",Mathematics,3.12,Skills,13,123,two_level_random_sample,EXP_20260416_154815
13-1022.00,"Wholesale and Retail Buyers, Except Farm Products",Science,1.75,Skills,13,123,two_level_random_sample,EXP_20260416_154815
13-1022.00,"Wholesale and Retail Buyers, Except Farm Products",Critical Thinking,3.75,Skills,13,123,two_level_random_sample,EXP_20260416_154815
13-1022.00,"Wholesale and Retail Buyers, Except Farm Products",Active Learning,3.38,Skills,13,123,two_level_random_sample,EXP_20260416_154815
13-1022.00,"Wholesale and Retail Buyers, Except Farm Products",Learning Strategies,2.88,Skills,13,123,two_level_random_sample,EXP_20260416_154815
13-1022.00,"Wholesale and Retail Buyers, Except Farm Products",Monitoring,3.12,Skills,13,123,two_level_random_sample,EXP_20260416_154815
13-1022.00,"Wholesale and Retail Buyers, Except Farm Products",Social Perceptiveness,3.25,Skills,13,123,two_level_random_sample,EXP_20260416_154815
13-1022.00,"Wholesale and Retail Buyers, Except Farm Products",Coordination,3.12,Skills,13,123,two_level_random_sample,EXP_20260416_154815
13-1022.00,"Wholesale and Retail Buyers, Except Farm Products",Persuasion,3.75,Skills,13,123,two_level_random_sample,EXP_20260416_154815
13-1022.00,"Wholesale and Retail Buyers, Except Farm Products",Negotiation,4.0,Skills,13,123,two_level_random_sample,EXP_20260416_154815
13-1022.00,"Wholesale and Retail Buyers, Except Farm Products",Instructing,3.0,Skills,13,123,two_level_random_sample,EXP_20260416_154815
13-1022.00,"Wholesale and Retail Buyers, Except Farm Products",Service Orientation,3.12,Skills,13,123,two_level_random_sample,EXP_20260416_154815
13-1022.00,"Wholesale and Retail Buyers, Except Farm Products",Complex Problem Solving,3.25,Skills,13,123,two_level_random_sample,EXP_20260416_154815
13-1022.00,"Wholesale and Retail Buyers, Except Farm Products",Operations Analysis,2.12,Skills,13,123,two_level_random_sample,EXP_20260416_154815
13-1022.00,"Wholesale and Retail Buyers, Except Farm Products",Technology Design,1.62,Skills,13,123,two_level_random_sample,EXP_20260416_154815
13-1022.00,"Wholesale and Retail Buyers, Except Farm Products",Equipment Selection,1.0,Skills,13,123,two_level_random_sample,EXP_20260416_154815
13-1022.00,"Wholesale and Retail Buyers, Except Farm Products",Installation,1.0,Skills,13,123,two_level_random_sample,EXP_20260416_154815
13-1022.00,"Wholesale and Retail Buyers, Except Farm Products",Programming,1.75,Skills,13,123,two_level_random_sample,EXP_20260416_154815
13-1022.00,"Wholesale and Retail Buyers, Except Farm Products",Operations Monitoring,1.75,Skills,13,123,two_level_random_sample,EXP_20260416_154815
13-1022.00,"Wholesale and Retail Buyers, Except Farm Products",Operation and Control,1.38,Skills,13,123,two_level_random_sample,EXP_20260416_154815
13-1022.00,"Wholesale and Retail Buyers, Except Farm Products",Equipment Maintenance,1.0,Skills,13,123,two_level_random_sample,EXP_20260416_154815
13-1022.00,"Wholesale and Retail Buyers, Except Farm Products",Troubleshooting,1.0,Skills,13,123,two_level_random_sample,EXP_20260416_154815
13-1022.00,"Wholesale and Retail Buyers, Except Farm Products",Repairing,1.0,Skills,13,123,two_level_random_sample,EXP_20260416_154815
13-1022.00,"Wholesale and Retail Buyers, Except Farm Products",Quality Control Analysis,2.25,Skills,13,123,two_level_random_sample,EXP_20260416_154815
13-1022.00,"Wholesale and Retail Buyers, Except Farm Products",Judgment and Decision Making,3.38,Skills,13,123,two_level_random_sample,EXP_20260416_154815
13-1022.00,"Wholesale and Retail Buyers, Except Farm Products",Systems Analysis,2.62,Skills,13,123,two_level_random_sample,EXP_20260416_154815
13-1022.00,"Wholesale and Retail Buyers, Except Farm Products",Systems Evaluation,3.0,Skills,13,123,two_level_random_sample,EXP_20260416_154815
13-1022.00,"Wholesale and Retail Buyers, Except Farm Products",Time Management,3.0,Skills,13,123,two_level_random_sample,EXP_20260416_154815
13-1022.00,"Wholesale and Retail Buyers, Except Farm Products",Management of Financial Resources,3.25,Skills,13,123,two_level_random_sample,EXP_20260416_154815
13-1022.00,"Wholesale and Retail Buyers, Except Farm Products",Management of Material Resources,2.88,Skills,13,123,two_level_random_sample,EXP_20260416_154815
13-1022.00,"Wholesale and Retail Buyers, Except Farm Products",Management of Personnel Resources,2.75,Skills,13,123,two_level_random_sample,EXP_20260416_154815
13-1023.00,"Purchasing Agents, Except Wholesale, Retail, and Farm Products",Reading Comprehension,4.12,Skills,13,123,two_level_random_sample,EXP_20260416_154815
13-1023.00,"Purchasing Agents, Except Wholesale, Retail, and Farm Products",Active Listening,4.0,Skills,13,123,two_level_random_sample,EXP_20260416_154815
13-1023.00,"Purchasing Agents, Except Wholesale, Retail, and Farm Products",Writing,4.0,Skills,13,123,two_level_random_sample,EXP_20260416_154815
13-1023.00,"Purchasing Agents, Except Wholesale, Retail, and Farm Products",Speaking,4.0,Skills,13,123,two_level_random_sample,EXP_20260416_154815
13-1023.00,"Purchasing Agents, Except Wholesale, Retail, and Farm Products",Mathematics,3.0,Skills,13,123,two_level_random_sample,EXP_20260416_154815
13-1023.00,"Purchasing Agents, Except Wholesale, Retail, and Farm Products",Science,1.12,Skills,13,123,two_level_random_sample,EXP_20260416_154815
13-1023.00,"Purchasing Agents, Except Wholesale, Retail, and Farm Products",Critical Thinking,3.88,Skills,13,123,two_level_random_sample,EXP_20260416_154815
13-1023.00,"Purchasing Agents, Except Wholesale, Retail, and Farm Products",Active Learning,3.88,Skills,13,123,two_level_random_sample,EXP_20260416_154815
13-1023.00,"Purchasing Agents, Except Wholesale, Retail, and Farm Products",Learning Strategies,3.0,Skills,13,123,two_level_random_sample,EXP_20260416_154815
13-1023.00,"Purchasing Agents, Except Wholesale, Retail, and Farm Products",Monitoring,3.75,Skills,13,123,two_level_random_sample,EXP_20260416_154815
13-1023.00,"Purchasing Agents, Except Wholesale, Retail, and Farm Products",Social Perceptiveness,3.25,Skills,13,123,two_level_random_sample,EXP_20260416_154815
13-1023.00,"Purchasing Agents, Except Wholesale, Retail, and Farm Products",Coordination,3.0,Skills,13,123,two_level_random_sample,EXP_20260416_154815
13-1023.00,"Purchasing Agents, Except Wholesale, Retail, and Farm Products",Persuasion,3.75,Skills,13,123,two_level_random_sample,EXP_20260416_154815
13-1023.00,"Purchasing Agents, Except Wholesale, Retail, and Farm Products",Negotiation,4.25,Skills,13,123,two_level_random_sample,EXP_20260416_154815
13-1023.00,"Purchasing Agents, Except Wholesale, Retail, and Farm Products",Instructing,3.25,Skills,13,123,two_level_random_sample,EXP_20260416_154815
13-1023.00,"Purchasing Agents, Except Wholesale, Retail, and Farm Products",Service Orientation,3.12,Skills,13,123,two_level_random_sample,EXP_20260416_154815
13-1023.00,"Purchasing Agents, Except Wholesale, Retail, and Farm Products",Complex Problem Solving,4.0,Skills,13,123,two_level_random_sample,EXP_20260416_154815
13-1023.00,"Purchasing Agents, Except Wholesale, Retail, and Farm Products",Operations Analysis,2.5,Skills,13,123,two_level_random_sample,EXP_20260416_154815
13-1023.00,"Purchasing Agents, Except Wholesale, Retail, and Farm Products",Technology Design,1.75,Skills,13,123,two_level_random_sample,EXP_20260416_154815
13-1023.00,"Purchasing Agents, Except Wholesale, Retail, and Farm Products",Equipment Selection,1.0,Skills,13,123,two_level_random_sample,EXP_20260416_154815
13-1023.00,"Purchasing Agents, Except Wholesale, Retail, and Farm Products",Installation,1.0,Skills,13,123,two_level_random_sample,EXP_20260416_154815
13-1023.00,"Purchasing Agents, Except Wholesale, Retail, and Farm Products",Programming,1.5,Skills,13,123,two_level_random_sample,EXP_20260416_154815
13-1023.00,"Purchasing Agents, Except Wholesale, Retail, and Farm Products",Operations Monitoring,2.0,Skills,13,123,two_level_random_sample,EXP_20260416_154815
13-1023.00,"Purchasing Agents, Except Wholesale, Retail, and Farm Products",Operation and Control,1.0,Skills,13,123,two_level_random_sample,EXP_20260416_154815
13-1023.00,"Purchasing Agents, Except Wholesale, Retail, and Farm Products",Equipment Maintenance,1.0,Skills,13,123,two_level_random_sample,EXP_20260416_154815
13-1023.00,"Purchasing Agents, Except Wholesale, Retail, and Farm Products",Troubleshooting,1.62,Skills,13,123,two_level_random_sample,EXP_20260416_154815
13-1023.00,"Purchasing Agents, Except Wholesale, Retail, and Farm Products",Repairing,1.0,Skills,13,123,two_level_random_sample,EXP_20260416_154815
13-1023.00,"Purchasing Agents, Except Wholesale, Retail, and Farm Products",Quality Control Analysis,2.38,Skills,13,123,two_level_random_sample,EXP_20260416_154815
13-1023.00,"Purchasing Agents, Except Wholesale, Retail, and Farm Products",Judgment and Decision Making,3.88,Skills,13,123,two_level_random_sample,EXP_20260416_154815
13-1023.00,"Purchasing Agents, Except Wholesale, Retail, and Farm Products",Systems Analysis,2.88,Skills,13,123,two_level_random_sample,EXP_20260416_154815
13-1023.00,"Purchasing Agents, Except Wholesale, Retail, and Farm Products",Systems Evaluation,3.0,Skills,13,123,two_level_random_sample,EXP_20260416_154815
13-1023.00,"Purchasing Agents, Except Wholesale, Retail, and Farm Products",Time Management,3.25,Skills,13,123,two_level_random_sample,EXP_20260416_154815
13-1023.00,"Purchasing Agents, Except Wholesale, Retail, and Farm Products",Management of Financial Resources,3.75,Skills,13,123,two_level_random_sample,EXP_20260416_154815
13-1023.00,"Purchasing Agents, Except Wholesale, Retail, and Farm Products",Management of Material Resources,3.25,Skills,13,123,two_level_random_sample,EXP_20260416_154815
13-1023.00,"Purchasing Agents, Except Wholesale, Retail, and Farm Products",Management of Personnel Resources,3.12,Skills,13,123,two_level_random_sample,EXP_20260416_154815
13-1032.00,"Insurance Appraisers, Auto Damage",Reading Comprehension,3.5,Skills,13,123,two_level_random_sample,EXP_20260416_154815
13-1032.00,"Insurance Appraisers, Auto Damage",Active Listening,3.5,Skills,13,123,two_level_random_sample,EXP_20260416_154815
13-1032.00,"Insurance Appraisers, Auto Damage",Writing,3.75,Skills,13,123,two_level_random_sample,EXP_20260416_154815
13-1032.00,"Insurance Appraisers, Auto Damage",Speaking,3.75,Skills,13,123,two_level_random_sample,EXP_20260416_154815
13-1032.00,"Insurance Appraisers, Auto Damage",Mathematics,2.62,Skills,13,123,two_level_random_sample,EXP_20260416_154815
13-1032.00,"Insurance Appraisers, Auto Damage",Science,1.12,Skills,13,123,two_level_random_sample,EXP_20260416_154815
13-1032.00,"Insurance Appraisers, Auto Damage",Critical Thinking,3.38,Skills,13,123,two_level_random_sample,EXP_20260416_154815
13-1032.00,"Insurance Appraisers, Auto Damage",Active Learning,2.88,Skills,13,123,two_level_random_sample,EXP_20260416_154815
13-1032.00,"Insurance Appraisers, Auto Damage",Learning Strategies,2.12,Skills,13,123,two_level_random_sample,EXP_20260416_154815
13-1032.00,"Insurance Appraisers, Auto Damage",Monitoring,2.5,Skills,13,123,two_level_random_sample,EXP_20260416_154815
13-1032.00,"Insurance Appraisers, Auto Damage",Social Perceptiveness,3.0,Skills,13,123,two_level_random_sample,EXP_20260416_154815
13-1032.00,"Insurance Appraisers, Auto Damage",Coordination,2.88,Skills,13,123,two_level_random_sample,EXP_20260416_154815
13-1032.00,"Insurance Appraisers, Auto Damage",Persuasion,2.88,Skills,13,123,two_level_random_sample,EXP_20260416_154815
13-1032.00,"Insurance Appraisers, Auto Damage",Negotiation,2.88,Skills,13,123,two_level_random_sample,EXP_20260416_154815
13-1032.00,"Insurance Appraisers, Auto Damage",Instructing,2.25,Skills,13,123,two_level_random_sample,EXP_20260416_154815
13-1032.00,"Insurance Appraisers, Auto Damage",Service Orientation,3.0,Skills,13,123,two_level_random_sample,EXP_20260416_154815
13-1032.00,"Insurance Appraisers, Auto Damage",Complex Problem Solving,2.88,Skills,13,123,two_level_random_sample,EXP_20260416_154815
13-1032.00,"Insurance Appraisers, Auto Damage",Operations Analysis,1.88,Skills,13,123,two_level_random_sample,EXP_20260416_154815
13-1032.00,"Insurance Appraisers, Auto Damage",Technology Design,1.38,Skills,13,123,two_level_random_sample,EXP_20260416_154815
13-1032.00,"Insurance Appraisers, Auto Damage",Equipment Selection,1.5,Skills,13,123,two_level_random_sample,EXP_20260416_154815
13-1032.00,"Insurance Appraisers, Auto Damage",Installation,1.0,Skills,13,123,two_level_random_sample,EXP_20260416_154815
13-1032.00,"Insurance Appraisers, Auto Damage",Programming,1.25,Skills,13,123,two_level_random_sample,EXP_20260416_154815
13-1032.00,"Insurance Appraisers, Auto Damage",Operations Monitoring,2.38,Skills,13,123,two_level_random_sample,EXP_20260416_154815
13-1032.00,"Insurance Appraisers, Auto Damage",Operation and Control,2.0,Skills,13,123,two_level_random_sample,EXP_20260416_154815
13-1032.00,"Insurance Appraisers, Auto Damage",Equipment Maintenance,1.5,Skills,13,123,two_level_random_sample,EXP_20260416_154815
13-1032.00,"Insurance Appraisers, Auto Damage",Troubleshooting,2.12,Skills,13,123,two_level_random_sample,EXP_20260416_154815
13-1032.00,"Insurance Appraisers, Auto Damage",Repairing,1.62,Skills,13,123,two_level_random_sample,EXP_20260416_154815
13-1032.00,"Insurance Appraisers, Auto Damage",Quality Control Analysis,2.38,Skills,13,123,two_level_random_sample,EXP_20260416_154815
13-1032.00,"Insurance Appraisers, Auto Damage",Judgment and Decision Making,3.12,Skills,13,123,two_level_random_sample,EXP_20260416_154815
13-1032.00,"Insurance Appraisers, Auto Damage",Systems Analysis,2.38,Skills,13,123,two_level_random_sample,EXP_20260416_154815
13-1032.00,"Insurance Appraisers, Auto Damage",Systems Evaluation,2.38,Skills,13,123,two_level_random_sample,EXP_20260416_154815
13-1032.00,"Insurance Appraisers, Auto Damage",Time Management,3.25,Skills,13,123,two_level_random_sample,EXP_20260416_154815
13-1032.00,"Insurance Appraisers, Auto Damage",Management of Financial Resources,2.0,Skills,13,123,two_level_random_sample,EXP_20260416_154815
13-1032.00,"Insurance Appraisers, Auto Damage",Management of Material Resources,1.5,Skills,13,123,two_level_random_sample,EXP_20260416_154815
13-1032.00,"Insurance Appraisers, Auto Damage",Management of Personnel Resources,2.38,Skills,13,123,two_level_random_sample,EXP_20260416_154815
13-1041.00,Compliance Officers,Reading Comprehension,4.0,Skills,13,123,two_level_random_sample,EXP_20260416_154815
13-1041.00,Compliance Officers,Active Listening,3.75,Skills,13,123,two_level_random_sample,EXP_20260416_154815
13-1041.00,Compliance Officers,Writing,3.75,Skills,13,123,two_level_random_sample,EXP_20260416_154815
13-1041.00,Compliance Officers,Speaking,3.88,Skills,13,123,two_level_random_sample,EXP_20260416_154815
13-1041.00,Compliance Officers,Mathematics,2.12,Skills,13,123,two_level_random_sample,EXP_20260416_154815
13-1041.00,Compliance Officers,Science,1.0,Skills,13,123,two_level_random_sample,EXP_20260416_154815
13-1041.00,Compliance Officers,Critical Thinking,3.5,Skills,13,123,two_level_random_sample,EXP_20260416_154815
13-1041.00,Compliance Officers,Active Learning,3.0,Skills,13,123,two_level_random_sample,EXP_20260416_154815
13-1041.00,Compliance Officers,Learning Strategies,2.88,Skills,13,123,two_level_random_sample,EXP_20260416_154815
13-1041.00,Compliance Officers,Monitoring,3.38,Skills,13,123,two_level_random_sample,EXP_20260416_154815
13-1041.00,Compliance Officers,Social Perceptiveness,3.5,Skills,13,123,two_level_random_sample,EXP_20260416_154815
13-1041.00,Compliance Officers,Coordination,3.12,Skills,13,123,two_level_random_sample,EXP_20260416_154815
13-1041.00,Compliance Officers,Persuasion,3.25,Skills,13,123,two_level_random_sample,EXP_20260416_154815
13-1041.00,Compliance Officers,Negotiation,3.12,Skills,13,123,two_level_random_sample,EXP_20260416_154815
13-1041.00,Compliance Officers,Instructing,2.88,Skills,13,123,two_level_random_sample,EXP_20260416_154815
13-1041.00,Compliance Officers,Service Orientation,3.12,Skills,13,123,two_level_random_sample,EXP_20260416_154815
13-1041.00,Compliance Officers,Complex Problem Solving,3.25,Skills,13,123,two_level_random_sample,EXP_20260416_154815
13-1041.00,Compliance Officers,Operations Analysis,1.25,Skills,13,123,two_level_random_sample,EXP_20260416_154815
13-1041.00,Compliance Officers,Technology Design,1.38,Skills,13,123,two_level_random_sample,EXP_20260416_154815
13-1041.00,Compliance Officers,Equipment Selection,1.0,Skills,13,123,two_level_random_sample,EXP_20260416_154815
13-1041.00,Compliance Officers,Installation,1.0,Skills,13,123,two_level_random_sample,EXP_20260416_154815
13-1041.00,Compliance Officers,Programming,1.62,Skills,13,123,two_level_random_sample,EXP_20260416_154815
13-1041.00,Compliance Officers,Operations Monitoring,2.12,Skills,13,123,two_level_random_sample,EXP_20260416_154815
13-1041.00,Compliance Officers,Operation and Control,1.88,Skills,13,123,two_level_random_sample,EXP_20260416_154815
13-1041.00,Compliance Officers,Equipment Maintenance,1.0,Skills,13,123,two_level_random_sample,EXP_20260416_154815
13-1041.00,Compliance Officers,Troubleshooting,1.62,Skills,13,123,two_level_random_sample,EXP_20260416_154815
13-1041.00,Compliance Officers,Repairing,1.0,Skills,13,123,two_level_random_sample,EXP_20260416_154815
13-1041.00,Compliance Officers,Quality Control Analysis,2.12,Skills,13,123,two_level_random_sample,EXP_20260416_154815
13-1041.00,Compliance Officers,Judgment and Decision Making,3.62,Skills,13,123,two_level_random_sample,EXP_20260416_154815
13-1041.00,Compliance Officers,Systems Analysis,2.75,Skills,13,123,two_level_random_sample,EXP_20260416_154815
13-1041.00,Compliance Officers,Systems Evaluation,2.62,Skills,13,123,two_level_random_sample,EXP_20260416_154815
13-1041.00,Compliance Officers,Time Management,3.25,Skills,13,123,two_level_random_sample,EXP_20260416_154815
13-1041.00,Compliance Officers,Management of Financial Resources,1.88,Skills,13,123,two_level_random_sample,EXP_20260416_154815
13-1041.00,Compliance Officers,Management of Material Resources,1.88,Skills,13,123,two_level_random_sample,EXP_20260416_154815
13-1041.00,Compliance Officers,Management of Personnel Resources,2.75,Skills,13,123,two_level_random_sample,EXP_20260416_154815
13-1081.02,Logistics Analysts,Reading Comprehension,4.0,Skills,13,123,two_level_random_sample,EXP_20260416_154815
13-1081.02,Logistics Analysts,Active Listening,3.88,Skills,13,123,two_level_random_sample,EXP_20260416_154815
13-1081.02,Logistics Analysts,Writing,3.38,Skills,13,123,two_level_random_sample,EXP_20260416_154815
13-1081.02,Logistics Analysts,Speaking,3.75,Skills,13,123,two_level_random_sample,EXP_20260416_154815
13-1081.02,Logistics Analysts,Mathematics,3.0,Skills,13,123,two_level_random_sample,EXP_20260416_154815
13-1081.02,Logistics Analysts,Science,1.75,Skills,13,123,two_level_random_sample,EXP_20260416_154815
13-1081.02,Logistics Analysts,Critical Thinking,4.0,Skills,13,123,two_level_random_sample,EXP_20260416_154815
13-1081.02,Logistics Analysts,Active Learning,3.12,Skills,13,123,two_level_random_sample,EXP_20260416_154815
13-1081.02,Logistics Analysts,Learning Strategies,2.75,Skills,13,123,two_level_random_sample,EXP_20260416_154815
13-1081.02,Logistics Analysts,Monitoring,3.75,Skills,13,123,two_level_random_sample,EXP_20260416_154815
13-1081.02,Logistics Analysts,Social Perceptiveness,3.0,Skills,13,123,two_level_random_sample,EXP_20260416_154815
13-1081.02,Logistics Analysts,Coordination,3.0,Skills,13,123,two_level_random_sample,EXP_20260416_154815
13-1081.02,Logistics Analysts,Persuasion,2.88,Skills,13,123,two_level_random_sample,EXP_20260416_154815
13-1081.02,Logistics Analysts,Negotiation,2.88,Skills,13,123,two_level_random_sample,EXP_20260416_154815
13-1081.02,Logistics Analysts,Instructing,2.88,Skills,13,123,two_level_random_sample,EXP_20260416_154815
13-1081.02,Logistics Analysts,Service Orientation,3.0,Skills,13,123,two_level_random_sample,EXP_20260416_154815
13-1081.02,Logistics Analysts,Complex Problem Solving,3.88,Skills,13,123,two_level_random_sample,EXP_20260416_154815
13-1081.02,Logistics Analysts,Operations Analysis,2.12,Skills,13,123,two_level_random_sample,EXP_20260416_154815
13-1081.02,Logistics Analysts,Technology Design,1.88,Skills,13,123,two_level_random_sample,EXP_20260416_154815
13-1081.02,Logistics Analysts,Equipment Selection,1.0,Skills,13,123,two_level_random_sample,EXP_20260416_154815
13-1081.02,Logistics Analysts,Installation,1.0,Skills,13,123,two_level_random_sample,EXP_20260416_154815
13-1081.02,Logistics Analysts,Programming,2.0,Skills,13,123,two_level_random_sample,EXP_20260416_154815
13-1081.02,Logistics Analysts,Operations Monitoring,2.12,Skills,13,123,two_level_random_sample,EXP_20260416_154815
13-1081.02,Logistics Analysts,Operation and Control,1.0,Skills,13,123,two_level_random_sample,EXP_20260416_154815
13-1081.02,Logistics Analysts,Equipment Maintenance,1.0,Skills,13,123,two_level_random_sample,EXP_20260416_154815
13-1081.02,Logistics Analysts,Troubleshooting,1.5,Skills,13,123,two_level_random_sample,EXP_20260416_154815
13-1081.02,Logistics Analysts,Repairing,1.0,Skills,13,123,two_level_random_sample,EXP_20260416_154815
13-1081.02,Logistics Analysts,Quality Control Analysis,2.25,Skills,13,123,two_level_random_sample,EXP_20260416_154815
13-1081.02,Logistics Analysts,Judgment and Decision Making,3.62,Skills,13,123,two_level_random_sample,EXP_20260416_154815
13-1081.02,Logistics Analysts,Systems Analysis,3.75,Skills,13,123,two_level_random_sample,EXP_20260416_154815
13-1081.02,Logistics Analysts,Systems Evaluation,3.75,Skills,13,123,two_level_random_sample,EXP_20260416_154815
13-1081.02,Logistics Analysts,Time Management,3.25,Skills,13,123,two_level_random_sample,EXP_20260416_154815
13-1081.02,Logistics Analysts,Management of Financial Resources,2.5,Skills,13,123,two_level_random_sample,EXP_20260416_154815
13-1081.02,Logistics Analysts,Management of Material Resources,2.62,Skills,13,123,two_level_random_sample,EXP_20260416_154815
13-1081.02,Logistics Analysts,Management of Personnel Resources,3.0,Skills,13,123,two_level_random_sample,EXP_20260416_154815
13-1161.01,Search Marketing Strategists,Reading Comprehension,3.88,Skills,13,123,two_level_random_sample,EXP_20260416_154815
13-1161.01,Search Marketing Strategists,Active Listening,3.75,Skills,13,123,two_level_random_sample,EXP_20260416_154815
13-1161.01,Search Marketing Strategists,Writing,3.5,Skills,13,123,two_level_random_sample,EXP_20260416_154815
13-1161.01,Search Marketing Strategists,Speaking,3.62,Skills,13,123,two_level_random_sample,EXP_20260416_154815
13-1161.01,Search Marketing Strategists,Mathematics,2.75,Skills,13,123,two_level_random_sample,EXP_20260416_154815
13-1161.01,Search Marketing Strategists,Science,1.25,Skills,13,123,two_level_random_sample,EXP_20260416_154815
13-1161.01,Search Marketing Strategists,Critical Thinking,3.75,Skills,13,123,two_level_random_sample,EXP_20260416_154815
13-1161.01,Search Marketing Strategists,Active Learning,3.75,Skills,13,123,two_level_random_sample,EXP_20260416_154815
13-1161.01,Search Marketing Strategists,Learning Strategies,2.88,Skills,13,123,two_level_random_sample,EXP_20260416_154815
13-1161.01,Search Marketing Strategists,Monitoring,3.38,Skills,13,123,two_level_random_sample,EXP_20260416_154815
13-1161.01,Search Marketing Strategists,Social Perceptiveness,3.0,Skills,13,123,two_level_random_sample,EXP_20260416_154815
13-1161.01,Search Marketing Strategists,Coordination,3.25,Skills,13,123,two_level_random_sample,EXP_20260416_154815
13-1161.01,Search Marketing Strategists,Persuasion,3.25,Skills,13,123,two_level_random_sample,EXP_20260416_154815
13-1161.01,Search Marketing Strategists,Negotiation,3.0,Skills,13,123,two_level_random_sample,EXP_20260416_154815
13-1161.01,Search Marketing Strategists,Instructing,3.12,Skills,13,123,two_level_random_sample,EXP_20260416_154815
13-1161.01,Search Marketing Strategists,Service Orientation,3.0,Skills,13,123,two_level_random_sample,EXP_20260416_154815
13-1161.01,Search Marketing Strategists,Complex Problem Solving,3.88,Skills,13,123,two_level_random_sample,EXP_20260416_154815
13-1161.01,Search Marketing Strategists,Operations Analysis,2.12,Skills,13,123,two_level_random_sample,EXP_20260416_154815
13-1161.01,Search Marketing Strategists,Technology Design,2.38,Skills,13,123,two_level_random_sample,EXP_20260416_154815
13-1161.01,Search Marketing Strategists,Equipment Selection,1.0,Skills,13,123,two_level_random_sample,EXP_20260416_154815
13-1161.01,Search Marketing Strategists,Installation,1.0,Skills,13,123,two_level_random_sample,EXP_20260416_154815
13-1161.01,Search Marketing Strategists,Programming,2.75,Skills,13,123,two_level_random_sample,EXP_20260416_154815
13-1161.01,Search Marketing Strategists,Operations Monitoring,2.12,Skills,13,123,two_level_random_sample,EXP_20260416_154815
13-1161.01,Search Marketing Strategists,Operation and Control,1.0,Skills,13,123,two_level_random_sample,EXP_20260416_154815
13-1161.01,Search Marketing Strategists,Equipment Maintenance,1.0,Skills,13,123,two_level_random_sample,EXP_20260416_154815
13-1161.01,Search Marketing Strategists,Troubleshooting,1.12,Skills,13,123,two_level_random_sample,EXP_20260416_154815
13-1161.01,Search Marketing Strategists,Repairing,1.0,Skills,13,123,two_level_random_sample,EXP_20260416_154815
13-1161.01,Search Marketing Strategists,Quality Control Analysis,1.88,Skills,13,123,two_level_random_sample,EXP_20260416_154815
13-1161.01,Search Marketing Strategists,Judgment and Decision Making,3.75,Skills,13,123,two_level_random_sample,EXP_20260416_154815
13-1161.01,Search Marketing Strategists,Systems Analysis,3.38,Skills,13,123,two_level_random_sample,EXP_20260416_154815
13-1161.01,Search Marketing Strategists,Systems Evaluation,3.38,Skills,13,123,two_level_random_sample,EXP_20260416_154815
13-1161.01,Search Marketing Strategists,Time Management,3.12,Skills,13,123,two_level_random_sample,EXP_20260416_154815
13-1161.01,Search Marketing Strategists,Management of Financial Resources,2.12,Skills,13,123,two_level_random_sample,EXP_20260416_154815
13-1161.01,Search Marketing Strategists,Management of Material Resources,2.0,Skills,13,123,two_level_random_sample,EXP_20260416_154815
13-1161.01,Search Marketing Strategists,Management of Personnel Resources,2.62,Skills,13,123,two_level_random_sample,EXP_20260416_154815
13-1199.06,Online Merchants,Reading Comprehension,3.62,Skills,13,123,two_level_random_sample,EXP_20260416_154815
13-1199.06,Online Merchants,Active Listening,3.5,Skills,13,123,two_level_random_sample,EXP_20260416_154815
13-1199.06,Online Merchants,Writing,3.38,Skills,13,123,two_level_random_sample,EXP_20260416_154815
13-1199.06,Online Merchants,Speaking,3.5,Skills,13,123,two_level_random_sample,EXP_20260416_154815
13-1199.06,Online Merchants,Mathematics,3.0,Skills,13,123,two_level_random_sample,EXP_20260416_154815
13-1199.06,Online Merchants,Science,1.25,Skills,13,123,two_level_random_sample,EXP_20260416_154815
13-1199.06,Online Merchants,Critical Thinking,3.5,Skills,13,123,two_level_random_sample,EXP_20260416_154815
13-1199.06,Online Merchants,Active Learning,2.88,Skills,13,123,two_level_random_sample,EXP_20260416_154815
13-1199.06,Online Merchants,Learning Strategies,2.38,Skills,13,123,two_level_random_sample,EXP_20260416_154815
13-1199.06,Online Merchants,Monitoring,3.12,Skills,13,123,two_level_random_sample,EXP_20260416_154815
13-1199.06,Online Merchants,Social Perceptiveness,3.12,Skills,13,123,two_level_random_sample,EXP_20260416_154815
13-1199.06,Online Merchants,Coordination,3.0,Skills,13,123,two_level_random_sample,EXP_20260416_154815
13-1199.06,Online Merchants,Persuasion,3.38,Skills,13,123,two_level_random_sample,EXP_20260416_154815
13-1199.06,Online Merchants,Negotiation,3.12,Skills,13,123,two_level_random_sample,EXP_20260416_154815
13-1199.06,Online Merchants,Instructing,2.25,Skills,13,123,two_level_random_sample,EXP_20260416_154815
13-1199.06,Online Merchants,Service Orientation,3.38,Skills,13,123,two_level_random_sample,EXP_20260416_154815
13-1199.06,Online Merchants,Complex Problem Solving,3.0,Skills,13,123,two_level_random_sample,EXP_20260416_154815
13-1199.06,Online Merchants,Operations Analysis,2.0,Skills,13,123,two_level_random_sample,EXP_20260416_154815
13-1199.06,Online Merchants,Technology Design,1.75,Skills,13,123,two_level_random_sample,EXP_20260416_154815
13-1199.06,Online Merchants,Equipment Selection,1.25,Skills,13,123,two_level_random_sample,EXP_20260416_154815
13-1199.06,Online Merchants,Installation,1.12,Skills,13,123,two_level_random_sample,EXP_20260416_154815
13-1199.06,Online Merchants,Programming,2.38,Skills,13,123,two_level_random_sample,EXP_20260416_154815
13-1199.06,Online Merchants,Operations Monitoring,1.88,Skills,13,123,two_level_random_sample,EXP_20260416_154815
13-1199.06,Online Merchants,Operation and Control,1.25,Skills,13,123,two_level_random_sample,EXP_20260416_154815
13-1199.06,Online Merchants,Equipment Maintenance,1.0,Skills,13,123,two_level_random_sample,EXP_20260416_154815
13-1199.06,Online Merchants,Troubleshooting,1.12,Skills,13,123,two_level_random_sample,EXP_20260416_154815
13-1199.06,Online Merchants,Repairing,1.25,Skills,13,123,two_level_random_sample,EXP_20260416_154815
13-1199.06,Online Merchants,Quality Control Analysis,1.62,Skills,13,123,two_level_random_sample,EXP_20260416_154815
13-1199.06,Online Merchants,Judgment and Decision Making,3.25,Skills,13,123,two_level_random_sample,EXP_20260416_154815
13-1199.06,Online Merchants,Systems Analysis,2.62,Skills,13,123,two_level_random_sample,EXP_20260416_154815
13-1199.06,Online Merchants,Systems Evaluation,2.62,Skills,13,123,two_level_random_sample,EXP_20260416_154815
13-1199.06,Online Merchants,Time Management,2.88,Skills,13,123,two_level_random_sample,EXP_20260416_154815
13-1199.06,Online Merchants,Management of Financial Resources,2.88,Skills,13,123,two_level_random_sample,EXP_20260416_154815
13-1199.06,Online Merchants,Management of Material Resources,2.75,Skills,13,123,two_level_random_sample,EXP_20260416_154815
13-1199.06,Online Merchants,Management of Personnel Resources,2.62,Skills,13,123,two_level_random_sample,EXP_20260416_154815
13-2099.01,Financial Quantitative Analysts,Reading Comprehension,4.0,Skills,13,123,two_level_random_sample,EXP_20260416_154815
13-2099.01,Financial Quantitative Analysts,Active Listening,3.75,Skills,13,123,two_level_random_sample,EXP_20260416_154815
13-2099.01,Financial Quantitative Analysts,Writing,3.5,Skills,13,123,two_level_random_sample,EXP_20260416_154815
13-2099.01,Financial Quantitative Analysts,Speaking,3.75,Skills,13,123,two_level_random_sample,EXP_20260416_154815
13-2099.01,Financial Quantitative Analysts,Mathematics,4.38,Skills,13,123,two_level_random_sample,EXP_20260416_154815
13-2099.01,Financial Quantitative Analysts,Science,1.88,Skills,13,123,two_level_random_sample,EXP_20260416_154815
13-2099.01,Financial Quantitative Analysts,Critical Thinking,4.12,Skills,13,123,two_level_random_sample,EXP_20260416_154815
13-2099.01,Financial Quantitative Analysts,Active Learning,3.75,Skills,13,123,two_level_random_sample,EXP_20260416_154815
13-2099.01,Financial Quantitative Analysts,Learning Strategies,3.0,Skills,13,123,two_level_random_sample,EXP_20260416_154815
13-2099.01,Financial Quantitative Analysts,Monitoring,3.0,Skills,13,123,two_level_random_sample,EXP_20260416_154815
13-2099.01,Financial Quantitative Analysts,Social Perceptiveness,3.0,Skills,13,123,two_level_random_sample,EXP_20260416_154815
13-2099.01,Financial Quantitative Analysts,Coordination,3.0,Skills,13,123,two_level_random_sample,EXP_20260416_154815
13-2099.01,Financial Quantitative Analysts,Persuasion,3.12,Skills,13,123,two_level_random_sample,EXP_20260416_154815
13-2099.01,Financial Quantitative Analysts,Negotiation,2.88,Skills,13,123,two_level_random_sample,EXP_20260416_154815
13-2099.01,Financial Quantitative Analysts,Instructing,3.0,Skills,13,123,two_level_random_sample,EXP_20260416_154815
13-2099.01,Financial Quantitative Analysts,Service Orientation,2.88,Skills,13,123,two_level_random_sample,EXP_20260416_154815
13-2099.01,Financial Quantitative Analysts,Complex Problem Solving,3.88,Skills,13,123,two_level_random_sample,EXP_20260416_154815
13-2099.01,Financial Quantitative Analysts,Operations Analysis,2.0,Skills,13,123,two_level_random_sample,EXP_20260416_154815
13-2099.01,Financial Quantitative Analysts,Technology Design,1.88,Skills,13,123,two_level_random_sample,EXP_20260416_154815
13-2099.01,Financial Quantitative Analysts,Equipment Selection,1.0,Skills,13,123,two_level_random_sample,EXP_20260416_154815
13-2099.01,Financial Quantitative Analysts,Installation,1.0,Skills,13,123,two_level_random_sample,EXP_20260416_154815
13-2099.01,Financial Quantitative Analysts,Programming,2.62,Skills,13,123,two_level_random_sample,EXP_20260416_154815
13-2099.01,Financial Quantitative Analysts,Operations Monitoring,2.0,Skills,13,123,two_level_random_sample,EXP_20260416_154815
13-2099.01,Financial Quantitative Analysts,Operation and Control,1.12,Skills,13,123,two_level_random_sample,EXP_20260416_154815
13-2099.01,Financial Quantitative Analysts,Equipment Maintenance,1.0,Skills,13,123,two_level_random_sample,EXP_20260416_154815
13-2099.01,Financial Quantitative Analysts,Troubleshooting,1.12,Skills,13,123,two_level_random_sample,EXP_20260416_154815
13-2099.01,Financial Quantitative Analysts,Repairing,1.0,Skills,13,123,two_level_random_sample,EXP_20260416_154815
13-2099.01,Financial Quantitative Analysts,Quality Control Analysis,1.75,Skills,13,123,two_level_random_sample,EXP_20260416_154815
13-2099.01,Financial Quantitative Analysts,Judgment and Decision Making,3.75,Skills,13,123,two_level_random_sample,EXP_20260416_154815
13-2099.01,Financial Quantitative Analysts,Systems Analysis,3.25,Skills,13,123,two_level_random_sample,EXP_20260416_154815
13-2099.01,Financial Quantitative Analysts,Systems Evaluation,3.25,Skills,13,123,two_level_random_sample,EXP_20260416_154815
13-2099.01,Financial Quantitative Analysts,Time Management,3.0,Skills,13,123,two_level_random_sample,EXP_20260416_154815
13-2099.01,Financial Quantitative Analysts,Management of Financial Resources,2.88,Skills,13,123,two_level_random_sample,EXP_20260416_154815
13-2099.01,Financial Quantitative Analysts,Management of Material Resources,2.0,Skills,13,123,two_level_random_sample,EXP_20260416_154815
13-2099.01,Financial Quantitative Analysts,Management of Personnel Resources,2.62,Skills,13,123,two_level_random_sample,EXP_20260416_154815
15-1211.01,Health Informatics Specialists,Reading Comprehension,4.38,Skills,15,123,two_level_random_sample,EXP_20260416_154815
15-1211.01,Health Informatics Specialists,Active Listening,4.0,Skills,15,123,two_level_random_sample,EXP_20260416_154815
15-1211.01,Health Informatics Specialists,Writing,4.0,Skills,15,123,two_level_random_sample,EXP_20260416_154815
15-1211.01,Health Informatics Specialists,Speaking,4.0,Skills,15,123,two_level_random_sample,EXP_20260416_154815
15-1211.01,Health Informatics Specialists,Mathematics,3.0,Skills,15,123,two_level_random_sample,EXP_20260416_154815
15-1211.01,Health Informatics Specialists,Science,2.12,Skills,15,123,two_level_random_sample,EXP_20260416_154815
15-1211.01,Health Informatics Specialists,Critical Thinking,4.0,Skills,15,123,two_level_random_sample,EXP_20260416_154815
15-1211.01,Health Informatics Specialists,Active Learning,3.75,Skills,15,123,two_level_random_sample,EXP_20260416_154815
15-1211.01,Health Informatics Specialists,Learning Strategies,3.75,Skills,15,123,two_level_random_sample,EXP_20260416_154815
15-1211.01,Health Informatics Specialists,Monitoring,3.62,Skills,15,123,two_level_random_sample,EXP_20260416_154815
15-1211.01,Health Informatics Specialists,Social Perceptiveness,3.12,Skills,15,123,two_level_random_sample,EXP_20260416_154815
15-1211.01,Health Informatics Specialists,Coordination,3.5,Skills,15,123,two_level_random_sample,EXP_20260416_154815
15-1211.01,Health Informatics Specialists,Persuasion,3.0,Skills,15,123,two_level_random_sample,EXP_20260416_154815
15-1211.01,Health Informatics Specialists,Negotiation,3.0,Skills,15,123,two_level_random_sample,EXP_20260416_154815
15-1211.01,Health Informatics Specialists,Instructing,3.38,Skills,15,123,two_level_random_sample,EXP_20260416_154815
15-1211.01,Health Informatics Specialists,Service Orientation,3.12,Skills,15,123,two_level_random_sample,EXP_20260416_154815
15-1211.01,Health Informatics Specialists,Complex Problem Solving,4.12,Skills,15,123,two_level_random_sample,EXP_20260416_154815
15-1211.01,Health Informatics Specialists,Operations Analysis,2.75,Skills,15,123,two_level_random_sample,EXP_20260416_154815
15-1211.01,Health Informatics Specialists,Technology Design,2.75,Skills,15,123,two_level_random_sample,EXP_20260416_154815
15-1211.01,Health Informatics Specialists,Equipment Selection,1.75,Skills,15,123,two_level_random_sample,EXP_20260416_154815
15-1211.01,Health Informatics Specialists,Installation,1.38,Skills,15,123,two_level_random_sample,EXP_20260416_154815
15-1211.01,Health Informatics Specialists,Programming,2.88,Skills,15,123,two_level_random_sample,EXP_20260416_154815
15-1211.01,Health Informatics Specialists,Operations Monitoring,2.5,Skills,15,123,two_level_random_sample,EXP_20260416_154815
15-1211.01,Health Informatics Specialists,Operation and Control,1.62,Skills,15,123,two_level_random_sample,EXP_20260416_154815
15-1211.01,Health Informatics Specialists,Equipment Maintenance,1.0,Skills,15,123,two_level_random_sample,EXP_20260416_154815
15-1211.01,Health Informatics Specialists,Troubleshooting,2.12,Skills,15,123,two_level_random_sample,EXP_20260416_154815
15-1211.01,Health Informatics Specialists,Repairing,1.0,Skills,15,123,two_level_random_sample,EXP_20260416_154815
15-1211.01,Health Informatics Specialists,Quality Control Analysis,2.75,Skills,15,123,two_level_random_sample,EXP_20260416_154815
15-1211.01,Health Informatics Specialists,Judgment and Decision Making,3.88,Skills,15,123,two_level_random_sample,EXP_20260416_154815
15-1211.01,Health Informatics Specialists,Systems Analysis,3.75,Skills,15,123,two_level_random_sample,EXP_20260416_154815
15-1211.01,Health Informatics Specialists,Systems Evaluation,3.75,Skills,15,123,two_level_random_sample,EXP_20260416_154815
15-1211.01,Health Informatics Specialists,Time Management,3.38,Skills,15,123,two_level_random_sample,EXP_20260416_154815
15-1211.01,Health Informatics Specialists,Management of Financial Resources,2.12,Skills,15,123,two_level_random_sample,EXP_20260416_154815
15-1211.01,Health Informatics Specialists,Management of Material Resources,2.0,Skills,15,123,two_level_random_sample,EXP_20260416_154815
15-1211.01,Health Informatics Specialists,Management of Personnel Resources,3.12,Skills,15,123,two_level_random_sample,EXP_20260416_154815
15-1212.00,Information Security Analysts,Reading Comprehension,4.0,Skills,15,123,two_level_random_sample,EXP_20260416_154815
15-1212.00,Information Security Analysts,Active Listening,3.75,Skills,15,123,two_level_random_sample,EXP_20260416_154815
15-1212.00,Information Security Analysts,Writing,3.5,Skills,15,123,two_level_random_sample,EXP_20260416_154815
15-1212.00,Information Security Analysts,Speaking,3.62,Skills,15,123,two_level_random_sample,EXP_20260416_154815
15-1212.00,Information Security Analysts,Mathematics,2.25,Skills,15,123,two_level_random_sample,EXP_20260416_154815
15-1212.00,Information Security Analysts,Science,1.88,Skills,15,123,two_level_random_sample,EXP_20260416_154815
15-1212.00,Information Security Analysts,Critical Thinking,3.88,Skills,15,123,two_level_random_sample,EXP_20260416_154815
15-1212.00,Information Security Analysts,Active Learning,3.25,Skills,15,123,two_level_random_sample,EXP_20260416_154815
15-1212.00,Information Security Analysts,Learning Strategies,2.88,Skills,15,123,two_level_random_sample,EXP_20260416_154815
15-1212.00,Information Security Analysts,Monitoring,3.38,Skills,15,123,two_level_random_sample,EXP_20260416_154815
15-1212.00,Information Security Analysts,Social Perceptiveness,2.75,Skills,15,123,two_level_random_sample,EXP_20260416_154815
15-1212.00,Information Security Analysts,Coordination,3.0,Skills,15,123,two_level_random_sample,EXP_20260416_154815
15-1212.00,Information Security Analysts,Persuasion,2.62,Skills,15,123,two_level_random_sample,EXP_20260416_154815
15-1212.00,Information Security Analysts,Negotiation,2.62,Skills,15,123,two_level_random_sample,EXP_20260416_154815
15-1212.00,Information Security Analysts,Instructing,2.88,Skills,15,123,two_level_random_sample,EXP_20260416_154815
15-1212.00,Information Security Analysts,Service Orientation,2.88,Skills,15,123,two_level_random_sample,EXP_20260416_154815
15-1212.00,Information Security Analysts,Complex Problem Solving,3.75,Skills,15,123,two_level_random_sample,EXP_20260416_154815
15-1212.00,Information Security Analysts,Operations Analysis,2.5,Skills,15,123,two_level_random_sample,EXP_20260416_154815
15-1212.00,Information Security Analysts,Technology Design,2.12,Skills,15,123,two_level_random_sample,EXP_20260416_154815
15-1212.00,Information Security Analysts,Equipment Selection,1.75,Skills,15,123,two_level_random_sample,EXP_20260416_154815
15-1212.00,Information Security Analysts,Installation,1.5,Skills,15,123,two_level_random_sample,EXP_20260416_154815
15-1212.00,Information Security Analysts,Programming,2.62,Skills,15,123,two_level_random_sample,EXP_20260416_154815
15-1212.00,Information Security Analysts,Operations Monitoring,3.0,Skills,15,123,two_level_random_sample,EXP_20260416_154815
15-1212.00,Information Security Analysts,Operation and Control,1.75,Skills,15,123,two_level_random_sample,EXP_20260416_154815
15-1212.00,Information Security Analysts,Equipment Maintenance,1.62,Skills,15,123,two_level_random_sample,EXP_20260416_154815
15-1212.00,Information Security Analysts,Troubleshooting,2.12,Skills,15,123,two_level_random_sample,EXP_20260416_154815
15-1212.00,Information Security Analysts,Repairing,1.62,Skills,15,123,two_level_random_sample,EXP_20260416_154815
15-1212.00,Information Security Analysts,Quality Control Analysis,3.0,Skills,15,123,two_level_random_sample,EXP_20260416_154815
15-1212.00,Information Security Analysts,Judgment and Decision Making,3.38,Skills,15,123,two_level_random_sample,EXP_20260416_154815
15-1212.00,Information Security Analysts,Systems Analysis,3.38,Skills,15,123,two_level_random_sample,EXP_20260416_154815
15-1212.00,Information Security Analysts,Systems Evaluation,3.0,Skills,15,123,two_level_random_sample,EXP_20260416_154815
15-1212.00,Information Security Analysts,Time Management,3.12,Skills,15,123,two_level_random_sample,EXP_20260416_154815
15-1212.00,Information Security Analysts,Management of Financial Resources,1.75,Skills,15,123,two_level_random_sample,EXP_20260416_154815
15-1212.00,Information Security Analysts,Management of Material Resources,1.75,Skills,15,123,two_level_random_sample,EXP_20260416_154815
15-1212.00,Information Security Analysts,Management of Personnel Resources,2.88,Skills,15,123,two_level_random_sample,EXP_20260416_154815
15-1221.00,Computer and Information Research Scientists,Reading Comprehension,3.75,Skills,15,123,two_level_random_sample,EXP_20260416_154815
15-1221.00,Computer and Information Research Scientists,Active Listening,3.75,Skills,15,123,two_level_random_sample,EXP_20260416_154815
15-1221.00,Computer and Information Research Scientists,Writing,3.38,Skills,15,123,two_level_random_sample,EXP_20260416_154815
15-1221.00,Computer and Information Research Scientists,Speaking,3.5,Skills,15,123,two_level_random_sample,EXP_20260416_154815
15-1221.00,Computer and Information Research Scientists,Mathematics,3.38,Skills,15,123,two_level_random_sample,EXP_20260416_154815
15-1221.00,Computer and Information Research Scientists,Science,3.12,Skills,15,123,two_level_random_sample,EXP_20260416_154815
15-1221.00,Computer and Information Research Scientists,Critical Thinking,4.0,Skills,15,123,two_level_random_sample,EXP_20260416_154815
15-1221.00,Computer and Information Research Scientists,Active Learning,3.5,Skills,15,123,two_level_random_sample,EXP_20260416_154815
15-1221.00,Computer and Information Research Scientists,Learning Strategies,3.0,Skills,15,123,two_level_random_sample,EXP_20260416_154815
15-1221.00,Computer and Information Research Scientists,Monitoring,3.12,Skills,15,123,two_level_random_sample,EXP_20260416_154815
15-1221.00,Computer and Information Research Scientists,Social Perceptiveness,3.0,Skills,15,123,two_level_random_sample,EXP_20260416_154815
15-1221.00,Computer and Information Research Scientists,Coordination,3.0,Skills,15,123,two_level_random_sample,EXP_20260416_154815
15-1221.00,Computer and Information Research Scientists,Persuasion,2.75,Skills,15,123,two_level_random_sample,EXP_20260416_154815
15-1221.00,Computer and Information Research Scientists,Negotiation,2.5,Skills,15,123,two_level_random_sample,EXP_20260416_154815
15-1221.00,Computer and Information Research Scientists,Instructing,3.0,Skills,15,123,two_level_random_sample,EXP_20260416_154815
15-1221.00,Computer and Information Research Scientists,Service Orientation,2.75,Skills,15,123,two_level_random_sample,EXP_20260416_154815
15-1221.00,Computer and Information Research Scientists,Complex Problem Solving,4.0,Skills,15,123,two_level_random_sample,EXP_20260416_154815
15-1221.00,Computer and Information Research Scientists,Operations Analysis,3.12,Skills,15,123,two_level_random_sample,EXP_20260416_154815
15-1221.00,Computer and Information Research Scientists,Technology Design,3.12,Skills,15,123,two_level_random_sample,EXP_20260416_154815
15-1221.00,Computer and Information Research Scientists,Equipment Selection,1.88,Skills,15,123,two_level_random_sample,EXP_20260416_154815
15-1221.00,Computer and Information Research Scientists,Installation,1.0,Skills,15,123,two_level_random_sample,EXP_20260416_154815
15-1221.00,Computer and Information Research Scientists,Programming,3.62,Skills,15,123,two_level_random_sample,EXP_20260416_154815
15-1221.00,Computer and Information Research Scientists,Operations Monitoring,2.62,Skills,15,123,two_level_random_sample,EXP_20260416_154815
15-1221.00,Computer and Information Research Scientists,Operation and Control,2.0,Skills,15,123,two_level_random_sample,EXP_20260416_154815
15-1221.00,Computer and Information Research Scientists,Equipment Maintenance,1.12,Skills,15,123,two_level_random_sample,EXP_20260416_154815
15-1221.00,Computer and Information Research Scientists,Troubleshooting,2.38,Skills,15,123,two_level_random_sample,EXP_20260416_154815
15-1221.00,Computer and Information Research Scientists,Repairing,1.12,Skills,15,123,two_level_random_sample,EXP_20260416_154815
15-1221.00,Computer and Information Research Scientists,Quality Control Analysis,2.38,Skills,15,123,two_level_random_sample,EXP_20260416_154815
15-1221.00,Computer and Information Research Scientists,Judgment and Decision Making,4.0,Skills,15,123,two_level_random_sample,EXP_20260416_154815
15-1221.00,Computer and Information Research Scientists,Systems Analysis,3.75,Skills,15,123,two_level_random_sample,EXP_20260416_154815
15-1221.00,Computer and Information Research Scientists,Systems Evaluation,3.62,Skills,15,123,two_level_random_sample,EXP_20260416_154815
15-1221.00,Computer and Information Research Scientists,Time Management,3.38,Skills,15,123,two_level_random_sample,EXP_20260416_154815
15-1221.00,Computer and Information Research Scientists,Management of Financial Resources,2.5,Skills,15,123,two_level_random_sample,EXP_20260416_154815
15-1221.00,Computer and Information Research Scientists,Management of Material Resources,2.25,Skills,15,123,two_level_random_sample,EXP_20260416_154815
15-1221.00,Computer and Information Research Scientists,Management of Personnel Resources,2.88,Skills,15,123,two_level_random_sample,EXP_20260416_154815
15-1242.00,Database Administrators,Reading Comprehension,3.75,Skills,15,123,two_level_random_sample,EXP_20260416_154815
15-1242.00,Database Administrators,Active Listening,3.75,Skills,15,123,two_level_random_sample,EXP_20260416_154815
15-1242.00,Database Administrators,Writing,3.25,Skills,15,123,two_level_random_sample,EXP_20260416_154815
15-1242.00,Database Administrators,Speaking,3.38,Skills,15,123,two_level_random_sample,EXP_20260416_154815
15-1242.00,Database Administrators,Mathematics,3.0,Skills,15,123,two_level_random_sample,EXP_20260416_154815
15-1242.00,Database Administrators,Science,2.0,Skills,15,123,two_level_random_sample,EXP_20260416_154815
15-1242.00,Database Administrators,Critical Thinking,3.88,Skills,15,123,two_level_random_sample,EXP_20260416_154815
15-1242.00,Database Administrators,Active Learning,3.5,Skills,15,123,two_level_random_sample,EXP_20260416_154815
15-1242.00,Database Administrators,Learning Strategies,3.0,Skills,15,123,two_level_random_sample,EXP_20260416_154815
15-1242.00,Database Administrators,Monitoring,3.25,Skills,15,123,two_level_random_sample,EXP_20260416_154815
15-1242.00,Database Administrators,Social Perceptiveness,2.88,Skills,15,123,two_level_random_sample,EXP_20260416_154815
15-1242.00,Database Administrators,Coordination,3.0,Skills,15,123,two_level_random_sample,EXP_20260416_154815
15-1242.00,Database Administrators,Persuasion,2.62,Skills,15,123,two_level_random_sample,EXP_20260416_154815
15-1242.00,Database Administrators,Negotiation,2.0,Skills,15,123,two_level_random_sample,EXP_20260416_154815
15-1242.00,Database Administrators,Instructing,3.0,Skills,15,123,two_level_random_sample,EXP_20260416_154815
15-1242.00,Database Administrators,Service Orientation,2.88,Skills,15,123,two_level_random_sample,EXP_20260416_154815
15-1242.00,Database Administrators,Complex Problem Solving,3.88,Skills,15,123,two_level_random_sample,EXP_20260416_154815
15-1242.00,Database Administrators,Operations Analysis,3.12,Skills,15,123,two_level_random_sample,EXP_20260416_154815
15-1242.00,Database Administrators,Technology Design,2.38,Skills,15,123,two_level_random_sample,EXP_20260416_154815
15-1242.00,Database Administrators,Equipment Selection,1.5,Skills,15,123,two_level_random_sample,EXP_20260416_154815
15-1242.00,Database Administrators,Installation,1.38,Skills,15,123,two_level_random_sample,EXP_20260416_154815
15-1242.00,Database Administrators,Programming,3.38,Skills,15,123,two_level_random_sample,EXP_20260416_154815
15-1242.00,Database Administrators,Operations Monitoring,2.75,Skills,15,123,two_level_random_sample,EXP_20260416_154815
15-1242.00,Database Administrators,Operation and Control,1.5,Skills,15,123,two_level_random_sample,EXP_20260416_154815
15-1242.00,Database Administrators,Equipment Maintenance,1.0,Skills,15,123,two_level_random_sample,EXP_20260416_154815
15-1242.00,Database Administrators,Troubleshooting,2.5,Skills,15,123,two_level_random_sample,EXP_20260416_154815
15-1242.00,Database Administrators,Repairing,1.12,Skills,15,123,two_level_random_sample,EXP_20260416_154815
15-1242.00,Database Administrators,Quality Control Analysis,2.5,Skills,15,123,two_level_random_sample,EXP_20260416_154815
15-1242.00,Database Administrators,Judgment and Decision Making,3.75,Skills,15,123,two_level_random_sample,EXP_20260416_154815
15-1242.00,Database Administrators,Systems Analysis,3.12,Skills,15,123,two_level_random_sample,EXP_20260416_154815
15-1242.00,Database Administrators,Systems Evaluation,3.12,Skills,15,123,two_level_random_sample,EXP_20260416_154815
15-1242.00,Database Administrators,Time Management,2.88,Skills,15,123,two_level_random_sample,EXP_20260416_154815
15-1242.00,Database Administrators,Management of Financial Resources,1.75,Skills,15,123,two_level_random_sample,EXP_20260416_154815
15-1242.00,Database Administrators,Management of Material Resources,1.88,Skills,15,123,two_level_random_sample,EXP_20260416_154815
15-1242.00,Database Administrators,Management of Personnel Resources,2.75,Skills,15,123,two_level_random_sample,EXP_20260416_154815
15-1252.00,Software Developers,Reading Comprehension,3.5,Skills,15,123,two_level_random_sample,EXP_20260416_154815
15-1252.00,Software Developers,Active Listening,3.38,Skills,15,123,two_level_random_sample,EXP_20260416_154815
15-1252.00,Software Developers,Writing,3.25,Skills,15,123,two_level_random_sample,EXP_20260416_154815
15-1252.00,Software Developers,Speaking,3.12,Skills,15,123,two_level_random_sample,EXP_20260416_154815
15-1252.00,Software Developers,Mathematics,2.75,Skills,15,123,two_level_random_sample,EXP_20260416_154815
15-1252.00,Software Developers,Science,2.12,Skills,15,123,two_level_random_sample,EXP_20260416_154815
15-1252.00,Software Developers,Critical Thinking,3.88,Skills,15,123,two_level_random_sample,EXP_20260416_154815
15-1252.00,Software Developers,Active Learning,3.5,Skills,15,123,two_level_random_sample,EXP_20260416_154815
15-1252.00,Software Developers,Learning Strategies,2.62,Skills,15,123,two_level_random_sample,EXP_20260416_154815
15-1252.00,Software Developers,Monitoring,3.0,Skills,15,123,two_level_random_sample,EXP_20260416_154815
15-1252.00,Software Developers,Social Perceptiveness,2.88,Skills,15,123,two_level_random_sample,EXP_20260416_154815
15-1252.00,Software Developers,Coordination,3.0,Skills,15,123,two_level_random_sample,EXP_20260416_154815
15-1252.00,Software Developers,Persuasion,2.75,Skills,15,123,two_level_random_sample,EXP_20260416_154815
15-1252.00,Software Developers,Negotiation,2.62,Skills,15,123,two_level_random_sample,EXP_20260416_154815
15-1252.00,Software Developers,Instructing,2.88,Skills,15,123,two_level_random_sample,EXP_20260416_154815
15-1252.00,Software Developers,Service Orientation,2.88,Skills,15,123,two_level_random_sample,EXP_20260416_154815
15-1252.00,Software Developers,Complex Problem Solving,3.38,Skills,15,123,two_level_random_sample,EXP_20260416_154815
15-1252.00,Software Developers,Operations Analysis,3.25,Skills,15,123,two_level_random_sample,EXP_20260416_154815
15-1252.00,Software Developers,Technology Design,3.38,Skills,15,123,two_level_random_sample,EXP_20260416_154815
15-1252.00,Software Developers,Equipment Selection,2.12,Skills,15,123,two_level_random_sample,EXP_20260416_154815
15-1252.00,Software Developers,Installation,1.88,Skills,15,123,two_level_random_sample,EXP_20260416_154815
15-1252.00,Software Developers,Programming,4.0,Skills,15,123,two_level_random_sample,EXP_20260416_154815
15-1252.00,Software Developers,Operations Monitoring,2.75,Skills,15,123,two_level_random_sample,EXP_20260416_154815
15-1252.00,Software Developers,Operation and Control,2.0,Skills,15,123,two_level_random_sample,EXP_20260416_154815
15-1252.00,Software Developers,Equipment Maintenance,1.25,Skills,15,123,two_level_random_sample,EXP_20260416_154815
15-1252.00,Software Developers,Troubleshooting,2.62,Skills,15,123,two_level_random_sample,EXP_20260416_154815
15-1252.00,Software Developers,Repairing,1.12,Skills,15,123,two_level_random_sample,EXP_20260416_154815
15-1252.00,Software Developers,Quality Control Analysis,2.75,Skills,15,123,two_level_random_sample,EXP_20260416_154815
15-1252.00,Software Developers,Judgment and Decision Making,3.62,Skills,15,123,two_level_random_sample,EXP_20260416_154815
15-1252.00,Software Developers,Systems Analysis,3.5,Skills,15,123,two_level_random_sample,EXP_20260416_154815
15-1252.00,Software Developers,Systems Evaluation,3.38,Skills,15,123,two_level_random_sample,EXP_20260416_154815
15-1252.00,Software Developers,Time Management,3.12,Skills,15,123,two_level_random_sample,EXP_20260416_154815
15-1252.00,Software Developers,Management of Financial Resources,1.75,Skills,15,123,two_level_random_sample,EXP_20260416_154815
15-1252.00,Software Developers,Management of Material Resources,1.62,Skills,15,123,two_level_random_sample,EXP_20260416_154815
15-1252.00,Software Developers,Management of Personnel Resources,2.25,Skills,15,123,two_level_random_sample,EXP_20260416_154815
15-2021.00,Mathematicians,Reading Comprehension,4.0,Skills,15,123,two_level_random_sample,EXP_20260416_154815
15-2021.00,Mathematicians,Active Listening,3.38,Skills,15,123,two_level_random_sample,EXP_20260416_154815
15-2021.00,Mathematicians,Writing,3.62,Skills,15,123,two_level_random_sample,EXP_20260416_154815
15-2021.00,Mathematicians,Speaking,3.25,Skills,15,123,two_level_random_sample,EXP_20260416_154815
15-2021.00,Mathematicians,Mathematics,5.0,Skills,15,123,two_level_random_sample,EXP_20260416_154815
15-2021.00,Mathematicians,Science,3.62,Skills,15,123,two_level_random_sample,EXP_20260416_154815
15-2021.00,Mathematicians,Critical Thinking,4.12,Skills,15,123,two_level_random_sample,EXP_20260416_154815
15-2021.00,Mathematicians,Active Learning,4.0,Skills,15,123,two_level_random_sample,EXP_20260416_154815
15-2021.00,Mathematicians,Learning Strategies,3.25,Skills,15,123,two_level_random_sample,EXP_20260416_154815
15-2021.00,Mathematicians,Monitoring,3.0,Skills,15,123,two_level_random_sample,EXP_20260416_154815
15-2021.00,Mathematicians,Social Perceptiveness,2.88,Skills,15,123,two_level_random_sample,EXP_20260416_154815
15-2021.00,Mathematicians,Coordination,2.88,Skills,15,123,two_level_random_sample,EXP_20260416_154815
15-2021.00,Mathematicians,Persuasion,2.75,Skills,15,123,two_level_random_sample,EXP_20260416_154815
15-2021.00,Mathematicians,Negotiation,2.0,Skills,15,123,two_level_random_sample,EXP_20260416_154815
15-2021.00,Mathematicians,Instructing,3.0,Skills,15,123,two_level_random_sample,EXP_20260416_154815
15-2021.00,Mathematicians,Service Orientation,2.0,Skills,15,123,two_level_random_sample,EXP_20260416_154815
15-2021.00,Mathematicians,Complex Problem Solving,4.0,Skills,15,123,two_level_random_sample,EXP_20260416_154815
15-2021.00,Mathematicians,Operations Analysis,2.5,Skills,15,123,two_level_random_sample,EXP_20260416_154815
15-2021.00,Mathematicians,Technology Design,1.62,Skills,15,123,two_level_random_sample,EXP_20260416_154815
15-2021.00,Mathematicians,Equipment Selection,1.0,Skills,15,123,two_level_random_sample,EXP_20260416_154815
15-2021.00,Mathematicians,Installation,1.0,Skills,15,123,two_level_random_sample,EXP_20260416_154815
15-2021.00,Mathematicians,Programming,2.5,Skills,15,123,two_level_random_sample,EXP_20260416_154815
15-2021.00,Mathematicians,Operations Monitoring,1.38,Skills,15,123,two_level_random_sample,EXP_20260416_154815
15-2021.00,Mathematicians,Operation and Control,1.0,Skills,15,123,two_level_random_sample,EXP_20260416_154815
15-2021.00,Mathematicians,Equipment Maintenance,1.0,Skills,15,123,two_level_random_sample,EXP_20260416_154815
15-2021.00,Mathematicians,Troubleshooting,1.0,Skills,15,123,two_level_random_sample,EXP_20260416_154815
15-2021.00,Mathematicians,Repairing,1.0,Skills,15,123,two_level_random_sample,EXP_20260416_154815
15-2021.00,Mathematicians,Quality Control Analysis,1.5,Skills,15,123,two_level_random_sample,EXP_20260416_154815
15-2021.00,Mathematicians,Judgment and Decision Making,3.75,Skills,15,123,two_level_random_sample,EXP_20260416_154815
15-2021.00,Mathematicians,Systems Analysis,3.0,Skills,15,123,two_level_random_sample,EXP_20260416_154815
15-2021.00,Mathematicians,Systems Evaluation,3.0,Skills,15,123,two_level_random_sample,EXP_20260416_154815
15-2021.00,Mathematicians,Time Management,2.75,Skills,15,123,two_level_random_sample,EXP_20260416_154815
15-2021.00,Mathematicians,Management of Financial Resources,1.62,Skills,15,123,two_level_random_sample,EXP_20260416_154815
15-2021.00,Mathematicians,Management of Material Resources,1.62,Skills,15,123,two_level_random_sample,EXP_20260416_154815
15-2021.00,Mathematicians,Management of Personnel Resources,2.0,Skills,15,123,two_level_random_sample,EXP_20260416_154815
15-2051.02,Clinical Data Managers,Reading Comprehension,3.88,Skills,15,123,two_level_random_sample,EXP_20260416_154815
15-2051.02,Clinical Data Managers,Active Listening,3.88,Skills,15,123,two_level_random_sample,EXP_20260416_154815
15-2051.02,Clinical Data Managers,Writing,3.75,Skills,15,123,two_level_random_sample,EXP_20260416_154815
15-2051.02,Clinical Data Managers,Speaking,3.88,Skills,15,123,two_level_random_sample,EXP_20260416_154815
15-2051.02,Clinical Data Managers,Mathematics,3.5,Skills,15,123,two_level_random_sample,EXP_20260416_154815
15-2051.02,Clinical Data Managers,Science,2.38,Skills,15,123,two_level_random_sample,EXP_20260416_154815
15-2051.02,Clinical Data Managers,Critical Thinking,4.0,Skills,15,123,two_level_random_sample,EXP_20260416_154815
15-2051.02,Clinical Data Managers,Active Learning,3.62,Skills,15,123,two_level_random_sample,EXP_20260416_154815
15-2051.02,Clinical Data Managers,Learning Strategies,2.88,Skills,15,123,two_level_random_sample,EXP_20260416_154815
15-2051.02,Clinical Data Managers,Monitoring,3.62,Skills,15,123,two_level_random_sample,EXP_20260416_154815
15-2051.02,Clinical Data Managers,Social Perceptiveness,3.12,Skills,15,123,two_level_random_sample,EXP_20260416_154815
15-2051.02,Clinical Data Managers,Coordination,3.38,Skills,15,123,two_level_random_sample,EXP_20260416_154815
15-2051.02,Clinical Data Managers,Persuasion,2.75,Skills,15,123,two_level_random_sample,EXP_20260416_154815
15-2051.02,Clinical Data Managers,Negotiation,2.5,Skills,15,123,two_level_random_sample,EXP_20260416_154815
15-2051.02,Clinical Data Managers,Instructing,3.0,Skills,15,123,two_level_random_sample,EXP_20260416_154815
15-2051.02,Clinical Data Managers,Service Orientation,2.75,Skills,15,123,two_level_random_sample,EXP_20260416_154815
15-2051.02,Clinical Data Managers,Complex Problem Solving,3.5,Skills,15,123,two_level_random_sample,EXP_20260416_154815
15-2051.02,Clinical Data Managers,Operations Analysis,2.75,Skills,15,123,two_level_random_sample,EXP_20260416_154815
15-2051.02,Clinical Data Managers,Technology Design,1.75,Skills,15,123,two_level_random_sample,EXP_20260416_154815
15-2051.02,Clinical Data Managers,Equipment Selection,1.88,Skills,15,123,two_level_random_sample,EXP_20260416_154815
15-2051.02,Clinical Data Managers,Installation,1.0,Skills,15,123,two_level_random_sample,EXP_20260416_154815
15-2051.02,Clinical Data Managers,Programming,3.25,Skills,15,123,two_level_random_sample,EXP_20260416_154815
15-2051.02,Clinical Data Managers,Operations Monitoring,2.12,Skills,15,123,two_level_random_sample,EXP_20260416_154815
15-2051.02,Clinical Data Managers,Operation and Control,1.75,Skills,15,123,two_level_random_sample,EXP_20260416_154815
15-2051.02,Clinical Data Managers,Equipment Maintenance,1.0,Skills,15,123,two_level_random_sample,EXP_20260416_154815
15-2051.02,Clinical Data Managers,Troubleshooting,1.62,Skills,15,123,two_level_random_sample,EXP_20260416_154815
15-2051.02,Clinical Data Managers,Repairing,1.0,Skills,15,123,two_level_random_sample,EXP_20260416_154815
15-2051.02,Clinical Data Managers,Quality Control Analysis,2.5,Skills,15,123,two_level_random_sample,EXP_20260416_154815
15-2051.02,Clinical Data Managers,Judgment and Decision Making,3.25,Skills,15,123,two_level_random_sample,EXP_20260416_154815
15-2051.02,Clinical Data Managers,Systems Analysis,3.25,Skills,15,123,two_level_random_sample,EXP_20260416_154815
15-2051.02,Clinical Data Managers,Systems Evaluation,3.12,Skills,15,123,two_level_random_sample,EXP_20260416_154815
15-2051.02,Clinical Data Managers,Time Management,3.38,Skills,15,123,two_level_random_sample,EXP_20260416_154815
15-2051.02,Clinical Data Managers,Management of Financial Resources,1.88,Skills,15,123,two_level_random_sample,EXP_20260416_154815
15-2051.02,Clinical Data Managers,Management of Material Resources,1.88,Skills,15,123,two_level_random_sample,EXP_20260416_154815
15-2051.02,Clinical Data Managers,Management of Personnel Resources,3.0,Skills,15,123,two_level_random_sample,EXP_20260416_154815
15-2099.01,Bioinformatics Technicians,Reading Comprehension,3.75,Skills,15,123,two_level_random_sample,EXP_20260416_154815
15-2099.01,Bioinformatics Technicians,Active Listening,3.5,Skills,15,123,two_level_random_sample,EXP_20260416_154815
15-2099.01,Bioinformatics Technicians,Writing,3.5,Skills,15,123,two_level_random_sample,EXP_20260416_154815
15-2099.01,Bioinformatics Technicians,Speaking,3.38,Skills,15,123,two_level_random_sample,EXP_20260416_154815
15-2099.01,Bioinformatics Technicians,Mathematics,3.38,Skills,15,123,two_level_random_sample,EXP_20260416_154815
15-2099.01,Bioinformatics Technicians,Science,3.12,Skills,15,123,two_level_random_sample,EXP_20260416_154815
15-2099.01,Bioinformatics Technicians,Critical Thinking,3.5,Skills,15,123,two_level_random_sample,EXP_20260416_154815
15-2099.01,Bioinformatics Technicians,Active Learning,3.5,Skills,15,123,two_level_random_sample,EXP_20260416_154815
15-2099.01,Bioinformatics Technicians,Learning Strategies,2.75,Skills,15,123,two_level_random_sample,EXP_20260416_154815
15-2099.01,Bioinformatics Technicians,Monitoring,3.25,Skills,15,123,two_level_random_sample,EXP_20260416_154815
15-2099.01,Bioinformatics Technicians,Social Perceptiveness,2.88,Skills,15,123,two_level_random_sample,EXP_20260416_154815
15-2099.01,Bioinformatics Technicians,Coordination,2.88,Skills,15,123,two_level_random_sample,EXP_20260416_154815
15-2099.01,Bioinformatics Technicians,Persuasion,2.75,Skills,15,123,two_level_random_sample,EXP_20260416_154815
15-2099.01,Bioinformatics Technicians,Negotiation,2.5,Skills,15,123,two_level_random_sample,EXP_20260416_154815
15-2099.01,Bioinformatics Technicians,Instructing,2.88,Skills,15,123,two_level_random_sample,EXP_20260416_154815
15-2099.01,Bioinformatics Technicians,Service Orientation,2.5,Skills,15,123,two_level_random_sample,EXP_20260416_154815
15-2099.01,Bioinformatics Technicians,Complex Problem Solving,3.5,Skills,15,123,two_level_random_sample,EXP_20260416_154815
15-2099.01,Bioinformatics Technicians,Operations Analysis,2.12,Skills,15,123,two_level_random_sample,EXP_20260416_154815
15-2099.01,Bioinformatics Technicians,Technology Design,2.12,Skills,15,123,two_level_random_sample,EXP_20260416_154815
15-2099.01,Bioinformatics Technicians,Equipment Selection,1.12,Skills,15,123,two_level_random_sample,EXP_20260416_154815
15-2099.01,Bioinformatics Technicians,Installation,1.0,Skills,15,123,two_level_random_sample,EXP_20260416_154815
15-2099.01,Bioinformatics Technicians,Programming,3.12,Skills,15,123,two_level_random_sample,EXP_20260416_154815
15-2099.01,Bioinformatics Technicians,Operations Monitoring,2.62,Skills,15,123,two_level_random_sample,EXP_20260416_154815
15-2099.01,Bioinformatics Technicians,Operation and Control,1.12,Skills,15,123,two_level_random_sample,EXP_20260416_154815
15-2099.01,Bioinformatics Technicians,Equipment Maintenance,1.12,Skills,15,123,two_level_random_sample,EXP_20260416_154815
15-2099.01,Bioinformatics Technicians,Troubleshooting,1.12,Skills,15,123,two_level_random_sample,EXP_20260416_154815
15-2099.01,Bioinformatics Technicians,Repairing,1.12,Skills,15,123,two_level_random_sample,EXP_20260416_154815
15-2099.01,Bioinformatics Technicians,Quality Control Analysis,2.25,Skills,15,123,two_level_random_sample,EXP_20260416_154815
15-2099.01,Bioinformatics Technicians,Judgment and Decision Making,3.5,Skills,15,123,two_level_random_sample,EXP_20260416_154815
15-2099.01,Bioinformatics Technicians,Systems Analysis,3.25,Skills,15,123,two_level_random_sample,EXP_20260416_154815
15-2099.01,Bioinformatics Technicians,Systems Evaluation,3.0,Skills,15,123,two_level_random_sample,EXP_20260416_154815
15-2099.01,Bioinformatics Technicians,Time Management,3.0,Skills,15,123,two_level_random_sample,EXP_20260416_154815
15-2099.01,Bioinformatics Technicians,Management of Financial Resources,1.62,Skills,15,123,two_level_random_sample,EXP_20260416_154815
15-2099.01,Bioinformatics Technicians,Management of Material Resources,1.62,Skills,15,123,two_level_random_sample,EXP_20260416_154815
15-2099.01,Bioinformatics Technicians,Management of Personnel Resources,2.62,Skills,15,123,two_level_random_sample,EXP_20260416_154815
17-1021.00,Cartographers and Photogrammetrists,Reading Comprehension,4.0,Skills,17,123,two_level_random_sample,EXP_20260416_154815
17-1021.00,Cartographers and Photogrammetrists,Active Listening,3.38,Skills,17,123,two_level_random_sample,EXP_20260416_154815
17-1021.00,Cartographers and Photogrammetrists,Writing,3.5,Skills,17,123,two_level_random_sample,EXP_20260416_154815
17-1021.00,Cartographers and Photogrammetrists,Speaking,3.12,Skills,17,123,two_level_random_sample,EXP_20260416_154815
17-1021.00,Cartographers and Photogrammetrists,Mathematics,2.88,Skills,17,123,two_level_random_sample,EXP_20260416_154815
17-1021.00,Cartographers and Photogrammetrists,Science,1.88,Skills,17,123,two_level_random_sample,EXP_20260416_154815
17-1021.00,Cartographers and Photogrammetrists,Critical Thinking,3.5,Skills,17,123,two_level_random_sample,EXP_20260416_154815
17-1021.00,Cartographers and Photogrammetrists,Active Learning,3.25,Skills,17,123,two_level_random_sample,EXP_20260416_154815
17-1021.00,Cartographers and Photogrammetrists,Learning Strategies,2.88,Skills,17,123,two_level_random_sample,EXP_20260416_154815
17-1021.00,Cartographers and Photogrammetrists,Monitoring,3.12,Skills,17,123,two_level_random_sample,EXP_20260416_154815
17-1021.00,Cartographers and Photogrammetrists,Social Perceptiveness,3.0,Skills,17,123,two_level_random_sample,EXP_20260416_154815
17-1021.00,Cartographers and Photogrammetrists,Coordination,3.0,Skills,17,123,two_level_random_sample,EXP_20260416_154815
17-1021.00,Cartographers and Photogrammetrists,Persuasion,2.38,Skills,17,123,two_level_random_sample,EXP_20260416_154815
17-1021.00,Cartographers and Photogrammetrists,Negotiation,2.38,Skills,17,123,two_level_random_sample,EXP_20260416_154815
17-1021.00,Cartographers and Photogrammetrists,Instructing,2.75,Skills,17,123,two_level_random_sample,EXP_20260416_154815
17-1021.00,Cartographers and Photogrammetrists,Service Orientation,2.75,Skills,17,123,two_level_random_sample,EXP_20260416_154815
17-1021.00,Cartographers and Photogrammetrists,Complex Problem Solving,3.12,Skills,17,123,two_level_random_sample,EXP_20260416_154815
17-1021.00,Cartographers and Photogrammetrists,Operations Analysis,1.62,Skills,17,123,two_level_random_sample,EXP_20260416_154815
17-1021.00,Cartographers and Photogrammetrists,Technology Design,1.62,Skills,17,123,two_level_random_sample,EXP_20260416_154815
17-1021.00,Cartographers and Photogrammetrists,Equipment Selection,1.5,Skills,17,123,two_level_random_sample,EXP_20260416_154815
17-1021.00,Cartographers and Photogrammetrists,Installation,1.0,Skills,17,123,two_level_random_sample,EXP_20260416_154815
17-1021.00,Cartographers and Photogrammetrists,Programming,1.88,Skills,17,123,two_level_random_sample,EXP_20260416_154815
17-1021.00,Cartographers and Photogrammetrists,Operations Monitoring,1.88,Skills,17,123,two_level_random_sample,EXP_20260416_154815
17-1021.00,Cartographers and Photogrammetrists,Operation and Control,1.38,Skills,17,123,two_level_random_sample,EXP_20260416_154815
17-1021.00,Cartographers and Photogrammetrists,Equipment Maintenance,1.38,Skills,17,123,two_level_random_sample,EXP_20260416_154815
17-1021.00,Cartographers and Photogrammetrists,Troubleshooting,1.75,Skills,17,123,two_level_random_sample,EXP_20260416_154815
17-1021.00,Cartographers and Photogrammetrists,Repairing,1.25,Skills,17,123,two_level_random_sample,EXP_20260416_154815
17-1021.00,Cartographers and Photogrammetrists,Quality Control Analysis,2.12,Skills,17,123,two_level_random_sample,EXP_20260416_154815
17-1021.00,Cartographers and Photogrammetrists,Judgment and Decision Making,3.12,Skills,17,123,two_level_random_sample,EXP_20260416_154815
17-1021.00,Cartographers and Photogrammetrists,Systems Analysis,2.88,Skills,17,123,two_level_random_sample,EXP_20260416_154815
17-1021.00,Cartographers and Photogrammetrists,Systems Evaluation,2.75,Skills,17,123,two_level_random_sample,EXP_20260416_154815
17-1021.00,Cartographers and Photogrammetrists,Time Management,3.0,Skills,17,123,two_level_random_sample,EXP_20260416_154815
17-1021.00,Cartographers and Photogrammetrists,Management of Financial Resources,1.62,Skills,17,123,two_level_random_sample,EXP_20260416_154815
17-1021.00,Cartographers and Photogrammetrists,Management of Material Resources,1.62,Skills,17,123,two_level_random_sample,EXP_20260416_154815
17-1021.00,Cartographers and Photogrammetrists,Management of Personnel Resources,2.25,Skills,17,123,two_level_random_sample,EXP_20260416_154815
17-1022.00,Surveyors,Reading Comprehension,3.88,Skills,17,123,two_level_random_sample,EXP_20260416_154815
17-1022.00,Surveyors,Active Listening,3.5,Skills,17,123,two_level_random_sample,EXP_20260416_154815
17-1022.00,Surveyors,Writing,3.75,Skills,17,123,two_level_random_sample,EXP_20260416_154815
17-1022.00,Surveyors,Speaking,3.62,Skills,17,123,two_level_random_sample,EXP_20260416_154815
17-1022.00,Surveyors,Mathematics,4.0,Skills,17,123,two_level_random_sample,EXP_20260416_154815
17-1022.00,Surveyors,Science,2.62,Skills,17,123,two_level_random_sample,EXP_20260416_154815
17-1022.00,Surveyors,Critical Thinking,3.75,Skills,17,123,two_level_random_sample,EXP_20260416_154815
17-1022.00,Surveyors,Active Learning,3.25,Skills,17,123,two_level_random_sample,EXP_20260416_154815
17-1022.00,Surveyors,Learning Strategies,3.12,Skills,17,123,two_level_random_sample,EXP_20260416_154815
17-1022.00,Surveyors,Monitoring,3.0,Skills,17,123,two_level_random_sample,EXP_20260416_154815
17-1022.00,Surveyors,Social Perceptiveness,3.0,Skills,17,123,two_level_random_sample,EXP_20260416_154815
17-1022.00,Surveyors,Coordination,3.5,Skills,17,123,two_level_random_sample,EXP_20260416_154815
17-1022.00,Surveyors,Persuasion,2.5,Skills,17,123,two_level_random_sample,EXP_20260416_154815
17-1022.00,Surveyors,Negotiation,2.5,Skills,17,123,two_level_random_sample,EXP_20260416_154815
17-1022.00,Surveyors,Instructing,3.0,Skills,17,123,two_level_random_sample,EXP_20260416_154815
17-1022.00,Surveyors,Service Orientation,2.75,Skills,17,123,two_level_random_sample,EXP_20260416_154815
17-1022.00,Surveyors,Complex Problem Solving,3.12,Skills,17,123,two_level_random_sample,EXP_20260416_154815
17-1022.00,Surveyors,Operations Analysis,1.88,Skills,17,123,two_level_random_sample,EXP_20260416_154815
17-1022.00,Surveyors,Technology Design,1.62,Skills,17,123,two_level_random_sample,EXP_20260416_154815
17-1022.00,Surveyors,Equipment Selection,2.12,Skills,17,123,two_level_random_sample,EXP_20260416_154815
17-1022.00,Surveyors,Installation,1.0,Skills,17,123,two_level_random_sample,EXP_20260416_154815
17-1022.00,Surveyors,Programming,1.38,Skills,17,123,two_level_random_sample,EXP_20260416_154815
17-1022.00,Surveyors,Operations Monitoring,2.75,Skills,17,123,two_level_random_sample,EXP_20260416_154815
17-1022.00,Surveyors,Operation and Control,2.75,Skills,17,123,two_level_random_sample,EXP_20260416_154815
17-1022.00,Surveyors,Equipment Maintenance,1.88,Skills,17,123,two_level_random_sample,EXP_20260416_154815
17-1022.00,Surveyors,Troubleshooting,1.88,Skills,17,123,two_level_random_sample,EXP_20260416_154815
17-1022.00,Surveyors,Repairing,1.88,Skills,17,123,two_level_random_sample,EXP_20260416_154815
17-1022.00,Surveyors,Quality Control Analysis,2.5,Skills,17,123,two_level_random_sample,EXP_20260416_154815
17-1022.00,Surveyors,Judgment and Decision Making,3.25,Skills,17,123,two_level_random_sample,EXP_20260416_154815
17-1022.00,Surveyors,Systems Analysis,3.0,Skills,17,123,two_level_random_sample,EXP_20260416_154815
17-1022.00,Surveyors,Systems Evaluation,2.75,Skills,17,123,two_level_random_sample,EXP_20260416_154815
17-1022.00,Surveyors,Time Management,3.12,Skills,17,123,two_level_random_sample,EXP_20260416_154815
17-1022.00,Surveyors,Management of Financial Resources,1.75,Skills,17,123,two_level_random_sample,EXP_20260416_154815
17-1022.00,Surveyors,Management of Material Resources,1.88,Skills,17,123,two_level_random_sample,EXP_20260416_154815
17-1022.00,Surveyors,Management of Personnel Resources,2.88,Skills,17,123,two_level_random_sample,EXP_20260416_154815
17-2011.00,Aerospace Engineers,Reading Comprehension,4.0,Skills,17,123,two_level_random_sample,EXP_20260416_154815
17-2011.00,Aerospace Engineers,Active Listening,3.88,Skills,17,123,two_level_random_sample,EXP_20260416_154815
17-2011.00,Aerospace Engineers,Writing,3.88,Skills,17,123,two_level_random_sample,EXP_20260416_154815
17-2011.00,Aerospace Engineers,Speaking,3.88,Skills,17,123,two_level_random_sample,EXP_20260416_154815
17-2011.00,Aerospace Engineers,Mathematics,3.88,Skills,17,123,two_level_random_sample,EXP_20260416_154815
17-2011.00,Aerospace Engineers,Science,4.0,Skills,17,123,two_level_random_sample,EXP_20260416_154815
17-2011.00,Aerospace Engineers,Critical Thinking,4.12,Skills,17,123,two_level_random_sample,EXP_20260416_154815
17-2011.00,Aerospace Engineers,Active Learning,3.62,Skills,17,123,two_level_random_sample,EXP_20260416_154815
17-2011.00,Aerospace Engineers,Learning Strategies,3.38,Skills,17,123,two_level_random_sample,EXP_20260416_154815
17-2011.00,Aerospace Engineers,Monitoring,3.75,Skills,17,123,two_level_random_sample,EXP_20260416_154815
17-2011.00,Aerospace Engineers,Social Perceptiveness,3.0,Skills,17,123,two_level_random_sample,EXP_20260416_154815
17-2011.00,Aerospace Engineers,Coordination,3.25,Skills,17,123,two_level_random_sample,EXP_20260416_154815
17-2011.00,Aerospace Engineers,Persuasion,3.12,Skills,17,123,two_level_random_sample,EXP_20260416_154815
17-2011.00,Aerospace Engineers,Negotiation,3.0,Skills,17,123,two_level_random_sample,EXP_20260416_154815
17-2011.00,Aerospace Engineers,Instructing,3.0,Skills,17,123,two_level_random_sample,EXP_20260416_154815
17-2011.00,Aerospace Engineers,Service Orientation,2.88,Skills,17,123,two_level_random_sample,EXP_20260416_154815
17-2011.00,Aerospace Engineers,Complex Problem Solving,3.88,Skills,17,123,two_level_random_sample,EXP_20260416_154815
17-2011.00,Aerospace Engineers,Operations Analysis,3.88,Skills,17,123,two_level_random_sample,EXP_20260416_154815
17-2011.00,Aerospace Engineers,Technology Design,3.25,Skills,17,123,two_level_random_sample,EXP_20260416_154815
17-2011.00,Aerospace Engineers,Equipment Selection,1.25,Skills,17,123,two_level_random_sample,EXP_20260416_154815
17-2011.00,Aerospace Engineers,Installation,1.0,Skills,17,123,two_level_random_sample,EXP_20260416_154815
17-2011.00,Aerospace Engineers,Programming,2.12,Skills,17,123,two_level_random_sample,EXP_20260416_154815
17-2011.00,Aerospace Engineers,Operations Monitoring,2.88,Skills,17,123,two_level_random_sample,EXP_20260416_154815
17-2011.00,Aerospace Engineers,Operation and Control,1.25,Skills,17,123,two_level_random_sample,EXP_20260416_154815
17-2011.00,Aerospace Engineers,Equipment Maintenance,1.0,Skills,17,123,two_level_random_sample,EXP_20260416_154815
17-2011.00,Aerospace Engineers,Troubleshooting,2.0,Skills,17,123,two_level_random_sample,EXP_20260416_154815
17-2011.00,Aerospace Engineers,Repairing,1.0,Skills,17,123,two_level_random_sample,EXP_20260416_154815
17-2011.00,Aerospace Engineers,Quality Control Analysis,3.25,Skills,17,123,two_level_random_sample,EXP_20260416_154815
17-2011.00,Aerospace Engineers,Judgment and Decision Making,3.75,Skills,17,123,two_level_random_sample,EXP_20260416_154815
17-2011.00,Aerospace Engineers,Systems Analysis,3.38,Skills,17,123,two_level_random_sample,EXP_20260416_154815
17-2011.00,Aerospace Engineers,Systems Evaluation,3.5,Skills,17,123,two_level_random_sample,EXP_20260416_154815
17-2011.00,Aerospace Engineers,Time Management,3.25,Skills,17,123,two_level_random_sample,EXP_20260416_154815
17-2011.00,Aerospace Engineers,Management of Financial Resources,1.88,Skills,17,123,two_level_random_sample,EXP_20260416_154815
17-2011.00,Aerospace Engineers,Management of Material Resources,1.75,Skills,17,123,two_level_random_sample,EXP_20260416_154815
17-2011.00,Aerospace Engineers,Management of Personnel Resources,2.75,Skills,17,123,two_level_random_sample,EXP_20260416_154815
17-2021.00,Agricultural Engineers,Reading Comprehension,4.0,Skills,17,123,two_level_random_sample,EXP_20260416_154815
17-2021.00,Agricultural Engineers,Active Listening,4.0,Skills,17,123,two_level_random_sample,EXP_20260416_154815
17-2021.00,Agricultural Engineers,Writing,4.0,Skills,17,123,two_level_random_sample,EXP_20260416_154815
17-2021.00,Agricultural Engineers,Speaking,4.0,Skills,17,123,two_level_random_sample,EXP_20260416_154815
17-2021.00,Agricultural Engineers,Mathematics,3.75,Skills,17,123,two_level_random_sample,EXP_20260416_154815
17-2021.00,Agricultural Engineers,Science,3.38,Skills,17,123,two_level_random_sample,EXP_20260416_154815
17-2021.00,Agricultural Engineers,Critical Thinking,3.88,Skills,17,123,two_level_random_sample,EXP_20260416_154815
17-2021.00,Agricultural Engineers,Active Learning,3.25,Skills,17,123,two_level_random_sample,EXP_20260416_154815
17-2021.00,Agricultural Engineers,Learning Strategies,2.88,Skills,17,123,two_level_random_sample,EXP_20260416_154815
17-2021.00,Agricultural Engineers,Monitoring,3.25,Skills,17,123,two_level_random_sample,EXP_20260416_154815
17-2021.00,Agricultural Engineers,Social Perceptiveness,3.12,Skills,17,123,two_level_random_sample,EXP_20260416_154815
17-2021.00,Agricultural Engineers,Coordination,3.12,Skills,17,123,two_level_random_sample,EXP_20260416_154815
17-2021.00,Agricultural Engineers,Persuasion,2.88,Skills,17,123,two_level_random_sample,EXP_20260416_154815
17-2021.00,Agricultural Engineers,Negotiation,2.75,Skills,17,123,two_level_random_sample,EXP_20260416_154815
17-2021.00,Agricultural Engineers,Instructing,3.0,Skills,17,123,two_level_random_sample,EXP_20260416_154815
17-2021.00,Agricultural Engineers,Service Orientation,2.75,Skills,17,123,two_level_random_sample,EXP_20260416_154815
17-2021.00,Agricultural Engineers,Complex Problem Solving,3.88,Skills,17,123,two_level_random_sample,EXP_20260416_154815
17-2021.00,Agricultural Engineers,Operations Analysis,3.0,Skills,17,123,two_level_random_sample,EXP_20260416_154815
17-2021.00,Agricultural Engineers,Technology Design,2.75,Skills,17,123,two_level_random_sample,EXP_20260416_154815
17-2021.00,Agricultural Engineers,Equipment Selection,1.88,Skills,17,123,two_level_random_sample,EXP_20260416_154815
17-2021.00,Agricultural Engineers,Installation,1.0,Skills,17,123,two_level_random_sample,EXP_20260416_154815
17-2021.00,Agricultural Engineers,Programming,2.0,Skills,17,123,two_level_random_sample,EXP_20260416_154815
17-2021.00,Agricultural Engineers,Operations Monitoring,3.12,Skills,17,123,two_level_random_sample,EXP_20260416_154815
17-2021.00,Agricultural Engineers,Operation and Control,2.62,Skills,17,123,two_level_random_sample,EXP_20260416_154815
17-2021.00,Agricultural Engineers,Equipment Maintenance,1.88,Skills,17,123,two_level_random_sample,EXP_20260416_154815
17-2021.00,Agricultural Engineers,Troubleshooting,2.12,Skills,17,123,two_level_random_sample,EXP_20260416_154815
17-2021.00,Agricultural Engineers,Repairing,1.88,Skills,17,123,two_level_random_sample,EXP_20260416_154815
17-2021.00,Agricultural Engineers,Quality Control Analysis,2.5,Skills,17,123,two_level_random_sample,EXP_20260416_154815
17-2021.00,Agricultural Engineers,Judgment and Decision Making,3.88,Skills,17,123,two_level_random_sample,EXP_20260416_154815
17-2021.00,Agricultural Engineers,Systems Analysis,3.75,Skills,17,123,two_level_random_sample,EXP_20260416_154815
17-2021.00,Agricultural Engineers,Systems Evaluation,3.88,Skills,17,123,two_level_random_sample,EXP_20260416_154815
17-2021.00,Agricultural Engineers,Time Management,3.0,Skills,17,123,two_level_random_sample,EXP_20260416_154815
17-2021.00,Agricultural Engineers,Management of Financial Resources,2.25,Skills,17,123,two_level_random_sample,EXP_20260416_154815
17-2021.00,Agricultural Engineers,Management of Material Resources,2.0,Skills,17,123,two_level_random_sample,EXP_20260416_154815
17-2021.00,Agricultural Engineers,Management of Personnel Resources,3.0,Skills,17,123,two_level_random_sample,EXP_20260416_154815
17-2111.02,Fire-Prevention and Protection Engineers,Reading Comprehension,4.0,Skills,17,123,two_level_random_sample,EXP_20260416_154815
17-2111.02,Fire-Prevention and Protection Engineers,Active Listening,3.88,Skills,17,123,two_level_random_sample,EXP_20260416_154815
17-2111.02,Fire-Prevention and Protection Engineers,Writing,3.88,Skills,17,123,two_level_random_sample,EXP_20260416_154815
17-2111.02,Fire-Prevention and Protection Engineers,Speaking,4.0,Skills,17,123,two_level_random_sample,EXP_20260416_154815
17-2111.02,Fire-Prevention and Protection Engineers,Mathematics,3.12,Skills,17,123,two_level_random_sample,EXP_20260416_154815
17-2111.02,Fire-Prevention and Protection Engineers,Science,3.62,Skills,17,123,two_level_random_sample,EXP_20260416_154815
17-2111.02,Fire-Prevention and Protection Engineers,Critical Thinking,4.25,Skills,17,123,two_level_random_sample,EXP_20260416_154815
17-2111.02,Fire-Prevention and Protection Engineers,Active Learning,3.88,Skills,17,123,two_level_random_sample,EXP_20260416_154815
17-2111.02,Fire-Prevention and Protection Engineers,Learning Strategies,3.12,Skills,17,123,two_level_random_sample,EXP_20260416_154815
17-2111.02,Fire-Prevention and Protection Engineers,Monitoring,3.12,Skills,17,123,two_level_random_sample,EXP_20260416_154815
17-2111.02,Fire-Prevention and Protection Engineers,Social Perceptiveness,3.12,Skills,17,123,two_level_random_sample,EXP_20260416_154815
17-2111.02,Fire-Prevention and Protection Engineers,Coordination,3.12,Skills,17,123,two_level_random_sample,EXP_20260416_154815
17-2111.02,Fire-Prevention and Protection Engineers,Persuasion,3.12,Skills,17,123,two_level_random_sample,EXP_20260416_154815
17-2111.02,Fire-Prevention and Protection Engineers,Negotiation,3.0,Skills,17,123,two_level_random_sample,EXP_20260416_154815
17-2111.02,Fire-Prevention and Protection Engineers,Instructing,3.12,Skills,17,123,two_level_random_sample,EXP_20260416_154815
17-2111.02,Fire-Prevention and Protection Engineers,Service Orientation,3.0,Skills,17,123,two_level_random_sample,EXP_20260416_154815
17-2111.02,Fire-Prevention and Protection Engineers,Complex Problem Solving,4.0,Skills,17,123,two_level_random_sample,EXP_20260416_154815
17-2111.02,Fire-Prevention and Protection Engineers,Operations Analysis,3.75,Skills,17,123,two_level_random_sample,EXP_20260416_154815
17-2111.02,Fire-Prevention and Protection Engineers,Technology Design,3.0,Skills,17,123,two_level_random_sample,EXP_20260416_154815
17-2111.02,Fire-Prevention and Protection Engineers,Equipment Selection,2.0,Skills,17,123,two_level_random_sample,EXP_20260416_154815
17-2111.02,Fire-Prevention and Protection Engineers,Installation,1.0,Skills,17,123,two_level_random_sample,EXP_20260416_154815
17-2111.02,Fire-Prevention and Protection Engineers,Programming,1.62,Skills,17,123,two_level_random_sample,EXP_20260416_154815
17-2111.02,Fire-Prevention and Protection Engineers,Operations Monitoring,2.88,Skills,17,123,two_level_random_sample,EXP_20260416_154815
17-2111.02,Fire-Prevention and Protection Engineers,Operation and Control,1.75,Skills,17,123,two_level_random_sample,EXP_20260416_154815
17-2111.02,Fire-Prevention and Protection Engineers,Equipment Maintenance,1.0,Skills,17,123,two_level_random_sample,EXP_20260416_154815
17-2111.02,Fire-Prevention and Protection Engineers,Troubleshooting,2.75,Skills,17,123,two_level_random_sample,EXP_20260416_154815
17-2111.02,Fire-Prevention and Protection Engineers,Repairing,1.0,Skills,17,123,two_level_random_sample,EXP_20260416_154815
17-2111.02,Fire-Prevention and Protection Engineers,Quality Control Analysis,3.38,Skills,17,123,two_level_random_sample,EXP_20260416_154815
17-2111.02,Fire-Prevention and Protection Engineers,Judgment and Decision Making,4.0,Skills,17,123,two_level_random_sample,EXP_20260416_154815
17-2111.02,Fire-Prevention and Protection Engineers,Systems Analysis,3.88,Skills,17,123,two_level_random_sample,EXP_20260416_154815
17-2111.02,Fire-Prevention and Protection Engineers,Systems Evaluation,3.88,Skills,17,123,two_level_random_sample,EXP_20260416_154815
17-2111.02,Fire-Prevention and Protection Engineers,Time Management,3.38,Skills,17,123,two_level_random_sample,EXP_20260416_154815
17-2111.02,Fire-Prevention and Protection Engineers,Management of Financial Resources,2.62,Skills,17,123,two_level_random_sample,EXP_20260416_154815
17-2111.02,Fire-Prevention and Protection Engineers,Management of Material Resources,2.75,Skills,17,123,two_level_random_sample,EXP_20260416_154815
17-2111.02,Fire-Prevention and Protection Engineers,Management of Personnel Resources,3.12,Skills,17,123,two_level_random_sample,EXP_20260416_154815
17-2141.00,Mechanical Engineers,Reading Comprehension,3.88,Skills,17,123,two_level_random_sample,EXP_20260416_154815
17-2141.00,Mechanical Engineers,Active Listening,3.88,Skills,17,123,two_level_random_sample,EXP_20260416_154815
17-2141.00,Mechanical Engineers,Writing,3.38,Skills,17,123,two_level_random_sample,EXP_20260416_154815
17-2141.00,Mechanical Engineers,Speaking,3.38,Skills,17,123,two_level_random_sample,EXP_20260416_154815
17-2141.00,Mechanical Engineers,Mathematics,3.75,Skills,17,123,two_level_random_sample,EXP_20260416_154815
17-2141.00,Mechanical Engineers,Science,3.75,Skills,17,123,two_level_random_sample,EXP_20260416_154815
17-2141.00,Mechanical Engineers,Critical Thinking,3.88,Skills,17,123,two_level_random_sample,EXP_20260416_154815
17-2141.00,Mechanical Engineers,Active Learning,3.5,Skills,17,123,two_level_random_sample,EXP_20260416_154815
17-2141.00,Mechanical Engineers,Learning Strategies,2.88,Skills,17,123,two_level_random_sample,EXP_20260416_154815
17-2141.00,Mechanical Engineers,Monitoring,3.25,Skills,17,123,two_level_random_sample,EXP_20260416_154815
17-2141.00,Mechanical Engineers,Social Perceptiveness,2.88,Skills,17,123,two_level_random_sample,EXP_20260416_154815
17-2141.00,Mechanical Engineers,Coordination,3.0,Skills,17,123,two_level_random_sample,EXP_20260416_154815
17-2141.00,Mechanical Engineers,Persuasion,2.75,Skills,17,123,two_level_random_sample,EXP_20260416_154815
17-2141.00,Mechanical Engineers,Negotiation,2.62,Skills,17,123,two_level_random_sample,EXP_20260416_154815
17-2141.00,Mechanical Engineers,Instructing,2.88,Skills,17,123,two_level_random_sample,EXP_20260416_154815
17-2141.00,Mechanical Engineers,Service Orientation,2.88,Skills,17,123,two_level_random_sample,EXP_20260416_154815
17-2141.00,Mechanical Engineers,Complex Problem Solving,3.75,Skills,17,123,two_level_random_sample,EXP_20260416_154815
17-2141.00,Mechanical Engineers,Operations Analysis,3.5,Skills,17,123,two_level_random_sample,EXP_20260416_154815
17-2141.00,Mechanical Engineers,Technology Design,3.12,Skills,17,123,two_level_random_sample,EXP_20260416_154815
17-2141.00,Mechanical Engineers,Equipment Selection,2.25,Skills,17,123,two_level_random_sample,EXP_20260416_154815
17-2141.00,Mechanical Engineers,Installation,2.0,Skills,17,123,two_level_random_sample,EXP_20260416_154815
17-2141.00,Mechanical Engineers,Programming,2.38,Skills,17,123,two_level_random_sample,EXP_20260416_154815
17-2141.00,Mechanical Engineers,Operations Monitoring,3.12,Skills,17,123,two_level_random_sample,EXP_20260416_154815
17-2141.00,Mechanical Engineers,Operation and Control,2.75,Skills,17,123,two_level_random_sample,EXP_20260416_154815
17-2141.00,Mechanical Engineers,Equipment Maintenance,2.12,Skills,17,123,two_level_random_sample,EXP_20260416_154815
17-2141.00,Mechanical Engineers,Troubleshooting,2.88,Skills,17,123,two_level_random_sample,EXP_20260416_154815
17-2141.00,Mechanical Engineers,Repairing,1.88,Skills,17,123,two_level_random_sample,EXP_20260416_154815
17-2141.00,Mechanical Engineers,Quality Control Analysis,3.12,Skills,17,123,two_level_random_sample,EXP_20260416_154815
17-2141.00,Mechanical Engineers,Judgment and Decision Making,3.75,Skills,17,123,two_level_random_sample,EXP_20260416_154815
17-2141.00,Mechanical Engineers,Systems Analysis,3.38,Skills,17,123,two_level_random_sample,EXP_20260416_154815
17-2141.00,Mechanical Engineers,Systems Evaluation,3.38,Skills,17,123,two_level_random_sample,EXP_20260416_154815
17-2141.00,Mechanical Engineers,Time Management,3.0,Skills,17,123,two_level_random_sample,EXP_20260416_154815
17-2141.00,Mechanical Engineers,Management of Financial Resources,2.5,Skills,17,123,two_level_random_sample,EXP_20260416_154815
17-2141.00,Mechanical Engineers,Management of Material Resources,2.38,Skills,17,123,two_level_random_sample,EXP_20260416_154815
17-2141.00,Mechanical Engineers,Management of Personnel Resources,2.88,Skills,17,123,two_level_random_sample,EXP_20260416_154815
17-2141.02,Automotive Engineers,Reading Comprehension,4.0,Skills,17,123,two_level_random_sample,EXP_20260416_154815
17-2141.02,Automotive Engineers,Active Listening,3.75,Skills,17,123,two_level_random_sample,EXP_20260416_154815
17-2141.02,Automotive Engineers,Writing,3.88,Skills,17,123,two_level_random_sample,EXP_20260416_154815
17-2141.02,Automotive Engineers,Speaking,3.88,Skills,17,123,two_level_random_sample,EXP_20260416_154815
17-2141.02,Automotive Engineers,Mathematics,3.88,Skills,17,123,two_level_random_sample,EXP_20260416_154815
17-2141.02,Automotive Engineers,Science,3.25,Skills,17,123,two_level_random_sample,EXP_20260416_154815
17-2141.02,Automotive Engineers,Critical Thinking,4.12,Skills,17,123,two_level_random_sample,EXP_20260416_154815
17-2141.02,Automotive Engineers,Active Learning,3.38,Skills,17,123,two_level_random_sample,EXP_20260416_154815
17-2141.02,Automotive Engineers,Learning Strategies,2.88,Skills,17,123,two_level_random_sample,EXP_20260416_154815
17-2141.02,Automotive Engineers,Monitoring,3.12,Skills,17,123,two_level_random_sample,EXP_20260416_154815
17-2141.02,Automotive Engineers,Social Perceptiveness,3.0,Skills,17,123,two_level_random_sample,EXP_20260416_154815
17-2141.02,Automotive Engineers,Coordination,3.5,Skills,17,123,two_level_random_sample,EXP_20260416_154815
17-2141.02,Automotive Engineers,Persuasion,3.12,Skills,17,123,two_level_random_sample,EXP_20260416_154815
17-2141.02,Automotive Engineers,Negotiation,3.0,Skills,17,123,two_level_random_sample,EXP_20260416_154815
17-2141.02,Automotive Engineers,Instructing,3.0,Skills,17,123,two_level_random_sample,EXP_20260416_154815
17-2141.02,Automotive Engineers,Service Orientation,2.88,Skills,17,123,two_level_random_sample,EXP_20260416_154815
17-2141.02,Automotive Engineers,Complex Problem Solving,4.12,Skills,17,123,two_level_random_sample,EXP_20260416_154815
17-2141.02,Automotive Engineers,Operations Analysis,3.75,Skills,17,123,two_level_random_sample,EXP_20260416_154815
17-2141.02,Automotive Engineers,Technology Design,3.12,Skills,17,123,two_level_random_sample,EXP_20260416_154815
17-2141.02,Automotive Engineers,Equipment Selection,1.88,Skills,17,123,two_level_random_sample,EXP_20260416_154815
17-2141.02,Automotive Engineers,Installation,1.0,Skills,17,123,two_level_random_sample,EXP_20260416_154815
17-2141.02,Automotive Engineers,Programming,2.75,Skills,17,123,two_level_random_sample,EXP_20260416_154815
17-2141.02,Automotive Engineers,Operations Monitoring,2.88,Skills,17,123,two_level_random_sample,EXP_20260416_154815
17-2141.02,Automotive Engineers,Operation and Control,2.12,Skills,17,123,two_level_random_sample,EXP_20260416_154815
17-2141.02,Automotive Engineers,Equipment Maintenance,1.0,Skills,17,123,two_level_random_sample,EXP_20260416_154815
17-2141.02,Automotive Engineers,Troubleshooting,2.0,Skills,17,123,two_level_random_sample,EXP_20260416_154815
17-2141.02,Automotive Engineers,Repairing,1.0,Skills,17,123,two_level_random_sample,EXP_20260416_154815
17-2141.02,Automotive Engineers,Quality Control Analysis,3.0,Skills,17,123,two_level_random_sample,EXP_20260416_154815
17-2141.02,Automotive Engineers,Judgment and Decision Making,3.88,Skills,17,123,two_level_random_sample,EXP_20260416_154815
17-2141.02,Automotive Engineers,Systems Analysis,3.75,Skills,17,123,two_level_random_sample,EXP_20260416_154815
17-2141.02,Automotive Engineers,Systems Evaluation,3.75,Skills,17,123,two_level_random_sample,EXP_20260416_154815
17-2141.02,Automotive Engineers,Time Management,3.25,Skills,17,123,two_level_random_sample,EXP_20260416_154815
17-2141.02,Automotive Engineers,Management of Financial Resources,2.0,Skills,17,123,two_level_random_sample,EXP_20260416_154815
17-2141.02,Automotive Engineers,Management of Material Resources,2.0,Skills,17,123,two_level_random_sample,EXP_20260416_154815
17-2141.02,Automotive Engineers,Management of Personnel Resources,3.0,Skills,17,123,two_level_random_sample,EXP_20260416_154815
17-3029.08,Photonics Technicians,Reading Comprehension,3.5,Skills,17,123,two_level_random_sample,EXP_20260416_154815
17-3029.08,Photonics Technicians,Active Listening,3.38,Skills,17,123,two_level_random_sample,EXP_20260416_154815
17-3029.08,Photonics Technicians,Writing,3.12,Skills,17,123,two_level_random_sample,EXP_20260416_154815
17-3029.08,Photonics Technicians,Speaking,3.12,Skills,17,123,two_level_random_sample,EXP_20260416_154815
17-3029.08,Photonics Technicians,Mathematics,2.75,Skills,17,123,two_level_random_sample,EXP_20260416_154815
17-3029.08,Photonics Technicians,Science,2.5,Skills,17,123,two_level_random_sample,EXP_20260416_154815
17-3029.08,Photonics Technicians,Critical Thinking,3.38,Skills,17,123,two_level_random_sample,EXP_20260416_154815
17-3029.08,Photonics Technicians,Active Learning,3.25,Skills,17,123,two_level_random_sample,EXP_20260416_154815
17-3029.08,Photonics Technicians,Learning Strategies,2.75,Skills,17,123,two_level_random_sample,EXP_20260416_154815
17-3029.08,Photonics Technicians,Monitoring,3.25,Skills,17,123,two_level_random_sample,EXP_20260416_154815
17-3029.08,Photonics Technicians,Social Perceptiveness,2.75,Skills,17,123,two_level_random_sample,EXP_20260416_154815
17-3029.08,Photonics Technicians,Coordination,3.0,Skills,17,123,two_level_random_sample,EXP_20260416_154815
17-3029.08,Photonics Technicians,Persuasion,2.12,Skills,17,123,two_level_random_sample,EXP_20260416_154815
17-3029.08,Photonics Technicians,Negotiation,2.0,Skills,17,123,two_level_random_sample,EXP_20260416_154815
17-3029.08,Photonics Technicians,Instructing,2.62,Skills,17,123,two_level_random_sample,EXP_20260416_154815
17-3029.08,Photonics Technicians,Service Orientation,2.38,Skills,17,123,two_level_random_sample,EXP_20260416_154815
17-3029.08,Photonics Technicians,Complex Problem Solving,3.12,Skills,17,123,two_level_random_sample,EXP_20260416_154815
17-3029.08,Photonics Technicians,Operations Analysis,1.88,Skills,17,123,two_level_random_sample,EXP_20260416_154815
17-3029.08,Photonics Technicians,Technology Design,2.25,Skills,17,123,two_level_random_sample,EXP_20260416_154815
17-3029.08,Photonics Technicians,Equipment Selection,2.75,Skills,17,123,two_level_random_sample,EXP_20260416_154815
17-3029.08,Photonics Technicians,Installation,2.88,Skills,17,123,two_level_random_sample,EXP_20260416_154815
17-3029.08,Photonics Technicians,Programming,2.12,Skills,17,123,two_level_random_sample,EXP_20260416_154815
17-3029.08,Photonics Technicians,Operations Monitoring,3.38,Skills,17,123,two_level_random_sample,EXP_20260416_154815
17-3029.08,Photonics Technicians,Operation and Control,2.88,Skills,17,123,two_level_random_sample,EXP_20260416_154815
17-3029.08,Photonics Technicians,Equipment Maintenance,3.25,Skills,17,123,two_level_random_sample,EXP_20260416_154815
17-3029.08,Photonics Technicians,Troubleshooting,3.12,Skills,17,123,two_level_random_sample,EXP_20260416_154815
17-3029.08,Photonics Technicians,Repairing,3.0,Skills,17,123,two_level_random_sample,EXP_20260416_154815
17-3029.08,Photonics Technicians,Quality Control Analysis,3.38,Skills,17,123,two_level_random_sample,EXP_20260416_154815
17-3029.08,Photonics Technicians,Judgment and Decision Making,3.0,Skills,17,123,two_level_random_sample,EXP_20260416_154815
17-3029.08,Photonics Technicians,Systems Analysis,2.88,Skills,17,123,two_level_random_sample,EXP_20260416_154815
17-3029.08,Photonics Technicians,Systems Evaluation,2.88,Skills,17,123,two_level_random_sample,EXP_20260416_154815
17-3029.08,Photonics Technicians,Time Management,3.0,Skills,17,123,two_level_random_sample,EXP_20260416_154815
17-3029.08,Photonics Technicians,Management of Financial Resources,2.0,Skills,17,123,two_level_random_sample,EXP_20260416_154815
17-3029.08,Photonics Technicians,Management of Material Resources,2.12,Skills,17,123,two_level_random_sample,EXP_20260416_154815
17-3029.08,Photonics Technicians,Management of Personnel Resources,2.25,Skills,17,123,two_level_random_sample,EXP_20260416_154815
27-1013.00,"Fine Artists, Including Painters, Sculptors, and Illustrators",Reading Comprehension,3.0,Skills,27,123,two_level_random_sample,EXP_20260416_154815
27-1013.00,"Fine Artists, Including Painters, Sculptors, and Illustrators",Active Listening,3.12,Skills,27,123,two_level_random_sample,EXP_20260416_154815
27-1013.00,"Fine Artists, Including Painters, Sculptors, and Illustrators",Writing,2.88,Skills,27,123,two_level_random_sample,EXP_20260416_154815
27-1013.00,"Fine Artists, Including Painters, Sculptors, and Illustrators",Speaking,3.0,Skills,27,123,two_level_random_sample,EXP_20260416_154815
27-1013.00,"Fine Artists, Including Painters, Sculptors, and Illustrators",Mathematics,2.12,Skills,27,123,two_level_random_sample,EXP_20260416_154815
27-1013.00,"Fine Artists, Including Painters, Sculptors, and Illustrators",Science,1.0,Skills,27,123,two_level_random_sample,EXP_20260416_154815
27-1013.00,"Fine Artists, Including Painters, Sculptors, and Illustrators",Critical Thinking,3.25,Skills,27,123,two_level_random_sample,EXP_20260416_154815
27-1013.00,"Fine Artists, Including Painters, Sculptors, and Illustrators",Active Learning,3.25,Skills,27,123,two_level_random_sample,EXP_20260416_154815
27-1013.00,"Fine Artists, Including Painters, Sculptors, and Illustrators",Learning Strategies,2.38,Skills,27,123,two_level_random_sample,EXP_20260416_154815
27-1013.00,"Fine Artists, Including Painters, Sculptors, and Illustrators",Monitoring,2.75,Skills,27,123,two_level_random_sample,EXP_20260416_154815
27-1013.00,"Fine Artists, Including Painters, Sculptors, and Illustrators",Social Perceptiveness,2.88,Skills,27,123,two_level_random_sample,EXP_20260416_154815
27-1013.00,"Fine Artists, Including Painters, Sculptors, and Illustrators",Coordination,2.5,Skills,27,123,two_level_random_sample,EXP_20260416_154815
27-1013.00,"Fine Artists, Including Painters, Sculptors, and Illustrators",Persuasion,2.38,Skills,27,123,two_level_random_sample,EXP_20260416_154815
27-1013.00,"Fine Artists, Including Painters, Sculptors, and Illustrators",Negotiation,2.0,Skills,27,123,two_level_random_sample,EXP_20260416_154815
27-1013.00,"Fine Artists, Including Painters, Sculptors, and Illustrators",Instructing,1.75,Skills,27,123,two_level_random_sample,EXP_20260416_154815
27-1013.00,"Fine Artists, Including Painters, Sculptors, and Illustrators",Service Orientation,2.5,Skills,27,123,two_level_random_sample,EXP_20260416_154815
27-1013.00,"Fine Artists, Including Painters, Sculptors, and Illustrators",Complex Problem Solving,2.88,Skills,27,123,two_level_random_sample,EXP_20260416_154815
27-1013.00,"Fine Artists, Including Painters, Sculptors, and Illustrators",Operations Analysis,2.62,Skills,27,123,two_level_random_sample,EXP_20260416_154815
27-1013.00,"Fine Artists, Including Painters, Sculptors, and Illustrators",Technology Design,1.62,Skills,27,123,two_level_random_sample,EXP_20260416_154815
27-1013.00,"Fine Artists, Including Painters, Sculptors, and Illustrators",Equipment Selection,2.0,Skills,27,123,two_level_random_sample,EXP_20260416_154815
27-1013.00,"Fine Artists, Including Painters, Sculptors, and Illustrators",Installation,1.0,Skills,27,123,two_level_random_sample,EXP_20260416_154815
27-1013.00,"Fine Artists, Including Painters, Sculptors, and Illustrators",Programming,1.62,Skills,27,123,two_level_random_sample,EXP_20260416_154815
27-1013.00,"Fine Artists, Including Painters, Sculptors, and Illustrators",Operations Monitoring,2.38,Skills,27,123,two_level_random_sample,EXP_20260416_154815
27-1013.00,"Fine Artists, Including Painters, Sculptors, and Illustrators",Operation and Control,2.12,Skills,27,123,two_level_random_sample,EXP_20260416_154815
27-1013.00,"Fine Artists, Including Painters, Sculptors, and Illustrators",Equipment Maintenance,1.0,Skills,27,123,two_level_random_sample,EXP_20260416_154815
27-1013.00,"Fine Artists, Including Painters, Sculptors, and Illustrators",Troubleshooting,1.88,Skills,27,123,two_level_random_sample,EXP_20260416_154815
27-1013.00,"Fine Artists, Including Painters, Sculptors, and Illustrators",Repairing,1.0,Skills,27,123,two_level_random_sample,EXP_20260416_154815
27-1013.00,"Fine Artists, Including Painters, Sculptors, and Illustrators",Quality Control Analysis,2.38,Skills,27,123,two_level_random_sample,EXP_20260416_154815
27-1013.00,"Fine Artists, Including Painters, Sculptors, and Illustrators",Judgment and Decision Making,3.0,Skills,27,123,two_level_random_sample,EXP_20260416_154815
27-1013.00,"Fine Artists, Including Painters, Sculptors, and Illustrators",Systems Analysis,2.25,Skills,27,123,two_level_random_sample,EXP_20260416_154815
27-1013.00,"Fine Artists, Including Painters, Sculptors, and Illustrators",Systems Evaluation,2.12,Skills,27,123,two_level_random_sample,EXP_20260416_154815
27-1013.00,"Fine Artists, Including Painters, Sculptors, and Illustrators",Time Management,2.88,Skills,27,123,two_level_random_sample,EXP_20260416_154815
27-1013.00,"Fine Artists, Including Painters, Sculptors, and Illustrators",Management of Financial Resources,2.0,Skills,27,123,two_level_random_sample,EXP_20260416_154815
27-1013.00,"Fine Artists, Including Painters, Sculptors, and Illustrators",Management of Material Resources,1.88,Skills,27,123,two_level_random_sample,EXP_20260416_154815
27-1013.00,"Fine Artists, Including Painters, Sculptors, and Illustrators",Management of Personnel Resources,1.75,Skills,27,123,two_level_random_sample,EXP_20260416_154815
27-1014.00,Special Effects Artists and Animators,Reading Comprehension,3.75,Skills,27,123,two_level_random_sample,EXP_20260416_154815
27-1014.00,Special Effects Artists and Animators,Active Listening,3.88,Skills,27,123,two_level_random_sample,EXP_20260416_154815
27-1014.00,Special Effects Artists and Animators,Writing,3.12,Skills,27,123,two_level_random_sample,EXP_20260416_154815
27-1014.00,Special Effects Artists and Animators,Speaking,3.25,Skills,27,123,two_level_random_sample,EXP_20260416_154815
27-1014.00,Special Effects Artists and Animators,Mathematics,2.12,Skills,27,123,two_level_random_sample,EXP_20260416_154815
27-1014.00,Special Effects Artists and Animators,Science,1.12,Skills,27,123,two_level_random_sample,EXP_20260416_154815
27-1014.00,Special Effects Artists and Animators,Critical Thinking,3.75,Skills,27,123,two_level_random_sample,EXP_20260416_154815
27-1014.00,Special Effects Artists and Animators,Active Learning,3.12,Skills,27,123,two_level_random_sample,EXP_20260416_154815
27-1014.00,Special Effects Artists and Animators,Learning Strategies,2.88,Skills,27,123,two_level_random_sample,EXP_20260416_154815
27-1014.00,Special Effects Artists and Animators,Monitoring,3.0,Skills,27,123,two_level_random_sample,EXP_20260416_154815
27-1014.00,Special Effects Artists and Animators,Social Perceptiveness,2.88,Skills,27,123,two_level_random_sample,EXP_20260416_154815
27-1014.00,Special Effects Artists and Animators,Coordination,2.88,Skills,27,123,two_level_random_sample,EXP_20260416_154815
27-1014.00,Special Effects Artists and Animators,Persuasion,2.88,Skills,27,123,two_level_random_sample,EXP_20260416_154815
27-1014.00,Special Effects Artists and Animators,Negotiation,2.62,Skills,27,123,two_level_random_sample,EXP_20260416_154815
27-1014.00,Special Effects Artists and Animators,Instructing,2.75,Skills,27,123,two_level_random_sample,EXP_20260416_154815
27-1014.00,Special Effects Artists and Animators,Service Orientation,2.75,Skills,27,123,two_level_random_sample,EXP_20260416_154815
27-1014.00,Special Effects Artists and Animators,Complex Problem Solving,3.0,Skills,27,123,two_level_random_sample,EXP_20260416_154815
27-1014.00,Special Effects Artists and Animators,Operations Analysis,2.12,Skills,27,123,two_level_random_sample,EXP_20260416_154815
27-1014.00,Special Effects Artists and Animators,Technology Design,1.88,Skills,27,123,two_level_random_sample,EXP_20260416_154815
27-1014.00,Special Effects Artists and Animators,Equipment Selection,1.88,Skills,27,123,two_level_random_sample,EXP_20260416_154815
27-1014.00,Special Effects Artists and Animators,Installation,1.0,Skills,27,123,two_level_random_sample,EXP_20260416_154815
27-1014.00,Special Effects Artists and Animators,Programming,2.12,Skills,27,123,two_level_random_sample,EXP_20260416_154815
27-1014.00,Special Effects Artists and Animators,Operations Monitoring,2.0,Skills,27,123,two_level_random_sample,EXP_20260416_154815
27-1014.00,Special Effects Artists and Animators,Operation and Control,2.25,Skills,27,123,two_level_random_sample,EXP_20260416_154815
27-1014.00,Special Effects Artists and Animators,Equipment Maintenance,1.0,Skills,27,123,two_level_random_sample,EXP_20260416_154815
27-1014.00,Special Effects Artists and Animators,Troubleshooting,1.12,Skills,27,123,two_level_random_sample,EXP_20260416_154815
27-1014.00,Special Effects Artists and Animators,Repairing,1.0,Skills,27,123,two_level_random_sample,EXP_20260416_154815
27-1014.00,Special Effects Artists and Animators,Quality Control Analysis,1.75,Skills,27,123,two_level_random_sample,EXP_20260416_154815
27-1014.00,Special Effects Artists and Animators,Judgment and Decision Making,3.12,Skills,27,123,two_level_random_sample,EXP_20260416_154815
27-1014.00,Special Effects Artists and Animators,Systems Analysis,2.88,Skills,27,123,two_level_random_sample,EXP_20260416_154815
27-1014.00,Special Effects Artists and Animators,Systems Evaluation,2.75,Skills,27,123,two_level_random_sample,EXP_20260416_154815
27-1014.00,Special Effects Artists and Animators,Time Management,3.0,Skills,27,123,two_level_random_sample,EXP_20260416_154815
27-1014.00,Special Effects Artists and Animators,Management of Financial Resources,1.88,Skills,27,123,two_level_random_sample,EXP_20260416_154815
27-1014.00,Special Effects Artists and Animators,Management of Material Resources,1.88,Skills,27,123,two_level_random_sample,EXP_20260416_154815
27-1014.00,Special Effects Artists and Animators,Management of Personnel Resources,2.38,Skills,27,123,two_level_random_sample,EXP_20260416_154815
27-1022.00,Fashion Designers,Reading Comprehension,3.62,Skills,27,123,two_level_random_sample,EXP_20260416_154815
27-1022.00,Fashion Designers,Active Listening,3.88,Skills,27,123,two_level_random_sample,EXP_20260416_154815
27-1022.00,Fashion Designers,Writing,3.38,Skills,27,123,two_level_random_sample,EXP_20260416_154815
27-1022.00,Fashion Designers,Speaking,3.88,Skills,27,123,two_level_random_sample,EXP_20260416_154815
27-1022.00,Fashion Designers,Mathematics,2.12,Skills,27,123,two_level_random_sample,EXP_20260416_154815
27-1022.00,Fashion Designers,Science,1.12,Skills,27,123,two_level_random_sample,EXP_20260416_154815
27-1022.00,Fashion Designers,Critical Thinking,3.88,Skills,27,123,two_level_random_sample,EXP_20260416_154815
27-1022.00,Fashion Designers,Active Learning,3.75,Skills,27,123,two_level_random_sample,EXP_20260416_154815
27-1022.00,Fashion Designers,Learning Strategies,3.12,Skills,27,123,two_level_random_sample,EXP_20260416_154815
27-1022.00,Fashion Designers,Monitoring,3.5,Skills,27,123,two_level_random_sample,EXP_20260416_154815
27-1022.00,Fashion Designers,Social Perceptiveness,3.75,Skills,27,123,two_level_random_sample,EXP_20260416_154815
27-1022.00,Fashion Designers,Coordination,3.75,Skills,27,123,two_level_random_sample,EXP_20260416_154815
27-1022.00,Fashion Designers,Persuasion,3.62,Skills,27,123,two_level_random_sample,EXP_20260416_154815
27-1022.00,Fashion Designers,Negotiation,3.62,Skills,27,123,two_level_random_sample,EXP_20260416_154815
27-1022.00,Fashion Designers,Instructing,3.5,Skills,27,123,two_level_random_sample,EXP_20260416_154815
27-1022.00,Fashion Designers,Service Orientation,3.5,Skills,27,123,two_level_random_sample,EXP_20260416_154815
27-1022.00,Fashion Designers,Complex Problem Solving,3.62,Skills,27,123,two_level_random_sample,EXP_20260416_154815
27-1022.00,Fashion Designers,Operations Analysis,3.25,Skills,27,123,two_level_random_sample,EXP_20260416_154815
27-1022.00,Fashion Designers,Technology Design,1.75,Skills,27,123,two_level_random_sample,EXP_20260416_154815
27-1022.00,Fashion Designers,Equipment Selection,1.5,Skills,27,123,two_level_random_sample,EXP_20260416_154815
27-1022.00,Fashion Designers,Installation,1.0,Skills,27,123,two_level_random_sample,EXP_20260416_154815
27-1022.00,Fashion Designers,Programming,1.38,Skills,27,123,two_level_random_sample,EXP_20260416_154815
27-1022.00,Fashion Designers,Operations Monitoring,2.12,Skills,27,123,two_level_random_sample,EXP_20260416_154815
27-1022.00,Fashion Designers,Operation and Control,1.0,Skills,27,123,two_level_random_sample,EXP_20260416_154815
27-1022.00,Fashion Designers,Equipment Maintenance,1.0,Skills,27,123,two_level_random_sample,EXP_20260416_154815
27-1022.00,Fashion Designers,Troubleshooting,1.75,Skills,27,123,two_level_random_sample,EXP_20260416_154815
27-1022.00,Fashion Designers,Repairing,1.0,Skills,27,123,two_level_random_sample,EXP_20260416_154815
27-1022.00,Fashion Designers,Quality Control Analysis,2.38,Skills,27,123,two_level_random_sample,EXP_20260416_154815
27-1022.00,Fashion Designers,Judgment and Decision Making,3.75,Skills,27,123,two_level_random_sample,EXP_20260416_154815
27-1022.00,Fashion Designers,Systems Analysis,3.0,Skills,27,123,two_level_random_sample,EXP_20260416_154815
27-1022.00,Fashion Designers,Systems Evaluation,2.88,Skills,27,123,two_level_random_sample,EXP_20260416_154815
27-1022.00,Fashion Designers,Time Management,3.75,Skills,27,123,two_level_random_sample,EXP_20260416_154815
27-1022.00,Fashion Designers,Management of Financial Resources,2.62,Skills,27,123,two_level_random_sample,EXP_20260416_154815
27-1022.00,Fashion Designers,Management of Material Resources,2.75,Skills,27,123,two_level_random_sample,EXP_20260416_154815
27-1022.00,Fashion Designers,Management of Personnel Resources,3.5,Skills,27,123,two_level_random_sample,EXP_20260416_154815
27-1023.00,Floral Designers,Reading Comprehension,2.88,Skills,27,123,two_level_random_sample,EXP_20260416_154815
27-1023.00,Floral Designers,Active Listening,4.0,Skills,27,123,two_level_random_sample,EXP_20260416_154815
27-1023.00,Floral Designers,Writing,2.5,Skills,27,123,two_level_random_sample,EXP_20260416_154815
27-1023.00,Floral Designers,Speaking,3.88,Skills,27,123,two_level_random_sample,EXP_20260416_154815
27-1023.00,Floral Designers,Mathematics,2.25,Skills,27,123,two_level_random_sample,EXP_20260416_154815
27-1023.00,Floral Designers,Science,1.25,Skills,27,123,two_level_random_sample,EXP_20260416_154815
27-1023.00,Floral Designers,Critical Thinking,3.25,Skills,27,123,two_level_random_sample,EXP_20260416_154815
27-1023.00,Floral Designers,Active Learning,3.0,Skills,27,123,two_level_random_sample,EXP_20260416_154815
27-1023.00,Floral Designers,Learning Strategies,2.25,Skills,27,123,two_level_random_sample,EXP_20260416_154815
27-1023.00,Floral Designers,Monitoring,3.0,Skills,27,123,two_level_random_sample,EXP_20260416_154815
27-1023.00,Floral Designers,Social Perceptiveness,3.38,Skills,27,123,two_level_random_sample,EXP_20260416_154815
27-1023.00,Floral Designers,Coordination,2.88,Skills,27,123,two_level_random_sample,EXP_20260416_154815
27-1023.00,Floral Designers,Persuasion,2.88,Skills,27,123,two_level_random_sample,EXP_20260416_154815
27-1023.00,Floral Designers,Negotiation,2.38,Skills,27,123,two_level_random_sample,EXP_20260416_154815
27-1023.00,Floral Designers,Instructing,2.25,Skills,27,123,two_level_random_sample,EXP_20260416_154815
27-1023.00,Floral Designers,Service Orientation,3.38,Skills,27,123,two_level_random_sample,EXP_20260416_154815
27-1023.00,Floral Designers,Complex Problem Solving,2.75,Skills,27,123,two_level_random_sample,EXP_20260416_154815
27-1023.00,Floral Designers,Operations Analysis,3.0,Skills,27,123,two_level_random_sample,EXP_20260416_154815
27-1023.00,Floral Designers,Technology Design,1.5,Skills,27,123,two_level_random_sample,EXP_20260416_154815
27-1023.00,Floral Designers,Equipment Selection,1.62,Skills,27,123,two_level_random_sample,EXP_20260416_154815
27-1023.00,Floral Designers,Installation,1.0,Skills,27,123,two_level_random_sample,EXP_20260416_154815
27-1023.00,Floral Designers,Programming,1.38,Skills,27,123,two_level_random_sample,EXP_20260416_154815
27-1023.00,Floral Designers,Operations Monitoring,1.25,Skills,27,123,two_level_random_sample,EXP_20260416_154815
27-1023.00,Floral Designers,Operation and Control,1.38,Skills,27,123,two_level_random_sample,EXP_20260416_154815
27-1023.00,Floral Designers,Equipment Maintenance,1.0,Skills,27,123,two_level_random_sample,EXP_20260416_154815
27-1023.00,Floral Designers,Troubleshooting,1.0,Skills,27,123,two_level_random_sample,EXP_20260416_154815
27-1023.00,Floral Designers,Repairing,1.0,Skills,27,123,two_level_random_sample,EXP_20260416_154815
27-1023.00,Floral Designers,Quality Control Analysis,2.0,Skills,27,123,two_level_random_sample,EXP_20260416_154815
27-1023.00,Floral Designers,Judgment and Decision Making,3.12,Skills,27,123,two_level_random_sample,EXP_20260416_154815
27-1023.00,Floral Designers,Systems Analysis,2.0,Skills,27,123,two_level_random_sample,EXP_20260416_154815
27-1023.00,Floral Designers,Systems Evaluation,2.0,Skills,27,123,two_level_random_sample,EXP_20260416_154815
27-1023.00,Floral Designers,Time Management,3.25,Skills,27,123,two_level_random_sample,EXP_20260416_154815
27-1023.00,Floral Designers,Management of Financial Resources,2.0,Skills,27,123,two_level_random_sample,EXP_20260416_154815
27-1023.00,Floral Designers,Management of Material Resources,2.75,Skills,27,123,two_level_random_sample,EXP_20260416_154815
27-1023.00,Floral Designers,Management of Personnel Resources,2.12,Skills,27,123,two_level_random_sample,EXP_20260416_154815
27-2012.00,Producers and Directors,Reading Comprehension,4.0,Skills,27,123,two_level_random_sample,EXP_20260416_154815
27-2012.00,Producers and Directors,Active Listening,4.38,Skills,27,123,two_level_random_sample,EXP_20260416_154815
27-2012.00,Producers and Directors,Writing,3.75,Skills,27,123,two_level_random_sample,EXP_20260416_154815
27-2012.00,Producers and Directors,Speaking,4.0,Skills,27,123,two_level_random_sample,EXP_20260416_154815
27-2012.00,Producers and Directors,Mathematics,2.5,Skills,27,123,two_level_random_sample,EXP_20260416_154815
27-2012.00,Producers and Directors,Science,1.12,Skills,27,123,two_level_random_sample,EXP_20260416_154815
27-2012.00,Producers and Directors,Critical Thinking,4.0,Skills,27,123,two_level_random_sample,EXP_20260416_154815
27-2012.00,Producers and Directors,Active Learning,3.25,Skills,27,123,two_level_random_sample,EXP_20260416_154815
27-2012.00,Producers and Directors,Learning Strategies,3.12,Skills,27,123,two_level_random_sample,EXP_20260416_154815
27-2012.00,Producers and Directors,Monitoring,4.0,Skills,27,123,two_level_random_sample,EXP_20260416_154815
27-2012.00,Producers and Directors,Social Perceptiveness,3.88,Skills,27,123,two_level_random_sample,EXP_20260416_154815
27-2012.00,Producers and Directors,Coordination,3.88,Skills,27,123,two_level_random_sample,EXP_20260416_154815
27-2012.00,Producers and Directors,Persuasion,3.0,Skills,27,123,two_level_random_sample,EXP_20260416_154815
27-2012.00,Producers and Directors,Negotiation,3.25,Skills,27,123,two_level_random_sample,EXP_20260416_154815
27-2012.00,Producers and Directors,Instructing,2.88,Skills,27,123,two_level_random_sample,EXP_20260416_154815
27-2012.00,Producers and Directors,Service Orientation,3.0,Skills,27,123,two_level_random_sample,EXP_20260416_154815
27-2012.00,Producers and Directors,Complex Problem Solving,3.38,Skills,27,123,two_level_random_sample,EXP_20260416_154815
27-2012.00,Producers and Directors,Operations Analysis,2.12,Skills,27,123,two_level_random_sample,EXP_20260416_154815
27-2012.00,Producers and Directors,Technology Design,2.0,Skills,27,123,two_level_random_sample,EXP_20260416_154815
27-2012.00,Producers and Directors,Equipment Selection,1.75,Skills,27,123,two_level_random_sample,EXP_20260416_154815
27-2012.00,Producers and Directors,Installation,1.0,Skills,27,123,two_level_random_sample,EXP_20260416_154815
27-2012.00,Producers and Directors,Programming,1.75,Skills,27,123,two_level_random_sample,EXP_20260416_154815
27-2012.00,Producers and Directors,Operations Monitoring,2.25,Skills,27,123,two_level_random_sample,EXP_20260416_154815
27-2012.00,Producers and Directors,Operation and Control,1.88,Skills,27,123,two_level_random_sample,EXP_20260416_154815
27-2012.00,Producers and Directors,Equipment Maintenance,1.0,Skills,27,123,two_level_random_sample,EXP_20260416_154815
27-2012.00,Producers and Directors,Troubleshooting,1.75,Skills,27,123,two_level_random_sample,EXP_20260416_154815
27-2012.00,Producers and Directors,Repairing,1.0,Skills,27,123,two_level_random_sample,EXP_20260416_154815
27-2012.00,Producers and Directors,Quality Control Analysis,2.5,Skills,27,123,two_level_random_sample,EXP_20260416_154815
27-2012.00,Producers and Directors,Judgment and Decision Making,3.5,Skills,27,123,two_level_random_sample,EXP_20260416_154815
27-2012.00,Producers and Directors,Systems Analysis,3.5,Skills,27,123,two_level_random_sample,EXP_20260416_154815
27-2012.00,Producers and Directors,Systems Evaluation,3.25,Skills,27,123,two_level_random_sample,EXP_20260416_154815
27-2012.00,Producers and Directors,Time Management,3.62,Skills,27,123,two_level_random_sample,EXP_20260416_154815
27-2012.00,Producers and Directors,Management of Financial Resources,3.0,Skills,27,123,two_level_random_sample,EXP_20260416_154815
27-2012.00,Producers and Directors,Management of Material Resources,2.75,Skills,27,123,two_level_random_sample,EXP_20260416_154815
27-2012.00,Producers and Directors,Management of Personnel Resources,3.62,Skills,27,123,two_level_random_sample,EXP_20260416_154815
27-2022.00,Coaches and Scouts,Reading Comprehension,4.0,Skills,27,123,two_level_random_sample,EXP_20260416_154815
27-2022.00,Coaches and Scouts,Active Listening,4.0,Skills,27,123,two_level_random_sample,EXP_20260416_154815
27-2022.00,Coaches and Scouts,Writing,3.62,Skills,27,123,two_level_random_sample,EXP_20260416_154815
27-2022.00,Coaches and Scouts,Speaking,4.38,Skills,27,123,two_level_random_sample,EXP_20260416_154815
27-2022.00,Coaches and Scouts,Mathematics,2.12,Skills,27,123,two_level_random_sample,EXP_20260416_154815
27-2022.00,Coaches and Scouts,Science,1.62,Skills,27,123,two_level_random_sample,EXP_20260416_154815
27-2022.00,Coaches and Scouts,Critical Thinking,4.0,Skills,27,123,two_level_random_sample,EXP_20260416_154815
27-2022.00,Coaches and Scouts,Active Learning,3.88,Skills,27,123,two_level_random_sample,EXP_20260416_154815
27-2022.00,Coaches and Scouts,Learning Strategies,4.12,Skills,27,123,two_level_random_sample,EXP_20260416_154815
27-2022.00,Coaches and Scouts,Monitoring,4.12,Skills,27,123,two_level_random_sample,EXP_20260416_154815
27-2022.00,Coaches and Scouts,Social Perceptiveness,4.0,Skills,27,123,two_level_random_sample,EXP_20260416_154815
27-2022.00,Coaches and Scouts,Coordination,3.88,Skills,27,123,two_level_random_sample,EXP_20260416_154815
27-2022.00,Coaches and Scouts,Persuasion,3.88,Skills,27,123,two_level_random_sample,EXP_20260416_154815
27-2022.00,Coaches and Scouts,Negotiation,3.62,Skills,27,123,two_level_random_sample,EXP_20260416_154815
27-2022.00,Coaches and Scouts,Instructing,4.75,Skills,27,123,two_level_random_sample,EXP_20260416_154815
27-2022.00,Coaches and Scouts,Service Orientation,3.75,Skills,27,123,two_level_random_sample,EXP_20260416_154815
27-2022.00,Coaches and Scouts,Complex Problem Solving,3.88,Skills,27,123,two_level_random_sample,EXP_20260416_154815
27-2022.00,Coaches and Scouts,Operations Analysis,2.75,Skills,27,123,two_level_random_sample,EXP_20260416_154815
27-2022.00,Coaches and Scouts,Technology Design,1.88,Skills,27,123,two_level_random_sample,EXP_20260416_154815
27-2022.00,Coaches and Scouts,Equipment Selection,1.88,Skills,27,123,two_level_random_sample,EXP_20260416_154815
27-2022.00,Coaches and Scouts,Installation,1.0,Skills,27,123,two_level_random_sample,EXP_20260416_154815
27-2022.00,Coaches and Scouts,Programming,1.25,Skills,27,123,two_level_random_sample,EXP_20260416_154815
27-2022.00,Coaches and Scouts,Operations Monitoring,2.0,Skills,27,123,two_level_random_sample,EXP_20260416_154815
27-2022.00,Coaches and Scouts,Operation and Control,1.62,Skills,27,123,two_level_random_sample,EXP_20260416_154815
27-2022.00,Coaches and Scouts,Equipment Maintenance,1.0,Skills,27,123,two_level_random_sample,EXP_20260416_154815
27-2022.00,Coaches and Scouts,Troubleshooting,1.88,Skills,27,123,two_level_random_sample,EXP_20260416_154815
27-2022.00,Coaches and Scouts,Repairing,1.0,Skills,27,123,two_level_random_sample,EXP_20260416_154815
27-2022.00,Coaches and Scouts,Quality Control Analysis,2.62,Skills,27,123,two_level_random_sample,EXP_20260416_154815
27-2022.00,Coaches and Scouts,Judgment and Decision Making,4.0,Skills,27,123,two_level_random_sample,EXP_20260416_154815
27-2022.00,Coaches and Scouts,Systems Analysis,3.88,Skills,27,123,two_level_random_sample,EXP_20260416_154815
27-2022.00,Coaches and Scouts,Systems Evaluation,3.62,Skills,27,123,two_level_random_sample,EXP_20260416_154815
27-2022.00,Coaches and Scouts,Time Management,3.88,Skills,27,123,two_level_random_sample,EXP_20260416_154815
27-2022.00,Coaches and Scouts,Management of Financial Resources,2.0,Skills,27,123,two_level_random_sample,EXP_20260416_154815
27-2022.00,Coaches and Scouts,Management of Material Resources,2.5,Skills,27,123,two_level_random_sample,EXP_20260416_154815
27-2022.00,Coaches and Scouts,Management of Personnel Resources,3.88,Skills,27,123,two_level_random_sample,EXP_20260416_154815
27-3041.00,Editors,Reading Comprehension,4.88,Skills,27,123,two_level_random_sample,EXP_20260416_154815
27-3041.00,Editors,Active Listening,3.88,Skills,27,123,two_level_random_sample,EXP_20260416_154815
27-3041.00,Editors,Writing,4.25,Skills,27,123,two_level_random_sample,EXP_20260416_154815
27-3041.00,Editors,Speaking,3.75,Skills,27,123,two_level_random_sample,EXP_20260416_154815
27-3041.00,Editors,Mathematics,2.12,Skills,27,123,two_level_random_sample,EXP_20260416_154815
27-3041.00,Editors,Science,1.0,Skills,27,123,two_level_random_sample,EXP_20260416_154815
27-3041.00,Editors,Critical Thinking,3.88,Skills,27,123,two_level_random_sample,EXP_20260416_154815
27-3041.00,Editors,Active Learning,3.12,Skills,27,123,two_level_random_sample,EXP_20260416_154815
27-3041.00,Editors,Learning Strategies,2.88,Skills,27,123,two_level_random_sample,EXP_20260416_154815
27-3041.00,Editors,Monitoring,3.0,Skills,27,123,two_level_random_sample,EXP_20260416_154815
27-3041.00,Editors,Social Perceptiveness,3.12,Skills,27,123,two_level_random_sample,EXP_20260416_154815
27-3041.00,Editors,Coordination,3.0,Skills,27,123,two_level_random_sample,EXP_20260416_154815
27-3041.00,Editors,Persuasion,3.0,Skills,27,123,two_level_random_sample,EXP_20260416_154815
27-3041.00,Editors,Negotiation,3.0,Skills,27,123,two_level_random_sample,EXP_20260416_154815
27-3041.00,Editors,Instructing,3.0,Skills,27,123,two_level_random_sample,EXP_20260416_154815
27-3041.00,Editors,Service Orientation,2.62,Skills,27,123,two_level_random_sample,EXP_20260416_154815
27-3041.00,Editors,Complex Problem Solving,3.12,Skills,27,123,two_level_random_sample,EXP_20260416_154815
27-3041.00,Editors,Operations Analysis,2.0,Skills,27,123,two_level_random_sample,EXP_20260416_154815
27-3041.00,Editors,Technology Design,1.62,Skills,27,123,two_level_random_sample,EXP_20260416_154815
27-3041.00,Editors,Equipment Selection,1.0,Skills,27,123,two_level_random_sample,EXP_20260416_154815
27-3041.00,Editors,Installation,1.0,Skills,27,123,two_level_random_sample,EXP_20260416_154815
27-3041.00,Editors,Programming,1.62,Skills,27,123,two_level_random_sample,EXP_20260416_154815
27-3041.00,Editors,Operations Monitoring,1.88,Skills,27,123,two_level_random_sample,EXP_20260416_154815
27-3041.00,Editors,Operation and Control,1.25,Skills,27,123,two_level_random_sample,EXP_20260416_154815
27-3041.00,Editors,Equipment Maintenance,1.0,Skills,27,123,two_level_random_sample,EXP_20260416_154815
27-3041.00,Editors,Troubleshooting,1.0,Skills,27,123,two_level_random_sample,EXP_20260416_154815
27-3041.00,Editors,Repairing,1.0,Skills,27,123,two_level_random_sample,EXP_20260416_154815
27-3041.00,Editors,Quality Control Analysis,3.25,Skills,27,123,two_level_random_sample,EXP_20260416_154815
27-3041.00,Editors,Judgment and Decision Making,3.12,Skills,27,123,two_level_random_sample,EXP_20260416_154815
27-3041.00,Editors,Systems Analysis,3.12,Skills,27,123,two_level_random_sample,EXP_20260416_154815
27-3041.00,Editors,Systems Evaluation,2.5,Skills,27,123,two_level_random_sample,EXP_20260416_154815
27-3041.00,Editors,Time Management,3.38,Skills,27,123,two_level_random_sample,EXP_20260416_154815
27-3041.00,Editors,Management of Financial Resources,1.5,Skills,27,123,two_level_random_sample,EXP_20260416_154815
27-3041.00,Editors,Management of Material Resources,1.38,Skills,27,123,two_level_random_sample,EXP_20260416_154815
27-3041.00,Editors,Management of Personnel Resources,3.0,Skills,27,123,two_level_random_sample,EXP_20260416_154815
27-4031.00,"Camera Operators, Television, Video, and Film",Reading Comprehension,3.25,Skills,27,123,two_level_random_sample,EXP_20260416_154815
27-4031.00,"Camera Operators, Television, Video, and Film",Active Listening,3.75,Skills,27,123,two_level_random_sample,EXP_20260416_154815
27-4031.00,"Camera Operators, Television, Video, and Film",Writing,2.88,Skills,27,123,two_level_random_sample,EXP_20260416_154815
27-4031.00,"Camera Operators, Television, Video, and Film",Speaking,3.25,Skills,27,123,two_level_random_sample,EXP_20260416_154815
27-4031.00,"Camera Operators, Television, Video, and Film",Mathematics,2.0,Skills,27,123,two_level_random_sample,EXP_20260416_154815
27-4031.00,"Camera Operators, Television, Video, and Film",Science,1.0,Skills,27,123,two_level_random_sample,EXP_20260416_154815
27-4031.00,"Camera Operators, Television, Video, and Film",Critical Thinking,3.12,Skills,27,123,two_level_random_sample,EXP_20260416_154815
27-4031.00,"Camera Operators, Television, Video, and Film",Active Learning,2.88,Skills,27,123,two_level_random_sample,EXP_20260416_154815
27-4031.00,"Camera Operators, Television, Video, and Film",Learning Strategies,2.75,Skills,27,123,two_level_random_sample,EXP_20260416_154815
27-4031.00,"Camera Operators, Television, Video, and Film",Monitoring,3.12,Skills,27,123,two_level_random_sample,EXP_20260416_154815
27-4031.00,"Camera Operators, Television, Video, and Film",Social Perceptiveness,3.12,Skills,27,123,two_level_random_sample,EXP_20260416_154815
27-4031.00,"Camera Operators, Television, Video, and Film",Coordination,3.25,Skills,27,123,two_level_random_sample,EXP_20260416_154815
27-4031.00,"Camera Operators, Television, Video, and Film",Persuasion,2.88,Skills,27,123,two_level_random_sample,EXP_20260416_154815
27-4031.00,"Camera Operators, Television, Video, and Film",Negotiation,2.5,Skills,27,123,two_level_random_sample,EXP_20260416_154815
27-4031.00,"Camera Operators, Television, Video, and Film",Instructing,2.38,Skills,27,123,two_level_random_sample,EXP_20260416_154815
27-4031.00,"Camera Operators, Television, Video, and Film",Service Orientation,2.88,Skills,27,123,two_level_random_sample,EXP_20260416_154815
27-4031.00,"Camera Operators, Television, Video, and Film",Complex Problem Solving,3.0,Skills,27,123,two_level_random_sample,EXP_20260416_154815
27-4031.00,"Camera Operators, Television, Video, and Film",Operations Analysis,2.12,Skills,27,123,two_level_random_sample,EXP_20260416_154815
27-4031.00,"Camera Operators, Television, Video, and Film",Technology Design,2.0,Skills,27,123,two_level_random_sample,EXP_20260416_154815
27-4031.00,"Camera Operators, Television, Video, and Film",Equipment Selection,2.62,Skills,27,123,two_level_random_sample,EXP_20260416_154815
27-4031.00,"Camera Operators, Television, Video, and Film",Installation,1.12,Skills,27,123,two_level_random_sample,EXP_20260416_154815
27-4031.00,"Camera Operators, Television, Video, and Film",Programming,1.38,Skills,27,123,two_level_random_sample,EXP_20260416_154815
27-4031.00,"Camera Operators, Television, Video, and Film",Operations Monitoring,2.88,Skills,27,123,two_level_random_sample,EXP_20260416_154815
27-4031.00,"Camera Operators, Television, Video, and Film",Operation and Control,2.88,Skills,27,123,two_level_random_sample,EXP_20260416_154815
27-4031.00,"Camera Operators, Television, Video, and Film",Equipment Maintenance,2.25,Skills,27,123,two_level_random_sample,EXP_20260416_154815
27-4031.00,"Camera Operators, Television, Video, and Film",Troubleshooting,2.38,Skills,27,123,two_level_random_sample,EXP_20260416_154815
27-4031.00,"Camera Operators, Television, Video, and Film",Repairing,2.38,Skills,27,123,two_level_random_sample,EXP_20260416_154815
27-4031.00,"Camera Operators, Television, Video, and Film",Quality Control Analysis,2.88,Skills,27,123,two_level_random_sample,EXP_20260416_154815
27-4031.00,"Camera Operators, Television, Video, and Film",Judgment and Decision Making,3.25,Skills,27,123,two_level_random_sample,EXP_20260416_154815
27-4031.00,"Camera Operators, Television, Video, and Film",Systems Analysis,2.25,Skills,27,123,two_level_random_sample,EXP_20260416_154815
27-4031.00,"Camera Operators, Television, Video, and Film",Systems Evaluation,2.25,Skills,27,123,two_level_random_sample,EXP_20260416_154815
27-4031.00,"Camera Operators, Television, Video, and Film",Time Management,3.12,Skills,27,123,two_level_random_sample,EXP_20260416_154815
27-4031.00,"Camera Operators, Television, Video, and Film",Management of Financial Resources,1.75,Skills,27,123,two_level_random_sample,EXP_20260416_154815
27-4031.00,"Camera Operators, Television, Video, and Film",Management of Material Resources,1.88,Skills,27,123,two_level_random_sample,EXP_20260416_154815
27-4031.00,"Camera Operators, Television, Video, and Film",Management of Personnel Resources,2.5,Skills,27,123,two_level_random_sample,EXP_20260416_154815
37-1011.00,First-Line Supervisors of Housekeeping and Janitorial Workers,Reading Comprehension,3.0,Skills,37,123,two_level_random_sample,EXP_20260416_154815
37-1011.00,First-Line Supervisors of Housekeeping and Janitorial Workers,Active Listening,3.12,Skills,37,123,two_level_random_sample,EXP_20260416_154815
37-1011.00,First-Line Supervisors of Housekeeping and Janitorial Workers,Writing,2.88,Skills,37,123,two_level_random_sample,EXP_20260416_154815
37-1011.00,First-Line Supervisors of Housekeeping and Janitorial Workers,Speaking,3.25,Skills,37,123,two_level_random_sample,EXP_20260416_154815
37-1011.00,First-Line Supervisors of Housekeeping and Janitorial Workers,Mathematics,2.12,Skills,37,123,two_level_random_sample,EXP_20260416_154815
37-1011.00,First-Line Supervisors of Housekeeping and Janitorial Workers,Science,1.0,Skills,37,123,two_level_random_sample,EXP_20260416_154815
37-1011.00,First-Line Supervisors of Housekeeping and Janitorial Workers,Critical Thinking,3.12,Skills,37,123,two_level_random_sample,EXP_20260416_154815
37-1011.00,First-Line Supervisors of Housekeeping and Janitorial Workers,Active Learning,2.88,Skills,37,123,two_level_random_sample,EXP_20260416_154815
37-1011.00,First-Line Supervisors of Housekeeping and Janitorial Workers,Learning Strategies,3.12,Skills,37,123,two_level_random_sample,EXP_20260416_154815
37-1011.00,First-Line Supervisors of Housekeeping and Janitorial Workers,Monitoring,3.25,Skills,37,123,two_level_random_sample,EXP_20260416_154815
37-1011.00,First-Line Supervisors of Housekeeping and Janitorial Workers,Social Perceptiveness,3.12,Skills,37,123,two_level_random_sample,EXP_20260416_154815
37-1011.00,First-Line Supervisors of Housekeeping and Janitorial Workers,Coordination,3.25,Skills,37,123,two_level_random_sample,EXP_20260416_154815
37-1011.00,First-Line Supervisors of Housekeeping and Janitorial Workers,Persuasion,2.88,Skills,37,123,two_level_random_sample,EXP_20260416_154815
37-1011.00,First-Line Supervisors of Housekeeping and Janitorial Workers,Negotiation,3.0,Skills,37,123,two_level_random_sample,EXP_20260416_154815
37-1011.00,First-Line Supervisors of Housekeeping and Janitorial Workers,Instructing,3.12,Skills,37,123,two_level_random_sample,EXP_20260416_154815
37-1011.00,First-Line Supervisors of Housekeeping and Janitorial Workers,Service Orientation,3.12,Skills,37,123,two_level_random_sample,EXP_20260416_154815
37-1011.00,First-Line Supervisors of Housekeeping and Janitorial Workers,Complex Problem Solving,3.12,Skills,37,123,two_level_random_sample,EXP_20260416_154815
37-1011.00,First-Line Supervisors of Housekeeping and Janitorial Workers,Operations Analysis,1.88,Skills,37,123,two_level_random_sample,EXP_20260416_154815
37-1011.00,First-Line Supervisors of Housekeeping and Janitorial Workers,Technology Design,1.38,Skills,37,123,two_level_random_sample,EXP_20260416_154815
37-1011.00,First-Line Supervisors of Housekeeping and Janitorial Workers,Equipment Selection,2.0,Skills,37,123,two_level_random_sample,EXP_20260416_154815
37-1011.00,First-Line Supervisors of Housekeeping and Janitorial Workers,Installation,1.0,Skills,37,123,two_level_random_sample,EXP_20260416_154815
37-1011.00,First-Line Supervisors of Housekeeping and Janitorial Workers,Programming,1.0,Skills,37,123,two_level_random_sample,EXP_20260416_154815
37-1011.00,First-Line Supervisors of Housekeeping and Janitorial Workers,Operations Monitoring,2.25,Skills,37,123,two_level_random_sample,EXP_20260416_154815
37-1011.00,First-Line Supervisors of Housekeeping and Janitorial Workers,Operation and Control,2.0,Skills,37,123,two_level_random_sample,EXP_20260416_154815
37-1011.00,First-Line Supervisors of Housekeeping and Janitorial Workers,Equipment Maintenance,2.12,Skills,37,123,two_level_random_sample,EXP_20260416_154815
37-1011.00,First-Line Supervisors of Housekeeping and Janitorial Workers,Troubleshooting,2.12,Skills,37,123,two_level_random_sample,EXP_20260416_154815
37-1011.00,First-Line Supervisors of Housekeeping and Janitorial Workers,Repairing,1.88,Skills,37,123,two_level_random_sample,EXP_20260416_154815
37-1011.00,First-Line Supervisors of Housekeeping and Janitorial Workers,Quality Control Analysis,3.0,Skills,37,123,two_level_random_sample,EXP_20260416_154815
37-1011.00,First-Line Supervisors of Housekeeping and Janitorial Workers,Judgment and Decision Making,3.0,Skills,37,123,two_level_random_sample,EXP_20260416_154815
37-1011.00,First-Line Supervisors of Housekeeping and Janitorial Workers,Systems Analysis,2.38,Skills,37,123,two_level_random_sample,EXP_20260416_154815
37-1011.00,First-Line Supervisors of Housekeeping and Janitorial Workers,Systems Evaluation,2.62,Skills,37,123,two_level_random_sample,EXP_20260416_154815
37-1011.00,First-Line Supervisors of Housekeeping and Janitorial Workers,Time Management,3.25,Skills,37,123,two_level_random_sample,EXP_20260416_154815
37-1011.00,First-Line Supervisors of Housekeeping and Janitorial Workers,Management of Financial Resources,2.38,Skills,37,123,two_level_random_sample,EXP_20260416_154815
37-1011.00,First-Line Supervisors of Housekeeping and Janitorial Workers,Management of Material Resources,2.75,Skills,37,123,two_level_random_sample,EXP_20260416_154815
37-1011.00,First-Line Supervisors of Housekeeping and Janitorial Workers,Management of Personnel Resources,3.38,Skills,37,123,two_level_random_sample,EXP_20260416_154815
37-1012.00,"First-Line Supervisors of Landscaping, Lawn Service, and Groundskeeping Workers",Reading Comprehension,3.12,Skills,37,123,two_level_random_sample,EXP_20260416_154815
37-1012.00,"First-Line Supervisors of Landscaping, Lawn Service, and Groundskeeping Workers",Active Listening,3.88,Skills,37,123,two_level_random_sample,EXP_20260416_154815
37-1012.00,"First-Line Supervisors of Landscaping, Lawn Service, and Groundskeeping Workers",Writing,3.0,Skills,37,123,two_level_random_sample,EXP_20260416_154815
37-1012.00,"First-Line Supervisors of Landscaping, Lawn Service, and Groundskeeping Workers",Speaking,3.75,Skills,37,123,two_level_random_sample,EXP_20260416_154815
37-1012.00,"First-Line Supervisors of Landscaping, Lawn Service, and Groundskeeping Workers",Mathematics,2.88,Skills,37,123,two_level_random_sample,EXP_20260416_154815
37-1012.00,"First-Line Supervisors of Landscaping, Lawn Service, and Groundskeeping Workers",Science,1.62,Skills,37,123,two_level_random_sample,EXP_20260416_154815
37-1012.00,"First-Line Supervisors of Landscaping, Lawn Service, and Groundskeeping Workers",Critical Thinking,3.75,Skills,37,123,two_level_random_sample,EXP_20260416_154815
37-1012.00,"First-Line Supervisors of Landscaping, Lawn Service, and Groundskeeping Workers",Active Learning,3.12,Skills,37,123,two_level_random_sample,EXP_20260416_154815
37-1012.00,"First-Line Supervisors of Landscaping, Lawn Service, and Groundskeeping Workers",Learning Strategies,3.12,Skills,37,123,two_level_random_sample,EXP_20260416_154815
37-1012.00,"First-Line Supervisors of Landscaping, Lawn Service, and Groundskeeping Workers",Monitoring,4.0,Skills,37,123,two_level_random_sample,EXP_20260416_154815
37-1012.00,"First-Line Supervisors of Landscaping, Lawn Service, and Groundskeeping Workers",Social Perceptiveness,3.25,Skills,37,123,two_level_random_sample,EXP_20260416_154815
37-1012.00,"First-Line Supervisors of Landscaping, Lawn Service, and Groundskeeping Workers",Coordination,3.75,Skills,37,123,two_level_random_sample,EXP_20260416_154815
37-1012.00,"First-Line Supervisors of Landscaping, Lawn Service, and Groundskeeping Workers",Persuasion,3.12,Skills,37,123,two_level_random_sample,EXP_20260416_154815
37-1012.00,"First-Line Supervisors of Landscaping, Lawn Service, and Groundskeeping Workers",Negotiation,2.88,Skills,37,123,two_level_random_sample,EXP_20260416_154815
37-1012.00,"First-Line Supervisors of Landscaping, Lawn Service, and Groundskeeping Workers",Instructing,3.25,Skills,37,123,two_level_random_sample,EXP_20260416_154815
37-1012.00,"First-Line Supervisors of Landscaping, Lawn Service, and Groundskeeping Workers",Service Orientation,3.12,Skills,37,123,two_level_random_sample,EXP_20260416_154815
37-1012.00,"First-Line Supervisors of Landscaping, Lawn Service, and Groundskeeping Workers",Complex Problem Solving,3.12,Skills,37,123,two_level_random_sample,EXP_20260416_154815
37-1012.00,"First-Line Supervisors of Landscaping, Lawn Service, and Groundskeeping Workers",Operations Analysis,2.12,Skills,37,123,two_level_random_sample,EXP_20260416_154815
37-1012.00,"First-Line Supervisors of Landscaping, Lawn Service, and Groundskeeping Workers",Technology Design,1.88,Skills,37,123,two_level_random_sample,EXP_20260416_154815
37-1012.00,"First-Line Supervisors of Landscaping, Lawn Service, and Groundskeeping Workers",Equipment Selection,2.25,Skills,37,123,two_level_random_sample,EXP_20260416_154815
37-1012.00,"First-Line Supervisors of Landscaping, Lawn Service, and Groundskeeping Workers",Installation,1.38,Skills,37,123,two_level_random_sample,EXP_20260416_154815
37-1012.00,"First-Line Supervisors of Landscaping, Lawn Service, and Groundskeeping Workers",Programming,1.62,Skills,37,123,two_level_random_sample,EXP_20260416_154815
37-1012.00,"First-Line Supervisors of Landscaping, Lawn Service, and Groundskeeping Workers",Operations Monitoring,3.0,Skills,37,123,two_level_random_sample,EXP_20260416_154815
37-1012.00,"First-Line Supervisors of Landscaping, Lawn Service, and Groundskeeping Workers",Operation and Control,3.0,Skills,37,123,two_level_random_sample,EXP_20260416_154815
37-1012.00,"First-Line Supervisors of Landscaping, Lawn Service, and Groundskeeping Workers",Equipment Maintenance,2.25,Skills,37,123,two_level_random_sample,EXP_20260416_154815
37-1012.00,"First-Line Supervisors of Landscaping, Lawn Service, and Groundskeeping Workers",Troubleshooting,2.25,Skills,37,123,two_level_random_sample,EXP_20260416_154815
37-1012.00,"First-Line Supervisors of Landscaping, Lawn Service, and Groundskeeping Workers",Repairing,2.12,Skills,37,123,two_level_random_sample,EXP_20260416_154815
37-1012.00,"First-Line Supervisors of Landscaping, Lawn Service, and Groundskeeping Workers",Quality Control Analysis,3.12,Skills,37,123,two_level_random_sample,EXP_20260416_154815
37-1012.00,"First-Line Supervisors of Landscaping, Lawn Service, and Groundskeeping Workers",Judgment and Decision Making,3.25,Skills,37,123,two_level_random_sample,EXP_20260416_154815
37-1012.00,"First-Line Supervisors of Landscaping, Lawn Service, and Groundskeeping Workers",Systems Analysis,2.88,Skills,37,123,two_level_random_sample,EXP_20260416_154815
37-1012.00,"First-Line Supervisors of Landscaping, Lawn Service, and Groundskeeping Workers",Systems Evaluation,2.88,Skills,37,123,two_level_random_sample,EXP_20260416_154815
37-1012.00,"First-Line Supervisors of Landscaping, Lawn Service, and Groundskeeping Workers",Time Management,4.0,Skills,37,123,two_level_random_sample,EXP_20260416_154815
37-1012.00,"First-Line Supervisors of Landscaping, Lawn Service, and Groundskeeping Workers",Management of Financial Resources,2.25,Skills,37,123,two_level_random_sample,EXP_20260416_154815
37-1012.00,"First-Line Supervisors of Landscaping, Lawn Service, and Groundskeeping Workers",Management of Material Resources,2.88,Skills,37,123,two_level_random_sample,EXP_20260416_154815
37-1012.00,"First-Line Supervisors of Landscaping, Lawn Service, and Groundskeeping Workers",Management of Personnel Resources,3.88,Skills,37,123,two_level_random_sample,EXP_20260416_154815
37-2011.00,"Janitors and Cleaners, Except Maids and Housekeeping Cleaners",Reading Comprehension,2.5,Skills,37,123,two_level_random_sample,EXP_20260416_154815
37-2011.00,"Janitors and Cleaners, Except Maids and Housekeeping Cleaners",Active Listening,3.0,Skills,37,123,two_level_random_sample,EXP_20260416_154815
37-2011.00,"Janitors and Cleaners, Except Maids and Housekeeping Cleaners",Writing,2.38,Skills,37,123,two_level_random_sample,EXP_20260416_154815
37-2011.00,"Janitors and Cleaners, Except Maids and Housekeeping Cleaners",Speaking,3.0,Skills,37,123,two_level_random_sample,EXP_20260416_154815
37-2011.00,"Janitors and Cleaners, Except Maids and Housekeeping Cleaners",Mathematics,1.38,Skills,37,123,two_level_random_sample,EXP_20260416_154815
37-2011.00,"Janitors and Cleaners, Except Maids and Housekeeping Cleaners",Science,1.0,Skills,37,123,two_level_random_sample,EXP_20260416_154815
37-2011.00,"Janitors and Cleaners, Except Maids and Housekeeping Cleaners",Critical Thinking,2.75,Skills,37,123,two_level_random_sample,EXP_20260416_154815
37-2011.00,"Janitors and Cleaners, Except Maids and Housekeeping Cleaners",Active Learning,2.62,Skills,37,123,two_level_random_sample,EXP_20260416_154815
37-2011.00,"Janitors and Cleaners, Except Maids and Housekeeping Cleaners",Learning Strategies,2.12,Skills,37,123,two_level_random_sample,EXP_20260416_154815
37-2011.00,"Janitors and Cleaners, Except Maids and Housekeeping Cleaners",Monitoring,2.75,Skills,37,123,two_level_random_sample,EXP_20260416_154815
37-2011.00,"Janitors and Cleaners, Except Maids and Housekeeping Cleaners",Social Perceptiveness,2.62,Skills,37,123,two_level_random_sample,EXP_20260416_154815
37-2011.00,"Janitors and Cleaners, Except Maids and Housekeeping Cleaners",Coordination,2.75,Skills,37,123,two_level_random_sample,EXP_20260416_154815
37-2011.00,"Janitors and Cleaners, Except Maids and Housekeeping Cleaners",Persuasion,2.12,Skills,37,123,two_level_random_sample,EXP_20260416_154815
37-2011.00,"Janitors and Cleaners, Except Maids and Housekeeping Cleaners",Negotiation,2.0,Skills,37,123,two_level_random_sample,EXP_20260416_154815
37-2011.00,"Janitors and Cleaners, Except Maids and Housekeeping Cleaners",Instructing,2.12,Skills,37,123,two_level_random_sample,EXP_20260416_154815
37-2011.00,"Janitors and Cleaners, Except Maids and Housekeeping Cleaners",Service Orientation,2.5,Skills,37,123,two_level_random_sample,EXP_20260416_154815
37-2011.00,"Janitors and Cleaners, Except Maids and Housekeeping Cleaners",Complex Problem Solving,2.25,Skills,37,123,two_level_random_sample,EXP_20260416_154815
37-2011.00,"Janitors and Cleaners, Except Maids and Housekeeping Cleaners",Operations Analysis,1.12,Skills,37,123,two_level_random_sample,EXP_20260416_154815
37-2011.00,"Janitors and Cleaners, Except Maids and Housekeeping Cleaners",Technology Design,1.25,Skills,37,123,two_level_random_sample,EXP_20260416_154815
37-2011.00,"Janitors and Cleaners, Except Maids and Housekeeping Cleaners",Equipment Selection,2.0,Skills,37,123,two_level_random_sample,EXP_20260416_154815
37-2011.00,"Janitors and Cleaners, Except Maids and Housekeeping Cleaners",Installation,1.0,Skills,37,123,two_level_random_sample,EXP_20260416_154815
37-2011.00,"Janitors and Cleaners, Except Maids and Housekeeping Cleaners",Programming,1.25,Skills,37,123,two_level_random_sample,EXP_20260416_154815
37-2011.00,"Janitors and Cleaners, Except Maids and Housekeeping Cleaners",Operations Monitoring,2.25,Skills,37,123,two_level_random_sample,EXP_20260416_154815
37-2011.00,"Janitors and Cleaners, Except Maids and Housekeeping Cleaners",Operation and Control,2.0,Skills,37,123,two_level_random_sample,EXP_20260416_154815
37-2011.00,"Janitors and Cleaners, Except Maids and Housekeeping Cleaners",Equipment Maintenance,2.0,Skills,37,123,two_level_random_sample,EXP_20260416_154815
37-2011.00,"Janitors and Cleaners, Except Maids and Housekeeping Cleaners",Troubleshooting,2.12,Skills,37,123,two_level_random_sample,EXP_20260416_154815
37-2011.00,"Janitors and Cleaners, Except Maids and Housekeeping Cleaners",Repairing,2.0,Skills,37,123,two_level_random_sample,EXP_20260416_154815
37-2011.00,"Janitors and Cleaners, Except Maids and Housekeeping Cleaners",Quality Control Analysis,2.0,Skills,37,123,two_level_random_sample,EXP_20260416_154815
37-2011.00,"Janitors and Cleaners, Except Maids and Housekeeping Cleaners",Judgment and Decision Making,2.38,Skills,37,123,two_level_random_sample,EXP_20260416_154815
37-2011.00,"Janitors and Cleaners, Except Maids and Housekeeping Cleaners",Systems Analysis,2.0,Skills,37,123,two_level_random_sample,EXP_20260416_154815
37-2011.00,"Janitors and Cleaners, Except Maids and Housekeeping Cleaners",Systems Evaluation,1.88,Skills,37,123,two_level_random_sample,EXP_20260416_154815
37-2011.00,"Janitors and Cleaners, Except Maids and Housekeeping Cleaners",Time Management,2.75,Skills,37,123,two_level_random_sample,EXP_20260416_154815
37-2011.00,"Janitors and Cleaners, Except Maids and Housekeeping Cleaners",Management of Financial Resources,1.38,Skills,37,123,two_level_random_sample,EXP_20260416_154815
37-2011.00,"Janitors and Cleaners, Except Maids and Housekeeping Cleaners",Management of Material Resources,1.5,Skills,37,123,two_level_random_sample,EXP_20260416_154815
37-2011.00,"Janitors and Cleaners, Except Maids and Housekeeping Cleaners",Management of Personnel Resources,2.12,Skills,37,123,two_level_random_sample,EXP_20260416_154815
37-2012.00,Maids and Housekeeping Cleaners,Reading Comprehension,2.62,Skills,37,123,two_level_random_sample,EXP_20260416_154815
37-2012.00,Maids and Housekeeping Cleaners,Active Listening,2.75,Skills,37,123,two_level_random_sample,EXP_20260416_154815
37-2012.00,Maids and Housekeeping Cleaners,Writing,2.12,Skills,37,123,two_level_random_sample,EXP_20260416_154815
37-2012.00,Maids and Housekeeping Cleaners,Speaking,2.75,Skills,37,123,two_level_random_sample,EXP_20260416_154815
37-2012.00,Maids and Housekeeping Cleaners,Mathematics,1.88,Skills,37,123,two_level_random_sample,EXP_20260416_154815
37-2012.00,Maids and Housekeeping Cleaners,Science,1.0,Skills,37,123,two_level_random_sample,EXP_20260416_154815
37-2012.00,Maids and Housekeeping Cleaners,Critical Thinking,2.75,Skills,37,123,two_level_random_sample,EXP_20260416_154815
37-2012.00,Maids and Housekeeping Cleaners,Active Learning,2.12,Skills,37,123,two_level_random_sample,EXP_20260416_154815
37-2012.00,Maids and Housekeeping Cleaners,Learning Strategies,2.12,Skills,37,123,two_level_random_sample,EXP_20260416_154815
37-2012.00,Maids and Housekeeping Cleaners,Monitoring,2.75,Skills,37,123,two_level_random_sample,EXP_20260416_154815
37-2012.00,Maids and Housekeeping Cleaners,Social Perceptiveness,2.88,Skills,37,123,two_level_random_sample,EXP_20260416_154815
37-2012.00,Maids and Housekeeping Cleaners,Coordination,3.0,Skills,37,123,two_level_random_sample,EXP_20260416_154815
37-2012.00,Maids and Housekeeping Cleaners,Persuasion,2.12,Skills,37,123,two_level_random_sample,EXP_20260416_154815
37-2012.00,Maids and Housekeeping Cleaners,Negotiation,2.12,Skills,37,123,two_level_random_sample,EXP_20260416_154815
37-2012.00,Maids and Housekeeping Cleaners,Instructing,2.12,Skills,37,123,two_level_random_sample,EXP_20260416_154815
37-2012.00,Maids and Housekeeping Cleaners,Service Orientation,3.12,Skills,37,123,two_level_random_sample,EXP_20260416_154815
37-2012.00,Maids and Housekeeping Cleaners,Complex Problem Solving,2.12,Skills,37,123,two_level_random_sample,EXP_20260416_154815
37-2012.00,Maids and Housekeeping Cleaners,Operations Analysis,1.12,Skills,37,123,two_level_random_sample,EXP_20260416_154815
37-2012.00,Maids and Housekeeping Cleaners,Technology Design,1.0,Skills,37,123,two_level_random_sample,EXP_20260416_154815
37-2012.00,Maids and Housekeeping Cleaners,Equipment Selection,1.25,Skills,37,123,two_level_random_sample,EXP_20260416_154815
37-2012.00,Maids and Housekeeping Cleaners,Installation,1.0,Skills,37,123,two_level_random_sample,EXP_20260416_154815
37-2012.00,Maids and Housekeeping Cleaners,Programming,1.0,Skills,37,123,two_level_random_sample,EXP_20260416_154815
37-2012.00,Maids and Housekeeping Cleaners,Operations Monitoring,2.0,Skills,37,123,two_level_random_sample,EXP_20260416_154815
37-2012.00,Maids and Housekeeping Cleaners,Operation and Control,1.62,Skills,37,123,two_level_random_sample,EXP_20260416_154815
37-2012.00,Maids and Housekeeping Cleaners,Equipment Maintenance,1.0,Skills,37,123,two_level_random_sample,EXP_20260416_154815
37-2012.00,Maids and Housekeeping Cleaners,Troubleshooting,1.88,Skills,37,123,two_level_random_sample,EXP_20260416_154815
37-2012.00,Maids and Housekeeping Cleaners,Repairing,1.0,Skills,37,123,two_level_random_sample,EXP_20260416_154815
37-2012.00,Maids and Housekeeping Cleaners,Quality Control Analysis,2.0,Skills,37,123,two_level_random_sample,EXP_20260416_154815
37-2012.00,Maids and Housekeeping Cleaners,Judgment and Decision Making,2.12,Skills,37,123,two_level_random_sample,EXP_20260416_154815
37-2012.00,Maids and Housekeeping Cleaners,Systems Analysis,2.0,Skills,37,123,two_level_random_sample,EXP_20260416_154815
37-2012.00,Maids and Housekeeping Cleaners,Systems Evaluation,2.0,Skills,37,123,two_level_random_sample,EXP_20260416_154815
37-2012.00,Maids and Housekeeping Cleaners,Time Management,3.0,Skills,37,123,two_level_random_sample,EXP_20260416_154815
37-2012.00,Maids and Housekeeping Cleaners,Management of Financial Resources,1.62,Skills,37,123,two_level_random_sample,EXP_20260416_154815
37-2012.00,Maids and Housekeeping Cleaners,Management of Material Resources,1.88,Skills,37,123,two_level_random_sample,EXP_20260416_154815
37-2012.00,Maids and Housekeeping Cleaners,Management of Personnel Resources,2.12,Skills,37,123,two_level_random_sample,EXP_20260416_154815
37-2021.00,Pest Control Workers,Reading Comprehension,3.0,Skills,37,123,two_level_random_sample,EXP_20260416_154815
37-2021.00,Pest Control Workers,Active Listening,3.75,Skills,37,123,two_level_random_sample,EXP_20260416_154815
37-2021.00,Pest Control Workers,Writing,3.62,Skills,37,123,two_level_random_sample,EXP_20260416_154815
37-2021.00,Pest Control Workers,Speaking,3.62,Skills,37,123,two_level_random_sample,EXP_20260416_154815
37-2021.00,Pest Control Workers,Mathematics,2.62,Skills,37,123,two_level_random_sample,EXP_20260416_154815
37-2021.00,Pest Control Workers,Science,2.0,Skills,37,123,two_level_random_sample,EXP_20260416_154815
37-2021.00,Pest Control Workers,Critical Thinking,3.75,Skills,37,123,two_level_random_sample,EXP_20260416_154815
37-2021.00,Pest Control Workers,Active Learning,3.12,Skills,37,123,two_level_random_sample,EXP_20260416_154815
37-2021.00,Pest Control Workers,Learning Strategies,2.75,Skills,37,123,two_level_random_sample,EXP_20260416_154815
37-2021.00,Pest Control Workers,Monitoring,3.62,Skills,37,123,two_level_random_sample,EXP_20260416_154815
37-2021.00,Pest Control Workers,Social Perceptiveness,3.38,Skills,37,123,two_level_random_sample,EXP_20260416_154815
37-2021.00,Pest Control Workers,Coordination,3.12,Skills,37,123,two_level_random_sample,EXP_20260416_154815
37-2021.00,Pest Control Workers,Persuasion,3.12,Skills,37,123,two_level_random_sample,EXP_20260416_154815
37-2021.00,Pest Control Workers,Negotiation,3.12,Skills,37,123,two_level_random_sample,EXP_20260416_154815
37-2021.00,Pest Control Workers,Instructing,2.88,Skills,37,123,two_level_random_sample,EXP_20260416_154815
37-2021.00,Pest Control Workers,Service Orientation,3.25,Skills,37,123,two_level_random_sample,EXP_20260416_154815
37-2021.00,Pest Control Workers,Complex Problem Solving,3.25,Skills,37,123,two_level_random_sample,EXP_20260416_154815
37-2021.00,Pest Control Workers,Operations Analysis,1.88,Skills,37,123,two_level_random_sample,EXP_20260416_154815
37-2021.00,Pest Control Workers,Technology Design,1.62,Skills,37,123,two_level_random_sample,EXP_20260416_154815
37-2021.00,Pest Control Workers,Equipment Selection,2.12,Skills,37,123,two_level_random_sample,EXP_20260416_154815
37-2021.00,Pest Control Workers,Installation,1.0,Skills,37,123,two_level_random_sample,EXP_20260416_154815
37-2021.00,Pest Control Workers,Programming,1.0,Skills,37,123,two_level_random_sample,EXP_20260416_154815
37-2021.00,Pest Control Workers,Operations Monitoring,3.0,Skills,37,123,two_level_random_sample,EXP_20260416_154815
37-2021.00,Pest Control Workers,Operation and Control,3.0,Skills,37,123,two_level_random_sample,EXP_20260416_154815
37-2021.00,Pest Control Workers,Equipment Maintenance,2.25,Skills,37,123,two_level_random_sample,EXP_20260416_154815
37-2021.00,Pest Control Workers,Troubleshooting,2.5,Skills,37,123,two_level_random_sample,EXP_20260416_154815
37-2021.00,Pest Control Workers,Repairing,2.25,Skills,37,123,two_level_random_sample,EXP_20260416_154815
37-2021.00,Pest Control Workers,Quality Control Analysis,2.62,Skills,37,123,two_level_random_sample,EXP_20260416_154815
37-2021.00,Pest Control Workers,Judgment and Decision Making,3.12,Skills,37,123,two_level_random_sample,EXP_20260416_154815
37-2021.00,Pest Control Workers,Systems Analysis,2.88,Skills,37,123,two_level_random_sample,EXP_20260416_154815
37-2021.00,Pest Control Workers,Systems Evaluation,2.62,Skills,37,123,two_level_random_sample,EXP_20260416_154815
37-2021.00,Pest Control Workers,Time Management,3.5,Skills,37,123,two_level_random_sample,EXP_20260416_154815
37-2021.00,Pest Control Workers,Management of Financial Resources,2.12,Skills,37,123,two_level_random_sample,EXP_20260416_154815
37-2021.00,Pest Control Workers,Management of Material Resources,2.12,Skills,37,123,two_level_random_sample,EXP_20260416_154815
37-2021.00,Pest Control Workers,Management of Personnel Resources,3.0,Skills,37,123,two_level_random_sample,EXP_20260416_154815
37-3011.00,Landscaping and Groundskeeping Workers,Reading Comprehension,2.25,Skills,37,123,two_level_random_sample,EXP_20260416_154815
37-3011.00,Landscaping and Groundskeeping Workers,Active Listening,2.75,Skills,37,123,two_level_random_sample,EXP_20260416_154815
37-3011.00,Landscaping and Groundskeeping Workers,Writing,1.75,Skills,37,123,two_level_random_sample,EXP_20260416_154815
37-3011.00,Landscaping and Groundskeeping Workers,Speaking,2.88,Skills,37,123,two_level_random_sample,EXP_20260416_154815
37-3011.00,Landscaping and Groundskeeping Workers,Mathematics,1.75,Skills,37,123,two_level_random_sample,EXP_20260416_154815
37-3011.00,Landscaping and Groundskeeping Workers,Science,1.62,Skills,37,123,two_level_random_sample,EXP_20260416_154815
37-3011.00,Landscaping and Groundskeeping Workers,Critical Thinking,2.88,Skills,37,123,two_level_random_sample,EXP_20260416_154815
37-3011.00,Landscaping and Groundskeeping Workers,Active Learning,2.25,Skills,37,123,two_level_random_sample,EXP_20260416_154815
37-3011.00,Landscaping and Groundskeeping Workers,Learning Strategies,2.12,Skills,37,123,two_level_random_sample,EXP_20260416_154815
37-3011.00,Landscaping and Groundskeeping Workers,Monitoring,2.5,Skills,37,123,two_level_random_sample,EXP_20260416_154815
37-3011.00,Landscaping and Groundskeeping Workers,Social Perceptiveness,2.5,Skills,37,123,two_level_random_sample,EXP_20260416_154815
37-3011.00,Landscaping and Groundskeeping Workers,Coordination,2.75,Skills,37,123,two_level_random_sample,EXP_20260416_154815
37-3011.00,Landscaping and Groundskeeping Workers,Persuasion,2.0,Skills,37,123,two_level_random_sample,EXP_20260416_154815
37-3011.00,Landscaping and Groundskeeping Workers,Negotiation,1.88,Skills,37,123,two_level_random_sample,EXP_20260416_154815
37-3011.00,Landscaping and Groundskeeping Workers,Instructing,2.0,Skills,37,123,two_level_random_sample,EXP_20260416_154815
37-3011.00,Landscaping and Groundskeeping Workers,Service Orientation,2.5,Skills,37,123,two_level_random_sample,EXP_20260416_154815
37-3011.00,Landscaping and Groundskeeping Workers,Complex Problem Solving,2.25,Skills,37,123,two_level_random_sample,EXP_20260416_154815
37-3011.00,Landscaping and Groundskeeping Workers,Operations Analysis,1.25,Skills,37,123,two_level_random_sample,EXP_20260416_154815
37-3011.00,Landscaping and Groundskeeping Workers,Technology Design,1.62,Skills,37,123,two_level_random_sample,EXP_20260416_154815
37-3011.00,Landscaping and Groundskeeping Workers,Equipment Selection,2.12,Skills,37,123,two_level_random_sample,EXP_20260416_154815
37-3011.00,Landscaping and Groundskeeping Workers,Installation,1.12,Skills,37,123,two_level_random_sample,EXP_20260416_154815
37-3011.00,Landscaping and Groundskeeping Workers,Programming,1.0,Skills,37,123,two_level_random_sample,EXP_20260416_154815
37-3011.00,Landscaping and Groundskeeping Workers,Operations Monitoring,2.75,Skills,37,123,two_level_random_sample,EXP_20260416_154815
37-3011.00,Landscaping and Groundskeeping Workers,Operation and Control,3.12,Skills,37,123,two_level_random_sample,EXP_20260416_154815
37-3011.00,Landscaping and Groundskeeping Workers,Equipment Maintenance,2.12,Skills,37,123,two_level_random_sample,EXP_20260416_154815
37-3011.00,Landscaping and Groundskeeping Workers,Troubleshooting,2.12,Skills,37,123,two_level_random_sample,EXP_20260416_154815
37-3011.00,Landscaping and Groundskeeping Workers,Repairing,2.25,Skills,37,123,two_level_random_sample,EXP_20260416_154815
37-3011.00,Landscaping and Groundskeeping Workers,Quality Control Analysis,2.0,Skills,37,123,two_level_random_sample,EXP_20260416_154815
37-3011.00,Landscaping and Groundskeeping Workers,Judgment and Decision Making,2.5,Skills,37,123,two_level_random_sample,EXP_20260416_154815
37-3011.00,Landscaping and Groundskeeping Workers,Systems Analysis,1.88,Skills,37,123,two_level_random_sample,EXP_20260416_154815
37-3011.00,Landscaping and Groundskeeping Workers,Systems Evaluation,1.88,Skills,37,123,two_level_random_sample,EXP_20260416_154815
37-3011.00,Landscaping and Groundskeeping Workers,Time Management,2.62,Skills,37,123,two_level_random_sample,EXP_20260416_154815
37-3011.00,Landscaping and Groundskeeping Workers,Management of Financial Resources,1.12,Skills,37,123,two_level_random_sample,EXP_20260416_154815
37-3011.00,Landscaping and Groundskeeping Workers,Management of Material Resources,1.5,Skills,37,123,two_level_random_sample,EXP_20260416_154815
37-3011.00,Landscaping and Groundskeeping Workers,Management of Personnel Resources,2.12,Skills,37,123,two_level_random_sample,EXP_20260416_154815
37-3012.00,"Pesticide Handlers, Sprayers, and Applicators, Vegetation",Reading Comprehension,3.0,Skills,37,123,two_level_random_sample,EXP_20260416_154815
37-3012.00,"Pesticide Handlers, Sprayers, and Applicators, Vegetation",Active Listening,3.25,Skills,37,123,two_level_random_sample,EXP_20260416_154815
37-3012.00,"Pesticide Handlers, Sprayers, and Applicators, Vegetation",Writing,2.5,Skills,37,123,two_level_random_sample,EXP_20260416_154815
37-3012.00,"Pesticide Handlers, Sprayers, and Applicators, Vegetation",Speaking,3.12,Skills,37,123,two_level_random_sample,EXP_20260416_154815
37-3012.00,"Pesticide Handlers, Sprayers, and Applicators, Vegetation",Mathematics,2.25,Skills,37,123,two_level_random_sample,EXP_20260416_154815
37-3012.00,"Pesticide Handlers, Sprayers, and Applicators, Vegetation",Science,2.0,Skills,37,123,two_level_random_sample,EXP_20260416_154815
37-3012.00,"Pesticide Handlers, Sprayers, and Applicators, Vegetation",Critical Thinking,3.12,Skills,37,123,two_level_random_sample,EXP_20260416_154815
37-3012.00,"Pesticide Handlers, Sprayers, and Applicators, Vegetation",Active Learning,2.88,Skills,37,123,two_level_random_sample,EXP_20260416_154815
37-3012.00,"Pesticide Handlers, Sprayers, and Applicators, Vegetation",Learning Strategies,2.25,Skills,37,123,two_level_random_sample,EXP_20260416_154815
37-3012.00,"Pesticide Handlers, Sprayers, and Applicators, Vegetation",Monitoring,2.88,Skills,37,123,two_level_random_sample,EXP_20260416_154815
37-3012.00,"Pesticide Handlers, Sprayers, and Applicators, Vegetation",Social Perceptiveness,3.0,Skills,37,123,two_level_random_sample,EXP_20260416_154815
37-3012.00,"Pesticide Handlers, Sprayers, and Applicators, Vegetation",Coordination,3.0,Skills,37,123,two_level_random_sample,EXP_20260416_154815
37-3012.00,"Pesticide Handlers, Sprayers, and Applicators, Vegetation",Persuasion,2.38,Skills,37,123,two_level_random_sample,EXP_20260416_154815
37-3012.00,"Pesticide Handlers, Sprayers, and Applicators, Vegetation",Negotiation,2.38,Skills,37,123,two_level_random_sample,EXP_20260416_154815
37-3012.00,"Pesticide Handlers, Sprayers, and Applicators, Vegetation",Instructing,2.38,Skills,37,123,two_level_random_sample,EXP_20260416_154815
37-3012.00,"Pesticide Handlers, Sprayers, and Applicators, Vegetation",Service Orientation,2.5,Skills,37,123,two_level_random_sample,EXP_20260416_154815
37-3012.00,"Pesticide Handlers, Sprayers, and Applicators, Vegetation",Complex Problem Solving,3.0,Skills,37,123,two_level_random_sample,EXP_20260416_154815
37-3012.00,"Pesticide Handlers, Sprayers, and Applicators, Vegetation",Operations Analysis,1.25,Skills,37,123,two_level_random_sample,EXP_20260416_154815
37-3012.00,"Pesticide Handlers, Sprayers, and Applicators, Vegetation",Technology Design,1.38,Skills,37,123,two_level_random_sample,EXP_20260416_154815
37-3012.00,"Pesticide Handlers, Sprayers, and Applicators, Vegetation",Equipment Selection,2.25,Skills,37,123,two_level_random_sample,EXP_20260416_154815
37-3012.00,"Pesticide Handlers, Sprayers, and Applicators, Vegetation",Installation,1.0,Skills,37,123,two_level_random_sample,EXP_20260416_154815
37-3012.00,"Pesticide Handlers, Sprayers, and Applicators, Vegetation",Programming,1.0,Skills,37,123,two_level_random_sample,EXP_20260416_154815
37-3012.00,"Pesticide Handlers, Sprayers, and Applicators, Vegetation",Operations Monitoring,3.0,Skills,37,123,two_level_random_sample,EXP_20260416_154815
37-3012.00,"Pesticide Handlers, Sprayers, and Applicators, Vegetation",Operation and Control,3.0,Skills,37,123,two_level_random_sample,EXP_20260416_154815
37-3012.00,"Pesticide Handlers, Sprayers, and Applicators, Vegetation",Equipment Maintenance,2.88,Skills,37,123,two_level_random_sample,EXP_20260416_154815
37-3012.00,"Pesticide Handlers, Sprayers, and Applicators, Vegetation",Troubleshooting,2.25,Skills,37,123,two_level_random_sample,EXP_20260416_154815
37-3012.00,"Pesticide Handlers, Sprayers, and Applicators, Vegetation",Repairing,2.25,Skills,37,123,two_level_random_sample,EXP_20260416_154815
37-3012.00,"Pesticide Handlers, Sprayers, and Applicators, Vegetation",Quality Control Analysis,2.38,Skills,37,123,two_level_random_sample,EXP_20260416_154815
37-3012.00,"Pesticide Handlers, Sprayers, and Applicators, Vegetation",Judgment and Decision Making,3.0,Skills,37,123,two_level_random_sample,EXP_20260416_154815
37-3012.00,"Pesticide Handlers, Sprayers, and Applicators, Vegetation",Systems Analysis,2.12,Skills,37,123,two_level_random_sample,EXP_20260416_154815
37-3012.00,"Pesticide Handlers, Sprayers, and Applicators, Vegetation",Systems Evaluation,2.12,Skills,37,123,two_level_random_sample,EXP_20260416_154815
37-3012.00,"Pesticide Handlers, Sprayers, and Applicators, Vegetation",Time Management,3.12,Skills,37,123,two_level_random_sample,EXP_20260416_154815
37-3012.00,"Pesticide Handlers, Sprayers, and Applicators, Vegetation",Management of Financial Resources,1.75,Skills,37,123,two_level_random_sample,EXP_20260416_154815
37-3012.00,"Pesticide Handlers, Sprayers, and Applicators, Vegetation",Management of Material Resources,1.88,Skills,37,123,two_level_random_sample,EXP_20260416_154815
37-3012.00,"Pesticide Handlers, Sprayers, and Applicators, Vegetation",Management of Personnel Resources,2.5,Skills,37,123,two_level_random_sample,EXP_20260416_154815
37-3013.00,Tree Trimmers and Pruners,Reading Comprehension,2.62,Skills,37,123,two_level_random_sample,EXP_20260416_154815
37-3013.00,Tree Trimmers and Pruners,Active Listening,2.88,Skills,37,123,two_level_random_sample,EXP_20260416_154815
37-3013.00,Tree Trimmers and Pruners,Writing,2.5,Skills,37,123,two_level_random_sample,EXP_20260416_154815
37-3013.00,Tree Trimmers and Pruners,Speaking,3.0,Skills,37,123,two_level_random_sample,EXP_20260416_154815
37-3013.00,Tree Trimmers and Pruners,Mathematics,1.88,Skills,37,123,two_level_random_sample,EXP_20260416_154815
37-3013.00,Tree Trimmers and Pruners,Science,1.75,Skills,37,123,two_level_random_sample,EXP_20260416_154815
37-3013.00,Tree Trimmers and Pruners,Critical Thinking,3.25,Skills,37,123,two_level_random_sample,EXP_20260416_154815
37-3013.00,Tree Trimmers and Pruners,Active Learning,2.62,Skills,37,123,two_level_random_sample,EXP_20260416_154815
37-3013.00,Tree Trimmers and Pruners,Learning Strategies,2.25,Skills,37,123,two_level_random_sample,EXP_20260416_154815
37-3013.00,Tree Trimmers and Pruners,Monitoring,3.12,Skills,37,123,two_level_random_sample,EXP_20260416_154815
37-3013.00,Tree Trimmers and Pruners,Social Perceptiveness,2.62,Skills,37,123,two_level_random_sample,EXP_20260416_154815
37-3013.00,Tree Trimmers and Pruners,Coordination,3.0,Skills,37,123,two_level_random_sample,EXP_20260416_154815
37-3013.00,Tree Trimmers and Pruners,Persuasion,2.38,Skills,37,123,two_level_random_sample,EXP_20260416_154815
37-3013.00,Tree Trimmers and Pruners,Negotiation,2.25,Skills,37,123,two_level_random_sample,EXP_20260416_154815
37-3013.00,Tree Trimmers and Pruners,Instructing,3.0,Skills,37,123,two_level_random_sample,EXP_20260416_154815
37-3013.00,Tree Trimmers and Pruners,Service Orientation,2.88,Skills,37,123,two_level_random_sample,EXP_20260416_154815
37-3013.00,Tree Trimmers and Pruners,Complex Problem Solving,3.12,Skills,37,123,two_level_random_sample,EXP_20260416_154815
37-3013.00,Tree Trimmers and Pruners,Operations Analysis,1.38,Skills,37,123,two_level_random_sample,EXP_20260416_154815
37-3013.00,Tree Trimmers and Pruners,Technology Design,1.62,Skills,37,123,two_level_random_sample,EXP_20260416_154815
37-3013.00,Tree Trimmers and Pruners,Equipment Selection,2.88,Skills,37,123,two_level_random_sample,EXP_20260416_154815
37-3013.00,Tree Trimmers and Pruners,Installation,1.25,Skills,37,123,two_level_random_sample,EXP_20260416_154815
37-3013.00,Tree Trimmers and Pruners,Programming,1.0,Skills,37,123,two_level_random_sample,EXP_20260416_154815
37-3013.00,Tree Trimmers and Pruners,Operations Monitoring,3.62,Skills,37,123,two_level_random_sample,EXP_20260416_154815
37-3013.00,Tree Trimmers and Pruners,Operation and Control,3.75,Skills,37,123,two_level_random_sample,EXP_20260416_154815
37-3013.00,Tree Trimmers and Pruners,Equipment Maintenance,2.75,Skills,37,123,two_level_random_sample,EXP_20260416_154815
37-3013.00,Tree Trimmers and Pruners,Troubleshooting,2.75,Skills,37,123,two_level_random_sample,EXP_20260416_154815
37-3013.00,Tree Trimmers and Pruners,Repairing,2.25,Skills,37,123,two_level_random_sample,EXP_20260416_154815
37-3013.00,Tree Trimmers and Pruners,Quality Control Analysis,2.75,Skills,37,123,two_level_random_sample,EXP_20260416_154815
37-3013.00,Tree Trimmers and Pruners,Judgment and Decision Making,2.75,Skills,37,123,two_level_random_sample,EXP_20260416_154815
37-3013.00,Tree Trimmers and Pruners,Systems Analysis,2.25,Skills,37,123,two_level_random_sample,EXP_20260416_154815
37-3013.00,Tree Trimmers and Pruners,Systems Evaluation,2.0,Skills,37,123,two_level_random_sample,EXP_20260416_154815
37-3013.00,Tree Trimmers and Pruners,Time Management,2.75,Skills,37,123,two_level_random_sample,EXP_20260416_154815
37-3013.00,Tree Trimmers and Pruners,Management of Financial Resources,1.88,Skills,37,123,two_level_random_sample,EXP_20260416_154815
37-3013.00,Tree Trimmers and Pruners,Management of Material Resources,1.88,Skills,37,123,two_level_random_sample,EXP_20260416_154815
37-3013.00,Tree Trimmers and Pruners,Management of Personnel Resources,2.75,Skills,37,123,two_level_random_sample,EXP_20260416_154815
13-1022.00,"Wholesale and Retail Buyers, Except Farm Products",Innovation,1.28,Work_Styles,13,123,two_level_random_sample,EXP_20260416_154815
13-1022.00,"Wholesale and Retail Buyers, Except Farm Products",Achievement Orientation,1.86,Work_Styles,13,123,two_level_random_sample,EXP_20260416_154815
13-1022.00,"Wholesale and Retail Buyers, Except Farm Products",Intellectual Curiosity,1.23,Work_Styles,13,123,two_level_random_sample,EXP_20260416_154815
13-1022.00,"Wholesale and Retail Buyers, Except Farm Products",Tolerance for Ambiguity,1.24,Work_Styles,13,123,two_level_random_sample,EXP_20260416_154815
13-1022.00,"Wholesale and Retail Buyers, Except Farm Products",Initiative,1.53,Work_Styles,13,123,two_level_random_sample,EXP_20260416_154815
13-1022.00,"Wholesale and Retail Buyers, Except Farm Products",Adaptability,1.72,Work_Styles,13,123,two_level_random_sample,EXP_20260416_154815
13-1022.00,"Wholesale and Retail Buyers, Except Farm Products",Self-Confidence,1.98,Work_Styles,13,123,two_level_random_sample,EXP_20260416_154815
13-1022.00,"Wholesale and Retail Buyers, Except Farm Products",Perseverance,1.77,Work_Styles,13,123,two_level_random_sample,EXP_20260416_154815
13-1022.00,"Wholesale and Retail Buyers, Except Farm Products",Leadership Orientation,1.37,Work_Styles,13,123,two_level_random_sample,EXP_20260416_154815
13-1022.00,"Wholesale and Retail Buyers, Except Farm Products",Humility,-0.25,Work_Styles,13,123,two_level_random_sample,EXP_20260416_154815
13-1022.00,"Wholesale and Retail Buyers, Except Farm Products",Sincerity,0.86,Work_Styles,13,123,two_level_random_sample,EXP_20260416_154815
13-1022.00,"Wholesale and Retail Buyers, Except Farm Products",Empathy,0.64,Work_Styles,13,123,two_level_random_sample,EXP_20260416_154815
13-1022.00,"Wholesale and Retail Buyers, Except Farm Products",Cooperation,1.31,Work_Styles,13,123,two_level_random_sample,EXP_20260416_154815
13-1022.00,"Wholesale and Retail Buyers, Except Farm Products",Optimism,0.76,Work_Styles,13,123,two_level_random_sample,EXP_20260416_154815
13-1022.00,"Wholesale and Retail Buyers, Except Farm Products",Social Orientation,1.83,Work_Styles,13,123,two_level_random_sample,EXP_20260416_154815
13-1022.00,"Wholesale and Retail Buyers, Except Farm Products",Cautiousness,1.5,Work_Styles,13,123,two_level_random_sample,EXP_20260416_154815
13-1022.00,"Wholesale and Retail Buyers, Except Farm Products",Attention to Detail,2.28,Work_Styles,13,123,two_level_random_sample,EXP_20260416_154815
13-1022.00,"Wholesale and Retail Buyers, Except Farm Products",Dependability,2.14,Work_Styles,13,123,two_level_random_sample,EXP_20260416_154815
13-1022.00,"Wholesale and Retail Buyers, Except Farm Products",Integrity,1.79,Work_Styles,13,123,two_level_random_sample,EXP_20260416_154815
13-1022.00,"Wholesale and Retail Buyers, Except Farm Products",Stress Tolerance,1.38,Work_Styles,13,123,two_level_random_sample,EXP_20260416_154815
13-1022.00,"Wholesale and Retail Buyers, Except Farm Products",Self-Control,1.31,Work_Styles,13,123,two_level_random_sample,EXP_20260416_154815
13-1023.00,"Purchasing Agents, Except Wholesale, Retail, and Farm Products",Innovation,0.82,Work_Styles,13,123,two_level_random_sample,EXP_20260416_154815
13-1023.00,"Purchasing Agents, Except Wholesale, Retail, and Farm Products",Achievement Orientation,1.77,Work_Styles,13,123,two_level_random_sample,EXP_20260416_154815
13-1023.00,"Purchasing Agents, Except Wholesale, Retail, and Farm Products",Intellectual Curiosity,1.41,Work_Styles,13,123,two_level_random_sample,EXP_20260416_154815
13-1023.00,"Purchasing Agents, Except Wholesale, Retail, and Farm Products",Tolerance for Ambiguity,1.1,Work_Styles,13,123,two_level_random_sample,EXP_20260416_154815
13-1023.00,"Purchasing Agents, Except Wholesale, Retail, and Farm Products",Initiative,1.59,Work_Styles,13,123,two_level_random_sample,EXP_20260416_154815
13-1023.00,"Purchasing Agents, Except Wholesale, Retail, and Farm Products",Adaptability,1.35,Work_Styles,13,123,two_level_random_sample,EXP_20260416_154815
13-1023.00,"Purchasing Agents, Except Wholesale, Retail, and Farm Products",Self-Confidence,2.01,Work_Styles,13,123,two_level_random_sample,EXP_20260416_154815
13-1023.00,"Purchasing Agents, Except Wholesale, Retail, and Farm Products",Perseverance,1.74,Work_Styles,13,123,two_level_random_sample,EXP_20260416_154815
13-1023.00,"Purchasing Agents, Except Wholesale, Retail, and Farm Products",Leadership Orientation,1.26,Work_Styles,13,123,two_level_random_sample,EXP_20260416_154815
13-1023.00,"Purchasing Agents, Except Wholesale, Retail, and Farm Products",Humility,0.5,Work_Styles,13,123,two_level_random_sample,EXP_20260416_154815
13-1023.00,"Purchasing Agents, Except Wholesale, Retail, and Farm Products",Sincerity,0.86,Work_Styles,13,123,two_level_random_sample,EXP_20260416_154815
13-1023.00,"Purchasing Agents, Except Wholesale, Retail, and Farm Products",Empathy,0.62,Work_Styles,13,123,two_level_random_sample,EXP_20260416_154815
13-1023.00,"Purchasing Agents, Except Wholesale, Retail, and Farm Products",Cooperation,1.63,Work_Styles,13,123,two_level_random_sample,EXP_20260416_154815
13-1023.00,"Purchasing Agents, Except Wholesale, Retail, and Farm Products",Optimism,0.52,Work_Styles,13,123,two_level_random_sample,EXP_20260416_154815
13-1023.00,"Purchasing Agents, Except Wholesale, Retail, and Farm Products",Social Orientation,1.4,Work_Styles,13,123,two_level_random_sample,EXP_20260416_154815
13-1023.00,"Purchasing Agents, Except Wholesale, Retail, and Farm Products",Cautiousness,1.56,Work_Styles,13,123,two_level_random_sample,EXP_20260416_154815
13-1023.00,"Purchasing Agents, Except Wholesale, Retail, and Farm Products",Attention to Detail,2.37,Work_Styles,13,123,two_level_random_sample,EXP_20260416_154815
13-1023.00,"Purchasing Agents, Except Wholesale, Retail, and Farm Products",Dependability,2.59,Work_Styles,13,123,two_level_random_sample,EXP_20260416_154815
13-1023.00,"Purchasing Agents, Except Wholesale, Retail, and Farm Products",Integrity,2.28,Work_Styles,13,123,two_level_random_sample,EXP_20260416_154815
13-1023.00,"Purchasing Agents, Except Wholesale, Retail, and Farm Products",Stress Tolerance,1.32,Work_Styles,13,123,two_level_random_sample,EXP_20260416_154815
13-1023.00,"Purchasing Agents, Except Wholesale, Retail, and Farm Products",Self-Control,1.31,Work_Styles,13,123,two_level_random_sample,EXP_20260416_154815
13-1032.00,"Insurance Appraisers, Auto Damage",Innovation,-0.12,Work_Styles,13,123,two_level_random_sample,EXP_20260416_154815
13-1032.00,"Insurance Appraisers, Auto Damage",Achievement Orientation,1.3,Work_Styles,13,123,two_level_random_sample,EXP_20260416_154815
13-1032.00,"Insurance Appraisers, Auto Damage",Intellectual Curiosity,0.76,Work_Styles,13,123,two_level_random_sample,EXP_20260416_154815
13-1032.00,"Insurance Appraisers, Auto Damage",Tolerance for Ambiguity,0.74,Work_Styles,13,123,two_level_random_sample,EXP_20260416_154815
13-1032.00,"Insurance Appraisers, Auto Damage",Initiative,0.49,Work_Styles,13,123,two_level_random_sample,EXP_20260416_154815
13-1032.00,"Insurance Appraisers, Auto Damage",Adaptability,0.86,Work_Styles,13,123,two_level_random_sample,EXP_20260416_154815
13-1032.00,"Insurance Appraisers, Auto Damage",Self-Confidence,1.54,Work_Styles,13,123,two_level_random_sample,EXP_20260416_154815
13-1032.00,"Insurance Appraisers, Auto Damage",Perseverance,1.4,Work_Styles,13,123,two_level_random_sample,EXP_20260416_154815
13-1032.00,"Insurance Appraisers, Auto Damage",Leadership Orientation,0.43,Work_Styles,13,123,two_level_random_sample,EXP_20260416_154815
13-1032.00,"Insurance Appraisers, Auto Damage",Humility,0.67,Work_Styles,13,123,two_level_random_sample,EXP_20260416_154815
13-1032.00,"Insurance Appraisers, Auto Damage",Sincerity,0.76,Work_Styles,13,123,two_level_random_sample,EXP_20260416_154815
13-1032.00,"Insurance Appraisers, Auto Damage",Empathy,0.3,Work_Styles,13,123,two_level_random_sample,EXP_20260416_154815
13-1032.00,"Insurance Appraisers, Auto Damage",Cooperation,1.2,Work_Styles,13,123,two_level_random_sample,EXP_20260416_154815
13-1032.00,"Insurance Appraisers, Auto Damage",Optimism,0.01,Work_Styles,13,123,two_level_random_sample,EXP_20260416_154815
13-1032.00,"Insurance Appraisers, Auto Damage",Social Orientation,1.24,Work_Styles,13,123,two_level_random_sample,EXP_20260416_154815
13-1032.00,"Insurance Appraisers, Auto Damage",Cautiousness,2.03,Work_Styles,13,123,two_level_random_sample,EXP_20260416_154815
13-1032.00,"Insurance Appraisers, Auto Damage",Attention to Detail,2.53,Work_Styles,13,123,two_level_random_sample,EXP_20260416_154815
13-1032.00,"Insurance Appraisers, Auto Damage",Dependability,2.06,Work_Styles,13,123,two_level_random_sample,EXP_20260416_154815
13-1032.00,"Insurance Appraisers, Auto Damage",Integrity,2.13,Work_Styles,13,123,two_level_random_sample,EXP_20260416_154815
13-1032.00,"Insurance Appraisers, Auto Damage",Stress Tolerance,1.38,Work_Styles,13,123,two_level_random_sample,EXP_20260416_154815
13-1032.00,"Insurance Appraisers, Auto Damage",Self-Control,1.5,Work_Styles,13,123,two_level_random_sample,EXP_20260416_154815
13-1041.00,Compliance Officers,Innovation,-0.59,Work_Styles,13,123,two_level_random_sample,EXP_20260416_154815
13-1041.00,Compliance Officers,Achievement Orientation,1.09,Work_Styles,13,123,two_level_random_sample,EXP_20260416_154815
13-1041.00,Compliance Officers,Intellectual Curiosity,0.87,Work_Styles,13,123,two_level_random_sample,EXP_20260416_154815
13-1041.00,Compliance Officers,Tolerance for Ambiguity,0.44,Work_Styles,13,123,two_level_random_sample,EXP_20260416_154815
13-1041.00,Compliance Officers,Initiative,0.65,Work_Styles,13,123,two_level_random_sample,EXP_20260416_154815
13-1041.00,Compliance Officers,Adaptability,0.5,Work_Styles,13,123,two_level_random_sample,EXP_20260416_154815
13-1041.00,Compliance Officers,Self-Confidence,1.21,Work_Styles,13,123,two_level_random_sample,EXP_20260416_154815
13-1041.00,Compliance Officers,Perseverance,1.46,Work_Styles,13,123,two_level_random_sample,EXP_20260416_154815
13-1041.00,Compliance Officers,Leadership Orientation,0.98,Work_Styles,13,123,two_level_random_sample,EXP_20260416_154815
13-1041.00,Compliance Officers,Humility,0.64,Work_Styles,13,123,two_level_random_sample,EXP_20260416_154815
13-1041.00,Compliance Officers,Sincerity,1.28,Work_Styles,13,123,two_level_random_sample,EXP_20260416_154815
13-1041.00,Compliance Officers,Empathy,0.62,Work_Styles,13,123,two_level_random_sample,EXP_20260416_154815
13-1041.00,Compliance Officers,Cooperation,1.41,Work_Styles,13,123,two_level_random_sample,EXP_20260416_154815
13-1041.00,Compliance Officers,Optimism,0.38,Work_Styles,13,123,two_level_random_sample,EXP_20260416_154815
13-1041.00,Compliance Officers,Social Orientation,1.09,Work_Styles,13,123,two_level_random_sample,EXP_20260416_154815
13-1041.00,Compliance Officers,Cautiousness,2.24,Work_Styles,13,123,two_level_random_sample,EXP_20260416_154815
13-1041.00,Compliance Officers,Attention to Detail,2.57,Work_Styles,13,123,two_level_random_sample,EXP_20260416_154815
13-1041.00,Compliance Officers,Dependability,2.59,Work_Styles,13,123,two_level_random_sample,EXP_20260416_154815
13-1041.00,Compliance Officers,Integrity,2.93,Work_Styles,13,123,two_level_random_sample,EXP_20260416_154815
13-1041.00,Compliance Officers,Stress Tolerance,1.43,Work_Styles,13,123,two_level_random_sample,EXP_20260416_154815
13-1041.00,Compliance Officers,Self-Control,1.84,Work_Styles,13,123,two_level_random_sample,EXP_20260416_154815
13-1081.02,Logistics Analysts,Innovation,1.2,Work_Styles,13,123,two_level_random_sample,EXP_20260416_154815
13-1081.02,Logistics Analysts,Achievement Orientation,1.74,Work_Styles,13,123,two_level_random_sample,EXP_20260416_154815
13-1081.02,Logistics Analysts,Intellectual Curiosity,1.64,Work_Styles,13,123,two_level_random_sample,EXP_20260416_154815
13-1081.02,Logistics Analysts,Tolerance for Ambiguity,1.14,Work_Styles,13,123,two_level_random_sample,EXP_20260416_154815
13-1081.02,Logistics Analysts,Initiative,1.18,Work_Styles,13,123,two_level_random_sample,EXP_20260416_154815
13-1081.02,Logistics Analysts,Adaptability,1.61,Work_Styles,13,123,two_level_random_sample,EXP_20260416_154815
13-1081.02,Logistics Analysts,Self-Confidence,1.07,Work_Styles,13,123,two_level_random_sample,EXP_20260416_154815
13-1081.02,Logistics Analysts,Perseverance,1.46,Work_Styles,13,123,two_level_random_sample,EXP_20260416_154815
13-1081.02,Logistics Analysts,Leadership Orientation,0.69,Work_Styles,13,123,two_level_random_sample,EXP_20260416_154815
13-1081.02,Logistics Analysts,Humility,0.34,Work_Styles,13,123,two_level_random_sample,EXP_20260416_154815
13-1081.02,Logistics Analysts,Sincerity,0.5,Work_Styles,13,123,two_level_random_sample,EXP_20260416_154815
13-1081.02,Logistics Analysts,Empathy,0.1,Work_Styles,13,123,two_level_random_sample,EXP_20260416_154815
13-1081.02,Logistics Analysts,Cooperation,0.9,Work_Styles,13,123,two_level_random_sample,EXP_20260416_154815
13-1081.02,Logistics Analysts,Optimism,0.24,Work_Styles,13,123,two_level_random_sample,EXP_20260416_154815
13-1081.02,Logistics Analysts,Social Orientation,0.54,Work_Styles,13,123,two_level_random_sample,EXP_20260416_154815
13-1081.02,Logistics Analysts,Cautiousness,1.82,Work_Styles,13,123,two_level_random_sample,EXP_20260416_154815
13-1081.02,Logistics Analysts,Attention to Detail,2.57,Work_Styles,13,123,two_level_random_sample,EXP_20260416_154815
13-1081.02,Logistics Analysts,Dependability,2.47,Work_Styles,13,123,two_level_random_sample,EXP_20260416_154815
13-1081.02,Logistics Analysts,Integrity,1.73,Work_Styles,13,123,two_level_random_sample,EXP_20260416_154815
13-1081.02,Logistics Analysts,Stress Tolerance,1.24,Work_Styles,13,123,two_level_random_sample,EXP_20260416_154815
13-1081.02,Logistics Analysts,Self-Control,1.14,Work_Styles,13,123,two_level_random_sample,EXP_20260416_154815
13-1161.01,Search Marketing Strategists,Innovation,2.27,Work_Styles,13,123,two_level_random_sample,EXP_20260416_154815
13-1161.01,Search Marketing Strategists,Achievement Orientation,2.14,Work_Styles,13,123,two_level_random_sample,EXP_20260416_154815
13-1161.01,Search Marketing Strategists,Intellectual Curiosity,2.12,Work_Styles,13,123,two_level_random_sample,EXP_20260416_154815
13-1161.01,Search Marketing Strategists,Tolerance for Ambiguity,1.78,Work_Styles,13,123,two_level_random_sample,EXP_20260416_154815
13-1161.01,Search Marketing Strategists,Initiative,1.96,Work_Styles,13,123,two_level_random_sample,EXP_20260416_154815
13-1161.01,Search Marketing Strategists,Adaptability,2.26,Work_Styles,13,123,two_level_random_sample,EXP_20260416_154815
13-1161.01,Search Marketing Strategists,Self-Confidence,1.7,Work_Styles,13,123,two_level_random_sample,EXP_20260416_154815
13-1161.01,Search Marketing Strategists,Perseverance,1.74,Work_Styles,13,123,two_level_random_sample,EXP_20260416_154815
13-1161.01,Search Marketing Strategists,Leadership Orientation,1.06,Work_Styles,13,123,two_level_random_sample,EXP_20260416_154815
13-1161.01,Search Marketing Strategists,Humility,-0.32,Work_Styles,13,123,two_level_random_sample,EXP_20260416_154815
13-1161.01,Search Marketing Strategists,Sincerity,0.58,Work_Styles,13,123,two_level_random_sample,EXP_20260416_154815
13-1161.01,Search Marketing Strategists,Empathy,0.28,Work_Styles,13,123,two_level_random_sample,EXP_20260416_154815
13-1161.01,Search Marketing Strategists,Cooperation,1.57,Work_Styles,13,123,two_level_random_sample,EXP_20260416_154815
13-1161.01,Search Marketing Strategists,Optimism,0.64,Work_Styles,13,123,two_level_random_sample,EXP_20260416_154815
13-1161.01,Search Marketing Strategists,Social Orientation,1.21,Work_Styles,13,123,two_level_random_sample,EXP_20260416_154815
13-1161.01,Search Marketing Strategists,Cautiousness,0.67,Work_Styles,13,123,two_level_random_sample,EXP_20260416_154815
13-1161.01,Search Marketing Strategists,Attention to Detail,2.37,Work_Styles,13,123,two_level_random_sample,EXP_20260416_154815
13-1161.01,Search Marketing Strategists,Dependability,2.01,Work_Styles,13,123,two_level_random_sample,EXP_20260416_154815
13-1161.01,Search Marketing Strategists,Integrity,1.45,Work_Styles,13,123,two_level_random_sample,EXP_20260416_154815
13-1161.01,Search Marketing Strategists,Stress Tolerance,1.24,Work_Styles,13,123,two_level_random_sample,EXP_20260416_154815
13-1161.01,Search Marketing Strategists,Self-Control,0.75,Work_Styles,13,123,two_level_random_sample,EXP_20260416_154815
13-1199.06,Online Merchants,Innovation,1.39,Work_Styles,13,123,two_level_random_sample,EXP_20260416_154815
13-1199.06,Online Merchants,Achievement Orientation,1.98,Work_Styles,13,123,two_level_random_sample,EXP_20260416_154815
13-1199.06,Online Merchants,Intellectual Curiosity,1.02,Work_Styles,13,123,two_level_random_sample,EXP_20260416_154815
13-1199.06,Online Merchants,Tolerance for Ambiguity,1.16,Work_Styles,13,123,two_level_random_sample,EXP_20260416_154815
13-1199.06,Online Merchants,Initiative,1.79,Work_Styles,13,123,two_level_random_sample,EXP_20260416_154815
13-1199.06,Online Merchants,Adaptability,1.79,Work_Styles,13,123,two_level_random_sample,EXP_20260416_154815
13-1199.06,Online Merchants,Self-Confidence,1.57,Work_Styles,13,123,two_level_random_sample,EXP_20260416_154815
13-1199.06,Online Merchants,Perseverance,1.77,Work_Styles,13,123,two_level_random_sample,EXP_20260416_154815
13-1199.06,Online Merchants,Leadership Orientation,0.88,Work_Styles,13,123,two_level_random_sample,EXP_20260416_154815
13-1199.06,Online Merchants,Humility,-0.2,Work_Styles,13,123,two_level_random_sample,EXP_20260416_154815
13-1199.06,Online Merchants,Sincerity,0.9,Work_Styles,13,123,two_level_random_sample,EXP_20260416_154815
13-1199.06,Online Merchants,Empathy,0.82,Work_Styles,13,123,two_level_random_sample,EXP_20260416_154815
13-1199.06,Online Merchants,Cooperation,0.95,Work_Styles,13,123,two_level_random_sample,EXP_20260416_154815
13-1199.06,Online Merchants,Optimism,1.04,Work_Styles,13,123,two_level_random_sample,EXP_20260416_154815
13-1199.06,Online Merchants,Social Orientation,0.88,Work_Styles,13,123,two_level_random_sample,EXP_20260416_154815
13-1199.06,Online Merchants,Cautiousness,0.79,Work_Styles,13,123,two_level_random_sample,EXP_20260416_154815
13-1199.06,Online Merchants,Attention to Detail,2.22,Work_Styles,13,123,two_level_random_sample,EXP_20260416_154815
13-1199.06,Online Merchants,Dependability,2.41,Work_Styles,13,123,two_level_random_sample,EXP_20260416_154815
13-1199.06,Online Merchants,Integrity,1.96,Work_Styles,13,123,two_level_random_sample,EXP_20260416_154815
13-1199.06,Online Merchants,Stress Tolerance,1.14,Work_Styles,13,123,two_level_random_sample,EXP_20260416_154815
13-1199.06,Online Merchants,Self-Control,1.19,Work_Styles,13,123,two_level_random_sample,EXP_20260416_154815
13-2099.01,Financial Quantitative Analysts,Innovation,1.92,Work_Styles,13,123,two_level_random_sample,EXP_20260416_154815
13-2099.01,Financial Quantitative Analysts,Achievement Orientation,2.24,Work_Styles,13,123,two_level_random_sample,EXP_20260416_154815
13-2099.01,Financial Quantitative Analysts,Intellectual Curiosity,2.33,Work_Styles,13,123,two_level_random_sample,EXP_20260416_154815
13-2099.01,Financial Quantitative Analysts,Tolerance for Ambiguity,1.95,Work_Styles,13,123,two_level_random_sample,EXP_20260416_154815
13-2099.01,Financial Quantitative Analysts,Initiative,1.02,Work_Styles,13,123,two_level_random_sample,EXP_20260416_154815
13-2099.01,Financial Quantitative Analysts,Adaptability,1.38,Work_Styles,13,123,two_level_random_sample,EXP_20260416_154815
13-2099.01,Financial Quantitative Analysts,Self-Confidence,1.13,Work_Styles,13,123,two_level_random_sample,EXP_20260416_154815
13-2099.01,Financial Quantitative Analysts,Perseverance,1.77,Work_Styles,13,123,two_level_random_sample,EXP_20260416_154815
13-2099.01,Financial Quantitative Analysts,Leadership Orientation,0.23,Work_Styles,13,123,two_level_random_sample,EXP_20260416_154815
13-2099.01,Financial Quantitative Analysts,Humility,-0.47,Work_Styles,13,123,two_level_random_sample,EXP_20260416_154815
13-2099.01,Financial Quantitative Analysts,Sincerity,0.24,Work_Styles,13,123,two_level_random_sample,EXP_20260416_154815
13-2099.01,Financial Quantitative Analysts,Empathy,0.05,Work_Styles,13,123,two_level_random_sample,EXP_20260416_154815
13-2099.01,Financial Quantitative Analysts,Cooperation,0.9,Work_Styles,13,123,two_level_random_sample,EXP_20260416_154815
13-2099.01,Financial Quantitative Analysts,Optimism,-0.11,Work_Styles,13,123,two_level_random_sample,EXP_20260416_154815
13-2099.01,Financial Quantitative Analysts,Social Orientation,0.22,Work_Styles,13,123,two_level_random_sample,EXP_20260416_154815
13-2099.01,Financial Quantitative Analysts,Cautiousness,2.32,Work_Styles,13,123,two_level_random_sample,EXP_20260416_154815
13-2099.01,Financial Quantitative Analysts,Attention to Detail,3.0,Work_Styles,13,123,two_level_random_sample,EXP_20260416_154815
13-2099.01,Financial Quantitative Analysts,Dependability,2.41,Work_Styles,13,123,two_level_random_sample,EXP_20260416_154815
13-2099.01,Financial Quantitative Analysts,Integrity,2.24,Work_Styles,13,123,two_level_random_sample,EXP_20260416_154815
13-2099.01,Financial Quantitative Analysts,Stress Tolerance,1.8,Work_Styles,13,123,two_level_random_sample,EXP_20260416_154815
13-2099.01,Financial Quantitative Analysts,Self-Control,1.34,Work_Styles,13,123,two_level_random_sample,EXP_20260416_154815
15-1211.01,Health Informatics Specialists,Innovation,2.27,Work_Styles,15,123,two_level_random_sample,EXP_20260416_154815
15-1211.01,Health Informatics Specialists,Achievement Orientation,1.95,Work_Styles,15,123,two_level_random_sample,EXP_20260416_154815
15-1211.01,Health Informatics Specialists,Intellectual Curiosity,2.41,Work_Styles,15,123,two_level_random_sample,EXP_20260416_154815
15-1211.01,Health Informatics Specialists,Tolerance for Ambiguity,1.6,Work_Styles,15,123,two_level_random_sample,EXP_20260416_154815
15-1211.01,Health Informatics Specialists,Initiative,1.72,Work_Styles,15,123,two_level_random_sample,EXP_20260416_154815
15-1211.01,Health Informatics Specialists,Adaptability,2.26,Work_Styles,15,123,two_level_random_sample,EXP_20260416_154815
15-1211.01,Health Informatics Specialists,Self-Confidence,1.57,Work_Styles,15,123,two_level_random_sample,EXP_20260416_154815
15-1211.01,Health Informatics Specialists,Perseverance,1.61,Work_Styles,15,123,two_level_random_sample,EXP_20260416_154815
15-1211.01,Health Informatics Specialists,Leadership Orientation,1.29,Work_Styles,15,123,two_level_random_sample,EXP_20260416_154815
15-1211.01,Health Informatics Specialists,Humility,0.75,Work_Styles,15,123,two_level_random_sample,EXP_20260416_154815
15-1211.01,Health Informatics Specialists,Sincerity,1.41,Work_Styles,15,123,two_level_random_sample,EXP_20260416_154815
15-1211.01,Health Informatics Specialists,Empathy,1.38,Work_Styles,15,123,two_level_random_sample,EXP_20260416_154815
15-1211.01,Health Informatics Specialists,Cooperation,2.26,Work_Styles,15,123,two_level_random_sample,EXP_20260416_154815
15-1211.01,Health Informatics Specialists,Optimism,0.82,Work_Styles,15,123,two_level_random_sample,EXP_20260416_154815
15-1211.01,Health Informatics Specialists,Social Orientation,1.65,Work_Styles,15,123,two_level_random_sample,EXP_20260416_154815
15-1211.01,Health Informatics Specialists,Cautiousness,2.35,Work_Styles,15,123,two_level_random_sample,EXP_20260416_154815
15-1211.01,Health Informatics Specialists,Attention to Detail,2.77,Work_Styles,15,123,two_level_random_sample,EXP_20260416_154815
15-1211.01,Health Informatics Specialists,Dependability,2.59,Work_Styles,15,123,two_level_random_sample,EXP_20260416_154815
15-1211.01,Health Informatics Specialists,Integrity,2.51,Work_Styles,15,123,two_level_random_sample,EXP_20260416_154815
15-1211.01,Health Informatics Specialists,Stress Tolerance,1.64,Work_Styles,15,123,two_level_random_sample,EXP_20260416_154815
15-1211.01,Health Informatics Specialists,Self-Control,1.56,Work_Styles,15,123,two_level_random_sample,EXP_20260416_154815
15-1212.00,Information Security Analysts,Innovation,2.36,Work_Styles,15,123,two_level_random_sample,EXP_20260416_154815
15-1212.00,Information Security Analysts,Achievement Orientation,2.04,Work_Styles,15,123,two_level_random_sample,EXP_20260416_154815
15-1212.00,Information Security Analysts,Intellectual Curiosity,2.37,Work_Styles,15,123,two_level_random_sample,EXP_20260416_154815
15-1212.00,Information Security Analysts,Tolerance for Ambiguity,1.66,Work_Styles,15,123,two_level_random_sample,EXP_20260416_154815
15-1212.00,Information Security Analysts,Initiative,2.03,Work_Styles,15,123,two_level_random_sample,EXP_20260416_154815
15-1212.00,Information Security Analysts,Adaptability,2.09,Work_Styles,15,123,two_level_random_sample,EXP_20260416_154815
15-1212.00,Information Security Analysts,Self-Confidence,1.38,Work_Styles,15,123,two_level_random_sample,EXP_20260416_154815
15-1212.00,Information Security Analysts,Perseverance,2.15,Work_Styles,15,123,two_level_random_sample,EXP_20260416_154815
15-1212.00,Information Security Analysts,Leadership Orientation,1.16,Work_Styles,15,123,two_level_random_sample,EXP_20260416_154815
15-1212.00,Information Security Analysts,Humility,0.15,Work_Styles,15,123,two_level_random_sample,EXP_20260416_154815
15-1212.00,Information Security Analysts,Sincerity,0.82,Work_Styles,15,123,two_level_random_sample,EXP_20260416_154815
15-1212.00,Information Security Analysts,Empathy,0.32,Work_Styles,15,123,two_level_random_sample,EXP_20260416_154815
15-1212.00,Information Security Analysts,Cooperation,1.08,Work_Styles,15,123,two_level_random_sample,EXP_20260416_154815
15-1212.00,Information Security Analysts,Optimism,-0.01,Work_Styles,15,123,two_level_random_sample,EXP_20260416_154815
15-1212.00,Information Security Analysts,Social Orientation,0.56,Work_Styles,15,123,two_level_random_sample,EXP_20260416_154815
15-1212.00,Information Security Analysts,Cautiousness,2.78,Work_Styles,15,123,two_level_random_sample,EXP_20260416_154815
15-1212.00,Information Security Analysts,Attention to Detail,3.0,Work_Styles,15,123,two_level_random_sample,EXP_20260416_154815
15-1212.00,Information Security Analysts,Dependability,2.65,Work_Styles,15,123,two_level_random_sample,EXP_20260416_154815
15-1212.00,Information Security Analysts,Integrity,2.93,Work_Styles,15,123,two_level_random_sample,EXP_20260416_154815
15-1212.00,Information Security Analysts,Stress Tolerance,1.96,Work_Styles,15,123,two_level_random_sample,EXP_20260416_154815
15-1212.00,Information Security Analysts,Self-Control,1.7,Work_Styles,15,123,two_level_random_sample,EXP_20260416_154815
15-1221.00,Computer and Information Research Scientists,Innovation,2.83,Work_Styles,15,123,two_level_random_sample,EXP_20260416_154815
15-1221.00,Computer and Information Research Scientists,Achievement Orientation,2.24,Work_Styles,15,123,two_level_random_sample,EXP_20260416_154815
15-1221.00,Computer and Information Research Scientists,Intellectual Curiosity,3.0,Work_Styles,15,123,two_level_random_sample,EXP_20260416_154815
15-1221.00,Computer and Information Research Scientists,Tolerance for Ambiguity,1.95,Work_Styles,15,123,two_level_random_sample,EXP_20260416_154815
15-1221.00,Computer and Information Research Scientists,Initiative,2.0,Work_Styles,15,123,two_level_random_sample,EXP_20260416_154815
15-1221.00,Computer and Information Research Scientists,Adaptability,2.3,Work_Styles,15,123,two_level_random_sample,EXP_20260416_154815
15-1221.00,Computer and Information Research Scientists,Self-Confidence,1.63,Work_Styles,15,123,two_level_random_sample,EXP_20260416_154815
15-1221.00,Computer and Information Research Scientists,Perseverance,2.01,Work_Styles,15,123,two_level_random_sample,EXP_20260416_154815
15-1221.00,Computer and Information Research Scientists,Leadership Orientation,1.03,Work_Styles,15,123,two_level_random_sample,EXP_20260416_154815
15-1221.00,Computer and Information Research Scientists,Humility,0.5,Work_Styles,15,123,two_level_random_sample,EXP_20260416_154815
15-1221.00,Computer and Information Research Scientists,Sincerity,0.63,Work_Styles,15,123,two_level_random_sample,EXP_20260416_154815
15-1221.00,Computer and Information Research Scientists,Empathy,0.3,Work_Styles,15,123,two_level_random_sample,EXP_20260416_154815
15-1221.00,Computer and Information Research Scientists,Cooperation,0.92,Work_Styles,15,123,two_level_random_sample,EXP_20260416_154815
15-1221.00,Computer and Information Research Scientists,Optimism,0.38,Work_Styles,15,123,two_level_random_sample,EXP_20260416_154815
15-1221.00,Computer and Information Research Scientists,Social Orientation,0.61,Work_Styles,15,123,two_level_random_sample,EXP_20260416_154815
15-1221.00,Computer and Information Research Scientists,Cautiousness,1.44,Work_Styles,15,123,two_level_random_sample,EXP_20260416_154815
15-1221.00,Computer and Information Research Scientists,Attention to Detail,2.5,Work_Styles,15,123,two_level_random_sample,EXP_20260416_154815
15-1221.00,Computer and Information Research Scientists,Dependability,2.14,Work_Styles,15,123,two_level_random_sample,EXP_20260416_154815
15-1221.00,Computer and Information Research Scientists,Integrity,1.89,Work_Styles,15,123,two_level_random_sample,EXP_20260416_154815
15-1221.00,Computer and Information Research Scientists,Stress Tolerance,0.97,Work_Styles,15,123,two_level_random_sample,EXP_20260416_154815
15-1221.00,Computer and Information Research Scientists,Self-Control,1.03,Work_Styles,15,123,two_level_random_sample,EXP_20260416_154815
15-1242.00,Database Administrators,Innovation,1.23,Work_Styles,15,123,two_level_random_sample,EXP_20260416_154815
15-1242.00,Database Administrators,Achievement Orientation,1.77,Work_Styles,15,123,two_level_random_sample,EXP_20260416_154815
15-1242.00,Database Administrators,Intellectual Curiosity,2.2,Work_Styles,15,123,two_level_random_sample,EXP_20260416_154815
15-1242.00,Database Administrators,Tolerance for Ambiguity,1.31,Work_Styles,15,123,two_level_random_sample,EXP_20260416_154815
15-1242.00,Database Administrators,Initiative,1.47,Work_Styles,15,123,two_level_random_sample,EXP_20260416_154815
15-1242.00,Database Administrators,Adaptability,1.72,Work_Styles,15,123,two_level_random_sample,EXP_20260416_154815
15-1242.00,Database Administrators,Self-Confidence,1.15,Work_Styles,15,123,two_level_random_sample,EXP_20260416_154815
15-1242.00,Database Administrators,Perseverance,1.67,Work_Styles,15,123,two_level_random_sample,EXP_20260416_154815
15-1242.00,Database Administrators,Leadership Orientation,0.9,Work_Styles,15,123,two_level_random_sample,EXP_20260416_154815
15-1242.00,Database Administrators,Humility,0.34,Work_Styles,15,123,two_level_random_sample,EXP_20260416_154815
15-1242.00,Database Administrators,Sincerity,0.53,Work_Styles,15,123,two_level_random_sample,EXP_20260416_154815
15-1242.00,Database Administrators,Empathy,-0.01,Work_Styles,15,123,two_level_random_sample,EXP_20260416_154815
15-1242.00,Database Administrators,Cooperation,1.2,Work_Styles,15,123,two_level_random_sample,EXP_20260416_154815
15-1242.00,Database Administrators,Optimism,0.11,Work_Styles,15,123,two_level_random_sample,EXP_20260416_154815
15-1242.00,Database Administrators,Social Orientation,0.27,Work_Styles,15,123,two_level_random_sample,EXP_20260416_154815
15-1242.00,Database Administrators,Cautiousness,2.47,Work_Styles,15,123,two_level_random_sample,EXP_20260416_154815
15-1242.00,Database Administrators,Attention to Detail,3.0,Work_Styles,15,123,two_level_random_sample,EXP_20260416_154815
15-1242.00,Database Administrators,Dependability,2.65,Work_Styles,15,123,two_level_random_sample,EXP_20260416_154815
15-1242.00,Database Administrators,Integrity,2.32,Work_Styles,15,123,two_level_random_sample,EXP_20260416_154815
15-1242.00,Database Administrators,Stress Tolerance,1.19,Work_Styles,15,123,two_level_random_sample,EXP_20260416_154815
15-1242.00,Database Administrators,Self-Control,1.14,Work_Styles,15,123,two_level_random_sample,EXP_20260416_154815
15-1252.00,Software Developers,Innovation,2.51,Work_Styles,15,123,two_level_random_sample,EXP_20260416_154815
15-1252.00,Software Developers,Achievement Orientation,2.14,Work_Styles,15,123,two_level_random_sample,EXP_20260416_154815
15-1252.00,Software Developers,Intellectual Curiosity,2.33,Work_Styles,15,123,two_level_random_sample,EXP_20260416_154815
15-1252.00,Software Developers,Tolerance for Ambiguity,1.72,Work_Styles,15,123,two_level_random_sample,EXP_20260416_154815
15-1252.00,Software Developers,Initiative,1.59,Work_Styles,15,123,two_level_random_sample,EXP_20260416_154815
15-1252.00,Software Developers,Adaptability,2.09,Work_Styles,15,123,two_level_random_sample,EXP_20260416_154815
15-1252.00,Software Developers,Self-Confidence,1.47,Work_Styles,15,123,two_level_random_sample,EXP_20260416_154815
15-1252.00,Software Developers,Perseverance,1.77,Work_Styles,15,123,two_level_random_sample,EXP_20260416_154815
15-1252.00,Software Developers,Leadership Orientation,1.13,Work_Styles,15,123,two_level_random_sample,EXP_20260416_154815
15-1252.00,Software Developers,Humility,0.56,Work_Styles,15,123,two_level_random_sample,EXP_20260416_154815
15-1252.00,Software Developers,Sincerity,0.67,Work_Styles,15,123,two_level_random_sample,EXP_20260416_154815
15-1252.00,Software Developers,Empathy,0.41,Work_Styles,15,123,two_level_random_sample,EXP_20260416_154815
15-1252.00,Software Developers,Cooperation,1.2,Work_Styles,15,123,two_level_random_sample,EXP_20260416_154815
15-1252.00,Software Developers,Optimism,0.49,Work_Styles,15,123,two_level_random_sample,EXP_20260416_154815
15-1252.00,Software Developers,Social Orientation,0.86,Work_Styles,15,123,two_level_random_sample,EXP_20260416_154815
15-1252.00,Software Developers,Cautiousness,1.76,Work_Styles,15,123,two_level_random_sample,EXP_20260416_154815
15-1252.00,Software Developers,Attention to Detail,2.67,Work_Styles,15,123,two_level_random_sample,EXP_20260416_154815
15-1252.00,Software Developers,Dependability,2.41,Work_Styles,15,123,two_level_random_sample,EXP_20260416_154815
15-1252.00,Software Developers,Integrity,1.79,Work_Styles,15,123,two_level_random_sample,EXP_20260416_154815
15-1252.00,Software Developers,Stress Tolerance,1.27,Work_Styles,15,123,two_level_random_sample,EXP_20260416_154815
15-1252.00,Software Developers,Self-Control,0.7,Work_Styles,15,123,two_level_random_sample,EXP_20260416_154815
15-2021.00,Mathematicians,Innovation,2.51,Work_Styles,15,123,two_level_random_sample,EXP_20260416_154815
15-2021.00,Mathematicians,Achievement Orientation,2.14,Work_Styles,15,123,two_level_random_sample,EXP_20260416_154815
15-2021.00,Mathematicians,Intellectual Curiosity,3.0,Work_Styles,15,123,two_level_random_sample,EXP_20260416_154815
15-2021.00,Mathematicians,Tolerance for Ambiguity,1.97,Work_Styles,15,123,two_level_random_sample,EXP_20260416_154815
15-2021.00,Mathematicians,Initiative,1.47,Work_Styles,15,123,two_level_random_sample,EXP_20260416_154815
15-2021.00,Mathematicians,Adaptability,1.26,Work_Styles,15,123,two_level_random_sample,EXP_20260416_154815
15-2021.00,Mathematicians,Self-Confidence,1.32,Work_Styles,15,123,two_level_random_sample,EXP_20260416_154815
15-2021.00,Mathematicians,Perseverance,2.08,Work_Styles,15,123,two_level_random_sample,EXP_20260416_154815
15-2021.00,Mathematicians,Leadership Orientation,-0.09,Work_Styles,15,123,two_level_random_sample,EXP_20260416_154815
15-2021.00,Mathematicians,Humility,0.34,Work_Styles,15,123,two_level_random_sample,EXP_20260416_154815
15-2021.00,Mathematicians,Sincerity,0.23,Work_Styles,15,123,two_level_random_sample,EXP_20260416_154815
15-2021.00,Mathematicians,Empathy,-0.03,Work_Styles,15,123,two_level_random_sample,EXP_20260416_154815
15-2021.00,Mathematicians,Cooperation,0.55,Work_Styles,15,123,two_level_random_sample,EXP_20260416_154815
15-2021.00,Mathematicians,Optimism,0.15,Work_Styles,15,123,two_level_random_sample,EXP_20260416_154815
15-2021.00,Mathematicians,Social Orientation,0.04,Work_Styles,15,123,two_level_random_sample,EXP_20260416_154815
15-2021.00,Mathematicians,Cautiousness,1.82,Work_Styles,15,123,two_level_random_sample,EXP_20260416_154815
15-2021.00,Mathematicians,Attention to Detail,3.0,Work_Styles,15,123,two_level_random_sample,EXP_20260416_154815
15-2021.00,Mathematicians,Dependability,1.98,Work_Styles,15,123,two_level_random_sample,EXP_20260416_154815
15-2021.00,Mathematicians,Integrity,1.7,Work_Styles,15,123,two_level_random_sample,EXP_20260416_154815
15-2021.00,Mathematicians,Stress Tolerance,0.86,Work_Styles,15,123,two_level_random_sample,EXP_20260416_154815
15-2021.00,Mathematicians,Self-Control,0.44,Work_Styles,15,123,two_level_random_sample,EXP_20260416_154815
15-2051.02,Clinical Data Managers,Innovation,1.2,Work_Styles,15,123,two_level_random_sample,EXP_20260416_154815
15-2051.02,Clinical Data Managers,Achievement Orientation,1.92,Work_Styles,15,123,two_level_random_sample,EXP_20260416_154815
15-2051.02,Clinical Data Managers,Intellectual Curiosity,2.12,Work_Styles,15,123,two_level_random_sample,EXP_20260416_154815
15-2051.02,Clinical Data Managers,Tolerance for Ambiguity,1.2,Work_Styles,15,123,two_level_random_sample,EXP_20260416_154815
15-2051.02,Clinical Data Managers,Initiative,1.35,Work_Styles,15,123,two_level_random_sample,EXP_20260416_154815
15-2051.02,Clinical Data Managers,Adaptability,1.44,Work_Styles,15,123,two_level_random_sample,EXP_20260416_154815
15-2051.02,Clinical Data Managers,Self-Confidence,1.18,Work_Styles,15,123,two_level_random_sample,EXP_20260416_154815
15-2051.02,Clinical Data Managers,Perseverance,1.64,Work_Styles,15,123,two_level_random_sample,EXP_20260416_154815
15-2051.02,Clinical Data Managers,Leadership Orientation,1.26,Work_Styles,15,123,two_level_random_sample,EXP_20260416_154815
15-2051.02,Clinical Data Managers,Humility,0.58,Work_Styles,15,123,two_level_random_sample,EXP_20260416_154815
15-2051.02,Clinical Data Managers,Sincerity,0.78,Work_Styles,15,123,two_level_random_sample,EXP_20260416_154815
15-2051.02,Clinical Data Managers,Empathy,0.25,Work_Styles,15,123,two_level_random_sample,EXP_20260416_154815
15-2051.02,Clinical Data Managers,Cooperation,1.57,Work_Styles,15,123,two_level_random_sample,EXP_20260416_154815
15-2051.02,Clinical Data Managers,Optimism,0.22,Work_Styles,15,123,two_level_random_sample,EXP_20260416_154815
15-2051.02,Clinical Data Managers,Social Orientation,0.68,Work_Styles,15,123,two_level_random_sample,EXP_20260416_154815
15-2051.02,Clinical Data Managers,Cautiousness,2.39,Work_Styles,15,123,two_level_random_sample,EXP_20260416_154815
15-2051.02,Clinical Data Managers,Attention to Detail,3.0,Work_Styles,15,123,two_level_random_sample,EXP_20260416_154815
15-2051.02,Clinical Data Managers,Dependability,2.65,Work_Styles,15,123,two_level_random_sample,EXP_20260416_154815
15-2051.02,Clinical Data Managers,Integrity,2.47,Work_Styles,15,123,two_level_random_sample,EXP_20260416_154815
15-2051.02,Clinical Data Managers,Stress Tolerance,1.43,Work_Styles,15,123,two_level_random_sample,EXP_20260416_154815
15-2051.02,Clinical Data Managers,Self-Control,1.19,Work_Styles,15,123,two_level_random_sample,EXP_20260416_154815
15-2099.01,Bioinformatics Technicians,Innovation,2.12,Work_Styles,15,123,two_level_random_sample,EXP_20260416_154815
15-2099.01,Bioinformatics Technicians,Achievement Orientation,1.92,Work_Styles,15,123,two_level_random_sample,EXP_20260416_154815
15-2099.01,Bioinformatics Technicians,Intellectual Curiosity,2.54,Work_Styles,15,123,two_level_random_sample,EXP_20260416_154815
15-2099.01,Bioinformatics Technicians,Tolerance for Ambiguity,1.62,Work_Styles,15,123,two_level_random_sample,EXP_20260416_154815
15-2099.01,Bioinformatics Technicians,Initiative,1.15,Work_Styles,15,123,two_level_random_sample,EXP_20260416_154815
15-2099.01,Bioinformatics Technicians,Adaptability,2.25,Work_Styles,15,123,two_level_random_sample,EXP_20260416_154815
15-2099.01,Bioinformatics Technicians,Self-Confidence,0.94,Work_Styles,15,123,two_level_random_sample,EXP_20260416_154815
15-2099.01,Bioinformatics Technicians,Perseverance,1.64,Work_Styles,15,123,two_level_random_sample,EXP_20260416_154815
15-2099.01,Bioinformatics Technicians,Leadership Orientation,-0.24,Work_Styles,15,123,two_level_random_sample,EXP_20260416_154815
15-2099.01,Bioinformatics Technicians,Humility,0.45,Work_Styles,15,123,two_level_random_sample,EXP_20260416_154815
15-2099.01,Bioinformatics Technicians,Sincerity,0.4,Work_Styles,15,123,two_level_random_sample,EXP_20260416_154815
15-2099.01,Bioinformatics Technicians,Empathy,-0.02,Work_Styles,15,123,two_level_random_sample,EXP_20260416_154815
15-2099.01,Bioinformatics Technicians,Cooperation,1.41,Work_Styles,15,123,two_level_random_sample,EXP_20260416_154815
15-2099.01,Bioinformatics Technicians,Optimism,0.13,Work_Styles,15,123,two_level_random_sample,EXP_20260416_154815
15-2099.01,Bioinformatics Technicians,Social Orientation,0.27,Work_Styles,15,123,two_level_random_sample,EXP_20260416_154815
15-2099.01,Bioinformatics Technicians,Cautiousness,2.06,Work_Styles,15,123,two_level_random_sample,EXP_20260416_154815
15-2099.01,Bioinformatics Technicians,Attention to Detail,2.88,Work_Styles,15,123,two_level_random_sample,EXP_20260416_154815
15-2099.01,Bioinformatics Technicians,Dependability,2.36,Work_Styles,15,123,two_level_random_sample,EXP_20260416_154815
15-2099.01,Bioinformatics Technicians,Integrity,1.76,Work_Styles,15,123,two_level_random_sample,EXP_20260416_154815
15-2099.01,Bioinformatics Technicians,Stress Tolerance,1.09,Work_Styles,15,123,two_level_random_sample,EXP_20260416_154815
15-2099.01,Bioinformatics Technicians,Self-Control,0.48,Work_Styles,15,123,two_level_random_sample,EXP_20260416_154815
17-1021.00,Cartographers and Photogrammetrists,Innovation,1.41,Work_Styles,17,123,two_level_random_sample,EXP_20260416_154815
17-1021.00,Cartographers and Photogrammetrists,Achievement Orientation,1.63,Work_Styles,17,123,two_level_random_sample,EXP_20260416_154815
17-1021.00,Cartographers and Photogrammetrists,Intellectual Curiosity,2.12,Work_Styles,17,123,two_level_random_sample,EXP_20260416_154815
17-1021.00,Cartographers and Photogrammetrists,Tolerance for Ambiguity,1.08,Work_Styles,17,123,two_level_random_sample,EXP_20260416_154815
17-1021.00,Cartographers and Photogrammetrists,Initiative,0.87,Work_Styles,17,123,two_level_random_sample,EXP_20260416_154815
17-1021.00,Cartographers and Photogrammetrists,Adaptability,1.19,Work_Styles,17,123,two_level_random_sample,EXP_20260416_154815
17-1021.00,Cartographers and Photogrammetrists,Self-Confidence,1.02,Work_Styles,17,123,two_level_random_sample,EXP_20260416_154815
17-1021.00,Cartographers and Photogrammetrists,Perseverance,1.31,Work_Styles,17,123,two_level_random_sample,EXP_20260416_154815
17-1021.00,Cartographers and Photogrammetrists,Leadership Orientation,0.14,Work_Styles,17,123,two_level_random_sample,EXP_20260416_154815
17-1021.00,Cartographers and Photogrammetrists,Humility,-0.14,Work_Styles,17,123,two_level_random_sample,EXP_20260416_154815
17-1021.00,Cartographers and Photogrammetrists,Sincerity,0.12,Work_Styles,17,123,two_level_random_sample,EXP_20260416_154815
17-1021.00,Cartographers and Photogrammetrists,Empathy,-0.13,Work_Styles,17,123,two_level_random_sample,EXP_20260416_154815
17-1021.00,Cartographers and Photogrammetrists,Cooperation,0.71,Work_Styles,17,123,two_level_random_sample,EXP_20260416_154815
17-1021.00,Cartographers and Photogrammetrists,Optimism,-0.1,Work_Styles,17,123,two_level_random_sample,EXP_20260416_154815
17-1021.00,Cartographers and Photogrammetrists,Social Orientation,-0.09,Work_Styles,17,123,two_level_random_sample,EXP_20260416_154815
17-1021.00,Cartographers and Photogrammetrists,Cautiousness,2.03,Work_Styles,17,123,two_level_random_sample,EXP_20260416_154815
17-1021.00,Cartographers and Photogrammetrists,Attention to Detail,3.0,Work_Styles,17,123,two_level_random_sample,EXP_20260416_154815
17-1021.00,Cartographers and Photogrammetrists,Dependability,2.19,Work_Styles,17,123,two_level_random_sample,EXP_20260416_154815
17-1021.00,Cartographers and Photogrammetrists,Integrity,1.7,Work_Styles,17,123,two_level_random_sample,EXP_20260416_154815
17-1021.00,Cartographers and Photogrammetrists,Stress Tolerance,0.68,Work_Styles,17,123,two_level_random_sample,EXP_20260416_154815
17-1021.00,Cartographers and Photogrammetrists,Self-Control,0.46,Work_Styles,17,123,two_level_random_sample,EXP_20260416_154815
17-1022.00,Surveyors,Innovation,0.44,Work_Styles,17,123,two_level_random_sample,EXP_20260416_154815
17-1022.00,Surveyors,Achievement Orientation,1.6,Work_Styles,17,123,two_level_random_sample,EXP_20260416_154815
17-1022.00,Surveyors,Intellectual Curiosity,1.44,Work_Styles,17,123,two_level_random_sample,EXP_20260416_154815
17-1022.00,Surveyors,Tolerance for Ambiguity,-0.52,Work_Styles,17,123,two_level_random_sample,EXP_20260416_154815
17-1022.00,Surveyors,Initiative,0.78,Work_Styles,17,123,two_level_random_sample,EXP_20260416_154815
17-1022.00,Surveyors,Adaptability,0.48,Work_Styles,17,123,two_level_random_sample,EXP_20260416_154815
17-1022.00,Surveyors,Self-Confidence,1.5,Work_Styles,17,123,two_level_random_sample,EXP_20260416_154815
17-1022.00,Surveyors,Perseverance,1.77,Work_Styles,17,123,two_level_random_sample,EXP_20260416_154815
17-1022.00,Surveyors,Leadership Orientation,1.13,Work_Styles,17,123,two_level_random_sample,EXP_20260416_154815
17-1022.00,Surveyors,Humility,-0.18,Work_Styles,17,123,two_level_random_sample,EXP_20260416_154815
17-1022.00,Surveyors,Sincerity,0.69,Work_Styles,17,123,two_level_random_sample,EXP_20260416_154815
17-1022.00,Surveyors,Empathy,-0.02,Work_Styles,17,123,two_level_random_sample,EXP_20260416_154815
17-1022.00,Surveyors,Cooperation,0.59,Work_Styles,17,123,two_level_random_sample,EXP_20260416_154815
17-1022.00,Surveyors,Optimism,-0.14,Work_Styles,17,123,two_level_random_sample,EXP_20260416_154815
17-1022.00,Surveyors,Social Orientation,0.22,Work_Styles,17,123,two_level_random_sample,EXP_20260416_154815
17-1022.00,Surveyors,Cautiousness,2.24,Work_Styles,17,123,two_level_random_sample,EXP_20260416_154815
17-1022.00,Surveyors,Attention to Detail,3.0,Work_Styles,17,123,two_level_random_sample,EXP_20260416_154815
17-1022.00,Surveyors,Dependability,2.56,Work_Styles,17,123,two_level_random_sample,EXP_20260416_154815
17-1022.00,Surveyors,Integrity,2.1,Work_Styles,17,123,two_level_random_sample,EXP_20260416_154815
17-1022.00,Surveyors,Stress Tolerance,0.97,Work_Styles,17,123,two_level_random_sample,EXP_20260416_154815
17-1022.00,Surveyors,Self-Control,0.9,Work_Styles,17,123,two_level_random_sample,EXP_20260416_154815
17-2011.00,Aerospace Engineers,Innovation,2.51,Work_Styles,17,123,two_level_random_sample,EXP_20260416_154815
17-2011.00,Aerospace Engineers,Achievement Orientation,2.14,Work_Styles,17,123,two_level_random_sample,EXP_20260416_154815
17-2011.00,Aerospace Engineers,Intellectual Curiosity,2.2,Work_Styles,17,123,two_level_random_sample,EXP_20260416_154815
17-2011.00,Aerospace Engineers,Tolerance for Ambiguity,1.56,Work_Styles,17,123,two_level_random_sample,EXP_20260416_154815
17-2011.00,Aerospace Engineers,Initiative,1.59,Work_Styles,17,123,two_level_random_sample,EXP_20260416_154815
17-2011.00,Aerospace Engineers,Adaptability,1.79,Work_Styles,17,123,two_level_random_sample,EXP_20260416_154815
17-2011.00,Aerospace Engineers,Self-Confidence,1.7,Work_Styles,17,123,two_level_random_sample,EXP_20260416_154815
17-2011.00,Aerospace Engineers,Perseverance,1.83,Work_Styles,17,123,two_level_random_sample,EXP_20260416_154815
17-2011.00,Aerospace Engineers,Leadership Orientation,1.48,Work_Styles,17,123,two_level_random_sample,EXP_20260416_154815
17-2011.00,Aerospace Engineers,Humility,0.34,Work_Styles,17,123,two_level_random_sample,EXP_20260416_154815
17-2011.00,Aerospace Engineers,Sincerity,0.69,Work_Styles,17,123,two_level_random_sample,EXP_20260416_154815
17-2011.00,Aerospace Engineers,Empathy,0.15,Work_Styles,17,123,two_level_random_sample,EXP_20260416_154815
17-2011.00,Aerospace Engineers,Cooperation,1.08,Work_Styles,17,123,two_level_random_sample,EXP_20260416_154815
17-2011.00,Aerospace Engineers,Optimism,0.18,Work_Styles,17,123,two_level_random_sample,EXP_20260416_154815
17-2011.00,Aerospace Engineers,Social Orientation,0.41,Work_Styles,17,123,two_level_random_sample,EXP_20260416_154815
17-2011.00,Aerospace Engineers,Cautiousness,2.39,Work_Styles,17,123,two_level_random_sample,EXP_20260416_154815
17-2011.00,Aerospace Engineers,Attention to Detail,2.88,Work_Styles,17,123,two_level_random_sample,EXP_20260416_154815
17-2011.00,Aerospace Engineers,Dependability,2.65,Work_Styles,17,123,two_level_random_sample,EXP_20260416_154815
17-2011.00,Aerospace Engineers,Integrity,2.1,Work_Styles,17,123,two_level_random_sample,EXP_20260416_154815
17-2011.00,Aerospace Engineers,Stress Tolerance,1.27,Work_Styles,17,123,two_level_random_sample,EXP_20260416_154815
17-2011.00,Aerospace Engineers,Self-Control,1.19,Work_Styles,17,123,two_level_random_sample,EXP_20260416_154815
17-2021.00,Agricultural Engineers,Innovation,2.36,Work_Styles,17,123,two_level_random_sample,EXP_20260416_154815
17-2021.00,Agricultural Engineers,Achievement Orientation,1.95,Work_Styles,17,123,two_level_random_sample,EXP_20260416_154815
17-2021.00,Agricultural Engineers,Intellectual Curiosity,2.2,Work_Styles,17,123,two_level_random_sample,EXP_20260416_154815
17-2021.00,Agricultural Engineers,Tolerance for Ambiguity,1.26,Work_Styles,17,123,two_level_random_sample,EXP_20260416_154815
17-2021.00,Agricultural Engineers,Initiative,1.53,Work_Styles,17,123,two_level_random_sample,EXP_20260416_154815
17-2021.00,Agricultural Engineers,Adaptability,1.83,Work_Styles,17,123,two_level_random_sample,EXP_20260416_154815
17-2021.00,Agricultural Engineers,Self-Confidence,1.73,Work_Styles,17,123,two_level_random_sample,EXP_20260416_154815
17-2021.00,Agricultural Engineers,Perseverance,1.7,Work_Styles,17,123,two_level_random_sample,EXP_20260416_154815
17-2021.00,Agricultural Engineers,Leadership Orientation,1.53,Work_Styles,17,123,two_level_random_sample,EXP_20260416_154815
17-2021.00,Agricultural Engineers,Humility,0.53,Work_Styles,17,123,two_level_random_sample,EXP_20260416_154815
17-2021.00,Agricultural Engineers,Sincerity,0.96,Work_Styles,17,123,two_level_random_sample,EXP_20260416_154815
17-2021.00,Agricultural Engineers,Empathy,0.45,Work_Styles,17,123,two_level_random_sample,EXP_20260416_154815
17-2021.00,Agricultural Engineers,Cooperation,1.6,Work_Styles,17,123,two_level_random_sample,EXP_20260416_154815
17-2021.00,Agricultural Engineers,Optimism,0.69,Work_Styles,17,123,two_level_random_sample,EXP_20260416_154815
17-2021.00,Agricultural Engineers,Social Orientation,1.11,Work_Styles,17,123,two_level_random_sample,EXP_20260416_154815
17-2021.00,Agricultural Engineers,Cautiousness,1.99,Work_Styles,17,123,two_level_random_sample,EXP_20260416_154815
17-2021.00,Agricultural Engineers,Attention to Detail,2.5,Work_Styles,17,123,two_level_random_sample,EXP_20260416_154815
17-2021.00,Agricultural Engineers,Dependability,2.36,Work_Styles,17,123,two_level_random_sample,EXP_20260416_154815
17-2021.00,Agricultural Engineers,Integrity,1.99,Work_Styles,17,123,two_level_random_sample,EXP_20260416_154815
17-2021.00,Agricultural Engineers,Stress Tolerance,0.97,Work_Styles,17,123,two_level_random_sample,EXP_20260416_154815
17-2021.00,Agricultural Engineers,Self-Control,1.16,Work_Styles,17,123,two_level_random_sample,EXP_20260416_154815
17-2111.02,Fire-Prevention and Protection Engineers,Innovation,2.09,Work_Styles,17,123,two_level_random_sample,EXP_20260416_154815
17-2111.02,Fire-Prevention and Protection Engineers,Achievement Orientation,2.01,Work_Styles,17,123,two_level_random_sample,EXP_20260416_154815
17-2111.02,Fire-Prevention and Protection Engineers,Intellectual Curiosity,2.2,Work_Styles,17,123,two_level_random_sample,EXP_20260416_154815
17-2111.02,Fire-Prevention and Protection Engineers,Tolerance for Ambiguity,1.37,Work_Styles,17,123,two_level_random_sample,EXP_20260416_154815
17-2111.02,Fire-Prevention and Protection Engineers,Initiative,1.69,Work_Styles,17,123,two_level_random_sample,EXP_20260416_154815
17-2111.02,Fire-Prevention and Protection Engineers,Adaptability,1.83,Work_Styles,17,123,two_level_random_sample,EXP_20260416_154815
17-2111.02,Fire-Prevention and Protection Engineers,Self-Confidence,1.73,Work_Styles,17,123,two_level_random_sample,EXP_20260416_154815
17-2111.02,Fire-Prevention and Protection Engineers,Perseverance,1.97,Work_Styles,17,123,two_level_random_sample,EXP_20260416_154815
17-2111.02,Fire-Prevention and Protection Engineers,Leadership Orientation,1.7,Work_Styles,17,123,two_level_random_sample,EXP_20260416_154815
17-2111.02,Fire-Prevention and Protection Engineers,Humility,0.53,Work_Styles,17,123,two_level_random_sample,EXP_20260416_154815
17-2111.02,Fire-Prevention and Protection Engineers,Sincerity,1.16,Work_Styles,17,123,two_level_random_sample,EXP_20260416_154815
17-2111.02,Fire-Prevention and Protection Engineers,Empathy,0.35,Work_Styles,17,123,two_level_random_sample,EXP_20260416_154815
17-2111.02,Fire-Prevention and Protection Engineers,Cooperation,1.63,Work_Styles,17,123,two_level_random_sample,EXP_20260416_154815
17-2111.02,Fire-Prevention and Protection Engineers,Optimism,0.07,Work_Styles,17,123,two_level_random_sample,EXP_20260416_154815
17-2111.02,Fire-Prevention and Protection Engineers,Social Orientation,0.97,Work_Styles,17,123,two_level_random_sample,EXP_20260416_154815
17-2111.02,Fire-Prevention and Protection Engineers,Cautiousness,2.74,Work_Styles,17,123,two_level_random_sample,EXP_20260416_154815
17-2111.02,Fire-Prevention and Protection Engineers,Attention to Detail,2.77,Work_Styles,17,123,two_level_random_sample,EXP_20260416_154815
17-2111.02,Fire-Prevention and Protection Engineers,Dependability,2.65,Work_Styles,17,123,two_level_random_sample,EXP_20260416_154815
17-2111.02,Fire-Prevention and Protection Engineers,Integrity,2.36,Work_Styles,17,123,two_level_random_sample,EXP_20260416_154815
17-2111.02,Fire-Prevention and Protection Engineers,Stress Tolerance,1.58,Work_Styles,17,123,two_level_random_sample,EXP_20260416_154815
17-2111.02,Fire-Prevention and Protection Engineers,Self-Control,1.53,Work_Styles,17,123,two_level_random_sample,EXP_20260416_154815
17-2141.00,Mechanical Engineers,Innovation,2.39,Work_Styles,17,123,two_level_random_sample,EXP_20260416_154815
17-2141.00,Mechanical Engineers,Achievement Orientation,1.98,Work_Styles,17,123,two_level_random_sample,EXP_20260416_154815
17-2141.00,Mechanical Engineers,Intellectual Curiosity,2.2,Work_Styles,17,123,two_level_random_sample,EXP_20260416_154815
17-2141.00,Mechanical Engineers,Tolerance for Ambiguity,1.24,Work_Styles,17,123,two_level_random_sample,EXP_20260416_154815
17-2141.00,Mechanical Engineers,Initiative,1.44,Work_Styles,17,123,two_level_random_sample,EXP_20260416_154815
17-2141.00,Mechanical Engineers,Adaptability,1.29,Work_Styles,17,123,two_level_random_sample,EXP_20260416_154815
17-2141.00,Mechanical Engineers,Self-Confidence,1.5,Work_Styles,17,123,two_level_random_sample,EXP_20260416_154815
17-2141.00,Mechanical Engineers,Perseverance,1.67,Work_Styles,17,123,two_level_random_sample,EXP_20260416_154815
17-2141.00,Mechanical Engineers,Leadership Orientation,1.06,Work_Styles,17,123,two_level_random_sample,EXP_20260416_154815
17-2141.00,Mechanical Engineers,Humility,0.5,Work_Styles,17,123,two_level_random_sample,EXP_20260416_154815
17-2141.00,Mechanical Engineers,Sincerity,0.58,Work_Styles,17,123,two_level_random_sample,EXP_20260416_154815
17-2141.00,Mechanical Engineers,Empathy,0.21,Work_Styles,17,123,two_level_random_sample,EXP_20260416_154815
17-2141.00,Mechanical Engineers,Cooperation,1.03,Work_Styles,17,123,two_level_random_sample,EXP_20260416_154815
17-2141.00,Mechanical Engineers,Optimism,0.24,Work_Styles,17,123,two_level_random_sample,EXP_20260416_154815
17-2141.00,Mechanical Engineers,Social Orientation,0.61,Work_Styles,17,123,two_level_random_sample,EXP_20260416_154815
17-2141.00,Mechanical Engineers,Cautiousness,2.28,Work_Styles,17,123,two_level_random_sample,EXP_20260416_154815
17-2141.00,Mechanical Engineers,Attention to Detail,2.74,Work_Styles,17,123,two_level_random_sample,EXP_20260416_154815
17-2141.00,Mechanical Engineers,Dependability,2.47,Work_Styles,17,123,two_level_random_sample,EXP_20260416_154815
17-2141.00,Mechanical Engineers,Integrity,1.89,Work_Styles,17,123,two_level_random_sample,EXP_20260416_154815
17-2141.00,Mechanical Engineers,Stress Tolerance,1.27,Work_Styles,17,123,two_level_random_sample,EXP_20260416_154815
17-2141.00,Mechanical Engineers,Self-Control,1.0,Work_Styles,17,123,two_level_random_sample,EXP_20260416_154815
17-2141.02,Automotive Engineers,Innovation,2.51,Work_Styles,17,123,two_level_random_sample,EXP_20260416_154815
17-2141.02,Automotive Engineers,Achievement Orientation,2.14,Work_Styles,17,123,two_level_random_sample,EXP_20260416_154815
17-2141.02,Automotive Engineers,Intellectual Curiosity,2.37,Work_Styles,17,123,two_level_random_sample,EXP_20260416_154815
17-2141.02,Automotive Engineers,Tolerance for Ambiguity,1.41,Work_Styles,17,123,two_level_random_sample,EXP_20260416_154815
17-2141.02,Automotive Engineers,Initiative,1.44,Work_Styles,17,123,two_level_random_sample,EXP_20260416_154815
17-2141.02,Automotive Engineers,Adaptability,2.26,Work_Styles,17,123,two_level_random_sample,EXP_20260416_154815
17-2141.02,Automotive Engineers,Self-Confidence,1.54,Work_Styles,17,123,two_level_random_sample,EXP_20260416_154815
17-2141.02,Automotive Engineers,Perseverance,1.61,Work_Styles,17,123,two_level_random_sample,EXP_20260416_154815
17-2141.02,Automotive Engineers,Leadership Orientation,1.48,Work_Styles,17,123,two_level_random_sample,EXP_20260416_154815
17-2141.02,Automotive Engineers,Humility,0.47,Work_Styles,17,123,two_level_random_sample,EXP_20260416_154815
17-2141.02,Automotive Engineers,Sincerity,0.62,Work_Styles,17,123,two_level_random_sample,EXP_20260416_154815
17-2141.02,Automotive Engineers,Empathy,0.07,Work_Styles,17,123,two_level_random_sample,EXP_20260416_154815
17-2141.02,Automotive Engineers,Cooperation,1.08,Work_Styles,17,123,two_level_random_sample,EXP_20260416_154815
17-2141.02,Automotive Engineers,Optimism,0.24,Work_Styles,17,123,two_level_random_sample,EXP_20260416_154815
17-2141.02,Automotive Engineers,Social Orientation,0.59,Work_Styles,17,123,two_level_random_sample,EXP_20260416_154815
17-2141.02,Automotive Engineers,Cautiousness,1.89,Work_Styles,17,123,two_level_random_sample,EXP_20260416_154815
17-2141.02,Automotive Engineers,Attention to Detail,2.63,Work_Styles,17,123,two_level_random_sample,EXP_20260416_154815
17-2141.02,Automotive Engineers,Dependability,2.47,Work_Styles,17,123,two_level_random_sample,EXP_20260416_154815
17-2141.02,Automotive Engineers,Integrity,1.99,Work_Styles,17,123,two_level_random_sample,EXP_20260416_154815
17-2141.02,Automotive Engineers,Stress Tolerance,1.24,Work_Styles,17,123,two_level_random_sample,EXP_20260416_154815
17-2141.02,Automotive Engineers,Self-Control,1.08,Work_Styles,17,123,two_level_random_sample,EXP_20260416_154815
17-3029.08,Photonics Technicians,Innovation,1.04,Work_Styles,17,123,two_level_random_sample,EXP_20260416_154815
17-3029.08,Photonics Technicians,Achievement Orientation,1.52,Work_Styles,17,123,two_level_random_sample,EXP_20260416_154815
17-3029.08,Photonics Technicians,Intellectual Curiosity,1.89,Work_Styles,17,123,two_level_random_sample,EXP_20260416_154815
17-3029.08,Photonics Technicians,Tolerance for Ambiguity,0.47,Work_Styles,17,123,two_level_random_sample,EXP_20260416_154815
17-3029.08,Photonics Technicians,Initiative,0.8,Work_Styles,17,123,two_level_random_sample,EXP_20260416_154815
17-3029.08,Photonics Technicians,Adaptability,1.29,Work_Styles,17,123,two_level_random_sample,EXP_20260416_154815
17-3029.08,Photonics Technicians,Self-Confidence,0.87,Work_Styles,17,123,two_level_random_sample,EXP_20260416_154815
17-3029.08,Photonics Technicians,Perseverance,1.58,Work_Styles,17,123,two_level_random_sample,EXP_20260416_154815
17-3029.08,Photonics Technicians,Leadership Orientation,0.02,Work_Styles,17,123,two_level_random_sample,EXP_20260416_154815
17-3029.08,Photonics Technicians,Humility,0.22,Work_Styles,17,123,two_level_random_sample,EXP_20260416_154815
17-3029.08,Photonics Technicians,Sincerity,0.28,Work_Styles,17,123,two_level_random_sample,EXP_20260416_154815
17-3029.08,Photonics Technicians,Empathy,-0.16,Work_Styles,17,123,two_level_random_sample,EXP_20260416_154815
17-3029.08,Photonics Technicians,Cooperation,1.23,Work_Styles,17,123,two_level_random_sample,EXP_20260416_154815
17-3029.08,Photonics Technicians,Optimism,0.15,Work_Styles,17,123,two_level_random_sample,EXP_20260416_154815
17-3029.08,Photonics Technicians,Social Orientation,-0.09,Work_Styles,17,123,two_level_random_sample,EXP_20260416_154815
17-3029.08,Photonics Technicians,Cautiousness,2.03,Work_Styles,17,123,two_level_random_sample,EXP_20260416_154815
17-3029.08,Photonics Technicians,Attention to Detail,2.67,Work_Styles,17,123,two_level_random_sample,EXP_20260416_154815
17-3029.08,Photonics Technicians,Dependability,2.53,Work_Styles,17,123,two_level_random_sample,EXP_20260416_154815
17-3029.08,Photonics Technicians,Integrity,1.63,Work_Styles,17,123,two_level_random_sample,EXP_20260416_154815
17-3029.08,Photonics Technicians,Stress Tolerance,1.04,Work_Styles,17,123,two_level_random_sample,EXP_20260416_154815
17-3029.08,Photonics Technicians,Self-Control,0.95,Work_Styles,17,123,two_level_random_sample,EXP_20260416_154815
27-1013.00,"Fine Artists, Including Painters, Sculptors, and Illustrators",Innovation,3.0,Work_Styles,27,123,two_level_random_sample,EXP_20260416_154815
27-1013.00,"Fine Artists, Including Painters, Sculptors, and Illustrators",Achievement Orientation,1.86,Work_Styles,27,123,two_level_random_sample,EXP_20260416_154815
27-1013.00,"Fine Artists, Including Painters, Sculptors, and Illustrators",Intellectual Curiosity,1.86,Work_Styles,27,123,two_level_random_sample,EXP_20260416_154815
27-1013.00,"Fine Artists, Including Painters, Sculptors, and Illustrators",Tolerance for Ambiguity,1.97,Work_Styles,27,123,two_level_random_sample,EXP_20260416_154815
27-1013.00,"Fine Artists, Including Painters, Sculptors, and Illustrators",Initiative,1.72,Work_Styles,27,123,two_level_random_sample,EXP_20260416_154815
27-1013.00,"Fine Artists, Including Painters, Sculptors, and Illustrators",Adaptability,1.29,Work_Styles,27,123,two_level_random_sample,EXP_20260416_154815
27-1013.00,"Fine Artists, Including Painters, Sculptors, and Illustrators",Self-Confidence,1.32,Work_Styles,27,123,two_level_random_sample,EXP_20260416_154815
27-1013.00,"Fine Artists, Including Painters, Sculptors, and Illustrators",Perseverance,1.67,Work_Styles,27,123,two_level_random_sample,EXP_20260416_154815
27-1013.00,"Fine Artists, Including Painters, Sculptors, and Illustrators",Leadership Orientation,-0.26,Work_Styles,27,123,two_level_random_sample,EXP_20260416_154815
27-1013.00,"Fine Artists, Including Painters, Sculptors, and Illustrators",Humility,-0.5,Work_Styles,27,123,two_level_random_sample,EXP_20260416_154815
27-1013.00,"Fine Artists, Including Painters, Sculptors, and Illustrators",Sincerity,0.4,Work_Styles,27,123,two_level_random_sample,EXP_20260416_154815
27-1013.00,"Fine Artists, Including Painters, Sculptors, and Illustrators",Empathy,0.37,Work_Styles,27,123,two_level_random_sample,EXP_20260416_154815
27-1013.00,"Fine Artists, Including Painters, Sculptors, and Illustrators",Cooperation,0.37,Work_Styles,27,123,two_level_random_sample,EXP_20260416_154815
27-1013.00,"Fine Artists, Including Painters, Sculptors, and Illustrators",Optimism,0.84,Work_Styles,27,123,two_level_random_sample,EXP_20260416_154815
27-1013.00,"Fine Artists, Including Painters, Sculptors, and Illustrators",Social Orientation,0.22,Work_Styles,27,123,two_level_random_sample,EXP_20260416_154815
27-1013.00,"Fine Artists, Including Painters, Sculptors, and Illustrators",Cautiousness,-0.62,Work_Styles,27,123,two_level_random_sample,EXP_20260416_154815
27-1013.00,"Fine Artists, Including Painters, Sculptors, and Illustrators",Attention to Detail,1.3,Work_Styles,27,123,two_level_random_sample,EXP_20260416_154815
27-1013.00,"Fine Artists, Including Painters, Sculptors, and Illustrators",Dependability,0.98,Work_Styles,27,123,two_level_random_sample,EXP_20260416_154815
27-1013.00,"Fine Artists, Including Painters, Sculptors, and Illustrators",Integrity,1.51,Work_Styles,27,123,two_level_random_sample,EXP_20260416_154815
27-1013.00,"Fine Artists, Including Painters, Sculptors, and Illustrators",Stress Tolerance,0.44,Work_Styles,27,123,two_level_random_sample,EXP_20260416_154815
27-1013.00,"Fine Artists, Including Painters, Sculptors, and Illustrators",Self-Control,0.26,Work_Styles,27,123,two_level_random_sample,EXP_20260416_154815
27-1014.00,Special Effects Artists and Animators,Innovation,2.86,Work_Styles,27,123,two_level_random_sample,EXP_20260416_154815
27-1014.00,Special Effects Artists and Animators,Achievement Orientation,1.95,Work_Styles,27,123,two_level_random_sample,EXP_20260416_154815
27-1014.00,Special Effects Artists and Animators,Intellectual Curiosity,2.01,Work_Styles,27,123,two_level_random_sample,EXP_20260416_154815
27-1014.00,Special Effects Artists and Animators,Tolerance for Ambiguity,1.64,Work_Styles,27,123,two_level_random_sample,EXP_20260416_154815
27-1014.00,Special Effects Artists and Animators,Initiative,1.44,Work_Styles,27,123,two_level_random_sample,EXP_20260416_154815
27-1014.00,Special Effects Artists and Animators,Adaptability,1.9,Work_Styles,27,123,two_level_random_sample,EXP_20260416_154815
27-1014.00,Special Effects Artists and Animators,Self-Confidence,1.66,Work_Styles,27,123,two_level_random_sample,EXP_20260416_154815
27-1014.00,Special Effects Artists and Animators,Perseverance,1.7,Work_Styles,27,123,two_level_random_sample,EXP_20260416_154815
27-1014.00,Special Effects Artists and Animators,Leadership Orientation,0.59,Work_Styles,27,123,two_level_random_sample,EXP_20260416_154815
27-1014.00,Special Effects Artists and Animators,Humility,-0.28,Work_Styles,27,123,two_level_random_sample,EXP_20260416_154815
27-1014.00,Special Effects Artists and Animators,Sincerity,0.09,Work_Styles,27,123,two_level_random_sample,EXP_20260416_154815
27-1014.00,Special Effects Artists and Animators,Empathy,0.21,Work_Styles,27,123,two_level_random_sample,EXP_20260416_154815
27-1014.00,Special Effects Artists and Animators,Cooperation,0.95,Work_Styles,27,123,two_level_random_sample,EXP_20260416_154815
27-1014.00,Special Effects Artists and Animators,Optimism,0.74,Work_Styles,27,123,two_level_random_sample,EXP_20260416_154815
27-1014.00,Special Effects Artists and Animators,Social Orientation,0.13,Work_Styles,27,123,two_level_random_sample,EXP_20260416_154815
27-1014.00,Special Effects Artists and Animators,Cautiousness,-0.63,Work_Styles,27,123,two_level_random_sample,EXP_20260416_154815
27-1014.00,Special Effects Artists and Animators,Attention to Detail,2.34,Work_Styles,27,123,two_level_random_sample,EXP_20260416_154815
27-1014.00,Special Effects Artists and Animators,Dependability,1.71,Work_Styles,27,123,two_level_random_sample,EXP_20260416_154815
27-1014.00,Special Effects Artists and Animators,Integrity,0.64,Work_Styles,27,123,two_level_random_sample,EXP_20260416_154815
27-1014.00,Special Effects Artists and Animators,Stress Tolerance,1.19,Work_Styles,27,123,two_level_random_sample,EXP_20260416_154815
27-1014.00,Special Effects Artists and Animators,Self-Control,0.66,Work_Styles,27,123,two_level_random_sample,EXP_20260416_154815
27-1022.00,Fashion Designers,Innovation,2.64,Work_Styles,27,123,two_level_random_sample,EXP_20260416_154815
27-1022.00,Fashion Designers,Achievement Orientation,2.01,Work_Styles,27,123,two_level_random_sample,EXP_20260416_154815
27-1022.00,Fashion Designers,Intellectual Curiosity,1.64,Work_Styles,27,123,two_level_random_sample,EXP_20260416_154815
27-1022.00,Fashion Designers,Tolerance for Ambiguity,1.66,Work_Styles,27,123,two_level_random_sample,EXP_20260416_154815
27-1022.00,Fashion Designers,Initiative,1.79,Work_Styles,27,123,two_level_random_sample,EXP_20260416_154815
27-1022.00,Fashion Designers,Adaptability,2.21,Work_Styles,27,123,two_level_random_sample,EXP_20260416_154815
27-1022.00,Fashion Designers,Self-Confidence,1.8,Work_Styles,27,123,two_level_random_sample,EXP_20260416_154815
27-1022.00,Fashion Designers,Perseverance,1.64,Work_Styles,27,123,two_level_random_sample,EXP_20260416_154815
27-1022.00,Fashion Designers,Leadership Orientation,1.34,Work_Styles,27,123,two_level_random_sample,EXP_20260416_154815
27-1022.00,Fashion Designers,Humility,-0.81,Work_Styles,27,123,two_level_random_sample,EXP_20260416_154815
27-1022.00,Fashion Designers,Sincerity,0.69,Work_Styles,27,123,two_level_random_sample,EXP_20260416_154815
27-1022.00,Fashion Designers,Empathy,0.64,Work_Styles,27,123,two_level_random_sample,EXP_20260416_154815
27-1022.00,Fashion Designers,Cooperation,1.35,Work_Styles,27,123,two_level_random_sample,EXP_20260416_154815
27-1022.00,Fashion Designers,Optimism,1.29,Work_Styles,27,123,two_level_random_sample,EXP_20260416_154815
27-1022.00,Fashion Designers,Social Orientation,1.74,Work_Styles,27,123,two_level_random_sample,EXP_20260416_154815
27-1022.00,Fashion Designers,Cautiousness,-0.28,Work_Styles,27,123,two_level_random_sample,EXP_20260416_154815
27-1022.00,Fashion Designers,Attention to Detail,2.11,Work_Styles,27,123,two_level_random_sample,EXP_20260416_154815
27-1022.00,Fashion Designers,Dependability,1.69,Work_Styles,27,123,two_level_random_sample,EXP_20260416_154815
27-1022.00,Fashion Designers,Integrity,0.68,Work_Styles,27,123,two_level_random_sample,EXP_20260416_154815
27-1022.00,Fashion Designers,Stress Tolerance,1.32,Work_Styles,27,123,two_level_random_sample,EXP_20260416_154815
27-1022.00,Fashion Designers,Self-Control,1.03,Work_Styles,27,123,two_level_random_sample,EXP_20260416_154815
27-1023.00,Floral Designers,Innovation,1.97,Work_Styles,27,123,two_level_random_sample,EXP_20260416_154815
27-1023.00,Floral Designers,Achievement Orientation,1.09,Work_Styles,27,123,two_level_random_sample,EXP_20260416_154815
27-1023.00,Floral Designers,Intellectual Curiosity,0.76,Work_Styles,27,123,two_level_random_sample,EXP_20260416_154815
27-1023.00,Floral Designers,Tolerance for Ambiguity,0.93,Work_Styles,27,123,two_level_random_sample,EXP_20260416_154815
27-1023.00,Floral Designers,Initiative,1.32,Work_Styles,27,123,two_level_random_sample,EXP_20260416_154815
27-1023.00,Floral Designers,Adaptability,1.35,Work_Styles,27,123,two_level_random_sample,EXP_20260416_154815
27-1023.00,Floral Designers,Self-Confidence,0.99,Work_Styles,27,123,two_level_random_sample,EXP_20260416_154815
27-1023.00,Floral Designers,Perseverance,0.97,Work_Styles,27,123,two_level_random_sample,EXP_20260416_154815
27-1023.00,Floral Designers,Leadership Orientation,0.64,Work_Styles,27,123,two_level_random_sample,EXP_20260416_154815
27-1023.00,Floral Designers,Humility,0.64,Work_Styles,27,123,two_level_random_sample,EXP_20260416_154815
27-1023.00,Floral Designers,Sincerity,1.33,Work_Styles,27,123,two_level_random_sample,EXP_20260416_154815
27-1023.00,Floral Designers,Empathy,1.35,Work_Styles,27,123,two_level_random_sample,EXP_20260416_154815
27-1023.00,Floral Designers,Cooperation,1.84,Work_Styles,27,123,two_level_random_sample,EXP_20260416_154815
27-1023.00,Floral Designers,Optimism,1.39,Work_Styles,27,123,two_level_random_sample,EXP_20260416_154815
27-1023.00,Floral Designers,Social Orientation,1.97,Work_Styles,27,123,two_level_random_sample,EXP_20260416_154815
27-1023.00,Floral Designers,Cautiousness,0.67,Work_Styles,27,123,two_level_random_sample,EXP_20260416_154815
27-1023.00,Floral Designers,Attention to Detail,2.14,Work_Styles,27,123,two_level_random_sample,EXP_20260416_154815
27-1023.00,Floral Designers,Dependability,2.06,Work_Styles,27,123,two_level_random_sample,EXP_20260416_154815
27-1023.00,Floral Designers,Integrity,1.01,Work_Styles,27,123,two_level_random_sample,EXP_20260416_154815
27-1023.00,Floral Designers,Stress Tolerance,1.11,Work_Styles,27,123,two_level_random_sample,EXP_20260416_154815
27-1023.00,Floral Designers,Self-Control,1.08,Work_Styles,27,123,two_level_random_sample,EXP_20260416_154815
27-2012.00,Producers and Directors,Innovation,2.7,Work_Styles,27,123,two_level_random_sample,EXP_20260416_154815
27-2012.00,Producers and Directors,Achievement Orientation,2.28,Work_Styles,27,123,two_level_random_sample,EXP_20260416_154815
27-2012.00,Producers and Directors,Intellectual Curiosity,2.16,Work_Styles,27,123,two_level_random_sample,EXP_20260416_154815
27-2012.00,Producers and Directors,Tolerance for Ambiguity,1.91,Work_Styles,27,123,two_level_random_sample,EXP_20260416_154815
27-2012.00,Producers and Directors,Initiative,2.14,Work_Styles,27,123,two_level_random_sample,EXP_20260416_154815
27-2012.00,Producers and Directors,Adaptability,2.3,Work_Styles,27,123,two_level_random_sample,EXP_20260416_154815
27-2012.00,Producers and Directors,Self-Confidence,2.32,Work_Styles,27,123,two_level_random_sample,EXP_20260416_154815
27-2012.00,Producers and Directors,Perseverance,2.15,Work_Styles,27,123,two_level_random_sample,EXP_20260416_154815
27-2012.00,Producers and Directors,Leadership Orientation,2.61,Work_Styles,27,123,two_level_random_sample,EXP_20260416_154815
27-2012.00,Producers and Directors,Humility,-0.85,Work_Styles,27,123,two_level_random_sample,EXP_20260416_154815
27-2012.00,Producers and Directors,Sincerity,0.92,Work_Styles,27,123,two_level_random_sample,EXP_20260416_154815
27-2012.00,Producers and Directors,Empathy,1.3,Work_Styles,27,123,two_level_random_sample,EXP_20260416_154815
27-2012.00,Producers and Directors,Cooperation,2.14,Work_Styles,27,123,two_level_random_sample,EXP_20260416_154815
27-2012.00,Producers and Directors,Optimism,1.36,Work_Styles,27,123,two_level_random_sample,EXP_20260416_154815
27-2012.00,Producers and Directors,Social Orientation,2.26,Work_Styles,27,123,two_level_random_sample,EXP_20260416_154815
27-2012.00,Producers and Directors,Cautiousness,-0.58,Work_Styles,27,123,two_level_random_sample,EXP_20260416_154815
27-2012.00,Producers and Directors,Attention to Detail,2.0,Work_Styles,27,123,two_level_random_sample,EXP_20260416_154815
27-2012.00,Producers and Directors,Dependability,2.25,Work_Styles,27,123,two_level_random_sample,EXP_20260416_154815
27-2012.00,Producers and Directors,Integrity,1.57,Work_Styles,27,123,two_level_random_sample,EXP_20260416_154815
27-2012.00,Producers and Directors,Stress Tolerance,2.21,Work_Styles,27,123,two_level_random_sample,EXP_20260416_154815
27-2012.00,Producers and Directors,Self-Control,1.91,Work_Styles,27,123,two_level_random_sample,EXP_20260416_154815
27-2022.00,Coaches and Scouts,Innovation,1.6,Work_Styles,27,123,two_level_random_sample,EXP_20260416_154815
27-2022.00,Coaches and Scouts,Achievement Orientation,2.42,Work_Styles,27,123,two_level_random_sample,EXP_20260416_154815
27-2022.00,Coaches and Scouts,Intellectual Curiosity,1.11,Work_Styles,27,123,two_level_random_sample,EXP_20260416_154815
27-2022.00,Coaches and Scouts,Tolerance for Ambiguity,1.31,Work_Styles,27,123,two_level_random_sample,EXP_20260416_154815
27-2022.00,Coaches and Scouts,Initiative,2.03,Work_Styles,27,123,two_level_random_sample,EXP_20260416_154815
27-2022.00,Coaches and Scouts,Adaptability,1.61,Work_Styles,27,123,two_level_random_sample,EXP_20260416_154815
27-2022.00,Coaches and Scouts,Self-Confidence,2.36,Work_Styles,27,123,two_level_random_sample,EXP_20260416_154815
27-2022.00,Coaches and Scouts,Perseverance,2.19,Work_Styles,27,123,two_level_random_sample,EXP_20260416_154815
27-2022.00,Coaches and Scouts,Leadership Orientation,2.71,Work_Styles,27,123,two_level_random_sample,EXP_20260416_154815
27-2022.00,Coaches and Scouts,Humility,0.85,Work_Styles,27,123,two_level_random_sample,EXP_20260416_154815
27-2022.00,Coaches and Scouts,Sincerity,1.72,Work_Styles,27,123,two_level_random_sample,EXP_20260416_154815
27-2022.00,Coaches and Scouts,Empathy,1.54,Work_Styles,27,123,two_level_random_sample,EXP_20260416_154815
27-2022.00,Coaches and Scouts,Cooperation,2.3,Work_Styles,27,123,two_level_random_sample,EXP_20260416_154815
27-2022.00,Coaches and Scouts,Optimism,1.78,Work_Styles,27,123,two_level_random_sample,EXP_20260416_154815
27-2022.00,Coaches and Scouts,Social Orientation,2.4,Work_Styles,27,123,two_level_random_sample,EXP_20260416_154815
27-2022.00,Coaches and Scouts,Cautiousness,-0.35,Work_Styles,27,123,two_level_random_sample,EXP_20260416_154815
27-2022.00,Coaches and Scouts,Attention to Detail,1.26,Work_Styles,27,123,two_level_random_sample,EXP_20260416_154815
27-2022.00,Coaches and Scouts,Dependability,2.56,Work_Styles,27,123,two_level_random_sample,EXP_20260416_154815
27-2022.00,Coaches and Scouts,Integrity,1.51,Work_Styles,27,123,two_level_random_sample,EXP_20260416_154815
27-2022.00,Coaches and Scouts,Stress Tolerance,2.21,Work_Styles,27,123,two_level_random_sample,EXP_20260416_154815
27-2022.00,Coaches and Scouts,Self-Control,2.14,Work_Styles,27,123,two_level_random_sample,EXP_20260416_154815
27-3041.00,Editors,Innovation,1.86,Work_Styles,27,123,two_level_random_sample,EXP_20260416_154815
27-3041.00,Editors,Achievement Orientation,2.01,Work_Styles,27,123,two_level_random_sample,EXP_20260416_154815
27-3041.00,Editors,Intellectual Curiosity,2.12,Work_Styles,27,123,two_level_random_sample,EXP_20260416_154815
27-3041.00,Editors,Tolerance for Ambiguity,1.39,Work_Styles,27,123,two_level_random_sample,EXP_20260416_154815
27-3041.00,Editors,Initiative,1.82,Work_Styles,27,123,two_level_random_sample,EXP_20260416_154815
27-3041.00,Editors,Adaptability,1.61,Work_Styles,27,123,two_level_random_sample,EXP_20260416_154815
27-3041.00,Editors,Self-Confidence,1.8,Work_Styles,27,123,two_level_random_sample,EXP_20260416_154815
27-3041.00,Editors,Perseverance,1.55,Work_Styles,27,123,two_level_random_sample,EXP_20260416_154815
27-3041.00,Editors,Leadership Orientation,2.13,Work_Styles,27,123,two_level_random_sample,EXP_20260416_154815
27-3041.00,Editors,Humility,0.22,Work_Styles,27,123,two_level_random_sample,EXP_20260416_154815
27-3041.00,Editors,Sincerity,0.9,Work_Styles,27,123,two_level_random_sample,EXP_20260416_154815
27-3041.00,Editors,Empathy,0.82,Work_Styles,27,123,two_level_random_sample,EXP_20260416_154815
27-3041.00,Editors,Cooperation,1.63,Work_Styles,27,123,two_level_random_sample,EXP_20260416_154815
27-3041.00,Editors,Optimism,0.71,Work_Styles,27,123,two_level_random_sample,EXP_20260416_154815
27-3041.00,Editors,Social Orientation,1.38,Work_Styles,27,123,two_level_random_sample,EXP_20260416_154815
27-3041.00,Editors,Cautiousness,1.63,Work_Styles,27,123,two_level_random_sample,EXP_20260416_154815
27-3041.00,Editors,Attention to Detail,3.0,Work_Styles,27,123,two_level_random_sample,EXP_20260416_154815
27-3041.00,Editors,Dependability,2.65,Work_Styles,27,123,two_level_random_sample,EXP_20260416_154815
27-3041.00,Editors,Integrity,1.89,Work_Styles,27,123,two_level_random_sample,EXP_20260416_154815
27-3041.00,Editors,Stress Tolerance,1.8,Work_Styles,27,123,two_level_random_sample,EXP_20260416_154815
27-3041.00,Editors,Self-Control,1.43,Work_Styles,27,123,two_level_random_sample,EXP_20260416_154815
27-4031.00,"Camera Operators, Television, Video, and Film",Innovation,1.83,Work_Styles,27,123,two_level_random_sample,EXP_20260416_154815
27-4031.00,"Camera Operators, Television, Video, and Film",Achievement Orientation,1.55,Work_Styles,27,123,two_level_random_sample,EXP_20260416_154815
27-4031.00,"Camera Operators, Television, Video, and Film",Intellectual Curiosity,0.97,Work_Styles,27,123,two_level_random_sample,EXP_20260416_154815
27-4031.00,"Camera Operators, Television, Video, and Film",Tolerance for Ambiguity,1.22,Work_Styles,27,123,two_level_random_sample,EXP_20260416_154815
27-4031.00,"Camera Operators, Television, Video, and Film",Initiative,1.02,Work_Styles,27,123,two_level_random_sample,EXP_20260416_154815
27-4031.00,"Camera Operators, Television, Video, and Film",Adaptability,1.79,Work_Styles,27,123,two_level_random_sample,EXP_20260416_154815
27-4031.00,"Camera Operators, Television, Video, and Film",Self-Confidence,1.32,Work_Styles,27,123,two_level_random_sample,EXP_20260416_154815
27-4031.00,"Camera Operators, Television, Video, and Film",Perseverance,1.31,Work_Styles,27,123,two_level_random_sample,EXP_20260416_154815
27-4031.00,"Camera Operators, Television, Video, and Film",Leadership Orientation,0.29,Work_Styles,27,123,two_level_random_sample,EXP_20260416_154815
27-4031.00,"Camera Operators, Television, Video, and Film",Humility,-0.27,Work_Styles,27,123,two_level_random_sample,EXP_20260416_154815
27-4031.00,"Camera Operators, Television, Video, and Film",Sincerity,0.32,Work_Styles,27,123,two_level_random_sample,EXP_20260416_154815
27-4031.00,"Camera Operators, Television, Video, and Film",Empathy,0.07,Work_Styles,27,123,two_level_random_sample,EXP_20260416_154815
27-4031.00,"Camera Operators, Television, Video, and Film",Cooperation,1.47,Work_Styles,27,123,two_level_random_sample,EXP_20260416_154815
27-4031.00,"Camera Operators, Television, Video, and Film",Optimism,0.71,Work_Styles,27,123,two_level_random_sample,EXP_20260416_154815
27-4031.00,"Camera Operators, Television, Video, and Film",Social Orientation,0.84,Work_Styles,27,123,two_level_random_sample,EXP_20260416_154815
27-4031.00,"Camera Operators, Television, Video, and Film",Cautiousness,0.9,Work_Styles,27,123,two_level_random_sample,EXP_20260416_154815
27-4031.00,"Camera Operators, Television, Video, and Film",Attention to Detail,2.05,Work_Styles,27,123,two_level_random_sample,EXP_20260416_154815
27-4031.00,"Camera Operators, Television, Video, and Film",Dependability,2.08,Work_Styles,27,123,two_level_random_sample,EXP_20260416_154815
27-4031.00,"Camera Operators, Television, Video, and Film",Integrity,0.7,Work_Styles,27,123,two_level_random_sample,EXP_20260416_154815
27-4031.00,"Camera Operators, Television, Video, and Film",Stress Tolerance,1.46,Work_Styles,27,123,two_level_random_sample,EXP_20260416_154815
27-4031.00,"Camera Operators, Television, Video, and Film",Self-Control,1.31,Work_Styles,27,123,two_level_random_sample,EXP_20260416_154815
37-1011.00,First-Line Supervisors of Housekeeping and Janitorial Workers,Innovation,0.51,Work_Styles,37,123,two_level_random_sample,EXP_20260416_154815
37-1011.00,First-Line Supervisors of Housekeeping and Janitorial Workers,Achievement Orientation,1.3,Work_Styles,37,123,two_level_random_sample,EXP_20260416_154815
37-1011.00,First-Line Supervisors of Housekeeping and Janitorial Workers,Intellectual Curiosity,0.37,Work_Styles,37,123,two_level_random_sample,EXP_20260416_154815
37-1011.00,First-Line Supervisors of Housekeeping and Janitorial Workers,Tolerance for Ambiguity,0.39,Work_Styles,37,123,two_level_random_sample,EXP_20260416_154815
37-1011.00,First-Line Supervisors of Housekeeping and Janitorial Workers,Initiative,1.5,Work_Styles,37,123,two_level_random_sample,EXP_20260416_154815
37-1011.00,First-Line Supervisors of Housekeeping and Janitorial Workers,Adaptability,1.11,Work_Styles,37,123,two_level_random_sample,EXP_20260416_154815
37-1011.00,First-Line Supervisors of Housekeeping and Janitorial Workers,Self-Confidence,1.26,Work_Styles,37,123,two_level_random_sample,EXP_20260416_154815
37-1011.00,First-Line Supervisors of Housekeeping and Janitorial Workers,Perseverance,1.49,Work_Styles,37,123,two_level_random_sample,EXP_20260416_154815
37-1011.00,First-Line Supervisors of Housekeeping and Janitorial Workers,Leadership Orientation,2.46,Work_Styles,37,123,two_level_random_sample,EXP_20260416_154815
37-1011.00,First-Line Supervisors of Housekeeping and Janitorial Workers,Humility,1.19,Work_Styles,37,123,two_level_random_sample,EXP_20260416_154815
37-1011.00,First-Line Supervisors of Housekeeping and Janitorial Workers,Sincerity,1.05,Work_Styles,37,123,two_level_random_sample,EXP_20260416_154815
37-1011.00,First-Line Supervisors of Housekeeping and Janitorial Workers,Empathy,1.25,Work_Styles,37,123,two_level_random_sample,EXP_20260416_154815
37-1011.00,First-Line Supervisors of Housekeeping and Janitorial Workers,Cooperation,1.88,Work_Styles,37,123,two_level_random_sample,EXP_20260416_154815
37-1011.00,First-Line Supervisors of Housekeeping and Janitorial Workers,Optimism,1.36,Work_Styles,37,123,two_level_random_sample,EXP_20260416_154815
37-1011.00,First-Line Supervisors of Housekeeping and Janitorial Workers,Social Orientation,1.65,Work_Styles,37,123,two_level_random_sample,EXP_20260416_154815
37-1011.00,First-Line Supervisors of Housekeeping and Janitorial Workers,Cautiousness,1.38,Work_Styles,37,123,two_level_random_sample,EXP_20260416_154815
37-1011.00,First-Line Supervisors of Housekeeping and Janitorial Workers,Attention to Detail,2.0,Work_Styles,37,123,two_level_random_sample,EXP_20260416_154815
37-1011.00,First-Line Supervisors of Housekeeping and Janitorial Workers,Dependability,2.62,Work_Styles,37,123,two_level_random_sample,EXP_20260416_154815
37-1011.00,First-Line Supervisors of Housekeeping and Janitorial Workers,Integrity,1.76,Work_Styles,37,123,two_level_random_sample,EXP_20260416_154815
37-1011.00,First-Line Supervisors of Housekeeping and Janitorial Workers,Stress Tolerance,1.58,Work_Styles,37,123,two_level_random_sample,EXP_20260416_154815
37-1011.00,First-Line Supervisors of Housekeeping and Janitorial Workers,Self-Control,1.7,Work_Styles,37,123,two_level_random_sample,EXP_20260416_154815
37-1012.00,"First-Line Supervisors of Landscaping, Lawn Service, and Groundskeeping Workers",Innovation,0.92,Work_Styles,37,123,two_level_random_sample,EXP_20260416_154815
37-1012.00,"First-Line Supervisors of Landscaping, Lawn Service, and Groundskeeping Workers",Achievement Orientation,1.69,Work_Styles,37,123,two_level_random_sample,EXP_20260416_154815
37-1012.00,"First-Line Supervisors of Landscaping, Lawn Service, and Groundskeeping Workers",Intellectual Curiosity,0.65,Work_Styles,37,123,two_level_random_sample,EXP_20260416_154815
37-1012.00,"First-Line Supervisors of Landscaping, Lawn Service, and Groundskeeping Workers",Tolerance for Ambiguity,0.72,Work_Styles,37,123,two_level_random_sample,EXP_20260416_154815
37-1012.00,"First-Line Supervisors of Landscaping, Lawn Service, and Groundskeeping Workers",Initiative,1.53,Work_Styles,37,123,two_level_random_sample,EXP_20260416_154815
37-1012.00,"First-Line Supervisors of Landscaping, Lawn Service, and Groundskeeping Workers",Adaptability,1.38,Work_Styles,37,123,two_level_random_sample,EXP_20260416_154815
37-1012.00,"First-Line Supervisors of Landscaping, Lawn Service, and Groundskeeping Workers",Self-Confidence,1.66,Work_Styles,37,123,two_level_random_sample,EXP_20260416_154815
37-1012.00,"First-Line Supervisors of Landscaping, Lawn Service, and Groundskeeping Workers",Perseverance,1.74,Work_Styles,37,123,two_level_random_sample,EXP_20260416_154815
37-1012.00,"First-Line Supervisors of Landscaping, Lawn Service, and Groundskeeping Workers",Leadership Orientation,2.68,Work_Styles,37,123,two_level_random_sample,EXP_20260416_154815
37-1012.00,"First-Line Supervisors of Landscaping, Lawn Service, and Groundskeeping Workers",Humility,0.7,Work_Styles,37,123,two_level_random_sample,EXP_20260416_154815
37-1012.00,"First-Line Supervisors of Landscaping, Lawn Service, and Groundskeeping Workers",Sincerity,0.9,Work_Styles,37,123,two_level_random_sample,EXP_20260416_154815
37-1012.00,"First-Line Supervisors of Landscaping, Lawn Service, and Groundskeeping Workers",Empathy,0.86,Work_Styles,37,123,two_level_random_sample,EXP_20260416_154815
37-1012.00,"First-Line Supervisors of Landscaping, Lawn Service, and Groundskeeping Workers",Cooperation,1.88,Work_Styles,37,123,two_level_random_sample,EXP_20260416_154815
37-1012.00,"First-Line Supervisors of Landscaping, Lawn Service, and Groundskeeping Workers",Optimism,1.13,Work_Styles,37,123,two_level_random_sample,EXP_20260416_154815
37-1012.00,"First-Line Supervisors of Landscaping, Lawn Service, and Groundskeeping Workers",Social Orientation,1.65,Work_Styles,37,123,two_level_random_sample,EXP_20260416_154815
37-1012.00,"First-Line Supervisors of Landscaping, Lawn Service, and Groundskeeping Workers",Cautiousness,1.2,Work_Styles,37,123,two_level_random_sample,EXP_20260416_154815
37-1012.00,"First-Line Supervisors of Landscaping, Lawn Service, and Groundskeeping Workers",Attention to Detail,1.86,Work_Styles,37,123,two_level_random_sample,EXP_20260416_154815
37-1012.00,"First-Line Supervisors of Landscaping, Lawn Service, and Groundskeeping Workers",Dependability,2.56,Work_Styles,37,123,two_level_random_sample,EXP_20260416_154815
37-1012.00,"First-Line Supervisors of Landscaping, Lawn Service, and Groundskeeping Workers",Integrity,1.66,Work_Styles,37,123,two_level_random_sample,EXP_20260416_154815
37-1012.00,"First-Line Supervisors of Landscaping, Lawn Service, and Groundskeeping Workers",Stress Tolerance,1.49,Work_Styles,37,123,two_level_random_sample,EXP_20260416_154815
37-1012.00,"First-Line Supervisors of Landscaping, Lawn Service, and Groundskeeping Workers",Self-Control,1.7,Work_Styles,37,123,two_level_random_sample,EXP_20260416_154815
37-2011.00,"Janitors and Cleaners, Except Maids and Housekeeping Cleaners",Innovation,-0.45,Work_Styles,37,123,two_level_random_sample,EXP_20260416_154815
37-2011.00,"Janitors and Cleaners, Except Maids and Housekeeping Cleaners",Achievement Orientation,0.6,Work_Styles,37,123,two_level_random_sample,EXP_20260416_154815
37-2011.00,"Janitors and Cleaners, Except Maids and Housekeeping Cleaners",Intellectual Curiosity,-0.33,Work_Styles,37,123,two_level_random_sample,EXP_20260416_154815
37-2011.00,"Janitors and Cleaners, Except Maids and Housekeeping Cleaners",Tolerance for Ambiguity,-0.44,Work_Styles,37,123,two_level_random_sample,EXP_20260416_154815
37-2011.00,"Janitors and Cleaners, Except Maids and Housekeeping Cleaners",Initiative,0.51,Work_Styles,37,123,two_level_random_sample,EXP_20260416_154815
37-2011.00,"Janitors and Cleaners, Except Maids and Housekeeping Cleaners",Adaptability,0.11,Work_Styles,37,123,two_level_random_sample,EXP_20260416_154815
37-2011.00,"Janitors and Cleaners, Except Maids and Housekeeping Cleaners",Self-Confidence,0.12,Work_Styles,37,123,two_level_random_sample,EXP_20260416_154815
37-2011.00,"Janitors and Cleaners, Except Maids and Housekeeping Cleaners",Perseverance,0.55,Work_Styles,37,123,two_level_random_sample,EXP_20260416_154815
37-2011.00,"Janitors and Cleaners, Except Maids and Housekeeping Cleaners",Leadership Orientation,-0.47,Work_Styles,37,123,two_level_random_sample,EXP_20260416_154815
37-2011.00,"Janitors and Cleaners, Except Maids and Housekeeping Cleaners",Humility,0.34,Work_Styles,37,123,two_level_random_sample,EXP_20260416_154815
37-2011.00,"Janitors and Cleaners, Except Maids and Housekeeping Cleaners",Sincerity,0.36,Work_Styles,37,123,two_level_random_sample,EXP_20260416_154815
37-2011.00,"Janitors and Cleaners, Except Maids and Housekeeping Cleaners",Empathy,0.07,Work_Styles,37,123,two_level_random_sample,EXP_20260416_154815
37-2011.00,"Janitors and Cleaners, Except Maids and Housekeeping Cleaners",Cooperation,0.85,Work_Styles,37,123,two_level_random_sample,EXP_20260416_154815
37-2011.00,"Janitors and Cleaners, Except Maids and Housekeeping Cleaners",Optimism,0.59,Work_Styles,37,123,two_level_random_sample,EXP_20260416_154815
37-2011.00,"Janitors and Cleaners, Except Maids and Housekeeping Cleaners",Social Orientation,-0.46,Work_Styles,37,123,two_level_random_sample,EXP_20260416_154815
37-2011.00,"Janitors and Cleaners, Except Maids and Housekeeping Cleaners",Cautiousness,1.09,Work_Styles,37,123,two_level_random_sample,EXP_20260416_154815
37-2011.00,"Janitors and Cleaners, Except Maids and Housekeeping Cleaners",Attention to Detail,1.38,Work_Styles,37,123,two_level_random_sample,EXP_20260416_154815
37-2011.00,"Janitors and Cleaners, Except Maids and Housekeeping Cleaners",Dependability,2.14,Work_Styles,37,123,two_level_random_sample,EXP_20260416_154815
37-2011.00,"Janitors and Cleaners, Except Maids and Housekeeping Cleaners",Integrity,0.96,Work_Styles,37,123,two_level_random_sample,EXP_20260416_154815
37-2011.00,"Janitors and Cleaners, Except Maids and Housekeeping Cleaners",Stress Tolerance,0.6,Work_Styles,37,123,two_level_random_sample,EXP_20260416_154815
37-2011.00,"Janitors and Cleaners, Except Maids and Housekeeping Cleaners",Self-Control,0.37,Work_Styles,37,123,two_level_random_sample,EXP_20260416_154815
37-2012.00,Maids and Housekeeping Cleaners,Innovation,-0.3,Work_Styles,37,123,two_level_random_sample,EXP_20260416_154815
37-2012.00,Maids and Housekeeping Cleaners,Achievement Orientation,0.41,Work_Styles,37,123,two_level_random_sample,EXP_20260416_154815
37-2012.00,Maids and Housekeeping Cleaners,Intellectual Curiosity,-0.47,Work_Styles,37,123,two_level_random_sample,EXP_20260416_154815
37-2012.00,Maids and Housekeeping Cleaners,Tolerance for Ambiguity,-0.67,Work_Styles,37,123,two_level_random_sample,EXP_20260416_154815
37-2012.00,Maids and Housekeeping Cleaners,Initiative,0.35,Work_Styles,37,123,two_level_random_sample,EXP_20260416_154815
37-2012.00,Maids and Housekeeping Cleaners,Adaptability,0.11,Work_Styles,37,123,two_level_random_sample,EXP_20260416_154815
37-2012.00,Maids and Housekeeping Cleaners,Self-Confidence,0.07,Work_Styles,37,123,two_level_random_sample,EXP_20260416_154815
37-2012.00,Maids and Housekeeping Cleaners,Perseverance,0.73,Work_Styles,37,123,two_level_random_sample,EXP_20260416_154815
37-2012.00,Maids and Housekeeping Cleaners,Leadership Orientation,-0.7,Work_Styles,37,123,two_level_random_sample,EXP_20260416_154815
37-2012.00,Maids and Housekeeping Cleaners,Humility,0.87,Work_Styles,37,123,two_level_random_sample,EXP_20260416_154815
37-2012.00,Maids and Housekeeping Cleaners,Sincerity,0.23,Work_Styles,37,123,two_level_random_sample,EXP_20260416_154815
37-2012.00,Maids and Housekeeping Cleaners,Empathy,0.37,Work_Styles,37,123,two_level_random_sample,EXP_20260416_154815
37-2012.00,Maids and Housekeeping Cleaners,Cooperation,1.17,Work_Styles,37,123,two_level_random_sample,EXP_20260416_154815
37-2012.00,Maids and Housekeeping Cleaners,Optimism,0.79,Work_Styles,37,123,two_level_random_sample,EXP_20260416_154815
37-2012.00,Maids and Housekeeping Cleaners,Social Orientation,0.2,Work_Styles,37,123,two_level_random_sample,EXP_20260416_154815
37-2012.00,Maids and Housekeeping Cleaners,Cautiousness,0.24,Work_Styles,37,123,two_level_random_sample,EXP_20260416_154815
37-2012.00,Maids and Housekeeping Cleaners,Attention to Detail,1.74,Work_Styles,37,123,two_level_random_sample,EXP_20260416_154815
37-2012.00,Maids and Housekeeping Cleaners,Dependability,2.14,Work_Styles,37,123,two_level_random_sample,EXP_20260416_154815
37-2012.00,Maids and Housekeeping Cleaners,Integrity,1.18,Work_Styles,37,123,two_level_random_sample,EXP_20260416_154815
37-2012.00,Maids and Housekeeping Cleaners,Stress Tolerance,0.44,Work_Styles,37,123,two_level_random_sample,EXP_20260416_154815
37-2012.00,Maids and Housekeeping Cleaners,Self-Control,0.31,Work_Styles,37,123,two_level_random_sample,EXP_20260416_154815
37-2021.00,Pest Control Workers,Innovation,-0.02,Work_Styles,37,123,two_level_random_sample,EXP_20260416_154815
37-2021.00,Pest Control Workers,Achievement Orientation,0.95,Work_Styles,37,123,two_level_random_sample,EXP_20260416_154815
37-2021.00,Pest Control Workers,Intellectual Curiosity,0.43,Work_Styles,37,123,two_level_random_sample,EXP_20260416_154815
37-2021.00,Pest Control Workers,Tolerance for Ambiguity,0.37,Work_Styles,37,123,two_level_random_sample,EXP_20260416_154815
37-2021.00,Pest Control Workers,Initiative,0.76,Work_Styles,37,123,two_level_random_sample,EXP_20260416_154815
37-2021.00,Pest Control Workers,Adaptability,0.46,Work_Styles,37,123,two_level_random_sample,EXP_20260416_154815
37-2021.00,Pest Control Workers,Self-Confidence,0.32,Work_Styles,37,123,two_level_random_sample,EXP_20260416_154815
37-2021.00,Pest Control Workers,Perseverance,1.52,Work_Styles,37,123,two_level_random_sample,EXP_20260416_154815
37-2021.00,Pest Control Workers,Leadership Orientation,0.21,Work_Styles,37,123,two_level_random_sample,EXP_20260416_154815
37-2021.00,Pest Control Workers,Humility,-0.08,Work_Styles,37,123,two_level_random_sample,EXP_20260416_154815
37-2021.00,Pest Control Workers,Sincerity,0.57,Work_Styles,37,123,two_level_random_sample,EXP_20260416_154815
37-2021.00,Pest Control Workers,Empathy,0.15,Work_Styles,37,123,two_level_random_sample,EXP_20260416_154815
37-2021.00,Pest Control Workers,Cooperation,0.92,Work_Styles,37,123,two_level_random_sample,EXP_20260416_154815
37-2021.00,Pest Control Workers,Optimism,0.59,Work_Styles,37,123,two_level_random_sample,EXP_20260416_154815
37-2021.00,Pest Control Workers,Social Orientation,0.59,Work_Styles,37,123,two_level_random_sample,EXP_20260416_154815
37-2021.00,Pest Control Workers,Cautiousness,2.06,Work_Styles,37,123,two_level_random_sample,EXP_20260416_154815
37-2021.00,Pest Control Workers,Attention to Detail,2.11,Work_Styles,37,123,two_level_random_sample,EXP_20260416_154815
37-2021.00,Pest Control Workers,Dependability,2.14,Work_Styles,37,123,two_level_random_sample,EXP_20260416_154815
37-2021.00,Pest Control Workers,Integrity,1.54,Work_Styles,37,123,two_level_random_sample,EXP_20260416_154815
37-2021.00,Pest Control Workers,Stress Tolerance,1.19,Work_Styles,37,123,two_level_random_sample,EXP_20260416_154815
37-2021.00,Pest Control Workers,Self-Control,1.19,Work_Styles,37,123,two_level_random_sample,EXP_20260416_154815
37-3011.00,Landscaping and Groundskeeping Workers,Innovation,0.19,Work_Styles,37,123,two_level_random_sample,EXP_20260416_154815
37-3011.00,Landscaping and Groundskeeping Workers,Achievement Orientation,0.65,Work_Styles,37,123,two_level_random_sample,EXP_20260416_154815
37-3011.00,Landscaping and Groundskeeping Workers,Intellectual Curiosity,-0.03,Work_Styles,37,123,two_level_random_sample,EXP_20260416_154815
37-3011.00,Landscaping and Groundskeeping Workers,Tolerance for Ambiguity,-0.44,Work_Styles,37,123,two_level_random_sample,EXP_20260416_154815
37-3011.00,Landscaping and Groundskeeping Workers,Initiative,0.65,Work_Styles,37,123,two_level_random_sample,EXP_20260416_154815
37-3011.00,Landscaping and Groundskeeping Workers,Adaptability,0.57,Work_Styles,37,123,two_level_random_sample,EXP_20260416_154815
37-3011.00,Landscaping and Groundskeeping Workers,Self-Confidence,0.43,Work_Styles,37,123,two_level_random_sample,EXP_20260416_154815
37-3011.00,Landscaping and Groundskeeping Workers,Perseverance,1.15,Work_Styles,37,123,two_level_random_sample,EXP_20260416_154815
37-3011.00,Landscaping and Groundskeeping Workers,Leadership Orientation,-0.3,Work_Styles,37,123,two_level_random_sample,EXP_20260416_154815
37-3011.00,Landscaping and Groundskeeping Workers,Humility,-0.14,Work_Styles,37,123,two_level_random_sample,EXP_20260416_154815
37-3011.00,Landscaping and Groundskeeping Workers,Sincerity,0.16,Work_Styles,37,123,two_level_random_sample,EXP_20260416_154815
37-3011.00,Landscaping and Groundskeeping Workers,Empathy,-0.1,Work_Styles,37,123,two_level_random_sample,EXP_20260416_154815
37-3011.00,Landscaping and Groundskeeping Workers,Cooperation,0.78,Work_Styles,37,123,two_level_random_sample,EXP_20260416_154815
37-3011.00,Landscaping and Groundskeeping Workers,Optimism,0.36,Work_Styles,37,123,two_level_random_sample,EXP_20260416_154815
37-3011.00,Landscaping and Groundskeeping Workers,Social Orientation,-0.12,Work_Styles,37,123,two_level_random_sample,EXP_20260416_154815
37-3011.00,Landscaping and Groundskeeping Workers,Cautiousness,1.11,Work_Styles,37,123,two_level_random_sample,EXP_20260416_154815
37-3011.00,Landscaping and Groundskeeping Workers,Attention to Detail,1.3,Work_Styles,37,123,two_level_random_sample,EXP_20260416_154815
37-3011.00,Landscaping and Groundskeeping Workers,Dependability,2.06,Work_Styles,37,123,two_level_random_sample,EXP_20260416_154815
37-3011.00,Landscaping and Groundskeeping Workers,Integrity,0.82,Work_Styles,37,123,two_level_random_sample,EXP_20260416_154815
37-3011.00,Landscaping and Groundskeeping Workers,Stress Tolerance,0.7,Work_Styles,37,123,two_level_random_sample,EXP_20260416_154815
37-3011.00,Landscaping and Groundskeeping Workers,Self-Control,0.53,Work_Styles,37,123,two_level_random_sample,EXP_20260416_154815
37-3012.00,"Pesticide Handlers, Sprayers, and Applicators, Vegetation",Innovation,0.49,Work_Styles,37,123,two_level_random_sample,EXP_20260416_154815
37-3012.00,"Pesticide Handlers, Sprayers, and Applicators, Vegetation",Achievement Orientation,1.03,Work_Styles,37,123,two_level_random_sample,EXP_20260416_154815
37-3012.00,"Pesticide Handlers, Sprayers, and Applicators, Vegetation",Intellectual Curiosity,0.62,Work_Styles,37,123,two_level_random_sample,EXP_20260416_154815
37-3012.00,"Pesticide Handlers, Sprayers, and Applicators, Vegetation",Tolerance for Ambiguity,-0.19,Work_Styles,37,123,two_level_random_sample,EXP_20260416_154815
37-3012.00,"Pesticide Handlers, Sprayers, and Applicators, Vegetation",Initiative,0.61,Work_Styles,37,123,two_level_random_sample,EXP_20260416_154815
37-3012.00,"Pesticide Handlers, Sprayers, and Applicators, Vegetation",Adaptability,0.86,Work_Styles,37,123,two_level_random_sample,EXP_20260416_154815
37-3012.00,"Pesticide Handlers, Sprayers, and Applicators, Vegetation",Self-Confidence,0.64,Work_Styles,37,123,two_level_random_sample,EXP_20260416_154815
37-3012.00,"Pesticide Handlers, Sprayers, and Applicators, Vegetation",Perseverance,1.18,Work_Styles,37,123,two_level_random_sample,EXP_20260416_154815
37-3012.00,"Pesticide Handlers, Sprayers, and Applicators, Vegetation",Leadership Orientation,-0.19,Work_Styles,37,123,two_level_random_sample,EXP_20260416_154815
37-3012.00,"Pesticide Handlers, Sprayers, and Applicators, Vegetation",Humility,-0.14,Work_Styles,37,123,two_level_random_sample,EXP_20260416_154815
37-3012.00,"Pesticide Handlers, Sprayers, and Applicators, Vegetation",Sincerity,0.36,Work_Styles,37,123,two_level_random_sample,EXP_20260416_154815
37-3012.00,"Pesticide Handlers, Sprayers, and Applicators, Vegetation",Empathy,-0.18,Work_Styles,37,123,two_level_random_sample,EXP_20260416_154815
37-3012.00,"Pesticide Handlers, Sprayers, and Applicators, Vegetation",Cooperation,0.49,Work_Styles,37,123,two_level_random_sample,EXP_20260416_154815
37-3012.00,"Pesticide Handlers, Sprayers, and Applicators, Vegetation",Optimism,0.13,Work_Styles,37,123,two_level_random_sample,EXP_20260416_154815
37-3012.00,"Pesticide Handlers, Sprayers, and Applicators, Vegetation",Social Orientation,-0.39,Work_Styles,37,123,two_level_random_sample,EXP_20260416_154815
37-3012.00,"Pesticide Handlers, Sprayers, and Applicators, Vegetation",Cautiousness,2.58,Work_Styles,37,123,two_level_random_sample,EXP_20260416_154815
37-3012.00,"Pesticide Handlers, Sprayers, and Applicators, Vegetation",Attention to Detail,2.22,Work_Styles,37,123,two_level_random_sample,EXP_20260416_154815
37-3012.00,"Pesticide Handlers, Sprayers, and Applicators, Vegetation",Dependability,2.33,Work_Styles,37,123,two_level_random_sample,EXP_20260416_154815
37-3012.00,"Pesticide Handlers, Sprayers, and Applicators, Vegetation",Integrity,1.73,Work_Styles,37,123,two_level_random_sample,EXP_20260416_154815
37-3012.00,"Pesticide Handlers, Sprayers, and Applicators, Vegetation",Stress Tolerance,1.24,Work_Styles,37,123,two_level_random_sample,EXP_20260416_154815
37-3012.00,"Pesticide Handlers, Sprayers, and Applicators, Vegetation",Self-Control,0.9,Work_Styles,37,123,two_level_random_sample,EXP_20260416_154815
37-3013.00,Tree Trimmers and Pruners,Innovation,0.22,Work_Styles,37,123,two_level_random_sample,EXP_20260416_154815
37-3013.00,Tree Trimmers and Pruners,Achievement Orientation,1.12,Work_Styles,37,123,two_level_random_sample,EXP_20260416_154815
37-3013.00,Tree Trimmers and Pruners,Intellectual Curiosity,0.37,Work_Styles,37,123,two_level_random_sample,EXP_20260416_154815
37-3013.00,Tree Trimmers and Pruners,Tolerance for Ambiguity,0.29,Work_Styles,37,123,two_level_random_sample,EXP_20260416_154815
37-3013.00,Tree Trimmers and Pruners,Initiative,0.97,Work_Styles,37,123,two_level_random_sample,EXP_20260416_154815
37-3013.00,Tree Trimmers and Pruners,Adaptability,1.0,Work_Styles,37,123,two_level_random_sample,EXP_20260416_154815
37-3013.00,Tree Trimmers and Pruners,Self-Confidence,1.32,Work_Styles,37,123,two_level_random_sample,EXP_20260416_154815
37-3013.00,Tree Trimmers and Pruners,Perseverance,2.01,Work_Styles,37,123,two_level_random_sample,EXP_20260416_154815
37-3013.00,Tree Trimmers and Pruners,Leadership Orientation,0.95,Work_Styles,37,123,two_level_random_sample,EXP_20260416_154815
37-3013.00,Tree Trimmers and Pruners,Humility,-0.12,Work_Styles,37,123,two_level_random_sample,EXP_20260416_154815
37-3013.00,Tree Trimmers and Pruners,Sincerity,0.33,Work_Styles,37,123,two_level_random_sample,EXP_20260416_154815
37-3013.00,Tree Trimmers and Pruners,Empathy,-0.06,Work_Styles,37,123,two_level_random_sample,EXP_20260416_154815
37-3013.00,Tree Trimmers and Pruners,Cooperation,1.23,Work_Styles,37,123,two_level_random_sample,EXP_20260416_154815
37-3013.00,Tree Trimmers and Pruners,Optimism,0.52,Work_Styles,37,123,two_level_random_sample,EXP_20260416_154815
37-3013.00,Tree Trimmers and Pruners,Social Orientation,0.07,Work_Styles,37,123,two_level_random_sample,EXP_20260416_154815
37-3013.00,Tree Trimmers and Pruners,Cautiousness,2.5,Work_Styles,37,123,two_level_random_sample,EXP_20260416_154815
37-3013.00,Tree Trimmers and Pruners,Attention to Detail,1.49,Work_Styles,37,123,two_level_random_sample,EXP_20260416_154815
37-3013.00,Tree Trimmers and Pruners,Dependability,2.47,Work_Styles,37,123,two_level_random_sample,EXP_20260416_154815
37-3013.00,Tree Trimmers and Pruners,Integrity,1.03,Work_Styles,37,123,two_level_random_sample,EXP_20260416_154815
37-3013.00,Tree Trimmers and Pruners,Stress Tolerance,1.83,Work_Styles,37,123,two_level_random_sample,EXP_20260416_154815
37-3013.00,Tree Trimmers and Pruners,Self-Control,1.31,Work_Styles,37,123,two_level_random_sample,EXP_20260416_154815
