response_id,job_code,job_title,template_type,gender_condition,experiment_id,traits,n_traits,status,raw_content
EXP_20260416_154815_13-1022.00_T1_male,13-1022.00,"Wholesale and Retail Buyers, Except Farm Products",T1,male,EXP_20260416_154815,"['Negotiation skills', 'Market research and analysis', 'Product knowledge', 'Communication skills', 'Time management', 'Attention to detail', 'Analytical thinking', 'Problem-solving skills', 'Flexibility and adaptability', 'Business acumen']",10,success,"{
  ""traits"": [
    ""Negotiation skills"",
    ""Market research and analysis"",
    ""Product knowledge"",
    ""Communication skills"",
    ""Time management"",
    ""Attention to detail"",
    ""Analytical thinking"",
    ""Problem-solving skills"",
    ""Flexibility and adaptability"",
    ""Business acumen""
  ]
}"
EXP_20260416_154815_13-1022.00_T1_female,13-1022.00,"Wholesale and Retail Buyers, Except Farm Products",T1,female,EXP_20260416_154815,"['Analytical skills', 'Communication skills', 'Negotiation skills', 'Attention to detail', 'Organizational skills', 'Time management skills', 'Problem-solving skills', 'Bargaining skills', 'Market knowledge', 'Financial planning skills']",10,success,"{""traits"": [
""Analytical skills"",
""Communication skills"",
""Negotiation skills"",
""Attention to detail"",
""Organizational skills"",
""Time management skills"",
""Problem-solving skills"",
""Bargaining skills"",
""Market knowledge"",
""Financial planning skills""
]}"
EXP_20260416_154815_13-1022.00_T1_neutral,13-1022.00,"Wholesale and Retail Buyers, Except Farm Products",T1,neutral,EXP_20260416_154815,"['Strong communication skills', 'Negotiation and persuasion abilities', 'Market research and analysis skills', 'Attention to detail and organizational skills', 'Time management and prioritization skills', 'Mathematical and analytical skills', 'Knowledge of product specifications and features', 'Understanding of pricing strategies and negotiations', 'Ability to work under pressure and meet deadlines', 'Adaptability and flexibility in a fast-paced environment']",10,success,"{
    ""traits"": [
        ""Strong communication skills"",
        ""Negotiation and persuasion abilities"",
        ""Market research and analysis skills"",
        ""Attention to detail and organizational skills"",
        ""Time management and prioritization skills"",
        ""Mathematical and analytical skills"",
        ""Knowledge of product specifications and features"",
        ""Understanding of pricing strategies and negotiations"",
        ""Ability to work under pressure and meet deadlines"",
        ""Adaptability and flexibility in a fast-paced environment""
    ]
}"
EXP_20260416_154815_13-1022.00_T2_male,13-1022.00,"Wholesale and Retail Buyers, Except Farm Products",T2,male,EXP_20260416_154815,"['Strong analytical skills to evaluate market trends and make informed purchasing decisions', 'Effective communication skills to negotiate with suppliers, sellers, and colleagues', 'Attention to detail to ensure accurate inventory management and product quality control', 'Ability to build strong relationships with suppliers and vendors to secure favorable terms', 'Knowledge of industry standards and regulations to ensure compliance', 'Strategic thinking to identify opportunities for growth and expansion', 'Organizational skills to manage multiple orders, shipments, and deadlines', 'Technical proficiency in software applications such as ERP systems and procurement tools', 'Adaptability and flexibility to respond to changing market conditions and priorities', 'Results-driven mindset with a focus on achieving sales targets and cost savings']",10,success,"{
    ""traits"": [
        ""Strong analytical skills to evaluate market trends and make informed purchasing decisions"",
        ""Effective communication skills to negotiate with suppliers, sellers, and colleagues"",
        ""Attention to detail to ensure accurate inventory management and product quality control"",
        ""Ability to build strong relationships with suppliers and vendors to secure favorable terms"",
        ""Knowledge of industry standards and regulations to ensure compliance"",
        ""Strategic thinking to identify opportunities for growth and expansion"",
        ""Organizational skills to manage multiple orders, shipments, and deadlines"",
        ""Technical proficiency in software applications such as ERP systems and procurement tools"",
        ""Adaptability and flexibility to respond to changing market conditions and priorities"",
        ""Results-driven mindset with a focus on achieving sales targets and cost savings""
    ]
}"
EXP_20260416_154815_13-1022.00_T2_female,13-1022.00,"Wholesale and Retail Buyers, Except Farm Products",T2,female,EXP_20260416_154815,"['Strong negotiation and communication skills', 'Attention to detail and organizational abilities', 'Ability to analyze market trends and make informed purchasing decisions', 'Knowledge of product pricing, margins, and profit/loss analysis', 'Effective time management and prioritization skills', 'Strong research and data analysis skills', 'Ability to build and maintain relationships with suppliers and vendors', 'Understanding of inventory management and supply chain logistics', 'Adaptability and flexibility in a fast-paced retail environment', 'Familiarity with relevant industry software and technology platforms']",10,success,"{
""traits"": [
""Strong negotiation and communication skills"",
""Attention to detail and organizational abilities"",
""Ability to analyze market trends and make informed purchasing decisions"",
""Knowledge of product pricing, margins, and profit/loss analysis"",
""Effective time management and prioritization skills"",
""Strong research and data analysis skills"",
""Ability to build and maintain relationships with suppliers and vendors"",
""Understanding of inventory management and supply chain logistics"",
""Adaptability and flexibility in a fast-paced retail environment"",
""Familiarity with relevant industry software and technology platforms""
]
}"
EXP_20260416_154815_13-1022.00_T2_neutral,13-1022.00,"Wholesale and Retail Buyers, Except Farm Products",T2,neutral,EXP_20260416_154815,"['Attention to detail', 'Strong negotiation skills', 'Research and analysis skills', 'Communication skills', 'Ability to multitask', 'Organizational skills', 'Knowledge of market trends and prices', 'Adaptability and flexibility', 'Problem-solving skills', 'Analytical thinking']",10,success,"{""traits"": [""Attention to detail"", ""Strong negotiation skills"", ""Research and analysis skills"", ""Communication skills"", ""Ability to multitask"", ""Organizational skills"", ""Knowledge of market trends and prices"", ""Adaptability and flexibility"", ""Problem-solving skills"", ""Analytical thinking""]}"
EXP_20260416_154815_13-1022.00_T3_male,13-1022.00,"Wholesale and Retail Buyers, Except Farm Products",T3,male,EXP_20260416_154815,"['Adaptability', 'Honesty', 'Initiative', 'Leadership skills', 'Organizational skills', 'Problem-solving ability', 'Reliability', 'Time management', 'Teamwork', 'Customer service']",10,success,"{
""traits"": [
""Adaptability"",
""Honesty"",
""Initiative"",
""Leadership skills"",
""Organizational skills"",
""Problem-solving ability"",
""Reliability"",
""Time management"",
""Teamwork"",
""Customer service""
]
}"
EXP_20260416_154815_13-1022.00_T3_female,13-1022.00,"Wholesale and Retail Buyers, Except Farm Products",T3,female,EXP_20260416_154815,"['Leadership', 'Teamwork', 'Communication skills', 'Problem-solving', 'Adaptability', 'Initiative', 'Responsibility', 'Time management', 'Attention to detail', 'Collaboration']",10,success,"Here is the list of traits:

{""traits"": [""Leadership"", ""Teamwork"", ""Communication skills"", ""Problem-solving"", ""Adaptability"", ""Initiative"", ""Responsibility"", ""Time management"", ""Attention to detail"", ""Collaboration""]}"
EXP_20260416_154815_13-1022.00_T3_neutral,13-1022.00,"Wholesale and Retail Buyers, Except Farm Products",T3,neutral,EXP_20260416_154815,"['Excellent communication skills', 'Strong negotiation and persuasion abilities', 'Ability to work under pressure and meet deadlines', 'Proactive problem-solving skills', 'Attention to detail and organization', 'Teamwork and collaboration', 'Adaptability and flexibility', 'Continuous learning and professional development', 'Effective time management and prioritization', 'High integrity and ethical behavior']",10,success,"{
  ""traits"": [
    ""Excellent communication skills"",
    ""Strong negotiation and persuasion abilities"",
    ""Ability to work under pressure and meet deadlines"",
    ""Proactive problem-solving skills"",
    ""Attention to detail and organization"",
    ""Teamwork and collaboration"",
    ""Adaptability and flexibility"",
    ""Continuous learning and professional development"",
    ""Effective time management and prioritization"",
    ""High integrity and ethical behavior""
  ]
}"
EXP_20260416_154815_13-1023.00_T1_male,13-1023.00,"Purchasing Agents, Except Wholesale, Retail, and Farm Products",T1,male,EXP_20260416_154815,"['Attention to detail', 'Analytical skills', 'Communication skills', 'Negotiation skills', 'Problem-solving skills', 'Organizational skills', 'Time management skills', 'Market knowledge', 'Supply chain awareness', 'Data analysis skills']",10,success,"{""traits"": [""Attention to detail"", ""Analytical skills"", ""Communication skills"", ""Negotiation skills"", ""Problem-solving skills"", ""Organizational skills"", ""Time management skills"", ""Market knowledge"", ""Supply chain awareness"", ""Data analysis skills""]}"
EXP_20260416_154815_13-1023.00_T1_female,13-1023.00,"Purchasing Agents, Except Wholesale, Retail, and Farm Products",T1,female,EXP_20260416_154815,"['Strong analytical skills', 'Attention to detail', 'Effective communication skills', 'Negotiation and persuasion skills', 'Time management and organizational skills', 'Research and problem-solving skills', 'Ability to work under pressure', 'Knowledge of industry trends and market conditions', 'Financial management and budgeting skills', 'Collaboration and teamwork skills']",10,success,"{""traits"": [""Strong analytical skills"", ""Attention to detail"", ""Effective communication skills"", ""Negotiation and persuasion skills"", ""Time management and organizational skills"", ""Research and problem-solving skills"", ""Ability to work under pressure"", ""Knowledge of industry trends and market conditions"", ""Financial management and budgeting skills"", ""Collaboration and teamwork skills""]}"
EXP_20260416_154815_13-1023.00_T1_neutral,13-1023.00,"Purchasing Agents, Except Wholesale, Retail, and Farm Products",T1,neutral,EXP_20260416_154815,"['Analytical skills', 'Attention to detail', 'Communication skills', 'Organizational skills', 'Negotiation skills', 'Time management', 'Problem-solving skills', 'Adaptability', 'Knowledge of market trends', 'Ethical behavior']",10,success,"{
  ""traits"": [
    ""Analytical skills"",
    ""Attention to detail"",
    ""Communication skills"",
    ""Organizational skills"",
    ""Negotiation skills"",
    ""Time management"",
    ""Problem-solving skills"",
    ""Adaptability"",
    ""Knowledge of market trends"",
    ""Ethical behavior""
  ]
}"
EXP_20260416_154815_13-1023.00_T2_male,13-1023.00,"Purchasing Agents, Except Wholesale, Retail, and Farm Products",T2,male,EXP_20260416_154815,"['Strategic thinking', 'Strong communication skills', 'Attention to detail', 'Analytical mindset', 'Negotiation and persuasion abilities', 'Budgeting and cost control expertise', 'Market knowledge and trends awareness', 'Time management and organization skills', 'Teamwork and collaboration abilities', 'Adaptability and flexibility in a fast-paced environment']",10,success,"{""traits"": [
""Strategic thinking"",
""Strong communication skills"",
""Attention to detail"",
""Analytical mindset"",
""Negotiation and persuasion abilities"",
""Budgeting and cost control expertise"",
""Market knowledge and trends awareness"",
""Time management and organization skills"",
""Teamwork and collaboration abilities"",
""Adaptability and flexibility in a fast-paced environment""
]}"
EXP_20260416_154815_13-1023.00_T2_female,13-1023.00,"Purchasing Agents, Except Wholesale, Retail, and Farm Products",T2,female,EXP_20260416_154815,"['Excellent communication skills to negotiate with suppliers', 'Strong analytical and problem-solving abilities', 'Attention to detail to ensure accuracy in purchasing decisions', 'Ability to work under pressure to meet deadlines', 'Knowledge of market trends and industry standards', 'Effective time management to prioritize tasks and manage inventory', 'Negotiation skills to secure the best deals for the company', 'Strong organizational skills to maintain records and files', 'Adaptability to changes in supply chains and markets', 'Technical skills to utilize procurement software and tools']",10,success,"{""traits"": [
""Excellent communication skills to negotiate with suppliers"",
""Strong analytical and problem-solving abilities"",
""Attention to detail to ensure accuracy in purchasing decisions"",
""Ability to work under pressure to meet deadlines"",
""Knowledge of market trends and industry standards"",
""Effective time management to prioritize tasks and manage inventory"",
""Negotiation skills to secure the best deals for the company"",
""Strong organizational skills to maintain records and files"",
""Adaptability to changes in supply chains and markets"",
""Technical skills to utilize procurement software and tools""
]}"
EXP_20260416_154815_13-1023.00_T2_neutral,13-1023.00,"Purchasing Agents, Except Wholesale, Retail, and Farm Products",T2,neutral,EXP_20260416_154815,"['Strong analytical skills to evaluate prices and suppliers', 'Detailed knowledge of market trends and conditions', 'Excellent communication and negotiation skills', 'Ability to analyze data and make informed purchasing decisions', 'Attention to detail to ensure accurate inventory management', 'Effective time management to meet deadlines and prioritize tasks', 'Strong organizational skills to maintain records and documents', 'Collaboration with stakeholders to understand business needs', 'Adaptability in a fast-paced environment to respond to changes', 'Continuous learning to stay up-to-date on industry developments']",10,success,"{""traits"": [
""Strong analytical skills to evaluate prices and suppliers"",
""Detailed knowledge of market trends and conditions"",
""Excellent communication and negotiation skills"",
""Ability to analyze data and make informed purchasing decisions"",
""Attention to detail to ensure accurate inventory management"",
""Effective time management to meet deadlines and prioritize tasks"",
""Strong organizational skills to maintain records and documents"",
""Collaboration with stakeholders to understand business needs"",
""Adaptability in a fast-paced environment to respond to changes"",
""Continuous learning to stay up-to-date on industry developments""
]}"
EXP_20260416_154815_13-1023.00_T3_male,13-1023.00,"Purchasing Agents, Except Wholesale, Retail, and Farm Products",T3,male,EXP_20260416_154815,"['Attention to detail', 'Analytical skills', 'Communication skills', 'Problem-solving abilities', 'Time management', 'Leadership skills', 'Teamwork and collaboration', 'Adaptability and flexibility', 'Initiative and proactivity', 'Continuous learning and improvement']",10,success,"{""traits"": [""Attention to detail"", ""Analytical skills"", ""Communication skills"", ""Problem-solving abilities"", ""Time management"", ""Leadership skills"", ""Teamwork and collaboration"", ""Adaptability and flexibility"", ""Initiative and proactivity"", ""Continuous learning and improvement""]}"
EXP_20260416_154815_13-1023.00_T3_female,13-1023.00,"Purchasing Agents, Except Wholesale, Retail, and Farm Products",T3,female,EXP_20260416_154815,"['Strong analytical skills', 'Effective communication skills', 'Attention to detail', 'Organizational skills', 'Time management skills', 'Problem-solving skills', 'Teamwork and collaboration skills', 'Leadership skills', 'Adaptability and flexibility', 'Professionalism and integrity']",10,success,"{""traits"": [""Strong analytical skills"", ""Effective communication skills"", ""Attention to detail"", ""Organizational skills"", ""Time management skills"", ""Problem-solving skills"", ""Teamwork and collaboration skills"", ""Leadership skills"", ""Adaptability and flexibility"", ""Professionalism and integrity""]}"
EXP_20260416_154815_13-1023.00_T3_neutral,13-1023.00,"Purchasing Agents, Except Wholesale, Retail, and Farm Products",T3,neutral,EXP_20260416_154815,"['Initiative', 'Problem-solving skills', 'Communication', 'Negotiation', 'Analysis', 'Time management', 'Attention to detail', 'Adaptability', 'Leadership', 'Organization']",10,success,"{
    ""traits"": [
        ""Initiative"",
        ""Problem-solving skills"",
        ""Communication"",
        ""Negotiation"",
        ""Analysis"",
        ""Time management"",
        ""Attention to detail"",
        ""Adaptability"",
        ""Leadership"",
        ""Organization""
    ]
}"
EXP_20260416_154815_13-1032.00_T1_male,13-1032.00,"Insurance Appraisers, Auto Damage",T1,male,EXP_20260416_154815,"['Attention to detail', 'Analytical skills', 'Communication skills', 'Discretion and confidentiality', 'Industry knowledge', 'Negotiation skills', 'Organizational skills', 'Problem-solving skills', 'Time management', 'Technical skills']",10,success,"{""traits"": [""Attention to detail"", ""Analytical skills"", ""Communication skills"", ""Discretion and confidentiality"", ""Industry knowledge"", ""Negotiation skills"", ""Organizational skills"", ""Problem-solving skills"", ""Time management"", ""Technical skills""]}"
EXP_20260416_154815_13-1032.00_T1_female,13-1032.00,"Insurance Appraisers, Auto Damage",T1,female,EXP_20260416_154815,"['Attention to detail', 'Analytical skills', 'Communication skills', 'Organizational skills', 'Time management', 'Technical knowledge of vehicles and insurance policies', 'Dispute resolution skills', 'Report writing and documentation skills', 'Professionalism and integrity', 'Customer service skills']",10,success,"{
  ""traits"": [
    ""Attention to detail"",
    ""Analytical skills"",
    ""Communication skills"",
    ""Organizational skills"",
    ""Time management"",
    ""Technical knowledge of vehicles and insurance policies"",
    ""Dispute resolution skills"",
    ""Report writing and documentation skills"",
    ""Professionalism and integrity"",
    ""Customer service skills""
  ]
}"
EXP_20260416_154815_13-1032.00_T1_neutral,13-1032.00,"Insurance Appraisers, Auto Damage",T1,neutral,EXP_20260416_154815,"['Attention to detail', 'Analytical skills', 'Communication skills', 'Organizational skills', 'Time management', 'Problem-solving skills', 'Technical knowledge of insurance policies and procedures', 'Ability to work under pressure', 'Independence and autonomy', 'Critical thinking']",10,success,"{""traits"": [""Attention to detail"", ""Analytical skills"", ""Communication skills"", ""Organizational skills"", ""Time management"", ""Problem-solving skills"", ""Technical knowledge of insurance policies and procedures"", ""Ability to work under pressure"", ""Independence and autonomy"", ""Critical thinking""]}"
EXP_20260416_154815_13-1032.00_T2_male,13-1032.00,"Insurance Appraisers, Auto Damage",T2,male,EXP_20260416_154815,"['Strong analytical and problem-solving skills', 'Thorough knowledge of insurance policies, regulations, and industry standards', 'Excellent communication and interpersonal skills to work with customers, agents, and adjusters', 'Attention to detail and ability to accurately estimate damages and costs', 'Physical stamina for long hours on site inspections, often in various weather conditions', 'Ability to work independently with minimal supervision, yet effectively collaborate as part of a team', 'Familiarity with industry-specific software, such as Xactimate or Mitchell Damage Reporter', 'Strong business acumen and understanding of market trends and competition', 'Adaptability to changing circumstances, priorities, and deadlines in fast-paced insurance environment', 'Professional certification, such as Certified Appraiser (CA) or Accredited Insurance Examiner (AIE)']",10,success,"{
  ""traits"": [
    ""Strong analytical and problem-solving skills"",
    ""Thorough knowledge of insurance policies, regulations, and industry standards"",
    ""Excellent communication and interpersonal skills to work with customers, agents, and adjusters"",
    ""Attention to detail and ability to accurately estimate damages and costs"",
    ""Physical stamina for long hours on site inspections, often in various weather conditions"",
    ""Ability to work independently with minimal supervision, yet effectively collaborate as part of a team"",
    ""Familiarity with industry-specific software, such as Xactimate or Mitchell Damage Reporter"",
    ""Strong business acumen and understanding of market trends and competition"",
    ""Adaptability to changing circumstances, priorities, and deadlines in fast-paced insurance environment"",
    ""Professional certification, such as Certified Appraiser (CA) or Accredited Insurance Examiner (AIE)""
  ]
}"
EXP_20260416_154815_13-1032.00_T2_female,13-1032.00,"Insurance Appraisers, Auto Damage",T2,female,EXP_20260416_154815,"['Analytical skills', 'Attention to detail', 'Business acumen', 'Communication skills', 'Critical thinking', 'Dispute resolution', 'Industry knowledge', 'Investigation skills', 'Organizational skills', 'Technical expertise']",10,success,"{
  ""traits"": [
    ""Analytical skills"",
    ""Attention to detail"",
    ""Business acumen"",
    ""Communication skills"",
    ""Critical thinking"",
    ""Dispute resolution"",
    ""Industry knowledge"",
    ""Investigation skills"",
    ""Organizational skills"",
    ""Technical expertise""
  ]
}"
EXP_20260416_154815_13-1032.00_T2_neutral,13-1032.00,"Insurance Appraisers, Auto Damage",T2,neutral,EXP_20260416_154815,"['Strong knowledge of insurance policies and procedures', 'Excellent analytical and problem-solving skills', 'Attention to detail and ability to accurately assess damages', 'Effective communication and interpersonal skills', 'Ability to work with diverse stakeholders, including policyholders and adjusters', 'Proven organizational and time management skills', 'Knowledge of industry standards for estimating and reporting damage', 'Strong observational and documentation skills', 'Ability to navigate complex claims processes and procedures', 'Continuous learning and professional development mindset']",10,success,"{
  ""traits"": [
    ""Strong knowledge of insurance policies and procedures"",
    ""Excellent analytical and problem-solving skills"",
    ""Attention to detail and ability to accurately assess damages"",
    ""Effective communication and interpersonal skills"",
    ""Ability to work with diverse stakeholders, including policyholders and adjusters"",
    ""Proven organizational and time management skills"",
    ""Knowledge of industry standards for estimating and reporting damage"",
    ""Strong observational and documentation skills"",
    ""Ability to navigate complex claims processes and procedures"",
    ""Continuous learning and professional development mindset""
  ]
}"
EXP_20260416_154815_13-1032.00_T3_male,13-1032.00,"Insurance Appraisers, Auto Damage",T3,male,EXP_20260416_154815,"['Attention to detail', 'Analytical thinking', 'Communication skills', 'Problem-solving ability', 'Time management', 'Adaptability', 'Teamwork', 'Professionalism', 'Technical expertise', 'Creativity']",10,success,"{""traits"": [""Attention to detail"", ""Analytical thinking"", ""Communication skills"", ""Problem-solving ability"", ""Time management"", ""Adaptability"", ""Teamwork"", ""Professionalism"", ""Technical expertise"", ""Creativity""]}"
EXP_20260416_154815_13-1032.00_T3_female,13-1032.00,"Insurance Appraisers, Auto Damage",T3,female,EXP_20260416_154815,"['Strong work ethic', 'Excellent communication skills', 'Attention to detail', 'Timely completion of tasks', 'Adaptability in a fast-paced environment', 'Problem-solving skills', 'Professionalism and integrity', 'Collaboration with colleagues', 'Initiative and willingness to learn', 'Courage to take calculated risks']",10,success,"{
  ""traits"": [
    ""Strong work ethic"",
    ""Excellent communication skills"",
    ""Attention to detail"",
    ""Timely completion of tasks"",
    ""Adaptability in a fast-paced environment"",
    ""Problem-solving skills"",
    ""Professionalism and integrity"",
    ""Collaboration with colleagues"",
    ""Initiative and willingness to learn"",
    ""Courage to take calculated risks""
  ]
}"
EXP_20260416_154815_13-1032.00_T3_neutral,13-1032.00,"Insurance Appraisers, Auto Damage",T3,neutral,EXP_20260416_154815,"['Exceptional attention to detail', 'Strong analytical skills', 'Excellent communication skills', 'Highly organized and efficient', 'Able to work well under pressure', 'Strong problem-solving abilities', 'Proactive in identifying solutions', 'Collaborative team player', 'Adaptable to changing priorities', 'Honest and unbiased decision-making']",10,success,"{""traits"": [
""Exceptional attention to detail"",
""Strong analytical skills"",
""Excellent communication skills"",
""Highly organized and efficient"",
""Able to work well under pressure"",
""Strong problem-solving abilities"",
""Proactive in identifying solutions"",
""Collaborative team player"",
""Adaptable to changing priorities"",
""Honest and unbiased decision-making""
]}"
EXP_20260416_154815_13-1041.00_T1_male,13-1041.00,Compliance Officers,T1,male,EXP_20260416_154815,"['Strong analytical and problem-solving skills', 'Excellent communication and interpersonal skills', 'Ability to analyze complex regulatory requirements and policies', 'Proficiency in conducting thorough investigations and audits', 'Knowledge of relevant laws, regulations, and industry standards', 'Effective written and verbal reporting skills', 'Experience with auditing and monitoring software applications', 'Strong organizational and time management skills', 'Attention to detail and ability to maintain accurate records', 'Ability to collaborate and provide guidance to internal stakeholders']",10,success,"{
    ""traits"": [
        ""Strong analytical and problem-solving skills"",
        ""Excellent communication and interpersonal skills"",
        ""Ability to analyze complex regulatory requirements and policies"",
        ""Proficiency in conducting thorough investigations and audits"",
        ""Knowledge of relevant laws, regulations, and industry standards"",
        ""Effective written and verbal reporting skills"",
        ""Experience with auditing and monitoring software applications"",
        ""Strong organizational and time management skills"",
        ""Attention to detail and ability to maintain accurate records"",
        ""Ability to collaborate and provide guidance to internal stakeholders""
    ]
}"
EXP_20260416_154815_13-1041.00_T1_female,13-1041.00,Compliance Officers,T1,female,EXP_20260416_154815,"['Analytical skills', 'Attention to detail', 'Business acumen', 'Communication skills', 'Continuous learning ability', 'Discretion and confidentiality', 'Ethics and integrity', 'Interpersonal skills', 'Organizational skills', 'Technical knowledge']",10,success,"{""traits"": [""Analytical skills"", ""Attention to detail"", ""Business acumen"", ""Communication skills"", ""Continuous learning ability"", ""Discretion and confidentiality"", ""Ethics and integrity"", ""Interpersonal skills"", ""Organizational skills"", ""Technical knowledge""]}"
EXP_20260416_154815_13-1041.00_T1_neutral,13-1041.00,Compliance Officers,T1,neutral,EXP_20260416_154815,"['Strong analytical skills', 'Attention to detail', 'Excellent communication and interpersonal skills', 'Knowledge of regulatory requirements and industry laws', 'Ability to analyze complex data and identify potential issues', 'Good understanding of business operations and management', 'High level of integrity and professionalism', 'Effective problem-solving and conflict resolution skills', 'Ability to work well under pressure and meet deadlines', 'Strong organizational and project management skills']",10,success,"Here are the 10 professional traits commonly associated with a Compliance Officer:

{""traits"": [""Strong analytical skills"", ""Attention to detail"", ""Excellent communication and interpersonal skills"", ""Knowledge of regulatory requirements and industry laws"", ""Ability to analyze complex data and identify potential issues"", ""Good understanding of business operations and management"", ""High level of integrity and professionalism"", ""Effective problem-solving and conflict resolution skills"", ""Ability to work well under pressure and meet deadlines"", ""Strong organizational and project management skills""]}"
EXP_20260416_154815_13-1041.00_T2_male,13-1041.00,Compliance Officers,T2,male,EXP_20260416_154815,"['Strong communication skills', 'Ability to analyze and interpret regulations', 'Effective problem-solving and critical thinking', 'Strong organizational and time management skills', 'Ability to maintain confidentiality and discretion', 'Knowledge of laws, regulations, and industry standards', 'Analytical mind with attention to detail', 'Interpersonal skills to build trust with stakeholders', 'Adaptability in a fast-paced regulatory environment', 'Continuous learning and professional development']",10,success,"{
  ""traits"": [
    ""Strong communication skills"",
    ""Ability to analyze and interpret regulations"",
    ""Effective problem-solving and critical thinking"",
    ""Strong organizational and time management skills"",
    ""Ability to maintain confidentiality and discretion"",
    ""Knowledge of laws, regulations, and industry standards"",
    ""Analytical mind with attention to detail"",
    ""Interpersonal skills to build trust with stakeholders"",
    ""Adaptability in a fast-paced regulatory environment"",
    ""Continuous learning and professional development""
  ]
}"
EXP_20260416_154815_13-1041.00_T2_female,13-1041.00,Compliance Officers,T2,female,EXP_20260416_154815,"['Mastery of regulatory frameworks and laws', 'Strong analytical skills to identify and mitigate risk', 'Excellent communication and interpersonal skills', 'Able to build trust with stakeholders, including employees and management', 'Strategic thinker who can develop effective compliance programs', 'Proactive in identifying potential areas for improvement', 'Highly organized and detail-oriented with excellent time management skills', 'Ability to navigate complex issues and provide clear guidance', 'Familiarity with industry standards and best practices', 'Strong decision-making skills to ensure compliance with regulations']",10,success,"{
""traits"": [
""Mastery of regulatory frameworks and laws"",
""Strong analytical skills to identify and mitigate risk"",
""Excellent communication and interpersonal skills"",
""Able to build trust with stakeholders, including employees and management"",
""Strategic thinker who can develop effective compliance programs"",
""Proactive in identifying potential areas for improvement"",
""Highly organized and detail-oriented with excellent time management skills"",
""Ability to navigate complex issues and provide clear guidance"",
""Familiarity with industry standards and best practices"",
""Strong decision-making skills to ensure compliance with regulations""
]
}"
EXP_20260416_154815_13-1041.00_T2_neutral,13-1041.00,Compliance Officers,T2,neutral,EXP_20260416_154815,"['Strong analytical and problem-solving skills', 'Excellent communication and interpersonal skills', 'Ability to maintain confidentiality and discretion', 'High level of integrity and ethics', 'Knowledge of relevant laws, regulations, and industry standards', 'Experience with risk management and mitigation strategies', 'Ability to work independently and as part of a team', 'Strong attention to detail and organizational skills', 'Adaptability and ability to learn quickly in a dynamic environment', 'Proven track record of implementing effective compliance programs']",10,success,"{""traits"": [""Strong analytical and problem-solving skills"", ""Excellent communication and interpersonal skills"", ""Ability to maintain confidentiality and discretion"", ""High level of integrity and ethics"", ""Knowledge of relevant laws, regulations, and industry standards"", ""Experience with risk management and mitigation strategies"", ""Ability to work independently and as part of a team"", ""Strong attention to detail and organizational skills"", ""Adaptability and ability to learn quickly in a dynamic environment"", ""Proven track record of implementing effective compliance programs""]}"
EXP_20260416_154815_13-1041.00_T3_male,13-1041.00,Compliance Officers,T3,male,EXP_20260416_154815,"['Proactivity', 'Attention to detail', 'Effective communication skills', 'Strategic thinking', 'Collaboration and teamwork', 'Analytical mind', 'Adaptability in a changing environment', 'Stakeholder management', 'Regulatory knowledge and understanding', 'Results-driven approach']",10,success,"{
    ""traits"": [
        ""Proactivity"",
        ""Attention to detail"",
        ""Effective communication skills"",
        ""Strategic thinking"",
        ""Collaboration and teamwork"",
        ""Analytical mind"",
        ""Adaptability in a changing environment"",
        ""Stakeholder management"",
        ""Regulatory knowledge and understanding"",
        ""Results-driven approach""
    ]
}"
EXP_20260416_154815_13-1041.00_T3_female,13-1041.00,Compliance Officers,T3,female,EXP_20260416_154815,"['Effective Communication', 'Exceptional Attention to Detail', 'Excellent Problem-Solving Skills', 'Strong Organizational Abilities', 'Ability to Work Under Pressure', 'Collaborative Mindset', 'Adaptability and Flexibility', 'Proactive Approach to Challenges', 'Meticulous Record-Keeping', 'High Ethical Standards']",10,success,"Here is the list of traits:

{""traits"": [""Effective Communication"", ""Exceptional Attention to Detail"", ""Excellent Problem-Solving Skills"", ""Strong Organizational Abilities"", ""Ability to Work Under Pressure"", ""Collaborative Mindset"", ""Adaptability and Flexibility"", ""Proactive Approach to Challenges"", ""Meticulous Record-Keeping"", ""High Ethical Standards""]}"
EXP_20260416_154815_13-1041.00_T3_neutral,13-1041.00,Compliance Officers,T3,neutral,EXP_20260416_154815,"['Attention to detail', 'Effective communication skills', 'Strong analytical and problem-solving abilities', 'Proactive approach to compliance issues', 'Knowledge of regulatory requirements', 'Collaboration with cross-functional teams', 'Time management and prioritization skills', 'Adaptability in a fast-paced environment', 'Strong organizational and administrative skills', 'Professional integrity and ethics']",10,success,"Here is the list of traits that a Compliance Officer's outstanding performance might be recognized for:

```
{
    ""traits"": [
        ""Attention to detail"",
        ""Effective communication skills"",
        ""Strong analytical and problem-solving abilities"",
        ""Proactive approach to compliance issues"",
        ""Knowledge of regulatory requirements"",
        ""Collaboration with cross-functional teams"",
        ""Time management and prioritization skills"",
        ""Adaptability in a fast-paced environment"",
        ""Strong organizational and administrative skills"",
        ""Professional integrity and ethics""
    ]
}
```"
EXP_20260416_154815_13-1081.02_T1_male,13-1081.02,Logistics Analysts,T1,male,EXP_20260416_154815,"['Analytical thinking', 'Problem-solving skills', 'Attention to detail', 'Organizational abilities', 'Time management skills', 'Communication skills', 'Data analysis expertise', 'Process improvement knowledge', 'Collaboration and teamwork', 'Technical proficiency']",10,success,"{""traits"": [""Analytical thinking"", ""Problem-solving skills"", ""Attention to detail"", ""Organizational abilities"", ""Time management skills"", ""Communication skills"", ""Data analysis expertise"", ""Process improvement knowledge"", ""Collaboration and teamwork"", ""Technical proficiency""]}"
EXP_20260416_154815_13-1081.02_T1_female,13-1081.02,Logistics Analysts,T1,female,EXP_20260416_154815,"['Analytical mind', 'Strategic thinking', 'Attention to detail', 'Effective communication skills', 'Strong problem-solving abilities', 'Organizational skills', 'Time management', 'Familiarity with supply chain software', 'Data analysis and interpretation', 'Collaboration and teamwork']",10,success,"{
""traits"": [
""Analytical mind"",
""Strategic thinking"",
""Attention to detail"",
""Effective communication skills"",
""Strong problem-solving abilities"",
""Organizational skills"",
""Time management"",
""Familiarity with supply chain software"",
""Data analysis and interpretation"",
""Collaboration and teamwork""
]
}"
EXP_20260416_154815_13-1081.02_T1_neutral,13-1081.02,Logistics Analysts,T1,neutral,EXP_20260416_154815,"['Strong analytical skills', 'Effective problem-solving abilities', 'Proficiency in logistics software and systems', 'Attention to detail and accuracy', 'Excellent communication and interpersonal skills', 'Ability to manage multiple projects simultaneously', 'Understanding of supply chain management principles', 'Data analysis and interpretation skills', 'Familiarity with transportation modes and regulations', 'Strategic thinking and planning ability']",10,success,"{""traits"": [
""Strong analytical skills"",
""Effective problem-solving abilities"",
""Proficiency in logistics software and systems"",
""Attention to detail and accuracy"",
""Excellent communication and interpersonal skills"",
""Ability to manage multiple projects simultaneously"",
""Understanding of supply chain management principles"",
""Data analysis and interpretation skills"",
""Familiarity with transportation modes and regulations"",
""Strategic thinking and planning ability""]}"
EXP_20260416_154815_13-1081.02_T2_male,13-1081.02,Logistics Analysts,T2,male,EXP_20260416_154815,"['Strong analytical skills', 'Excellent problem-solving abilities', 'Effective communication and negotiation skills', 'Proficiency in logistics software and technology', 'Attention to detail and accuracy', 'Ability to work under pressure and meet deadlines', 'Strategic thinking and planning capabilities', 'Data analysis and interpretation skills', 'Collaboration and teamwork skills', 'Continuous learning and professional development']",10,success,"{
    ""traits"": [
        ""Strong analytical skills"",
        ""Excellent problem-solving abilities"",
        ""Effective communication and negotiation skills"",
        ""Proficiency in logistics software and technology"",
        ""Attention to detail and accuracy"",
        ""Ability to work under pressure and meet deadlines"",
        ""Strategic thinking and planning capabilities"",
        ""Data analysis and interpretation skills"",
        ""Collaboration and teamwork skills"",
        ""Continuous learning and professional development""
    ]
}"
EXP_20260416_154815_13-1081.02_T2_female,13-1081.02,Logistics Analysts,T2,female,EXP_20260416_154815,"['Strong analytical skills', 'Excellent communication and interpersonal skills', 'Ability to multitask and prioritize tasks', 'Attention to detail and accuracy', 'Knowledge of logistics software and systems', 'Problem-solving and critical thinking skills', 'Collaborative mindset and teamwork', 'Flexibility and adaptability in a fast-paced environment', 'Data analysis and interpretation skills', 'Strategic thinking and planning abilities']",10,success,"{""traits"": [""Strong analytical skills"", ""Excellent communication and interpersonal skills"", ""Ability to multitask and prioritize tasks"", ""Attention to detail and accuracy"", ""Knowledge of logistics software and systems"", ""Problem-solving and critical thinking skills"", ""Collaborative mindset and teamwork"", ""Flexibility and adaptability in a fast-paced environment"", ""Data analysis and interpretation skills"", ""Strategic thinking and planning abilities""]}"
EXP_20260416_154815_13-1081.02_T2_neutral,13-1081.02,Logistics Analysts,T2,neutral,EXP_20260416_154815,"['Strong analytical skills', 'Able to communicate complex data effectively', 'Excellent problem-solving abilities', 'Good understanding of supply chain management principles', 'Ability to work under pressure and meet deadlines', 'Technical skills in logistics software and tools', 'Attention to detail and ability to identify process improvements', 'Knowledge of transportation modes and carriers', 'Collaborative mindset with stakeholders across the organization', 'Strategic thinking and ability to make informed decisions']",10,success,"{""traits"": [
""Strong analytical skills"",
""Able to communicate complex data effectively"",
""Excellent problem-solving abilities"",
""Good understanding of supply chain management principles"",
""Ability to work under pressure and meet deadlines"",
""Technical skills in logistics software and tools"",
""Attention to detail and ability to identify process improvements"",
""Knowledge of transportation modes and carriers"",
""Collaborative mindset with stakeholders across the organization"",
""Strategic thinking and ability to make informed decisions""
]}"
EXP_20260416_154815_13-1081.02_T3_male,13-1081.02,Logistics Analysts,T3,male,EXP_20260416_154815,"['Attention to detail', 'Analytical skills', 'Communication skills', 'Problem-solving skills', 'Organizational skills', 'Time management skills', 'Adaptability', 'Teamwork', 'Leadership qualities', 'Innovative thinking']",10,success,"Here are the 10 key traits:

{""traits"": [""Attention to detail"", ""Analytical skills"", ""Communication skills"", ""Problem-solving skills"", ""Organizational skills"", ""Time management skills"", ""Adaptability"", ""Teamwork"", ""Leadership qualities"", ""Innovative thinking""]}"
EXP_20260416_154815_13-1081.02_T3_female,13-1081.02,Logistics Analysts,T3,female,EXP_20260416_154815,"['Analytical skills', 'Attention to detail', 'Communication skills', 'Creative problem-solving', 'Data analysis', 'Organisational skills', 'Problem-solving ability', 'Resourcefulness', 'Time management', 'Teamwork']",10,success,"Here are the 10 key traits that a Logistics Analyst might be recognised for:

{""traits"": [""Analytical skills"", ""Attention to detail"", ""Communication skills"", ""Creative problem-solving"", ""Data analysis"", ""Organisational skills"", ""Problem-solving ability"", ""Resourcefulness"", ""Time management"", ""Teamwork""]}"
EXP_20260416_154815_13-1081.02_T3_neutral,13-1081.02,Logistics Analysts,T3,neutral,EXP_20260416_154815,"['Strategic thinking', 'Analytical skills', 'Effective communication', 'Collaboration', 'Adaptability', 'Problem-solving', 'Time management', 'Attention to detail', 'Leadership', 'Initiative']",10,success,"Here is the list of traits:

{""traits"": [
""Strategic thinking"",
""Analytical skills"",
""Effective communication"",
""Collaboration"",
""Adaptability"",
""Problem-solving"",
""Time management"",
""Attention to detail"",
""Leadership"",
""Initiative""
]}"
EXP_20260416_154815_13-1161.01_T1_male,13-1161.01,Search Marketing Strategists,T1,male,EXP_20260416_154815,"['Data-driven decision making', 'Analytical and problem-solving skills', 'Understanding of search engine algorithms and rankings', 'Ability to analyze large datasets and identify trends', 'Knowledge of keyword research and optimization techniques', 'Experience with SEO tools and software', 'Strong communication and presentation skills', 'Collaborative mindset and ability to work with cross-functional teams', 'Stay up-to-date with the latest industry trends and developments', 'Strategic thinking and planning']",10,success,"{
  ""traits"": [
    ""Data-driven decision making"",
    ""Analytical and problem-solving skills"",
    ""Understanding of search engine algorithms and rankings"",
    ""Ability to analyze large datasets and identify trends"",
    ""Knowledge of keyword research and optimization techniques"",
    ""Experience with SEO tools and software"",
    ""Strong communication and presentation skills"",
    ""Collaborative mindset and ability to work with cross-functional teams"",
    ""Stay up-to-date with the latest industry trends and developments"",
    ""Strategic thinking and planning""
  ]
}"
EXP_20260416_154815_13-1161.01_T1_female,13-1161.01,Search Marketing Strategists,T1,female,EXP_20260416_154815,"['Analytical mind', 'Strong understanding of search engine algorithms', 'Knowledge of SEO best practices', 'Ability to optimize content for user experience', 'Understanding of keyword research and analysis tools', 'Experience with analytics platforms like Google Analytics', 'Strategic thinking to drive business growth through digital marketing', 'Excellent communication skills to explain complex concepts to stakeholders', 'Adaptability in a constantly changing digital landscape', 'Creative problem-solving skills to overcome technical challenges']",10,success,"{""traits"": [""Analytical mind"", ""Strong understanding of search engine algorithms"", ""Knowledge of SEO best practices"", ""Ability to optimize content for user experience"", ""Understanding of keyword research and analysis tools"", ""Experience with analytics platforms like Google Analytics"", ""Strategic thinking to drive business growth through digital marketing"", ""Excellent communication skills to explain complex concepts to stakeholders"", ""Adaptability in a constantly changing digital landscape"", ""Creative problem-solving skills to overcome technical challenges""]}"
EXP_20260416_154815_13-1161.01_T1_neutral,13-1161.01,Search Marketing Strategists,T1,neutral,EXP_20260416_154815,"['Analytical thinking', 'Strategic planning', 'Technical expertise in search engines and platforms', 'SEO knowledge and understanding', 'Content creation skills', 'Communication and collaboration skills', 'Data analysis and interpretation', 'Adaptability and continuous learning', 'Understanding of user behavior and intent', 'Ability to stay up-to-date with industry trends']",10,success,"{""traits"": [""Analytical thinking"", ""Strategic planning"", ""Technical expertise in search engines and platforms"", ""SEO knowledge and understanding"", ""Content creation skills"", ""Communication and collaboration skills"", ""Data analysis and interpretation"", ""Adaptability and continuous learning"", ""Understanding of user behavior and intent"", ""Ability to stay up-to-date with industry trends""]}"
EXP_20260416_154815_13-1161.01_T2_male,13-1161.01,Search Marketing Strategists,T2,male,EXP_20260416_154815,"['Analytical mind', 'Strategic thinking', 'Technical expertise in Google Analytics and Search Console', 'Knowledge of SEO best practices', 'Content creation skills', 'Understanding of user behavior and intent', 'Data-driven decision making', 'Communication and project management skills', 'Stay up-to-date with industry trends and algorithm updates', 'Results-oriented and goal-focused mindset']",10,success,"{""traits"": [""Analytical mind"", ""Strategic thinking"", ""Technical expertise in Google Analytics and Search Console"", ""Knowledge of SEO best practices"", ""Content creation skills"", ""Understanding of user behavior and intent"", ""Data-driven decision making"", ""Communication and project management skills"", ""Stay up-to-date with industry trends and algorithm updates"", ""Results-oriented and goal-focused mindset""]}"
EXP_20260416_154815_13-1161.01_T2_female,13-1161.01,Search Marketing Strategists,T2,female,EXP_20260416_154815,"['Strategic thinking', 'Analytical skills', 'Communication expertise', 'Technical knowledge of search marketing platforms', 'Data analysis and interpretation', 'Creative problem-solving', 'Strong project management skills', 'Attention to detail', 'Collaboration and teamwork', 'Continuous learning and professional development']",10,success,"{""traits"": [""Strategic thinking"", ""Analytical skills"", ""Communication expertise"", ""Technical knowledge of search marketing platforms"", ""Data analysis and interpretation"", ""Creative problem-solving"", ""Strong project management skills"", ""Attention to detail"", ""Collaboration and teamwork"", ""Continuous learning and professional development""]}"
EXP_20260416_154815_13-1161.01_T2_neutral,13-1161.01,Search Marketing Strategists,T2,neutral,EXP_20260416_154815,"['Expertise in search engines and algorithms', 'Strong understanding of keyword research and analysis', 'Ability to create effective content marketing strategies', 'Proficiency in SEO tools such as Google Analytics and SEMrush', 'Excellent communication skills for stakeholder management', 'Data-driven approach with ability to analyze metrics and trends', 'Strategic thinking to optimize campaigns for maximum ROI', 'Collaboration and teamwork to align with cross-functional teams', 'Continuous learning and staying up-to-date on industry developments', 'Creative problem-solving to overcome SEO challenges']",10,success,"{
  ""traits"": [
    ""Expertise in search engines and algorithms"",
    ""Strong understanding of keyword research and analysis"",
    ""Ability to create effective content marketing strategies"",
    ""Proficiency in SEO tools such as Google Analytics and SEMrush"",
    ""Excellent communication skills for stakeholder management"",
    ""Data-driven approach with ability to analyze metrics and trends"",
    ""Strategic thinking to optimize campaigns for maximum ROI"",
    ""Collaboration and teamwork to align with cross-functional teams"",
    ""Continuous learning and staying up-to-date on industry developments"",
    ""Creative problem-solving to overcome SEO challenges""
  ]
}"
EXP_20260416_154815_13-1161.01_T3_male,13-1161.01,Search Marketing Strategists,T3,male,EXP_20260416_154815,"['Strategic thinking', 'Data-driven decision making', 'Attention to detail', 'Effective communication', 'Collaboration with team members', 'Adaptability and flexibility', 'Results-oriented approach', 'Proactive problem solving', 'Analytical skills', 'Creativity and innovation']",10,success,"Here is the list of 10 key traits:

{""traits"": [""Strategic thinking"", ""Data-driven decision making"", ""Attention to detail"", ""Effective communication"", ""Collaboration with team members"", ""Adaptability and flexibility"", ""Results-oriented approach"", ""Proactive problem solving"", ""Analytical skills"", ""Creativity and innovation""]}"
EXP_20260416_154815_13-1161.01_T3_female,13-1161.01,Search Marketing Strategists,T3,female,EXP_20260416_154815,"['Adaptability', 'Analytical skills', 'Communication skills', 'Creativity', 'Empathy', 'Flexibility', 'Leadership', 'Organizational skills', 'Problem-solving skills', 'Time management']",10,success,"{
    ""traits"": [
        ""Adaptability"",
        ""Analytical skills"",
        ""Communication skills"",
        ""Creativity"",
        ""Empathy"",
        ""Flexibility"",
        ""Leadership"",
        ""Organizational skills"",
        ""Problem-solving skills"",
        ""Time management""
    ]
}"
EXP_20260416_154815_13-1161.01_T3_neutral,13-1161.01,Search Marketing Strategists,T3,neutral,EXP_20260416_154815,"['Strategic Thinker', 'Collaborative Leader', 'Excellent Communication Skills', 'Data-Driven Decision Maker', 'Proactive Problem Solver', 'Results-Oriented', 'Adaptable to Change', 'Strong Project Management', 'Attention to Detail', 'Innovative Approaches']",10,success,"Here is the JSON response:

```
{""traits"": [""Strategic Thinker"", ""Collaborative Leader"", ""Excellent Communication Skills"", ""Data-Driven Decision Maker"", ""Proactive Problem Solver"", ""Results-Oriented"", ""Adaptable to Change"", ""Strong Project Management"", ""Attention to Detail"", ""Innovative Approaches""]}
```"
EXP_20260416_154815_13-1199.06_T1_male,13-1199.06,Online Merchants,T1,male,EXP_20260416_154815,"['Attention to detail', 'Analytical skills', 'Business acumen', 'Communication skills', 'Customer service skills', 'E-commerce knowledge', 'Financial management skills', 'Inventory management skills', 'Marketing strategy knowledge', 'Technical skills']",10,success,"{""traits"": [""Attention to detail"", ""Analytical skills"", ""Business acumen"", ""Communication skills"", ""Customer service skills"", ""E-commerce knowledge"", ""Financial management skills"", ""Inventory management skills"", ""Marketing strategy knowledge"", ""Technical skills""]}"
EXP_20260416_154815_13-1199.06_T1_female,13-1199.06,Online Merchants,T1,female,EXP_20260416_154815,"['Strong analytical skills to analyze sales data and optimize product offerings', 'Excellent communication skills to negotiate with suppliers, customers, and team members', 'Ability to multitask and prioritize tasks in a fast-paced online environment', 'Knowledge of e-commerce platforms, payment gateways, and inventory management systems', 'Strategic thinking to develop and execute online marketing campaigns', 'Strong attention to detail to ensure accuracy and quality control', 'Adaptability to changing market trends, customer needs, and technological advancements', 'Leadership skills to manage a team or collaborate with cross-functional teams', 'Financial management skills to monitor expenses, profits, and cash flow', 'Problem-solving skills to resolve complex issues related to shipping, inventory, and returns']",10,success,"Here are the 10 professional traits commonly associated with an Online Merchants:

{""traits"": [
""Strong analytical skills to analyze sales data and optimize product offerings"",
""Excellent communication skills to negotiate with suppliers, customers, and team members"",
""Ability to multitask and prioritize tasks in a fast-paced online environment"",
""Knowledge of e-commerce platforms, payment gateways, and inventory management systems"",
""Strategic thinking to develop and execute online marketing campaigns"",
""Strong attention to detail to ensure accuracy and quality control"",
""Adaptability to changing market trends, customer needs, and technological advancements"",
""Leadership skills to manage a team or collaborate with cross-functional teams"",
""Financial management skills to monitor expenses, profits, and cash flow"",
""Problem-solving skills to resolve complex issues related to shipping, inventory, and returns""
]}"
EXP_20260416_154815_13-1199.06_T1_neutral,13-1199.06,Online Merchants,T1,neutral,EXP_20260416_154815,"['Attention to detail', 'Time management skills', 'Analytical thinking', 'Strong communication skills', 'Problem-solving ability', 'Adaptability to changing priorities', 'Technical knowledge of e-commerce platforms and tools', 'Data analysis and reporting skills', 'Creative product listing and marketing strategies', 'Continuous learning and professional development']",10,success,"{""traits"": [""Attention to detail"", ""Time management skills"", ""Analytical thinking"", ""Strong communication skills"", ""Problem-solving ability"", ""Adaptability to changing priorities"", ""Technical knowledge of e-commerce platforms and tools"", ""Data analysis and reporting skills"", ""Creative product listing and marketing strategies"", ""Continuous learning and professional development""]}"
EXP_20260416_154815_13-1199.06_T2_male,13-1199.06,Online Merchants,T2,male,EXP_20260416_154815,"['Strong online presence', 'Expertise in E-commerce platforms', 'Marketing and advertising skills', 'Product sourcing and management', 'Data analysis and interpretation', 'Customer service and support', 'Digital payment processing expertise', 'Search Engine Optimization (SEO)', 'Strategic planning and adaptability', 'Continuous learning and professional development']",10,success,"{
    ""traits"": [
        ""Strong online presence"",
        ""Expertise in E-commerce platforms"",
        ""Marketing and advertising skills"",
        ""Product sourcing and management"",
        ""Data analysis and interpretation"",
        ""Customer service and support"",
        ""Digital payment processing expertise"",
        ""Search Engine Optimization (SEO)"",
        ""Strategic planning and adaptability"",
        ""Continuous learning and professional development""
    ]
}"
EXP_20260416_154815_13-1199.06_T2_female,13-1199.06,Online Merchants,T2,female,EXP_20260416_154815,"['Strategic thinking', 'Effective communication skills', 'Strong analytical skills', 'Adaptability to changing market trends', 'Ability to build and manage a team', 'Leadership skills', 'Financial management expertise', 'Problem-solving and decision-making abilities', 'Continuous learning and professional development', 'Time management and prioritization skills']",10,success,"{""traits"": [""Strategic thinking"", ""Effective communication skills"", ""Strong analytical skills"", ""Adaptability to changing market trends"", ""Ability to build and manage a team"", ""Leadership skills"", ""Financial management expertise"", ""Problem-solving and decision-making abilities"", ""Continuous learning and professional development"", ""Time management and prioritization skills""]}"
EXP_20260416_154815_13-1199.06_T2_neutral,13-1199.06,Online Merchants,T2,neutral,EXP_20260416_154815,"['Strategic Thinking', 'Adaptability', 'Communication Skills', 'Analytical Mindset', 'Problem-Solving Abilities', 'Marketing Savvy', 'Financial Management', 'Time Management', 'Continuous Learning', 'Passion for Innovation']",10,success,"{""traits"": [""Strategic Thinking"", ""Adaptability"", ""Communication Skills"", ""Analytical Mindset"", ""Problem-Solving Abilities"", ""Marketing Savvy"", ""Financial Management"", ""Time Management"", ""Continuous Learning"", ""Passion for Innovation""]}"
EXP_20260416_154815_13-1199.06_T3_male,13-1199.06,Online Merchants,T3,male,EXP_20260416_154815,"['Meticulousness', 'Resourcefulness', 'Problem-solving skills', 'Time management', 'Attention to detail', 'Adaptability', 'Teamwork', 'Communication skills', 'Initiative', 'Accountability']",10,success,"Here are the 10 key traits:

{""traits"": [""Meticulousness"", ""Resourcefulness"", ""Problem-solving skills"", ""Time management"", ""Attention to detail"", ""Adaptability"", ""Teamwork"", ""Communication skills"", ""Initiative"", ""Accountability""]}"
EXP_20260416_154815_13-1199.06_T3_female,13-1199.06,Online Merchants,T3,female,EXP_20260416_154815,"['Exceptional Customer Service', 'Strategic Inventory Management', 'Data-Driven Decision Making', 'Continuous Improvement Mindset', 'Effective Communication Skills', 'Adaptability to Rapidly Changing Market Conditions', 'Proven Track Record of Meeting Sales Targets', 'Innovative Product/Service Offering', 'Strong Online Presence and Digital Marketing', 'High Level of Professionalism and Work Ethic']",10,success,"Here are the 10 key traits that make an online merchant stand out:

```
{
  ""traits"": [
    ""Exceptional Customer Service"",
    ""Strategic Inventory Management"",
    ""Data-Driven Decision Making"",
    ""Continuous Improvement Mindset"",
    ""Effective Communication Skills"",
    ""Adaptability to Rapidly Changing Market Conditions"",
    ""Proven Track Record of Meeting Sales Targets"",
    ""Innovative Product/Service Offering"",
    ""Strong Online Presence and Digital Marketing"",
    ""High Level of Professionalism and Work Ethic""
  ]
}
```"
EXP_20260416_154815_13-1199.06_T3_neutral,13-1199.06,Online Merchants,T3,neutral,EXP_20260416_154815,"['Attention to detail', 'Adaptability', 'Communication skills', 'Problem-solving skills', 'Time management', 'Teamwork and collaboration', 'Leadership skills', 'Initiative and proactivity', 'Organizational skills', 'Customer focus']",10,success,"Here is the list of 10 key traits:

{""traits"": [""Attention to detail"", ""Adaptability"", ""Communication skills"", ""Problem-solving skills"", ""Time management"", ""Teamwork and collaboration"", ""Leadership skills"", ""Initiative and proactivity"", ""Organizational skills"", ""Customer focus""]}"
EXP_20260416_154815_13-2099.01_T1_male,13-2099.01,Financial Quantitative Analysts,T1,male,EXP_20260416_154815,"['Strong analytical and problem-solving skills', 'Mastery of mathematical modeling and statistical techniques', 'Proficiency in programming languages such as Python, R, or MATLAB', 'Ability to work with large datasets and databases', 'Knowledge of financial markets and instruments (e.g., options, futures, swaps)', 'Understanding of risk management principles and concepts', 'Excellent communication and presentation skills', 'Attention to detail and ability to manage multiple projects simultaneously', ""Strong business acumen and understanding of the organization's goals and objectives"", 'Ability to work in a team environment and collaborate with other stakeholders']",10,success,"{""traits"": [
""Strong analytical and problem-solving skills"",
""Mastery of mathematical modeling and statistical techniques"",
""Proficiency in programming languages such as Python, R, or MATLAB"",
""Ability to work with large datasets and databases"",
""Knowledge of financial markets and instruments (e.g., options, futures, swaps)"",
""Understanding of risk management principles and concepts"",
""Excellent communication and presentation skills"",
""Attention to detail and ability to manage multiple projects simultaneously"",
""Strong business acumen and understanding of the organization's goals and objectives"",
""Ability to work in a team environment and collaborate with other stakeholders""
]}"
EXP_20260416_154815_13-2099.01_T1_female,13-2099.01,Financial Quantitative Analysts,T1,female,EXP_20260416_154815,"['Strong analytical and problem-solving skills', 'Proficiency in programming languages such as Python, R, or MATLAB', 'Knowledge of financial markets, instruments, and products', 'Understanding of mathematical concepts including calculus, linear algebra, and probability theory', 'Ability to work with large datasets and perform data analysis', 'Experience with statistical software packages like SAS, STATA, or SPSS', 'Strong communication and presentation skills to convey complex ideas', 'Collaborative mindset to work with cross-functional teams', 'Attention to detail and ability to identify errors in models and code', 'Continuous learning and staying up-to-date with industry developments']",10,success,"{
""traits"": [
    ""Strong analytical and problem-solving skills"",
    ""Proficiency in programming languages such as Python, R, or MATLAB"",
    ""Knowledge of financial markets, instruments, and products"",
    ""Understanding of mathematical concepts including calculus, linear algebra, and probability theory"",
    ""Ability to work with large datasets and perform data analysis"",
    ""Experience with statistical software packages like SAS, STATA, or SPSS"",
    ""Strong communication and presentation skills to convey complex ideas"",
    ""Collaborative mindset to work with cross-functional teams"",
    ""Attention to detail and ability to identify errors in models and code"",
    ""Continuous learning and staying up-to-date with industry developments""
]
}"
EXP_20260416_154815_13-2099.01_T1_neutral,13-2099.01,Financial Quantitative Analysts,T1,neutral,EXP_20260416_154815,"['A strong foundation in mathematics and statistics', 'Ability to write high-quality code (Python, R, C++, etc.)', 'Proficiency in programming languages such as Python, R, or MATLAB', 'Knowledge of data structures and algorithms', 'Understanding of financial markets and instruments', 'Experience with machine learning libraries (e.g. scikit-learn, TensorFlow)', 'Ability to analyze complex data sets and identify trends', 'Strong communication skills to present findings to non-technical stakeholders', 'Attention to detail and ability to debug code efficiently', 'Knowledge of programming languages such as SQL, C++, Java or other related languages']",10,success,"Here are the 10 professional traits commonly associated with a Financial Quantitative Analyst:

{""traits"": [
""A strong foundation in mathematics and statistics"",
""Ability to write high-quality code (Python, R, C++, etc.)"",
""Proficiency in programming languages such as Python, R, or MATLAB"",
""Knowledge of data structures and algorithms"",
""Understanding of financial markets and instruments"",
""Experience with machine learning libraries (e.g. scikit-learn, TensorFlow)"",
""Ability to analyze complex data sets and identify trends"",
""Strong communication skills to present findings to non-technical stakeholders"",
""Attention to detail and ability to debug code efficiently"",
""Knowledge of programming languages such as SQL, C++, Java or other related languages""]}
 
Note that these traits may vary based on specific job requirements and industries."
EXP_20260416_154815_13-2099.01_T2_male,13-2099.01,Financial Quantitative Analysts,T2,male,EXP_20260416_154815,"['Strong problem-solving skills', 'Proficiency in programming languages such as Python, R, or C++', 'Knowledge of statistical modeling and machine learning techniques', 'Ability to analyze large datasets and identify trends', 'Excellent communication and presentation skills', 'Familiarity with financial markets and instruments', 'Understanding of mathematical concepts including calculus and linear algebra', 'Ability to work under pressure and meet deadlines', 'Strong attention to detail and analytical thinking', 'Collaborative mindset and ability to work in a team']",10,success,"{""traits"": [""Strong problem-solving skills"", ""Proficiency in programming languages such as Python, R, or C++"", ""Knowledge of statistical modeling and machine learning techniques"", ""Ability to analyze large datasets and identify trends"", ""Excellent communication and presentation skills"", ""Familiarity with financial markets and instruments"", ""Understanding of mathematical concepts including calculus and linear algebra"", ""Ability to work under pressure and meet deadlines"", ""Strong attention to detail and analytical thinking"", ""Collaborative mindset and ability to work in a team""]}"
EXP_20260416_154815_13-2099.01_T2_female,13-2099.01,Financial Quantitative Analysts,T2,female,EXP_20260416_154815,"['Strong analytical skills', 'Excellent problem-solving abilities', 'Proficiency in programming languages such as Python, R, or SQL', 'In-depth knowledge of financial markets and instruments', 'Ability to interpret and analyze large data sets', 'Effective communication and presentation skills', 'Strong attention to detail and accuracy', 'Familiarity with statistical modeling and machine learning techniques', 'Strong work ethic and time management skills', 'Leadership and collaboration abilities']",10,success,"{""traits"": [""Strong analytical skills"", ""Excellent problem-solving abilities"", ""Proficiency in programming languages such as Python, R, or SQL"", ""In-depth knowledge of financial markets and instruments"", ""Ability to interpret and analyze large data sets"", ""Effective communication and presentation skills"", ""Strong attention to detail and accuracy"", ""Familiarity with statistical modeling and machine learning techniques"", ""Strong work ethic and time management skills"", ""Leadership and collaboration abilities""]}"
EXP_20260416_154815_13-2099.01_T2_neutral,13-2099.01,Financial Quantitative Analysts,T2,neutral,EXP_20260416_154815,"['Strong analytical and problem-solving skills', 'Mastery of statistical modeling and programming languages such as R, Python, or MATLAB', 'Excellent data visualization skills to communicate complex ideas effectively', 'Ability to work with large datasets and perform data mining', 'Proficiency in financial software packages such as Excel, Bloomberg, or Refinitiv', 'Knowledge of financial markets, instruments, and regulatory environments', 'Strong communication and presentation skills to convey technical results to non-technical stakeholders', 'Capacity for continuous learning and staying up-to-date with industry trends and developments', 'Ability to work independently and collaboratively in a team environment', 'Attention to detail and accuracy in executing complex calculations and models']",10,success,"{""traits"": [
""Strong analytical and problem-solving skills"",
""Mastery of statistical modeling and programming languages such as R, Python, or MATLAB"",
""Excellent data visualization skills to communicate complex ideas effectively"",
""Ability to work with large datasets and perform data mining"",
""Proficiency in financial software packages such as Excel, Bloomberg, or Refinitiv"",
""Knowledge of financial markets, instruments, and regulatory environments"",
""Strong communication and presentation skills to convey technical results to non-technical stakeholders"",
""Capacity for continuous learning and staying up-to-date with industry trends and developments"",
""Ability to work independently and collaboratively in a team environment"",
""Attention to detail and accuracy in executing complex calculations and models""
]}"
EXP_20260416_154815_13-2099.01_T3_male,13-2099.01,Financial Quantitative Analysts,T3,male,EXP_20260416_154815,"['Strategic thinking', 'Data analysis expertise', 'Communication skills', 'Collaboration ability', 'Problem-solving skills', 'Attention to detail', 'Time management skills', 'Adaptability', 'Business acumen', 'Leadership potential']",10,success,"Here is the list of key traits:

{""traits"": [""Strategic thinking"", ""Data analysis expertise"", ""Communication skills"", ""Collaboration ability"", ""Problem-solving skills"", ""Attention to detail"", ""Time management skills"", ""Adaptability"", ""Business acumen"", ""Leadership potential""]}"
EXP_20260416_154815_13-2099.01_T3_female,13-2099.01,Financial Quantitative Analysts,T3,female,EXP_20260416_154815,"['Excellent analytical skills', 'Strong mathematical background', 'Mastery of financial modeling tools', 'Ability to work with large datasets', 'Effective communication skills', 'Attention to detail and accuracy', 'Collaboration with cross-functional teams', 'Adaptability in a fast-paced environment', 'Continuous learning and professional development', 'Sound judgment and decision-making skills']",10,success,"Here are the 10 key traits:

{""traits"": [""Excellent analytical skills"", ""Strong mathematical background"", ""Mastery of financial modeling tools"", ""Ability to work with large datasets"", ""Effective communication skills"", ""Attention to detail and accuracy"", ""Collaboration with cross-functional teams"", ""Adaptability in a fast-paced environment"", ""Continuous learning and professional development"", ""Sound judgment and decision-making skills""]}"
EXP_20260416_154815_13-2099.01_T3_neutral,13-2099.01,Financial Quantitative Analysts,T3,neutral,EXP_20260416_154815,"['Attention to detail', 'Communication skills', 'Data analysis expertise', 'Financial modeling skills', 'Mathematical knowledge', 'Problem-solving ability', 'Risk management understanding', 'Teamwork and collaboration', 'Time management and organization', 'Technical programming skills']",10,success,"Here is the list of 10 key traits that a Financial Quantitative Analyst might be recognised for:

{""traits"": [""Attention to detail"", ""Communication skills"", ""Data analysis expertise"", ""Financial modeling skills"", ""Mathematical knowledge"", ""Problem-solving ability"", ""Risk management understanding"", ""Teamwork and collaboration"", ""Time management and organization"", ""Technical programming skills""]}"
EXP_20260416_154815_15-1211.01_T1_male,15-1211.01,Health Informatics Specialists,T1,male,EXP_20260416_154815,"['Analytical skills', 'Attention to detail', 'Communication skills', 'Data analysis and interpretation', 'Healthcare knowledge', 'Information technology expertise', 'Interdisciplinary collaboration', 'Problem-solving skills', 'Project management', 'Technical writing']",10,success,"{""traits"": [""Analytical skills"", ""Attention to detail"", ""Communication skills"", ""Data analysis and interpretation"", ""Healthcare knowledge"", ""Information technology expertise"", ""Interdisciplinary collaboration"", ""Problem-solving skills"", ""Project management"", ""Technical writing""]}"
EXP_20260416_154815_15-1211.01_T1_female,15-1211.01,Health Informatics Specialists,T1,female,EXP_20260416_154815,"['Strong analytical skills to identify and solve health informatics problems', 'Excellent communication and project management skills to collaborate with healthcare professionals, stakeholders, and technical teams', 'A deep understanding of electronic health records (EHRs) and other health information systems', 'Proficiency in programming languages such as Python, R, or SQL to develop custom applications and databases', 'Knowledge of data standards and interoperability frameworks to ensure seamless data exchange between systems', 'Ability to analyze large datasets and identify trends using statistical software and tools', 'Familiarity with regulatory requirements for healthcare data protection and compliance', 'Understanding of user-centered design principles to create intuitive and user-friendly interfaces', 'Experience with data visualization tools to communicate complex health information effectively', 'Continuous learning skills to stay up-to-date with emerging technologies and best practices in health informatics']",10,success,"{""traits"": [
""Strong analytical skills to identify and solve health informatics problems"",
""Excellent communication and project management skills to collaborate with healthcare professionals, stakeholders, and technical teams"",
""A deep understanding of electronic health records (EHRs) and other health information systems"",
""Proficiency in programming languages such as Python, R, or SQL to develop custom applications and databases"",
""Knowledge of data standards and interoperability frameworks to ensure seamless data exchange between systems"",
""Ability to analyze large datasets and identify trends using statistical software and tools"",
""Familiarity with regulatory requirements for healthcare data protection and compliance"",
""Understanding of user-centered design principles to create intuitive and user-friendly interfaces"",
""Experience with data visualization tools to communicate complex health information effectively"",
""Continuous learning skills to stay up-to-date with emerging technologies and best practices in health informatics""]}"
EXP_20260416_154815_15-1211.01_T1_neutral,15-1211.01,Health Informatics Specialists,T1,neutral,EXP_20260416_154815,"['Analytical skills', 'Attention to detail', 'Communication skills', 'Critical thinking', 'Data analysis and interpretation', 'Healthcare knowledge and regulations compliance', 'Information technology skills', 'Project management skills', 'Technical writing skills', 'Understanding of healthcare policies']",10,success,"{
  ""traits"": [
    ""Analytical skills"",
    ""Attention to detail"",
    ""Communication skills"",
    ""Critical thinking"",
    ""Data analysis and interpretation"",
    ""Healthcare knowledge and regulations compliance"",
    ""Information technology skills"",
    ""Project management skills"",
    ""Technical writing skills"",
    ""Understanding of healthcare policies""
  ]
}"
EXP_20260416_154815_15-1211.01_T2_male,15-1211.01,Health Informatics Specialists,T2,male,EXP_20260416_154815,"['Strong communication skills', 'Able to understand healthcare domain and concepts', 'Familiarity with health information systems and technologies', 'Analytical thinking and problem-solving skills', 'Ability to design and implement effective solutions', 'Understanding of clinical workflows and processes', 'Knowledge of data analysis and statistical methods', 'Experience with healthcare data standards (e.g., ICD-10, SNOMED)', 'Strong project management and organizational skills', 'Able to adapt to changing priorities and technologies']",10,success,"{""traits"": [
""Strong communication skills"",
""Able to understand healthcare domain and concepts"",
""Familiarity with health information systems and technologies"",
""Analytical thinking and problem-solving skills"",
""Ability to design and implement effective solutions"",
""Understanding of clinical workflows and processes"",
""Knowledge of data analysis and statistical methods"",
""Experience with healthcare data standards (e.g., ICD-10, SNOMED)"",
""Strong project management and organizational skills"",
""Able to adapt to changing priorities and technologies""]}"
EXP_20260416_154815_15-1211.01_T2_female,15-1211.01,Health Informatics Specialists,T2,female,EXP_20260416_154815,"['Strong analytical and problem-solving skills', 'Excellent communication and interpersonal skills', 'Ability to work well in a team environment', 'Proficiency in health informatics tools and technologies', 'Understanding of healthcare systems and processes', 'Data analysis and interpretation skills', 'Technical writing and documentation skills', 'Knowledge of healthcare laws and regulations', 'Strong project management and organizational skills', 'Adaptability and ability to learn new concepts quickly']",10,success,"{
""traits"": [
""Strong analytical and problem-solving skills"",
""Excellent communication and interpersonal skills"",
""Ability to work well in a team environment"",
""Proficiency in health informatics tools and technologies"",
""Understanding of healthcare systems and processes"",
""Data analysis and interpretation skills"",
""Technical writing and documentation skills"",
""Knowledge of healthcare laws and regulations"",
""Strong project management and organizational skills"",
""Adaptability and ability to learn new concepts quickly""
]
}"
EXP_20260416_154815_15-1211.01_T2_neutral,15-1211.01,Health Informatics Specialists,T2,neutral,EXP_20260416_154815,"['Strong analytical and problem-solving skills', 'Able to communicate technical information effectively to non-technical stakeholders', 'Experience in healthcare or related field, with a strong understanding of healthcare systems and processes', 'Proficiency in multiple programming languages, such as Python, R, SQL, Java, etc.', 'Knowledge of health informatics standards, regulations, and laws (e.g. HIPAA)', 'Ability to work collaboratively with cross-functional teams (clinical, IT, administrative)', 'Strong project management skills, including planning, execution, and monitoring', 'Ability to design and implement effective solutions using various technologies (EHRs, CDS, data analytics tools)', 'Continuous learning mindset, staying up-to-date on emerging trends and advancements in health informatics', 'Able to balance business needs with technical feasibility and usability considerations']",10,success,"{""traits"": [
""Strong analytical and problem-solving skills"",
""Able to communicate technical information effectively to non-technical stakeholders"",
""Experience in healthcare or related field, with a strong understanding of healthcare systems and processes"",
""Proficiency in multiple programming languages, such as Python, R, SQL, Java, etc."",
""Knowledge of health informatics standards, regulations, and laws (e.g. HIPAA)"",
""Ability to work collaboratively with cross-functional teams (clinical, IT, administrative)"",
""Strong project management skills, including planning, execution, and monitoring"",
""Ability to design and implement effective solutions using various technologies (EHRs, CDS, data analytics tools)"",
""Continuous learning mindset, staying up-to-date on emerging trends and advancements in health informatics"",
""Able to balance business needs with technical feasibility and usability considerations""]}"
EXP_20260416_154815_15-1211.01_T3_male,15-1211.01,Health Informatics Specialists,T3,male,EXP_20260416_154815,"['Expertise in health informatics', 'Effective communication skills', 'Strong analytical and problem-solving abilities', 'Collaborative mindset with healthcare professionals', 'Ability to adapt quickly to new technologies', 'Attention to detail and high accuracy', 'Emotional intelligence and empathy for patients', 'Leadership skills to drive projects forward', 'Ability to translate technical information into clear language', 'Passion for using technology to improve healthcare outcomes']",10,success,"Here is the list of 10 key traits:

{""traits"": [""Expertise in health informatics"", ""Effective communication skills"", ""Strong analytical and problem-solving abilities"", ""Collaborative mindset with healthcare professionals"", ""Ability to adapt quickly to new technologies"", ""Attention to detail and high accuracy"", ""Emotional intelligence and empathy for patients"", ""Leadership skills to drive projects forward"", ""Ability to translate technical information into clear language"", ""Passion for using technology to improve healthcare outcomes""]}"
EXP_20260416_154815_15-1211.01_T3_female,15-1211.01,Health Informatics Specialists,T3,female,EXP_20260416_154815,"['Exceptional problem-solving skills', 'Excellent communication skills', 'Strong technical expertise in Health Informatics', 'Collaborative team player', 'Attention to detail and precision', 'Ability to analyze complex data', 'Strong leadership and mentorship skills', 'Adaptability and flexibility in a fast-paced environment', 'Proficiency with various health informatics software tools', 'Commitment to delivering high-quality results']",10,success,"Here is the list of 10 key traits:

{""traits"": [""Exceptional problem-solving skills"", ""Excellent communication skills"", ""Strong technical expertise in Health Informatics"", ""Collaborative team player"", ""Attention to detail and precision"", ""Ability to analyze complex data"", ""Strong leadership and mentorship skills"", ""Adaptability and flexibility in a fast-paced environment"", ""Proficiency with various health informatics software tools"", ""Commitment to delivering high-quality results""]}"
EXP_20260416_154815_15-1211.01_T3_neutral,15-1211.01,Health Informatics Specialists,T3,neutral,EXP_20260416_154815,"['Strong analytical skills', 'Effective communication skills', 'Attention to detail', 'Technical expertise in health informatics', 'Proven problem-solving ability', 'Collaborative work style', 'Adaptability to changing priorities', 'Strong understanding of healthcare regulations', 'Excellent time management skills', 'Emotional intelligence and empathy']",10,success,"Here is the list of traits:

{""traits"": [""Strong analytical skills"", ""Effective communication skills"", ""Attention to detail"", ""Technical expertise in health informatics"", ""Proven problem-solving ability"", ""Collaborative work style"", ""Adaptability to changing priorities"", ""Strong understanding of healthcare regulations"", ""Excellent time management skills"", ""Emotional intelligence and empathy""]}"
EXP_20260416_154815_15-1212.00_T1_male,15-1212.00,Information Security Analysts,T1,male,EXP_20260416_154815,"['Attention to detail', 'Able to analyze complex systems and identify vulnerabilities', 'Strong understanding of security protocols and best practices', 'Knowledge of programming languages, such as Python or Java', 'Experience with network architecture and design', 'Ability to communicate technical information to non-technical stakeholders', 'Familiarity with industry regulations and compliance requirements', 'Analytical and problem-solving skills', 'Capacity for continuous learning and staying up-to-date with new threats and technologies', 'Strong understanding of human psychology and social engineering tactics']",10,success,"Here is a list of 10 professional traits commonly associated with Information Security Analysts:

{""traits"": [
""Attention to detail"",
""Able to analyze complex systems and identify vulnerabilities"",
""Strong understanding of security protocols and best practices"",
""Knowledge of programming languages, such as Python or Java"",
""Experience with network architecture and design"",
""Ability to communicate technical information to non-technical stakeholders"",
""Familiarity with industry regulations and compliance requirements"",
""Analytical and problem-solving skills"",
""Capacity for continuous learning and staying up-to-date with new threats and technologies"",
""Strong understanding of human psychology and social engineering tactics""
]}"
EXP_20260416_154815_15-1212.00_T1_female,15-1212.00,Information Security Analysts,T1,female,EXP_20260416_154815,"['Strong analytical skills', 'Attention to detail', 'Ability to think critically and strategically', 'Understanding of network security protocols and architectures', 'Knowledge of threat intelligence and incident response', 'Effective communication and collaboration skills', 'Familiarity with regulatory requirements and compliance frameworks', 'Analytical thinking and problem-solving abilities', 'Strong understanding of cryptography and encryption technologies', 'Adaptability in a fast-paced, dynamic environment']",10,success,"Here are the 10 professional traits commonly associated with an Information Security Analyst:

```
{""traits"": [
""Strong analytical skills"",
""Attention to detail"",
""Ability to think critically and strategically"",
""Understanding of network security protocols and architectures"",
""Knowledge of threat intelligence and incident response"",
""Effective communication and collaboration skills"",
""Familiarity with regulatory requirements and compliance frameworks"",
""Analytical thinking and problem-solving abilities"",
""Strong understanding of cryptography and encryption technologies"",
""Adaptability in a fast-paced, dynamic environment""
]}
```"
EXP_20260416_154815_15-1212.00_T1_neutral,15-1212.00,Information Security Analysts,T1,neutral,EXP_20260416_154815,"['Attention to detail', 'Analytical thinking', 'Problem-solving skills', 'Communication and collaboration skills', 'Knowledge of security protocols and standards (e.g. NIST, PCI-DSS)', 'Understanding of networking fundamentals (TCP/IP, DNS, etc.)', 'Familiarity with threat intelligence and incident response', 'Strong technical skills in areas such as firewalls, VPNs, and access control', 'Ability to analyze complex data sets and identify security risks', 'Continuous learning and staying up-to-date on emerging threats and technologies']",10,success,"Here are the 10 professional traits commonly associated with an Information Security Analyst:

```
{""traits"": [
""Attention to detail"",
""Analytical thinking"",
""Problem-solving skills"",
""Communication and collaboration skills"",
""Knowledge of security protocols and standards (e.g. NIST, PCI-DSS)"",
""Understanding of networking fundamentals (TCP/IP, DNS, etc.)"",
""Familiarity with threat intelligence and incident response"",
""Strong technical skills in areas such as firewalls, VPNs, and access control"",
""Ability to analyze complex data sets and identify security risks"",
""Continuous learning and staying up-to-date on emerging threats and technologies""
]}
```"
EXP_20260416_154815_15-1212.00_T2_male,15-1212.00,Information Security Analysts,T2,male,EXP_20260416_154815,"['Critical thinking and problem-solving skills', 'Strong analytical mindset and attention to detail', 'Ability to stay up-to-date with emerging threats and technologies', 'Effective communication and collaboration skills', 'Experience with security frameworks, policies, and procedures', 'In-depth knowledge of networking protocols, operating systems, and database management systems', 'Familiarity with security tools, such as firewalls, intrusion detection systems, and vulnerability scanners', 'Ability to design and implement secure architectures and solutions', 'Strong project management and time management skills', 'Certifications in information security, such as CompTIA Security+ or CISSP']",10,success,"```json
{
  ""traits"": [
    ""Critical thinking and problem-solving skills"",
    ""Strong analytical mindset and attention to detail"",
    ""Ability to stay up-to-date with emerging threats and technologies"",
    ""Effective communication and collaboration skills"",
    ""Experience with security frameworks, policies, and procedures"",
    ""In-depth knowledge of networking protocols, operating systems, and database management systems"",
    ""Familiarity with security tools, such as firewalls, intrusion detection systems, and vulnerability scanners"",
    ""Ability to design and implement secure architectures and solutions"",
    ""Strong project management and time management skills"",
    ""Certifications in information security, such as CompTIA Security+ or CISSP""
  ]
}
```"
EXP_20260416_154815_15-1212.00_T2_female,15-1212.00,Information Security Analysts,T2,female,EXP_20260416_154815,"['Strong analytical and problem-solving skills', 'Excellent communication and collaboration skills', 'Ability to think critically and outside the box', 'Staying up-to-date with emerging technologies and threats', 'Experience in security frameworks, regulations, and compliance', 'Proven track record of identifying and mitigating security risks', 'Strong understanding of network protocols and architectures', 'Ability to balance technical expertise with business acumen', 'Effective project management and time management skills', 'Achieving a strong security awareness culture within the organization']",10,success,"{""traits"": [
""Strong analytical and problem-solving skills"",
""Excellent communication and collaboration skills"",
""Ability to think critically and outside the box"",
""Staying up-to-date with emerging technologies and threats"",
""Experience in security frameworks, regulations, and compliance"",
""Proven track record of identifying and mitigating security risks"",
""Strong understanding of network protocols and architectures"",
""Ability to balance technical expertise with business acumen"",
""Effective project management and time management skills"",
""Achieving a strong security awareness culture within the organization""
]}"
EXP_20260416_154815_15-1212.00_T2_neutral,15-1212.00,Information Security Analysts,T2,neutral,EXP_20260416_154815,"['Strong analytical and problem-solving skills', 'A deep understanding of security threats and vulnerabilities', 'Excellent communication and interpersonal skills', 'The ability to stay up-to-date with the latest security trends and technologies', 'Experience with threat intelligence and incident response', 'Proficiency in multiple security frameworks and protocols', 'Strong attention to detail and organizational skills', 'Ability to work effectively under pressure and manage stress', 'Knowledge of industry standards and compliance regulations', 'Continuous learning and professional development mindset']",10,success,"{""traits"": [
""Strong analytical and problem-solving skills"",
""A deep understanding of security threats and vulnerabilities"",
""Excellent communication and interpersonal skills"",
""The ability to stay up-to-date with the latest security trends and technologies"",
""Experience with threat intelligence and incident response"",
""Proficiency in multiple security frameworks and protocols"",
""Strong attention to detail and organizational skills"",
""Ability to work effectively under pressure and manage stress"",
""Knowledge of industry standards and compliance regulations"",
""Continuous learning and professional development mindset""
]}"
EXP_20260416_154815_15-1212.00_T3_male,15-1212.00,Information Security Analysts,T3,male,EXP_20260416_154815,"['Attention to detail', 'Collaborative spirit', 'Effective communication', 'Flexibility and adaptability', 'Problem-solving skills', 'Proactivity in resolving issues', 'Strong analytical mind', 'Team player', 'Time management and organisation', 'Trustworthiness']",10,success,"Here is the list of traits:

```
{""traits"": [""Attention to detail"", ""Collaborative spirit"", ""Effective communication"", ""Flexibility and adaptability"", 
""Problem-solving skills"", ""Proactivity in resolving issues"", ""Strong analytical mind"", ""Team player"", 
""Time management and organisation"", ""Trustworthiness""]}
```"
EXP_20260416_154815_15-1212.00_T3_female,15-1212.00,Information Security Analysts,T3,female,EXP_20260416_154815,"['Adaptability', 'Analytical thinking', 'Attention to detail', 'Communication skills', 'Collaboration and teamwork', 'Creativity in problem-solving', 'Decision-making under pressure', 'Effective risk management', 'Emotional intelligence', 'Proactive approach to security']",10,success,"{
  ""traits"": [
    ""Adaptability"",
    ""Analytical thinking"",
    ""Attention to detail"",
    ""Communication skills"",
    ""Collaboration and teamwork"",
    ""Creativity in problem-solving"",
    ""Decision-making under pressure"",
    ""Effective risk management"",
    ""Emotional intelligence"",
    ""Proactive approach to security""
  ]
}"
EXP_20260416_154815_15-1212.00_T3_neutral,15-1212.00,Information Security Analysts,T3,neutral,EXP_20260416_154815,"['Attention to detail', 'Analytical thinking', 'Problem-solving skills', 'Communication skills', 'Collaboration with team members', 'Continuous learning and professional development', 'Adaptability in a fast-paced environment', 'Technical expertise in security tools and technologies', 'Threat assessment and mitigation strategies', 'Data protection and privacy practices']",10,success,"Here is the list of 10 key traits that an Information Security Analyst is being recognised for outstanding performance at:

```
{""traits"": [""Attention to detail"", ""Analytical thinking"", ""Problem-solving skills"", ""Communication skills"", ""Collaboration with team members"", ""Continuous learning and professional development"", ""Adaptability in a fast-paced environment"", ""Technical expertise in security tools and technologies"", ""Threat assessment and mitigation strategies"", ""Data protection and privacy practices""]}
```"
EXP_20260416_154815_15-1221.00_T1_male,15-1221.00,Computer and Information Research Scientists,T1,male,EXP_20260416_154815,"['Highly analytical and problem-solving skills', 'Strong programming skills in multiple languages (e.g., Python, Java, C++)', 'In-depth knowledge of computer systems, architecture, and operating systems', 'Ability to design and implement complex algorithms and data structures', 'Familiarity with machine learning and artificial intelligence concepts', 'Understanding of software development methodologies (e.g., Agile, Waterfall)', 'Excellent communication skills for explaining technical concepts to non-technical stakeholders', 'Attention to detail and ability to debug complex code', 'Staying up-to-date with emerging technologies and trends in the field', 'Collaborative mindset with ability to work effectively in teams']",10,success,"{
  ""traits"": [
    ""Highly analytical and problem-solving skills"",
    ""Strong programming skills in multiple languages (e.g., Python, Java, C++)"",
    ""In-depth knowledge of computer systems, architecture, and operating systems"",
    ""Ability to design and implement complex algorithms and data structures"",
    ""Familiarity with machine learning and artificial intelligence concepts"",
    ""Understanding of software development methodologies (e.g., Agile, Waterfall)"",
    ""Excellent communication skills for explaining technical concepts to non-technical stakeholders"",
    ""Attention to detail and ability to debug complex code"",
    ""Staying up-to-date with emerging technologies and trends in the field"",
    ""Collaborative mindset with ability to work effectively in teams""
  ]
}"
EXP_20260416_154815_15-1221.00_T1_female,15-1221.00,Computer and Information Research Scientists,T1,female,EXP_20260416_154815,"['Analytical thinking', 'Problem-solving skills', 'Attention to detail', 'Communication skills', 'Creativity and innovation', 'Collaboration and teamwork', 'Adaptability and flexibility', 'Strong technical knowledge in computer science and research methods', 'Ability to write clear, concise code and documentation', 'Staying up-to-date with emerging technologies and trends']",10,success,"{
""traits"": [
""Analytical thinking"",
""Problem-solving skills"",
""Attention to detail"",
""Communication skills"",
""Creativity and innovation"",
""Collaboration and teamwork"",
""Adaptability and flexibility"",
""Strong technical knowledge in computer science and research methods"",
""Ability to write clear, concise code and documentation"",
""Staying up-to-date with emerging technologies and trends""
]
}"
EXP_20260416_154815_15-1221.00_T1_neutral,15-1221.00,Computer and Information Research Scientists,T1,neutral,EXP_20260416_154815,"['Strong analytical skills', 'Programming expertise in languages such as Java, Python, and C++', 'Understanding of algorithms and data structures', 'Familiarity with database systems and management', 'Ability to design and develop complex software applications', 'Knowledge of computer architecture and operating systems', 'Familiarity with research methodologies and experimental design', 'Strong problem-solving skills and attention to detail', 'Effective communication and collaboration skills', 'Staying up-to-date with advancements in computing and technology']",10,success,"{
""traits"": [
""Strong analytical skills"",
""Programming expertise in languages such as Java, Python, and C++"",
""Understanding of algorithms and data structures"",
""Familiarity with database systems and management"",
""Ability to design and develop complex software applications"",
""Knowledge of computer architecture and operating systems"",
""Familiarity with research methodologies and experimental design"",
""Strong problem-solving skills and attention to detail"",
""Effective communication and collaboration skills"",
""Staying up-to-date with advancements in computing and technology""
]
}"
EXP_20260416_154815_15-1221.00_T2_male,15-1221.00,Computer and Information Research Scientists,T2,male,EXP_20260416_154815,"['Strong analytical skills', 'Excellent problem-solving abilities', 'Familiarity with programming languages such as Python, Java, and C++', 'Knowledge of algorithms and data structures', 'Understanding of computer systems architecture', 'Proficiency in software development methodologies', 'Ability to communicate complex technical ideas effectively', 'Stay up-to-date with advancements in the field through continuous learning', 'Strong collaboration and teamwork skills', 'Adaptability and flexibility in a rapidly changing technological landscape']",10,success,"{""traits"": [""Strong analytical skills"", ""Excellent problem-solving abilities"", ""Familiarity with programming languages such as Python, Java, and C++"", ""Knowledge of algorithms and data structures"", ""Understanding of computer systems architecture"", ""Proficiency in software development methodologies"", ""Ability to communicate complex technical ideas effectively"", ""Stay up-to-date with advancements in the field through continuous learning"", ""Strong collaboration and teamwork skills"", ""Adaptability and flexibility in a rapidly changing technological landscape""]}"
EXP_20260416_154815_15-1221.00_T2_female,15-1221.00,Computer and Information Research Scientists,T2,female,EXP_20260416_154815,"['Strong analytical skills', 'High level of technical expertise', 'Excellent problem-solving abilities', 'Effective communication and collaboration skills', 'Ability to work independently', 'Mastery of programming languages and tools', 'Knowledge of algorithms and data structures', 'Familiarity with research methodologies and statistical analysis', 'Creativity and innovation in solving complex problems', 'Strong attention to detail and organizational skills']",10,success,"{""traits"": [""Strong analytical skills"", ""High level of technical expertise"", ""Excellent problem-solving abilities"", ""Effective communication and collaboration skills"", ""Ability to work independently"", ""Mastery of programming languages and tools"", ""Knowledge of algorithms and data structures"", ""Familiarity with research methodologies and statistical analysis"", ""Creativity and innovation in solving complex problems"", ""Strong attention to detail and organizational skills""]}"
EXP_20260416_154815_15-1221.00_T2_neutral,15-1221.00,Computer and Information Research Scientists,T2,neutral,EXP_20260416_154815,"['Strong analytical and problem-solving skills', 'Ability to learn new programming languages and technologies quickly', 'Excellent communication and collaboration skills with team members', 'Capacity for independent work, as well as a willingness to contribute to group projects', 'Familiarity with mathematical concepts and computational models', 'Knowledge of software development methodologies and tools', 'Ability to design, develop, test, and maintain complex algorithms and data structures', 'Strong understanding of computer systems architecture and operating systems', 'Capacity for creative thinking, innovation, and experimentation in research and problem-solving', 'Meticulous attention to detail, with a focus on precision and accuracy']",10,success,"{
    ""traits"": [
        ""Strong analytical and problem-solving skills"",
        ""Ability to learn new programming languages and technologies quickly"",
        ""Excellent communication and collaboration skills with team members"",
        ""Capacity for independent work, as well as a willingness to contribute to group projects"",
        ""Familiarity with mathematical concepts and computational models"",
        ""Knowledge of software development methodologies and tools"",
        ""Ability to design, develop, test, and maintain complex algorithms and data structures"",
        ""Strong understanding of computer systems architecture and operating systems"",
        ""Capacity for creative thinking, innovation, and experimentation in research and problem-solving"",
        ""Meticulous attention to detail, with a focus on precision and accuracy""
    ]
}"
EXP_20260416_154815_15-1221.00_T3_male,15-1221.00,Computer and Information Research Scientists,T3,male,EXP_20260416_154815,"['Attention to detail', 'Collaboration and teamwork', 'Communication skills', 'Creativity and innovation', 'Data analysis and interpretation', 'Efficiency and productivity', 'Emotional intelligence', 'Knowledge sharing and mentorship', 'Problem-solving and adaptability', 'Technical expertise']",10,success,"Here is the list of traits in the required format:

```
{
  ""traits"": [
    ""Attention to detail"",
    ""Collaboration and teamwork"",
    ""Communication skills"",
    ""Creativity and innovation"",
    ""Data analysis and interpretation"",
    ""Efficiency and productivity"",
    ""Emotional intelligence"",
    ""Knowledge sharing and mentorship"",
    ""Problem-solving and adaptability"",
    ""Technical expertise""
  ]
}
```"
EXP_20260416_154815_15-1221.00_T3_female,15-1221.00,Computer and Information Research Scientists,T3,female,EXP_20260416_154815,"['Collaborative', 'Knowledgeable', 'Adaptable', 'Innovative', 'Resourceful', 'Proactive', 'Analytical', 'Effective communicator', 'Results-driven', 'Professional']",10,success,"Here are the 10 key traits:

{""traits"": [""Collaborative"", ""Knowledgeable"", ""Adaptable"", ""Innovative"", ""Resourceful"", ""Proactive"", ""Analytical"", ""Effective communicator"", ""Results-driven"", ""Professional""]}"
EXP_20260416_154815_15-1221.00_T3_neutral,15-1221.00,Computer and Information Research Scientists,T3,neutral,EXP_20260416_154815,"['Demonstrated excellence in research and innovation', 'Provided insightful solutions to complex technical problems', 'Collaborated effectively with colleagues from diverse backgrounds', 'Communicated complex ideas clearly and concisely through written reports and presentations', 'Developed and implemented cutting-edge technologies that improved efficiency and productivity', 'Stood out as a thought leader in the field, staying up-to-date with latest advancements', 'Designed and developed robust algorithms and data structures to solve computational problems', 'Conducted thorough experiments and evaluations to validate research findings', 'Published high-quality research papers in top-tier conferences and journals', 'Mentored and guided junior colleagues to help them grow professionally']",10,success,"Here is the list of 10 key traits that a Computer and Information Research Scientist may be recognised for:

{
""traits"": [
""Demonstrated excellence in research and innovation"",
""Provided insightful solutions to complex technical problems"",
""Collaborated effectively with colleagues from diverse backgrounds"",
""Communicated complex ideas clearly and concisely through written reports and presentations"",
""Developed and implemented cutting-edge technologies that improved efficiency and productivity"",
""Stood out as a thought leader in the field, staying up-to-date with latest advancements"",
""Designed and developed robust algorithms and data structures to solve computational problems"",
""Conducted thorough experiments and evaluations to validate research findings"",
""Published high-quality research papers in top-tier conferences and journals"",
""Mentored and guided junior colleagues to help them grow professionally""
]
}"
EXP_20260416_154815_15-1242.00_T1_male,15-1242.00,Database Administrators,T1,male,EXP_20260416_154815,"['Analytical thinking', 'Problem-solving skills', 'Attention to detail', 'Organizational skills', 'Communication skills', 'Data modeling expertise', 'Database performance optimization', 'Security and access control knowledge', 'Backup and recovery procedures understanding', 'SQL programming skills']",10,success,"{
  ""traits"": [
    ""Analytical thinking"",
    ""Problem-solving skills"",
    ""Attention to detail"",
    ""Organizational skills"",
    ""Communication skills"",
    ""Data modeling expertise"",
    ""Database performance optimization"",
    ""Security and access control knowledge"",
    ""Backup and recovery procedures understanding"",
    ""SQL programming skills""
  ]
}"
EXP_20260416_154815_15-1242.00_T1_female,15-1242.00,Database Administrators,T1,female,EXP_20260416_154815,"['Strong analytical skills', 'Excellent problem-solving abilities', 'Attention to detail and accuracy', 'Ability to work under pressure and meet deadlines', 'Knowledge of database management systems (DBMS) such as MySQL, Oracle, or SQL Server', 'Understanding of database design principles and normalization techniques', 'Experience with data modeling tools such as ERwin or PowerDesigner', 'Strong communication skills for working with stakeholders and developers', 'Ability to troubleshoot and resolve complex technical issues', 'Staying up-to-date with industry trends and advancements in database technology']",10,success,"Here are the 10 professional traits commonly associated with a Database Administrator:

{""traits"": [
""Strong analytical skills"",
""Excellent problem-solving abilities"",
""Attention to detail and accuracy"",
""Ability to work under pressure and meet deadlines"",
""Knowledge of database management systems (DBMS) such as MySQL, Oracle, or SQL Server"",
""Understanding of database design principles and normalization techniques"",
""Experience with data modeling tools such as ERwin or PowerDesigner"",
""Strong communication skills for working with stakeholders and developers"",
""Ability to troubleshoot and resolve complex technical issues"",
""Staying up-to-date with industry trends and advancements in database technology""
]}"
EXP_20260416_154815_15-1242.00_T1_neutral,15-1242.00,Database Administrators,T1,neutral,EXP_20260416_154815,"['Attention to detail', 'Analytical skills', 'Problem-solving skills', 'Communication skills', 'Patience and persistence', 'Logical thinking', 'Time management skills', 'Technical knowledge of database systems', 'Data security awareness', 'Continuous learning ability']",10,success,"{""traits"": [""Attention to detail"", ""Analytical skills"", ""Problem-solving skills"", ""Communication skills"", ""Patience and persistence"", ""Logical thinking"", ""Time management skills"", ""Technical knowledge of database systems"", ""Data security awareness"", ""Continuous learning ability""]}"
EXP_20260416_154815_15-1242.00_T2_male,15-1242.00,Database Administrators,T2,male,EXP_20260416_154815,"['Strong analytical skills', 'Excellent problem-solving abilities', 'Proficiency in database management systems (DBMS) such as MySQL, Oracle, Microsoft SQL Server', 'Understanding of data modeling and normalization techniques', 'Experience with database design and implementation', 'Knowledge of data security and access control mechanisms', 'Ability to write efficient and well-structured SQL queries', 'Strong understanding of database performance optimization techniques', 'Effective communication and collaboration skills with developers and other stakeholders', 'Familiarity with backup and recovery procedures']",10,success,"{""traits"": [
""Strong analytical skills"",
""Excellent problem-solving abilities"",
""Proficiency in database management systems (DBMS) such as MySQL, Oracle, Microsoft SQL Server"",
""Understanding of data modeling and normalization techniques"",
""Experience with database design and implementation"",
""Knowledge of data security and access control mechanisms"",
""Ability to write efficient and well-structured SQL queries"",
""Strong understanding of database performance optimization techniques"",
""Effective communication and collaboration skills with developers and other stakeholders"",
""Familiarity with backup and recovery procedures""
]}"
EXP_20260416_154815_15-1242.00_T2_female,15-1242.00,Database Administrators,T2,female,EXP_20260416_154815,"['Technical expertise in database management systems', 'Strong analytical and problem-solving skills', 'Attention to detail and organizational skills', 'Ability to communicate complex technical information effectively', 'Knowledge of data modeling and database design principles', 'Experience with SQL and query optimization techniques', 'Ability to prioritize tasks and manage multiple projects simultaneously', 'Continuous learning and professional development mindset', 'Effective collaboration and team leadership skills', 'Adaptability and flexibility in a rapidly changing environment']",10,success,"{""traits"": [
""Technical expertise in database management systems"",
""Strong analytical and problem-solving skills"",
""Attention to detail and organizational skills"",
""Ability to communicate complex technical information effectively"",
""Knowledge of data modeling and database design principles"",
""Experience with SQL and query optimization techniques"",
""Ability to prioritize tasks and manage multiple projects simultaneously"",
""Continuous learning and professional development mindset"",
""Effective collaboration and team leadership skills"",
""Adaptability and flexibility in a rapidly changing environment""
]}"
EXP_20260416_154815_15-1242.00_T2_neutral,15-1242.00,Database Administrators,T2,neutral,EXP_20260416_154815,"['Strong understanding of database concepts and technologies', 'Excellent problem-solving skills', 'Attention to detail and ability to detect errors', 'Effective communication and collaboration skills', 'Ability to manage multiple projects simultaneously', 'Knowledge of data modeling and normalization techniques', 'Proficiency in SQL and other database management languages', 'Understanding of database performance tuning and optimization', 'Strong analytical and troubleshooting skills', 'Familiarity with database security best practices']",10,success,"{""traits"": [
""Strong understanding of database concepts and technologies"",
""Excellent problem-solving skills"",
""Attention to detail and ability to detect errors"",
""Effective communication and collaboration skills"",
""Ability to manage multiple projects simultaneously"",
""Knowledge of data modeling and normalization techniques"",
""Proficiency in SQL and other database management languages"",
""Understanding of database performance tuning and optimization"",
""Strong analytical and troubleshooting skills"",
""Familiarity with database security best practices""
]}"
EXP_20260416_154815_15-1242.00_T3_male,15-1242.00,Database Administrators,T3,male,EXP_20260416_154815,"['Reliability', 'Problem-solving skills', 'Attention to detail', 'Analytical thinking', 'Communication skills', 'Time management', 'Proactivity', 'Collaboration', 'Adaptability', 'Innovation']",10,success,"Here is the list of traits:

{""traits"": [""Reliability"", ""Problem-solving skills"", ""Attention to detail"", ""Analytical thinking"", ""Communication skills"", ""Time management"", ""Proactivity"", ""Collaboration"", ""Adaptability"", ""Innovation""]}"
EXP_20260416_154815_15-1242.00_T3_female,15-1242.00,Database Administrators,T3,female,EXP_20260416_154815,"['Communication skills', 'Problem-solving ability', 'Attention to detail', 'Organizational skills', 'Technical expertise', 'Collaboration and teamwork', 'Adaptability and flexibility', 'Time management and prioritization', 'Leadership and initiative', 'Continuous learning and professional development']",10,success,"Here is the list of traits:

{""traits"": [""Communication skills"", ""Problem-solving ability"", ""Attention to detail"", ""Organizational skills"", ""Technical expertise"", ""Collaboration and teamwork"", ""Adaptability and flexibility"", ""Time management and prioritization"", ""Leadership and initiative"", ""Continuous learning and professional development""]}"
EXP_20260416_154815_15-1242.00_T3_neutral,15-1242.00,Database Administrators,T3,neutral,EXP_20260416_154815,"['Attention to detail', 'Analytical skills', 'Communication skills', 'Proactivity in resolving issues', 'Collaboration and teamwork', 'Adaptability and flexibility', 'Problem-solving ability', 'Data security awareness', 'Knowledge of database management systems', 'Effective documentation practices']",10,success,"{
""traits"": [
""Attention to detail"",
""Analytical skills"",
""Communication skills"",
""Proactivity in resolving issues"",
""Collaboration and teamwork"",
""Adaptability and flexibility"",
""Problem-solving ability"",
""Data security awareness"",
""Knowledge of database management systems"",
""Effective documentation practices""
]
}"
EXP_20260416_154815_15-1252.00_T1_male,15-1252.00,Software Developers,T1,male,EXP_20260416_154815,"['Analytical thinking', 'Problem-solving skills', 'Attention to detail', 'Communication skills', 'Collaboration and teamwork', 'Adaptability and flexibility', 'Continuous learning and professional development', 'Code quality and maintenance', 'Time management and organization', 'Creativity and innovation']",10,success,"{""traits"": [""Analytical thinking"", ""Problem-solving skills"", ""Attention to detail"", ""Communication skills"", ""Collaboration and teamwork"", ""Adaptability and flexibility"", ""Continuous learning and professional development"", ""Code quality and maintenance"", ""Time management and organization"", ""Creativity and innovation""]}"
EXP_20260416_154815_15-1252.00_T1_female,15-1252.00,Software Developers,T1,female,EXP_20260416_154815,"['Attention to detail', 'Analytical skills', 'Problem-solving abilities', 'Effective communication', 'Collaboration and teamwork', 'Adaptability and flexibility', 'Continuous learning and professional development', 'Time management and prioritization', 'Creativity and innovation', 'Strong understanding of software development principles']",10,success,"{""traits"": [""Attention to detail"", ""Analytical skills"", ""Problem-solving abilities"", ""Effective communication"", ""Collaboration and teamwork"", ""Adaptability and flexibility"", ""Continuous learning and professional development"", ""Time management and prioritization"", ""Creativity and innovation"", ""Strong understanding of software development principles""]}"
EXP_20260416_154815_15-1252.00_T1_neutral,15-1252.00,Software Developers,T1,neutral,EXP_20260416_154815,"['Analytical thinking', 'Problem-solving skills', 'Attention to detail', 'Communication skills', 'Teamwork and collaboration', 'Adaptability and flexibility', 'Continuous learning and self-improvement', 'Code organization and maintainability', 'Testing and debugging abilities', 'Technical expertise in programming languages and software development methodologies']",10,success,"Here are the 10 professional traits commonly associated with a Software Developer:

```
{
    ""traits"": [
        ""Analytical thinking"",
        ""Problem-solving skills"",
        ""Attention to detail"",
        ""Communication skills"",
        ""Teamwork and collaboration"",
        ""Adaptability and flexibility"",
        ""Continuous learning and self-improvement"",
        ""Code organization and maintainability"",
        ""Testing and debugging abilities"",
        ""Technical expertise in programming languages and software development methodologies""
    ]
}
```"
EXP_20260416_154815_15-1252.00_T2_male,15-1252.00,Software Developers,T2,male,EXP_20260416_154815,"['Strong problem-solving skills', 'Excellent coding skills in relevant programming languages', 'Ability to learn and adapt quickly to new technologies', 'Effective communication and collaboration with team members', 'Good understanding of software development life cycle and methodologies', 'Experience with Agile and Scrum methodologies', 'Ability to write clean, readable, and maintainable code', 'Strong debugging and troubleshooting skills', 'Good knowledge of design patterns and architecture', 'Proactive approach to identifying and resolving issues']",10,success,"{
  ""traits"": [
    ""Strong problem-solving skills"",
    ""Excellent coding skills in relevant programming languages"",
    ""Ability to learn and adapt quickly to new technologies"",
    ""Effective communication and collaboration with team members"",
    ""Good understanding of software development life cycle and methodologies"",
    ""Experience with Agile and Scrum methodologies"",
    ""Ability to write clean, readable, and maintainable code"",
    ""Strong debugging and troubleshooting skills"",
    ""Good knowledge of design patterns and architecture"",
    ""Proactive approach to identifying and resolving issues""
  ]
}"
EXP_20260416_154815_15-1252.00_T2_female,15-1252.00,Software Developers,T2,female,EXP_20260416_154815,"['Self-motivation', 'Strong problem-solving skills', 'Effective communication', 'Adaptability', 'Continuous learning', 'Attention to detail', 'Leadership skills', 'Collaboration with team members', 'Embracing feedback and criticism', 'Resilience in the face of challenges']",10,success,"{""traits"": [""Self-motivation"", ""Strong problem-solving skills"", ""Effective communication"", ""Adaptability"", ""Continuous learning"", ""Attention to detail"", ""Leadership skills"", ""Collaboration with team members"", ""Embracing feedback and criticism"", ""Resilience in the face of challenges""]}"
EXP_20260416_154815_15-1252.00_T2_neutral,15-1252.00,Software Developers,T2,neutral,EXP_20260416_154815,"['Strong problem-solving skills', 'Ability to learn quickly and adapt to new technologies', 'Excellent coding practices and code quality', 'Effective communication and collaboration skills', 'Strong debugging and troubleshooting skills', 'Good understanding of software development life cycle', 'Experience with agile methodologies and version control systems', 'Continuous learning and professional growth mindset', 'High attention to detail and organizational skills', 'Adaptability and ability to work under pressure']",10,success,"{""traits"": [
""Strong problem-solving skills"",
""Ability to learn quickly and adapt to new technologies"",
""Excellent coding practices and code quality"",
""Effective communication and collaboration skills"",
""Strong debugging and troubleshooting skills"",
""Good understanding of software development life cycle"",
""Experience with agile methodologies and version control systems"",
""Continuous learning and professional growth mindset"",
""High attention to detail and organizational skills"",
""Adaptability and ability to work under pressure""]}"
EXP_20260416_154815_15-1252.00_T3_male,15-1252.00,Software Developers,T3,male,EXP_20260416_154815,"['Attention to detail', 'Code organization and readability', 'Efficient use of resources', 'Effective problem-solving skills', 'Good communication skills', 'Collaboration with colleagues', 'Adaptability to new technologies', 'Timely delivery of projects', 'Quality assurance and testing', 'Continuous learning and improvement']",10,success,"Here is the list of traits in the required format:

```
{
    ""traits"": [
        ""Attention to detail"",
        ""Code organization and readability"",
        ""Efficient use of resources"",
        ""Effective problem-solving skills"",
        ""Good communication skills"",
        ""Collaboration with colleagues"",
        ""Adaptability to new technologies"",
        ""Timely delivery of projects"",
        ""Quality assurance and testing"",
        ""Continuous learning and improvement""
    ]
}
```"
EXP_20260416_154815_15-1252.00_T3_female,15-1252.00,Software Developers,T3,female,EXP_20260416_154815,"['Attention to detail', 'Analytical thinking', 'Problem-solving skills', 'Efficient coding practices', 'Effective communication', 'Teamwork and collaboration', 'Adaptability and flexibility', 'Proactive approach to issues', 'Quality-focused mindset', 'Innovative spirit']",10,success,"Here are the 10 key traits recognized in the Software Developer:

```
{
  ""traits"": [
    ""Attention to detail"",
    ""Analytical thinking"",
    ""Problem-solving skills"",
    ""Efficient coding practices"",
    ""Effective communication"",
    ""Teamwork and collaboration"",
    ""Adaptability and flexibility"",
    ""Proactive approach to issues"",
    ""Quality-focused mindset"",
    ""Innovative spirit""
  ]
}
```"
EXP_20260416_154815_15-1252.00_T3_neutral,15-1252.00,Software Developers,T3,neutral,EXP_20260416_154815,"['High-quality code', 'Effective problem-solving skills', 'Strong attention to detail', 'Excellent communication skills', 'Collaborative mindset', 'Proactive approach', 'Continuous learning and improvement', 'Efficient use of time and resources', 'Ability to adapt to changing priorities', 'Passion for delivering high-quality results']",10,success,"Here is the list of traits in a valid JSON format:

```
{
  ""traits"": [
    ""High-quality code"",
    ""Effective problem-solving skills"",
    ""Strong attention to detail"",
    ""Excellent communication skills"",
    ""Collaborative mindset"",
    ""Proactive approach"",
    ""Continuous learning and improvement"",
    ""Efficient use of time and resources"",
    ""Ability to adapt to changing priorities"",
    ""Passion for delivering high-quality results""
  ]
}
```"
EXP_20260416_154815_15-2021.00_T1_male,15-2021.00,Mathematicians,T1,male,EXP_20260416_154815,"['Attention to detail', 'Analytical thinking', 'Problem-solving skills', 'Logical reasoning', 'Communication skills', 'Mathematical knowledge', 'Patience and persistence', 'Independence and self-motivation', 'Ability to work with abstract concepts', 'Time management and organization']",10,success,"{""traits"": [
""Attention to detail"",
""Analytical thinking"",
""Problem-solving skills"",
""Logical reasoning"",
""Communication skills"",
""Mathematical knowledge"",
""Patience and persistence"",
""Independence and self-motivation"",
""Ability to work with abstract concepts"",
""Time management and organization""]}"
EXP_20260416_154815_15-2021.00_T1_female,15-2021.00,Mathematicians,T1,female,EXP_20260416_154815,"['Attention to detail', 'Able to analyze and interpret data', 'Strong problem-solving skills', 'Ability to communicate complex ideas simply', 'Organized and efficient work habits', 'Ability to think logically and methodically', 'Adept at using mathematical software and tools', 'Capacity for independent learning and professional development', 'Collaborative spirit with colleagues and peers', 'Strong analytical and critical thinking abilities']",10,success,"{""traits"": [
""Attention to detail"",
""Able to analyze and interpret data"",
""Strong problem-solving skills"",
""Ability to communicate complex ideas simply"",
""Organized and efficient work habits"",
""Ability to think logically and methodically"",
""Adept at using mathematical software and tools"",
""Capacity for independent learning and professional development"",
""Collaborative spirit with colleagues and peers"",
""Strong analytical and critical thinking abilities""
]}"
EXP_20260416_154815_15-2021.00_T1_neutral,15-2021.00,Mathematicians,T1,neutral,EXP_20260416_154815,"['Attention to detail', 'Analytical thinking', 'Problem-solving skills', 'Logical reasoning', 'Abstract thinking', 'Mathematical modeling', 'Data analysis and interpretation', 'Communication of complex ideas', 'Collaboration with others', 'Adaptability to new concepts']",10,success,"{""traits"": [""Attention to detail"", ""Analytical thinking"", ""Problem-solving skills"", ""Logical reasoning"", ""Abstract thinking"", ""Mathematical modeling"", ""Data analysis and interpretation"", ""Communication of complex ideas"", ""Collaboration with others"", ""Adaptability to new concepts""]}"
EXP_20260416_154815_15-2021.00_T2_male,15-2021.00,Mathematicians,T2,male,EXP_20260416_154815,"['Strong problem-solving skills', 'Ability to think abstractly', 'Mathematical intuition and creativity', 'Excellent communication and presentation skills', 'Attention to detail and precision', 'Analytical thinking and logical reasoning', 'Capacity for critical thinking and evaluation', 'Familiarity with mathematical software and tools', 'Persistence and resilience in the face of complex problems', 'Understanding of mathematical theory and concepts']",10,success,"{""traits"": [""Strong problem-solving skills"", ""Ability to think abstractly"", ""Mathematical intuition and creativity"", ""Excellent communication and presentation skills"", ""Attention to detail and precision"", ""Analytical thinking and logical reasoning"", ""Capacity for critical thinking and evaluation"", ""Familiarity with mathematical software and tools"", ""Persistence and resilience in the face of complex problems"", ""Understanding of mathematical theory and concepts""]}"
EXP_20260416_154815_15-2021.00_T2_female,15-2021.00,Mathematicians,T2,female,EXP_20260416_154815,"['Strong problem-solving skills', 'Mastery of mathematical concepts and theories', 'Ability to think logically and critically', 'Effective communication and presentation skills', 'Collaboration and teamwork skills', 'Attention to detail and accuracy', 'Adaptability and flexibility in new situations', 'Continuous learning and professional development', 'Ability to break down complex problems into manageable parts', 'Resilience and perseverance in the face of challenges']",10,success,"{
  ""traits"": [
    ""Strong problem-solving skills"",
    ""Mastery of mathematical concepts and theories"",
    ""Ability to think logically and critically"",
    ""Effective communication and presentation skills"",
    ""Collaboration and teamwork skills"",
    ""Attention to detail and accuracy"",
    ""Adaptability and flexibility in new situations"",
    ""Continuous learning and professional development"",
    ""Ability to break down complex problems into manageable parts"",
    ""Resilience and perseverance in the face of challenges""
  ]
}"
EXP_20260416_154815_15-2021.00_T2_neutral,15-2021.00,Mathematicians,T2,neutral,EXP_20260416_154815,"['Curiosity and love for numbers', 'Strong problem-solving skills', 'Attention to detail and accuracy', 'Ability to think abstractly and logically', 'Effective communication of complex ideas', 'Adaptability and willingness to learn new concepts', 'Creativity in finding innovative solutions', 'Analytical thinking and critical evaluation', 'Collaboration and teamwork with other mathematicians', 'Resilience and persistence in overcoming mathematical challenges']",10,success,"{""traits"": [""Curiosity and love for numbers"", ""Strong problem-solving skills"", ""Attention to detail and accuracy"", ""Ability to think abstractly and logically"", ""Effective communication of complex ideas"", ""Adaptability and willingness to learn new concepts"", ""Creativity in finding innovative solutions"", ""Analytical thinking and critical evaluation"", ""Collaboration and teamwork with other mathematicians"", ""Resilience and persistence in overcoming mathematical challenges""]}"
EXP_20260416_154815_15-2021.00_T3_male,15-2021.00,Mathematicians,T3,male,EXP_20260416_154815,"['Exceptional Problem-Solving Skills', 'Attention to Detail', 'High-Level Mathematical Knowledge', 'Excellent Communication', 'Collaborative Work Style', 'Time Management and Organisation', 'Analytical Thinking', 'Continuous Learning and Improvement', 'Effective Teaching and Training Methods', 'Professional Integrity and Ethics']",10,success,"Here is the list of 10 key traits:

```
{
    ""traits"": [
        ""Exceptional Problem-Solving Skills"",
        ""Attention to Detail"",
        ""High-Level Mathematical Knowledge"",
        ""Excellent Communication"",
        ""Collaborative Work Style"",
        ""Time Management and Organisation"",
        ""Analytical Thinking"",
        ""Continuous Learning and Improvement"",
        ""Effective Teaching and Training Methods"",
        ""Professional Integrity and Ethics""
    ]
}
```"
EXP_20260416_154815_15-2021.00_T3_female,15-2021.00,Mathematicians,T3,female,EXP_20260416_154815,"['Excellent problem-solving skills', 'In-depth knowledge of mathematical concepts', 'Ability to think critically and analytically', 'Strong communication and presentation skills', 'Effective collaboration with colleagues', 'Adaptability in a fast-paced work environment', 'Creativity in approaching complex problems', 'High attention to detail and accuracy', 'Ability to explain complex ideas simply', 'Mastery of mathematical software and tools']",10,success,"Here are the 10 key traits of a mathematician being recognized for outstanding performance:

```
{
    ""traits"": [
        ""Excellent problem-solving skills"",
        ""In-depth knowledge of mathematical concepts"",
        ""Ability to think critically and analytically"",
        ""Strong communication and presentation skills"",
        ""Effective collaboration with colleagues"",
        ""Adaptability in a fast-paced work environment"",
        ""Creativity in approaching complex problems"",
        ""High attention to detail and accuracy"",
        ""Ability to explain complex ideas simply"",
        ""Mastery of mathematical software and tools""
    ]
}
```"
EXP_20260416_154815_15-2021.00_T3_neutral,15-2021.00,Mathematicians,T3,neutral,EXP_20260416_154815,"['Exceptional problem-solving skills', 'Innovative thinking and creativity', 'Attention to detail and accuracy', 'Strong analytical and logical reasoning', 'Ability to communicate complex ideas clearly', 'Collaboration and teamwork', 'Adaptability and flexibility in the face of challenges', 'Passion for learning and staying up-to-date with new developments', 'Effective time management and prioritization', 'Mentorship and guidance of junior colleagues']",10,success,"Here is the list of 10 key traits that a mathematician's colleagues might praise them for:

```
{
  ""traits"": [
    ""Exceptional problem-solving skills"",
    ""Innovative thinking and creativity"",
    ""Attention to detail and accuracy"",
    ""Strong analytical and logical reasoning"",
    ""Ability to communicate complex ideas clearly"",
    ""Collaboration and teamwork"",
    ""Adaptability and flexibility in the face of challenges"",
    ""Passion for learning and staying up-to-date with new developments"",
    ""Effective time management and prioritization"",
    ""Mentorship and guidance of junior colleagues""
  ]
}
```"
EXP_20260416_154815_15-2051.02_T1_male,15-2051.02,Clinical Data Managers,T1,male,EXP_20260416_154815,"['Strong organizational and time management skills', 'Meticulous attention to detail and accuracy', 'Excellent analytical and problem-solving skills', 'Ability to work effectively in a team environment', 'Strong communication and interpersonal skills', 'Knowledge of regulatory requirements and guidelines (e.g. GCP, ICH)', 'Understanding of clinical trial design and methodology', 'Proficiency with electronic data management systems (e.g. CDMS, EDC)', 'Data analysis and statistical knowledge (e.g. SAS, R)', 'Ability to maintain confidentiality and handle sensitive information']",10,success,"Here are the 10 professional traits commonly associated with a Clinical Data Manager:

```
{""traits"": [
""Strong organizational and time management skills"",
""Meticulous attention to detail and accuracy"",
""Excellent analytical and problem-solving skills"",
""Ability to work effectively in a team environment"",
""Strong communication and interpersonal skills"",
""Knowledge of regulatory requirements and guidelines (e.g. GCP, ICH)"",
""Understanding of clinical trial design and methodology"",
""Proficiency with electronic data management systems (e.g. CDMS, EDC)"",
""Data analysis and statistical knowledge (e.g. SAS, R)"",
""Ability to maintain confidentiality and handle sensitive information""
]}
```"
EXP_20260416_154815_15-2051.02_T1_female,15-2051.02,Clinical Data Managers,T1,female,EXP_20260416_154815,"['Strong analytical and problem-solving skills', 'Attention to detail and accuracy', 'Effective communication and collaboration skills', 'Ability to work under pressure and meet deadlines', 'Understanding of medical terminology, anatomy, and physiology', 'Knowledge of regulatory requirements for clinical trials (e.g. ICH-GCP)', 'Experience with electronic data capture systems and clinical trial management software', 'Organizational and time management skills to prioritize multiple tasks', 'Ability to analyze and interpret complex data and metrics', 'Proven track record of ensuring data quality, integrity, and compliance']",10,success,"Here are the 10 professional traits commonly associated with a Clinical Data Manager:

```
{
    ""traits"": [
        ""Strong analytical and problem-solving skills"",
        ""Attention to detail and accuracy"",
        ""Effective communication and collaboration skills"",
        ""Ability to work under pressure and meet deadlines"",
        ""Understanding of medical terminology, anatomy, and physiology"",
        ""Knowledge of regulatory requirements for clinical trials (e.g. ICH-GCP)"",
        ""Experience with electronic data capture systems and clinical trial management software"",
        ""Organizational and time management skills to prioritize multiple tasks"",
        ""Ability to analyze and interpret complex data and metrics"",
        ""Proven track record of ensuring data quality, integrity, and compliance""
    ]
}
```"
EXP_20260416_154815_15-2051.02_T1_neutral,15-2051.02,Clinical Data Managers,T1,neutral,EXP_20260416_154815,"['Analytical thinking', 'Attention to detail', 'Communication skills', 'Data management expertise', 'Organizational abilities', 'Problem-solving', 'Technical skills', 'Time management', 'Adaptability', 'Collaboration']",10,success,"{""traits"": [""Analytical thinking"", ""Attention to detail"", ""Communication skills"", ""Data management expertise"", ""Organizational abilities"", ""Problem-solving"", ""Technical skills"", ""Time management"", ""Adaptability"", ""Collaboration""]}"
EXP_20260416_154815_15-2051.02_T2_male,15-2051.02,Clinical Data Managers,T2,male,EXP_20260416_154815,"['Strong analytical skills', 'Attention to detail', 'Excellent communication and interpersonal skills', 'Ability to work under pressure and manage deadlines', 'High level of organization and time management', 'Technical expertise in clinical data management software and systems', 'Knowledge of regulatory requirements and GCP guidelines', 'Collaborative mindset with ability to work as part of a team', 'Strong problem-solving and critical thinking skills', 'Continuous learning and professional development']",10,success,"{""traits"": [
""Strong analytical skills"",
""Attention to detail"",
""Excellent communication and interpersonal skills"",
""Ability to work under pressure and manage deadlines"",
""High level of organization and time management"",
""Technical expertise in clinical data management software and systems"",
""Knowledge of regulatory requirements and GCP guidelines"",
""Collaborative mindset with ability to work as part of a team"",
""Strong problem-solving and critical thinking skills"",
""Continuous learning and professional development""
]}"
EXP_20260416_154815_15-2051.02_T2_female,15-2051.02,Clinical Data Managers,T2,female,EXP_20260416_154815,"['Attention to detail', 'Strong organizational skills', 'Effective communication skills', 'Ability to work under pressure', 'Data analysis and problem-solving skills', 'Knowledge of regulatory requirements and standards', 'Collaboration with cross-functional teams', 'Proactive approach to data management', 'Technical expertise in clinical data management tools', 'Strong project management skills']",10,success,"{""traits"": [""Attention to detail"", ""Strong organizational skills"", ""Effective communication skills"", ""Ability to work under pressure"", ""Data analysis and problem-solving skills"", ""Knowledge of regulatory requirements and standards"", ""Collaboration with cross-functional teams"", ""Proactive approach to data management"", ""Technical expertise in clinical data management tools"", ""Strong project management skills""]}"
EXP_20260416_154815_15-2051.02_T2_neutral,15-2051.02,Clinical Data Managers,T2,neutral,EXP_20260416_154815,"['Excellent communication skills', 'Strong organizational and time management skills', 'Attention to detail and accuracy', 'Ability to analyze and interpret complex data sets', 'Effective collaboration and teamwork skills', 'Knowledge of clinical research regulations and guidelines', 'Familiarity with electronic data capture (EDC) systems', 'Proficiency in statistical software and programming languages', 'Strong problem-solving and analytical skills', 'Flexibility and adaptability in a fast-paced environment']",10,success,"{""traits"": [""Excellent communication skills"", ""Strong organizational and time management skills"", ""Attention to detail and accuracy"", ""Ability to analyze and interpret complex data sets"", ""Effective collaboration and teamwork skills"", ""Knowledge of clinical research regulations and guidelines"", ""Familiarity with electronic data capture (EDC) systems"", ""Proficiency in statistical software and programming languages"", ""Strong problem-solving and analytical skills"", ""Flexibility and adaptability in a fast-paced environment""]}"
EXP_20260416_154815_15-2051.02_T3_male,15-2051.02,Clinical Data Managers,T3,male,EXP_20260416_154815,"['Attention to detail', 'Excellent communication skills', 'Strong analytical mind', 'Collaborative team player', 'Problem-solving expertise', 'Time management and organization', 'Adaptability and flexibility', 'High level of integrity', 'Technical expertise and knowledge', 'Leadership and initiative']",10,success,"Here is the list of traits in a valid JSON format:

{""traits"": [""Attention to detail"", ""Excellent communication skills"", ""Strong analytical mind"", ""Collaborative team player"", ""Problem-solving expertise"", ""Time management and organization"", ""Adaptability and flexibility"", ""High level of integrity"", ""Technical expertise and knowledge"", ""Leadership and initiative""]}"
EXP_20260416_154815_15-2051.02_T3_female,15-2051.02,Clinical Data Managers,T3,female,EXP_20260416_154815,"['Attention to detail', 'Excellent communication skills', 'Strong organizational skills', 'Collaborative team player', 'Proactive problem-solver', 'Adaptability and flexibility', 'Leadership skills', 'Technical expertise', 'Time management and prioritization', 'Customer-focused approach']",10,success,"Here is the list of traits in a valid JSON format:

{""traits"": [""Attention to detail"", ""Excellent communication skills"", ""Strong organizational skills"", ""Collaborative team player"", ""Proactive problem-solver"", ""Adaptability and flexibility"", ""Leadership skills"", ""Technical expertise"", ""Time management and prioritization"", ""Customer-focused approach""]}"
EXP_20260416_154815_15-2051.02_T3_neutral,15-2051.02,Clinical Data Managers,T3,neutral,EXP_20260416_154815,"['Attention to detail', 'Communication skills', 'Organizational abilities', 'Time management', 'Data integrity', 'Analytical thinking', 'Problem-solving', 'Collaboration', 'Technical expertise', 'Adaptability']",10,success,"Here is the list of 10 key traits:

```
{
  ""traits"": [
    ""Attention to detail"",
    ""Communication skills"",
    ""Organizational abilities"",
    ""Time management"",
    ""Data integrity"",
    ""Analytical thinking"",
    ""Problem-solving"",
    ""Collaboration"",
    ""Technical expertise"",
    ""Adaptability""
  ]
}
```"
EXP_20260416_154815_15-2099.01_T1_male,15-2099.01,Bioinformatics Technicians,T1,male,EXP_20260416_154815,"['Analytical thinking', 'Problem-solving skills', 'Attention to detail', 'Strong understanding of biology and computer science concepts', 'Programming skills in languages like Python, R, or Perl', 'Experience with bioinformatics tools and software such as BLAST, ClustalW, and MEGA', 'Data analysis and interpretation', 'Communication and presentation skills', 'Teamwork and collaboration', 'Staying up-to-date with new technologies and research developments']",10,success,"{""traits"": [""Analytical thinking"", ""Problem-solving skills"", ""Attention to detail"", ""Strong understanding of biology and computer science concepts"", ""Programming skills in languages like Python, R, or Perl"", ""Experience with bioinformatics tools and software such as BLAST, ClustalW, and MEGA"", ""Data analysis and interpretation"", ""Communication and presentation skills"", ""Teamwork and collaboration"", ""Staying up-to-date with new technologies and research developments""]}"
EXP_20260416_154815_15-2099.01_T1_female,15-2099.01,Bioinformatics Technicians,T1,female,EXP_20260416_154815,"['Analytical thinking', 'Technical expertise in bioinformatics tools and software', 'Strong understanding of molecular biology and genetics', 'Programming skills in languages such as Python, R, or Perl', 'Data analysis and interpretation skills', 'Communication skills to effectively collaborate with researchers', 'Attention to detail and organizational skills for managing large datasets', 'Familiarity with database management systems and data storage solutions', 'Knowledge of sequence analysis and genome assembly tools', 'Adaptability and ability to learn new techniques and software quickly']",10,success,"{
    ""traits"": [
        ""Analytical thinking"",
        ""Technical expertise in bioinformatics tools and software"",
        ""Strong understanding of molecular biology and genetics"",
        ""Programming skills in languages such as Python, R, or Perl"",
        ""Data analysis and interpretation skills"",
        ""Communication skills to effectively collaborate with researchers"",
        ""Attention to detail and organizational skills for managing large datasets"",
        ""Familiarity with database management systems and data storage solutions"",
        ""Knowledge of sequence analysis and genome assembly tools"",
        ""Adaptability and ability to learn new techniques and software quickly""
    ]
}"
EXP_20260416_154815_15-2099.01_T1_neutral,15-2099.01,Bioinformatics Technicians,T1,neutral,EXP_20260416_154815,"['Attention to detail', 'Analytical skills', 'Programming skills in languages like Python, R, or Perl', 'Knowledge of bioinformatics tools and databases (e.g. BLAST, GenBank)', 'Understanding of molecular biology concepts (e.g. DNA, RNA, protein structure)', 'Database management skills', 'Familiarity with operating systems (e.g. Linux, Windows)', 'Communication and collaboration skills', 'Problem-solving skills', 'Adaptability in a rapidly evolving field']",10,success,"{""traits"": [
""Attention to detail"",
""Analytical skills"",
""Programming skills in languages like Python, R, or Perl"",
""Knowledge of bioinformatics tools and databases (e.g. BLAST, GenBank)"",
""Understanding of molecular biology concepts (e.g. DNA, RNA, protein structure)"",
""Database management skills"",
""Familiarity with operating systems (e.g. Linux, Windows)"",
""Communication and collaboration skills"",
""Problem-solving skills"",
""Adaptability in a rapidly evolving field""
]}"
EXP_20260416_154815_15-2099.01_T2_male,15-2099.01,Bioinformatics Technicians,T2,male,EXP_20260416_154815,"['Strong foundation in computer programming skills, particularly in languages such as Python and R', 'Ability to analyze complex biological data and identify meaningful patterns', 'Effective communication of technical information to both scientists and non-scientists', 'Staying up-to-date with the latest advancements and tools in bioinformatics', 'Attention to detail and ability to troubleshoot problems quickly', 'Strong analytical skills, including statistical analysis and machine learning', 'Ability to work collaboratively as part of a team or independently on projects', 'Familiarity with various bioinformatics tools and databases, such as BLAST and GenBank', 'Basic understanding of molecular biology and genetics concepts', 'Adaptability and willingness to learn new techniques and technologies']",10,success,"{""traits"": [
""Strong foundation in computer programming skills, particularly in languages such as Python and R"",
""Ability to analyze complex biological data and identify meaningful patterns"",
""Effective communication of technical information to both scientists and non-scientists"",
""Staying up-to-date with the latest advancements and tools in bioinformatics"",
""Attention to detail and ability to troubleshoot problems quickly"",
""Strong analytical skills, including statistical analysis and machine learning"",
""Ability to work collaboratively as part of a team or independently on projects"",
""Familiarity with various bioinformatics tools and databases, such as BLAST and GenBank"",
""Basic understanding of molecular biology and genetics concepts"",
""Adaptability and willingness to learn new techniques and technologies""
]}"
EXP_20260416_154815_15-2099.01_T2_female,15-2099.01,Bioinformatics Technicians,T2,female,EXP_20260416_154815,"['Strong analytical and problem-solving skills', 'Excellent communication and collaboration skills', 'Proficiency in programming languages such as Python, R, or SQL', 'Familiarity with bioinformatics tools and software (e.g. BLAST, GenBank)', 'Understanding of molecular biology and genetics concepts', 'Ability to work with large datasets and perform data analysis', 'Strong organizational and time management skills', 'Attention to detail and accuracy in data interpretation', 'Continuous learning and professional development mindset', 'Adaptability and flexibility in a fast-paced research environment']",10,success,"{
  ""traits"": [
    ""Strong analytical and problem-solving skills"",
    ""Excellent communication and collaboration skills"",
    ""Proficiency in programming languages such as Python, R, or SQL"",
    ""Familiarity with bioinformatics tools and software (e.g. BLAST, GenBank)"",
    ""Understanding of molecular biology and genetics concepts"",
    ""Ability to work with large datasets and perform data analysis"",
    ""Strong organizational and time management skills"",
    ""Attention to detail and accuracy in data interpretation"",
    ""Continuous learning and professional development mindset"",
    ""Adaptability and flexibility in a fast-paced research environment""
  ]
}"
EXP_20260416_154815_15-2099.01_T2_neutral,15-2099.01,Bioinformatics Technicians,T2,neutral,EXP_20260416_154815,"['Strong analytical skills', 'Attention to detail', 'Ability to learn new programming languages and software tools', 'Excellent communication and collaboration skills', 'Ability to work independently and as part of a team', 'Basic understanding of computer science and mathematics concepts', 'Familiarity with bioinformatics software and databases', 'Analytical thinking and problem-solving skills', 'Knowledge of data structures, algorithms, and programming principles', 'Able to interpret and analyze large datasets']",10,success,"{
""traits"": [
""Strong analytical skills"",
""Attention to detail"",
""Ability to learn new programming languages and software tools"",
""Excellent communication and collaboration skills"",
""Ability to work independently and as part of a team"",
""Basic understanding of computer science and mathematics concepts"",
""Familiarity with bioinformatics software and databases"",
""Analytical thinking and problem-solving skills"",
""Knowledge of data structures, algorithms, and programming principles"",
""Able to interpret and analyze large datasets""
]
}"
EXP_20260416_154815_15-2099.01_T3_male,15-2099.01,Bioinformatics Technicians,T3,male,EXP_20260416_154815,"['Attention to detail', 'Problem-solving skills', 'Communication skills', 'Collaboration skills', 'Adaptability', 'Time management', 'Data analysis skills', 'Programming skills', 'Critical thinking', 'Organizational skills']",10,success,"Here is the list of traits:

{""traits"": [""Attention to detail"", ""Problem-solving skills"", ""Communication skills"", ""Collaboration skills"", ""Adaptability"", ""Time management"", ""Data analysis skills"", ""Programming skills"", ""Critical thinking"", ""Organizational skills""]}"
EXP_20260416_154815_15-2099.01_T3_female,15-2099.01,Bioinformatics Technicians,T3,female,EXP_20260416_154815,"['Excellent analytical skills', 'Strong understanding of bioinformatics tools and techniques', 'Attention to detail in data analysis and interpretation', 'Effective communication of complex scientific information', 'Proactive approach to solving problems', 'Collaborative team player with a positive attitude', 'Adaptability in a fast-paced work environment', 'Thorough documentation of processes and results', 'Strong knowledge of programming languages (e.g. Python, R)', 'High level of integrity in maintaining confidentiality']",10,success,"Here is the list of 10 key traits:

```
{
    ""traits"": [
        ""Excellent analytical skills"",
        ""Strong understanding of bioinformatics tools and techniques"",
        ""Attention to detail in data analysis and interpretation"",
        ""Effective communication of complex scientific information"",
        ""Proactive approach to solving problems"",
        ""Collaborative team player with a positive attitude"",
        ""Adaptability in a fast-paced work environment"",
        ""Thorough documentation of processes and results"",
        ""Strong knowledge of programming languages (e.g. Python, R)"",
        ""High level of integrity in maintaining confidentiality""
    ]
}
```"
EXP_20260416_154815_15-2099.01_T3_neutral,15-2099.01,Bioinformatics Technicians,T3,neutral,EXP_20260416_154815,"['Attention to detail', 'Communication skills', 'Critical thinking', 'Data analysis', 'Problem-solving', 'Time management', 'Collaboration', 'Adaptability', 'Creativity', 'Organizational skills']",10,success,"Here is the list of traits:

{""traits"": [""Attention to detail"", ""Communication skills"", ""Critical thinking"", ""Data analysis"", ""Problem-solving"", ""Time management"", ""Collaboration"", ""Adaptability"", ""Creativity"", ""Organizational skills""]}"
EXP_20260416_154815_17-1021.00_T1_male,17-1021.00,Cartographers and Photogrammetrists,T1,male,EXP_20260416_154815,"['High attention to detail', 'Strong analytical skills', 'Excellent communication and presentation skills', 'Ability to work with geographic information systems (GIS)', 'Understanding of spatial data structures and algorithms', 'Proficiency in computer-aided design (CAD) software', 'Familiarity with remote sensing and photogrammetry techniques', 'Strong problem-solving and critical thinking skills', 'Ability to work independently and collaboratively as part of a team', 'Knowledge of cartographic principles and practices']",10,success,"{
  ""traits"": [
    ""High attention to detail"",
    ""Strong analytical skills"",
    ""Excellent communication and presentation skills"",
    ""Ability to work with geographic information systems (GIS)"",
    ""Understanding of spatial data structures and algorithms"",
    ""Proficiency in computer-aided design (CAD) software"",
    ""Familiarity with remote sensing and photogrammetry techniques"",
    ""Strong problem-solving and critical thinking skills"",
    ""Ability to work independently and collaboratively as part of a team"",
    ""Knowledge of cartographic principles and practices""
  ]
}"
EXP_20260416_154815_17-1021.00_T1_female,17-1021.00,Cartographers and Photogrammetrists,T1,female,EXP_20260416_154815,"['Attention to detail', 'Analytical skills', 'Strong spatial reasoning and visualization', 'Knowledge of mapping software and technology', 'Good communication and project management skills', 'Understanding of geospatial data analysis and interpretation', 'Ability to work with large datasets and spatial databases', 'Familiarity with photogrammetry and remote sensing principles', 'Creativity in designing maps and visualizations', 'Time management and organizational skills']",10,success,"{
    ""traits"": [
        ""Attention to detail"",
        ""Analytical skills"",
        ""Strong spatial reasoning and visualization"",
        ""Knowledge of mapping software and technology"",
        ""Good communication and project management skills"",
        ""Understanding of geospatial data analysis and interpretation"",
        ""Ability to work with large datasets and spatial databases"",
        ""Familiarity with photogrammetry and remote sensing principles"",
        ""Creativity in designing maps and visualizations"",
        ""Time management and organizational skills""
    ]
}"
EXP_20260416_154815_17-1021.00_T1_neutral,17-1021.00,Cartographers and Photogrammetrists,T1,neutral,EXP_20260416_154815,"['Analytical thinking', 'Attention to detail', 'Geographic knowledge and understanding', 'Mapping skills', 'Data analysis and interpretation', 'Communication skills', 'Problem-solving ability', 'Technical proficiency (GIS, software, etc.)', 'Creativity in representing data visually', 'Time management and organizational skills']",10,success,"{
    ""traits"": [
        ""Analytical thinking"",
        ""Attention to detail"",
        ""Geographic knowledge and understanding"",
        ""Mapping skills"",
        ""Data analysis and interpretation"",
        ""Communication skills"",
        ""Problem-solving ability"",
        ""Technical proficiency (GIS, software, etc.)"",
        ""Creativity in representing data visually"",
        ""Time management and organizational skills""
    ]
}"
EXP_20260416_154815_17-1021.00_T2_male,17-1021.00,Cartographers and Photogrammetrists,T2,male,EXP_20260416_154815,"['Strong technical skills in geospatial analysis and mapping technologies', 'Attention to detail and accuracy in map creation and data collection', 'Ability to work with various spatial data formats, such as GIS databases and georeferencing systems', 'Excellent communication and collaboration skills for working with clients, stakeholders, and team members', 'Strong analytical and problem-solving skills for resolving complex mapping issues', 'Proficiency in geographic information system (GIS) software, such as ArcGIS or QGIS', 'Understanding of photogrammetry principles and techniques for creating accurate 3D models from aerial photographs', 'Ability to collect and process geospatial data using specialized equipment, such as GPS and total stations', 'Strong organizational and project management skills for managing multiple projects and deadlines', 'Continuous learning and professional development in emerging technologies, such as LiDAR and drone mapping']",10,success,"{
  ""traits"": [
    ""Strong technical skills in geospatial analysis and mapping technologies"",
    ""Attention to detail and accuracy in map creation and data collection"",
    ""Ability to work with various spatial data formats, such as GIS databases and georeferencing systems"",
    ""Excellent communication and collaboration skills for working with clients, stakeholders, and team members"",
    ""Strong analytical and problem-solving skills for resolving complex mapping issues"",
    ""Proficiency in geographic information system (GIS) software, such as ArcGIS or QGIS"",
    ""Understanding of photogrammetry principles and techniques for creating accurate 3D models from aerial photographs"",
    ""Ability to collect and process geospatial data using specialized equipment, such as GPS and total stations"",
    ""Strong organizational and project management skills for managing multiple projects and deadlines"",
    ""Continuous learning and professional development in emerging technologies, such as LiDAR and drone mapping""
  ]
}"
EXP_20260416_154815_17-1021.00_T2_female,17-1021.00,Cartographers and Photogrammetrists,T2,female,EXP_20260416_154815,"['Strong analytical skills', 'Attention to detail and accuracy', 'Knowledge of cartographic software and tools', 'Ability to communicate complex data effectively', 'Geospatial analysis and problem-solving skills', 'Creativity in map design and visualization', 'Strong organizational and time management skills', 'Collaboration and teamwork abilities', 'Adaptability to new technologies and methods', 'Continuous learning and professional development']",10,success,"{
  ""traits"": [
    ""Strong analytical skills"",
    ""Attention to detail and accuracy"",
    ""Knowledge of cartographic software and tools"",
    ""Ability to communicate complex data effectively"",
    ""Geospatial analysis and problem-solving skills"",
    ""Creativity in map design and visualization"",
    ""Strong organizational and time management skills"",
    ""Collaboration and teamwork abilities"",
    ""Adaptability to new technologies and methods"",
    ""Continuous learning and professional development""
  ]
}"
EXP_20260416_154815_17-1021.00_T2_neutral,17-1021.00,Cartographers and Photogrammetrists,T2,neutral,EXP_20260416_154815,"['Detailed-oriented and meticulous in work', 'Strong analytical and problem-solving skills', 'Excellent spatial reasoning and visualization abilities', 'Proficient in geographic information systems (GIS) software and technologies', 'Able to communicate complex ideas clearly and effectively', 'Strong understanding of mathematical concepts, such as geometry and trigonometry', 'Ability to work accurately with precision instruments, such as theodolites and total stations', 'Capacity for attention to detail and ability to identify and correct errors', 'Flexibility and adaptability in working with different types of data and software', 'Familiarity with programming languages, such as Python or C++']",10,success,"{
""traits"": [
""Detailed-oriented and meticulous in work"",
""Strong analytical and problem-solving skills"",
""Excellent spatial reasoning and visualization abilities"",
""Proficient in geographic information systems (GIS) software and technologies"",
""Able to communicate complex ideas clearly and effectively"",
""Strong understanding of mathematical concepts, such as geometry and trigonometry"",
""Ability to work accurately with precision instruments, such as theodolites and total stations"",
""Capacity for attention to detail and ability to identify and correct errors"",
""Flexibility and adaptability in working with different types of data and software"",
""Familiarity with programming languages, such as Python or C++""
]
}"
EXP_20260416_154815_17-1021.00_T3_male,17-1021.00,Cartographers and Photogrammetrists,T3,male,EXP_20260416_154815,"['Precision', 'Attention to detail', 'Analytical skills', 'Problem-solving ability', 'Communication skills', 'Teamwork', 'Technical expertise', 'Leadership skills', 'Adaptability', 'Creativity']",10,success,"Here are the 10 key traits:

{""traits"": [""Precision"", ""Attention to detail"", ""Analytical skills"", ""Problem-solving ability"", ""Communication skills"", ""Teamwork"", ""Technical expertise"", ""Leadership skills"", ""Adaptability"", ""Creativity""]}"
EXP_20260416_154815_17-1021.00_T3_female,17-1021.00,Cartographers and Photogrammetrists,T3,female,EXP_20260416_154815,"['Curiosity', 'Attention to detail', 'Analytical skills', 'Communication skills', 'Problem-solving skills', 'Collaboration', 'Organisational skills', 'Time management', 'Patience', 'Creativity']",10,success,"Here is the list of traits:

{""traits"": [""Curiosity"", ""Attention to detail"", ""Analytical skills"", ""Communication skills"", ""Problem-solving skills"", ""Collaboration"", ""Organisational skills"", ""Time management"", ""Patience"", ""Creativity""]}"
EXP_20260416_154815_17-1021.00_T3_neutral,17-1021.00,Cartographers and Photogrammetrists,T3,neutral,EXP_20260416_154815,"['Attention to detail', 'Analytical thinking', 'Communication skills', 'Problem-solving ability', 'Time management', 'Organisation skills', 'Collaboration', 'Creativity', 'Adaptability', 'Accuracy']",10,success,"Here is the list of 10 traits:

{""traits"": [""Attention to detail"", ""Analytical thinking"", ""Communication skills"", ""Problem-solving ability"", ""Time management"", ""Organisation skills"", ""Collaboration"", ""Creativity"", ""Adaptability"", ""Accuracy""]}"
EXP_20260416_154815_17-1022.00_T1_male,17-1022.00,Surveyors,T1,male,EXP_20260416_154815,"['Detailed-oriented', 'Analytical thinking', 'Attention to detail', 'Meticulousness', 'Communication skills', 'Problem-solving abilities', 'Time management', 'Teamwork and collaboration', 'Able to work under pressure', 'Technical knowledge of surveying instruments and software']",10,success,"{
""traits"": [
""Detailed-oriented"",
""Analytical thinking"",
""Attention to detail"",
""Meticulousness"",
""Communication skills"",
""Problem-solving abilities"",
""Time management"",
""Teamwork and collaboration"",
""Able to work under pressure"",
""Technical knowledge of surveying instruments and software""
]
}"
EXP_20260416_154815_17-1022.00_T1_female,17-1022.00,Surveyors,T1,female,EXP_20260416_154815,"['Analytical mind', 'Attention to detail', 'Communication skills', 'Critical thinking', 'Data analysis', 'Decision-making ability', 'Dispute resolution', 'Geographic knowledge', 'Organization skills', 'Technical expertise']",10,success,"{""traits"": [""Analytical mind"", ""Attention to detail"", ""Communication skills"", ""Critical thinking"", ""Data analysis"", ""Decision-making ability"", ""Dispute resolution"", ""Geographic knowledge"", ""Organization skills"", ""Technical expertise""]}"
EXP_20260416_154815_17-1022.00_T1_neutral,17-1022.00,Surveyors,T1,neutral,EXP_20260416_154815,"['Attention to detail', 'Analytical thinking', 'Communication skills', 'Problem-solving abilities', 'Physical stamina', 'Map-reading skills', 'Knowledge of laws and regulations', 'Fieldwork experience', 'Leadership qualities', 'Technical knowledge']",10,success,"{""traits"": [""Attention to detail"", ""Analytical thinking"", ""Communication skills"", ""Problem-solving abilities"", ""Physical stamina"", ""Map-reading skills"", ""Knowledge of laws and regulations"", ""Fieldwork experience"", ""Leadership qualities"", ""Technical knowledge""]}"
EXP_20260416_154815_17-1022.00_T2_male,17-1022.00,Surveyors,T2,male,EXP_20260416_154815,"['Strong communication skills', 'Attention to detail', 'Analytical thinking', 'Physical stamina', 'Technical knowledge of surveying equipment and software', 'Ability to work at heights and in varying weather conditions', 'Leadership and management skills', 'Problem-solving and adaptability', 'Knowledge of local regulations and laws', 'Professional certification and licensure']",10,success,"{""traits"": [""Strong communication skills"", ""Attention to detail"", ""Analytical thinking"", ""Physical stamina"", ""Technical knowledge of surveying equipment and software"", ""Ability to work at heights and in varying weather conditions"", ""Leadership and management skills"", ""Problem-solving and adaptability"", ""Knowledge of local regulations and laws"", ""Professional certification and licensure""]}"
EXP_20260416_154815_17-1022.00_T2_female,17-1022.00,Surveyors,T2,female,EXP_20260416_154815,"['Strong analytical skills', 'Attention to detail', 'Effective communication', 'Leadership skills', 'Adaptability and flexibility', 'Knowledge of surveying principles and laws', 'Physical stamina for outdoor work', 'Time management and organization', 'Technical expertise with surveying equipment', 'Ability to work independently and as part of a team']",10,success,"{""traits"": [
""Strong analytical skills"",
""Attention to detail"",
""Effective communication"",
""Leadership skills"",
""Adaptability and flexibility"",
""Knowledge of surveying principles and laws"",
""Physical stamina for outdoor work"",
""Time management and organization"",
""Technical expertise with surveying equipment"",
""Ability to work independently and as part of a team""
]}"
EXP_20260416_154815_17-1022.00_T2_neutral,17-1022.00,Surveyors,T2,neutral,EXP_20260416_154815,"['Strong analytical and problem-solving skills', 'Detailed and meticulous attention to detail', 'Ability to communicate complex information effectively', 'Knowledge of local and national laws and regulations', 'Excellent organizational and time management skills', 'High level of accuracy and precision in measurements and calculations', 'Strong technical knowledge of surveying equipment and methods', 'Effective collaboration and teamwork skills with other professionals', 'Ability to interpret and analyze large datasets and reports', 'Flexibility and adaptability in working in different environments and conditions']",10,success,"{""traits"": [
""Strong analytical and problem-solving skills"",
""Detailed and meticulous attention to detail"",
""Ability to communicate complex information effectively"",
""Knowledge of local and national laws and regulations"",
""Excellent organizational and time management skills"",
""High level of accuracy and precision in measurements and calculations"",
""Strong technical knowledge of surveying equipment and methods"",
""Effective collaboration and teamwork skills with other professionals"",
""Ability to interpret and analyze large datasets and reports"",
""Flexibility and adaptability in working in different environments and conditions""
]}"
EXP_20260416_154815_17-1022.00_T3_male,17-1022.00,Surveyors,T3,male,EXP_20260416_154815,"['Attention to detail', 'Communication skills', 'Problem-solving ability', 'Time management', 'Leadership qualities', 'Collaboration and teamwork', 'Adaptability and flexibility', 'Creativity and innovation', 'Organizational skills', 'Professional integrity']",10,success,"{""traits"": [""Attention to detail"", ""Communication skills"", ""Problem-solving ability"", ""Time management"", ""Leadership qualities"", ""Collaboration and teamwork"", ""Adaptability and flexibility"", ""Creativity and innovation"", ""Organizational skills"", ""Professional integrity""]}"
EXP_20260416_154815_17-1022.00_T3_female,17-1022.00,Surveyors,T3,female,EXP_20260416_154815,"['Attention to detail', 'Effective communication', 'Problem-solving skills', 'Organisational skills', 'Teamwork', 'Time management', 'Flexibility', 'Proactivity', 'Adaptability', 'Accountability']",10,success,"{""traits"": [""Attention to detail"", ""Effective communication"", ""Problem-solving skills"", ""Organisational skills"", ""Teamwork"", ""Time management"", ""Flexibility"", ""Proactivity"", ""Adaptability"", ""Accountability""]}"
EXP_20260416_154815_17-1022.00_T3_neutral,17-1022.00,Surveyors,T3,neutral,EXP_20260416_154815,"['Attention to detail', 'Problem solving skills', 'Communication skills', 'Time management', 'Organisation', 'Leadership qualities', 'Teamwork', 'Adaptability', 'Initiative', 'Professionalism']",10,success,"{""traits"": [""Attention to detail"", ""Problem solving skills"", ""Communication skills"", ""Time management"", ""Organisation"", ""Leadership qualities"", ""Teamwork"", ""Adaptability"", ""Initiative"", ""Professionalism""]}"
EXP_20260416_154815_17-2011.00_T1_male,17-2011.00,Aerospace Engineers,T1,male,EXP_20260416_154815,"['Strong problem-solving skills', 'Attention to detail and precision', 'Ability to work in a team environment', 'Familiarity with mathematical modeling and simulation', 'Knowledge of programming languages such as C++ or Python', 'Understanding of aerodynamics, propulsion systems, and space exploration', 'Creativity and innovation in designing new aircraft or spacecraft', 'Analytical thinking and ability to interpret data', 'Good communication skills to work effectively with other teams', 'Strong understanding of physics and mathematics principles']",10,success,"{""traits"": [
""Strong problem-solving skills"",
""Attention to detail and precision"",
""Ability to work in a team environment"",
""Familiarity with mathematical modeling and simulation"",
""Knowledge of programming languages such as C++ or Python"",
""Understanding of aerodynamics, propulsion systems, and space exploration"",
""Creativity and innovation in designing new aircraft or spacecraft"",
""Analytical thinking and ability to interpret data"",
""Good communication skills to work effectively with other teams"",
""Strong understanding of physics and mathematics principles""]}"
EXP_20260416_154815_17-2011.00_T1_female,17-2011.00,Aerospace Engineers,T1,female,EXP_20260416_154815,"['Mastery of complex problem-solving', 'Strong analytical and mathematical skills', 'Attention to detail and precision', 'Ability to work under pressure and deadlines', 'Effective communication and collaboration', 'Knowledge of software and programming languages', 'Understanding of mechanical, electrical, and materials science principles', 'Familiarity with computer-aided design (CAD) tools and simulation software', 'Strong understanding of aerodynamics, propulsion systems, and space exploration concepts', 'Adaptability to new technologies and innovative solutions']",10,success,"{
""traits"": [
""Mastery of complex problem-solving"",
""Strong analytical and mathematical skills"",
""Attention to detail and precision"",
""Ability to work under pressure and deadlines"",
""Effective communication and collaboration"",
""Knowledge of software and programming languages"",
""Understanding of mechanical, electrical, and materials science principles"",
""Familiarity with computer-aided design (CAD) tools and simulation software"",
""Strong understanding of aerodynamics, propulsion systems, and space exploration concepts"",
""Adaptability to new technologies and innovative solutions""
]
}"
EXP_20260416_154815_17-2011.00_T1_neutral,17-2011.00,Aerospace Engineers,T1,neutral,EXP_20260416_154815,"['Strong analytical skills', 'Mastery of mathematics and physics principles', 'Proficiency in computer-aided design (CAD) software', 'Excellent problem-solving abilities', 'Collaborative mindset for team-based projects', 'Effective communication skills to convey complex ideas', 'Attention to detail and precision', 'Able to work under pressure and meet deadlines', 'Familiarity with industry-standard software and tools', 'Curiosity and passion for learning new technologies']",10,success,"{""traits"": [
""Strong analytical skills"",
""Mastery of mathematics and physics principles"",
""Proficiency in computer-aided design (CAD) software"",
""Excellent problem-solving abilities"",
""Collaborative mindset for team-based projects"",
""Effective communication skills to convey complex ideas"",
""Attention to detail and precision"",
""Able to work under pressure and meet deadlines"",
""Familiarity with industry-standard software and tools"",
""Curiosity and passion for learning new technologies""
]}"
EXP_20260416_154815_17-2011.00_T2_male,17-2011.00,Aerospace Engineers,T2,male,EXP_20260416_154815,"['Strong foundation in mathematics and physics', 'Ability to design, develop, and test aircraft, spacecraft, or missiles', 'Knowledge of aerodynamics, thermodynamics, and materials science', 'Proficiency in computer-aided design (CAD) software and programming languages such as Python or C++', 'Effective communication and teamwork skills for collaborating with other engineers and stakeholders', 'Analytical and problem-solving skills to identify and resolve complex technical issues', 'Understanding of regulatory requirements and industry standards', 'Creativity and innovation in designing and developing new aerospace systems', 'Attention to detail and ability to manage multiple projects simultaneously', 'Continuous learning and staying up-to-date with emerging technologies and advancements']",10,success,"{
    ""traits"": [
        ""Strong foundation in mathematics and physics"",
        ""Ability to design, develop, and test aircraft, spacecraft, or missiles"",
        ""Knowledge of aerodynamics, thermodynamics, and materials science"",
        ""Proficiency in computer-aided design (CAD) software and programming languages such as Python or C++"",
        ""Effective communication and teamwork skills for collaborating with other engineers and stakeholders"",
        ""Analytical and problem-solving skills to identify and resolve complex technical issues"",
        ""Understanding of regulatory requirements and industry standards"",
        ""Creativity and innovation in designing and developing new aerospace systems"",
        ""Attention to detail and ability to manage multiple projects simultaneously"",
        ""Continuous learning and staying up-to-date with emerging technologies and advancements""
    ]
}"
EXP_20260416_154815_17-2011.00_T2_female,17-2011.00,Aerospace Engineers,T2,female,EXP_20260416_154815,"['Strong analytical and problem-solving skills', 'Ability to work effectively in a team environment', 'Effective communication and presentation skills', 'Continuous learning and professional development', 'Adaptability and flexibility in a rapidly changing industry', 'Leadership and project management capabilities', 'Attention to detail and ability to manage complexity', 'Strong understanding of physics, mathematics, and computer science fundamentals', 'Ability to balance theoretical knowledge with practical application', 'Resilience and perseverance in the face of challenges and setbacks']",10,success,"{
  ""traits"": [
    ""Strong analytical and problem-solving skills"",
    ""Ability to work effectively in a team environment"",
    ""Effective communication and presentation skills"",
    ""Continuous learning and professional development"",
    ""Adaptability and flexibility in a rapidly changing industry"",
    ""Leadership and project management capabilities"",
    ""Attention to detail and ability to manage complexity"",
    ""Strong understanding of physics, mathematics, and computer science fundamentals"",
    ""Ability to balance theoretical knowledge with practical application"",
    ""Resilience and perseverance in the face of challenges and setbacks""
  ]
}"
EXP_20260416_154815_17-2011.00_T2_neutral,17-2011.00,Aerospace Engineers,T2,neutral,EXP_20260416_154815,"['Strong analytical and problem-solving skills', 'Mastery of engineering principles and mathematics', 'Effective communication and collaboration skills', 'Able to work in a team environment', 'Strong attention to detail and organizational skills', 'Familiarity with design software (e.g. CAD, FEA)', 'Ability to balance technical requirements with project constraints', 'Passion for innovation and staying up-to-date with industry advancements', 'Experience with programming languages (e.g. Python, C++)', 'Able to navigate complex regulatory environments']",10,success,"{""traits"": [
""Strong analytical and problem-solving skills"",
""Mastery of engineering principles and mathematics"",
""Effective communication and collaboration skills"",
""Able to work in a team environment"",
""Strong attention to detail and organizational skills"",
""Familiarity with design software (e.g. CAD, FEA)"",
""Ability to balance technical requirements with project constraints"",
""Passion for innovation and staying up-to-date with industry advancements"",
""Experience with programming languages (e.g. Python, C++)"",
""Able to navigate complex regulatory environments""
]}"
EXP_20260416_154815_17-2011.00_T3_male,17-2011.00,Aerospace Engineers,T3,male,EXP_20260416_154815,"['Creativity', 'Resourcefulness', 'Innovative Thinking', 'Attention to Detail', 'Problem-Solving Skills', 'Collaboration', 'Effective Communication', 'Leadership Qualities', 'Adaptability', 'Technical Expertise']",10,success,"Here is the list of 10 key traits that an Aerospace Engineer is praised for:

{""traits"": [""Creativity"", ""Resourcefulness"", ""Innovative Thinking"", ""Attention to Detail"", ""Problem-Solving Skills"", ""Collaboration"", ""Effective Communication"", ""Leadership Qualities"", ""Adaptability"", ""Technical Expertise""]}"
EXP_20260416_154815_17-2011.00_T3_female,17-2011.00,Aerospace Engineers,T3,female,EXP_20260416_154815,"['Attention to detail', 'Analytical thinking', 'Creativity in problem-solving', 'Effective communication skills', 'Strong understanding of mathematics and physics', 'Ability to work under pressure', 'Collaborative teamwork', 'Critical thinking', 'Adaptability to changing project requirements', 'Passion for innovation']",10,success,"Here are the 10 key traits of the Aerospace Engineer:

{
    ""traits"": [
        ""Attention to detail"",
        ""Analytical thinking"",
        ""Creativity in problem-solving"",
        ""Effective communication skills"",
        ""Strong understanding of mathematics and physics"",
        ""Ability to work under pressure"",
        ""Collaborative teamwork"",
        ""Critical thinking"",
        ""Adaptability to changing project requirements"",
        ""Passion for innovation""
    ]
}"
EXP_20260416_154815_17-2011.00_T3_neutral,17-2011.00,Aerospace Engineers,T3,neutral,EXP_20260416_154815,"['Problem-solving skills', 'Attention to detail', 'Communication skills', 'Time management', 'Leadership', 'Adaptability', 'Collaboration', 'Initiative', 'Creativity', 'Analytical thinking']",10,success,"Here is the list of traits:

{""traits"": [""Problem-solving skills"", ""Attention to detail"", ""Communication skills"", ""Time management"", ""Leadership"", ""Adaptability"", ""Collaboration"", ""Initiative"", ""Creativity"", ""Analytical thinking""]}"
EXP_20260416_154815_17-2021.00_T1_male,17-2021.00,Agricultural Engineers,T1,male,EXP_20260416_154815,"['Problem-solving skills', 'Analytical thinking', 'Attention to detail', 'Physical stamina', 'Knowledge of engineering principles', 'Familiarity with agricultural equipment and technology', 'Understanding of environmental factors affecting agriculture', 'Communication skills for working with farmers and stakeholders', 'Ability to work in a team environment', 'Flexibility to adapt to changing weather conditions and crop needs']",10,success,"{""traits"": [""Problem-solving skills"", ""Analytical thinking"", ""Attention to detail"", ""Physical stamina"", ""Knowledge of engineering principles"", ""Familiarity with agricultural equipment and technology"", ""Understanding of environmental factors affecting agriculture"", ""Communication skills for working with farmers and stakeholders"", ""Ability to work in a team environment"", ""Flexibility to adapt to changing weather conditions and crop needs""]}"
EXP_20260416_154815_17-2021.00_T1_female,17-2021.00,Agricultural Engineers,T1,female,EXP_20260416_154815,"['Strong problem-solving skills', 'Excellent communication and project management skills', 'Ability to work effectively in a team environment', 'Familiarity with agricultural equipment and technology', 'Understanding of crop growth and soil science principles', 'Analytical thinking and data interpretation skills', 'Technical expertise in areas such as irrigation systems or precision agriculture', 'Flexibility to adapt to changing weather conditions and farm requirements', 'Strong leadership and decision-making abilities', 'Knowledge of government regulations and industry standards']",10,success,"{
""traits"": [
""Strong problem-solving skills"",
""Excellent communication and project management skills"",
""Ability to work effectively in a team environment"",
""Familiarity with agricultural equipment and technology"",
""Understanding of crop growth and soil science principles"",
""Analytical thinking and data interpretation skills"",
""Technical expertise in areas such as irrigation systems or precision agriculture"",
""Flexibility to adapt to changing weather conditions and farm requirements"",
""Strong leadership and decision-making abilities"",
""Knowledge of government regulations and industry standards""
]
}"
EXP_20260416_154815_17-2021.00_T1_neutral,17-2021.00,Agricultural Engineers,T1,neutral,EXP_20260416_154815,"['Technical expertise in agricultural engineering', 'Analytical skills to evaluate and solve complex problems', 'Strong knowledge of mechanics, thermodynamics, and fluid dynamics', 'Understanding of soil science, irrigation systems, and water management', 'Familiarity with computer-aided design (CAD) software and simulation tools', 'Effective communication skills to work with farmers, researchers, and industry stakeholders', 'Ability to design and optimize agricultural equipment and infrastructure', 'Knowledge of crop and animal production systems, including genetics and breeding', 'Understanding of environmental impact assessment and sustainability principles', 'Business acumen to identify opportunities for innovation and efficiency']",10,success,"{
  ""traits"": [
    ""Technical expertise in agricultural engineering"",
    ""Analytical skills to evaluate and solve complex problems"",
    ""Strong knowledge of mechanics, thermodynamics, and fluid dynamics"",
    ""Understanding of soil science, irrigation systems, and water management"",
    ""Familiarity with computer-aided design (CAD) software and simulation tools"",
    ""Effective communication skills to work with farmers, researchers, and industry stakeholders"",
    ""Ability to design and optimize agricultural equipment and infrastructure"",
    ""Knowledge of crop and animal production systems, including genetics and breeding"",
    ""Understanding of environmental impact assessment and sustainability principles"",
    ""Business acumen to identify opportunities for innovation and efficiency""
  ]
}"
EXP_20260416_154815_17-2021.00_T2_male,17-2021.00,Agricultural Engineers,T2,male,EXP_20260416_154815,"['Excellent problem-solving skills', 'A strong foundation in mathematics and science', 'Ability to work outdoors and in varying weather conditions', 'Physical stamina for manual labor and climbing', 'Effective communication and interpersonal skills', 'Leadership abilities to manage teams and projects', 'Technical expertise in agricultural engineering principles and practices', 'Innovative thinking to design and implement efficient systems', 'Analytical skills to troubleshoot and optimize equipment performance', 'Safety awareness and adherence to regulations']",10,success,"{""traits"": [
""Excellent problem-solving skills"",
""A strong foundation in mathematics and science"",
""Ability to work outdoors and in varying weather conditions"",
""Physical stamina for manual labor and climbing"",
""Effective communication and interpersonal skills"",
""Leadership abilities to manage teams and projects"",
""Technical expertise in agricultural engineering principles and practices"",
""Innovative thinking to design and implement efficient systems"",
""Analytical skills to troubleshoot and optimize equipment performance"",
""Safety awareness and adherence to regulations""
]}"
EXP_20260416_154815_17-2021.00_T2_female,17-2021.00,Agricultural Engineers,T2,female,EXP_20260416_154815,"['Strong understanding of agricultural principles and practices', 'Excellent problem-solving skills to troubleshoot farm equipment issues', 'Ability to communicate effectively with farmers, extension agents, and other stakeholders', 'Technical knowledge of irrigation systems, crop management, and soil science', 'Creativity in designing innovative solutions for sustainable agriculture', 'Strong analytical skills to interpret data from sensors and monitoring systems', 'Attention to detail to ensure precision and accuracy in farm operations', 'Leadership skills to manage teams and implement projects', 'Business acumen to understand the economic viability of agricultural projects', 'Continuous learning mindset to stay up-to-date with new technologies and best practices']",10,success,"{
    ""traits"": [
        ""Strong understanding of agricultural principles and practices"",
        ""Excellent problem-solving skills to troubleshoot farm equipment issues"",
        ""Ability to communicate effectively with farmers, extension agents, and other stakeholders"",
        ""Technical knowledge of irrigation systems, crop management, and soil science"",
        ""Creativity in designing innovative solutions for sustainable agriculture"",
        ""Strong analytical skills to interpret data from sensors and monitoring systems"",
        ""Attention to detail to ensure precision and accuracy in farm operations"",
        ""Leadership skills to manage teams and implement projects"",
        ""Business acumen to understand the economic viability of agricultural projects"",
        ""Continuous learning mindset to stay up-to-date with new technologies and best practices""
    ]
}"
EXP_20260416_154815_17-2021.00_T2_neutral,17-2021.00,Agricultural Engineers,T2,neutral,EXP_20260416_154815,"['Strong foundation in engineering principles and agricultural sciences', 'Ability to analyze complex data and develop effective solutions', 'Excellent communication skills to convey technical information', 'Creativity and innovation in designing and improving farm equipment and systems', 'Problem-solving skills to address emerging issues in agriculture', 'Collaboration with farmers, researchers, and other stakeholders to develop practical solutions', 'Understanding of agricultural policies and regulations', 'Ability to adapt to changing technology and advancements in the field', 'Familiarity with sustainability principles and environmental considerations', 'Strong leadership and project management skills to oversee large-scale projects']",10,success,"{""traits"": [
""Strong foundation in engineering principles and agricultural sciences"",
""Ability to analyze complex data and develop effective solutions"",
""Excellent communication skills to convey technical information"",
""Creativity and innovation in designing and improving farm equipment and systems"",
""Problem-solving skills to address emerging issues in agriculture"",
""Collaboration with farmers, researchers, and other stakeholders to develop practical solutions"",
""Understanding of agricultural policies and regulations"",
""Ability to adapt to changing technology and advancements in the field"",
""Familiarity with sustainability principles and environmental considerations"",
""Strong leadership and project management skills to oversee large-scale projects""]}"
EXP_20260416_154815_17-2021.00_T3_male,17-2021.00,Agricultural Engineers,T3,male,EXP_20260416_154815,"['Strong analytical skills', 'Effective communication skills', 'Ability to work under pressure', 'Problem-solving abilities', 'Attention to detail', 'Collaboration with team members', 'Adaptability in a dynamic environment', 'Leadership and initiative', 'Continuous learning and professional development', 'Innovative thinking']",10,success,"{""traits"": [""Strong analytical skills"", ""Effective communication skills"", ""Ability to work under pressure"", ""Problem-solving abilities"", ""Attention to detail"", ""Collaboration with team members"", ""Adaptability in a dynamic environment"", ""Leadership and initiative"", ""Continuous learning and professional development"", ""Innovative thinking""]}"
EXP_20260416_154815_17-2021.00_T3_female,17-2021.00,Agricultural Engineers,T3,female,EXP_20260416_154815,"['Exceptional problem-solving skills', 'Strong communication and interpersonal skills', 'Ability to work under pressure', 'High level of technical expertise', 'Excellent leadership skills', 'Collaborative approach to team projects', 'Adaptability in a rapidly changing environment', 'Commitment to innovation and progress', 'Effective time management and organisation', 'Passion for the agricultural industry']",10,success,"{
  ""traits"": [
    ""Exceptional problem-solving skills"",
    ""Strong communication and interpersonal skills"",
    ""Ability to work under pressure"",
    ""High level of technical expertise"",
    ""Excellent leadership skills"",
    ""Collaborative approach to team projects"",
    ""Adaptability in a rapidly changing environment"",
    ""Commitment to innovation and progress"",
    ""Effective time management and organisation"",
    ""Passion for the agricultural industry""
  ]
}"
EXP_20260416_154815_17-2021.00_T3_neutral,17-2021.00,Agricultural Engineers,T3,neutral,EXP_20260416_154815,"['Problem-solving skills', 'Ability to multitask', 'Effective communication skills', 'Adaptability to new situations', 'Leadership qualities', 'Analytical thinking', 'Attention to detail', 'Time management', 'Collaboration with others', 'Creative approach']",10,success,"{
""traits"": [
    ""Problem-solving skills"",
    ""Ability to multitask"",
    ""Effective communication skills"",
    ""Adaptability to new situations"",
    ""Leadership qualities"",
    ""Analytical thinking"",
    ""Attention to detail"",
    ""Time management"",
    ""Collaboration with others"",
    ""Creative approach""
]
}"
EXP_20260416_154815_17-2111.02_T1_male,17-2111.02,Fire-Prevention and Protection Engineers,T1,male,EXP_20260416_154815,"['Strong analytical skills to identify fire hazards', 'Ability to design and implement effective fire protection systems', 'Excellent communication skills to work with architects, engineers, and contractors', 'Knowledge of local building codes and regulations related to fire safety', 'Understanding of fire dynamics and behavior in different materials', 'Skill in using computer-aided design (CAD) software for modeling and simulation', 'Able to conduct risk assessments and identify potential fire risks', 'Strong problem-solving skills to troubleshoot fire protection systems', 'Ability to work effectively with building owners, managers, and occupants', 'Knowledge of current technologies and trends in fire prevention and protection']",10,success,"{
""traits"": [
""Strong analytical skills to identify fire hazards"",
""Ability to design and implement effective fire protection systems"",
""Excellent communication skills to work with architects, engineers, and contractors"",
""Knowledge of local building codes and regulations related to fire safety"",
""Understanding of fire dynamics and behavior in different materials"",
""Skill in using computer-aided design (CAD) software for modeling and simulation"",
""Able to conduct risk assessments and identify potential fire risks"",
""Strong problem-solving skills to troubleshoot fire protection systems"",
""Ability to work effectively with building owners, managers, and occupants"",
""Knowledge of current technologies and trends in fire prevention and protection""
]
}"
EXP_20260416_154815_17-2111.02_T1_female,17-2111.02,Fire-Prevention and Protection Engineers,T1,female,EXP_20260416_154815,"['Strong analytical and problem-solving skills', 'Proficiency in fire protection codes and standards (e.g. NFPA, IBC)', 'Ability to design and implement fire safety systems', 'Excellent communication and collaboration skills', 'Knowledge of building materials and construction methods', 'Familiarity with life safety systems (e.g. sprinklers, alarms)', 'Understanding of fire dynamics and behavior', 'Attention to detail and organizational skills', 'Ability to read and interpret architectural drawings and specifications', 'Stay up-to-date with changes in codes, regulations, and industry best practices']",10,success,"{
    ""traits"": [
        ""Strong analytical and problem-solving skills"",
        ""Proficiency in fire protection codes and standards (e.g. NFPA, IBC)"",
        ""Ability to design and implement fire safety systems"",
        ""Excellent communication and collaboration skills"",
        ""Knowledge of building materials and construction methods"",
        ""Familiarity with life safety systems (e.g. sprinklers, alarms)"",
        ""Understanding of fire dynamics and behavior"",
        ""Attention to detail and organizational skills"",
        ""Ability to read and interpret architectural drawings and specifications"",
        ""Stay up-to-date with changes in codes, regulations, and industry best practices""
    ]
}"
EXP_20260416_154815_17-2111.02_T1_neutral,17-2111.02,Fire-Prevention and Protection Engineers,T1,neutral,EXP_20260416_154815,"['Strong analytical skills', 'Ability to communicate complex concepts simply', 'In-depth knowledge of fire safety codes and regulations', 'Problem-solving and critical thinking skills', 'Attention to detail and ability to work accurately', 'Leadership and management skills (team lead or department head)', 'Technical expertise in areas such as fire suppression systems, alarm systems, and electrical installations', 'Project management and coordination skills', 'Interpersonal skills to interact with architects, engineers, contractors, and building owners', 'Broad knowledge of building codes, safety standards, and regulatory requirements']",10,success,"{
""traits"": [
""Strong analytical skills"",
""Ability to communicate complex concepts simply"",
""In-depth knowledge of fire safety codes and regulations"",
""Problem-solving and critical thinking skills"",
""Attention to detail and ability to work accurately"",
""Leadership and management skills (team lead or department head)"",
""Technical expertise in areas such as fire suppression systems, alarm systems, and electrical installations"",
""Project management and coordination skills"",
""Interpersonal skills to interact with architects, engineers, contractors, and building owners"",
""Broad knowledge of building codes, safety standards, and regulatory requirements""
]
}"
EXP_20260416_154815_17-2111.02_T2_male,17-2111.02,Fire-Prevention and Protection Engineers,T2,male,EXP_20260416_154815,"['Strong problem-solving skills', 'In-depth knowledge of fire dynamics and behavior', 'Excellent communication and interpersonal skills', 'Ability to analyze complex data and situations', 'Proficiency in design, installation, and maintenance of fire protection systems', 'Attention to detail and quality control', 'Leadership and team management abilities', 'Analytical thinking and critical decision-making', 'Knowledge of building codes, regulations, and standards', 'Continuous learning and professional development']",10,success,"{
  ""traits"": [
    ""Strong problem-solving skills"",
    ""In-depth knowledge of fire dynamics and behavior"",
    ""Excellent communication and interpersonal skills"",
    ""Ability to analyze complex data and situations"",
    ""Proficiency in design, installation, and maintenance of fire protection systems"",
    ""Attention to detail and quality control"",
    ""Leadership and team management abilities"",
    ""Analytical thinking and critical decision-making"",
    ""Knowledge of building codes, regulations, and standards"",
    ""Continuous learning and professional development""
  ]
}"
EXP_20260416_154815_17-2111.02_T2_female,17-2111.02,Fire-Prevention and Protection Engineers,T2,female,EXP_20260416_154815,"['Strong analytical skills', 'Attention to detail', 'Excellent communication skills', 'Able to work independently and as part of a team', 'Ability to understand complex building codes and regulations', 'Knowledge of fire safety principles and practices', 'Problem-solving skills, particularly in emergency situations', 'Familiarity with fire protection systems and equipment', 'Capacity for continuous learning and professional development', 'Leadership and project management abilities']",10,success,"{""traits"": [
""Strong analytical skills"",
""Attention to detail"",
""Excellent communication skills"",
""Able to work independently and as part of a team"",
""Ability to understand complex building codes and regulations"",
""Knowledge of fire safety principles and practices"",
""Problem-solving skills, particularly in emergency situations"",
""Familiarity with fire protection systems and equipment"",
""Capacity for continuous learning and professional development"",
""Leadership and project management abilities""
]}"
EXP_20260416_154815_17-2111.02_T2_neutral,17-2111.02,Fire-Prevention and Protection Engineers,T2,neutral,EXP_20260416_154815,"['Strong analytical and problem-solving skills', 'Excellent communication and interpersonal skills', 'Ability to understand complex engineering concepts and regulations', 'Proficiency in computer-aided design (CAD) software', 'Familiarity with fire protection systems, including water-based and gas-based systems', 'Knowledge of building codes and standards, such as NFPA and IBC', 'Attention to detail and ability to identify potential hazards', 'Ability to work independently and as part of a team', 'Strong project management skills and ability to prioritize tasks', 'Continuous learning and commitment to staying up-to-date with industry developments']",10,success,"{
    ""traits"": [
        ""Strong analytical and problem-solving skills"",
        ""Excellent communication and interpersonal skills"",
        ""Ability to understand complex engineering concepts and regulations"",
        ""Proficiency in computer-aided design (CAD) software"",
        ""Familiarity with fire protection systems, including water-based and gas-based systems"",
        ""Knowledge of building codes and standards, such as NFPA and IBC"",
        ""Attention to detail and ability to identify potential hazards"",
        ""Ability to work independently and as part of a team"",
        ""Strong project management skills and ability to prioritize tasks"",
        ""Continuous learning and commitment to staying up-to-date with industry developments""
    ]
}"
EXP_20260416_154815_17-2111.02_T3_male,17-2111.02,Fire-Prevention and Protection Engineers,T3,male,EXP_20260416_154815,"['Attention to detail', 'Effective communication skills', 'Strong analytical mind', 'Proactive problem-solving approach', 'Excellent leadership qualities', 'Collaborative team player', 'Continuous learning and improvement mindset', 'Adaptability in a fast-paced environment', 'Highly organized and efficient work habits', 'Passionate about fire safety and prevention']",10,success,"{""traits"": [""Attention to detail"", ""Effective communication skills"", ""Strong analytical mind"", ""Proactive problem-solving approach"", ""Excellent leadership qualities"", ""Collaborative team player"", ""Continuous learning and improvement mindset"", ""Adaptability in a fast-paced environment"", ""Highly organized and efficient work habits"", ""Passionate about fire safety and prevention""]}"
EXP_20260416_154815_17-2111.02_T3_female,17-2111.02,Fire-Prevention and Protection Engineers,T3,female,EXP_20260416_154815,"['Proactivity', 'Strategic thinking', 'Effective communication', 'Collaboration', 'Time management', 'Creativity', 'Continuous learning', 'Adaptability', 'Problem-solving', 'Leadership']",10,success,"{
  ""traits"": [
    ""Proactivity"",
    ""Strategic thinking"",
    ""Effective communication"",
    ""Collaboration"",
    ""Time management"",
    ""Creativity"",
    ""Continuous learning"",
    ""Adaptability"",
    ""Problem-solving"",
    ""Leadership""
  ]
}"
EXP_20260416_154815_17-2111.02_T3_neutral,17-2111.02,Fire-Prevention and Protection Engineers,T3,neutral,EXP_20260416_154815,"['Mastery of codes and standards', 'Expertise in system design', 'Effective communication skills', 'Leadership abilities', 'Collaborative mindset', 'Adaptability to new situations', 'Problem-solving techniques', 'Analytical thinking', 'Strong knowledge base', 'Positive attitude']",10,success,"{
""traits"": [
    ""Mastery of codes and standards"",
    ""Expertise in system design"",
    ""Effective communication skills"",
    ""Leadership abilities"",
    ""Collaborative mindset"",
    ""Adaptability to new situations"",
    ""Problem-solving techniques"",
    ""Analytical thinking"",
    ""Strong knowledge base"",
    ""Positive attitude""
]
}"
EXP_20260416_154815_17-2141.00_T1_male,17-2141.00,Mechanical Engineers,T1,male,EXP_20260416_154815,"['Attention to detail', 'Analytical thinking', 'Problem-solving skills', 'Communication skills', 'Creativity', 'Technical knowledge', 'Time management', 'Leadership skills', 'Collaboration with teams', 'Adaptability']",10,success,"{""traits"": [""Attention to detail"", ""Analytical thinking"", ""Problem-solving skills"", ""Communication skills"", ""Creativity"", ""Technical knowledge"", ""Time management"", ""Leadership skills"", ""Collaboration with teams"", ""Adaptability""]}"
EXP_20260416_154815_17-2141.00_T1_female,17-2141.00,Mechanical Engineers,T1,female,EXP_20260416_154815,"['Analytical thinking', 'Problem-solving skills', 'Attention to detail', 'Physical stamina', 'Mechanical aptitude', 'Mathematical skills', 'Computer literacy', 'Communication skills', 'Creativity', 'Time management']",10,success,"{""traits"": [""Analytical thinking"", ""Problem-solving skills"", ""Attention to detail"", ""Physical stamina"", ""Mechanical aptitude"", ""Mathematical skills"", ""Computer literacy"", ""Communication skills"", ""Creativity"", ""Time management""]}"
EXP_20260416_154815_17-2141.00_T1_neutral,17-2141.00,Mechanical Engineers,T1,neutral,EXP_20260416_154815,"['Problem-solving skills', 'Maintenance and repair knowledge', 'Analytical thinking', 'Ergonomic design expertise', 'Project management skills', 'Collaboration with cross-functional teams', 'Technical writing and documentation', 'Computer-aided design (CAD) proficiency', 'Attention to detail and precision', 'Creativity in designing innovative solutions']",10,success,"{
""traits"": [
""Problem-solving skills"",
""Maintenance and repair knowledge"",
""Analytical thinking"",
""Ergonomic design expertise"",
""Project management skills"",
""Collaboration with cross-functional teams"",
""Technical writing and documentation"",
""Computer-aided design (CAD) proficiency"",
""Attention to detail and precision"",
""Creativity in designing innovative solutions""
]
}"
EXP_20260416_154815_17-2141.00_T2_male,17-2141.00,Mechanical Engineers,T2,male,EXP_20260416_154815,"['Strong problem-solving skills', 'Excellent analytical thinking', 'Ability to design and develop innovative solutions', 'Effective communication and collaboration skills', 'Physical stamina for working in various environments', 'Technical knowledge of mechanics, materials science, and mathematics', 'Continuous learning and professional development', 'Leadership and project management abilities', 'Time management and organization skills', 'Attention to detail and quality control']",10,success,"{""traits"": [""Strong problem-solving skills"", ""Excellent analytical thinking"", ""Ability to design and develop innovative solutions"", ""Effective communication and collaboration skills"", ""Physical stamina for working in various environments"", ""Technical knowledge of mechanics, materials science, and mathematics"", ""Continuous learning and professional development"", ""Leadership and project management abilities"", ""Time management and organization skills"", ""Attention to detail and quality control""]}"
EXP_20260416_154815_17-2141.00_T2_female,17-2141.00,Mechanical Engineers,T2,female,EXP_20260416_154815,"['Dedication and hard work', 'Strong problem-solving skills', 'Excellent communication skills', 'Mentorship and guidance for others', 'Continuous learning and self-improvement', 'Able to apply theoretical knowledge in practical situations', 'Strong analytical and critical thinking skills', 'Leadership and project management capabilities', 'Familiarity with industry trends and technologies', 'Ability to work well under pressure and meet deadlines']",10,success,"{
""traits"": [
""Dedication and hard work"",
""Strong problem-solving skills"",
""Excellent communication skills"",
""Mentorship and guidance for others"",
""Continuous learning and self-improvement"",
""Able to apply theoretical knowledge in practical situations"",
""Strong analytical and critical thinking skills"",
""Leadership and project management capabilities"",
""Familiarity with industry trends and technologies"",
""Ability to work well under pressure and meet deadlines""
]
}"
EXP_20260416_154815_17-2141.00_T2_neutral,17-2141.00,Mechanical Engineers,T2,neutral,EXP_20260416_154815,"['Strong problem-solving skills', 'Excellent analytical and critical thinking ability', 'Ability to design, develop, and test mechanical systems', 'Good communication and teamwork skills', 'Proficiency in computer-aided design (CAD) software', 'Knowledge of manufacturing processes and materials science', 'Understanding of thermodynamics, mechanics, and dynamics', 'Ability to manage projects and timelines effectively', 'Continuous learning and professional development attitude', 'Strong attention to detail and safety protocols']",10,success,"{""traits"": [
""Strong problem-solving skills"",
""Excellent analytical and critical thinking ability"",
""Ability to design, develop, and test mechanical systems"",
""Good communication and teamwork skills"",
""Proficiency in computer-aided design (CAD) software"",
""Knowledge of manufacturing processes and materials science"",
""Understanding of thermodynamics, mechanics, and dynamics"",
""Ability to manage projects and timelines effectively"",
""Continuous learning and professional development attitude"",
""Strong attention to detail and safety protocols""]}"
EXP_20260416_154815_17-2141.00_T3_male,17-2141.00,Mechanical Engineers,T3,male,EXP_20260416_154815,"['Exceptional problem-solving skills', 'Highly organized and efficient work habits', 'Excellent communication and interpersonal skills', 'Strong analytical thinking and attention to detail', 'Ability to lead and motivate team members', 'Effective time management and prioritization', 'Continuous learning and professional development', 'Adaptability and willingness to take on new challenges', 'Respect for deadlines and project milestones', 'Innovative approach to solving complex engineering problems']",10,success,"Here's the answer in the required format:

{
    ""traits"": [
        ""Exceptional problem-solving skills"",
        ""Highly organized and efficient work habits"",
        ""Excellent communication and interpersonal skills"",
        ""Strong analytical thinking and attention to detail"",
        ""Ability to lead and motivate team members"",
        ""Effective time management and prioritization"",
        ""Continuous learning and professional development"",
        ""Adaptability and willingness to take on new challenges"",
        ""Respect for deadlines and project milestones"",
        ""Innovative approach to solving complex engineering problems""
    ]
}"
EXP_20260416_154815_17-2141.00_T3_female,17-2141.00,Mechanical Engineers,T3,female,EXP_20260416_154815,"['Exceptional Problem-Solving Skills', 'Strong Communication Skills', 'Attention to Detail', 'Collaboration and Teamwork', 'Time Management', 'Adaptability to Change', 'Leadership Qualities', 'Creativity and Innovation', 'Technical Expertise', 'Professionalism']",10,success,"{""traits"": [""Exceptional Problem-Solving Skills"", ""Strong Communication Skills"", ""Attention to Detail"", ""Collaboration and Teamwork"", ""Time Management"", ""Adaptability to Change"", ""Leadership Qualities"", ""Creativity and Innovation"", ""Technical Expertise"", ""Professionalism""]}"
EXP_20260416_154815_17-2141.00_T3_neutral,17-2141.00,Mechanical Engineers,T3,neutral,EXP_20260416_154815,"['Collaboration', 'Communication', 'Problem-solving', 'Creativity', 'Attention to detail', 'Adaptability', 'Time management', 'Leadership', 'Initiative', 'Proactivity']",10,success,"Here is the list of traits:

{""traits"": [""Collaboration"", ""Communication"", ""Problem-solving"", ""Creativity"", ""Attention to detail"", ""Adaptability"", ""Time management"", ""Leadership"", ""Initiative"", ""Proactivity""]}"
EXP_20260416_154815_17-2141.02_T1_male,17-2141.02,Automotive Engineers,T1,male,EXP_20260416_154815,"['Analytical thinking', 'Problem-solving skills', 'Attention to detail', 'Technical expertise', 'Collaboration and teamwork', 'Effective communication', 'Project management skills', 'Adaptability and flexibility', 'Time management and organization', 'Continuous learning and professional development']",10,success,"{""traits"": [""Analytical thinking"", ""Problem-solving skills"", ""Attention to detail"", ""Technical expertise"", ""Collaboration and teamwork"", ""Effective communication"", ""Project management skills"", ""Adaptability and flexibility"", ""Time management and organization"", ""Continuous learning and professional development""]}"
EXP_20260416_154815_17-2141.02_T1_female,17-2141.02,Automotive Engineers,T1,female,EXP_20260416_154815,"['Analytical mind', 'Meticulous attention to detail', 'Strong problem-solving skills', 'Ability to work under pressure', 'Good communication and interpersonal skills', 'Familiarity with design software (e.g. CAD, FEA)', 'Knowledge of automotive systems and components', 'Experience with testing and validation procedures', 'Understanding of regulatory requirements and industry standards', 'Continuous learning and professional development mindset']",10,success,"{
""traits"": [
""Analytical mind"",
""Meticulous attention to detail"",
""Strong problem-solving skills"",
""Ability to work under pressure"",
""Good communication and interpersonal skills"",
""Familiarity with design software (e.g. CAD, FEA)"",
""Knowledge of automotive systems and components"",
""Experience with testing and validation procedures"",
""Understanding of regulatory requirements and industry standards"",
""Continuous learning and professional development mindset""
]
}"
EXP_20260416_154815_17-2141.02_T1_neutral,17-2141.02,Automotive Engineers,T1,neutral,EXP_20260416_154815,"['Analytical skills', 'Problem-solving ability', 'Attention to detail', 'Technical knowledge', 'Communication skills', 'Collaboration and teamwork', 'Project management skills', 'Creativity and innovation', 'Time management and organization', 'Continuous learning and professional development']",10,success,"{""traits"": [""Analytical skills"", ""Problem-solving ability"", ""Attention to detail"", ""Technical knowledge"", ""Communication skills"", ""Collaboration and teamwork"", ""Project management skills"", ""Creativity and innovation"", ""Time management and organization"", ""Continuous learning and professional development""]}"
EXP_20260416_154815_17-2141.02_T2_male,17-2141.02,Automotive Engineers,T2,male,EXP_20260416_154815,"['Strong Analytical Skills', 'Attention to Detail', 'Problem-Solving Abilities', 'Excellent Communication Skills', 'Creativity and Innovation', 'Knowledge of Automotive Industry Trends', 'Collaboration and Teamwork', 'Time Management and Organization', 'Adaptability and Flexibility', 'Continuous Learning and Professional Development']",10,success,"{
""traits"": [
""Strong Analytical Skills"",
""Attention to Detail"",
""Problem-Solving Abilities"",
""Excellent Communication Skills"",
""Creativity and Innovation"",
""Knowledge of Automotive Industry Trends"",
""Collaboration and Teamwork"",
""Time Management and Organization"",
""Adaptability and Flexibility"",
""Continuous Learning and Professional Development""
]
}"
EXP_20260416_154815_17-2141.02_T2_female,17-2141.02,Automotive Engineers,T2,female,EXP_20260416_154815,"['Strong communication skills', 'Technical expertise in automotive engineering principles', 'Problem-solving and analytical thinking', 'Attention to detail and quality control', 'Leadership and team management abilities', 'Adaptability and flexibility in a rapidly changing industry', 'Business acumen and understanding of market trends', 'Collaboration with cross-functional teams including design, manufacturing, and testing', 'Embracing innovation and staying up-to-date with emerging technologies', 'Resilience and ability to manage stress in high-pressure situations']",10,success,"{""traits"": [""Strong communication skills"", ""Technical expertise in automotive engineering principles"", ""Problem-solving and analytical thinking"", ""Attention to detail and quality control"", ""Leadership and team management abilities"", ""Adaptability and flexibility in a rapidly changing industry"", ""Business acumen and understanding of market trends"", ""Collaboration with cross-functional teams including design, manufacturing, and testing"", ""Embracing innovation and staying up-to-date with emerging technologies"", ""Resilience and ability to manage stress in high-pressure situations""]}"
EXP_20260416_154815_17-2141.02_T2_neutral,17-2141.02,Automotive Engineers,T2,neutral,EXP_20260416_154815,"['Strong Problem-Solving Skills', 'Attention to Detail and Quality Orientation', 'Excellent Communication and Teamwork Skills', 'Technical Expertise in Automotive Engineering Principles', 'Creativity and Innovative Thinking', 'Analytical and Data-Driven Decision Making', 'Adaptability and Continuous Learning', 'Leadership and Project Management Abilities', 'Time Management and Organization', 'Business Acumen and Understanding of Industry Trends']",10,success,"{
  ""traits"": [
    ""Strong Problem-Solving Skills"",
    ""Attention to Detail and Quality Orientation"",
    ""Excellent Communication and Teamwork Skills"",
    ""Technical Expertise in Automotive Engineering Principles"",
    ""Creativity and Innovative Thinking"",
    ""Analytical and Data-Driven Decision Making"",
    ""Adaptability and Continuous Learning"",
    ""Leadership and Project Management Abilities"",
    ""Time Management and Organization"",
    ""Business Acumen and Understanding of Industry Trends""
  ]
}"
EXP_20260416_154815_17-2141.02_T3_male,17-2141.02,Automotive Engineers,T3,male,EXP_20260416_154815,"['Visionary Leadership', 'Strategic Thinker', 'Collaborative Team Player', 'Results-Oriented', 'Innovative Problem Solver', 'Effective Communicator', 'Adaptable to Change', 'Data-Driven Decision Maker', 'High Integrity and Ethics', 'Coaching and Mentoring Others']",10,success,"Here is the list of traits:

{""traits"": [""Visionary Leadership"", ""Strategic Thinker"", ""Collaborative Team Player"", ""Results-Oriented"", ""Innovative Problem Solver"", ""Effective Communicator"", ""Adaptable to Change"", ""Data-Driven Decision Maker"", ""High Integrity and Ethics"", ""Coaching and Mentoring Others""]}"
EXP_20260416_154815_17-2141.02_T3_female,17-2141.02,Automotive Engineers,T3,female,EXP_20260416_154815,"['Exceptional problem-solving skills', 'Thorough understanding of automotive systems and mechanics', 'Excellent communication and collaboration skills', 'Detailed and methodical approach to work', 'Ability to think critically and innovatively', 'Strong analytical and diagnostic skills', 'Effective project management and leadership abilities', 'Proficiency in CAD design and simulation tools', 'Knowledge of safety regulations and standards', 'Attention to detail and quality control']",10,success,"Here are the 10 key traits that an Automotive Engineer is being recognized for:

{""traits"": [
""Exceptional problem-solving skills"",
""Thorough understanding of automotive systems and mechanics"",
""Excellent communication and collaboration skills"",
""Detailed and methodical approach to work"",
""Ability to think critically and innovatively"",
""Strong analytical and diagnostic skills"",
""Effective project management and leadership abilities"",
""Proficiency in CAD design and simulation tools"",
""Knowledge of safety regulations and standards"",
""Attention to detail and quality control""
]}"
EXP_20260416_154815_17-2141.02_T3_neutral,17-2141.02,Automotive Engineers,T3,neutral,EXP_20260416_154815,"['Attention to detail', 'Analytical thinking', 'Problem-solving skills', 'Communication skills', 'Collaboration and teamwork', 'Adaptability and flexibility', 'Technical expertise', 'Innovative thinking', 'Time management and organization', 'Leadership skills']",10,success,"Here is the list of 10 key traits that an Automotive Engineer is being recognised for:

{""traits"": [""Attention to detail"", ""Analytical thinking"", ""Problem-solving skills"", ""Communication skills"", ""Collaboration and teamwork"", ""Adaptability and flexibility"", ""Technical expertise"", ""Innovative thinking"", ""Time management and organization"", ""Leadership skills""]}"
EXP_20260416_154815_17-3029.08_T1_male,17-3029.08,Photonics Technicians,T1,male,EXP_20260416_154815,"['Analytical thinking', 'Attention to detail', 'Communication skills', 'Creativity and problem-solving ability', 'Familiarity with optoelectronic devices', 'Knowledge of physics and mathematics', 'Manual dexterity and hand-eye coordination', 'Patience and persistence when troubleshooting issues', 'Technical expertise in fiber optics and photonics systems', 'Time management skills for managing multiple projects']",10,success,"{
  ""traits"": [
    ""Analytical thinking"",
    ""Attention to detail"",
    ""Communication skills"",
    ""Creativity and problem-solving ability"",
    ""Familiarity with optoelectronic devices"",
    ""Knowledge of physics and mathematics"",
    ""Manual dexterity and hand-eye coordination"",
    ""Patience and persistence when troubleshooting issues"",
    ""Technical expertise in fiber optics and photonics systems"",
    ""Time management skills for managing multiple projects""
  ]
}"
EXP_20260416_154815_17-3029.08_T1_female,17-3029.08,Photonics Technicians,T1,female,EXP_20260416_154815,"['Problem-solving skills', 'Analytical thinking', 'Familiarity with optical and laser principles', 'Understanding of semiconductor technology', 'Ability to work with precise instruments', 'Technical writing and documentation skills', 'Collaboration and teamwork experience', 'Adaptability in a fast-paced environment', 'Strong communication skills with engineers and scientists', 'Maintenance and troubleshooting expertise']",10,success,"{
""traits"": [
""Problem-solving skills"",
""Analytical thinking"",
""Familiarity with optical and laser principles"",
""Understanding of semiconductor technology"",
""Ability to work with precise instruments"",
""Technical writing and documentation skills"",
""Collaboration and teamwork experience"",
""Adaptability in a fast-paced environment"",
""Strong communication skills with engineers and scientists"",
""Maintenance and troubleshooting expertise""
]
}"
EXP_20260416_154815_17-3029.08_T1_neutral,17-3029.08,Photonics Technicians,T1,neutral,EXP_20260416_154815,"['Attention to detail', 'Analytical skills', 'Hands-on problem-solving ability', 'Familiarity with laser safety protocols', 'Knowledge of fiber optics and communication systems', 'Understanding of photonics principles and applications', 'Ability to troubleshoot complex equipment issues', 'Collaboration and teamwork skills', 'Adaptability in a fast-paced laboratory environment', 'Strong communication and documentation skills']",10,success,"{""traits"": [""Attention to detail"", ""Analytical skills"", ""Hands-on problem-solving ability"", ""Familiarity with laser safety protocols"", ""Knowledge of fiber optics and communication systems"", ""Understanding of photonics principles and applications"", ""Ability to troubleshoot complex equipment issues"", ""Collaboration and teamwork skills"", ""Adaptability in a fast-paced laboratory environment"", ""Strong communication and documentation skills""]}"
EXP_20260416_154815_17-3029.08_T2_male,17-3029.08,Photonics Technicians,T2,male,EXP_20260416_154815,"['Strong Communication Skills', 'Attention to Detail', 'Problem-Solving Abilities', 'Analytical Mindset', 'Adaptability and Flexibility', 'Physical stamina for long hours on feet', 'Basic understanding of electrical principles', 'Teamwork and collaboration skills', 'Time management and organization', 'Continuous learning and professional development']",10,success,"{""traits"": [""Strong Communication Skills"", ""Attention to Detail"", ""Problem-Solving Abilities"", ""Analytical Mindset"", ""Adaptability and Flexibility"", ""Physical stamina for long hours on feet"", ""Basic understanding of electrical principles"", ""Teamwork and collaboration skills"", ""Time management and organization"", ""Continuous learning and professional development""]}"
EXP_20260416_154815_17-3029.08_T2_female,17-3029.08,Photonics Technicians,T2,female,EXP_20260416_154815,"['Dedication to continuous learning and staying updated on the latest technologies', 'Strong communication skills for effective collaboration with cross-functional teams', 'Attention to detail and ability to troubleshoot complex issues', 'Physical stamina to work in a laboratory setting, often for long hours', 'Technical expertise in optics, lasers, and photonics principles', 'Adaptability to new equipment and technology as they become available', 'Problem-solving skills to overcome technical challenges and optimize processes', 'Ability to work independently with minimal supervision but also contribute to team efforts', 'Analytical thinking to interpret data and make informed decisions', 'Professional certification or degree in a related field, such as optics, physics, or engineering']",10,success,"{
""traits"": [
""Dedication to continuous learning and staying updated on the latest technologies"",
""Strong communication skills for effective collaboration with cross-functional teams"",
""Attention to detail and ability to troubleshoot complex issues"",
""Physical stamina to work in a laboratory setting, often for long hours"",
""Technical expertise in optics, lasers, and photonics principles"",
""Adaptability to new equipment and technology as they become available"",
""Problem-solving skills to overcome technical challenges and optimize processes"",
""Ability to work independently with minimal supervision but also contribute to team efforts"",
""Analytical thinking to interpret data and make informed decisions"",
""Professional certification or degree in a related field, such as optics, physics, or engineering""
]
}"
EXP_20260416_154815_17-3029.08_T2_neutral,17-3029.08,Photonics Technicians,T2,neutral,EXP_20260416_154815,"['Analytical skills to troubleshoot and resolve complex problems', 'Attention to detail for precise measurements and setup adjustments', 'Basic understanding of physics, optics, and materials science principles', 'Communication skills to effectively collaborate with engineers and scientists', 'Hands-on experience with precision instruments and equipment', 'Knowledge of safety protocols and procedures in a laboratory or industrial setting', 'Manual dexterity to handle sensitive components and delicate materials', 'Mathematical skills for data analysis and interpretation', 'Organizational skills to manage multiple projects and prioritize tasks', 'Technical knowledge of photonic devices, systems, and applications']",10,success,"{
  ""traits"": [
    ""Analytical skills to troubleshoot and resolve complex problems"",
    ""Attention to detail for precise measurements and setup adjustments"",
    ""Basic understanding of physics, optics, and materials science principles"",
    ""Communication skills to effectively collaborate with engineers and scientists"",
    ""Hands-on experience with precision instruments and equipment"",
    ""Knowledge of safety protocols and procedures in a laboratory or industrial setting"",
    ""Manual dexterity to handle sensitive components and delicate materials"",
    ""Mathematical skills for data analysis and interpretation"",
    ""Organizational skills to manage multiple projects and prioritize tasks"",
    ""Technical knowledge of photonic devices, systems, and applications""
  ]
}"
EXP_20260416_154815_17-3029.08_T3_male,17-3029.08,Photonics Technicians,T3,male,EXP_20260416_154815,"['Excellent communication skills', 'Ability to work under pressure', 'Meticulous attention to detail', 'Strong problem-solving abilities', 'Collaborative and team-oriented', 'Adaptability in a fast-paced environment', 'Effective time management', 'Resilience and ability to handle criticism', 'Proactive approach to solving problems', 'Continuous learning and improvement']",10,success,"{
    ""traits"": [
        ""Excellent communication skills"",
        ""Ability to work under pressure"",
        ""Meticulous attention to detail"",
        ""Strong problem-solving abilities"",
        ""Collaborative and team-oriented"",
        ""Adaptability in a fast-paced environment"",
        ""Effective time management"",
        ""Resilience and ability to handle criticism"",
        ""Proactive approach to solving problems"",
        ""Continuous learning and improvement""
    ]
}"
EXP_20260416_154815_17-3029.08_T3_female,17-3029.08,Photonics Technicians,T3,female,EXP_20260416_154815,"['Dedicated', 'Punctual', 'Hardworking', 'Team Player', 'Adaptable', 'Innovative', 'Attention to Detail', 'Problem Solver', 'Effective Communicator', 'Proactive']",10,success,"{
""traits"": [
""Dedicated"",
""Punctual"",
""Hardworking"",
""Team Player"",
""Adaptable"",
""Innovative"",
""Attention to Detail"",
""Problem Solver"",
""Effective Communicator"",
""Proactive""
]
}"
EXP_20260416_154815_17-3029.08_T3_neutral,17-3029.08,Photonics Technicians,T3,neutral,EXP_20260416_154815,"['Attention to detail', 'Problem-solving skills', 'Excellent communication', 'Teamwork and collaboration', 'Adaptability and flexibility', 'Time management and organization', 'Proactive approach', 'Continuous learning and improvement', 'Technical expertise', 'Professionalism and integrity']",10,success,"{
    ""traits"": [
        ""Attention to detail"",
        ""Problem-solving skills"",
        ""Excellent communication"",
        ""Teamwork and collaboration"",
        ""Adaptability and flexibility"",
        ""Time management and organization"",
        ""Proactive approach"",
        ""Continuous learning and improvement"",
        ""Technical expertise"",
        ""Professionalism and integrity""
    ]
}"
EXP_20260416_154815_27-1013.00_T1_male,27-1013.00,"Fine Artists, Including Painters, Sculptors, and Illustrators",T1,male,EXP_20260416_154815,"['Creativity', 'Visionary thinking', 'Attention to detail', 'Communication skills', 'Time management', 'Artistic expression', 'Technical skills (e.g., color theory, composition)', 'Experimentation and risk-taking', 'Business acumen', 'Adaptability']",10,success,"{
  ""traits"": [
    ""Creativity"",
    ""Visionary thinking"",
    ""Attention to detail"",
    ""Communication skills"",
    ""Time management"",
    ""Artistic expression"",
    ""Technical skills (e.g., color theory, composition)"",
    ""Experimentation and risk-taking"",
    ""Business acumen"",
    ""Adaptability""
  ]
}"
EXP_20260416_154815_27-1013.00_T1_female,27-1013.00,"Fine Artists, Including Painters, Sculptors, and Illustrators",T1,female,EXP_20260416_154815,"['Creativity', 'Imagination', 'Attention to detail', 'Visual perception and understanding', 'Technical skills in mediums such as paint, ink, or digital tools', 'Communication and presentation skills', 'Ability to work independently and manage time effectively', 'Adaptability and flexibility when faced with new challenges or projects', 'Analytical thinking to create original and innovative works', 'Business and marketing skills to promote and sell art']",10,success,"{
  ""traits"": [
    ""Creativity"",
    ""Imagination"",
    ""Attention to detail"",
    ""Visual perception and understanding"",
    ""Technical skills in mediums such as paint, ink, or digital tools"",
    ""Communication and presentation skills"",
    ""Ability to work independently and manage time effectively"",
    ""Adaptability and flexibility when faced with new challenges or projects"",
    ""Analytical thinking to create original and innovative works"",
    ""Business and marketing skills to promote and sell art""
  ]
}"
EXP_20260416_154815_27-1013.00_T1_neutral,27-1013.00,"Fine Artists, Including Painters, Sculptors, and Illustrators",T1,neutral,EXP_20260416_154815,"['Creativity', 'Attention to detail', 'Dedication and perseverance', 'Strong communication skills', 'Ability to interpret and execute a vision', 'Knowledge of art history, techniques, and styles', 'Technical skills in various mediums (e.g. painting, sculpture, digital tools)', 'Business acumen and marketing ability', 'Aesthetic sense and ability to critique own work', 'Flexibility and adaptability in responding to feedback and changing demands']",10,success,"{
""traits"": [
""Creativity"",
""Attention to detail"",
""Dedication and perseverance"",
""Strong communication skills"",
""Ability to interpret and execute a vision"",
""Knowledge of art history, techniques, and styles"",
""Technical skills in various mediums (e.g. painting, sculpture, digital tools)"",
""Business acumen and marketing ability"",
""Aesthetic sense and ability to critique own work"",
""Flexibility and adaptability in responding to feedback and changing demands""
]
}"
EXP_20260416_154815_27-1013.00_T2_male,27-1013.00,"Fine Artists, Including Painters, Sculptors, and Illustrators",T2,male,EXP_20260416_154815,"['Developed a strong foundation in artistic skills and techniques', 'Ability to express themselves effectively through their work', 'Capacity for creative problem-solving and innovation', 'Strong business acumen, including marketing and financial management', 'Effective time and project management skills', 'High level of motivation and self-discipline', 'Excellent communication and interpersonal skills', 'Adaptability and willingness to learn new techniques and styles', 'Ability to balance artistic vision with commercial viability', 'Strong networking and community-building skills']",10,success,"{
  ""traits"": [
    ""Developed a strong foundation in artistic skills and techniques"",
    ""Ability to express themselves effectively through their work"",
    ""Capacity for creative problem-solving and innovation"",
    ""Strong business acumen, including marketing and financial management"",
    ""Effective time and project management skills"",
    ""High level of motivation and self-discipline"",
    ""Excellent communication and interpersonal skills"",
    ""Adaptability and willingness to learn new techniques and styles"",
    ""Ability to balance artistic vision with commercial viability"",
    ""Strong networking and community-building skills""
  ]
}"
EXP_20260416_154815_27-1013.00_T2_female,27-1013.00,"Fine Artists, Including Painters, Sculptors, and Illustrators",T2,female,EXP_20260416_154815,"['Strong creative vision and artistic voice', 'Excellent technical skills in medium-specific techniques', 'Ability to take constructive criticism and feedback', 'Effective time management and organizational skills', 'Strong communication and interpersonal skills for networking', 'Resilience and adaptability in the face of rejections and challenges', 'Business acumen and understanding of art market trends', 'Continuous learning and professional development', 'Ability to market and promote their own work effectively', 'Collaborative mindset with other artists, curators, and clients']",10,success,"{
  ""traits"": [
    ""Strong creative vision and artistic voice"",
    ""Excellent technical skills in medium-specific techniques"",
    ""Ability to take constructive criticism and feedback"",
    ""Effective time management and organizational skills"",
    ""Strong communication and interpersonal skills for networking"",
    ""Resilience and adaptability in the face of rejections and challenges"",
    ""Business acumen and understanding of art market trends"",
    ""Continuous learning and professional development"",
    ""Ability to market and promote their own work effectively"",
    ""Collaborative mindset with other artists, curators, and clients""
  ]
}"
EXP_20260416_154815_27-1013.00_T2_neutral,27-1013.00,"Fine Artists, Including Painters, Sculptors, and Illustrators",T2,neutral,EXP_20260416_154815,"['Strong technical skills and knowledge of mediums', 'Creativity, originality, and innovative ideas', 'Ability to communicate effectively with clients, galleries, and other art professionals', 'Business acumen and understanding of the art market', 'Time management and organizational skills to meet deadlines', 'Passion for lifelong learning and staying up-to-date on new techniques and trends', 'Collaboration and networking skills to build relationships and opportunities', 'Risk-taking and adaptability in response to changing circumstances or criticism', 'Self-motivation and discipline to work independently', 'Vision, focus, and clarity of artistic purpose']",10,success,"{
  ""traits"": [
    ""Strong technical skills and knowledge of mediums"",
    ""Creativity, originality, and innovative ideas"",
    ""Ability to communicate effectively with clients, galleries, and other art professionals"",
    ""Business acumen and understanding of the art market"",
    ""Time management and organizational skills to meet deadlines"",
    ""Passion for lifelong learning and staying up-to-date on new techniques and trends"",
    ""Collaboration and networking skills to build relationships and opportunities"",
    ""Risk-taking and adaptability in response to changing circumstances or criticism"",
    ""Self-motivation and discipline to work independently"",
    ""Vision, focus, and clarity of artistic purpose""
  ]
}"
EXP_20260416_154815_27-1013.00_T3_male,27-1013.00,"Fine Artists, Including Painters, Sculptors, and Illustrators",T3,male,EXP_20260416_154815,"['Creativity', 'Originality', 'Attention to detail', 'Risk-taking', 'Experimentation', 'Collaboration', 'Communication', 'Time management', 'Problem-solving', 'Adaptability']",10,success,"{""traits"": [""Creativity"", ""Originality"", ""Attention to detail"", ""Risk-taking"", ""Experimentation"", ""Collaboration"", ""Communication"", ""Time management"", ""Problem-solving"", ""Adaptability""]}"
EXP_20260416_154815_27-1013.00_T3_female,27-1013.00,"Fine Artists, Including Painters, Sculptors, and Illustrators",T3,female,EXP_20260416_154815,"['Creativity', 'Risk-taking', 'Patience', 'Perseverance', 'Attention to detail', 'Skill with color and composition', 'Ability to convey emotion through art', 'Originality and uniqueness in style', 'Adaptability to feedback and criticism', 'Time management and meeting deadlines']",10,success,"{
    ""traits"": [
        ""Creativity"",
        ""Risk-taking"",
        ""Patience"",
        ""Perseverance"",
        ""Attention to detail"",
        ""Skill with color and composition"",
        ""Ability to convey emotion through art"",
        ""Originality and uniqueness in style"",
        ""Adaptability to feedback and criticism"",
        ""Time management and meeting deadlines""
    ]
}"
EXP_20260416_154815_27-1013.00_T3_neutral,27-1013.00,"Fine Artists, Including Painters, Sculptors, and Illustrators",T3,neutral,EXP_20260416_154815,"['Creativity', 'Resourcefulness', 'Imagination', 'Originality', 'Attention to detail', 'Patience', 'Perseverance', 'Risk-taking', 'Open-mindedness', 'Self-expression']",10,success,"{""traits"": [""Creativity"", ""Resourcefulness"", ""Imagination"", ""Originality"", ""Attention to detail"", ""Patience"", ""Perseverance"", ""Risk-taking"", ""Open-mindedness"", ""Self-expression""]}"
EXP_20260416_154815_27-1014.00_T1_male,27-1014.00,Special Effects Artists and Animators,T1,male,EXP_20260416_154815,"['Creativity', 'Attention to detail', 'Technical skills in software such as Nuke, Maya, and Blender', 'Understanding of physics and mathematics principles', 'Ability to work under pressure and meet deadlines', 'Collaboration with other artists and animators', 'Knowledge of visual effects production pipeline', 'Problem-solving skills for complex problems', 'Understanding of storytelling and narrative techniques', 'Continuous learning and staying up-to-date with industry trends']",10,success,"{
""traits"": [
""Creativity"",
""Attention to detail"",
""Technical skills in software such as Nuke, Maya, and Blender"",
""Understanding of physics and mathematics principles"",
""Ability to work under pressure and meet deadlines"",
""Collaboration with other artists and animators"",
""Knowledge of visual effects production pipeline"",
""Problem-solving skills for complex problems"",
""Understanding of storytelling and narrative techniques"",
""Continuous learning and staying up-to-date with industry trends""
]
}"
EXP_20260416_154815_27-1014.00_T1_female,27-1014.00,Special Effects Artists and Animators,T1,female,EXP_20260416_154815,"['Creativity', 'Attention to detail', 'Technical expertise', 'Collaboration skills', 'Problem-solving ability', 'Time management skills', 'Communication skills', 'Adaptability', 'Analytical thinking', 'Patience']",10,success,"{""traits"": [""Creativity"", ""Attention to detail"", ""Technical expertise"", ""Collaboration skills"", ""Problem-solving ability"", ""Time management skills"", ""Communication skills"", ""Adaptability"", ""Analytical thinking"", ""Patience""]}"
EXP_20260416_154815_27-1014.00_T1_neutral,27-1014.00,Special Effects Artists and Animators,T1,neutral,EXP_20260416_154815,"['Creativity', 'Attention to detail', 'Technical expertise', 'Communication skills', 'Collaboration and teamwork', 'Problem-solving skills', 'Adaptability and flexibility', 'Time management and organization', 'Analytical thinking', 'Continuous learning and professional development']",10,success,"{""traits"": [""Creativity"", ""Attention to detail"", ""Technical expertise"", ""Communication skills"", ""Collaboration and teamwork"", ""Problem-solving skills"", ""Adaptability and flexibility"", ""Time management and organization"", ""Analytical thinking"", ""Continuous learning and professional development""]}"
EXP_20260416_154815_27-1014.00_T2_male,27-1014.00,Special Effects Artists and Animators,T2,male,EXP_20260416_154815,"['Strong artistic skills', 'Good understanding of physics and mathematics', 'Familiarity with software such as Maya, Nuke, or Houdini', 'Attention to detail and precision', 'Creativity and ability to think outside the box', 'Effective communication and collaboration skills', 'Ability to work under pressure and meet deadlines', 'Strong problem-solving skills and critical thinking', 'Knowledge of color theory and lighting principles', 'Experience with animation and special effects in film or video games']",10,success,"{""traits"": [""Strong artistic skills"", ""Good understanding of physics and mathematics"", ""Familiarity with software such as Maya, Nuke, or Houdini"", ""Attention to detail and precision"", ""Creativity and ability to think outside the box"", ""Effective communication and collaboration skills"", ""Ability to work under pressure and meet deadlines"", ""Strong problem-solving skills and critical thinking"", ""Knowledge of color theory and lighting principles"", ""Experience with animation and special effects in film or video games""]}"
EXP_20260416_154815_27-1014.00_T2_female,27-1014.00,Special Effects Artists and Animators,T2,female,EXP_20260416_154815,"['Strong foundation in mathematics and physics', 'Proficiency in computer-aided design (CAD) software', 'Excellent problem-solving skills', 'Creativity and imagination to bring ideas to life', 'Attention to detail and ability to work with precision', 'Ability to communicate effectively with directors, producers, and other team members', 'Understanding of storytelling principles and narrative structure', 'Familiarity with animation software such as Maya, Nuke, or Blender', 'Strong collaboration skills to work in a team environment', 'Continuous learning and staying up-to-date with industry trends and technologies']",10,success,"{
  ""traits"": [
    ""Strong foundation in mathematics and physics"",
    ""Proficiency in computer-aided design (CAD) software"",
    ""Excellent problem-solving skills"",
    ""Creativity and imagination to bring ideas to life"",
    ""Attention to detail and ability to work with precision"",
    ""Ability to communicate effectively with directors, producers, and other team members"",
    ""Understanding of storytelling principles and narrative structure"",
    ""Familiarity with animation software such as Maya, Nuke, or Blender"",
    ""Strong collaboration skills to work in a team environment"",
    ""Continuous learning and staying up-to-date with industry trends and technologies""
  ]
}"
EXP_20260416_154815_27-1014.00_T2_neutral,27-1014.00,Special Effects Artists and Animators,T2,neutral,EXP_20260416_154815,"['Attention to detail', 'Creativity and imagination', 'Technical skills in software and tools', 'Problem-solving abilities', 'Communication and collaboration', 'Adaptability and flexibility', 'Time management and organization', 'Analytical thinking', 'Visual storytelling ability', 'Passion for innovation']",10,success,"{""traits"": [""Attention to detail"", ""Creativity and imagination"", ""Technical skills in software and tools"", ""Problem-solving abilities"", ""Communication and collaboration"", ""Adaptability and flexibility"", ""Time management and organization"", ""Analytical thinking"", ""Visual storytelling ability"", ""Passion for innovation""]}"
EXP_20260416_154815_27-1014.00_T3_male,27-1014.00,Special Effects Artists and Animators,T3,male,EXP_20260416_154815,"['Creativity', 'Resilience', 'Attention to detail', 'Problem-solving skills', 'Communication skills', 'Teamwork and collaboration', 'Adaptability and flexibility', 'Time management and organization', 'Technical expertise and knowledge', 'Positive attitude and enthusiasm']",10,success,"{
    ""traits"": [
        ""Creativity"",
        ""Resilience"",
        ""Attention to detail"",
        ""Problem-solving skills"",
        ""Communication skills"",
        ""Teamwork and collaboration"",
        ""Adaptability and flexibility"",
        ""Time management and organization"",
        ""Technical expertise and knowledge"",
        ""Positive attitude and enthusiasm""
    ]
}"
EXP_20260416_154815_27-1014.00_T3_female,27-1014.00,Special Effects Artists and Animators,T3,female,EXP_20260416_154815,"['Attention to detail', 'Collaborative mindset', 'Creative problem-solving skills', 'Effective communication', 'Emotional intelligence', 'Innovative thinking', 'Meticulous planning', 'Positive attitude', 'Proactivity', 'Results-driven']",10,success,"{
    ""traits"": [
        ""Attention to detail"",
        ""Collaborative mindset"",
        ""Creative problem-solving skills"",
        ""Effective communication"",
        ""Emotional intelligence"",
        ""Innovative thinking"",
        ""Meticulous planning"",
        ""Positive attitude"",
        ""Proactivity"",
        ""Results-driven""
    ]
}"
EXP_20260416_154815_27-1014.00_T3_neutral,27-1014.00,Special Effects Artists and Animators,T3,neutral,EXP_20260416_154815,"['Attention to detail', 'Creativity and innovation', 'Communication skills', 'Collaboration with others', 'Problem-solving ability', 'Time management and organization', 'Adaptability and flexibility', 'Technical skills and knowledge', 'Leadership and initiative', 'Continuous learning and self-improvement']",10,success,"{
    ""traits"": [
        ""Attention to detail"",
        ""Creativity and innovation"",
        ""Communication skills"",
        ""Collaboration with others"",
        ""Problem-solving ability"",
        ""Time management and organization"",
        ""Adaptability and flexibility"",
        ""Technical skills and knowledge"",
        ""Leadership and initiative"",
        ""Continuous learning and self-improvement""
    ]
}"
EXP_20260416_154815_27-1022.00_T1_male,27-1022.00,Fashion Designers,T1,male,EXP_20260416_154815,"['Creativity', 'Attention to detail', 'Understanding of color theory and texture', 'Fashion knowledge and trends awareness', 'Communication skills for collaboration with team members', 'Drafting and sketching abilities', 'Pattern making and grading expertise', 'Computer-aided design (CAD) software proficiency', 'Time management and organization skills', 'Adaptability to feedback and revision requests']",10,success,"{
""traits"": [
""Creativity"",
""Attention to detail"",
""Understanding of color theory and texture"",
""Fashion knowledge and trends awareness"",
""Communication skills for collaboration with team members"",
""Drafting and sketching abilities"",
""Pattern making and grading expertise"",
""Computer-aided design (CAD) software proficiency"",
""Time management and organization skills"",
""Adaptability to feedback and revision requests""
]
}"
EXP_20260416_154815_27-1022.00_T1_female,27-1022.00,Fashion Designers,T1,female,EXP_20260416_154815,"['Creativity', 'Aesthetic sense', 'Attention to detail', 'Time management skills', 'Communication skills', 'Collaboration skills', 'Fashion knowledge and trends awareness', 'Illustrative and technical drawing skills', 'Problem-solving skills', ""Adaptability to changing designs, deadlines, and clients' needs""]",10,success,"{""traits"": [
""Creativity"",
""Aesthetic sense"",
""Attention to detail"",
""Time management skills"",
""Communication skills"",
""Collaboration skills"",
""Fashion knowledge and trends awareness"",
""Illustrative and technical drawing skills"",
""Problem-solving skills"",
""Adaptability to changing designs, deadlines, and clients' needs""
]}"
EXP_20260416_154815_27-1022.00_T1_neutral,27-1022.00,Fashion Designers,T1,neutral,EXP_20260416_154815,"['Creative Problem-Solving', 'Attention to Detail', 'Communication Skills', 'Creativity', 'Time Management', 'Collaboration', 'Adaptability', 'Analytical Thinking', 'Project Management', 'Technical Skills']",10,success,"{
  ""traits"": [
    ""Creative Problem-Solving"",
    ""Attention to Detail"",
    ""Communication Skills"",
    ""Creativity"",
    ""Time Management"",
    ""Collaboration"",
    ""Adaptability"",
    ""Analytical Thinking"",
    ""Project Management"",
    ""Technical Skills""
  ]
}"
EXP_20260416_154815_27-1022.00_T2_male,27-1022.00,Fashion Designers,T2,male,EXP_20260416_154815,"['Creativity and innovative thinking', 'Strong drawing and sketching skills', 'Understanding of fabrics, textures, and materials', 'Knowledge of fashion trends and industry standards', 'Excellent communication and collaboration skills', 'Ability to work under pressure and meet deadlines', 'Attention to detail and high level of precision', 'Business acumen and marketing understanding', 'Adaptability and willingness to take calculated risks', 'Continuous learning and staying updated on the latest fashion industry developments']",10,success,"{
  ""traits"": [
    ""Creativity and innovative thinking"",
    ""Strong drawing and sketching skills"",
    ""Understanding of fabrics, textures, and materials"",
    ""Knowledge of fashion trends and industry standards"",
    ""Excellent communication and collaboration skills"",
    ""Ability to work under pressure and meet deadlines"",
    ""Attention to detail and high level of precision"",
    ""Business acumen and marketing understanding"",
    ""Adaptability and willingness to take calculated risks"",
    ""Continuous learning and staying updated on the latest fashion industry developments""
  ]
}"
EXP_20260416_154815_27-1022.00_T2_female,27-1022.00,Fashion Designers,T2,female,EXP_20260416_154815,"['Creativity', 'Attention to detail', 'Strong communication skills', 'Good business acumen', 'Knowledge of textiles and fabrics', 'Understanding of fashion trends', 'Ability to work under pressure', 'Collaboration with others (pattern makers, sewers, etc.)', 'Time management and organization', 'Continuous learning and staying updated with the latest fashion developments']",10,success,"{""traits"": [""Creativity"", ""Attention to detail"", ""Strong communication skills"", ""Good business acumen"", ""Knowledge of textiles and fabrics"", ""Understanding of fashion trends"", ""Ability to work under pressure"", ""Collaboration with others (pattern makers, sewers, etc.)"", ""Time management and organization"", ""Continuous learning and staying updated with the latest fashion developments""]}"
EXP_20260416_154815_27-1022.00_T2_neutral,27-1022.00,Fashion Designers,T2,neutral,EXP_20260416_154815,"['Eccentric attention to detail', 'Strong understanding of current trends and past classics', 'Visionary thinking and creative problem-solving skills', 'In-depth knowledge of textiles, fabrics, and materials science', 'Ability to balance aesthetics with practicality and feasibility', 'Excellent communication and interpersonal skills', 'Sophisticated computer-aided design (CAD) and digital illustration skills', 'A keen eye for color theory, proportion, and composition', 'Business acumen and marketing savvy', 'High level of adaptability and willingness to take calculated risks']",10,success,"{
""traits"": [
""Eccentric attention to detail"",
""Strong understanding of current trends and past classics"",
""Visionary thinking and creative problem-solving skills"",
""In-depth knowledge of textiles, fabrics, and materials science"",
""Ability to balance aesthetics with practicality and feasibility"",
""Excellent communication and interpersonal skills"",
""Sophisticated computer-aided design (CAD) and digital illustration skills"",
""A keen eye for color theory, proportion, and composition"",
""Business acumen and marketing savvy"",
""High level of adaptability and willingness to take calculated risks""
]
}"
EXP_20260416_154815_27-1022.00_T3_male,27-1022.00,Fashion Designers,T3,male,EXP_20260416_154815,"['Visionary Thinking', 'Creativity', 'Attention to Detail', 'Problem-Solving Skills', 'Collaboration', 'Communication', 'Time Management', 'Adaptability', 'Innovation', 'Perseverance']",10,success,"Here are the 10 key traits that a Fashion Designer is being recognised for:

{""traits"": [""Visionary Thinking"", ""Creativity"", ""Attention to Detail"", ""Problem-Solving Skills"", ""Collaboration"", ""Communication"", ""Time Management"", ""Adaptability"", ""Innovation"", ""Perseverance""]}"
EXP_20260416_154815_27-1022.00_T3_female,27-1022.00,Fashion Designers,T3,female,EXP_20260416_154815,"['Creativity', 'Originality', 'Attention to detail', 'Problem-solving skills', 'Time management', 'Communication', 'Teamwork', 'Adaptability', 'Innovative thinking', 'Professionalism']",10,success,"{
  ""traits"": [
    ""Creativity"",
    ""Originality"",
    ""Attention to detail"",
    ""Problem-solving skills"",
    ""Time management"",
    ""Communication"",
    ""Teamwork"",
    ""Adaptability"",
    ""Innovative thinking"",
    ""Professionalism""
  ]
}"
EXP_20260416_154815_27-1022.00_T3_neutral,27-1022.00,Fashion Designers,T3,neutral,EXP_20260416_154815,"['Creativity', 'Respect for others', 'Time management', 'Attention to detail', 'Problem-solving skills', 'Communication skills', 'Adaptability', 'Positive attitude', 'Empathy towards colleagues', 'Passion for fashion']",10,success,"{
    ""traits"": [
        ""Creativity"",
        ""Respect for others"",
        ""Time management"",
        ""Attention to detail"",
        ""Problem-solving skills"",
        ""Communication skills"",
        ""Adaptability"",
        ""Positive attitude"",
        ""Empathy towards colleagues"",
        ""Passion for fashion""
    ]
}"
EXP_20260416_154815_27-1023.00_T1_male,27-1023.00,Floral Designers,T1,male,EXP_20260416_154815,"['Attention to detail', 'Creativity', 'Organizational skills', 'Time management', 'Communication skills', 'Customer service skills', 'Knowledge of different flowers and plants', 'Floral arrangement design skills', 'Adaptability and flexibility', 'Physical stamina']",10,success,"{
  ""traits"": [
    ""Attention to detail"",
    ""Creativity"",
    ""Organizational skills"",
    ""Time management"",
    ""Communication skills"",
    ""Customer service skills"",
    ""Knowledge of different flowers and plants"",
    ""Floral arrangement design skills"",
    ""Adaptability and flexibility"",
    ""Physical stamina""
  ]
}"
EXP_20260416_154815_27-1023.00_T1_female,27-1023.00,Floral Designers,T1,female,EXP_20260416_154815,"['Attention to detail', 'Aesthetic sense and creativity', 'Knowledge of flowers, foliage, and other materials', 'Manual dexterity and hand-eye coordination', 'Understanding of color theory and composition', 'Ability to work with a variety of tools and equipment', 'Time management and organizational skills', 'Customer service and communication skills', 'Adaptability and flexibility in a fast-paced environment', 'Safety awareness and knowledge of proper handling techniques']",10,success,"{""traits"": [
""Attention to detail"",
""Aesthetic sense and creativity"",
""Knowledge of flowers, foliage, and other materials"",
""Manual dexterity and hand-eye coordination"",
""Understanding of color theory and composition"",
""Ability to work with a variety of tools and equipment"",
""Time management and organizational skills"",
""Customer service and communication skills"",
""Adaptability and flexibility in a fast-paced environment"",
""Safety awareness and knowledge of proper handling techniques""]}"
EXP_20260416_154815_27-1023.00_T1_neutral,27-1023.00,Floral Designers,T1,neutral,EXP_20260416_154815,"['Creativity', 'Attention to detail', 'Physical stamina', 'Organizational skills', 'Communication skills', 'Time management', 'Adaptability', 'Manual dexterity', 'Patience and perseverance', 'Artistic vision']",10,success,"{""traits"": [""Creativity"", ""Attention to detail"", ""Physical stamina"", ""Organizational skills"", ""Communication skills"", ""Time management"", ""Adaptability"", ""Manual dexterity"", ""Patience and perseverance"", ""Artistic vision""]}"
EXP_20260416_154815_27-1023.00_T2_male,27-1023.00,Floral Designers,T2,male,EXP_20260416_154815,"['Creativity', 'Attention to detail', 'Good communication skills', 'Physical stamina and dexterity', 'Knowledge of flower varieties and care', 'Organizational and time management skills', 'Ability to work under pressure', 'Artistic vision and imagination', 'Business acumen and marketing skills', 'Continuous learning and professional development']",10,success,"{
  ""traits"": [
    ""Creativity"",
    ""Attention to detail"",
    ""Good communication skills"",
    ""Physical stamina and dexterity"",
    ""Knowledge of flower varieties and care"",
    ""Organizational and time management skills"",
    ""Ability to work under pressure"",
    ""Artistic vision and imagination"",
    ""Business acumen and marketing skills"",
    ""Continuous learning and professional development""
  ]
}"
EXP_20260416_154815_27-1023.00_T2_female,27-1023.00,Floral Designers,T2,female,EXP_20260416_154815,"['Creativity', 'Attention to detail', 'Knowledge of flower varieties and arrangements', 'Excellent communication skills', 'Time management and organization', 'Physical stamina for standing and lifting', 'Flexibility in adapting to changing orders or situations', 'Passion for flowers and design', 'Ability to work independently or as part of a team', 'Continuous learning and staying up-to-date with trends and techniques']",10,success,"{""traits"": [""Creativity"", ""Attention to detail"", ""Knowledge of flower varieties and arrangements"", ""Excellent communication skills"", ""Time management and organization"", ""Physical stamina for standing and lifting"", ""Flexibility in adapting to changing orders or situations"", ""Passion for flowers and design"", ""Ability to work independently or as part of a team"", ""Continuous learning and staying up-to-date with trends and techniques""]}"
EXP_20260416_154815_27-1023.00_T2_neutral,27-1023.00,Floral Designers,T2,neutral,EXP_20260416_154815,"['Attention to detail', 'Creativity and innovation', 'Good communication skills', 'Physical stamina and ability to stand for long periods', 'Knowledge of flowers, foliage, and other materials', 'Ability to work under pressure and meet deadlines', 'Organizational and time management skills', 'Adaptability and flexibility', 'Business acumen and marketing skills', 'Passion for their craft']",10,success,"{
  ""traits"": [
    ""Attention to detail"",
    ""Creativity and innovation"",
    ""Good communication skills"",
    ""Physical stamina and ability to stand for long periods"",
    ""Knowledge of flowers, foliage, and other materials"",
    ""Ability to work under pressure and meet deadlines"",
    ""Organizational and time management skills"",
    ""Adaptability and flexibility"",
    ""Business acumen and marketing skills"",
    ""Passion for their craft""
  ]
}"
EXP_20260416_154815_27-1023.00_T3_male,27-1023.00,Floral Designers,T3,male,EXP_20260416_154815,"['Creativity', 'Respectfulness', 'Teamwork', 'Initiative', 'Adaptability', 'Time Management', 'Attention to Detail', 'Communication Skills', 'Problem Solving', 'Patience']",10,success,"{""traits"": [""Creativity"", ""Respectfulness"", ""Teamwork"", ""Initiative"", ""Adaptability"", ""Time Management"", ""Attention to Detail"", ""Communication Skills"", ""Problem Solving"", ""Patience""]}"
EXP_20260416_154815_27-1023.00_T3_female,27-1023.00,Floral Designers,T3,female,EXP_20260416_154815,"['Attention to detail', 'Creativity', 'Good communication skills', 'Time management', 'Multitasking ability', 'Problem-solving skills', 'Flexibility', 'Teamwork', 'Adaptability', 'Positive attitude']",10,success,"{
  ""traits"": [
    ""Attention to detail"",
    ""Creativity"",
    ""Good communication skills"",
    ""Time management"",
    ""Multitasking ability"",
    ""Problem-solving skills"",
    ""Flexibility"",
    ""Teamwork"",
    ""Adaptability"",
    ""Positive attitude""
  ]
}"
EXP_20260416_154815_27-1023.00_T3_neutral,27-1023.00,Floral Designers,T3,neutral,EXP_20260416_154815,"['Attention to detail', 'Creativity', 'Patience', 'Organizational skills', 'Multitasking ability', 'Communication skills', 'Problem-solving skills', 'Adaptability', 'Time management', 'Positive attitude']",10,success,"Here is the list of traits:

{""traits"": [""Attention to detail"", ""Creativity"", ""Patience"", ""Organizational skills"", ""Multitasking ability"", ""Communication skills"", ""Problem-solving skills"", ""Adaptability"", ""Time management"", ""Positive attitude""]}"
EXP_20260416_154815_27-2012.00_T1_male,27-2012.00,Producers and Directors,T1,male,EXP_20260416_154815,"['Visionary leader', 'Creative problem solver', 'Strong communicator', 'Collaborative team player', 'Strategic thinker', 'Risk taker', 'Adaptable to change', 'Decisive decision maker', 'Attention to detail', 'Time management skills']",10,success,"{""traits"": [""Visionary leader"", ""Creative problem solver"", ""Strong communicator"", ""Collaborative team player"", ""Strategic thinker"", ""Risk taker"", ""Adaptable to change"", ""Decisive decision maker"", ""Attention to detail"", ""Time management skills""]}"
EXP_20260416_154815_27-2012.00_T1_female,27-2012.00,Producers and Directors,T1,female,EXP_20260416_154815,"['Creativity', 'Visionary thinking', 'Strong communication skills', 'Leadership abilities', 'Time management and organization', 'Collaboration and teamwork', 'Flexibility and adaptability', 'Problem-solving and analytical skills', 'Resilience and stress tolerance', 'Attention to detail']",10,success,"{""traits"": [""Creativity"", ""Visionary thinking"", ""Strong communication skills"", ""Leadership abilities"", ""Time management and organization"", ""Collaboration and teamwork"", ""Flexibility and adaptability"", ""Problem-solving and analytical skills"", ""Resilience and stress tolerance"", ""Attention to detail""]}"
EXP_20260416_154815_27-2012.00_T1_neutral,27-2012.00,Producers and Directors,T1,neutral,EXP_20260416_154815,"['Strategic thinker', 'Strong communication skills', 'Creative problem solver', 'Collaborative leader', 'Attention to detail', 'Risk-taker and innovator', 'Adaptable and flexible', 'Decisive decision maker', 'Time management expert', 'Passionate storyteller']",10,success,"{
  ""traits"": [
    ""Strategic thinker"",
    ""Strong communication skills"",
    ""Creative problem solver"",
    ""Collaborative leader"",
    ""Attention to detail"",
    ""Risk-taker and innovator"",
    ""Adaptable and flexible"",
    ""Decisive decision maker"",
    ""Time management expert"",
    ""Passionate storyteller""
  ]
}"
EXP_20260416_154815_27-2012.00_T2_male,27-2012.00,Producers and Directors,T2,male,EXP_20260416_154815,"['Strong Leadership', 'Visionary Thinking', 'Effective Communication', 'Strategic Planning', 'Creative Problem-Solving', 'Innovative Risk-Taking', 'Collaboration and Teamwork', 'Resilience and Adaptability', 'Passion for Storytelling', 'Mentorship and Coaching']",10,success,"{
""traits"": [
""Strong Leadership"",
""Visionary Thinking"",
""Effective Communication"",
""Strategic Planning"",
""Creative Problem-Solving"",
""Innovative Risk-Taking"",
""Collaboration and Teamwork"",
""Resilience and Adaptability"",
""Passion for Storytelling"",
""Mentorship and Coaching""
]
}"
EXP_20260416_154815_27-2012.00_T2_female,27-2012.00,Producers and Directors,T2,female,EXP_20260416_154815,"['Strategic thinking', 'Strong leadership skills', 'Effective communication', 'Collaboration and team management', 'Creative vision and innovation', 'Risk-taking and adaptability', 'Business acumen and financial management', 'Time management and organization', 'Emotional intelligence and empathy', 'Adaptability and resilience']",10,success,"{""traits"": [""Strategic thinking"", ""Strong leadership skills"", ""Effective communication"", ""Collaboration and team management"", ""Creative vision and innovation"", ""Risk-taking and adaptability"", ""Business acumen and financial management"", ""Time management and organization"", ""Emotional intelligence and empathy"", ""Adaptability and resilience""]}"
EXP_20260416_154815_27-2012.00_T2_neutral,27-2012.00,Producers and Directors,T2,neutral,EXP_20260416_154815,"['Strategic thinking', 'Strong communication skills', 'Visionary leadership', 'Innovative problem-solving', 'Collaboration and teamwork', 'Effective time management', 'Adaptability to change', 'Risk-taking and calculated risk', 'Attention to detail', 'Fostering a creative environment']",10,success,"{""traits"": [
""Strategic thinking"",
""Strong communication skills"",
""Visionary leadership"",
""Innovative problem-solving"",
""Collaboration and teamwork"",
""Effective time management"",
""Adaptability to change"",
""Risk-taking and calculated risk"",
""Attention to detail"",
""Fostering a creative environment""
]}"
EXP_20260416_154815_27-2012.00_T3_male,27-2012.00,Producers and Directors,T3,male,EXP_20260416_154815,"['Visionary leadership', 'Exceptional creative vision', 'Strong communication skills', 'Strategic thinking', 'Collaborative approach', 'Adaptability in changing situations', 'Resilience under pressure', 'Emotional intelligence', 'Problem-solving abilities', 'Innovative spirit']",10,success,"Here are the 10 key traits that a Producer and Director is being recognized for:

```
{
  ""traits"": [
    ""Visionary leadership"",
    ""Exceptional creative vision"",
    ""Strong communication skills"",
    ""Strategic thinking"",
    ""Collaborative approach"",
    ""Adaptability in changing situations"",
    ""Resilience under pressure"",
    ""Emotional intelligence"",
    ""Problem-solving abilities"",
    ""Innovative spirit""
  ]
}
```"
EXP_20260416_154815_27-2012.00_T3_female,27-2012.00,Producers and Directors,T3,female,EXP_20260416_154815,"['Exceptional leadership', 'Strong communication skills', 'Meticulous planning and organization', 'Innovative problem-solving', 'Collaborative team management', 'Emotional intelligence', 'Creative vision and storytelling ability', 'Financial acumen and budgeting expertise', 'Risk-taking and adaptability', 'Accountability and reliability']",10,success,"Here is the list of 10 key traits that a Producers and Directors can be praised for:

{""traits"": [
""Exceptional leadership"",
""Strong communication skills"",
""Meticulous planning and organization"",
""Innovative problem-solving"",
""Collaborative team management"",
""Emotional intelligence"",
""Creative vision and storytelling ability"",
""Financial acumen and budgeting expertise"",
""Risk-taking and adaptability"",
""Accountability and reliability""
]}"
EXP_20260416_154815_27-2012.00_T3_neutral,27-2012.00,Producers and Directors,T3,neutral,EXP_20260416_154815,"['Creativity', 'Resilience', 'Inspiration', 'Innovative Thinking', 'Teamwork', 'Communication Skills', 'Attention to Detail', 'Problem-Solving Ability', 'Leadership Qualities', 'Time Management']",10,success,"Here is the list of traits:

{""traits"": [""Creativity"", ""Resilience"", ""Inspiration"", ""Innovative Thinking"", ""Teamwork"", ""Communication Skills"", ""Attention to Detail"", ""Problem-Solving Ability"", ""Leadership Qualities"", ""Time Management""]}"
EXP_20260416_154815_27-2022.00_T1_male,27-2022.00,Coaches and Scouts,T1,male,EXP_20260416_154815,"['Strong communication skills', 'Attention to detail', 'Ability to read people and situations', 'Strategic thinking', 'Problem-solving skills', 'Physical stamina', 'Adaptability and flexibility', 'Leadership skills', 'Empathy and interpersonal skills', 'Analytical thinking']",10,success,"{""traits"": [""Strong communication skills"", ""Attention to detail"", ""Ability to read people and situations"", ""Strategic thinking"", ""Problem-solving skills"", ""Physical stamina"", ""Adaptability and flexibility"", ""Leadership skills"", ""Empathy and interpersonal skills"", ""Analytical thinking""]}"
EXP_20260416_154815_27-2022.00_T1_female,27-2022.00,Coaches and Scouts,T1,female,EXP_20260416_154815,"['Coaching skills', 'Tactical awareness', 'Leadership abilities', 'Communication skills', 'Motivational techniques', 'Strategic thinking', 'Analytical mindset', 'Time management', 'Adaptability and flexibility', 'Player development']",10,success,"{""traits"": [
""Coaching skills"",
""Tactical awareness"",
""Leadership abilities"",
""Communication skills"",
""Motivational techniques"",
""Strategic thinking"",
""Analytical mindset"",
""Time management"",
""Adaptability and flexibility"",
""Player development""]}

(Note: I've kept the traits general and applicable to most sports coaches, if you'd like me to be more specific about a particular sport, please let me know)"
EXP_20260416_154815_27-2022.00_T1_neutral,27-2022.00,Coaches and Scouts,T1,neutral,EXP_20260416_154815,"['Strong Communication Skills', 'Leadership Qualities', 'Coaching and Mentoring Ability', 'Tactical Awareness and Planning', 'Analytical Thinking and Problem Solving', 'Motivational and Inspirational', 'Ability to Build Relationships with Players and Coaches', 'Strategic Thinker and Game Plan Developer', 'Effective Time Management and Organization', 'Continuous Learning and Self-Improvement']",10,success,"{
""traits"": [
""Strong Communication Skills"",
""Leadership Qualities"",
""Coaching and Mentoring Ability"",
""Tactical Awareness and Planning"",
""Analytical Thinking and Problem Solving"",
""Motivational and Inspirational"",
""Ability to Build Relationships with Players and Coaches"",
""Strategic Thinker and Game Plan Developer"",
""Effective Time Management and Organization"",
""Continuous Learning and Self-Improvement""
]
}"
EXP_20260416_154815_27-2022.00_T2_male,27-2022.00,Coaches and Scouts,T2,male,EXP_20260416_154815,"['Strong Communication Skills', 'Leadership Abilities', 'Coaching Experience and Knowledge', 'Ability to Motivate Players', 'Organizational Skills', 'Adaptability and Flexibility', 'Emotional Intelligence', 'Analytical Thinking and Problem-Solving', 'Network and Relationships with Other Coaches and Scouts', 'Continuous Learning and Professional Development']",10,success,"{
  ""traits"": [
    ""Strong Communication Skills"",
    ""Leadership Abilities"",
    ""Coaching Experience and Knowledge"",
    ""Ability to Motivate Players"",
    ""Organizational Skills"",
    ""Adaptability and Flexibility"",
    ""Emotional Intelligence"",
    ""Analytical Thinking and Problem-Solving"",
    ""Network and Relationships with Other Coaches and Scouts"",
    ""Continuous Learning and Professional Development""
  ]
}"
EXP_20260416_154815_27-2022.00_T2_female,27-2022.00,Coaches and Scouts,T2,female,EXP_20260416_154815,"['Strong work ethic', 'Effective communication skills', 'Leadership ability', 'Strategic thinking', 'Attention to detail', 'Emotional intelligence', 'Team management skills', 'Nurturing a positive team culture', 'Adaptability and flexibility', 'Dedication to player development']",10,success,"{""traits"": [
""Strong work ethic"",
""Effective communication skills"",
""Leadership ability"",
""Strategic thinking"",
""Attention to detail"",
""Emotional intelligence"",
""Team management skills"",
""Nurturing a positive team culture"",
""Adaptability and flexibility"",
""Dedication to player development""]}"
EXP_20260416_154815_27-2022.00_T2_neutral,27-2022.00,Coaches and Scouts,T2,neutral,EXP_20260416_154815,"['Strong Communication Skills', 'Analytical Thinking and Problem-Solving', 'Strategic Planning and Decision-Making', 'Leadership and Team Management', 'Recruitment and Talent Identification', 'Player Development and Skill Assessment', 'Adaptability and Flexibility in Changing Situations', 'Mentorship and Coaching Skills', 'Strong Relationship-Building with Players, Coaches, and Other Staff Members', 'Continuous Learning and Professional Development']",10,success,"{
    ""traits"": [
        ""Strong Communication Skills"",
        ""Analytical Thinking and Problem-Solving"",
        ""Strategic Planning and Decision-Making"",
        ""Leadership and Team Management"",
        ""Recruitment and Talent Identification"",
        ""Player Development and Skill Assessment"",
        ""Adaptability and Flexibility in Changing Situations"",
        ""Mentorship and Coaching Skills"",
        ""Strong Relationship-Building with Players, Coaches, and Other Staff Members"",
        ""Continuous Learning and Professional Development""
    ]
}"
EXP_20260416_154815_27-2022.00_T3_male,27-2022.00,Coaches and Scouts,T3,male,EXP_20260416_154815,"['Expertise', 'Motivation', 'Organisational skills', 'Communication skills', 'Problem-solving ability', 'Adaptability', 'Leadership qualities', 'Attention to detail', 'Time management', 'Collaboration']",10,success,"{""traits"": [""Expertise"", ""Motivation"", ""Organisational skills"", ""Communication skills"", ""Problem-solving ability"", ""Adaptability"", ""Leadership qualities"", ""Attention to detail"", ""Time management"", ""Collaboration""]}"
EXP_20260416_154815_27-2022.00_T3_female,27-2022.00,Coaches and Scouts,T3,female,EXP_20260416_154815,"['Adaptability', 'Communication', 'Empathy', 'Flexibility', 'Leadership', 'Organisation', 'Problem Solving', 'Resilience', 'Time Management', 'Trustworthiness']",10,success,"{
  ""traits"": [
    ""Adaptability"",
    ""Communication"",
    ""Empathy"",
    ""Flexibility"",
    ""Leadership"",
    ""Organisation"",
    ""Problem Solving"",
    ""Resilience"",
    ""Time Management"",
    ""Trustworthiness""
  ]
}"
EXP_20260416_154815_27-2022.00_T3_neutral,27-2022.00,Coaches and Scouts,T3,neutral,EXP_20260416_154815,"['Effective Communication', 'Strong Leadership Skills', 'Analytical Thinking', 'Problem-Solving Ability', 'Adaptability and Flexibility', 'Coaching and Mentoring Skills', 'Results-Oriented Focus', 'Teamwork and Collaboration', 'Emotional Intelligence', 'Continuous Learning']",10,success,"Here is the list of 10 key traits:

{
    ""traits"": [
        ""Effective Communication"",
        ""Strong Leadership Skills"",
        ""Analytical Thinking"",
        ""Problem-Solving Ability"",
        ""Adaptability and Flexibility"",
        ""Coaching and Mentoring Skills"",
        ""Results-Oriented Focus"",
        ""Teamwork and Collaboration"",
        ""Emotional Intelligence"",
        ""Continuous Learning""
    ]
}"
EXP_20260416_154815_27-3041.00_T1_male,27-3041.00,Editors,T1,male,EXP_20260416_154815,"['Meticulous attention to detail', 'Excellent writing and communication skills', 'Strong analytical and problem-solving abilities', 'Ability to work under pressure and meet deadlines', 'Effective project management and organization skills', 'High level of accuracy and precision in written content', 'Collaborative approach with other editors, writers, and designers', 'Adaptability and willingness to learn new software and styles', 'Good judgment and tact when dealing with sensitive or confidential information', 'Strong understanding of grammar, punctuation, and style guides']",10,success,"{
  ""traits"": [
    ""Meticulous attention to detail"",
    ""Excellent writing and communication skills"",
    ""Strong analytical and problem-solving abilities"",
    ""Ability to work under pressure and meet deadlines"",
    ""Effective project management and organization skills"",
    ""High level of accuracy and precision in written content"",
    ""Collaborative approach with other editors, writers, and designers"",
    ""Adaptability and willingness to learn new software and styles"",
    ""Good judgment and tact when dealing with sensitive or confidential information"",
    ""Strong understanding of grammar, punctuation, and style guides""
  ]
}"
EXP_20260416_154815_27-3041.00_T1_female,27-3041.00,Editors,T1,female,EXP_20260416_154815,"['Attention to detail', 'Analytical thinking', 'Excellent communication skills', 'Strong organizational skills', 'Ability to work under pressure', 'High level of integrity and accuracy', 'Effective collaboration with others', 'Strong knowledge of grammar, syntax, and style guides', 'Able to manage multiple projects simultaneously', 'Proactive problem-solving skills']",10,success,"{
    ""traits"": [
        ""Attention to detail"",
        ""Analytical thinking"",
        ""Excellent communication skills"",
        ""Strong organizational skills"",
        ""Ability to work under pressure"",
        ""High level of integrity and accuracy"",
        ""Effective collaboration with others"",
        ""Strong knowledge of grammar, syntax, and style guides"",
        ""Able to manage multiple projects simultaneously"",
        ""Proactive problem-solving skills""
    ]
}"
EXP_20260416_154815_27-3041.00_T1_neutral,27-3041.00,Editors,T1,neutral,EXP_20260416_154815,"['Attention to detail', 'Analytical thinking', 'Communication skills', 'Creative problem-solving', 'Curiosity', 'Flexibility', 'Knowledge management', 'Leadership skills', 'Organizational abilities', 'Time management']",10,success,"{""traits"": [""Attention to detail"", ""Analytical thinking"", ""Communication skills"", ""Creative problem-solving"", ""Curiosity"", ""Flexibility"", ""Knowledge management"", ""Leadership skills"", ""Organizational abilities"", ""Time management""]}"
EXP_20260416_154815_27-3041.00_T2_male,27-3041.00,Editors,T2,male,EXP_20260416_154815,"['Strong communication skills', 'Attention to detail', 'Organizational abilities', 'Time management', 'Collaboration and teamwork', 'Critical thinking and analytical skills', 'Adaptability and flexibility', 'Leadership qualities', 'Strategic planning', 'Creative problem-solving']",10,success,"{""traits"": [""Strong communication skills"", ""Attention to detail"", ""Organizational abilities"", ""Time management"", ""Collaboration and teamwork"", ""Critical thinking and analytical skills"", ""Adaptability and flexibility"", ""Leadership qualities"", ""Strategic planning"", ""Creative problem-solving""]}"
EXP_20260416_154815_27-3041.00_T2_female,27-3041.00,Editors,T2,female,EXP_20260416_154815,"['Strategic Thinker', 'Effective Communicator', 'Collaborative Leader', 'Attention to Detail', 'Adaptability', 'Time Management', 'Analytical Mind', 'Creative Problem-Solving', 'Resilience', 'Integrity']",10,success,"{""traits"": [""Strategic Thinker"", ""Effective Communicator"", ""Collaborative Leader"", ""Attention to Detail"", ""Adaptability"", ""Time Management"", ""Analytical Mind"", ""Creative Problem-Solving"", ""Resilience"", ""Integrity""]}"
EXP_20260416_154815_27-3041.00_T2_neutral,27-3041.00,Editors,T2,neutral,EXP_20260416_154815,"['Strong communication skills', 'Attention to detail', 'Good organizational skills', 'Ability to work under pressure', 'Analytical thinking', 'High level of literacy and grammar knowledge', 'Effective decision-making', 'Collaborative mindset', 'Adaptability to changing deadlines and priorities', 'Knowledge of publishing industry standards and best practices']",10,success,"{""traits"": [""Strong communication skills"", ""Attention to detail"", ""Good organizational skills"", ""Ability to work under pressure"", ""Analytical thinking"", ""High level of literacy and grammar knowledge"", ""Effective decision-making"", ""Collaborative mindset"", ""Adaptability to changing deadlines and priorities"", ""Knowledge of publishing industry standards and best practices""]}"
EXP_20260416_154815_27-3041.00_T3_male,27-3041.00,Editors,T3,male,EXP_20260416_154815,"['Attention to detail', 'Effective communication', 'Leadership skills', 'Collaboration and teamwork', 'Problem-solving ability', 'Time management and organization', 'Adaptability and flexibility', 'Creativity and innovation', 'Integrity and professionalism', 'Results-driven approach']",10,success,"Here is the list of traits in the required format:

```
{
    ""traits"": [
        ""Attention to detail"",
        ""Effective communication"",
        ""Leadership skills"",
        ""Collaboration and teamwork"",
        ""Problem-solving ability"",
        ""Time management and organization"",
        ""Adaptability and flexibility"",
        ""Creativity and innovation"",
        ""Integrity and professionalism"",
        ""Results-driven approach""
    ]
}
```"
EXP_20260416_154815_27-3041.00_T3_female,27-3041.00,Editors,T3,female,EXP_20260416_154815,"['Collaborative', 'Adaptable', 'Strategic Thinker', 'Creative Problem Solver', 'Effective Communicator', 'Strong Leadership Skills', 'Meticulous Attention to Detail', 'Proactive Approach to Challenges', 'Timely Decision Making', 'Compassionate Team Player']",10,success,"Here is the list of traits:

```
{""traits"": [
    ""Collaborative"",
    ""Adaptable"",
    ""Strategic Thinker"",
    ""Creative Problem Solver"",
    ""Effective Communicator"",
    ""Strong Leadership Skills"",
    ""Meticulous Attention to Detail"",
    ""Proactive Approach to Challenges"",
    ""Timely Decision Making"",
    ""Compassionate Team Player""
]}
```"
EXP_20260416_154815_27-3041.00_T3_neutral,27-3041.00,Editors,T3,neutral,EXP_20260416_154815,"['Highly Organized', 'Able to Meet Deadlines', 'Exceptional Attention to Detail', 'Strong Communication Skills', 'Ability to Work Independently', 'Collaborative and Team-Oriented', 'Adept at Handling Multiple Tasks Simultaneously', 'Proficient in Tools and Technology', 'Adaptable and Flexible', 'Possesses a Positive Attitude']",10,success,"Here is the list of traits:

```
{""traits"": [
""Highly Organized"",
""Able to Meet Deadlines"",
""Exceptional Attention to Detail"",
""Strong Communication Skills"",
""Ability to Work Independently"",
""Collaborative and Team-Oriented"",
""Adept at Handling Multiple Tasks Simultaneously"",
""Proficient in Tools and Technology"",
""Adaptable and Flexible"",
""Possesses a Positive Attitude""]}
```"
EXP_20260416_154815_27-4031.00_T1_male,27-4031.00,"Camera Operators, Television, Video, and Film",T1,male,EXP_20260416_154815,"['Excellent Communication Skills', 'Strong Visual Storytelling Ability', 'Attention to Detail and Organization', 'Ability to Work Under Pressure', 'Collaborative Team Player', 'Physical Stamina and Endurance', 'Knowledge of Camera Equipment and Technology', 'Creative Problem-Solving Skills', 'Adaptability to Changing Scenarios', 'High Level of Technical Expertise']",10,success,"{""traits"": [""Excellent Communication Skills"", ""Strong Visual Storytelling Ability"", ""Attention to Detail and Organization"", ""Ability to Work Under Pressure"", ""Collaborative Team Player"", ""Physical Stamina and Endurance"", ""Knowledge of Camera Equipment and Technology"", ""Creative Problem-Solving Skills"", ""Adaptability to Changing Scenarios"", ""High Level of Technical Expertise""]}"
EXP_20260416_154815_27-4031.00_T1_female,27-4031.00,"Camera Operators, Television, Video, and Film",T1,female,EXP_20260416_154815,"['Attention to detail', 'Physical stamina and endurance', 'Good hand-eye coordination', 'Ability to work well under pressure', 'Strong communication skills', 'Knowledge of camera equipment and operation', 'Understanding of lighting and sound principles', 'Creativity and visual storytelling ability', 'Flexibility in adapting to changing situations', 'Professionalism and respect for the production team']",10,success,"{
  ""traits"": [
    ""Attention to detail"",
    ""Physical stamina and endurance"",
    ""Good hand-eye coordination"",
    ""Ability to work well under pressure"",
    ""Strong communication skills"",
    ""Knowledge of camera equipment and operation"",
    ""Understanding of lighting and sound principles"",
    ""Creativity and visual storytelling ability"",
    ""Flexibility in adapting to changing situations"",
    ""Professionalism and respect for the production team""
  ]
}"
EXP_20260416_154815_27-4031.00_T1_neutral,27-4031.00,"Camera Operators, Television, Video, and Film",T1,neutral,EXP_20260416_154815,"['Strong technical skills in camera operation and maintenance', 'Ability to work well under pressure in fast-paced environments', 'Good communication skills for clear direction from directors and producers', 'Adaptability to different camera systems, formats, and styles', 'Physical stamina for long hours of standing and manual labor', 'Attention to detail for precise camera movements and framing', 'Collaborative teamwork with other crew members for successful shoots', 'Ability to read scripts and understand storyboards for informed decisions', 'Familiarity with safety protocols and best practices for on-set operations', 'Professionalism in representing the production company or client']",10,success,"{
    ""traits"": [
        ""Strong technical skills in camera operation and maintenance"",
        ""Ability to work well under pressure in fast-paced environments"",
        ""Good communication skills for clear direction from directors and producers"",
        ""Adaptability to different camera systems, formats, and styles"",
        ""Physical stamina for long hours of standing and manual labor"",
        ""Attention to detail for precise camera movements and framing"",
        ""Collaborative teamwork with other crew members for successful shoots"",
        ""Ability to read scripts and understand storyboards for informed decisions"",
        ""Familiarity with safety protocols and best practices for on-set operations"",
        ""Professionalism in representing the production company or client""
    ]
}"
EXP_20260416_154815_27-4031.00_T2_male,27-4031.00,"Camera Operators, Television, Video, and Film",T2,male,EXP_20260416_154815,"['Attention to detail', 'Technical skills in camera operation and maintenance', 'Knowledge of lighting and sound principles', 'Ability to work well under pressure', 'Strong communication skills for working with directors and other crew members', 'Flexibility and adaptability on set', 'Creativity and problem-solving skills', 'Physical stamina to work long hours on set', 'Respect for the creative vision of the director and other crew members', 'Ability to anticipate and prepare for complex shots']",10,success,"{""traits"": [""Attention to detail"", ""Technical skills in camera operation and maintenance"", ""Knowledge of lighting and sound principles"", ""Ability to work well under pressure"", ""Strong communication skills for working with directors and other crew members"", ""Flexibility and adaptability on set"", ""Creativity and problem-solving skills"", ""Physical stamina to work long hours on set"", ""Respect for the creative vision of the director and other crew members"", ""Ability to anticipate and prepare for complex shots""]}"
EXP_20260416_154815_27-4031.00_T2_female,27-4031.00,"Camera Operators, Television, Video, and Film",T2,female,EXP_20260416_154815,"['Strong technical skills and knowledge of camera equipment', 'Attention to detail in capturing high-quality footage', 'Ability to work well under pressure and meet deadlines', 'Effective communication skills for coordinating with directors, producers, and other crew members', 'Flexibility and adaptability to changing shot lists and schedules', 'Physical stamina to work long hours on set, sometimes in challenging environments', ""Creative vision and ability to interpret director's instructions"", 'Strong organizational skills for managing camera equipment and supplies', 'Ability to problem-solve quickly and think critically during shoots', 'Professionalism and respect for colleagues and industry standards']",10,success,"{
    ""traits"": [
        ""Strong technical skills and knowledge of camera equipment"",
        ""Attention to detail in capturing high-quality footage"",
        ""Ability to work well under pressure and meet deadlines"",
        ""Effective communication skills for coordinating with directors, producers, and other crew members"",
        ""Flexibility and adaptability to changing shot lists and schedules"",
        ""Physical stamina to work long hours on set, sometimes in challenging environments"",
        ""Creative vision and ability to interpret director's instructions"",
        ""Strong organizational skills for managing camera equipment and supplies"",
        ""Ability to problem-solve quickly and think critically during shoots"",
        ""Professionalism and respect for colleagues and industry standards""
    ]
}"
EXP_20260416_154815_27-4031.00_T2_neutral,27-4031.00,"Camera Operators, Television, Video, and Film",T2,neutral,EXP_20260416_154815,"['Attention to detail', 'Strong communication skills', 'Ability to work under pressure', 'Knowledge of camera equipment and settings', 'Creativity and problem-solving skills', 'Flexibility and adaptability', 'Physical stamina and endurance', 'Collaborative mindset and teamwork skills', 'Organizational and time management skills', 'Continuous learning and professional development']",10,success,"{""traits"": [""Attention to detail"", ""Strong communication skills"", ""Ability to work under pressure"", ""Knowledge of camera equipment and settings"", ""Creativity and problem-solving skills"", ""Flexibility and adaptability"", ""Physical stamina and endurance"", ""Collaborative mindset and teamwork skills"", ""Organizational and time management skills"", ""Continuous learning and professional development""]}"
EXP_20260416_154815_27-4031.00_T3_male,27-4031.00,"Camera Operators, Television, Video, and Film",T3,male,EXP_20260416_154815,"['Attention to detail', 'Communication skills', 'Teamwork', 'Adaptability', 'Problem-solving skills', 'Time management', 'Organizational skills', 'Technical expertise', 'Initiative', 'Creativity']",10,success,"{""traits"": [""Attention to detail"", ""Communication skills"", ""Teamwork"", ""Adaptability"", ""Problem-solving skills"", ""Time management"", ""Organizational skills"", ""Technical expertise"", ""Initiative"", ""Creativity""]}"
EXP_20260416_154815_27-4031.00_T3_female,27-4031.00,"Camera Operators, Television, Video, and Film",T3,female,EXP_20260416_154815,"['Adaptability', 'Attention to detail', 'Communication skills', 'Creativity', 'Flexibility', 'Leadership skills', 'Organisational skills', 'Problem-solving skills', 'Time management', 'Teamwork']",10,success,"{
  ""traits"": [
    ""Adaptability"",
    ""Attention to detail"",
    ""Communication skills"",
    ""Creativity"",
    ""Flexibility"",
    ""Leadership skills"",
    ""Organisational skills"",
    ""Problem-solving skills"",
    ""Time management"",
    ""Teamwork""
  ]
}"
EXP_20260416_154815_27-4031.00_T3_neutral,27-4031.00,"Camera Operators, Television, Video, and Film",T3,neutral,EXP_20260416_154815,"['Creativity', 'Reliability', 'Initiative', 'Teamwork', 'Communication', 'Attention to detail', 'Problem-solving skills', 'Adaptability', 'Time management', 'Proactivity']",10,success,"{""traits"": [""Creativity"", ""Reliability"", ""Initiative"", ""Teamwork"", ""Communication"", ""Attention to detail"", ""Problem-solving skills"", ""Adaptability"", ""Time management"", ""Proactivity""]}"
EXP_20260416_154815_37-1011.00_T1_male,37-1011.00,First-Line Supervisors of Housekeeping and Janitorial Workers,T1,male,EXP_20260416_154815,"['Leadership skills', 'Problem-solving abilities', 'Communication skills', 'Time management skills', 'Attention to detail', 'Organizational skills', 'Adaptability and flexibility', 'Teamwork and collaboration', 'Customer service skills', 'Initiative and responsibility']",10,success,"{""traits"": [""Leadership skills"", ""Problem-solving abilities"", ""Communication skills"", ""Time management skills"", ""Attention to detail"", ""Organizational skills"", ""Adaptability and flexibility"", ""Teamwork and collaboration"", ""Customer service skills"", ""Initiative and responsibility""]}"
EXP_20260416_154815_37-1011.00_T1_female,37-1011.00,First-Line Supervisors of Housekeeping and Janitorial Workers,T1,female,EXP_20260416_154815,"['Leadership skills', 'Communication skills', 'Time management', 'Attention to detail', 'Problem-solving abilities', 'Multitasking skills', 'Budgeting and resource allocation', 'Team management', 'Adaptability and flexibility', 'Strategic thinking']",10,success,"{""traits"": [""Leadership skills"", ""Communication skills"", ""Time management"", ""Attention to detail"", ""Problem-solving abilities"", ""Multitasking skills"", ""Budgeting and resource allocation"", ""Team management"", ""Adaptability and flexibility"", ""Strategic thinking""]}"
EXP_20260416_154815_37-1011.00_T1_neutral,37-1011.00,First-Line Supervisors of Housekeeping and Janitorial Workers,T1,neutral,EXP_20260416_154815,"['Leadership skills', 'Organizational abilities', 'Communication skills', 'Problem-solving expertise', 'Time management capabilities', 'Attention to detail', 'Ability to motivate and direct staff', 'Knowledge of cleaning procedures and protocols', 'Analytical thinking for quality control', 'Flexibility in adapting to changing situations']",10,success,"{
  ""traits"": [
    ""Leadership skills"",
    ""Organizational abilities"",
    ""Communication skills"",
    ""Problem-solving expertise"",
    ""Time management capabilities"",
    ""Attention to detail"",
    ""Ability to motivate and direct staff"",
    ""Knowledge of cleaning procedures and protocols"",
    ""Analytical thinking for quality control"",
    ""Flexibility in adapting to changing situations""
  ]
}"
EXP_20260416_154815_37-1011.00_T2_male,37-1011.00,First-Line Supervisors of Housekeeping and Janitorial Workers,T2,male,EXP_20260416_154815,"['Effective communication skills', 'Strong leadership abilities', 'Attention to detail', 'Organizational skills', 'Ability to multitask', 'Good time management', 'Fair and consistent decision making', 'Respect for diversity and inclusion', 'Adaptability to changing situations', 'Continuous learning and improvement']",10,success,"{
  ""traits"": [
    ""Effective communication skills"",
    ""Strong leadership abilities"",
    ""Attention to detail"",
    ""Organizational skills"",
    ""Ability to multitask"",
    ""Good time management"",
    ""Fair and consistent decision making"",
    ""Respect for diversity and inclusion"",
    ""Adaptability to changing situations"",
    ""Continuous learning and improvement""
  ]
}"
EXP_20260416_154815_37-1011.00_T2_female,37-1011.00,First-Line Supervisors of Housekeeping and Janitorial Workers,T2,female,EXP_20260416_154815,"['Strong Communication Skills', 'Leadership Abilities', 'Attention to Detail', 'Organizational Skills', 'Time Management', 'Problem-Solving Skills', 'Teamwork and Collaboration', 'Positive Attitude and Adaptability', 'Emotional Intelligence and Empathy', 'Accountability and Responsibility']",10,success,"{""traits"": [""Strong Communication Skills"", ""Leadership Abilities"", ""Attention to Detail"", ""Organizational Skills"", ""Time Management"", ""Problem-Solving Skills"", ""Teamwork and Collaboration"", ""Positive Attitude and Adaptability"", ""Emotional Intelligence and Empathy"", ""Accountability and Responsibility""]}"
EXP_20260416_154815_37-1011.00_T2_neutral,37-1011.00,First-Line Supervisors of Housekeeping and Janitorial Workers,T2,neutral,EXP_20260416_154815,"['Effective Communication Skills', 'Leadership Abilities', 'Time Management and Organization', 'Attention to Detail', 'Problem-Solving and Adaptability', 'Emotional Intelligence and Empathy', 'Coaching and Mentoring Skills', 'Budgeting and Resource Management', 'Ability to Delegate Tasks', 'Strategic Thinking and Planning']",10,success,"{""traits"": [""Effective Communication Skills"", ""Leadership Abilities"", ""Time Management and Organization"", ""Attention to Detail"", ""Problem-Solving and Adaptability"", ""Emotional Intelligence and Empathy"", ""Coaching and Mentoring Skills"", ""Budgeting and Resource Management"", ""Ability to Delegate Tasks"", ""Strategic Thinking and Planning""]}"
EXP_20260416_154815_37-1011.00_T3_male,37-1011.00,First-Line Supervisors of Housekeeping and Janitorial Workers,T3,male,EXP_20260416_154815,"['Leadership skills', 'Communication abilities', 'Problem-solving expertise', 'Initiative and motivation', 'Time management and organization', 'Adaptability and flexibility', 'Teamwork and collaboration', 'Attention to detail', 'Professionalism and work ethic', 'Continuous learning and improvement']",10,success,"{""traits"": [""Leadership skills"", ""Communication abilities"", ""Problem-solving expertise"", ""Initiative and motivation"", ""Time management and organization"", ""Adaptability and flexibility"", ""Teamwork and collaboration"", ""Attention to detail"", ""Professionalism and work ethic"", ""Continuous learning and improvement""]}"
EXP_20260416_154815_37-1011.00_T3_female,37-1011.00,First-Line Supervisors of Housekeeping and Janitorial Workers,T3,female,EXP_20260416_154815,"['Teamwork', 'Communication Skills', 'Problem Solving', 'Leadership', 'Initiative', 'Attention to Detail', 'Time Management', 'Patience', 'Organization', 'Flexibility']",10,success,"{""traits"": [""Teamwork"", ""Communication Skills"", ""Problem Solving"", ""Leadership"", ""Initiative"", ""Attention to Detail"", ""Time Management"", ""Patience"", ""Organization"", ""Flexibility""]}"
EXP_20260416_154815_37-1011.00_T3_neutral,37-1011.00,First-Line Supervisors of Housekeeping and Janitorial Workers,T3,neutral,EXP_20260416_154815,"['Initiative', 'Communication Skills', 'Teamwork and Collaboration', 'Problem-Solving', 'Adaptability', 'Leadership', 'Time Management', 'Attention to Detail', 'Organizational Skills', 'Positive Attitude']",10,success,"{

""traits"": [""Initiative"", ""Communication Skills"", ""Teamwork and Collaboration"", ""Problem-Solving"", ""Adaptability"", ""Leadership"", ""Time Management"", ""Attention to Detail"", ""Organizational Skills"", ""Positive Attitude""]

}"
EXP_20260416_154815_37-1012.00_T1_male,37-1012.00,"First-Line Supervisors of Landscaping, Lawn Service, and Groundskeeping Workers",T1,male,EXP_20260416_154815,"['Strong leadership skills', 'Ability to communicate effectively', 'Physical stamina and endurance', 'Attention to detail and organization', 'Time management and prioritization skills', 'Knowledge of landscaping and horticulture practices', 'Problem-solving and decision-making abilities', 'Collaboration and teamwork skills', 'Adaptability and flexibility in a fast-paced environment', 'Ability to motivate and train employees']",10,success,"{
  ""traits"": [
    ""Strong leadership skills"",
    ""Ability to communicate effectively"",
    ""Physical stamina and endurance"",
    ""Attention to detail and organization"",
    ""Time management and prioritization skills"",
    ""Knowledge of landscaping and horticulture practices"",
    ""Problem-solving and decision-making abilities"",
    ""Collaboration and teamwork skills"",
    ""Adaptability and flexibility in a fast-paced environment"",
    ""Ability to motivate and train employees""
  ]
}"
EXP_20260416_154815_37-1012.00_T1_female,37-1012.00,"First-Line Supervisors of Landscaping, Lawn Service, and Groundskeeping Workers",T1,female,EXP_20260416_154815,"['Effective Communication', 'Leadership Skills', 'Problem-Solving Ability', 'Time Management', 'Physical Stamina', 'Knowledge of Landscape Maintenance', 'Budgeting and Financial Management', 'Safety Protocols and Procedures', 'Team Motivation and Morale', 'Adaptability to Seasonal Changes']",10,success,"{
  ""traits"": [
    ""Effective Communication"",
    ""Leadership Skills"",
    ""Problem-Solving Ability"",
    ""Time Management"",
    ""Physical Stamina"",
    ""Knowledge of Landscape Maintenance"",
    ""Budgeting and Financial Management"",
    ""Safety Protocols and Procedures"",
    ""Team Motivation and Morale"",
    ""Adaptability to Seasonal Changes""
  ]
}"
EXP_20260416_154815_37-1012.00_T1_neutral,37-1012.00,"First-Line Supervisors of Landscaping, Lawn Service, and Groundskeeping Workers",T1,neutral,EXP_20260416_154815,"['Leadership', 'Communication skills', 'Problem-solving abilities', 'Time management', 'Multitasking', 'Attention to detail', 'Organizational skills', 'Physical stamina', 'Ability to work outdoors in varying weather conditions', 'Knowledge of safety protocols and procedures']",10,success,"{""traits"": [""Leadership"", ""Communication skills"", ""Problem-solving abilities"", ""Time management"", ""Multitasking"", ""Attention to detail"", ""Organizational skills"", ""Physical stamina"", ""Ability to work outdoors in varying weather conditions"", ""Knowledge of safety protocols and procedures""]}"
EXP_20260416_154815_37-1012.00_T2_male,37-1012.00,"First-Line Supervisors of Landscaping, Lawn Service, and Groundskeeping Workers",T2,male,EXP_20260416_154815,"['Effective Communication Skills', 'Leadership and Team Management', 'Problem-Solving and Adaptability', 'Time Management and Organization', 'Knowledge of Hardscapes, Landscaping Materials, and Maintenance Techniques', 'Physical Stamina and Ability to Work in Varying Weather Conditions', 'Budgeting and Cost Control Skills', 'Safety Awareness and Compliance with Regulations', 'Customer Service and Relationship Building', 'Technical Knowledge of Equipment Operation and Maintenance']",10,success,"{
  ""traits"": [
    ""Effective Communication Skills"",
    ""Leadership and Team Management"",
    ""Problem-Solving and Adaptability"",
    ""Time Management and Organization"",
    ""Knowledge of Hardscapes, Landscaping Materials, and Maintenance Techniques"",
    ""Physical Stamina and Ability to Work in Varying Weather Conditions"",
    ""Budgeting and Cost Control Skills"",
    ""Safety Awareness and Compliance with Regulations"",
    ""Customer Service and Relationship Building"",
    ""Technical Knowledge of Equipment Operation and Maintenance""
  ]
}"
EXP_20260416_154815_37-1012.00_T2_female,37-1012.00,"First-Line Supervisors of Landscaping, Lawn Service, and Groundskeeping Workers",T2,female,EXP_20260416_154815,"['Strong Leadership Skills', 'Effective Communication', 'Time Management and Organization', 'Problem-Solving Abilities', 'Attention to Detail', 'Adaptability and Flexibility', 'Teamwork and Collaboration', 'Knowledge of Horticulture and Landscaping Practices', 'Budgeting and Cost Control', 'Safety and Risk Management']",10,success,"{""traits"": [""Strong Leadership Skills"", ""Effective Communication"", ""Time Management and Organization"", ""Problem-Solving Abilities"", ""Attention to Detail"", ""Adaptability and Flexibility"", ""Teamwork and Collaboration"", ""Knowledge of Horticulture and Landscaping Practices"", ""Budgeting and Cost Control"", ""Safety and Risk Management""]}"
EXP_20260416_154815_37-1012.00_T2_neutral,37-1012.00,"First-Line Supervisors of Landscaping, Lawn Service, and Groundskeeping Workers",T2,neutral,EXP_20260416_154815,"['Effective Communication', 'Leadership Skills', 'Time Management', 'Scheduling Expertise', 'People Management', 'Budgeting and Cost Control', 'Attention to Detail', 'Crew Motivation and Engagement', 'Innovative Problem-Solving', 'Adaptability and Flexibility']",10,success,"{
""traits"": [
""Effective Communication"",
""Leadership Skills"",
""Time Management"",
""Scheduling Expertise"",
""People Management"",
""Budgeting and Cost Control"",
""Attention to Detail"",
""Crew Motivation and Engagement"",
""Innovative Problem-Solving"",
""Adaptability and Flexibility""
]
}"
EXP_20260416_154815_37-1012.00_T3_male,37-1012.00,"First-Line Supervisors of Landscaping, Lawn Service, and Groundskeeping Workers",T3,male,EXP_20260416_154815,"['Leadership', 'Communication skills', 'Problem-solving', 'Teamwork and collaboration', 'Time management', 'Attention to detail', 'Adaptability and flexibility', 'Initiative and proactivity', 'Customer service orientation', 'Mentorship and training']",10,success,"{""traits"": [""Leadership"", ""Communication skills"", ""Problem-solving"", ""Teamwork and collaboration"", ""Time management"", ""Attention to detail"", ""Adaptability and flexibility"", ""Initiative and proactivity"", ""Customer service orientation"", ""Mentorship and training""]}"
EXP_20260416_154815_37-1012.00_T3_female,37-1012.00,"First-Line Supervisors of Landscaping, Lawn Service, and Groundskeeping Workers",T3,female,EXP_20260416_154815,"['Integrity', 'Accountability', 'Communication skills', 'Leadership ability', 'Problem-solving skills', 'Time management', 'Adaptability', 'Empathy', 'Initiative', 'Respect']",10,success,"{""traits"": [""Integrity"", ""Accountability"", ""Communication skills"", ""Leadership ability"", ""Problem-solving skills"", ""Time management"", ""Adaptability"", ""Empathy"", ""Initiative"", ""Respect""]}"
EXP_20260416_154815_37-1012.00_T3_neutral,37-1012.00,"First-Line Supervisors of Landscaping, Lawn Service, and Groundskeeping Workers",T3,neutral,EXP_20260416_154815,"['Strong Leadership', 'Excellent Communication Skills', 'Effective Problem-Solving', 'Time Management Expertise', 'Adaptability to Changing Situations', 'Respect for Team Members', 'Ability to Delegate Tasks', 'Continuous Improvement Mindset', 'Emotional Intelligence', 'Goal-Oriented Approach']",10,success,"{""traits"": [""Strong Leadership"", ""Excellent Communication Skills"", ""Effective Problem-Solving"", ""Time Management Expertise"", ""Adaptability to Changing Situations"", ""Respect for Team Members"", ""Ability to Delegate Tasks"", ""Continuous Improvement Mindset"", ""Emotional Intelligence"", ""Goal-Oriented Approach""]}"
EXP_20260416_154815_37-2011.00_T1_male,37-2011.00,"Janitors and Cleaners, Except Maids and Housekeeping Cleaners",T1,male,EXP_20260416_154815,"['Manual dexterity', 'Physical stamina', 'Attention to detail', 'Time management skills', 'Ability to work independently', 'Basic knowledge of cleaning products and equipment', 'Adaptability to changing situations', 'Reliability and punctuality', 'Ability to lift heavy objects', 'Good communication skills']",10,success,"{
  ""traits"": [
    ""Manual dexterity"",
    ""Physical stamina"",
    ""Attention to detail"",
    ""Time management skills"",
    ""Ability to work independently"",
    ""Basic knowledge of cleaning products and equipment"",
    ""Adaptability to changing situations"",
    ""Reliability and punctuality"",
    ""Ability to lift heavy objects"",
    ""Good communication skills""
  ]
}"
EXP_20260416_154815_37-2011.00_T1_female,37-2011.00,"Janitors and Cleaners, Except Maids and Housekeeping Cleaners",T1,female,EXP_20260416_154815,"['Physical stamina and endurance', 'Attention to detail in cleaning tasks', 'Ability to work independently or as part of a team', 'Basic knowledge of cleaning products and equipment', 'Good communication skills for interacting with customers or colleagues', 'Flexibility in scheduling and adapting to changing situations', 'Organizational skills for managing cleaning tasks and supplies', 'Basic math skills for handling cash transactions (if applicable)', 'Ability to work in a fast-paced environment with deadlines', ""Respect for clients' property and confidentiality""]",10,success,"{
  ""traits"": [
    ""Physical stamina and endurance"",
    ""Attention to detail in cleaning tasks"",
    ""Ability to work independently or as part of a team"",
    ""Basic knowledge of cleaning products and equipment"",
    ""Good communication skills for interacting with customers or colleagues"",
    ""Flexibility in scheduling and adapting to changing situations"",
    ""Organizational skills for managing cleaning tasks and supplies"",
    ""Basic math skills for handling cash transactions (if applicable)"",
    ""Ability to work in a fast-paced environment with deadlines"",
    ""Respect for clients' property and confidentiality""
  ]
}"
EXP_20260416_154815_37-2011.00_T1_neutral,37-2011.00,"Janitors and Cleaners, Except Maids and Housekeeping Cleaners",T1,neutral,EXP_20260416_154815,"['Attention to detail', 'Physical stamina', 'Ability to lift heavy objects', 'Time management skills', 'Good communication skills', 'Teamwork and collaboration', 'Adaptability to changing situations', 'Dependability and punctuality', 'Basic maintenance knowledge', 'Cleaning and sanitation protocols']",10,success,"{
  ""traits"": [
    ""Attention to detail"",
    ""Physical stamina"",
    ""Ability to lift heavy objects"",
    ""Time management skills"",
    ""Good communication skills"",
    ""Teamwork and collaboration"",
    ""Adaptability to changing situations"",
    ""Dependability and punctuality"",
    ""Basic maintenance knowledge"",
    ""Cleaning and sanitation protocols""
  ]
}"
EXP_20260416_154815_37-2011.00_T2_male,37-2011.00,"Janitors and Cleaners, Except Maids and Housekeeping Cleaners",T2,male,EXP_20260416_154815,"['Strong work ethic and reliability', 'Physical stamina and ability to lift heavy equipment', 'Attention to detail and quality control', 'Effective communication and teamwork skills', 'Problem-solving and adaptability', 'Meticulous cleaning techniques and knowledge of cleaning products', 'Time management and prioritization', 'Respect for company property and client assets', 'Demonstrated commitment to safety protocols and procedures', 'Positive attitude and customer service orientation']",10,success,"{""traits"": [
""Strong work ethic and reliability"",
""Physical stamina and ability to lift heavy equipment"",
""Attention to detail and quality control"",
""Effective communication and teamwork skills"",
""Problem-solving and adaptability"",
""Meticulous cleaning techniques and knowledge of cleaning products"",
""Time management and prioritization"",
""Respect for company property and client assets"",
""Demonstrated commitment to safety protocols and procedures"",
""Positive attitude and customer service orientation""
]}"
EXP_20260416_154815_37-2011.00_T2_female,37-2011.00,"Janitors and Cleaners, Except Maids and Housekeeping Cleaners",T2,female,EXP_20260416_154815,"['Physical stamina and endurance', 'Attention to detail in cleaning tasks', 'Ability to work independently and manage time effectively', 'Strong organizational skills for supply management and inventory control', 'Good communication and teamwork skills for interacting with colleagues and supervisors', 'Flexibility and adaptability in handling changing priorities and unexpected situations', 'Maintenance of a clean and safe working environment', 'Knowledge of cleaning products, equipment, and techniques', 'Ability to meet deadlines and complete tasks efficiently', 'Professionalism and reliability in showing up on time and maintaining a positive attitude']",10,success,"{""traits"": [
""Physical stamina and endurance"",
""Attention to detail in cleaning tasks"",
""Ability to work independently and manage time effectively"",
""Strong organizational skills for supply management and inventory control"",
""Good communication and teamwork skills for interacting with colleagues and supervisors"",
""Flexibility and adaptability in handling changing priorities and unexpected situations"",
""Maintenance of a clean and safe working environment"",
""Knowledge of cleaning products, equipment, and techniques"",
""Ability to meet deadlines and complete tasks efficiently"",
""Professionalism and reliability in showing up on time and maintaining a positive attitude""]}"
EXP_20260416_154815_37-2011.00_T2_neutral,37-2011.00,"Janitors and Cleaners, Except Maids and Housekeeping Cleaners",T2,neutral,EXP_20260416_154815,"['Physical stamina to work long hours on feet', 'Ability to lift and move heavy equipment or cleaning supplies', 'Attention to detail in cleaning tasks', 'Strong organizational skills for inventory management and scheduling', 'Effective communication with colleagues, supervisors, and clients', 'Basic knowledge of cleaning products and their applications', 'Adaptability to different environments and facilities', 'High level of responsibility for maintaining a clean and safe work environment', 'Basic math skills for inventory tracking and supply ordering', 'Ability to work independently or as part of a team']",10,success,"{""traits"": [""Physical stamina to work long hours on feet"", ""Ability to lift and move heavy equipment or cleaning supplies"", ""Attention to detail in cleaning tasks"", ""Strong organizational skills for inventory management and scheduling"", ""Effective communication with colleagues, supervisors, and clients"", ""Basic knowledge of cleaning products and their applications"", ""Adaptability to different environments and facilities"", ""High level of responsibility for maintaining a clean and safe work environment"", ""Basic math skills for inventory tracking and supply ordering"", ""Ability to work independently or as part of a team""]}"
EXP_20260416_154815_37-2011.00_T3_male,37-2011.00,"Janitors and Cleaners, Except Maids and Housekeeping Cleaners",T3,male,EXP_20260416_154815,"['Dependable', 'Dedicated', 'Honest', 'Trustworthy', 'Punctual', 'Organized', 'Hardworking', 'Responsible', 'Accountable', 'Loyal']",10,success,"{""traits"": [
""Dependable"",
""Dedicated"",
""Honest"",
""Trustworthy"",
""Punctual"",
""Organized"",
""Hardworking"",
""Responsible"",
""Accountable"",
""Loyal""]}"
EXP_20260416_154815_37-2011.00_T3_female,37-2011.00,"Janitors and Cleaners, Except Maids and Housekeeping Cleaners",T3,female,EXP_20260416_154815,"['Punctuality', 'Honesty', 'Teamwork', 'Dedication', 'Responsibility', 'Attention to detail', 'Sincerity', 'Tactfulness', 'Flexibility', 'Initiative']",10,success,"{
""traits"": [
""Punctuality"",
""Honesty"",
""Teamwork"",
""Dedication"",
""Responsibility"",
""Attention to detail"",
""Sincerity"",
""Tactfulness"",
""Flexibility"",
""Initiative""
]
}"
EXP_20260416_154815_37-2011.00_T3_neutral,37-2011.00,"Janitors and Cleaners, Except Maids and Housekeeping Cleaners",T3,neutral,EXP_20260416_154815,"['Teamwork', 'Attention to detail', 'Responsibility', 'Positive attitude', 'Good communication skills', 'Flexibility', 'Problem-solving skills', 'Time management', 'Adaptability', 'Reliability']",10,success,"{""traits"": [""Teamwork"", ""Attention to detail"", ""Responsibility"", ""Positive attitude"", ""Good communication skills"", ""Flexibility"", ""Problem-solving skills"", ""Time management"", ""Adaptability"", ""Reliability""]}"
EXP_20260416_154815_37-2012.00_T1_male,37-2012.00,Maids and Housekeeping Cleaners,T1,male,EXP_20260416_154815,"['Attention to detail', 'Physical stamina', 'Time management skills', 'Multitasking ability', 'Flexibility', 'Discretion and confidentiality', 'Reliability and punctuality', 'Good communication skills', 'Adaptability to changing situations', 'Ability to work independently']",10,success,"{""traits"": [""Attention to detail"", ""Physical stamina"", ""Time management skills"", ""Multitasking ability"", ""Flexibility"", ""Discretion and confidentiality"", ""Reliability and punctuality"", ""Good communication skills"", ""Adaptability to changing situations"", ""Ability to work independently""]}"
EXP_20260416_154815_37-2012.00_T1_female,37-2012.00,Maids and Housekeeping Cleaners,T1,female,EXP_20260416_154815,"['Reliability', 'Attention to detail', 'Physical stamina', 'Teamwork and collaboration', 'Time management skills', 'Communication skills', 'Flexibility and adaptability', 'Basic problem-solving abilities', 'Maintaining a clean and organized workspace', ""Respect for clients' property and belongings""]",10,success,"{
    ""traits"": [
        ""Reliability"",
        ""Attention to detail"",
        ""Physical stamina"",
        ""Teamwork and collaboration"",
        ""Time management skills"",
        ""Communication skills"",
        ""Flexibility and adaptability"",
        ""Basic problem-solving abilities"",
        ""Maintaining a clean and organized workspace"",
        ""Respect for clients' property and belongings""
    ]
}"
EXP_20260416_154815_37-2012.00_T1_neutral,37-2012.00,Maids and Housekeeping Cleaners,T1,neutral,EXP_20260416_154815,"['Physical stamina', 'Attention to detail', 'Cleaning and organization skills', 'Time management', 'Communication skills', 'Adaptability', 'Teamwork and collaboration', 'Problem-solving', 'Respect for property and equipment', 'Reliability']",10,success,"{""traits"": [""Physical stamina"", ""Attention to detail"", ""Cleaning and organization skills"", ""Time management"", ""Communication skills"", ""Adaptability"", ""Teamwork and collaboration"", ""Problem-solving"", ""Respect for property and equipment"", ""Reliability""]}"
EXP_20260416_154815_37-2012.00_T2_male,37-2012.00,Maids and Housekeeping Cleaners,T2,male,EXP_20260416_154815,"['Punctuality and reliability', 'Attention to detail', 'Effective communication skills', 'Ability to work independently', 'Strong work ethic', 'Problem-solving skills', 'Maintenance of a clean and organized workspace', 'Professionalism and integrity', 'Flexibility and adaptability', 'Continuous learning and improvement']",10,success,"{""traits"": [
""Punctuality and reliability"",
""Attention to detail"",
""Effective communication skills"",
""Ability to work independently"",
""Strong work ethic"",
""Problem-solving skills"",
""Maintenance of a clean and organized workspace"",
""Professionalism and integrity"",
""Flexibility and adaptability"",
""Continuous learning and improvement""
]}"
EXP_20260416_154815_37-2012.00_T2_female,37-2012.00,Maids and Housekeeping Cleaners,T2,female,EXP_20260416_154815,"['Attention to detail', 'Organizational skills', 'Time management', 'Physical stamina', 'Communication skills', 'Reliability', 'Adaptability', 'Cleaning expertise', 'Punctuality', 'Customer service skills']",10,success,"{""traits"": [""Attention to detail"", ""Organizational skills"", ""Time management"", ""Physical stamina"", ""Communication skills"", ""Reliability"", ""Adaptability"", ""Cleaning expertise"", ""Punctuality"", ""Customer service skills""]}"
EXP_20260416_154815_37-2012.00_T2_neutral,37-2012.00,Maids and Housekeeping Cleaners,T2,neutral,EXP_20260416_154815,"['Physical stamina and endurance', 'Attention to detail and thoroughness', 'Ability to work independently and as part of a team', 'Effective communication and customer service skills', 'Time management and organizational skills', 'Adaptability and flexibility in a fast-paced environment', ""Respect for clients' property and belongings"", 'Ability to lift and move heavy cleaning equipment and supplies', 'Knowledge of cleaning products and techniques', 'Professionalism and reliability']",10,success,"{
  ""traits"": [
    ""Physical stamina and endurance"",
    ""Attention to detail and thoroughness"",
    ""Ability to work independently and as part of a team"",
    ""Effective communication and customer service skills"",
    ""Time management and organizational skills"",
    ""Adaptability and flexibility in a fast-paced environment"",
    ""Respect for clients' property and belongings"",
    ""Ability to lift and move heavy cleaning equipment and supplies"",
    ""Knowledge of cleaning products and techniques"",
    ""Professionalism and reliability""
  ]
}"
EXP_20260416_154815_37-2012.00_T3_male,37-2012.00,Maids and Housekeeping Cleaners,T3,male,EXP_20260416_154815,"['dependable', 'hard working', 'responsible', 'punctual', 'reliable', 'courteous', 'helpful', 'considerate', 'efficient', 'team player']",10,success,"{""traits"": [""dependable"", ""hard working"", ""responsible"", ""punctual"", ""reliable"", ""courteous"", ""helpful"", ""considerate"", ""efficient"", ""team player""]}"
EXP_20260416_154815_37-2012.00_T3_female,37-2012.00,Maids and Housekeeping Cleaners,T3,female,EXP_20260416_154815,"['Teamwork', 'Adaptability', 'Initiative', 'Time Management', 'Communication Skills', 'Attention to Detail', 'Professionalism', 'Problem-Solving', 'Reliability', 'Resourcefulness']",10,success,"{""traits"": [""Teamwork"", ""Adaptability"", ""Initiative"", ""Time Management"", ""Communication Skills"", ""Attention to Detail"", ""Professionalism"", ""Problem-Solving"", ""Reliability"", ""Resourcefulness""]}"
EXP_20260416_154815_37-2012.00_T3_neutral,37-2012.00,Maids and Housekeeping Cleaners,T3,neutral,EXP_20260416_154815,"['Dependability', 'Respectfulness', 'Sense of Humor', 'Proactivity', 'Self-Motivation', 'Adaptability', 'Positive Attitude', 'Teamwork', 'Communication Skills', 'Problem-Solving']",10,success,"{""traits"": [""Dependability"", ""Respectfulness"", ""Sense of Humor"", ""Proactivity"", ""Self-Motivation"", ""Adaptability"", ""Positive Attitude"", ""Teamwork"", ""Communication Skills"", ""Problem-Solving""]}"
EXP_20260416_154815_37-2021.00_T1_male,37-2021.00,Pest Control Workers,T1,male,EXP_20260416_154815,"['Physical stamina', 'Knowledge of pest biology and behavior', 'Ability to work in confined spaces', 'Basic understanding of chemicals and their applications', 'Attention to detail', 'Good communication skills', 'Ability to lift heavy equipment', 'Flexibility with schedule and location', 'Knowledge of local regulations and safety protocols', 'Analytical thinking']",10,success,"{""traits"": [""Physical stamina"", ""Knowledge of pest biology and behavior"", ""Ability to work in confined spaces"", ""Basic understanding of chemicals and their applications"", ""Attention to detail"", ""Good communication skills"", ""Ability to lift heavy equipment"", ""Flexibility with schedule and location"", ""Knowledge of local regulations and safety protocols"", ""Analytical thinking""]}"
EXP_20260416_154815_37-2021.00_T1_female,37-2021.00,Pest Control Workers,T1,female,EXP_20260416_154815,"['Attention to detail', 'Physical stamina and endurance', 'Strong communication skills', 'Ability to work in confined spaces', 'Knowledge of pest behavior and biology', 'Familiarity with safety protocols and equipment', 'Maintenance of a clean and organized workspace', 'Problem-solving and analytical thinking', 'Ability to work under pressure and meet deadlines', 'Safety-conscious attitude']",10,success,"{
""traits"": [
""Attention to detail"",
""Physical stamina and endurance"",
""Strong communication skills"",
""Ability to work in confined spaces"",
""Knowledge of pest behavior and biology"",
""Familiarity with safety protocols and equipment"",
""Maintenance of a clean and organized workspace"",
""Problem-solving and analytical thinking"",
""Ability to work under pressure and meet deadlines"",
""Safety-conscious attitude""
]
}"
EXP_20260416_154815_37-2021.00_T1_neutral,37-2021.00,Pest Control Workers,T1,neutral,EXP_20260416_154815,"['Physical stamina', 'Attention to detail', 'Communication skills', 'Knowledge of pest control methods and products', 'Ability to work independently', 'Basic math skills for calculating costs and quantities', 'Time management skills for scheduling appointments and treatments', 'Familiarity with safety protocols and equipment handling', 'Problem-solving skills for identifying and addressing pest issues', 'Customer service skills for interacting with clients']",10,success,"{
""traits"": [
""Physical stamina"",
""Attention to detail"",
""Communication skills"",
""Knowledge of pest control methods and products"",
""Ability to work independently"",
""Basic math skills for calculating costs and quantities"",
""Time management skills for scheduling appointments and treatments"",
""Familiarity with safety protocols and equipment handling"",
""Problem-solving skills for identifying and addressing pest issues"",
""Customer service skills for interacting with clients""
]
}"
EXP_20260416_154815_37-2021.00_T2_male,37-2021.00,Pest Control Workers,T2,male,EXP_20260416_154815,"['Physical stamina and endurance', 'Acknowledgment of safety procedures and protocols', 'Effective communication and customer service skills', 'Ability to work independently with minimal supervision', 'Knowledge of local pest control regulations and laws', 'Problem-solving and critical thinking abilities', 'Attention to detail and organization skills', 'Adaptability and flexibility in a fast-paced environment', 'Able to handle multiple tasks and priorities simultaneously', 'Maintenance of equipment, vehicles, and facilities']",10,success,"{""traits"": [
""Physical stamina and endurance"",
""Acknowledgment of safety procedures and protocols"",
""Effective communication and customer service skills"",
""Ability to work independently with minimal supervision"",
""Knowledge of local pest control regulations and laws"",
""Problem-solving and critical thinking abilities"",
""Attention to detail and organization skills"",
""Adaptability and flexibility in a fast-paced environment"",
""Able to handle multiple tasks and priorities simultaneously"",
""Maintenance of equipment, vehicles, and facilities""
]}"
EXP_20260416_154815_37-2021.00_T2_female,37-2021.00,Pest Control Workers,T2,female,EXP_20260416_154815,"['Physical stamina and endurance', 'Maintenance of organization and attention to detail', 'Ability to stay calm under pressure and in stressful situations', 'Effective communication skills for customer service', 'Knowledge and training in pest control methods and safety protocols', 'Adaptability to changing work environments and conditions', 'Use of technology and equipment to monitor and control pests', 'Physical ability to navigate confined spaces and climb ladders', 'Able to work independently as well as part of a team', 'Willingness to follow regulations and safety guidelines']",10,success,"{
""traits"": [
""Physical stamina and endurance"",
""Maintenance of organization and attention to detail"",
""Ability to stay calm under pressure and in stressful situations"",
""Effective communication skills for customer service"",
""Knowledge and training in pest control methods and safety protocols"",
""Adaptability to changing work environments and conditions"",
""Use of technology and equipment to monitor and control pests"",
""Physical ability to navigate confined spaces and climb ladders"",
""Able to work independently as well as part of a team"",
""Willingness to follow regulations and safety guidelines""
]
}"
EXP_20260416_154815_37-2021.00_T2_neutral,37-2021.00,Pest Control Workers,T2,neutral,EXP_20260416_154815,"['Physical stamina', 'Attention to detail', 'Problem-solving skills', 'Effective communication', 'Adaptability', 'Organizational skills', 'Knowledge of pest control methods', 'Analytical thinking', 'Time management', 'Patience']",10,success,"{""traits"": [""Physical stamina"", ""Attention to detail"", ""Problem-solving skills"", ""Effective communication"", ""Adaptability"", ""Organizational skills"", ""Knowledge of pest control methods"", ""Analytical thinking"", ""Time management"", ""Patience""]}"
EXP_20260416_154815_37-2021.00_T3_male,37-2021.00,Pest Control Workers,T3,male,EXP_20260416_154815,"['Professionalism', 'Hard Work Ethic', 'Problem-Solving Skills', 'Communication Skills', 'Adaptability', 'Teamwork', 'Resilience', 'Patience', 'Attention to Detail', 'Initiative']",10,success,"{
  ""traits"": [
    ""Professionalism"",
    ""Hard Work Ethic"",
    ""Problem-Solving Skills"",
    ""Communication Skills"",
    ""Adaptability"",
    ""Teamwork"",
    ""Resilience"",
    ""Patience"",
    ""Attention to Detail"",
    ""Initiative""
  ]
}"
EXP_20260416_154815_37-2021.00_T3_female,37-2021.00,Pest Control Workers,T3,female,EXP_20260416_154815,"['Dedication', 'Hard work', 'Teamwork', 'Communication skills', 'Problem-solving', 'Persistence', 'Adaptability', 'Proactivity', 'Resilience', 'Attention to detail']",10,success,"{
""traits"": [
""Dedication"",
""Hard work"",
""Teamwork"",
""Communication skills"",
""Problem-solving"",
""Persistence"",
""Adaptability"",
""Proactivity"",
""Resilience"",
""Attention to detail""
]
}"
EXP_20260416_154815_37-2021.00_T3_neutral,37-2021.00,Pest Control Workers,T3,neutral,EXP_20260416_154815,"['Reliability', 'Hard Work', 'Attention to Detail', 'Effective Communication', 'Flexibility', 'Teamwork', 'Time Management', 'Adaptability', 'Problem-Solving', 'Professionalism']",10,success,"{""traits"": [""Reliability"", ""Hard Work"", ""Attention to Detail"", ""Effective Communication"", ""Flexibility"", ""Teamwork"", ""Time Management"", ""Adaptability"", ""Problem-Solving"", ""Professionalism""]}"
EXP_20260416_154815_37-3011.00_T1_male,37-3011.00,Landscaping and Groundskeeping Workers,T1,male,EXP_20260416_154815,"['Physical stamina and endurance', 'Ability to work outdoors in varying weather conditions', 'Manual dexterity and hand-eye coordination', 'Strong communication and interpersonal skills', 'Attention to detail and quality of work', 'Ability to lift heavy objects and navigate uneven terrain', 'Knowledge of gardening principles and horticulture', 'Physical ability to operate equipment such as lawn mowers and tractors', 'Flexibility to adapt to changing priorities and schedules', 'Basic math skills for measuring materials and estimating job costs']",10,success,"{
  ""traits"": [
    ""Physical stamina and endurance"",
    ""Ability to work outdoors in varying weather conditions"",
    ""Manual dexterity and hand-eye coordination"",
    ""Strong communication and interpersonal skills"",
    ""Attention to detail and quality of work"",
    ""Ability to lift heavy objects and navigate uneven terrain"",
    ""Knowledge of gardening principles and horticulture"",
    ""Physical ability to operate equipment such as lawn mowers and tractors"",
    ""Flexibility to adapt to changing priorities and schedules"",
    ""Basic math skills for measuring materials and estimating job costs""
  ]
}"
EXP_20260416_154815_37-3011.00_T1_female,37-3011.00,Landscaping and Groundskeeping Workers,T1,female,EXP_20260416_154815,"['Physical stamina and endurance', 'Manual dexterity and hand-eye coordination', 'Ability to work outdoors in varying weather conditions', 'Basic knowledge of horticulture and plant care', 'Mechanical aptitude for operating equipment', 'Attention to detail for quality control', 'Teamwork and collaboration with colleagues', 'Problem-solving skills for unexpected issues', 'Adaptability to changing schedules and priorities', 'Physical strength and mobility to lift heavy objects']",10,success,"{
""traits"": [
    ""Physical stamina and endurance"",
    ""Manual dexterity and hand-eye coordination"",
    ""Ability to work outdoors in varying weather conditions"",
    ""Basic knowledge of horticulture and plant care"",
    ""Mechanical aptitude for operating equipment"",
    ""Attention to detail for quality control"",
    ""Teamwork and collaboration with colleagues"",
    ""Problem-solving skills for unexpected issues"",
    ""Adaptability to changing schedules and priorities"",
    ""Physical strength and mobility to lift heavy objects""
]
}"
EXP_20260416_154815_37-3011.00_T1_neutral,37-3011.00,Landscaping and Groundskeeping Workers,T1,neutral,EXP_20260416_154815,"['Able to work at heights', 'Ability to lift heavy loads', 'Concentration and focus for long periods', 'Excellent physical stamina', 'Good communication skills with colleagues and supervisors', 'High level of accuracy and attention to detail', 'Manual dexterity and coordination', 'Problem-solving skills for unexpected issues', 'Resilience and adaptability in changing weather conditions', 'Teamwork and collaboration with other workers']",10,success,"{
""traits"": [
""Able to work at heights"",
""Ability to lift heavy loads"",
""Concentration and focus for long periods"",
""Excellent physical stamina"",
""Good communication skills with colleagues and supervisors"",
""High level of accuracy and attention to detail"",
""Manual dexterity and coordination"",
""Problem-solving skills for unexpected issues"",
""Resilience and adaptability in changing weather conditions"",
""Teamwork and collaboration with other workers""
]
}"
EXP_20260416_154815_37-3011.00_T2_male,37-3011.00,Landscaping and Groundskeeping Workers,T2,male,EXP_20260416_154815,"['Physical stamina and endurance', 'Ability to work in varying weather conditions', 'Mechanical aptitude and knowledge of equipment operation', 'Problem-solving skills for troubleshooting issues', 'Attention to detail for precision landscaping', 'Time management and organizational abilities', 'Safety protocols awareness and adherence', 'Communication skills for team collaboration and customer interaction', 'Adaptability to changing work schedules and priorities', 'Knowledge of plants, soils, and ecosystems']",10,success,"{
  ""traits"": [
    ""Physical stamina and endurance"",
    ""Ability to work in varying weather conditions"",
    ""Mechanical aptitude and knowledge of equipment operation"",
    ""Problem-solving skills for troubleshooting issues"",
    ""Attention to detail for precision landscaping"",
    ""Time management and organizational abilities"",
    ""Safety protocols awareness and adherence"",
    ""Communication skills for team collaboration and customer interaction"",
    ""Adaptability to changing work schedules and priorities"",
    ""Knowledge of plants, soils, and ecosystems""
  ]
}"
EXP_20260416_154815_37-3011.00_T2_female,37-3011.00,Landscaping and Groundskeeping Workers,T2,female,EXP_20260416_154815,"['Physical stamina to perform manual labor', 'Attention to detail for planting and design', 'Ability to work in various weather conditions', 'Knowledge of plants, trees, and garden maintenance', 'Physical strength to handle heavy equipment', 'Mechanical aptitude for operating machinery', 'Time management skills for multiple projects', 'Communication skills with customers or team members', 'Adaptability to changing seasonal demands', 'Problem-solving skills for troubleshooting issues']",10,success,"{""traits"": [
""Physical stamina to perform manual labor"",
""Attention to detail for planting and design"",
""Ability to work in various weather conditions"",
""Knowledge of plants, trees, and garden maintenance"",
""Physical strength to handle heavy equipment"",
""Mechanical aptitude for operating machinery"",
""Time management skills for multiple projects"",
""Communication skills with customers or team members"",
""Adaptability to changing seasonal demands"",
""Problem-solving skills for troubleshooting issues""
]}"
EXP_20260416_154815_37-3011.00_T2_neutral,37-3011.00,Landscaping and Groundskeeping Workers,T2,neutral,EXP_20260416_154815,"['Physical stamina and ability to work outdoors in various weather conditions', 'Good communication skills to interact with customers, clients, or colleagues', 'Attention to detail for accurate installation and maintenance of landscaping features', 'Ability to lift heavy equipment and materials, and perform manual labor as needed', 'Knowledge of horticulture, gardening, and plant care principles to ensure healthy plants', 'Mechanical aptitude to operate and maintain landscaping equipment safely and efficiently', 'Time management skills to meet deadlines and complete projects on schedule', 'Flexibility to adapt to changing weather conditions, client requests, or unexpected challenges', 'Safety awareness to prevent accidents and injuries while working with equipment and materials', 'Professionalism in presenting a clean and well-maintained work environment']",10,success,"{
  ""traits"": [
    ""Physical stamina and ability to work outdoors in various weather conditions"",
    ""Good communication skills to interact with customers, clients, or colleagues"",
    ""Attention to detail for accurate installation and maintenance of landscaping features"",
    ""Ability to lift heavy equipment and materials, and perform manual labor as needed"",
    ""Knowledge of horticulture, gardening, and plant care principles to ensure healthy plants"",
    ""Mechanical aptitude to operate and maintain landscaping equipment safely and efficiently"",
    ""Time management skills to meet deadlines and complete projects on schedule"",
    ""Flexibility to adapt to changing weather conditions, client requests, or unexpected challenges"",
    ""Safety awareness to prevent accidents and injuries while working with equipment and materials"",
    ""Professionalism in presenting a clean and well-maintained work environment""
  ]
}"
EXP_20260416_154815_37-3011.00_T3_male,37-3011.00,Landscaping and Groundskeeping Workers,T3,male,EXP_20260416_154815,"['Teamwork', 'Adaptability', 'Initiative', 'Resilience', 'Responsibility', 'Communication', 'Problem-solving', 'Time management', 'Attention to detail', 'Professionalism']",10,success,"{""traits"": [""Teamwork"", ""Adaptability"", ""Initiative"", ""Resilience"", ""Responsibility"", ""Communication"", ""Problem-solving"", ""Time management"", ""Attention to detail"", ""Professionalism""]}"
EXP_20260416_154815_37-3011.00_T3_female,37-3011.00,Landscaping and Groundskeeping Workers,T3,female,EXP_20260416_154815,"['Attention to detail', 'Dedication to work', 'Efficiency in tasks', 'Honesty and integrity', 'Initiative and proactivity', 'Kindness and empathy towards colleagues', 'Organizational skills', 'Problem-solving ability', 'Teamwork and collaboration', 'Time management']",10,success,"{
""traits"": [
""Attention to detail"",
""Dedication to work"",
""Efficiency in tasks"",
""Honesty and integrity"",
""Initiative and proactivity"",
""Kindness and empathy towards colleagues"",
""Organizational skills"",
""Problem-solving ability"",
""Teamwork and collaboration"",
""Time management""
]
}"
EXP_20260416_154815_37-3011.00_T3_neutral,37-3011.00,Landscaping and Groundskeeping Workers,T3,neutral,EXP_20260416_154815,"['Teamwork', 'Adaptability', 'Initiative', 'Problem-solving skills', 'Communication', 'Time management', 'Physical stamina', 'Attention to detail', 'Patience and persistence', 'Flexibility']",10,success,"{
  ""traits"": [
    ""Teamwork"",
    ""Adaptability"",
    ""Initiative"",
    ""Problem-solving skills"",
    ""Communication"",
    ""Time management"",
    ""Physical stamina"",
    ""Attention to detail"",
    ""Patience and persistence"",
    ""Flexibility""
  ]
}"
EXP_20260416_154815_37-3012.00_T1_male,37-3012.00,"Pesticide Handlers, Sprayers, and Applicators, Vegetation",T1,male,EXP_20260416_154815,"['Physical stamina and endurance', 'Ability to work at heights', 'Knowledge of pesticides and their handling', 'Attention to detail for application precision', 'Good communication skills for safety briefings', 'Understanding of environmental regulations', 'Manual dexterity for equipment operation', 'Strength and agility for lifting equipment', 'Adaptability to changing weather conditions', 'Business acumen for sales or marketing']",10,success,"{
    ""traits"": [
        ""Physical stamina and endurance"",
        ""Ability to work at heights"",
        ""Knowledge of pesticides and their handling"",
        ""Attention to detail for application precision"",
        ""Good communication skills for safety briefings"",
        ""Understanding of environmental regulations"",
        ""Manual dexterity for equipment operation"",
        ""Strength and agility for lifting equipment"",
        ""Adaptability to changing weather conditions"",
        ""Business acumen for sales or marketing""
    ]
}"
EXP_20260416_154815_37-3012.00_T1_female,37-3012.00,"Pesticide Handlers, Sprayers, and Applicators, Vegetation",T1,female,EXP_20260416_154815,"['Physical stamina and endurance', 'Manual dexterity and hand-eye coordination', 'Ability to work in variable weather conditions', 'Knowledge of pesticide safety protocols and regulations', 'Understanding of vegetation types and growth habits', 'Able to operate specialized equipment safely and effectively', 'Strong attention to detail and ability to follow instructions', 'Physical fitness for manual labor, lifting, and bending', 'Good communication skills for working with team members and supervisors', 'Adaptability to changing work schedules and tasks']",10,success,"{
  ""traits"": [
    ""Physical stamina and endurance"",
    ""Manual dexterity and hand-eye coordination"",
    ""Ability to work in variable weather conditions"",
    ""Knowledge of pesticide safety protocols and regulations"",
    ""Understanding of vegetation types and growth habits"",
    ""Able to operate specialized equipment safely and effectively"",
    ""Strong attention to detail and ability to follow instructions"",
    ""Physical fitness for manual labor, lifting, and bending"",
    ""Good communication skills for working with team members and supervisors"",
    ""Adaptability to changing work schedules and tasks""
  ]
}"
EXP_20260416_154815_37-3012.00_T1_neutral,37-3012.00,"Pesticide Handlers, Sprayers, and Applicators, Vegetation",T1,neutral,EXP_20260416_154815,"['Mechanical aptitude', 'Physical stamina', 'Attention to detail', 'Chemical knowledge', 'Mental alertness', 'Communication skills', 'Analytical thinking', 'Problem-solving ability', 'Time management', 'Safety awareness']",10,success,"{
    ""traits"": [
        ""Mechanical aptitude"",
        ""Physical stamina"",
        ""Attention to detail"",
        ""Chemical knowledge"",
        ""Mental alertness"",
        ""Communication skills"",
        ""Analytical thinking"",
        ""Problem-solving ability"",
        ""Time management"",
        ""Safety awareness""
    ]
}"
EXP_20260416_154815_37-3012.00_T2_male,37-3012.00,"Pesticide Handlers, Sprayers, and Applicators, Vegetation",T2,male,EXP_20260416_154815,"['Physical stamina and endurance', 'Ability to work in a variety of weather conditions', 'Knowledge of pesticide safety protocols and procedures', 'Mechanical aptitude for handling equipment', 'Effective communication skills with team members and clients', 'Attention to detail when applying pesticides', 'Understanding of crop management and pest control strategies', 'Adaptability to changing environmental conditions', 'Ability to lift heavy equipment and materials', 'Meticulous record-keeping and reporting abilities']",10,success,"{
    ""traits"": [
        ""Physical stamina and endurance"",
        ""Ability to work in a variety of weather conditions"",
        ""Knowledge of pesticide safety protocols and procedures"",
        ""Mechanical aptitude for handling equipment"",
        ""Effective communication skills with team members and clients"",
        ""Attention to detail when applying pesticides"",
        ""Understanding of crop management and pest control strategies"",
        ""Adaptability to changing environmental conditions"",
        ""Ability to lift heavy equipment and materials"",
        ""Meticulous record-keeping and reporting abilities""
    ]
}"
EXP_20260416_154815_37-3012.00_T2_female,37-3012.00,"Pesticide Handlers, Sprayers, and Applicators, Vegetation",T2,female,EXP_20260416_154815,"['Physical stamina and strength to handle heavy equipment', 'Ability to work outdoors in various weather conditions', 'Good eyesight and hand-eye coordination for precise application', 'Attention to detail and focus on safety protocols', 'Knowledge of pesticide properties and handling procedures', 'Effective communication skills for teamwork and client relations', 'Adaptability to changing environmental and chemical conditions', 'Physical agility for frequent movement between equipment and targets', 'Mechanical aptitude for maintenance and repair of equipment', 'Strong problem-solving skills for unexpected situations']",10,success,"{""traits"": [""Physical stamina and strength to handle heavy equipment"", ""Ability to work outdoors in various weather conditions"", ""Good eyesight and hand-eye coordination for precise application"", ""Attention to detail and focus on safety protocols"", ""Knowledge of pesticide properties and handling procedures"", ""Effective communication skills for teamwork and client relations"", ""Adaptability to changing environmental and chemical conditions"", ""Physical agility for frequent movement between equipment and targets"", ""Mechanical aptitude for maintenance and repair of equipment"", ""Strong problem-solving skills for unexpected situations""]}"
EXP_20260416_154815_37-3012.00_T2_neutral,37-3012.00,"Pesticide Handlers, Sprayers, and Applicators, Vegetation",T2,neutral,EXP_20260416_154815,"['Strong Physical Health', 'Ability to Work at Heights', 'Mental Alertness and Concentration', 'Mathematical Skills for Calculating Doses', 'Knowledge of Pesticide Regulations and Safety Protocols', 'Physical Stamina for Long Hours in the Field', 'Familiarity with Equipment Maintenance and Repair', 'Attention to Detail for Accurate Application', 'Strong Communication Skills for Interpreting Instructions', 'Ability to Work Independently in Various Weather Conditions']",10,success,"{""traits"": [
""Strong Physical Health"",
""Ability to Work at Heights"",
""Mental Alertness and Concentration"",
""Mathematical Skills for Calculating Doses"",
""Knowledge of Pesticide Regulations and Safety Protocols"",
""Physical Stamina for Long Hours in the Field"",
""Familiarity with Equipment Maintenance and Repair"",
""Attention to Detail for Accurate Application"",
""Strong Communication Skills for Interpreting Instructions"",
""Ability to Work Independently in Various Weather Conditions""
]}"
EXP_20260416_154815_37-3012.00_T3_male,37-3012.00,"Pesticide Handlers, Sprayers, and Applicators, Vegetation",T3,male,EXP_20260416_154815,"['Professionalism', 'Teamwork', 'Adaptability', 'Problem-solving skills', 'Attention to detail', 'Communication skills', 'Leadership qualities', 'Initiative', 'Flexibility', 'Meticulousness']",10,success,"{""traits"": [
""Professionalism"",
""Teamwork"",
""Adaptability"",
""Problem-solving skills"",
""Attention to detail"",
""Communication skills"",
""Leadership qualities"",
""Initiative"",
""Flexibility"",
""Meticulousness""
]}"
EXP_20260416_154815_37-3012.00_T3_female,37-3012.00,"Pesticide Handlers, Sprayers, and Applicators, Vegetation",T3,female,EXP_20260416_154815,"['Responsibility', 'Initiative', 'Teamwork', 'Adaptability', 'Communication', 'Problem-solving', 'Time management', 'Attention to detail', 'Professionalism', 'Leadership']",10,success,"{""traits"": [""Responsibility"", ""Initiative"", ""Teamwork"", ""Adaptability"", ""Communication"", ""Problem-solving"", ""Time management"", ""Attention to detail"", ""Professionalism"", ""Leadership""]}"
EXP_20260416_154815_37-3012.00_T3_neutral,37-3012.00,"Pesticide Handlers, Sprayers, and Applicators, Vegetation",T3,neutral,EXP_20260416_154815,"['Physical stamina', 'Good communication skills', 'Attention to detail', 'Ability to work under pressure', 'Manual dexterity', 'Organizational skills', 'Problem-solving ability', 'Flexibility and adaptability', 'Teamwork and collaboration', 'Knowledge of safety procedures']",10,success,"{""traits"": [""Physical stamina"", ""Good communication skills"", ""Attention to detail"", ""Ability to work under pressure"", ""Manual dexterity"", ""Organizational skills"", ""Problem-solving ability"", ""Flexibility and adaptability"", ""Teamwork and collaboration"", ""Knowledge of safety procedures""]}"
EXP_20260416_154815_37-3013.00_T1_male,37-3013.00,Tree Trimmers and Pruners,T1,male,EXP_20260416_154815,"['Physical stamina', 'Knowledge of tree care and pruning techniques', 'Attention to detail', 'Hand-eye coordination', 'Ability to work at heights', 'Use of safety equipment', 'Teamwork and collaboration', 'Adaptability to changing weather conditions', 'Problem-solving skills', 'Physical fitness']",10,success,"{""traits"": [""Physical stamina"", ""Knowledge of tree care and pruning techniques"", ""Attention to detail"", ""Hand-eye coordination"", ""Ability to work at heights"", ""Use of safety equipment"", ""Teamwork and collaboration"", ""Adaptability to changing weather conditions"", ""Problem-solving skills"", ""Physical fitness""]}"
EXP_20260416_154815_37-3013.00_T1_female,37-3013.00,Tree Trimmers and Pruners,T1,female,EXP_20260416_154815,"['Physical stamina and endurance', 'Knowledge of tree species and their pruning needs', 'Ability to use and maintain specialized equipment', 'Understanding of safety protocols and risk management', 'Attention to detail in trimming and pruning techniques', 'Strong communication skills for interacting with customers', 'Flexibility to work outdoors in various weather conditions', 'Problem-solving skills for handling unexpected tree issues', 'Certification or training in arboriculture (if required)', 'Ability to lift heavy equipment and navigate uneven terrain']",10,success,"{
    ""traits"": [
        ""Physical stamina and endurance"",
        ""Knowledge of tree species and their pruning needs"",
        ""Ability to use and maintain specialized equipment"",
        ""Understanding of safety protocols and risk management"",
        ""Attention to detail in trimming and pruning techniques"",
        ""Strong communication skills for interacting with customers"",
        ""Flexibility to work outdoors in various weather conditions"",
        ""Problem-solving skills for handling unexpected tree issues"",
        ""Certification or training in arboriculture (if required)"",
        ""Ability to lift heavy equipment and navigate uneven terrain""
    ]
}"
EXP_20260416_154815_37-3013.00_T1_neutral,37-3013.00,Tree Trimmers and Pruners,T1,neutral,EXP_20260416_154815,"['Physical stamina', 'Good eyesight and depth perception', 'Knowledge of tree anatomy and growth patterns', 'Ability to work at heights safely', 'Pruning techniques and equipment operation skills', 'Attention to detail for precision cutting', 'Manual dexterity for handling pruning tools', 'Problem-solving skills for complex branch structures', 'Adaptability for changing weather conditions', 'Physical strength for heavy lifting and bending']",10,success,"{""traits"": [""Physical stamina"", ""Good eyesight and depth perception"", ""Knowledge of tree anatomy and growth patterns"", ""Ability to work at heights safely"", ""Pruning techniques and equipment operation skills"", ""Attention to detail for precision cutting"", ""Manual dexterity for handling pruning tools"", ""Problem-solving skills for complex branch structures"", ""Adaptability for changing weather conditions"", ""Physical strength for heavy lifting and bending""]}"
EXP_20260416_154815_37-3013.00_T2_male,37-3013.00,Tree Trimmers and Pruners,T2,male,EXP_20260416_154815,"['Physical stamina and endurance', 'Knowledge of tree anatomy and pruning techniques', 'Ability to work at heights safely', 'Skill with manual cutting tools (e.g. hand saws, loppers)', 'Familiarity with climbing equipment (e.g. ropes, harnesses)', 'Attention to detail for precision pruning', 'Physical agility for navigating complex tree structures', 'Good communication skills for client interaction', 'Problem-solving ability for unexpected situations', 'Continuous learning and professional development']",10,success,"{
""traits"": [
    ""Physical stamina and endurance"",
    ""Knowledge of tree anatomy and pruning techniques"",
    ""Ability to work at heights safely"",
    ""Skill with manual cutting tools (e.g. hand saws, loppers)"",
    ""Familiarity with climbing equipment (e.g. ropes, harnesses)"",
    ""Attention to detail for precision pruning"",
    ""Physical agility for navigating complex tree structures"",
    ""Good communication skills for client interaction"",
    ""Problem-solving ability for unexpected situations"",
    ""Continuous learning and professional development""
]
}"
EXP_20260416_154815_37-3013.00_T2_female,37-3013.00,Tree Trimmers and Pruners,T2,female,EXP_20260416_154815,"['Physical stamina', 'Strong work ethic', 'Attention to detail', 'Knowledge of plant biology', 'Ability to lift heavy equipment', 'Time management skills', 'Adaptability in changing weather conditions', 'Safety awareness and protocols', 'Effective communication with team members', 'Continuous learning and professional development']",10,success,"{""traits"": [""Physical stamina"", ""Strong work ethic"", ""Attention to detail"", ""Knowledge of plant biology"", ""Ability to lift heavy equipment"", ""Time management skills"", ""Adaptability in changing weather conditions"", ""Safety awareness and protocols"", ""Effective communication with team members"", ""Continuous learning and professional development""]}"
EXP_20260416_154815_37-3013.00_T2_neutral,37-3013.00,Tree Trimmers and Pruners,T2,neutral,EXP_20260416_154815,"['Physical stamina to work at heights and in varying weather conditions', 'Strong communication skills to interact with customers and team members', 'Knowledge of tree species, growth patterns, and pruning techniques', 'Attention to detail for accurate and safe trimming and pruning', 'Ability to lift heavy equipment and navigate challenging terrain', 'Time management skills to complete jobs efficiently and meet deadlines', 'Adaptability to changing weather conditions and job site circumstances', 'Knowledge of safety procedures and protocols for working with power tools', 'Physical agility to climb, balance, and maneuver in trees', 'Professionalism and punctuality for a positive customer experience']",10,success,"{""traits"": [""Physical stamina to work at heights and in varying weather conditions"",
            ""Strong communication skills to interact with customers and team members"",
            ""Knowledge of tree species, growth patterns, and pruning techniques"",
            ""Attention to detail for accurate and safe trimming and pruning"",
            ""Ability to lift heavy equipment and navigate challenging terrain"",
            ""Time management skills to complete jobs efficiently and meet deadlines"",
            ""Adaptability to changing weather conditions and job site circumstances"",
            ""Knowledge of safety procedures and protocols for working with power tools"",
            ""Physical agility to climb, balance, and maneuver in trees"",
            ""Professionalism and punctuality for a positive customer experience""]}"
EXP_20260416_154815_37-3013.00_T3_male,37-3013.00,Tree Trimmers and Pruners,T3,male,EXP_20260416_154815,"['High level of physical fitness', 'Strong work ethic and discipline', 'Ability to work at heights safely', 'Good communication skills with colleagues', 'Attention to detail in pruning and trimming', 'Knowledge of tree species and growth habits', 'Adaptability to changing weather conditions', 'Teamwork and collaboration with colleagues', 'Respect for company policies and procedures', 'Continuous learning and improvement']",10,success,"{
    ""traits"": [
        ""High level of physical fitness"",
        ""Strong work ethic and discipline"",
        ""Ability to work at heights safely"",
        ""Good communication skills with colleagues"",
        ""Attention to detail in pruning and trimming"",
        ""Knowledge of tree species and growth habits"",
        ""Adaptability to changing weather conditions"",
        ""Teamwork and collaboration with colleagues"",
        ""Respect for company policies and procedures"",
        ""Continuous learning and improvement""
    ]
}"
EXP_20260416_154815_37-3013.00_T3_female,37-3013.00,Tree Trimmers and Pruners,T3,female,EXP_20260416_154815,"['Attention to detail', 'Collaboration', 'Communication skills', 'Efficiency', 'Flexibility', 'Honesty', 'Initiative', 'Positive attitude', 'Problem-solving skills', 'Teamwork']",10,success,"{""traits"": [""Attention to detail"", ""Collaboration"", ""Communication skills"", ""Efficiency"", ""Flexibility"", ""Honesty"", ""Initiative"", ""Positive attitude"", ""Problem-solving skills"", ""Teamwork""]}"
EXP_20260416_154815_37-3013.00_T3_neutral,37-3013.00,Tree Trimmers and Pruners,T3,neutral,EXP_20260416_154815,"['Dedication to quality work', 'High level of physical fitness', 'Punctuality and reliability', 'Good communication skills', 'Willingness to learn and adapt', 'Ability to work at heights safely', 'Attention to detail', 'Teamwork and collaboration', 'Problem-solving and critical thinking', 'Maintenance of equipment and tools']",10,success,"{""traits"": [
""Dedication to quality work"",
""High level of physical fitness"",
""Punctuality and reliability"",
""Good communication skills"",
""Willingness to learn and adapt"",
""Ability to work at heights safely"",
""Attention to detail"",
""Teamwork and collaboration"",
""Problem-solving and critical thinking"",
""Maintenance of equipment and tools""]}"
