job_code,job_title,attribute_name,importance_score,trait_type,major_group,selection_seed,selection_strategy,experiment_id
11-1021.00,General and Operations Managers,Oral Comprehension,4.0,Abilities,11,42,two_level_random_sample,EXP_20260312_095228
11-1021.00,General and Operations Managers,Written Comprehension,4.0,Abilities,11,42,two_level_random_sample,EXP_20260312_095228
11-1021.00,General and Operations Managers,Oral Expression,4.0,Abilities,11,42,two_level_random_sample,EXP_20260312_095228
11-1021.00,General and Operations Managers,Written Expression,4.0,Abilities,11,42,two_level_random_sample,EXP_20260312_095228
11-1021.00,General and Operations Managers,Fluency of Ideas,3.25,Abilities,11,42,two_level_random_sample,EXP_20260312_095228
11-1021.00,General and Operations Managers,Originality,3.12,Abilities,11,42,two_level_random_sample,EXP_20260312_095228
11-1021.00,General and Operations Managers,Problem Sensitivity,3.88,Abilities,11,42,two_level_random_sample,EXP_20260312_095228
11-1021.00,General and Operations Managers,Deductive Reasoning,3.88,Abilities,11,42,two_level_random_sample,EXP_20260312_095228
11-1021.00,General and Operations Managers,Inductive Reasoning,3.5,Abilities,11,42,two_level_random_sample,EXP_20260312_095228
11-1021.00,General and Operations Managers,Information Ordering,3.5,Abilities,11,42,two_level_random_sample,EXP_20260312_095228
11-1021.00,General and Operations Managers,Category Flexibility,3.38,Abilities,11,42,two_level_random_sample,EXP_20260312_095228
11-1021.00,General and Operations Managers,Mathematical Reasoning,2.88,Abilities,11,42,two_level_random_sample,EXP_20260312_095228
11-1021.00,General and Operations Managers,Number Facility,2.88,Abilities,11,42,two_level_random_sample,EXP_20260312_095228
11-1021.00,General and Operations Managers,Memorization,2.25,Abilities,11,42,two_level_random_sample,EXP_20260312_095228
11-1021.00,General and Operations Managers,Speed of Closure,2.38,Abilities,11,42,two_level_random_sample,EXP_20260312_095228
11-1021.00,General and Operations Managers,Flexibility of Closure,2.62,Abilities,11,42,two_level_random_sample,EXP_20260312_095228
11-1021.00,General and Operations Managers,Perceptual Speed,2.38,Abilities,11,42,two_level_random_sample,EXP_20260312_095228
11-1021.00,General and Operations Managers,Spatial Orientation,1.5,Abilities,11,42,two_level_random_sample,EXP_20260312_095228
11-1021.00,General and Operations Managers,Visualization,2.75,Abilities,11,42,two_level_random_sample,EXP_20260312_095228
11-1021.00,General and Operations Managers,Selective Attention,2.88,Abilities,11,42,two_level_random_sample,EXP_20260312_095228
11-1021.00,General and Operations Managers,Time Sharing,2.75,Abilities,11,42,two_level_random_sample,EXP_20260312_095228
11-1021.00,General and Operations Managers,Arm-Hand Steadiness,1.62,Abilities,11,42,two_level_random_sample,EXP_20260312_095228
11-1021.00,General and Operations Managers,Manual Dexterity,1.5,Abilities,11,42,two_level_random_sample,EXP_20260312_095228
11-1021.00,General and Operations Managers,Finger Dexterity,1.5,Abilities,11,42,two_level_random_sample,EXP_20260312_095228
11-1021.00,General and Operations Managers,Control Precision,1.12,Abilities,11,42,two_level_random_sample,EXP_20260312_095228
11-1021.00,General and Operations Managers,Multilimb Coordination,1.5,Abilities,11,42,two_level_random_sample,EXP_20260312_095228
11-1021.00,General and Operations Managers,Response Orientation,1.0,Abilities,11,42,two_level_random_sample,EXP_20260312_095228
11-1021.00,General and Operations Managers,Rate Control,1.0,Abilities,11,42,two_level_random_sample,EXP_20260312_095228
11-1021.00,General and Operations Managers,Reaction Time,1.62,Abilities,11,42,two_level_random_sample,EXP_20260312_095228
11-1021.00,General and Operations Managers,Wrist-Finger Speed,1.75,Abilities,11,42,two_level_random_sample,EXP_20260312_095228
11-1021.00,General and Operations Managers,Speed of Limb Movement,1.0,Abilities,11,42,two_level_random_sample,EXP_20260312_095228
11-1021.00,General and Operations Managers,Static Strength,1.5,Abilities,11,42,two_level_random_sample,EXP_20260312_095228
11-1021.00,General and Operations Managers,Explosive Strength,1.38,Abilities,11,42,two_level_random_sample,EXP_20260312_095228
11-1021.00,General and Operations Managers,Dynamic Strength,1.12,Abilities,11,42,two_level_random_sample,EXP_20260312_095228
11-1021.00,General and Operations Managers,Trunk Strength,2.12,Abilities,11,42,two_level_random_sample,EXP_20260312_095228
11-1021.00,General and Operations Managers,Stamina,1.62,Abilities,11,42,two_level_random_sample,EXP_20260312_095228
11-1021.00,General and Operations Managers,Extent Flexibility,1.25,Abilities,11,42,two_level_random_sample,EXP_20260312_095228
11-1021.00,General and Operations Managers,Dynamic Flexibility,1.0,Abilities,11,42,two_level_random_sample,EXP_20260312_095228
11-1021.00,General and Operations Managers,Gross Body Coordination,1.5,Abilities,11,42,two_level_random_sample,EXP_20260312_095228
11-1021.00,General and Operations Managers,Gross Body Equilibrium,1.38,Abilities,11,42,two_level_random_sample,EXP_20260312_095228
11-1021.00,General and Operations Managers,Near Vision,3.5,Abilities,11,42,two_level_random_sample,EXP_20260312_095228
11-1021.00,General and Operations Managers,Far Vision,2.62,Abilities,11,42,two_level_random_sample,EXP_20260312_095228
11-1021.00,General and Operations Managers,Visual Color Discrimination,1.88,Abilities,11,42,two_level_random_sample,EXP_20260312_095228
11-1021.00,General and Operations Managers,Night Vision,1.12,Abilities,11,42,two_level_random_sample,EXP_20260312_095228
11-1021.00,General and Operations Managers,Peripheral Vision,1.25,Abilities,11,42,two_level_random_sample,EXP_20260312_095228
11-1021.00,General and Operations Managers,Depth Perception,1.88,Abilities,11,42,two_level_random_sample,EXP_20260312_095228
11-1021.00,General and Operations Managers,Glare Sensitivity,1.0,Abilities,11,42,two_level_random_sample,EXP_20260312_095228
11-1021.00,General and Operations Managers,Hearing Sensitivity,1.75,Abilities,11,42,two_level_random_sample,EXP_20260312_095228
11-1021.00,General and Operations Managers,Auditory Attention,2.12,Abilities,11,42,two_level_random_sample,EXP_20260312_095228
11-1021.00,General and Operations Managers,Sound Localization,1.25,Abilities,11,42,two_level_random_sample,EXP_20260312_095228
11-1021.00,General and Operations Managers,Speech Recognition,3.62,Abilities,11,42,two_level_random_sample,EXP_20260312_095228
11-1021.00,General and Operations Managers,Speech Clarity,3.88,Abilities,11,42,two_level_random_sample,EXP_20260312_095228
11-3013.00,Facilities Managers,Oral Comprehension,3.75,Abilities,11,42,two_level_random_sample,EXP_20260312_095228
11-3013.00,Facilities Managers,Written Comprehension,3.75,Abilities,11,42,two_level_random_sample,EXP_20260312_095228
11-3013.00,Facilities Managers,Oral Expression,3.75,Abilities,11,42,two_level_random_sample,EXP_20260312_095228
11-3013.00,Facilities Managers,Written Expression,3.62,Abilities,11,42,two_level_random_sample,EXP_20260312_095228
11-3013.00,Facilities Managers,Fluency of Ideas,2.88,Abilities,11,42,two_level_random_sample,EXP_20260312_095228
11-3013.00,Facilities Managers,Originality,2.75,Abilities,11,42,two_level_random_sample,EXP_20260312_095228
11-3013.00,Facilities Managers,Problem Sensitivity,3.75,Abilities,11,42,two_level_random_sample,EXP_20260312_095228
11-3013.00,Facilities Managers,Deductive Reasoning,3.62,Abilities,11,42,two_level_random_sample,EXP_20260312_095228
11-3013.00,Facilities Managers,Inductive Reasoning,3.62,Abilities,11,42,two_level_random_sample,EXP_20260312_095228
11-3013.00,Facilities Managers,Information Ordering,3.75,Abilities,11,42,two_level_random_sample,EXP_20260312_095228
11-3013.00,Facilities Managers,Category Flexibility,3.12,Abilities,11,42,two_level_random_sample,EXP_20260312_095228
11-3013.00,Facilities Managers,Mathematical Reasoning,2.75,Abilities,11,42,two_level_random_sample,EXP_20260312_095228
11-3013.00,Facilities Managers,Number Facility,2.62,Abilities,11,42,two_level_random_sample,EXP_20260312_095228
11-3013.00,Facilities Managers,Memorization,2.5,Abilities,11,42,two_level_random_sample,EXP_20260312_095228
11-3013.00,Facilities Managers,Speed of Closure,2.5,Abilities,11,42,two_level_random_sample,EXP_20260312_095228
11-3013.00,Facilities Managers,Flexibility of Closure,2.88,Abilities,11,42,two_level_random_sample,EXP_20260312_095228
11-3013.00,Facilities Managers,Perceptual Speed,2.75,Abilities,11,42,two_level_random_sample,EXP_20260312_095228
11-3013.00,Facilities Managers,Spatial Orientation,2.5,Abilities,11,42,two_level_random_sample,EXP_20260312_095228
11-3013.00,Facilities Managers,Visualization,2.62,Abilities,11,42,two_level_random_sample,EXP_20260312_095228
11-3013.00,Facilities Managers,Selective Attention,2.88,Abilities,11,42,two_level_random_sample,EXP_20260312_095228
11-3013.00,Facilities Managers,Time Sharing,2.62,Abilities,11,42,two_level_random_sample,EXP_20260312_095228
11-3013.00,Facilities Managers,Arm-Hand Steadiness,2.62,Abilities,11,42,two_level_random_sample,EXP_20260312_095228
11-3013.00,Facilities Managers,Manual Dexterity,2.5,Abilities,11,42,two_level_random_sample,EXP_20260312_095228
11-3013.00,Facilities Managers,Finger Dexterity,2.38,Abilities,11,42,two_level_random_sample,EXP_20260312_095228
11-3013.00,Facilities Managers,Control Precision,2.38,Abilities,11,42,two_level_random_sample,EXP_20260312_095228
11-3013.00,Facilities Managers,Multilimb Coordination,2.12,Abilities,11,42,two_level_random_sample,EXP_20260312_095228
11-3013.00,Facilities Managers,Response Orientation,2.0,Abilities,11,42,two_level_random_sample,EXP_20260312_095228
11-3013.00,Facilities Managers,Rate Control,1.88,Abilities,11,42,two_level_random_sample,EXP_20260312_095228
11-3013.00,Facilities Managers,Reaction Time,2.0,Abilities,11,42,two_level_random_sample,EXP_20260312_095228
11-3013.00,Facilities Managers,Wrist-Finger Speed,2.12,Abilities,11,42,two_level_random_sample,EXP_20260312_095228
11-3013.00,Facilities Managers,Speed of Limb Movement,1.12,Abilities,11,42,two_level_random_sample,EXP_20260312_095228
11-3013.00,Facilities Managers,Static Strength,2.0,Abilities,11,42,two_level_random_sample,EXP_20260312_095228
11-3013.00,Facilities Managers,Explosive Strength,1.88,Abilities,11,42,two_level_random_sample,EXP_20260312_095228
11-3013.00,Facilities Managers,Dynamic Strength,1.88,Abilities,11,42,two_level_random_sample,EXP_20260312_095228
11-3013.00,Facilities Managers,Trunk Strength,2.62,Abilities,11,42,two_level_random_sample,EXP_20260312_095228
11-3013.00,Facilities Managers,Stamina,2.12,Abilities,11,42,two_level_random_sample,EXP_20260312_095228
11-3013.00,Facilities Managers,Extent Flexibility,2.25,Abilities,11,42,two_level_random_sample,EXP_20260312_095228
11-3013.00,Facilities Managers,Dynamic Flexibility,1.25,Abilities,11,42,two_level_random_sample,EXP_20260312_095228
11-3013.00,Facilities Managers,Gross Body Coordination,1.88,Abilities,11,42,two_level_random_sample,EXP_20260312_095228
11-3013.00,Facilities Managers,Gross Body Equilibrium,1.88,Abilities,11,42,two_level_random_sample,EXP_20260312_095228
11-3013.00,Facilities Managers,Near Vision,3.5,Abilities,11,42,two_level_random_sample,EXP_20260312_095228
11-3013.00,Facilities Managers,Far Vision,3.12,Abilities,11,42,two_level_random_sample,EXP_20260312_095228
11-3013.00,Facilities Managers,Visual Color Discrimination,2.38,Abilities,11,42,two_level_random_sample,EXP_20260312_095228
11-3013.00,Facilities Managers,Night Vision,1.75,Abilities,11,42,two_level_random_sample,EXP_20260312_095228
11-3013.00,Facilities Managers,Peripheral Vision,2.12,Abilities,11,42,two_level_random_sample,EXP_20260312_095228
11-3013.00,Facilities Managers,Depth Perception,2.38,Abilities,11,42,two_level_random_sample,EXP_20260312_095228
11-3013.00,Facilities Managers,Glare Sensitivity,1.75,Abilities,11,42,two_level_random_sample,EXP_20260312_095228
11-3013.00,Facilities Managers,Hearing Sensitivity,2.12,Abilities,11,42,two_level_random_sample,EXP_20260312_095228
11-3013.00,Facilities Managers,Auditory Attention,2.38,Abilities,11,42,two_level_random_sample,EXP_20260312_095228
11-3013.00,Facilities Managers,Sound Localization,1.75,Abilities,11,42,two_level_random_sample,EXP_20260312_095228
11-3013.00,Facilities Managers,Speech Recognition,3.62,Abilities,11,42,two_level_random_sample,EXP_20260312_095228
11-3013.00,Facilities Managers,Speech Clarity,3.5,Abilities,11,42,two_level_random_sample,EXP_20260312_095228
11-3061.00,Purchasing Managers,Oral Comprehension,4.0,Abilities,11,42,two_level_random_sample,EXP_20260312_095228
11-3061.00,Purchasing Managers,Written Comprehension,3.88,Abilities,11,42,two_level_random_sample,EXP_20260312_095228
11-3061.00,Purchasing Managers,Oral Expression,4.0,Abilities,11,42,two_level_random_sample,EXP_20260312_095228
11-3061.00,Purchasing Managers,Written Expression,3.75,Abilities,11,42,two_level_random_sample,EXP_20260312_095228
11-3061.00,Purchasing Managers,Fluency of Ideas,3.88,Abilities,11,42,two_level_random_sample,EXP_20260312_095228
11-3061.00,Purchasing Managers,Originality,3.5,Abilities,11,42,two_level_random_sample,EXP_20260312_095228
11-3061.00,Purchasing Managers,Problem Sensitivity,3.62,Abilities,11,42,two_level_random_sample,EXP_20260312_095228
11-3061.00,Purchasing Managers,Deductive Reasoning,3.88,Abilities,11,42,two_level_random_sample,EXP_20260312_095228
11-3061.00,Purchasing Managers,Inductive Reasoning,3.62,Abilities,11,42,two_level_random_sample,EXP_20260312_095228
11-3061.00,Purchasing Managers,Information Ordering,3.75,Abilities,11,42,two_level_random_sample,EXP_20260312_095228
11-3061.00,Purchasing Managers,Category Flexibility,3.12,Abilities,11,42,two_level_random_sample,EXP_20260312_095228
11-3061.00,Purchasing Managers,Mathematical Reasoning,3.12,Abilities,11,42,two_level_random_sample,EXP_20260312_095228
11-3061.00,Purchasing Managers,Number Facility,3.25,Abilities,11,42,two_level_random_sample,EXP_20260312_095228
11-3061.00,Purchasing Managers,Memorization,2.62,Abilities,11,42,two_level_random_sample,EXP_20260312_095228
11-3061.00,Purchasing Managers,Speed of Closure,2.75,Abilities,11,42,two_level_random_sample,EXP_20260312_095228
11-3061.00,Purchasing Managers,Flexibility of Closure,2.75,Abilities,11,42,two_level_random_sample,EXP_20260312_095228
11-3061.00,Purchasing Managers,Perceptual Speed,2.75,Abilities,11,42,two_level_random_sample,EXP_20260312_095228
11-3061.00,Purchasing Managers,Spatial Orientation,1.0,Abilities,11,42,two_level_random_sample,EXP_20260312_095228
11-3061.00,Purchasing Managers,Visualization,2.25,Abilities,11,42,two_level_random_sample,EXP_20260312_095228
11-3061.00,Purchasing Managers,Selective Attention,3.25,Abilities,11,42,two_level_random_sample,EXP_20260312_095228
11-3061.00,Purchasing Managers,Time Sharing,2.62,Abilities,11,42,two_level_random_sample,EXP_20260312_095228
11-3061.00,Purchasing Managers,Arm-Hand Steadiness,1.0,Abilities,11,42,two_level_random_sample,EXP_20260312_095228
11-3061.00,Purchasing Managers,Manual Dexterity,1.0,Abilities,11,42,two_level_random_sample,EXP_20260312_095228
11-3061.00,Purchasing Managers,Finger Dexterity,1.0,Abilities,11,42,two_level_random_sample,EXP_20260312_095228
11-3061.00,Purchasing Managers,Control Precision,1.0,Abilities,11,42,two_level_random_sample,EXP_20260312_095228
11-3061.00,Purchasing Managers,Multilimb Coordination,1.0,Abilities,11,42,two_level_random_sample,EXP_20260312_095228
11-3061.00,Purchasing Managers,Response Orientation,1.0,Abilities,11,42,two_level_random_sample,EXP_20260312_095228
11-3061.00,Purchasing Managers,Rate Control,1.0,Abilities,11,42,two_level_random_sample,EXP_20260312_095228
11-3061.00,Purchasing Managers,Reaction Time,1.0,Abilities,11,42,two_level_random_sample,EXP_20260312_095228
11-3061.00,Purchasing Managers,Wrist-Finger Speed,1.38,Abilities,11,42,two_level_random_sample,EXP_20260312_095228
11-3061.00,Purchasing Managers,Speed of Limb Movement,1.0,Abilities,11,42,two_level_random_sample,EXP_20260312_095228
11-3061.00,Purchasing Managers,Static Strength,1.0,Abilities,11,42,two_level_random_sample,EXP_20260312_095228
11-3061.00,Purchasing Managers,Explosive Strength,1.0,Abilities,11,42,two_level_random_sample,EXP_20260312_095228
11-3061.00,Purchasing Managers,Dynamic Strength,1.5,Abilities,11,42,two_level_random_sample,EXP_20260312_095228
11-3061.00,Purchasing Managers,Trunk Strength,1.75,Abilities,11,42,two_level_random_sample,EXP_20260312_095228
11-3061.00,Purchasing Managers,Stamina,1.0,Abilities,11,42,two_level_random_sample,EXP_20260312_095228
11-3061.00,Purchasing Managers,Extent Flexibility,1.0,Abilities,11,42,two_level_random_sample,EXP_20260312_095228
11-3061.00,Purchasing Managers,Dynamic Flexibility,1.0,Abilities,11,42,two_level_random_sample,EXP_20260312_095228
11-3061.00,Purchasing Managers,Gross Body Coordination,1.0,Abilities,11,42,two_level_random_sample,EXP_20260312_095228
11-3061.00,Purchasing Managers,Gross Body Equilibrium,1.0,Abilities,11,42,two_level_random_sample,EXP_20260312_095228
11-3061.00,Purchasing Managers,Near Vision,3.25,Abilities,11,42,two_level_random_sample,EXP_20260312_095228
11-3061.00,Purchasing Managers,Far Vision,2.62,Abilities,11,42,two_level_random_sample,EXP_20260312_095228
11-3061.00,Purchasing Managers,Visual Color Discrimination,2.12,Abilities,11,42,two_level_random_sample,EXP_20260312_095228
11-3061.00,Purchasing Managers,Night Vision,1.0,Abilities,11,42,two_level_random_sample,EXP_20260312_095228
11-3061.00,Purchasing Managers,Peripheral Vision,1.0,Abilities,11,42,two_level_random_sample,EXP_20260312_095228
11-3061.00,Purchasing Managers,Depth Perception,2.0,Abilities,11,42,two_level_random_sample,EXP_20260312_095228
11-3061.00,Purchasing Managers,Glare Sensitivity,1.0,Abilities,11,42,two_level_random_sample,EXP_20260312_095228
11-3061.00,Purchasing Managers,Hearing Sensitivity,2.0,Abilities,11,42,two_level_random_sample,EXP_20260312_095228
11-3061.00,Purchasing Managers,Auditory Attention,2.25,Abilities,11,42,two_level_random_sample,EXP_20260312_095228
11-3061.00,Purchasing Managers,Sound Localization,1.0,Abilities,11,42,two_level_random_sample,EXP_20260312_095228
11-3061.00,Purchasing Managers,Speech Recognition,3.88,Abilities,11,42,two_level_random_sample,EXP_20260312_095228
11-3061.00,Purchasing Managers,Speech Clarity,3.88,Abilities,11,42,two_level_random_sample,EXP_20260312_095228
11-3071.04,Supply Chain Managers,Oral Comprehension,4.0,Abilities,11,42,two_level_random_sample,EXP_20260312_095228
11-3071.04,Supply Chain Managers,Written Comprehension,4.0,Abilities,11,42,two_level_random_sample,EXP_20260312_095228
11-3071.04,Supply Chain Managers,Oral Expression,4.0,Abilities,11,42,two_level_random_sample,EXP_20260312_095228
11-3071.04,Supply Chain Managers,Written Expression,4.0,Abilities,11,42,two_level_random_sample,EXP_20260312_095228
11-3071.04,Supply Chain Managers,Fluency of Ideas,3.12,Abilities,11,42,two_level_random_sample,EXP_20260312_095228
11-3071.04,Supply Chain Managers,Originality,3.25,Abilities,11,42,two_level_random_sample,EXP_20260312_095228
11-3071.04,Supply Chain Managers,Problem Sensitivity,3.88,Abilities,11,42,two_level_random_sample,EXP_20260312_095228
11-3071.04,Supply Chain Managers,Deductive Reasoning,3.88,Abilities,11,42,two_level_random_sample,EXP_20260312_095228
11-3071.04,Supply Chain Managers,Inductive Reasoning,3.88,Abilities,11,42,two_level_random_sample,EXP_20260312_095228
11-3071.04,Supply Chain Managers,Information Ordering,3.88,Abilities,11,42,two_level_random_sample,EXP_20260312_095228
11-3071.04,Supply Chain Managers,Category Flexibility,3.75,Abilities,11,42,two_level_random_sample,EXP_20260312_095228
11-3071.04,Supply Chain Managers,Mathematical Reasoning,3.12,Abilities,11,42,two_level_random_sample,EXP_20260312_095228
11-3071.04,Supply Chain Managers,Number Facility,3.0,Abilities,11,42,two_level_random_sample,EXP_20260312_095228
11-3071.04,Supply Chain Managers,Memorization,2.62,Abilities,11,42,two_level_random_sample,EXP_20260312_095228
11-3071.04,Supply Chain Managers,Speed of Closure,2.62,Abilities,11,42,two_level_random_sample,EXP_20260312_095228
11-3071.04,Supply Chain Managers,Flexibility of Closure,3.0,Abilities,11,42,two_level_random_sample,EXP_20260312_095228
11-3071.04,Supply Chain Managers,Perceptual Speed,2.88,Abilities,11,42,two_level_random_sample,EXP_20260312_095228
11-3071.04,Supply Chain Managers,Spatial Orientation,1.0,Abilities,11,42,two_level_random_sample,EXP_20260312_095228
11-3071.04,Supply Chain Managers,Visualization,2.62,Abilities,11,42,two_level_random_sample,EXP_20260312_095228
11-3071.04,Supply Chain Managers,Selective Attention,3.12,Abilities,11,42,two_level_random_sample,EXP_20260312_095228
11-3071.04,Supply Chain Managers,Time Sharing,2.62,Abilities,11,42,two_level_random_sample,EXP_20260312_095228
11-3071.04,Supply Chain Managers,Arm-Hand Steadiness,1.0,Abilities,11,42,two_level_random_sample,EXP_20260312_095228
11-3071.04,Supply Chain Managers,Manual Dexterity,1.0,Abilities,11,42,two_level_random_sample,EXP_20260312_095228
11-3071.04,Supply Chain Managers,Finger Dexterity,1.88,Abilities,11,42,two_level_random_sample,EXP_20260312_095228
11-3071.04,Supply Chain Managers,Control Precision,1.12,Abilities,11,42,two_level_random_sample,EXP_20260312_095228
11-3071.04,Supply Chain Managers,Multilimb Coordination,1.0,Abilities,11,42,two_level_random_sample,EXP_20260312_095228
11-3071.04,Supply Chain Managers,Response Orientation,1.0,Abilities,11,42,two_level_random_sample,EXP_20260312_095228
11-3071.04,Supply Chain Managers,Rate Control,1.0,Abilities,11,42,two_level_random_sample,EXP_20260312_095228
11-3071.04,Supply Chain Managers,Reaction Time,1.0,Abilities,11,42,two_level_random_sample,EXP_20260312_095228
11-3071.04,Supply Chain Managers,Wrist-Finger Speed,1.25,Abilities,11,42,two_level_random_sample,EXP_20260312_095228
11-3071.04,Supply Chain Managers,Speed of Limb Movement,1.0,Abilities,11,42,two_level_random_sample,EXP_20260312_095228
11-3071.04,Supply Chain Managers,Static Strength,1.0,Abilities,11,42,two_level_random_sample,EXP_20260312_095228
11-3071.04,Supply Chain Managers,Explosive Strength,1.0,Abilities,11,42,two_level_random_sample,EXP_20260312_095228
11-3071.04,Supply Chain Managers,Dynamic Strength,1.0,Abilities,11,42,two_level_random_sample,EXP_20260312_095228
11-3071.04,Supply Chain Managers,Trunk Strength,1.62,Abilities,11,42,two_level_random_sample,EXP_20260312_095228
11-3071.04,Supply Chain Managers,Stamina,1.0,Abilities,11,42,two_level_random_sample,EXP_20260312_095228
11-3071.04,Supply Chain Managers,Extent Flexibility,1.0,Abilities,11,42,two_level_random_sample,EXP_20260312_095228
11-3071.04,Supply Chain Managers,Dynamic Flexibility,1.0,Abilities,11,42,two_level_random_sample,EXP_20260312_095228
11-3071.04,Supply Chain Managers,Gross Body Coordination,1.0,Abilities,11,42,two_level_random_sample,EXP_20260312_095228
11-3071.04,Supply Chain Managers,Gross Body Equilibrium,1.0,Abilities,11,42,two_level_random_sample,EXP_20260312_095228
11-3071.04,Supply Chain Managers,Near Vision,3.62,Abilities,11,42,two_level_random_sample,EXP_20260312_095228
11-3071.04,Supply Chain Managers,Far Vision,2.88,Abilities,11,42,two_level_random_sample,EXP_20260312_095228
11-3071.04,Supply Chain Managers,Visual Color Discrimination,2.5,Abilities,11,42,two_level_random_sample,EXP_20260312_095228
11-3071.04,Supply Chain Managers,Night Vision,1.0,Abilities,11,42,two_level_random_sample,EXP_20260312_095228
11-3071.04,Supply Chain Managers,Peripheral Vision,1.0,Abilities,11,42,two_level_random_sample,EXP_20260312_095228
11-3071.04,Supply Chain Managers,Depth Perception,2.0,Abilities,11,42,two_level_random_sample,EXP_20260312_095228
11-3071.04,Supply Chain Managers,Glare Sensitivity,1.0,Abilities,11,42,two_level_random_sample,EXP_20260312_095228
11-3071.04,Supply Chain Managers,Hearing Sensitivity,1.88,Abilities,11,42,two_level_random_sample,EXP_20260312_095228
11-3071.04,Supply Chain Managers,Auditory Attention,2.12,Abilities,11,42,two_level_random_sample,EXP_20260312_095228
11-3071.04,Supply Chain Managers,Sound Localization,1.0,Abilities,11,42,two_level_random_sample,EXP_20260312_095228
11-3071.04,Supply Chain Managers,Speech Recognition,3.62,Abilities,11,42,two_level_random_sample,EXP_20260312_095228
11-3071.04,Supply Chain Managers,Speech Clarity,3.75,Abilities,11,42,two_level_random_sample,EXP_20260312_095228
11-9179.02,Spa Managers,Oral Comprehension,4.0,Abilities,11,42,two_level_random_sample,EXP_20260312_095228
11-9179.02,Spa Managers,Written Comprehension,3.62,Abilities,11,42,two_level_random_sample,EXP_20260312_095228
11-9179.02,Spa Managers,Oral Expression,4.0,Abilities,11,42,two_level_random_sample,EXP_20260312_095228
11-9179.02,Spa Managers,Written Expression,3.38,Abilities,11,42,two_level_random_sample,EXP_20260312_095228
11-9179.02,Spa Managers,Fluency of Ideas,3.5,Abilities,11,42,two_level_random_sample,EXP_20260312_095228
11-9179.02,Spa Managers,Originality,3.12,Abilities,11,42,two_level_random_sample,EXP_20260312_095228
11-9179.02,Spa Managers,Problem Sensitivity,4.0,Abilities,11,42,two_level_random_sample,EXP_20260312_095228
11-9179.02,Spa Managers,Deductive Reasoning,3.88,Abilities,11,42,two_level_random_sample,EXP_20260312_095228
11-9179.02,Spa Managers,Inductive Reasoning,3.62,Abilities,11,42,two_level_random_sample,EXP_20260312_095228
11-9179.02,Spa Managers,Information Ordering,3.38,Abilities,11,42,two_level_random_sample,EXP_20260312_095228
11-9179.02,Spa Managers,Category Flexibility,3.25,Abilities,11,42,two_level_random_sample,EXP_20260312_095228
11-9179.02,Spa Managers,Mathematical Reasoning,2.88,Abilities,11,42,two_level_random_sample,EXP_20260312_095228
11-9179.02,Spa Managers,Number Facility,3.0,Abilities,11,42,two_level_random_sample,EXP_20260312_095228
11-9179.02,Spa Managers,Memorization,2.5,Abilities,11,42,two_level_random_sample,EXP_20260312_095228
11-9179.02,Spa Managers,Speed of Closure,2.38,Abilities,11,42,two_level_random_sample,EXP_20260312_095228
11-9179.02,Spa Managers,Flexibility of Closure,2.75,Abilities,11,42,two_level_random_sample,EXP_20260312_095228
11-9179.02,Spa Managers,Perceptual Speed,2.62,Abilities,11,42,two_level_random_sample,EXP_20260312_095228
11-9179.02,Spa Managers,Spatial Orientation,1.12,Abilities,11,42,two_level_random_sample,EXP_20260312_095228
11-9179.02,Spa Managers,Visualization,2.5,Abilities,11,42,two_level_random_sample,EXP_20260312_095228
11-9179.02,Spa Managers,Selective Attention,3.0,Abilities,11,42,two_level_random_sample,EXP_20260312_095228
11-9179.02,Spa Managers,Time Sharing,2.88,Abilities,11,42,two_level_random_sample,EXP_20260312_095228
11-9179.02,Spa Managers,Arm-Hand Steadiness,2.0,Abilities,11,42,two_level_random_sample,EXP_20260312_095228
11-9179.02,Spa Managers,Manual Dexterity,1.88,Abilities,11,42,two_level_random_sample,EXP_20260312_095228
11-9179.02,Spa Managers,Finger Dexterity,2.38,Abilities,11,42,two_level_random_sample,EXP_20260312_095228
11-9179.02,Spa Managers,Control Precision,1.88,Abilities,11,42,two_level_random_sample,EXP_20260312_095228
11-9179.02,Spa Managers,Multilimb Coordination,2.0,Abilities,11,42,two_level_random_sample,EXP_20260312_095228
11-9179.02,Spa Managers,Response Orientation,1.88,Abilities,11,42,two_level_random_sample,EXP_20260312_095228
11-9179.02,Spa Managers,Rate Control,1.62,Abilities,11,42,two_level_random_sample,EXP_20260312_095228
11-9179.02,Spa Managers,Reaction Time,1.62,Abilities,11,42,two_level_random_sample,EXP_20260312_095228
11-9179.02,Spa Managers,Wrist-Finger Speed,1.62,Abilities,11,42,two_level_random_sample,EXP_20260312_095228
11-9179.02,Spa Managers,Speed of Limb Movement,1.75,Abilities,11,42,two_level_random_sample,EXP_20260312_095228
11-9179.02,Spa Managers,Static Strength,1.88,Abilities,11,42,two_level_random_sample,EXP_20260312_095228
11-9179.02,Spa Managers,Explosive Strength,1.0,Abilities,11,42,two_level_random_sample,EXP_20260312_095228
11-9179.02,Spa Managers,Dynamic Strength,1.75,Abilities,11,42,two_level_random_sample,EXP_20260312_095228
11-9179.02,Spa Managers,Trunk Strength,2.25,Abilities,11,42,two_level_random_sample,EXP_20260312_095228
11-9179.02,Spa Managers,Stamina,1.88,Abilities,11,42,two_level_random_sample,EXP_20260312_095228
11-9179.02,Spa Managers,Extent Flexibility,1.75,Abilities,11,42,two_level_random_sample,EXP_20260312_095228
11-9179.02,Spa Managers,Dynamic Flexibility,1.0,Abilities,11,42,two_level_random_sample,EXP_20260312_095228
11-9179.02,Spa Managers,Gross Body Coordination,1.88,Abilities,11,42,two_level_random_sample,EXP_20260312_095228
11-9179.02,Spa Managers,Gross Body Equilibrium,1.62,Abilities,11,42,two_level_random_sample,EXP_20260312_095228
11-9179.02,Spa Managers,Near Vision,3.25,Abilities,11,42,two_level_random_sample,EXP_20260312_095228
11-9179.02,Spa Managers,Far Vision,2.75,Abilities,11,42,two_level_random_sample,EXP_20260312_095228
11-9179.02,Spa Managers,Visual Color Discrimination,2.5,Abilities,11,42,two_level_random_sample,EXP_20260312_095228
11-9179.02,Spa Managers,Night Vision,1.0,Abilities,11,42,two_level_random_sample,EXP_20260312_095228
11-9179.02,Spa Managers,Peripheral Vision,1.0,Abilities,11,42,two_level_random_sample,EXP_20260312_095228
11-9179.02,Spa Managers,Depth Perception,1.88,Abilities,11,42,two_level_random_sample,EXP_20260312_095228
11-9179.02,Spa Managers,Glare Sensitivity,1.0,Abilities,11,42,two_level_random_sample,EXP_20260312_095228
11-9179.02,Spa Managers,Hearing Sensitivity,2.12,Abilities,11,42,two_level_random_sample,EXP_20260312_095228
11-9179.02,Spa Managers,Auditory Attention,2.25,Abilities,11,42,two_level_random_sample,EXP_20260312_095228
11-9179.02,Spa Managers,Sound Localization,1.0,Abilities,11,42,two_level_random_sample,EXP_20260312_095228
11-9179.02,Spa Managers,Speech Recognition,3.88,Abilities,11,42,two_level_random_sample,EXP_20260312_095228
11-9179.02,Spa Managers,Speech Clarity,3.88,Abilities,11,42,two_level_random_sample,EXP_20260312_095228
17-1012.00,Landscape Architects,Oral Comprehension,4.25,Abilities,17,42,two_level_random_sample,EXP_20260312_095228
17-1012.00,Landscape Architects,Written Comprehension,4.12,Abilities,17,42,two_level_random_sample,EXP_20260312_095228
17-1012.00,Landscape Architects,Oral Expression,4.25,Abilities,17,42,two_level_random_sample,EXP_20260312_095228
17-1012.00,Landscape Architects,Written Expression,4.0,Abilities,17,42,two_level_random_sample,EXP_20260312_095228
17-1012.00,Landscape Architects,Fluency of Ideas,4.0,Abilities,17,42,two_level_random_sample,EXP_20260312_095228
17-1012.00,Landscape Architects,Originality,4.12,Abilities,17,42,two_level_random_sample,EXP_20260312_095228
17-1012.00,Landscape Architects,Problem Sensitivity,3.88,Abilities,17,42,two_level_random_sample,EXP_20260312_095228
17-1012.00,Landscape Architects,Deductive Reasoning,4.0,Abilities,17,42,two_level_random_sample,EXP_20260312_095228
17-1012.00,Landscape Architects,Inductive Reasoning,4.0,Abilities,17,42,two_level_random_sample,EXP_20260312_095228
17-1012.00,Landscape Architects,Information Ordering,3.5,Abilities,17,42,two_level_random_sample,EXP_20260312_095228
17-1012.00,Landscape Architects,Category Flexibility,3.88,Abilities,17,42,two_level_random_sample,EXP_20260312_095228
17-1012.00,Landscape Architects,Mathematical Reasoning,3.0,Abilities,17,42,two_level_random_sample,EXP_20260312_095228
17-1012.00,Landscape Architects,Number Facility,3.0,Abilities,17,42,two_level_random_sample,EXP_20260312_095228
17-1012.00,Landscape Architects,Memorization,2.38,Abilities,17,42,two_level_random_sample,EXP_20260312_095228
17-1012.00,Landscape Architects,Speed of Closure,2.12,Abilities,17,42,two_level_random_sample,EXP_20260312_095228
17-1012.00,Landscape Architects,Flexibility of Closure,2.88,Abilities,17,42,two_level_random_sample,EXP_20260312_095228
17-1012.00,Landscape Architects,Perceptual Speed,2.38,Abilities,17,42,two_level_random_sample,EXP_20260312_095228
17-1012.00,Landscape Architects,Spatial Orientation,1.75,Abilities,17,42,two_level_random_sample,EXP_20260312_095228
17-1012.00,Landscape Architects,Visualization,4.12,Abilities,17,42,two_level_random_sample,EXP_20260312_095228
17-1012.00,Landscape Architects,Selective Attention,2.88,Abilities,17,42,two_level_random_sample,EXP_20260312_095228
17-1012.00,Landscape Architects,Time Sharing,2.75,Abilities,17,42,two_level_random_sample,EXP_20260312_095228
17-1012.00,Landscape Architects,Arm-Hand Steadiness,2.12,Abilities,17,42,two_level_random_sample,EXP_20260312_095228
17-1012.00,Landscape Architects,Manual Dexterity,2.0,Abilities,17,42,two_level_random_sample,EXP_20260312_095228
17-1012.00,Landscape Architects,Finger Dexterity,2.12,Abilities,17,42,two_level_random_sample,EXP_20260312_095228
17-1012.00,Landscape Architects,Control Precision,2.0,Abilities,17,42,two_level_random_sample,EXP_20260312_095228
17-1012.00,Landscape Architects,Multilimb Coordination,1.62,Abilities,17,42,two_level_random_sample,EXP_20260312_095228
17-1012.00,Landscape Architects,Response Orientation,1.0,Abilities,17,42,two_level_random_sample,EXP_20260312_095228
17-1012.00,Landscape Architects,Rate Control,1.0,Abilities,17,42,two_level_random_sample,EXP_20260312_095228
17-1012.00,Landscape Architects,Reaction Time,1.0,Abilities,17,42,two_level_random_sample,EXP_20260312_095228
17-1012.00,Landscape Architects,Wrist-Finger Speed,1.62,Abilities,17,42,two_level_random_sample,EXP_20260312_095228
17-1012.00,Landscape Architects,Speed of Limb Movement,1.0,Abilities,17,42,two_level_random_sample,EXP_20260312_095228
17-1012.00,Landscape Architects,Static Strength,1.0,Abilities,17,42,two_level_random_sample,EXP_20260312_095228
17-1012.00,Landscape Architects,Explosive Strength,1.0,Abilities,17,42,two_level_random_sample,EXP_20260312_095228
17-1012.00,Landscape Architects,Dynamic Strength,1.0,Abilities,17,42,two_level_random_sample,EXP_20260312_095228
17-1012.00,Landscape Architects,Trunk Strength,1.88,Abilities,17,42,two_level_random_sample,EXP_20260312_095228
17-1012.00,Landscape Architects,Stamina,1.0,Abilities,17,42,two_level_random_sample,EXP_20260312_095228
17-1012.00,Landscape Architects,Extent Flexibility,1.0,Abilities,17,42,two_level_random_sample,EXP_20260312_095228
17-1012.00,Landscape Architects,Dynamic Flexibility,1.0,Abilities,17,42,two_level_random_sample,EXP_20260312_095228
17-1012.00,Landscape Architects,Gross Body Coordination,1.0,Abilities,17,42,two_level_random_sample,EXP_20260312_095228
17-1012.00,Landscape Architects,Gross Body Equilibrium,1.0,Abilities,17,42,two_level_random_sample,EXP_20260312_095228
17-1012.00,Landscape Architects,Near Vision,3.88,Abilities,17,42,two_level_random_sample,EXP_20260312_095228
17-1012.00,Landscape Architects,Far Vision,3.12,Abilities,17,42,two_level_random_sample,EXP_20260312_095228
17-1012.00,Landscape Architects,Visual Color Discrimination,3.12,Abilities,17,42,two_level_random_sample,EXP_20260312_095228
17-1012.00,Landscape Architects,Night Vision,1.0,Abilities,17,42,two_level_random_sample,EXP_20260312_095228
17-1012.00,Landscape Architects,Peripheral Vision,1.0,Abilities,17,42,two_level_random_sample,EXP_20260312_095228
17-1012.00,Landscape Architects,Depth Perception,2.0,Abilities,17,42,two_level_random_sample,EXP_20260312_095228
17-1012.00,Landscape Architects,Glare Sensitivity,1.0,Abilities,17,42,two_level_random_sample,EXP_20260312_095228
17-1012.00,Landscape Architects,Hearing Sensitivity,1.88,Abilities,17,42,two_level_random_sample,EXP_20260312_095228
17-1012.00,Landscape Architects,Auditory Attention,2.0,Abilities,17,42,two_level_random_sample,EXP_20260312_095228
17-1012.00,Landscape Architects,Sound Localization,1.0,Abilities,17,42,two_level_random_sample,EXP_20260312_095228
17-1012.00,Landscape Architects,Speech Recognition,3.88,Abilities,17,42,two_level_random_sample,EXP_20260312_095228
17-1012.00,Landscape Architects,Speech Clarity,3.88,Abilities,17,42,two_level_random_sample,EXP_20260312_095228
17-2031.00,Bioengineers and Biomedical Engineers,Oral Comprehension,4.0,Abilities,17,42,two_level_random_sample,EXP_20260312_095228
17-2031.00,Bioengineers and Biomedical Engineers,Written Comprehension,4.0,Abilities,17,42,two_level_random_sample,EXP_20260312_095228
17-2031.00,Bioengineers and Biomedical Engineers,Oral Expression,4.0,Abilities,17,42,two_level_random_sample,EXP_20260312_095228
17-2031.00,Bioengineers and Biomedical Engineers,Written Expression,4.0,Abilities,17,42,two_level_random_sample,EXP_20260312_095228
17-2031.00,Bioengineers and Biomedical Engineers,Fluency of Ideas,3.75,Abilities,17,42,two_level_random_sample,EXP_20260312_095228
17-2031.00,Bioengineers and Biomedical Engineers,Originality,3.62,Abilities,17,42,two_level_random_sample,EXP_20260312_095228
17-2031.00,Bioengineers and Biomedical Engineers,Problem Sensitivity,4.0,Abilities,17,42,two_level_random_sample,EXP_20260312_095228
17-2031.00,Bioengineers and Biomedical Engineers,Deductive Reasoning,4.0,Abilities,17,42,two_level_random_sample,EXP_20260312_095228
17-2031.00,Bioengineers and Biomedical Engineers,Inductive Reasoning,4.12,Abilities,17,42,two_level_random_sample,EXP_20260312_095228
17-2031.00,Bioengineers and Biomedical Engineers,Information Ordering,3.88,Abilities,17,42,two_level_random_sample,EXP_20260312_095228
17-2031.00,Bioengineers and Biomedical Engineers,Category Flexibility,3.62,Abilities,17,42,two_level_random_sample,EXP_20260312_095228
17-2031.00,Bioengineers and Biomedical Engineers,Mathematical Reasoning,3.75,Abilities,17,42,two_level_random_sample,EXP_20260312_095228
17-2031.00,Bioengineers and Biomedical Engineers,Number Facility,3.38,Abilities,17,42,two_level_random_sample,EXP_20260312_095228
17-2031.00,Bioengineers and Biomedical Engineers,Memorization,2.75,Abilities,17,42,two_level_random_sample,EXP_20260312_095228
17-2031.00,Bioengineers and Biomedical Engineers,Speed of Closure,2.75,Abilities,17,42,two_level_random_sample,EXP_20260312_095228
17-2031.00,Bioengineers and Biomedical Engineers,Flexibility of Closure,3.38,Abilities,17,42,two_level_random_sample,EXP_20260312_095228
17-2031.00,Bioengineers and Biomedical Engineers,Perceptual Speed,3.0,Abilities,17,42,two_level_random_sample,EXP_20260312_095228
17-2031.00,Bioengineers and Biomedical Engineers,Spatial Orientation,1.12,Abilities,17,42,two_level_random_sample,EXP_20260312_095228
17-2031.00,Bioengineers and Biomedical Engineers,Visualization,3.5,Abilities,17,42,two_level_random_sample,EXP_20260312_095228
17-2031.00,Bioengineers and Biomedical Engineers,Selective Attention,3.12,Abilities,17,42,two_level_random_sample,EXP_20260312_095228
17-2031.00,Bioengineers and Biomedical Engineers,Time Sharing,2.62,Abilities,17,42,two_level_random_sample,EXP_20260312_095228
17-2031.00,Bioengineers and Biomedical Engineers,Arm-Hand Steadiness,2.62,Abilities,17,42,two_level_random_sample,EXP_20260312_095228
17-2031.00,Bioengineers and Biomedical Engineers,Manual Dexterity,2.12,Abilities,17,42,two_level_random_sample,EXP_20260312_095228
17-2031.00,Bioengineers and Biomedical Engineers,Finger Dexterity,2.12,Abilities,17,42,two_level_random_sample,EXP_20260312_095228
17-2031.00,Bioengineers and Biomedical Engineers,Control Precision,2.12,Abilities,17,42,two_level_random_sample,EXP_20260312_095228
17-2031.00,Bioengineers and Biomedical Engineers,Multilimb Coordination,1.38,Abilities,17,42,two_level_random_sample,EXP_20260312_095228
17-2031.00,Bioengineers and Biomedical Engineers,Response Orientation,1.12,Abilities,17,42,two_level_random_sample,EXP_20260312_095228
17-2031.00,Bioengineers and Biomedical Engineers,Rate Control,1.25,Abilities,17,42,two_level_random_sample,EXP_20260312_095228
17-2031.00,Bioengineers and Biomedical Engineers,Reaction Time,1.25,Abilities,17,42,two_level_random_sample,EXP_20260312_095228
17-2031.00,Bioengineers and Biomedical Engineers,Wrist-Finger Speed,1.75,Abilities,17,42,two_level_random_sample,EXP_20260312_095228
17-2031.00,Bioengineers and Biomedical Engineers,Speed of Limb Movement,1.0,Abilities,17,42,two_level_random_sample,EXP_20260312_095228
17-2031.00,Bioengineers and Biomedical Engineers,Static Strength,1.12,Abilities,17,42,two_level_random_sample,EXP_20260312_095228
17-2031.00,Bioengineers and Biomedical Engineers,Explosive Strength,1.0,Abilities,17,42,two_level_random_sample,EXP_20260312_095228
17-2031.00,Bioengineers and Biomedical Engineers,Dynamic Strength,1.0,Abilities,17,42,two_level_random_sample,EXP_20260312_095228
17-2031.00,Bioengineers and Biomedical Engineers,Trunk Strength,1.62,Abilities,17,42,two_level_random_sample,EXP_20260312_095228
17-2031.00,Bioengineers and Biomedical Engineers,Stamina,1.0,Abilities,17,42,two_level_random_sample,EXP_20260312_095228
17-2031.00,Bioengineers and Biomedical Engineers,Extent Flexibility,1.62,Abilities,17,42,two_level_random_sample,EXP_20260312_095228
17-2031.00,Bioengineers and Biomedical Engineers,Dynamic Flexibility,1.0,Abilities,17,42,two_level_random_sample,EXP_20260312_095228
17-2031.00,Bioengineers and Biomedical Engineers,Gross Body Coordination,1.0,Abilities,17,42,two_level_random_sample,EXP_20260312_095228
17-2031.00,Bioengineers and Biomedical Engineers,Gross Body Equilibrium,1.0,Abilities,17,42,two_level_random_sample,EXP_20260312_095228
17-2031.00,Bioengineers and Biomedical Engineers,Near Vision,3.88,Abilities,17,42,two_level_random_sample,EXP_20260312_095228
17-2031.00,Bioengineers and Biomedical Engineers,Far Vision,2.88,Abilities,17,42,two_level_random_sample,EXP_20260312_095228
17-2031.00,Bioengineers and Biomedical Engineers,Visual Color Discrimination,2.75,Abilities,17,42,two_level_random_sample,EXP_20260312_095228
17-2031.00,Bioengineers and Biomedical Engineers,Night Vision,1.0,Abilities,17,42,two_level_random_sample,EXP_20260312_095228
17-2031.00,Bioengineers and Biomedical Engineers,Peripheral Vision,1.12,Abilities,17,42,two_level_random_sample,EXP_20260312_095228
17-2031.00,Bioengineers and Biomedical Engineers,Depth Perception,2.12,Abilities,17,42,two_level_random_sample,EXP_20260312_095228
17-2031.00,Bioengineers and Biomedical Engineers,Glare Sensitivity,1.0,Abilities,17,42,two_level_random_sample,EXP_20260312_095228
17-2031.00,Bioengineers and Biomedical Engineers,Hearing Sensitivity,1.88,Abilities,17,42,two_level_random_sample,EXP_20260312_095228
17-2031.00,Bioengineers and Biomedical Engineers,Auditory Attention,2.12,Abilities,17,42,two_level_random_sample,EXP_20260312_095228
17-2031.00,Bioengineers and Biomedical Engineers,Sound Localization,1.0,Abilities,17,42,two_level_random_sample,EXP_20260312_095228
17-2031.00,Bioengineers and Biomedical Engineers,Speech Recognition,3.5,Abilities,17,42,two_level_random_sample,EXP_20260312_095228
17-2031.00,Bioengineers and Biomedical Engineers,Speech Clarity,3.38,Abilities,17,42,two_level_random_sample,EXP_20260312_095228
17-2111.02,Fire-Prevention and Protection Engineers,Oral Comprehension,4.0,Abilities,17,42,two_level_random_sample,EXP_20260312_095228
17-2111.02,Fire-Prevention and Protection Engineers,Written Comprehension,4.0,Abilities,17,42,two_level_random_sample,EXP_20260312_095228
17-2111.02,Fire-Prevention and Protection Engineers,Oral Expression,4.0,Abilities,17,42,two_level_random_sample,EXP_20260312_095228
17-2111.02,Fire-Prevention and Protection Engineers,Written Expression,4.0,Abilities,17,42,two_level_random_sample,EXP_20260312_095228
17-2111.02,Fire-Prevention and Protection Engineers,Fluency of Ideas,3.5,Abilities,17,42,two_level_random_sample,EXP_20260312_095228
17-2111.02,Fire-Prevention and Protection Engineers,Originality,3.25,Abilities,17,42,two_level_random_sample,EXP_20260312_095228
17-2111.02,Fire-Prevention and Protection Engineers,Problem Sensitivity,4.38,Abilities,17,42,two_level_random_sample,EXP_20260312_095228
17-2111.02,Fire-Prevention and Protection Engineers,Deductive Reasoning,4.12,Abilities,17,42,two_level_random_sample,EXP_20260312_095228
17-2111.02,Fire-Prevention and Protection Engineers,Inductive Reasoning,4.12,Abilities,17,42,two_level_random_sample,EXP_20260312_095228
17-2111.02,Fire-Prevention and Protection Engineers,Information Ordering,3.88,Abilities,17,42,two_level_random_sample,EXP_20260312_095228
17-2111.02,Fire-Prevention and Protection Engineers,Category Flexibility,3.88,Abilities,17,42,two_level_random_sample,EXP_20260312_095228
17-2111.02,Fire-Prevention and Protection Engineers,Mathematical Reasoning,3.25,Abilities,17,42,two_level_random_sample,EXP_20260312_095228
17-2111.02,Fire-Prevention and Protection Engineers,Number Facility,3.12,Abilities,17,42,two_level_random_sample,EXP_20260312_095228
17-2111.02,Fire-Prevention and Protection Engineers,Memorization,2.62,Abilities,17,42,two_level_random_sample,EXP_20260312_095228
17-2111.02,Fire-Prevention and Protection Engineers,Speed of Closure,3.0,Abilities,17,42,two_level_random_sample,EXP_20260312_095228
17-2111.02,Fire-Prevention and Protection Engineers,Flexibility of Closure,3.75,Abilities,17,42,two_level_random_sample,EXP_20260312_095228
17-2111.02,Fire-Prevention and Protection Engineers,Perceptual Speed,3.12,Abilities,17,42,two_level_random_sample,EXP_20260312_095228
17-2111.02,Fire-Prevention and Protection Engineers,Spatial Orientation,1.75,Abilities,17,42,two_level_random_sample,EXP_20260312_095228
17-2111.02,Fire-Prevention and Protection Engineers,Visualization,3.38,Abilities,17,42,two_level_random_sample,EXP_20260312_095228
17-2111.02,Fire-Prevention and Protection Engineers,Selective Attention,2.88,Abilities,17,42,two_level_random_sample,EXP_20260312_095228
17-2111.02,Fire-Prevention and Protection Engineers,Time Sharing,2.5,Abilities,17,42,two_level_random_sample,EXP_20260312_095228
17-2111.02,Fire-Prevention and Protection Engineers,Arm-Hand Steadiness,1.0,Abilities,17,42,two_level_random_sample,EXP_20260312_095228
17-2111.02,Fire-Prevention and Protection Engineers,Manual Dexterity,1.0,Abilities,17,42,two_level_random_sample,EXP_20260312_095228
17-2111.02,Fire-Prevention and Protection Engineers,Finger Dexterity,1.88,Abilities,17,42,two_level_random_sample,EXP_20260312_095228
17-2111.02,Fire-Prevention and Protection Engineers,Control Precision,1.5,Abilities,17,42,two_level_random_sample,EXP_20260312_095228
17-2111.02,Fire-Prevention and Protection Engineers,Multilimb Coordination,1.38,Abilities,17,42,two_level_random_sample,EXP_20260312_095228
17-2111.02,Fire-Prevention and Protection Engineers,Response Orientation,1.0,Abilities,17,42,two_level_random_sample,EXP_20260312_095228
17-2111.02,Fire-Prevention and Protection Engineers,Rate Control,1.0,Abilities,17,42,two_level_random_sample,EXP_20260312_095228
17-2111.02,Fire-Prevention and Protection Engineers,Reaction Time,1.0,Abilities,17,42,two_level_random_sample,EXP_20260312_095228
17-2111.02,Fire-Prevention and Protection Engineers,Wrist-Finger Speed,1.88,Abilities,17,42,two_level_random_sample,EXP_20260312_095228
17-2111.02,Fire-Prevention and Protection Engineers,Speed of Limb Movement,1.0,Abilities,17,42,two_level_random_sample,EXP_20260312_095228
17-2111.02,Fire-Prevention and Protection Engineers,Static Strength,1.0,Abilities,17,42,two_level_random_sample,EXP_20260312_095228
17-2111.02,Fire-Prevention and Protection Engineers,Explosive Strength,1.0,Abilities,17,42,two_level_random_sample,EXP_20260312_095228
17-2111.02,Fire-Prevention and Protection Engineers,Dynamic Strength,1.0,Abilities,17,42,two_level_random_sample,EXP_20260312_095228
17-2111.02,Fire-Prevention and Protection Engineers,Trunk Strength,1.88,Abilities,17,42,two_level_random_sample,EXP_20260312_095228
17-2111.02,Fire-Prevention and Protection Engineers,Stamina,1.12,Abilities,17,42,two_level_random_sample,EXP_20260312_095228
17-2111.02,Fire-Prevention and Protection Engineers,Extent Flexibility,1.25,Abilities,17,42,two_level_random_sample,EXP_20260312_095228
17-2111.02,Fire-Prevention and Protection Engineers,Dynamic Flexibility,1.0,Abilities,17,42,two_level_random_sample,EXP_20260312_095228
17-2111.02,Fire-Prevention and Protection Engineers,Gross Body Coordination,1.12,Abilities,17,42,two_level_random_sample,EXP_20260312_095228
17-2111.02,Fire-Prevention and Protection Engineers,Gross Body Equilibrium,1.12,Abilities,17,42,two_level_random_sample,EXP_20260312_095228
17-2111.02,Fire-Prevention and Protection Engineers,Near Vision,4.0,Abilities,17,42,two_level_random_sample,EXP_20260312_095228
17-2111.02,Fire-Prevention and Protection Engineers,Far Vision,3.5,Abilities,17,42,two_level_random_sample,EXP_20260312_095228
17-2111.02,Fire-Prevention and Protection Engineers,Visual Color Discrimination,3.0,Abilities,17,42,two_level_random_sample,EXP_20260312_095228
17-2111.02,Fire-Prevention and Protection Engineers,Night Vision,1.0,Abilities,17,42,two_level_random_sample,EXP_20260312_095228
17-2111.02,Fire-Prevention and Protection Engineers,Peripheral Vision,1.0,Abilities,17,42,two_level_random_sample,EXP_20260312_095228
17-2111.02,Fire-Prevention and Protection Engineers,Depth Perception,2.12,Abilities,17,42,two_level_random_sample,EXP_20260312_095228
17-2111.02,Fire-Prevention and Protection Engineers,Glare Sensitivity,1.0,Abilities,17,42,two_level_random_sample,EXP_20260312_095228
17-2111.02,Fire-Prevention and Protection Engineers,Hearing Sensitivity,2.12,Abilities,17,42,two_level_random_sample,EXP_20260312_095228
17-2111.02,Fire-Prevention and Protection Engineers,Auditory Attention,2.38,Abilities,17,42,two_level_random_sample,EXP_20260312_095228
17-2111.02,Fire-Prevention and Protection Engineers,Sound Localization,1.0,Abilities,17,42,two_level_random_sample,EXP_20260312_095228
17-2111.02,Fire-Prevention and Protection Engineers,Speech Recognition,3.62,Abilities,17,42,two_level_random_sample,EXP_20260312_095228
17-2111.02,Fire-Prevention and Protection Engineers,Speech Clarity,3.88,Abilities,17,42,two_level_random_sample,EXP_20260312_095228
17-3022.00,Civil Engineering Technologists and Technicians,Oral Comprehension,3.88,Abilities,17,42,two_level_random_sample,EXP_20260312_095228
17-3022.00,Civil Engineering Technologists and Technicians,Written Comprehension,3.88,Abilities,17,42,two_level_random_sample,EXP_20260312_095228
17-3022.00,Civil Engineering Technologists and Technicians,Oral Expression,3.75,Abilities,17,42,two_level_random_sample,EXP_20260312_095228
17-3022.00,Civil Engineering Technologists and Technicians,Written Expression,3.62,Abilities,17,42,two_level_random_sample,EXP_20260312_095228
17-3022.00,Civil Engineering Technologists and Technicians,Fluency of Ideas,3.0,Abilities,17,42,two_level_random_sample,EXP_20260312_095228
17-3022.00,Civil Engineering Technologists and Technicians,Originality,3.0,Abilities,17,42,two_level_random_sample,EXP_20260312_095228
17-3022.00,Civil Engineering Technologists and Technicians,Problem Sensitivity,3.75,Abilities,17,42,two_level_random_sample,EXP_20260312_095228
17-3022.00,Civil Engineering Technologists and Technicians,Deductive Reasoning,3.88,Abilities,17,42,two_level_random_sample,EXP_20260312_095228
17-3022.00,Civil Engineering Technologists and Technicians,Inductive Reasoning,3.38,Abilities,17,42,two_level_random_sample,EXP_20260312_095228
17-3022.00,Civil Engineering Technologists and Technicians,Information Ordering,3.38,Abilities,17,42,two_level_random_sample,EXP_20260312_095228
17-3022.00,Civil Engineering Technologists and Technicians,Category Flexibility,3.25,Abilities,17,42,two_level_random_sample,EXP_20260312_095228
17-3022.00,Civil Engineering Technologists and Technicians,Mathematical Reasoning,3.88,Abilities,17,42,two_level_random_sample,EXP_20260312_095228
17-3022.00,Civil Engineering Technologists and Technicians,Number Facility,3.5,Abilities,17,42,two_level_random_sample,EXP_20260312_095228
17-3022.00,Civil Engineering Technologists and Technicians,Memorization,2.25,Abilities,17,42,two_level_random_sample,EXP_20260312_095228
17-3022.00,Civil Engineering Technologists and Technicians,Speed of Closure,3.0,Abilities,17,42,two_level_random_sample,EXP_20260312_095228
17-3022.00,Civil Engineering Technologists and Technicians,Flexibility of Closure,3.12,Abilities,17,42,two_level_random_sample,EXP_20260312_095228
17-3022.00,Civil Engineering Technologists and Technicians,Perceptual Speed,2.88,Abilities,17,42,two_level_random_sample,EXP_20260312_095228
17-3022.00,Civil Engineering Technologists and Technicians,Spatial Orientation,2.0,Abilities,17,42,two_level_random_sample,EXP_20260312_095228
17-3022.00,Civil Engineering Technologists and Technicians,Visualization,3.62,Abilities,17,42,two_level_random_sample,EXP_20260312_095228
17-3022.00,Civil Engineering Technologists and Technicians,Selective Attention,3.0,Abilities,17,42,two_level_random_sample,EXP_20260312_095228
17-3022.00,Civil Engineering Technologists and Technicians,Time Sharing,2.62,Abilities,17,42,two_level_random_sample,EXP_20260312_095228
17-3022.00,Civil Engineering Technologists and Technicians,Arm-Hand Steadiness,2.12,Abilities,17,42,two_level_random_sample,EXP_20260312_095228
17-3022.00,Civil Engineering Technologists and Technicians,Manual Dexterity,2.0,Abilities,17,42,two_level_random_sample,EXP_20260312_095228
17-3022.00,Civil Engineering Technologists and Technicians,Finger Dexterity,2.5,Abilities,17,42,two_level_random_sample,EXP_20260312_095228
17-3022.00,Civil Engineering Technologists and Technicians,Control Precision,2.0,Abilities,17,42,two_level_random_sample,EXP_20260312_095228
17-3022.00,Civil Engineering Technologists and Technicians,Multilimb Coordination,1.88,Abilities,17,42,two_level_random_sample,EXP_20260312_095228
17-3022.00,Civil Engineering Technologists and Technicians,Response Orientation,1.5,Abilities,17,42,two_level_random_sample,EXP_20260312_095228
17-3022.00,Civil Engineering Technologists and Technicians,Rate Control,1.5,Abilities,17,42,two_level_random_sample,EXP_20260312_095228
17-3022.00,Civil Engineering Technologists and Technicians,Reaction Time,1.62,Abilities,17,42,two_level_random_sample,EXP_20260312_095228
17-3022.00,Civil Engineering Technologists and Technicians,Wrist-Finger Speed,1.62,Abilities,17,42,two_level_random_sample,EXP_20260312_095228
17-3022.00,Civil Engineering Technologists and Technicians,Speed of Limb Movement,1.0,Abilities,17,42,two_level_random_sample,EXP_20260312_095228
17-3022.00,Civil Engineering Technologists and Technicians,Static Strength,1.0,Abilities,17,42,two_level_random_sample,EXP_20260312_095228
17-3022.00,Civil Engineering Technologists and Technicians,Explosive Strength,1.0,Abilities,17,42,two_level_random_sample,EXP_20260312_095228
17-3022.00,Civil Engineering Technologists and Technicians,Dynamic Strength,1.38,Abilities,17,42,two_level_random_sample,EXP_20260312_095228
17-3022.00,Civil Engineering Technologists and Technicians,Trunk Strength,1.75,Abilities,17,42,two_level_random_sample,EXP_20260312_095228
17-3022.00,Civil Engineering Technologists and Technicians,Stamina,1.0,Abilities,17,42,two_level_random_sample,EXP_20260312_095228
17-3022.00,Civil Engineering Technologists and Technicians,Extent Flexibility,1.0,Abilities,17,42,two_level_random_sample,EXP_20260312_095228
17-3022.00,Civil Engineering Technologists and Technicians,Dynamic Flexibility,1.0,Abilities,17,42,two_level_random_sample,EXP_20260312_095228
17-3022.00,Civil Engineering Technologists and Technicians,Gross Body Coordination,1.0,Abilities,17,42,two_level_random_sample,EXP_20260312_095228
17-3022.00,Civil Engineering Technologists and Technicians,Gross Body Equilibrium,1.0,Abilities,17,42,two_level_random_sample,EXP_20260312_095228
17-3022.00,Civil Engineering Technologists and Technicians,Near Vision,3.88,Abilities,17,42,two_level_random_sample,EXP_20260312_095228
17-3022.00,Civil Engineering Technologists and Technicians,Far Vision,3.38,Abilities,17,42,two_level_random_sample,EXP_20260312_095228
17-3022.00,Civil Engineering Technologists and Technicians,Visual Color Discrimination,2.62,Abilities,17,42,two_level_random_sample,EXP_20260312_095228
17-3022.00,Civil Engineering Technologists and Technicians,Night Vision,1.5,Abilities,17,42,two_level_random_sample,EXP_20260312_095228
17-3022.00,Civil Engineering Technologists and Technicians,Peripheral Vision,1.38,Abilities,17,42,two_level_random_sample,EXP_20260312_095228
17-3022.00,Civil Engineering Technologists and Technicians,Depth Perception,2.12,Abilities,17,42,two_level_random_sample,EXP_20260312_095228
17-3022.00,Civil Engineering Technologists and Technicians,Glare Sensitivity,1.38,Abilities,17,42,two_level_random_sample,EXP_20260312_095228
17-3022.00,Civil Engineering Technologists and Technicians,Hearing Sensitivity,2.25,Abilities,17,42,two_level_random_sample,EXP_20260312_095228
17-3022.00,Civil Engineering Technologists and Technicians,Auditory Attention,2.5,Abilities,17,42,two_level_random_sample,EXP_20260312_095228
17-3022.00,Civil Engineering Technologists and Technicians,Sound Localization,1.38,Abilities,17,42,two_level_random_sample,EXP_20260312_095228
17-3022.00,Civil Engineering Technologists and Technicians,Speech Recognition,3.38,Abilities,17,42,two_level_random_sample,EXP_20260312_095228
17-3022.00,Civil Engineering Technologists and Technicians,Speech Clarity,3.38,Abilities,17,42,two_level_random_sample,EXP_20260312_095228
17-3027.00,Mechanical Engineering Technologists and Technicians,Oral Comprehension,4.0,Abilities,17,42,two_level_random_sample,EXP_20260312_095228
17-3027.00,Mechanical Engineering Technologists and Technicians,Written Comprehension,4.0,Abilities,17,42,two_level_random_sample,EXP_20260312_095228
17-3027.00,Mechanical Engineering Technologists and Technicians,Oral Expression,3.75,Abilities,17,42,two_level_random_sample,EXP_20260312_095228
17-3027.00,Mechanical Engineering Technologists and Technicians,Written Expression,3.38,Abilities,17,42,two_level_random_sample,EXP_20260312_095228
17-3027.00,Mechanical Engineering Technologists and Technicians,Fluency of Ideas,3.12,Abilities,17,42,two_level_random_sample,EXP_20260312_095228
17-3027.00,Mechanical Engineering Technologists and Technicians,Originality,3.12,Abilities,17,42,two_level_random_sample,EXP_20260312_095228
17-3027.00,Mechanical Engineering Technologists and Technicians,Problem Sensitivity,3.75,Abilities,17,42,two_level_random_sample,EXP_20260312_095228
17-3027.00,Mechanical Engineering Technologists and Technicians,Deductive Reasoning,3.75,Abilities,17,42,two_level_random_sample,EXP_20260312_095228
17-3027.00,Mechanical Engineering Technologists and Technicians,Inductive Reasoning,3.75,Abilities,17,42,two_level_random_sample,EXP_20260312_095228
17-3027.00,Mechanical Engineering Technologists and Technicians,Information Ordering,3.88,Abilities,17,42,two_level_random_sample,EXP_20260312_095228
17-3027.00,Mechanical Engineering Technologists and Technicians,Category Flexibility,3.5,Abilities,17,42,two_level_random_sample,EXP_20260312_095228
17-3027.00,Mechanical Engineering Technologists and Technicians,Mathematical Reasoning,3.38,Abilities,17,42,two_level_random_sample,EXP_20260312_095228
17-3027.00,Mechanical Engineering Technologists and Technicians,Number Facility,3.5,Abilities,17,42,two_level_random_sample,EXP_20260312_095228
17-3027.00,Mechanical Engineering Technologists and Technicians,Memorization,2.75,Abilities,17,42,two_level_random_sample,EXP_20260312_095228
17-3027.00,Mechanical Engineering Technologists and Technicians,Speed of Closure,2.62,Abilities,17,42,two_level_random_sample,EXP_20260312_095228
17-3027.00,Mechanical Engineering Technologists and Technicians,Flexibility of Closure,3.38,Abilities,17,42,two_level_random_sample,EXP_20260312_095228
17-3027.00,Mechanical Engineering Technologists and Technicians,Perceptual Speed,3.25,Abilities,17,42,two_level_random_sample,EXP_20260312_095228
17-3027.00,Mechanical Engineering Technologists and Technicians,Spatial Orientation,2.0,Abilities,17,42,two_level_random_sample,EXP_20260312_095228
17-3027.00,Mechanical Engineering Technologists and Technicians,Visualization,3.38,Abilities,17,42,two_level_random_sample,EXP_20260312_095228
17-3027.00,Mechanical Engineering Technologists and Technicians,Selective Attention,3.5,Abilities,17,42,two_level_random_sample,EXP_20260312_095228
17-3027.00,Mechanical Engineering Technologists and Technicians,Time Sharing,2.62,Abilities,17,42,two_level_random_sample,EXP_20260312_095228
17-3027.00,Mechanical Engineering Technologists and Technicians,Arm-Hand Steadiness,3.12,Abilities,17,42,two_level_random_sample,EXP_20260312_095228
17-3027.00,Mechanical Engineering Technologists and Technicians,Manual Dexterity,3.0,Abilities,17,42,two_level_random_sample,EXP_20260312_095228
17-3027.00,Mechanical Engineering Technologists and Technicians,Finger Dexterity,3.12,Abilities,17,42,two_level_random_sample,EXP_20260312_095228
17-3027.00,Mechanical Engineering Technologists and Technicians,Control Precision,3.12,Abilities,17,42,two_level_random_sample,EXP_20260312_095228
17-3027.00,Mechanical Engineering Technologists and Technicians,Multilimb Coordination,2.88,Abilities,17,42,two_level_random_sample,EXP_20260312_095228
17-3027.00,Mechanical Engineering Technologists and Technicians,Response Orientation,2.12,Abilities,17,42,two_level_random_sample,EXP_20260312_095228
17-3027.00,Mechanical Engineering Technologists and Technicians,Rate Control,2.38,Abilities,17,42,two_level_random_sample,EXP_20260312_095228
17-3027.00,Mechanical Engineering Technologists and Technicians,Reaction Time,2.75,Abilities,17,42,two_level_random_sample,EXP_20260312_095228
17-3027.00,Mechanical Engineering Technologists and Technicians,Wrist-Finger Speed,2.25,Abilities,17,42,two_level_random_sample,EXP_20260312_095228
17-3027.00,Mechanical Engineering Technologists and Technicians,Speed of Limb Movement,1.62,Abilities,17,42,two_level_random_sample,EXP_20260312_095228
17-3027.00,Mechanical Engineering Technologists and Technicians,Static Strength,2.12,Abilities,17,42,two_level_random_sample,EXP_20260312_095228
17-3027.00,Mechanical Engineering Technologists and Technicians,Explosive Strength,2.0,Abilities,17,42,two_level_random_sample,EXP_20260312_095228
17-3027.00,Mechanical Engineering Technologists and Technicians,Dynamic Strength,2.0,Abilities,17,42,two_level_random_sample,EXP_20260312_095228
17-3027.00,Mechanical Engineering Technologists and Technicians,Trunk Strength,2.38,Abilities,17,42,two_level_random_sample,EXP_20260312_095228
17-3027.00,Mechanical Engineering Technologists and Technicians,Stamina,2.12,Abilities,17,42,two_level_random_sample,EXP_20260312_095228
17-3027.00,Mechanical Engineering Technologists and Technicians,Extent Flexibility,2.38,Abilities,17,42,two_level_random_sample,EXP_20260312_095228
17-3027.00,Mechanical Engineering Technologists and Technicians,Dynamic Flexibility,1.0,Abilities,17,42,two_level_random_sample,EXP_20260312_095228
17-3027.00,Mechanical Engineering Technologists and Technicians,Gross Body Coordination,2.0,Abilities,17,42,two_level_random_sample,EXP_20260312_095228
17-3027.00,Mechanical Engineering Technologists and Technicians,Gross Body Equilibrium,2.0,Abilities,17,42,two_level_random_sample,EXP_20260312_095228
17-3027.00,Mechanical Engineering Technologists and Technicians,Near Vision,3.88,Abilities,17,42,two_level_random_sample,EXP_20260312_095228
17-3027.00,Mechanical Engineering Technologists and Technicians,Far Vision,3.12,Abilities,17,42,two_level_random_sample,EXP_20260312_095228
17-3027.00,Mechanical Engineering Technologists and Technicians,Visual Color Discrimination,3.0,Abilities,17,42,two_level_random_sample,EXP_20260312_095228
17-3027.00,Mechanical Engineering Technologists and Technicians,Night Vision,2.0,Abilities,17,42,two_level_random_sample,EXP_20260312_095228
17-3027.00,Mechanical Engineering Technologists and Technicians,Peripheral Vision,2.0,Abilities,17,42,two_level_random_sample,EXP_20260312_095228
17-3027.00,Mechanical Engineering Technologists and Technicians,Depth Perception,2.25,Abilities,17,42,two_level_random_sample,EXP_20260312_095228
17-3027.00,Mechanical Engineering Technologists and Technicians,Glare Sensitivity,2.0,Abilities,17,42,two_level_random_sample,EXP_20260312_095228
17-3027.00,Mechanical Engineering Technologists and Technicians,Hearing Sensitivity,2.62,Abilities,17,42,two_level_random_sample,EXP_20260312_095228
17-3027.00,Mechanical Engineering Technologists and Technicians,Auditory Attention,2.88,Abilities,17,42,two_level_random_sample,EXP_20260312_095228
17-3027.00,Mechanical Engineering Technologists and Technicians,Sound Localization,2.0,Abilities,17,42,two_level_random_sample,EXP_20260312_095228
17-3027.00,Mechanical Engineering Technologists and Technicians,Speech Recognition,3.75,Abilities,17,42,two_level_random_sample,EXP_20260312_095228
17-3027.00,Mechanical Engineering Technologists and Technicians,Speech Clarity,3.25,Abilities,17,42,two_level_random_sample,EXP_20260312_095228
27-1012.00,Craft Artists,Oral Comprehension,3.0,Abilities,27,42,two_level_random_sample,EXP_20260312_095228
27-1012.00,Craft Artists,Written Comprehension,3.0,Abilities,27,42,two_level_random_sample,EXP_20260312_095228
27-1012.00,Craft Artists,Oral Expression,3.0,Abilities,27,42,two_level_random_sample,EXP_20260312_095228
27-1012.00,Craft Artists,Written Expression,2.62,Abilities,27,42,two_level_random_sample,EXP_20260312_095228
27-1012.00,Craft Artists,Fluency of Ideas,3.62,Abilities,27,42,two_level_random_sample,EXP_20260312_095228
27-1012.00,Craft Artists,Originality,4.12,Abilities,27,42,two_level_random_sample,EXP_20260312_095228
27-1012.00,Craft Artists,Problem Sensitivity,3.0,Abilities,27,42,two_level_random_sample,EXP_20260312_095228
27-1012.00,Craft Artists,Deductive Reasoning,3.0,Abilities,27,42,two_level_random_sample,EXP_20260312_095228
27-1012.00,Craft Artists,Inductive Reasoning,3.0,Abilities,27,42,two_level_random_sample,EXP_20260312_095228
27-1012.00,Craft Artists,Information Ordering,3.0,Abilities,27,42,two_level_random_sample,EXP_20260312_095228
27-1012.00,Craft Artists,Category Flexibility,3.0,Abilities,27,42,two_level_random_sample,EXP_20260312_095228
27-1012.00,Craft Artists,Mathematical Reasoning,2.62,Abilities,27,42,two_level_random_sample,EXP_20260312_095228
27-1012.00,Craft Artists,Number Facility,2.25,Abilities,27,42,two_level_random_sample,EXP_20260312_095228
27-1012.00,Craft Artists,Memorization,2.0,Abilities,27,42,two_level_random_sample,EXP_20260312_095228
27-1012.00,Craft Artists,Speed of Closure,2.0,Abilities,27,42,two_level_random_sample,EXP_20260312_095228
27-1012.00,Craft Artists,Flexibility of Closure,2.0,Abilities,27,42,two_level_random_sample,EXP_20260312_095228
27-1012.00,Craft Artists,Perceptual Speed,2.0,Abilities,27,42,two_level_random_sample,EXP_20260312_095228
27-1012.00,Craft Artists,Spatial Orientation,1.12,Abilities,27,42,two_level_random_sample,EXP_20260312_095228
27-1012.00,Craft Artists,Visualization,3.62,Abilities,27,42,two_level_random_sample,EXP_20260312_095228
27-1012.00,Craft Artists,Selective Attention,2.88,Abilities,27,42,two_level_random_sample,EXP_20260312_095228
27-1012.00,Craft Artists,Time Sharing,2.0,Abilities,27,42,two_level_random_sample,EXP_20260312_095228
27-1012.00,Craft Artists,Arm-Hand Steadiness,3.88,Abilities,27,42,two_level_random_sample,EXP_20260312_095228
27-1012.00,Craft Artists,Manual Dexterity,3.75,Abilities,27,42,two_level_random_sample,EXP_20260312_095228
27-1012.00,Craft Artists,Finger Dexterity,3.88,Abilities,27,42,two_level_random_sample,EXP_20260312_095228
27-1012.00,Craft Artists,Control Precision,3.12,Abilities,27,42,two_level_random_sample,EXP_20260312_095228
27-1012.00,Craft Artists,Multilimb Coordination,3.12,Abilities,27,42,two_level_random_sample,EXP_20260312_095228
27-1012.00,Craft Artists,Response Orientation,1.62,Abilities,27,42,two_level_random_sample,EXP_20260312_095228
27-1012.00,Craft Artists,Rate Control,1.88,Abilities,27,42,two_level_random_sample,EXP_20260312_095228
27-1012.00,Craft Artists,Reaction Time,2.0,Abilities,27,42,two_level_random_sample,EXP_20260312_095228
27-1012.00,Craft Artists,Wrist-Finger Speed,1.88,Abilities,27,42,two_level_random_sample,EXP_20260312_095228
27-1012.00,Craft Artists,Speed of Limb Movement,1.0,Abilities,27,42,two_level_random_sample,EXP_20260312_095228
27-1012.00,Craft Artists,Static Strength,2.38,Abilities,27,42,two_level_random_sample,EXP_20260312_095228
27-1012.00,Craft Artists,Explosive Strength,1.5,Abilities,27,42,two_level_random_sample,EXP_20260312_095228
27-1012.00,Craft Artists,Dynamic Strength,2.0,Abilities,27,42,two_level_random_sample,EXP_20260312_095228
27-1012.00,Craft Artists,Trunk Strength,2.75,Abilities,27,42,two_level_random_sample,EXP_20260312_095228
27-1012.00,Craft Artists,Stamina,1.88,Abilities,27,42,two_level_random_sample,EXP_20260312_095228
27-1012.00,Craft Artists,Extent Flexibility,2.5,Abilities,27,42,two_level_random_sample,EXP_20260312_095228
27-1012.00,Craft Artists,Dynamic Flexibility,1.0,Abilities,27,42,two_level_random_sample,EXP_20260312_095228
27-1012.00,Craft Artists,Gross Body Coordination,2.0,Abilities,27,42,two_level_random_sample,EXP_20260312_095228
27-1012.00,Craft Artists,Gross Body Equilibrium,1.62,Abilities,27,42,two_level_random_sample,EXP_20260312_095228
27-1012.00,Craft Artists,Near Vision,3.75,Abilities,27,42,two_level_random_sample,EXP_20260312_095228
27-1012.00,Craft Artists,Far Vision,2.62,Abilities,27,42,two_level_random_sample,EXP_20260312_095228
27-1012.00,Craft Artists,Visual Color Discrimination,3.0,Abilities,27,42,two_level_random_sample,EXP_20260312_095228
27-1012.00,Craft Artists,Night Vision,1.0,Abilities,27,42,two_level_random_sample,EXP_20260312_095228
27-1012.00,Craft Artists,Peripheral Vision,1.0,Abilities,27,42,two_level_random_sample,EXP_20260312_095228
27-1012.00,Craft Artists,Depth Perception,2.12,Abilities,27,42,two_level_random_sample,EXP_20260312_095228
27-1012.00,Craft Artists,Glare Sensitivity,1.0,Abilities,27,42,two_level_random_sample,EXP_20260312_095228
27-1012.00,Craft Artists,Hearing Sensitivity,1.75,Abilities,27,42,two_level_random_sample,EXP_20260312_095228
27-1012.00,Craft Artists,Auditory Attention,2.0,Abilities,27,42,two_level_random_sample,EXP_20260312_095228
27-1012.00,Craft Artists,Sound Localization,1.0,Abilities,27,42,two_level_random_sample,EXP_20260312_095228
27-1012.00,Craft Artists,Speech Recognition,3.0,Abilities,27,42,two_level_random_sample,EXP_20260312_095228
27-1012.00,Craft Artists,Speech Clarity,3.0,Abilities,27,42,two_level_random_sample,EXP_20260312_095228
27-1024.00,Graphic Designers,Oral Comprehension,3.62,Abilities,27,42,two_level_random_sample,EXP_20260312_095228
27-1024.00,Graphic Designers,Written Comprehension,3.75,Abilities,27,42,two_level_random_sample,EXP_20260312_095228
27-1024.00,Graphic Designers,Oral Expression,3.5,Abilities,27,42,two_level_random_sample,EXP_20260312_095228
27-1024.00,Graphic Designers,Written Expression,3.5,Abilities,27,42,two_level_random_sample,EXP_20260312_095228
27-1024.00,Graphic Designers,Fluency of Ideas,3.88,Abilities,27,42,two_level_random_sample,EXP_20260312_095228
27-1024.00,Graphic Designers,Originality,4.0,Abilities,27,42,two_level_random_sample,EXP_20260312_095228
27-1024.00,Graphic Designers,Problem Sensitivity,3.12,Abilities,27,42,two_level_random_sample,EXP_20260312_095228
27-1024.00,Graphic Designers,Deductive Reasoning,3.25,Abilities,27,42,two_level_random_sample,EXP_20260312_095228
27-1024.00,Graphic Designers,Inductive Reasoning,3.12,Abilities,27,42,two_level_random_sample,EXP_20260312_095228
27-1024.00,Graphic Designers,Information Ordering,3.12,Abilities,27,42,two_level_random_sample,EXP_20260312_095228
27-1024.00,Graphic Designers,Category Flexibility,3.0,Abilities,27,42,two_level_random_sample,EXP_20260312_095228
27-1024.00,Graphic Designers,Mathematical Reasoning,2.0,Abilities,27,42,two_level_random_sample,EXP_20260312_095228
27-1024.00,Graphic Designers,Number Facility,2.0,Abilities,27,42,two_level_random_sample,EXP_20260312_095228
27-1024.00,Graphic Designers,Memorization,2.0,Abilities,27,42,two_level_random_sample,EXP_20260312_095228
27-1024.00,Graphic Designers,Speed of Closure,2.25,Abilities,27,42,two_level_random_sample,EXP_20260312_095228
27-1024.00,Graphic Designers,Flexibility of Closure,2.75,Abilities,27,42,two_level_random_sample,EXP_20260312_095228
27-1024.00,Graphic Designers,Perceptual Speed,2.75,Abilities,27,42,two_level_random_sample,EXP_20260312_095228
27-1024.00,Graphic Designers,Spatial Orientation,1.0,Abilities,27,42,two_level_random_sample,EXP_20260312_095228
27-1024.00,Graphic Designers,Visualization,3.12,Abilities,27,42,two_level_random_sample,EXP_20260312_095228
27-1024.00,Graphic Designers,Selective Attention,3.0,Abilities,27,42,two_level_random_sample,EXP_20260312_095228
27-1024.00,Graphic Designers,Time Sharing,2.62,Abilities,27,42,two_level_random_sample,EXP_20260312_095228
27-1024.00,Graphic Designers,Arm-Hand Steadiness,2.5,Abilities,27,42,two_level_random_sample,EXP_20260312_095228
27-1024.00,Graphic Designers,Manual Dexterity,2.12,Abilities,27,42,two_level_random_sample,EXP_20260312_095228
27-1024.00,Graphic Designers,Finger Dexterity,2.38,Abilities,27,42,two_level_random_sample,EXP_20260312_095228
27-1024.00,Graphic Designers,Control Precision,2.25,Abilities,27,42,two_level_random_sample,EXP_20260312_095228
27-1024.00,Graphic Designers,Multilimb Coordination,1.0,Abilities,27,42,two_level_random_sample,EXP_20260312_095228
27-1024.00,Graphic Designers,Response Orientation,1.0,Abilities,27,42,two_level_random_sample,EXP_20260312_095228
27-1024.00,Graphic Designers,Rate Control,1.0,Abilities,27,42,two_level_random_sample,EXP_20260312_095228
27-1024.00,Graphic Designers,Reaction Time,1.0,Abilities,27,42,two_level_random_sample,EXP_20260312_095228
27-1024.00,Graphic Designers,Wrist-Finger Speed,1.38,Abilities,27,42,two_level_random_sample,EXP_20260312_095228
27-1024.00,Graphic Designers,Speed of Limb Movement,1.0,Abilities,27,42,two_level_random_sample,EXP_20260312_095228
27-1024.00,Graphic Designers,Static Strength,1.0,Abilities,27,42,two_level_random_sample,EXP_20260312_095228
27-1024.00,Graphic Designers,Explosive Strength,1.0,Abilities,27,42,two_level_random_sample,EXP_20260312_095228
27-1024.00,Graphic Designers,Dynamic Strength,1.25,Abilities,27,42,two_level_random_sample,EXP_20260312_095228
27-1024.00,Graphic Designers,Trunk Strength,1.88,Abilities,27,42,two_level_random_sample,EXP_20260312_095228
27-1024.00,Graphic Designers,Stamina,1.0,Abilities,27,42,two_level_random_sample,EXP_20260312_095228
27-1024.00,Graphic Designers,Extent Flexibility,1.0,Abilities,27,42,two_level_random_sample,EXP_20260312_095228
27-1024.00,Graphic Designers,Dynamic Flexibility,1.0,Abilities,27,42,two_level_random_sample,EXP_20260312_095228
27-1024.00,Graphic Designers,Gross Body Coordination,1.0,Abilities,27,42,two_level_random_sample,EXP_20260312_095228
27-1024.00,Graphic Designers,Gross Body Equilibrium,1.0,Abilities,27,42,two_level_random_sample,EXP_20260312_095228
27-1024.00,Graphic Designers,Near Vision,3.88,Abilities,27,42,two_level_random_sample,EXP_20260312_095228
27-1024.00,Graphic Designers,Far Vision,2.75,Abilities,27,42,two_level_random_sample,EXP_20260312_095228
27-1024.00,Graphic Designers,Visual Color Discrimination,3.25,Abilities,27,42,two_level_random_sample,EXP_20260312_095228
27-1024.00,Graphic Designers,Night Vision,1.0,Abilities,27,42,two_level_random_sample,EXP_20260312_095228
27-1024.00,Graphic Designers,Peripheral Vision,1.0,Abilities,27,42,two_level_random_sample,EXP_20260312_095228
27-1024.00,Graphic Designers,Depth Perception,1.75,Abilities,27,42,two_level_random_sample,EXP_20260312_095228
27-1024.00,Graphic Designers,Glare Sensitivity,1.0,Abilities,27,42,two_level_random_sample,EXP_20260312_095228
27-1024.00,Graphic Designers,Hearing Sensitivity,1.88,Abilities,27,42,two_level_random_sample,EXP_20260312_095228
27-1024.00,Graphic Designers,Auditory Attention,1.75,Abilities,27,42,two_level_random_sample,EXP_20260312_095228
27-1024.00,Graphic Designers,Sound Localization,1.0,Abilities,27,42,two_level_random_sample,EXP_20260312_095228
27-1024.00,Graphic Designers,Speech Recognition,3.25,Abilities,27,42,two_level_random_sample,EXP_20260312_095228
27-1024.00,Graphic Designers,Speech Clarity,3.25,Abilities,27,42,two_level_random_sample,EXP_20260312_095228
27-2012.04,Talent Directors,Oral Comprehension,4.0,Abilities,27,42,two_level_random_sample,EXP_20260312_095228
27-2012.04,Talent Directors,Written Comprehension,4.0,Abilities,27,42,two_level_random_sample,EXP_20260312_095228
27-2012.04,Talent Directors,Oral Expression,4.12,Abilities,27,42,two_level_random_sample,EXP_20260312_095228
27-2012.04,Talent Directors,Written Expression,3.62,Abilities,27,42,two_level_random_sample,EXP_20260312_095228
27-2012.04,Talent Directors,Fluency of Ideas,3.25,Abilities,27,42,two_level_random_sample,EXP_20260312_095228
27-2012.04,Talent Directors,Originality,3.62,Abilities,27,42,two_level_random_sample,EXP_20260312_095228
27-2012.04,Talent Directors,Problem Sensitivity,3.5,Abilities,27,42,two_level_random_sample,EXP_20260312_095228
27-2012.04,Talent Directors,Deductive Reasoning,3.62,Abilities,27,42,two_level_random_sample,EXP_20260312_095228
27-2012.04,Talent Directors,Inductive Reasoning,3.75,Abilities,27,42,two_level_random_sample,EXP_20260312_095228
27-2012.04,Talent Directors,Information Ordering,3.25,Abilities,27,42,two_level_random_sample,EXP_20260312_095228
27-2012.04,Talent Directors,Category Flexibility,3.12,Abilities,27,42,two_level_random_sample,EXP_20260312_095228
27-2012.04,Talent Directors,Mathematical Reasoning,2.38,Abilities,27,42,two_level_random_sample,EXP_20260312_095228
27-2012.04,Talent Directors,Number Facility,2.38,Abilities,27,42,two_level_random_sample,EXP_20260312_095228
27-2012.04,Talent Directors,Memorization,2.38,Abilities,27,42,two_level_random_sample,EXP_20260312_095228
27-2012.04,Talent Directors,Speed of Closure,2.12,Abilities,27,42,two_level_random_sample,EXP_20260312_095228
27-2012.04,Talent Directors,Flexibility of Closure,2.62,Abilities,27,42,two_level_random_sample,EXP_20260312_095228
27-2012.04,Talent Directors,Perceptual Speed,2.25,Abilities,27,42,two_level_random_sample,EXP_20260312_095228
27-2012.04,Talent Directors,Spatial Orientation,1.12,Abilities,27,42,two_level_random_sample,EXP_20260312_095228
27-2012.04,Talent Directors,Visualization,2.62,Abilities,27,42,two_level_random_sample,EXP_20260312_095228
27-2012.04,Talent Directors,Selective Attention,2.88,Abilities,27,42,two_level_random_sample,EXP_20260312_095228
27-2012.04,Talent Directors,Time Sharing,2.88,Abilities,27,42,two_level_random_sample,EXP_20260312_095228
27-2012.04,Talent Directors,Arm-Hand Steadiness,1.0,Abilities,27,42,two_level_random_sample,EXP_20260312_095228
27-2012.04,Talent Directors,Manual Dexterity,1.12,Abilities,27,42,two_level_random_sample,EXP_20260312_095228
27-2012.04,Talent Directors,Finger Dexterity,1.75,Abilities,27,42,two_level_random_sample,EXP_20260312_095228
27-2012.04,Talent Directors,Control Precision,1.0,Abilities,27,42,two_level_random_sample,EXP_20260312_095228
27-2012.04,Talent Directors,Multilimb Coordination,1.0,Abilities,27,42,two_level_random_sample,EXP_20260312_095228
27-2012.04,Talent Directors,Response Orientation,1.0,Abilities,27,42,two_level_random_sample,EXP_20260312_095228
27-2012.04,Talent Directors,Rate Control,1.0,Abilities,27,42,two_level_random_sample,EXP_20260312_095228
27-2012.04,Talent Directors,Reaction Time,1.0,Abilities,27,42,two_level_random_sample,EXP_20260312_095228
27-2012.04,Talent Directors,Wrist-Finger Speed,1.75,Abilities,27,42,two_level_random_sample,EXP_20260312_095228
27-2012.04,Talent Directors,Speed of Limb Movement,1.25,Abilities,27,42,two_level_random_sample,EXP_20260312_095228
27-2012.04,Talent Directors,Static Strength,1.0,Abilities,27,42,two_level_random_sample,EXP_20260312_095228
27-2012.04,Talent Directors,Explosive Strength,1.0,Abilities,27,42,two_level_random_sample,EXP_20260312_095228
27-2012.04,Talent Directors,Dynamic Strength,1.5,Abilities,27,42,two_level_random_sample,EXP_20260312_095228
27-2012.04,Talent Directors,Trunk Strength,1.5,Abilities,27,42,two_level_random_sample,EXP_20260312_095228
27-2012.04,Talent Directors,Stamina,1.25,Abilities,27,42,two_level_random_sample,EXP_20260312_095228
27-2012.04,Talent Directors,Extent Flexibility,1.0,Abilities,27,42,two_level_random_sample,EXP_20260312_095228
27-2012.04,Talent Directors,Dynamic Flexibility,1.0,Abilities,27,42,two_level_random_sample,EXP_20260312_095228
27-2012.04,Talent Directors,Gross Body Coordination,1.12,Abilities,27,42,two_level_random_sample,EXP_20260312_095228
27-2012.04,Talent Directors,Gross Body Equilibrium,1.0,Abilities,27,42,two_level_random_sample,EXP_20260312_095228
27-2012.04,Talent Directors,Near Vision,3.5,Abilities,27,42,two_level_random_sample,EXP_20260312_095228
27-2012.04,Talent Directors,Far Vision,3.0,Abilities,27,42,two_level_random_sample,EXP_20260312_095228
27-2012.04,Talent Directors,Visual Color Discrimination,2.12,Abilities,27,42,two_level_random_sample,EXP_20260312_095228
27-2012.04,Talent Directors,Night Vision,1.0,Abilities,27,42,two_level_random_sample,EXP_20260312_095228
27-2012.04,Talent Directors,Peripheral Vision,1.0,Abilities,27,42,two_level_random_sample,EXP_20260312_095228
27-2012.04,Talent Directors,Depth Perception,1.75,Abilities,27,42,two_level_random_sample,EXP_20260312_095228
27-2012.04,Talent Directors,Glare Sensitivity,1.12,Abilities,27,42,two_level_random_sample,EXP_20260312_095228
27-2012.04,Talent Directors,Hearing Sensitivity,1.88,Abilities,27,42,two_level_random_sample,EXP_20260312_095228
27-2012.04,Talent Directors,Auditory Attention,2.62,Abilities,27,42,two_level_random_sample,EXP_20260312_095228
27-2012.04,Talent Directors,Sound Localization,1.0,Abilities,27,42,two_level_random_sample,EXP_20260312_095228
27-2012.04,Talent Directors,Speech Recognition,3.5,Abilities,27,42,two_level_random_sample,EXP_20260312_095228
27-2012.04,Talent Directors,Speech Clarity,3.75,Abilities,27,42,two_level_random_sample,EXP_20260312_095228
27-2012.05,Media Technical Directors/Managers,Oral Comprehension,4.0,Abilities,27,42,two_level_random_sample,EXP_20260312_095228
27-2012.05,Media Technical Directors/Managers,Written Comprehension,3.75,Abilities,27,42,two_level_random_sample,EXP_20260312_095228
27-2012.05,Media Technical Directors/Managers,Oral Expression,4.0,Abilities,27,42,two_level_random_sample,EXP_20260312_095228
27-2012.05,Media Technical Directors/Managers,Written Expression,3.75,Abilities,27,42,two_level_random_sample,EXP_20260312_095228
27-2012.05,Media Technical Directors/Managers,Fluency of Ideas,3.38,Abilities,27,42,two_level_random_sample,EXP_20260312_095228
27-2012.05,Media Technical Directors/Managers,Originality,3.38,Abilities,27,42,two_level_random_sample,EXP_20260312_095228
27-2012.05,Media Technical Directors/Managers,Problem Sensitivity,4.0,Abilities,27,42,two_level_random_sample,EXP_20260312_095228
27-2012.05,Media Technical Directors/Managers,Deductive Reasoning,4.0,Abilities,27,42,two_level_random_sample,EXP_20260312_095228
27-2012.05,Media Technical Directors/Managers,Inductive Reasoning,3.75,Abilities,27,42,two_level_random_sample,EXP_20260312_095228
27-2012.05,Media Technical Directors/Managers,Information Ordering,3.5,Abilities,27,42,two_level_random_sample,EXP_20260312_095228
27-2012.05,Media Technical Directors/Managers,Category Flexibility,3.38,Abilities,27,42,two_level_random_sample,EXP_20260312_095228
27-2012.05,Media Technical Directors/Managers,Mathematical Reasoning,2.0,Abilities,27,42,two_level_random_sample,EXP_20260312_095228
27-2012.05,Media Technical Directors/Managers,Number Facility,2.12,Abilities,27,42,two_level_random_sample,EXP_20260312_095228
27-2012.05,Media Technical Directors/Managers,Memorization,2.75,Abilities,27,42,two_level_random_sample,EXP_20260312_095228
27-2012.05,Media Technical Directors/Managers,Speed of Closure,3.0,Abilities,27,42,two_level_random_sample,EXP_20260312_095228
27-2012.05,Media Technical Directors/Managers,Flexibility of Closure,3.25,Abilities,27,42,two_level_random_sample,EXP_20260312_095228
27-2012.05,Media Technical Directors/Managers,Perceptual Speed,3.25,Abilities,27,42,two_level_random_sample,EXP_20260312_095228
27-2012.05,Media Technical Directors/Managers,Spatial Orientation,1.62,Abilities,27,42,two_level_random_sample,EXP_20260312_095228
27-2012.05,Media Technical Directors/Managers,Visualization,3.12,Abilities,27,42,two_level_random_sample,EXP_20260312_095228
27-2012.05,Media Technical Directors/Managers,Selective Attention,3.25,Abilities,27,42,two_level_random_sample,EXP_20260312_095228
27-2012.05,Media Technical Directors/Managers,Time Sharing,3.12,Abilities,27,42,two_level_random_sample,EXP_20260312_095228
27-2012.05,Media Technical Directors/Managers,Arm-Hand Steadiness,2.75,Abilities,27,42,two_level_random_sample,EXP_20260312_095228
27-2012.05,Media Technical Directors/Managers,Manual Dexterity,2.25,Abilities,27,42,two_level_random_sample,EXP_20260312_095228
27-2012.05,Media Technical Directors/Managers,Finger Dexterity,2.88,Abilities,27,42,two_level_random_sample,EXP_20260312_095228
27-2012.05,Media Technical Directors/Managers,Control Precision,2.88,Abilities,27,42,two_level_random_sample,EXP_20260312_095228
27-2012.05,Media Technical Directors/Managers,Multilimb Coordination,2.12,Abilities,27,42,two_level_random_sample,EXP_20260312_095228
27-2012.05,Media Technical Directors/Managers,Response Orientation,2.12,Abilities,27,42,two_level_random_sample,EXP_20260312_095228
27-2012.05,Media Technical Directors/Managers,Rate Control,2.0,Abilities,27,42,two_level_random_sample,EXP_20260312_095228
27-2012.05,Media Technical Directors/Managers,Reaction Time,2.25,Abilities,27,42,two_level_random_sample,EXP_20260312_095228
27-2012.05,Media Technical Directors/Managers,Wrist-Finger Speed,1.88,Abilities,27,42,two_level_random_sample,EXP_20260312_095228
27-2012.05,Media Technical Directors/Managers,Speed of Limb Movement,1.0,Abilities,27,42,two_level_random_sample,EXP_20260312_095228
27-2012.05,Media Technical Directors/Managers,Static Strength,1.38,Abilities,27,42,two_level_random_sample,EXP_20260312_095228
27-2012.05,Media Technical Directors/Managers,Explosive Strength,1.25,Abilities,27,42,two_level_random_sample,EXP_20260312_095228
27-2012.05,Media Technical Directors/Managers,Dynamic Strength,1.38,Abilities,27,42,two_level_random_sample,EXP_20260312_095228
27-2012.05,Media Technical Directors/Managers,Trunk Strength,1.62,Abilities,27,42,two_level_random_sample,EXP_20260312_095228
27-2012.05,Media Technical Directors/Managers,Stamina,1.38,Abilities,27,42,two_level_random_sample,EXP_20260312_095228
27-2012.05,Media Technical Directors/Managers,Extent Flexibility,1.75,Abilities,27,42,two_level_random_sample,EXP_20260312_095228
27-2012.05,Media Technical Directors/Managers,Dynamic Flexibility,1.0,Abilities,27,42,two_level_random_sample,EXP_20260312_095228
27-2012.05,Media Technical Directors/Managers,Gross Body Coordination,1.12,Abilities,27,42,two_level_random_sample,EXP_20260312_095228
27-2012.05,Media Technical Directors/Managers,Gross Body Equilibrium,1.12,Abilities,27,42,two_level_random_sample,EXP_20260312_095228
27-2012.05,Media Technical Directors/Managers,Near Vision,3.88,Abilities,27,42,two_level_random_sample,EXP_20260312_095228
27-2012.05,Media Technical Directors/Managers,Far Vision,3.75,Abilities,27,42,two_level_random_sample,EXP_20260312_095228
27-2012.05,Media Technical Directors/Managers,Visual Color Discrimination,3.25,Abilities,27,42,two_level_random_sample,EXP_20260312_095228
27-2012.05,Media Technical Directors/Managers,Night Vision,1.25,Abilities,27,42,two_level_random_sample,EXP_20260312_095228
27-2012.05,Media Technical Directors/Managers,Peripheral Vision,1.25,Abilities,27,42,two_level_random_sample,EXP_20260312_095228
27-2012.05,Media Technical Directors/Managers,Depth Perception,2.12,Abilities,27,42,two_level_random_sample,EXP_20260312_095228
27-2012.05,Media Technical Directors/Managers,Glare Sensitivity,1.0,Abilities,27,42,two_level_random_sample,EXP_20260312_095228
27-2012.05,Media Technical Directors/Managers,Hearing Sensitivity,2.5,Abilities,27,42,two_level_random_sample,EXP_20260312_095228
27-2012.05,Media Technical Directors/Managers,Auditory Attention,2.88,Abilities,27,42,two_level_random_sample,EXP_20260312_095228
27-2012.05,Media Technical Directors/Managers,Sound Localization,1.62,Abilities,27,42,two_level_random_sample,EXP_20260312_095228
27-2012.05,Media Technical Directors/Managers,Speech Recognition,3.75,Abilities,27,42,two_level_random_sample,EXP_20260312_095228
27-2012.05,Media Technical Directors/Managers,Speech Clarity,3.75,Abilities,27,42,two_level_random_sample,EXP_20260312_095228
27-2022.00,Coaches and Scouts,Oral Comprehension,4.12,Abilities,27,42,two_level_random_sample,EXP_20260312_095228
27-2022.00,Coaches and Scouts,Written Comprehension,3.75,Abilities,27,42,two_level_random_sample,EXP_20260312_095228
27-2022.00,Coaches and Scouts,Oral Expression,4.62,Abilities,27,42,two_level_random_sample,EXP_20260312_095228
27-2022.00,Coaches and Scouts,Written Expression,3.5,Abilities,27,42,two_level_random_sample,EXP_20260312_095228
27-2022.00,Coaches and Scouts,Fluency of Ideas,3.75,Abilities,27,42,two_level_random_sample,EXP_20260312_095228
27-2022.00,Coaches and Scouts,Originality,3.88,Abilities,27,42,two_level_random_sample,EXP_20260312_095228
27-2022.00,Coaches and Scouts,Problem Sensitivity,3.75,Abilities,27,42,two_level_random_sample,EXP_20260312_095228
27-2022.00,Coaches and Scouts,Deductive Reasoning,3.75,Abilities,27,42,two_level_random_sample,EXP_20260312_095228
27-2022.00,Coaches and Scouts,Inductive Reasoning,3.75,Abilities,27,42,two_level_random_sample,EXP_20260312_095228
27-2022.00,Coaches and Scouts,Information Ordering,3.88,Abilities,27,42,two_level_random_sample,EXP_20260312_095228
27-2022.00,Coaches and Scouts,Category Flexibility,3.75,Abilities,27,42,two_level_random_sample,EXP_20260312_095228
27-2022.00,Coaches and Scouts,Mathematical Reasoning,2.25,Abilities,27,42,two_level_random_sample,EXP_20260312_095228
27-2022.00,Coaches and Scouts,Number Facility,2.0,Abilities,27,42,two_level_random_sample,EXP_20260312_095228
27-2022.00,Coaches and Scouts,Memorization,2.75,Abilities,27,42,two_level_random_sample,EXP_20260312_095228
27-2022.00,Coaches and Scouts,Speed of Closure,2.75,Abilities,27,42,two_level_random_sample,EXP_20260312_095228
27-2022.00,Coaches and Scouts,Flexibility of Closure,3.12,Abilities,27,42,two_level_random_sample,EXP_20260312_095228
27-2022.00,Coaches and Scouts,Perceptual Speed,2.62,Abilities,27,42,two_level_random_sample,EXP_20260312_095228
27-2022.00,Coaches and Scouts,Spatial Orientation,1.75,Abilities,27,42,two_level_random_sample,EXP_20260312_095228
27-2022.00,Coaches and Scouts,Visualization,3.38,Abilities,27,42,two_level_random_sample,EXP_20260312_095228
27-2022.00,Coaches and Scouts,Selective Attention,3.12,Abilities,27,42,two_level_random_sample,EXP_20260312_095228
27-2022.00,Coaches and Scouts,Time Sharing,2.88,Abilities,27,42,two_level_random_sample,EXP_20260312_095228
27-2022.00,Coaches and Scouts,Arm-Hand Steadiness,2.62,Abilities,27,42,two_level_random_sample,EXP_20260312_095228
27-2022.00,Coaches and Scouts,Manual Dexterity,2.38,Abilities,27,42,two_level_random_sample,EXP_20260312_095228
27-2022.00,Coaches and Scouts,Finger Dexterity,2.0,Abilities,27,42,two_level_random_sample,EXP_20260312_095228
27-2022.00,Coaches and Scouts,Control Precision,1.88,Abilities,27,42,two_level_random_sample,EXP_20260312_095228
27-2022.00,Coaches and Scouts,Multilimb Coordination,2.5,Abilities,27,42,two_level_random_sample,EXP_20260312_095228
27-2022.00,Coaches and Scouts,Response Orientation,1.0,Abilities,27,42,two_level_random_sample,EXP_20260312_095228
27-2022.00,Coaches and Scouts,Rate Control,1.0,Abilities,27,42,two_level_random_sample,EXP_20260312_095228
27-2022.00,Coaches and Scouts,Reaction Time,1.0,Abilities,27,42,two_level_random_sample,EXP_20260312_095228
27-2022.00,Coaches and Scouts,Wrist-Finger Speed,1.38,Abilities,27,42,two_level_random_sample,EXP_20260312_095228
27-2022.00,Coaches and Scouts,Speed of Limb Movement,1.5,Abilities,27,42,two_level_random_sample,EXP_20260312_095228
27-2022.00,Coaches and Scouts,Static Strength,2.88,Abilities,27,42,two_level_random_sample,EXP_20260312_095228
27-2022.00,Coaches and Scouts,Explosive Strength,1.88,Abilities,27,42,two_level_random_sample,EXP_20260312_095228
27-2022.00,Coaches and Scouts,Dynamic Strength,2.5,Abilities,27,42,two_level_random_sample,EXP_20260312_095228
27-2022.00,Coaches and Scouts,Trunk Strength,2.88,Abilities,27,42,two_level_random_sample,EXP_20260312_095228
27-2022.00,Coaches and Scouts,Stamina,2.62,Abilities,27,42,two_level_random_sample,EXP_20260312_095228
27-2022.00,Coaches and Scouts,Extent Flexibility,2.0,Abilities,27,42,two_level_random_sample,EXP_20260312_095228
27-2022.00,Coaches and Scouts,Dynamic Flexibility,1.25,Abilities,27,42,two_level_random_sample,EXP_20260312_095228
27-2022.00,Coaches and Scouts,Gross Body Coordination,2.0,Abilities,27,42,two_level_random_sample,EXP_20260312_095228
27-2022.00,Coaches and Scouts,Gross Body Equilibrium,2.0,Abilities,27,42,two_level_random_sample,EXP_20260312_095228
27-2022.00,Coaches and Scouts,Near Vision,3.62,Abilities,27,42,two_level_random_sample,EXP_20260312_095228
27-2022.00,Coaches and Scouts,Far Vision,3.25,Abilities,27,42,two_level_random_sample,EXP_20260312_095228
27-2022.00,Coaches and Scouts,Visual Color Discrimination,2.62,Abilities,27,42,two_level_random_sample,EXP_20260312_095228
27-2022.00,Coaches and Scouts,Night Vision,1.0,Abilities,27,42,two_level_random_sample,EXP_20260312_095228
27-2022.00,Coaches and Scouts,Peripheral Vision,1.75,Abilities,27,42,two_level_random_sample,EXP_20260312_095228
27-2022.00,Coaches and Scouts,Depth Perception,2.5,Abilities,27,42,two_level_random_sample,EXP_20260312_095228
27-2022.00,Coaches and Scouts,Glare Sensitivity,1.12,Abilities,27,42,two_level_random_sample,EXP_20260312_095228
27-2022.00,Coaches and Scouts,Hearing Sensitivity,2.12,Abilities,27,42,two_level_random_sample,EXP_20260312_095228
27-2022.00,Coaches and Scouts,Auditory Attention,2.75,Abilities,27,42,two_level_random_sample,EXP_20260312_095228
27-2022.00,Coaches and Scouts,Sound Localization,1.12,Abilities,27,42,two_level_random_sample,EXP_20260312_095228
27-2022.00,Coaches and Scouts,Speech Recognition,4.0,Abilities,27,42,two_level_random_sample,EXP_20260312_095228
27-2022.00,Coaches and Scouts,Speech Clarity,4.0,Abilities,27,42,two_level_random_sample,EXP_20260312_095228
51-2022.00,Electrical and Electronic Equipment Assemblers,Oral Comprehension,3.5,Abilities,51,42,two_level_random_sample,EXP_20260312_095228
51-2022.00,Electrical and Electronic Equipment Assemblers,Written Comprehension,3.12,Abilities,51,42,two_level_random_sample,EXP_20260312_095228
51-2022.00,Electrical and Electronic Equipment Assemblers,Oral Expression,3.12,Abilities,51,42,two_level_random_sample,EXP_20260312_095228
51-2022.00,Electrical and Electronic Equipment Assemblers,Written Expression,2.75,Abilities,51,42,two_level_random_sample,EXP_20260312_095228
51-2022.00,Electrical and Electronic Equipment Assemblers,Fluency of Ideas,2.62,Abilities,51,42,two_level_random_sample,EXP_20260312_095228
51-2022.00,Electrical and Electronic Equipment Assemblers,Originality,2.12,Abilities,51,42,two_level_random_sample,EXP_20260312_095228
51-2022.00,Electrical and Electronic Equipment Assemblers,Problem Sensitivity,3.0,Abilities,51,42,two_level_random_sample,EXP_20260312_095228
51-2022.00,Electrical and Electronic Equipment Assemblers,Deductive Reasoning,3.0,Abilities,51,42,two_level_random_sample,EXP_20260312_095228
51-2022.00,Electrical and Electronic Equipment Assemblers,Inductive Reasoning,3.12,Abilities,51,42,two_level_random_sample,EXP_20260312_095228
51-2022.00,Electrical and Electronic Equipment Assemblers,Information Ordering,3.25,Abilities,51,42,two_level_random_sample,EXP_20260312_095228
51-2022.00,Electrical and Electronic Equipment Assemblers,Category Flexibility,2.88,Abilities,51,42,two_level_random_sample,EXP_20260312_095228
51-2022.00,Electrical and Electronic Equipment Assemblers,Mathematical Reasoning,2.0,Abilities,51,42,two_level_random_sample,EXP_20260312_095228
51-2022.00,Electrical and Electronic Equipment Assemblers,Number Facility,2.0,Abilities,51,42,two_level_random_sample,EXP_20260312_095228
51-2022.00,Electrical and Electronic Equipment Assemblers,Memorization,2.0,Abilities,51,42,two_level_random_sample,EXP_20260312_095228
51-2022.00,Electrical and Electronic Equipment Assemblers,Speed of Closure,2.12,Abilities,51,42,two_level_random_sample,EXP_20260312_095228
51-2022.00,Electrical and Electronic Equipment Assemblers,Flexibility of Closure,2.5,Abilities,51,42,two_level_random_sample,EXP_20260312_095228
51-2022.00,Electrical and Electronic Equipment Assemblers,Perceptual Speed,2.88,Abilities,51,42,two_level_random_sample,EXP_20260312_095228
51-2022.00,Electrical and Electronic Equipment Assemblers,Spatial Orientation,1.5,Abilities,51,42,two_level_random_sample,EXP_20260312_095228
51-2022.00,Electrical and Electronic Equipment Assemblers,Visualization,3.12,Abilities,51,42,two_level_random_sample,EXP_20260312_095228
51-2022.00,Electrical and Electronic Equipment Assemblers,Selective Attention,2.88,Abilities,51,42,two_level_random_sample,EXP_20260312_095228
51-2022.00,Electrical and Electronic Equipment Assemblers,Time Sharing,2.12,Abilities,51,42,two_level_random_sample,EXP_20260312_095228
51-2022.00,Electrical and Electronic Equipment Assemblers,Arm-Hand Steadiness,3.38,Abilities,51,42,two_level_random_sample,EXP_20260312_095228
51-2022.00,Electrical and Electronic Equipment Assemblers,Manual Dexterity,3.38,Abilities,51,42,two_level_random_sample,EXP_20260312_095228
51-2022.00,Electrical and Electronic Equipment Assemblers,Finger Dexterity,3.75,Abilities,51,42,two_level_random_sample,EXP_20260312_095228
51-2022.00,Electrical and Electronic Equipment Assemblers,Control Precision,3.0,Abilities,51,42,two_level_random_sample,EXP_20260312_095228
51-2022.00,Electrical and Electronic Equipment Assemblers,Multilimb Coordination,3.0,Abilities,51,42,two_level_random_sample,EXP_20260312_095228
51-2022.00,Electrical and Electronic Equipment Assemblers,Response Orientation,2.0,Abilities,51,42,two_level_random_sample,EXP_20260312_095228
51-2022.00,Electrical and Electronic Equipment Assemblers,Rate Control,2.12,Abilities,51,42,two_level_random_sample,EXP_20260312_095228
51-2022.00,Electrical and Electronic Equipment Assemblers,Reaction Time,2.25,Abilities,51,42,two_level_random_sample,EXP_20260312_095228
51-2022.00,Electrical and Electronic Equipment Assemblers,Wrist-Finger Speed,2.12,Abilities,51,42,two_level_random_sample,EXP_20260312_095228
51-2022.00,Electrical and Electronic Equipment Assemblers,Speed of Limb Movement,1.62,Abilities,51,42,two_level_random_sample,EXP_20260312_095228
51-2022.00,Electrical and Electronic Equipment Assemblers,Static Strength,2.75,Abilities,51,42,two_level_random_sample,EXP_20260312_095228
51-2022.00,Electrical and Electronic Equipment Assemblers,Explosive Strength,1.12,Abilities,51,42,two_level_random_sample,EXP_20260312_095228
51-2022.00,Electrical and Electronic Equipment Assemblers,Dynamic Strength,1.88,Abilities,51,42,two_level_random_sample,EXP_20260312_095228
51-2022.00,Electrical and Electronic Equipment Assemblers,Trunk Strength,2.75,Abilities,51,42,two_level_random_sample,EXP_20260312_095228
51-2022.00,Electrical and Electronic Equipment Assemblers,Stamina,1.88,Abilities,51,42,two_level_random_sample,EXP_20260312_095228
51-2022.00,Electrical and Electronic Equipment Assemblers,Extent Flexibility,2.25,Abilities,51,42,two_level_random_sample,EXP_20260312_095228
51-2022.00,Electrical and Electronic Equipment Assemblers,Dynamic Flexibility,1.0,Abilities,51,42,two_level_random_sample,EXP_20260312_095228
51-2022.00,Electrical and Electronic Equipment Assemblers,Gross Body Coordination,1.75,Abilities,51,42,two_level_random_sample,EXP_20260312_095228
51-2022.00,Electrical and Electronic Equipment Assemblers,Gross Body Equilibrium,1.62,Abilities,51,42,two_level_random_sample,EXP_20260312_095228
51-2022.00,Electrical and Electronic Equipment Assemblers,Near Vision,4.0,Abilities,51,42,two_level_random_sample,EXP_20260312_095228
51-2022.00,Electrical and Electronic Equipment Assemblers,Far Vision,2.75,Abilities,51,42,two_level_random_sample,EXP_20260312_095228
51-2022.00,Electrical and Electronic Equipment Assemblers,Visual Color Discrimination,3.0,Abilities,51,42,two_level_random_sample,EXP_20260312_095228
51-2022.00,Electrical and Electronic Equipment Assemblers,Night Vision,1.12,Abilities,51,42,two_level_random_sample,EXP_20260312_095228
51-2022.00,Electrical and Electronic Equipment Assemblers,Peripheral Vision,1.0,Abilities,51,42,two_level_random_sample,EXP_20260312_095228
51-2022.00,Electrical and Electronic Equipment Assemblers,Depth Perception,2.25,Abilities,51,42,two_level_random_sample,EXP_20260312_095228
51-2022.00,Electrical and Electronic Equipment Assemblers,Glare Sensitivity,1.12,Abilities,51,42,two_level_random_sample,EXP_20260312_095228
51-2022.00,Electrical and Electronic Equipment Assemblers,Hearing Sensitivity,2.25,Abilities,51,42,two_level_random_sample,EXP_20260312_095228
51-2022.00,Electrical and Electronic Equipment Assemblers,Auditory Attention,2.5,Abilities,51,42,two_level_random_sample,EXP_20260312_095228
51-2022.00,Electrical and Electronic Equipment Assemblers,Sound Localization,1.38,Abilities,51,42,two_level_random_sample,EXP_20260312_095228
51-2022.00,Electrical and Electronic Equipment Assemblers,Speech Recognition,3.0,Abilities,51,42,two_level_random_sample,EXP_20260312_095228
51-2022.00,Electrical and Electronic Equipment Assemblers,Speech Clarity,2.88,Abilities,51,42,two_level_random_sample,EXP_20260312_095228
51-3091.00,"Food and Tobacco Roasting, Baking, and Drying Machine Operators and Tenders",Oral Comprehension,3.12,Abilities,51,42,two_level_random_sample,EXP_20260312_095228
51-3091.00,"Food and Tobacco Roasting, Baking, and Drying Machine Operators and Tenders",Written Comprehension,2.75,Abilities,51,42,two_level_random_sample,EXP_20260312_095228
51-3091.00,"Food and Tobacco Roasting, Baking, and Drying Machine Operators and Tenders",Oral Expression,3.0,Abilities,51,42,two_level_random_sample,EXP_20260312_095228
51-3091.00,"Food and Tobacco Roasting, Baking, and Drying Machine Operators and Tenders",Written Expression,3.0,Abilities,51,42,two_level_random_sample,EXP_20260312_095228
51-3091.00,"Food and Tobacco Roasting, Baking, and Drying Machine Operators and Tenders",Fluency of Ideas,2.12,Abilities,51,42,two_level_random_sample,EXP_20260312_095228
51-3091.00,"Food and Tobacco Roasting, Baking, and Drying Machine Operators and Tenders",Originality,2.12,Abilities,51,42,two_level_random_sample,EXP_20260312_095228
51-3091.00,"Food and Tobacco Roasting, Baking, and Drying Machine Operators and Tenders",Problem Sensitivity,3.25,Abilities,51,42,two_level_random_sample,EXP_20260312_095228
51-3091.00,"Food and Tobacco Roasting, Baking, and Drying Machine Operators and Tenders",Deductive Reasoning,2.88,Abilities,51,42,two_level_random_sample,EXP_20260312_095228
51-3091.00,"Food and Tobacco Roasting, Baking, and Drying Machine Operators and Tenders",Inductive Reasoning,2.75,Abilities,51,42,two_level_random_sample,EXP_20260312_095228
51-3091.00,"Food and Tobacco Roasting, Baking, and Drying Machine Operators and Tenders",Information Ordering,3.12,Abilities,51,42,two_level_random_sample,EXP_20260312_095228
51-3091.00,"Food and Tobacco Roasting, Baking, and Drying Machine Operators and Tenders",Category Flexibility,3.12,Abilities,51,42,two_level_random_sample,EXP_20260312_095228
51-3091.00,"Food and Tobacco Roasting, Baking, and Drying Machine Operators and Tenders",Mathematical Reasoning,1.5,Abilities,51,42,two_level_random_sample,EXP_20260312_095228
51-3091.00,"Food and Tobacco Roasting, Baking, and Drying Machine Operators and Tenders",Number Facility,1.88,Abilities,51,42,two_level_random_sample,EXP_20260312_095228
51-3091.00,"Food and Tobacco Roasting, Baking, and Drying Machine Operators and Tenders",Memorization,2.0,Abilities,51,42,two_level_random_sample,EXP_20260312_095228
51-3091.00,"Food and Tobacco Roasting, Baking, and Drying Machine Operators and Tenders",Speed of Closure,2.12,Abilities,51,42,two_level_random_sample,EXP_20260312_095228
51-3091.00,"Food and Tobacco Roasting, Baking, and Drying Machine Operators and Tenders",Flexibility of Closure,3.0,Abilities,51,42,two_level_random_sample,EXP_20260312_095228
51-3091.00,"Food and Tobacco Roasting, Baking, and Drying Machine Operators and Tenders",Perceptual Speed,3.12,Abilities,51,42,two_level_random_sample,EXP_20260312_095228
51-3091.00,"Food and Tobacco Roasting, Baking, and Drying Machine Operators and Tenders",Spatial Orientation,1.38,Abilities,51,42,two_level_random_sample,EXP_20260312_095228
51-3091.00,"Food and Tobacco Roasting, Baking, and Drying Machine Operators and Tenders",Visualization,2.88,Abilities,51,42,two_level_random_sample,EXP_20260312_095228
51-3091.00,"Food and Tobacco Roasting, Baking, and Drying Machine Operators and Tenders",Selective Attention,3.12,Abilities,51,42,two_level_random_sample,EXP_20260312_095228
51-3091.00,"Food and Tobacco Roasting, Baking, and Drying Machine Operators and Tenders",Time Sharing,2.12,Abilities,51,42,two_level_random_sample,EXP_20260312_095228
51-3091.00,"Food and Tobacco Roasting, Baking, and Drying Machine Operators and Tenders",Arm-Hand Steadiness,3.12,Abilities,51,42,two_level_random_sample,EXP_20260312_095228
51-3091.00,"Food and Tobacco Roasting, Baking, and Drying Machine Operators and Tenders",Manual Dexterity,3.0,Abilities,51,42,two_level_random_sample,EXP_20260312_095228
51-3091.00,"Food and Tobacco Roasting, Baking, and Drying Machine Operators and Tenders",Finger Dexterity,3.0,Abilities,51,42,two_level_random_sample,EXP_20260312_095228
51-3091.00,"Food and Tobacco Roasting, Baking, and Drying Machine Operators and Tenders",Control Precision,3.12,Abilities,51,42,two_level_random_sample,EXP_20260312_095228
51-3091.00,"Food and Tobacco Roasting, Baking, and Drying Machine Operators and Tenders",Multilimb Coordination,3.0,Abilities,51,42,two_level_random_sample,EXP_20260312_095228
51-3091.00,"Food and Tobacco Roasting, Baking, and Drying Machine Operators and Tenders",Response Orientation,2.12,Abilities,51,42,two_level_random_sample,EXP_20260312_095228
51-3091.00,"Food and Tobacco Roasting, Baking, and Drying Machine Operators and Tenders",Rate Control,3.0,Abilities,51,42,two_level_random_sample,EXP_20260312_095228
51-3091.00,"Food and Tobacco Roasting, Baking, and Drying Machine Operators and Tenders",Reaction Time,2.75,Abilities,51,42,two_level_random_sample,EXP_20260312_095228
51-3091.00,"Food and Tobacco Roasting, Baking, and Drying Machine Operators and Tenders",Wrist-Finger Speed,2.12,Abilities,51,42,two_level_random_sample,EXP_20260312_095228
51-3091.00,"Food and Tobacco Roasting, Baking, and Drying Machine Operators and Tenders",Speed of Limb Movement,1.88,Abilities,51,42,two_level_random_sample,EXP_20260312_095228
51-3091.00,"Food and Tobacco Roasting, Baking, and Drying Machine Operators and Tenders",Static Strength,2.38,Abilities,51,42,two_level_random_sample,EXP_20260312_095228
51-3091.00,"Food and Tobacco Roasting, Baking, and Drying Machine Operators and Tenders",Explosive Strength,1.5,Abilities,51,42,two_level_random_sample,EXP_20260312_095228
51-3091.00,"Food and Tobacco Roasting, Baking, and Drying Machine Operators and Tenders",Dynamic Strength,2.0,Abilities,51,42,two_level_random_sample,EXP_20260312_095228
51-3091.00,"Food and Tobacco Roasting, Baking, and Drying Machine Operators and Tenders",Trunk Strength,3.0,Abilities,51,42,two_level_random_sample,EXP_20260312_095228
51-3091.00,"Food and Tobacco Roasting, Baking, and Drying Machine Operators and Tenders",Stamina,2.62,Abilities,51,42,two_level_random_sample,EXP_20260312_095228
51-3091.00,"Food and Tobacco Roasting, Baking, and Drying Machine Operators and Tenders",Extent Flexibility,2.88,Abilities,51,42,two_level_random_sample,EXP_20260312_095228
51-3091.00,"Food and Tobacco Roasting, Baking, and Drying Machine Operators and Tenders",Dynamic Flexibility,1.0,Abilities,51,42,two_level_random_sample,EXP_20260312_095228
51-3091.00,"Food and Tobacco Roasting, Baking, and Drying Machine Operators and Tenders",Gross Body Coordination,2.0,Abilities,51,42,two_level_random_sample,EXP_20260312_095228
51-3091.00,"Food and Tobacco Roasting, Baking, and Drying Machine Operators and Tenders",Gross Body Equilibrium,2.0,Abilities,51,42,two_level_random_sample,EXP_20260312_095228
51-3091.00,"Food and Tobacco Roasting, Baking, and Drying Machine Operators and Tenders",Near Vision,3.75,Abilities,51,42,two_level_random_sample,EXP_20260312_095228
51-3091.00,"Food and Tobacco Roasting, Baking, and Drying Machine Operators and Tenders",Far Vision,2.88,Abilities,51,42,two_level_random_sample,EXP_20260312_095228
51-3091.00,"Food and Tobacco Roasting, Baking, and Drying Machine Operators and Tenders",Visual Color Discrimination,3.0,Abilities,51,42,two_level_random_sample,EXP_20260312_095228
51-3091.00,"Food and Tobacco Roasting, Baking, and Drying Machine Operators and Tenders",Night Vision,1.5,Abilities,51,42,two_level_random_sample,EXP_20260312_095228
51-3091.00,"Food and Tobacco Roasting, Baking, and Drying Machine Operators and Tenders",Peripheral Vision,1.5,Abilities,51,42,two_level_random_sample,EXP_20260312_095228
51-3091.00,"Food and Tobacco Roasting, Baking, and Drying Machine Operators and Tenders",Depth Perception,2.0,Abilities,51,42,two_level_random_sample,EXP_20260312_095228
51-3091.00,"Food and Tobacco Roasting, Baking, and Drying Machine Operators and Tenders",Glare Sensitivity,1.5,Abilities,51,42,two_level_random_sample,EXP_20260312_095228
51-3091.00,"Food and Tobacco Roasting, Baking, and Drying Machine Operators and Tenders",Hearing Sensitivity,3.0,Abilities,51,42,two_level_random_sample,EXP_20260312_095228
51-3091.00,"Food and Tobacco Roasting, Baking, and Drying Machine Operators and Tenders",Auditory Attention,3.0,Abilities,51,42,two_level_random_sample,EXP_20260312_095228
51-3091.00,"Food and Tobacco Roasting, Baking, and Drying Machine Operators and Tenders",Sound Localization,1.75,Abilities,51,42,two_level_random_sample,EXP_20260312_095228
51-3091.00,"Food and Tobacco Roasting, Baking, and Drying Machine Operators and Tenders",Speech Recognition,3.12,Abilities,51,42,two_level_random_sample,EXP_20260312_095228
51-3091.00,"Food and Tobacco Roasting, Baking, and Drying Machine Operators and Tenders",Speech Clarity,3.0,Abilities,51,42,two_level_random_sample,EXP_20260312_095228
51-4122.00,"Welding, Soldering, and Brazing Machine Setters, Operators, and Tenders",Oral Comprehension,2.88,Abilities,51,42,two_level_random_sample,EXP_20260312_095228
51-4122.00,"Welding, Soldering, and Brazing Machine Setters, Operators, and Tenders",Written Comprehension,2.88,Abilities,51,42,two_level_random_sample,EXP_20260312_095228
51-4122.00,"Welding, Soldering, and Brazing Machine Setters, Operators, and Tenders",Oral Expression,3.0,Abilities,51,42,two_level_random_sample,EXP_20260312_095228
51-4122.00,"Welding, Soldering, and Brazing Machine Setters, Operators, and Tenders",Written Expression,2.5,Abilities,51,42,two_level_random_sample,EXP_20260312_095228
51-4122.00,"Welding, Soldering, and Brazing Machine Setters, Operators, and Tenders",Fluency of Ideas,2.12,Abilities,51,42,two_level_random_sample,EXP_20260312_095228
51-4122.00,"Welding, Soldering, and Brazing Machine Setters, Operators, and Tenders",Originality,2.12,Abilities,51,42,two_level_random_sample,EXP_20260312_095228
51-4122.00,"Welding, Soldering, and Brazing Machine Setters, Operators, and Tenders",Problem Sensitivity,3.12,Abilities,51,42,two_level_random_sample,EXP_20260312_095228
51-4122.00,"Welding, Soldering, and Brazing Machine Setters, Operators, and Tenders",Deductive Reasoning,3.0,Abilities,51,42,two_level_random_sample,EXP_20260312_095228
51-4122.00,"Welding, Soldering, and Brazing Machine Setters, Operators, and Tenders",Inductive Reasoning,3.0,Abilities,51,42,two_level_random_sample,EXP_20260312_095228
51-4122.00,"Welding, Soldering, and Brazing Machine Setters, Operators, and Tenders",Information Ordering,3.12,Abilities,51,42,two_level_random_sample,EXP_20260312_095228
51-4122.00,"Welding, Soldering, and Brazing Machine Setters, Operators, and Tenders",Category Flexibility,3.0,Abilities,51,42,two_level_random_sample,EXP_20260312_095228
51-4122.00,"Welding, Soldering, and Brazing Machine Setters, Operators, and Tenders",Mathematical Reasoning,2.0,Abilities,51,42,two_level_random_sample,EXP_20260312_095228
51-4122.00,"Welding, Soldering, and Brazing Machine Setters, Operators, and Tenders",Number Facility,2.0,Abilities,51,42,two_level_random_sample,EXP_20260312_095228
51-4122.00,"Welding, Soldering, and Brazing Machine Setters, Operators, and Tenders",Memorization,2.0,Abilities,51,42,two_level_random_sample,EXP_20260312_095228
51-4122.00,"Welding, Soldering, and Brazing Machine Setters, Operators, and Tenders",Speed of Closure,2.12,Abilities,51,42,two_level_random_sample,EXP_20260312_095228
51-4122.00,"Welding, Soldering, and Brazing Machine Setters, Operators, and Tenders",Flexibility of Closure,2.88,Abilities,51,42,two_level_random_sample,EXP_20260312_095228
51-4122.00,"Welding, Soldering, and Brazing Machine Setters, Operators, and Tenders",Perceptual Speed,3.0,Abilities,51,42,two_level_random_sample,EXP_20260312_095228
51-4122.00,"Welding, Soldering, and Brazing Machine Setters, Operators, and Tenders",Spatial Orientation,1.88,Abilities,51,42,two_level_random_sample,EXP_20260312_095228
51-4122.00,"Welding, Soldering, and Brazing Machine Setters, Operators, and Tenders",Visualization,3.25,Abilities,51,42,two_level_random_sample,EXP_20260312_095228
51-4122.00,"Welding, Soldering, and Brazing Machine Setters, Operators, and Tenders",Selective Attention,3.12,Abilities,51,42,two_level_random_sample,EXP_20260312_095228
51-4122.00,"Welding, Soldering, and Brazing Machine Setters, Operators, and Tenders",Time Sharing,2.12,Abilities,51,42,two_level_random_sample,EXP_20260312_095228
51-4122.00,"Welding, Soldering, and Brazing Machine Setters, Operators, and Tenders",Arm-Hand Steadiness,3.25,Abilities,51,42,two_level_random_sample,EXP_20260312_095228
51-4122.00,"Welding, Soldering, and Brazing Machine Setters, Operators, and Tenders",Manual Dexterity,3.25,Abilities,51,42,two_level_random_sample,EXP_20260312_095228
51-4122.00,"Welding, Soldering, and Brazing Machine Setters, Operators, and Tenders",Finger Dexterity,3.0,Abilities,51,42,two_level_random_sample,EXP_20260312_095228
51-4122.00,"Welding, Soldering, and Brazing Machine Setters, Operators, and Tenders",Control Precision,3.62,Abilities,51,42,two_level_random_sample,EXP_20260312_095228
51-4122.00,"Welding, Soldering, and Brazing Machine Setters, Operators, and Tenders",Multilimb Coordination,3.12,Abilities,51,42,two_level_random_sample,EXP_20260312_095228
51-4122.00,"Welding, Soldering, and Brazing Machine Setters, Operators, and Tenders",Response Orientation,2.25,Abilities,51,42,two_level_random_sample,EXP_20260312_095228
51-4122.00,"Welding, Soldering, and Brazing Machine Setters, Operators, and Tenders",Rate Control,3.0,Abilities,51,42,two_level_random_sample,EXP_20260312_095228
51-4122.00,"Welding, Soldering, and Brazing Machine Setters, Operators, and Tenders",Reaction Time,3.0,Abilities,51,42,two_level_random_sample,EXP_20260312_095228
51-4122.00,"Welding, Soldering, and Brazing Machine Setters, Operators, and Tenders",Wrist-Finger Speed,2.0,Abilities,51,42,two_level_random_sample,EXP_20260312_095228
51-4122.00,"Welding, Soldering, and Brazing Machine Setters, Operators, and Tenders",Speed of Limb Movement,1.62,Abilities,51,42,two_level_random_sample,EXP_20260312_095228
51-4122.00,"Welding, Soldering, and Brazing Machine Setters, Operators, and Tenders",Static Strength,2.88,Abilities,51,42,two_level_random_sample,EXP_20260312_095228
51-4122.00,"Welding, Soldering, and Brazing Machine Setters, Operators, and Tenders",Explosive Strength,2.12,Abilities,51,42,two_level_random_sample,EXP_20260312_095228
51-4122.00,"Welding, Soldering, and Brazing Machine Setters, Operators, and Tenders",Dynamic Strength,2.5,Abilities,51,42,two_level_random_sample,EXP_20260312_095228
51-4122.00,"Welding, Soldering, and Brazing Machine Setters, Operators, and Tenders",Trunk Strength,3.0,Abilities,51,42,two_level_random_sample,EXP_20260312_095228
51-4122.00,"Welding, Soldering, and Brazing Machine Setters, Operators, and Tenders",Stamina,2.12,Abilities,51,42,two_level_random_sample,EXP_20260312_095228
51-4122.00,"Welding, Soldering, and Brazing Machine Setters, Operators, and Tenders",Extent Flexibility,3.0,Abilities,51,42,two_level_random_sample,EXP_20260312_095228
51-4122.00,"Welding, Soldering, and Brazing Machine Setters, Operators, and Tenders",Dynamic Flexibility,1.38,Abilities,51,42,two_level_random_sample,EXP_20260312_095228
51-4122.00,"Welding, Soldering, and Brazing Machine Setters, Operators, and Tenders",Gross Body Coordination,2.0,Abilities,51,42,two_level_random_sample,EXP_20260312_095228
51-4122.00,"Welding, Soldering, and Brazing Machine Setters, Operators, and Tenders",Gross Body Equilibrium,2.12,Abilities,51,42,two_level_random_sample,EXP_20260312_095228
51-4122.00,"Welding, Soldering, and Brazing Machine Setters, Operators, and Tenders",Near Vision,3.75,Abilities,51,42,two_level_random_sample,EXP_20260312_095228
51-4122.00,"Welding, Soldering, and Brazing Machine Setters, Operators, and Tenders",Far Vision,3.0,Abilities,51,42,two_level_random_sample,EXP_20260312_095228
51-4122.00,"Welding, Soldering, and Brazing Machine Setters, Operators, and Tenders",Visual Color Discrimination,2.25,Abilities,51,42,two_level_random_sample,EXP_20260312_095228
51-4122.00,"Welding, Soldering, and Brazing Machine Setters, Operators, and Tenders",Night Vision,1.88,Abilities,51,42,two_level_random_sample,EXP_20260312_095228
51-4122.00,"Welding, Soldering, and Brazing Machine Setters, Operators, and Tenders",Peripheral Vision,2.0,Abilities,51,42,two_level_random_sample,EXP_20260312_095228
51-4122.00,"Welding, Soldering, and Brazing Machine Setters, Operators, and Tenders",Depth Perception,2.75,Abilities,51,42,two_level_random_sample,EXP_20260312_095228
51-4122.00,"Welding, Soldering, and Brazing Machine Setters, Operators, and Tenders",Glare Sensitivity,2.12,Abilities,51,42,two_level_random_sample,EXP_20260312_095228
51-4122.00,"Welding, Soldering, and Brazing Machine Setters, Operators, and Tenders",Hearing Sensitivity,2.62,Abilities,51,42,two_level_random_sample,EXP_20260312_095228
51-4122.00,"Welding, Soldering, and Brazing Machine Setters, Operators, and Tenders",Auditory Attention,2.88,Abilities,51,42,two_level_random_sample,EXP_20260312_095228
51-4122.00,"Welding, Soldering, and Brazing Machine Setters, Operators, and Tenders",Sound Localization,1.75,Abilities,51,42,two_level_random_sample,EXP_20260312_095228
51-4122.00,"Welding, Soldering, and Brazing Machine Setters, Operators, and Tenders",Speech Recognition,3.0,Abilities,51,42,two_level_random_sample,EXP_20260312_095228
51-4122.00,"Welding, Soldering, and Brazing Machine Setters, Operators, and Tenders",Speech Clarity,3.0,Abilities,51,42,two_level_random_sample,EXP_20260312_095228
51-9071.00,Jewelers and Precious Stone and Metal Workers,Oral Comprehension,3.25,Abilities,51,42,two_level_random_sample,EXP_20260312_095228
51-9071.00,Jewelers and Precious Stone and Metal Workers,Written Comprehension,2.88,Abilities,51,42,two_level_random_sample,EXP_20260312_095228
51-9071.00,Jewelers and Precious Stone and Metal Workers,Oral Expression,3.12,Abilities,51,42,two_level_random_sample,EXP_20260312_095228
51-9071.00,Jewelers and Precious Stone and Metal Workers,Written Expression,2.62,Abilities,51,42,two_level_random_sample,EXP_20260312_095228
51-9071.00,Jewelers and Precious Stone and Metal Workers,Fluency of Ideas,2.88,Abilities,51,42,two_level_random_sample,EXP_20260312_095228
51-9071.00,Jewelers and Precious Stone and Metal Workers,Originality,3.12,Abilities,51,42,two_level_random_sample,EXP_20260312_095228
51-9071.00,Jewelers and Precious Stone and Metal Workers,Problem Sensitivity,3.0,Abilities,51,42,two_level_random_sample,EXP_20260312_095228
51-9071.00,Jewelers and Precious Stone and Metal Workers,Deductive Reasoning,3.0,Abilities,51,42,two_level_random_sample,EXP_20260312_095228
51-9071.00,Jewelers and Precious Stone and Metal Workers,Inductive Reasoning,2.88,Abilities,51,42,two_level_random_sample,EXP_20260312_095228
51-9071.00,Jewelers and Precious Stone and Metal Workers,Information Ordering,3.0,Abilities,51,42,two_level_random_sample,EXP_20260312_095228
51-9071.00,Jewelers and Precious Stone and Metal Workers,Category Flexibility,3.12,Abilities,51,42,two_level_random_sample,EXP_20260312_095228
51-9071.00,Jewelers and Precious Stone and Metal Workers,Mathematical Reasoning,2.0,Abilities,51,42,two_level_random_sample,EXP_20260312_095228
51-9071.00,Jewelers and Precious Stone and Metal Workers,Number Facility,2.12,Abilities,51,42,two_level_random_sample,EXP_20260312_095228
51-9071.00,Jewelers and Precious Stone and Metal Workers,Memorization,2.0,Abilities,51,42,two_level_random_sample,EXP_20260312_095228
51-9071.00,Jewelers and Precious Stone and Metal Workers,Speed of Closure,2.0,Abilities,51,42,two_level_random_sample,EXP_20260312_095228
51-9071.00,Jewelers and Precious Stone and Metal Workers,Flexibility of Closure,2.75,Abilities,51,42,two_level_random_sample,EXP_20260312_095228
51-9071.00,Jewelers and Precious Stone and Metal Workers,Perceptual Speed,2.5,Abilities,51,42,two_level_random_sample,EXP_20260312_095228
51-9071.00,Jewelers and Precious Stone and Metal Workers,Spatial Orientation,1.38,Abilities,51,42,two_level_random_sample,EXP_20260312_095228
51-9071.00,Jewelers and Precious Stone and Metal Workers,Visualization,3.12,Abilities,51,42,two_level_random_sample,EXP_20260312_095228
51-9071.00,Jewelers and Precious Stone and Metal Workers,Selective Attention,2.75,Abilities,51,42,two_level_random_sample,EXP_20260312_095228
51-9071.00,Jewelers and Precious Stone and Metal Workers,Time Sharing,2.38,Abilities,51,42,two_level_random_sample,EXP_20260312_095228
51-9071.00,Jewelers and Precious Stone and Metal Workers,Arm-Hand Steadiness,3.5,Abilities,51,42,two_level_random_sample,EXP_20260312_095228
51-9071.00,Jewelers and Precious Stone and Metal Workers,Manual Dexterity,2.88,Abilities,51,42,two_level_random_sample,EXP_20260312_095228
51-9071.00,Jewelers and Precious Stone and Metal Workers,Finger Dexterity,3.62,Abilities,51,42,two_level_random_sample,EXP_20260312_095228
51-9071.00,Jewelers and Precious Stone and Metal Workers,Control Precision,2.88,Abilities,51,42,two_level_random_sample,EXP_20260312_095228
51-9071.00,Jewelers and Precious Stone and Metal Workers,Multilimb Coordination,2.0,Abilities,51,42,two_level_random_sample,EXP_20260312_095228
51-9071.00,Jewelers and Precious Stone and Metal Workers,Response Orientation,1.38,Abilities,51,42,two_level_random_sample,EXP_20260312_095228
51-9071.00,Jewelers and Precious Stone and Metal Workers,Rate Control,1.75,Abilities,51,42,two_level_random_sample,EXP_20260312_095228
51-9071.00,Jewelers and Precious Stone and Metal Workers,Reaction Time,1.88,Abilities,51,42,two_level_random_sample,EXP_20260312_095228
51-9071.00,Jewelers and Precious Stone and Metal Workers,Wrist-Finger Speed,2.12,Abilities,51,42,two_level_random_sample,EXP_20260312_095228
51-9071.00,Jewelers and Precious Stone and Metal Workers,Speed of Limb Movement,1.25,Abilities,51,42,two_level_random_sample,EXP_20260312_095228
51-9071.00,Jewelers and Precious Stone and Metal Workers,Static Strength,1.88,Abilities,51,42,two_level_random_sample,EXP_20260312_095228
51-9071.00,Jewelers and Precious Stone and Metal Workers,Explosive Strength,1.5,Abilities,51,42,two_level_random_sample,EXP_20260312_095228
51-9071.00,Jewelers and Precious Stone and Metal Workers,Dynamic Strength,1.88,Abilities,51,42,two_level_random_sample,EXP_20260312_095228
51-9071.00,Jewelers and Precious Stone and Metal Workers,Trunk Strength,2.0,Abilities,51,42,two_level_random_sample,EXP_20260312_095228
51-9071.00,Jewelers and Precious Stone and Metal Workers,Stamina,1.25,Abilities,51,42,two_level_random_sample,EXP_20260312_095228
51-9071.00,Jewelers and Precious Stone and Metal Workers,Extent Flexibility,1.75,Abilities,51,42,two_level_random_sample,EXP_20260312_095228
51-9071.00,Jewelers and Precious Stone and Metal Workers,Dynamic Flexibility,1.12,Abilities,51,42,two_level_random_sample,EXP_20260312_095228
51-9071.00,Jewelers and Precious Stone and Metal Workers,Gross Body Coordination,1.25,Abilities,51,42,two_level_random_sample,EXP_20260312_095228
51-9071.00,Jewelers and Precious Stone and Metal Workers,Gross Body Equilibrium,1.25,Abilities,51,42,two_level_random_sample,EXP_20260312_095228
51-9071.00,Jewelers and Precious Stone and Metal Workers,Near Vision,3.88,Abilities,51,42,two_level_random_sample,EXP_20260312_095228
51-9071.00,Jewelers and Precious Stone and Metal Workers,Far Vision,2.38,Abilities,51,42,two_level_random_sample,EXP_20260312_095228
51-9071.00,Jewelers and Precious Stone and Metal Workers,Visual Color Discrimination,3.0,Abilities,51,42,two_level_random_sample,EXP_20260312_095228
51-9071.00,Jewelers and Precious Stone and Metal Workers,Night Vision,1.12,Abilities,51,42,two_level_random_sample,EXP_20260312_095228
51-9071.00,Jewelers and Precious Stone and Metal Workers,Peripheral Vision,1.38,Abilities,51,42,two_level_random_sample,EXP_20260312_095228
51-9071.00,Jewelers and Precious Stone and Metal Workers,Depth Perception,2.25,Abilities,51,42,two_level_random_sample,EXP_20260312_095228
51-9071.00,Jewelers and Precious Stone and Metal Workers,Glare Sensitivity,1.12,Abilities,51,42,two_level_random_sample,EXP_20260312_095228
51-9071.00,Jewelers and Precious Stone and Metal Workers,Hearing Sensitivity,2.0,Abilities,51,42,two_level_random_sample,EXP_20260312_095228
51-9071.00,Jewelers and Precious Stone and Metal Workers,Auditory Attention,2.0,Abilities,51,42,two_level_random_sample,EXP_20260312_095228
51-9071.00,Jewelers and Precious Stone and Metal Workers,Sound Localization,1.12,Abilities,51,42,two_level_random_sample,EXP_20260312_095228
51-9071.00,Jewelers and Precious Stone and Metal Workers,Speech Recognition,3.0,Abilities,51,42,two_level_random_sample,EXP_20260312_095228
51-9071.00,Jewelers and Precious Stone and Metal Workers,Speech Clarity,3.0,Abilities,51,42,two_level_random_sample,EXP_20260312_095228
51-9192.00,"Cleaning, Washing, and Metal Pickling Equipment Operators and Tenders",Oral Comprehension,2.88,Abilities,51,42,two_level_random_sample,EXP_20260312_095228
51-9192.00,"Cleaning, Washing, and Metal Pickling Equipment Operators and Tenders",Written Comprehension,2.25,Abilities,51,42,two_level_random_sample,EXP_20260312_095228
51-9192.00,"Cleaning, Washing, and Metal Pickling Equipment Operators and Tenders",Oral Expression,2.75,Abilities,51,42,two_level_random_sample,EXP_20260312_095228
51-9192.00,"Cleaning, Washing, and Metal Pickling Equipment Operators and Tenders",Written Expression,2.25,Abilities,51,42,two_level_random_sample,EXP_20260312_095228
51-9192.00,"Cleaning, Washing, and Metal Pickling Equipment Operators and Tenders",Fluency of Ideas,2.0,Abilities,51,42,two_level_random_sample,EXP_20260312_095228
51-9192.00,"Cleaning, Washing, and Metal Pickling Equipment Operators and Tenders",Originality,1.88,Abilities,51,42,two_level_random_sample,EXP_20260312_095228
51-9192.00,"Cleaning, Washing, and Metal Pickling Equipment Operators and Tenders",Problem Sensitivity,2.88,Abilities,51,42,two_level_random_sample,EXP_20260312_095228
51-9192.00,"Cleaning, Washing, and Metal Pickling Equipment Operators and Tenders",Deductive Reasoning,2.75,Abilities,51,42,two_level_random_sample,EXP_20260312_095228
51-9192.00,"Cleaning, Washing, and Metal Pickling Equipment Operators and Tenders",Inductive Reasoning,2.75,Abilities,51,42,two_level_random_sample,EXP_20260312_095228
51-9192.00,"Cleaning, Washing, and Metal Pickling Equipment Operators and Tenders",Information Ordering,3.12,Abilities,51,42,two_level_random_sample,EXP_20260312_095228
51-9192.00,"Cleaning, Washing, and Metal Pickling Equipment Operators and Tenders",Category Flexibility,3.0,Abilities,51,42,two_level_random_sample,EXP_20260312_095228
51-9192.00,"Cleaning, Washing, and Metal Pickling Equipment Operators and Tenders",Mathematical Reasoning,2.0,Abilities,51,42,two_level_random_sample,EXP_20260312_095228
51-9192.00,"Cleaning, Washing, and Metal Pickling Equipment Operators and Tenders",Number Facility,2.0,Abilities,51,42,two_level_random_sample,EXP_20260312_095228
51-9192.00,"Cleaning, Washing, and Metal Pickling Equipment Operators and Tenders",Memorization,2.0,Abilities,51,42,two_level_random_sample,EXP_20260312_095228
51-9192.00,"Cleaning, Washing, and Metal Pickling Equipment Operators and Tenders",Speed of Closure,2.12,Abilities,51,42,two_level_random_sample,EXP_20260312_095228
51-9192.00,"Cleaning, Washing, and Metal Pickling Equipment Operators and Tenders",Flexibility of Closure,2.38,Abilities,51,42,two_level_random_sample,EXP_20260312_095228
51-9192.00,"Cleaning, Washing, and Metal Pickling Equipment Operators and Tenders",Perceptual Speed,3.12,Abilities,51,42,two_level_random_sample,EXP_20260312_095228
51-9192.00,"Cleaning, Washing, and Metal Pickling Equipment Operators and Tenders",Spatial Orientation,1.62,Abilities,51,42,two_level_random_sample,EXP_20260312_095228
51-9192.00,"Cleaning, Washing, and Metal Pickling Equipment Operators and Tenders",Visualization,2.38,Abilities,51,42,two_level_random_sample,EXP_20260312_095228
51-9192.00,"Cleaning, Washing, and Metal Pickling Equipment Operators and Tenders",Selective Attention,2.88,Abilities,51,42,two_level_random_sample,EXP_20260312_095228
51-9192.00,"Cleaning, Washing, and Metal Pickling Equipment Operators and Tenders",Time Sharing,2.38,Abilities,51,42,two_level_random_sample,EXP_20260312_095228
51-9192.00,"Cleaning, Washing, and Metal Pickling Equipment Operators and Tenders",Arm-Hand Steadiness,3.12,Abilities,51,42,two_level_random_sample,EXP_20260312_095228
51-9192.00,"Cleaning, Washing, and Metal Pickling Equipment Operators and Tenders",Manual Dexterity,3.0,Abilities,51,42,two_level_random_sample,EXP_20260312_095228
51-9192.00,"Cleaning, Washing, and Metal Pickling Equipment Operators and Tenders",Finger Dexterity,3.0,Abilities,51,42,two_level_random_sample,EXP_20260312_095228
51-9192.00,"Cleaning, Washing, and Metal Pickling Equipment Operators and Tenders",Control Precision,3.12,Abilities,51,42,two_level_random_sample,EXP_20260312_095228
51-9192.00,"Cleaning, Washing, and Metal Pickling Equipment Operators and Tenders",Multilimb Coordination,3.0,Abilities,51,42,two_level_random_sample,EXP_20260312_095228
51-9192.00,"Cleaning, Washing, and Metal Pickling Equipment Operators and Tenders",Response Orientation,2.12,Abilities,51,42,two_level_random_sample,EXP_20260312_095228
51-9192.00,"Cleaning, Washing, and Metal Pickling Equipment Operators and Tenders",Rate Control,2.5,Abilities,51,42,two_level_random_sample,EXP_20260312_095228
51-9192.00,"Cleaning, Washing, and Metal Pickling Equipment Operators and Tenders",Reaction Time,2.38,Abilities,51,42,two_level_random_sample,EXP_20260312_095228
51-9192.00,"Cleaning, Washing, and Metal Pickling Equipment Operators and Tenders",Wrist-Finger Speed,2.0,Abilities,51,42,two_level_random_sample,EXP_20260312_095228
51-9192.00,"Cleaning, Washing, and Metal Pickling Equipment Operators and Tenders",Speed of Limb Movement,1.88,Abilities,51,42,two_level_random_sample,EXP_20260312_095228
51-9192.00,"Cleaning, Washing, and Metal Pickling Equipment Operators and Tenders",Static Strength,2.62,Abilities,51,42,two_level_random_sample,EXP_20260312_095228
51-9192.00,"Cleaning, Washing, and Metal Pickling Equipment Operators and Tenders",Explosive Strength,1.5,Abilities,51,42,two_level_random_sample,EXP_20260312_095228
51-9192.00,"Cleaning, Washing, and Metal Pickling Equipment Operators and Tenders",Dynamic Strength,2.0,Abilities,51,42,two_level_random_sample,EXP_20260312_095228
51-9192.00,"Cleaning, Washing, and Metal Pickling Equipment Operators and Tenders",Trunk Strength,3.0,Abilities,51,42,two_level_random_sample,EXP_20260312_095228
51-9192.00,"Cleaning, Washing, and Metal Pickling Equipment Operators and Tenders",Stamina,2.75,Abilities,51,42,two_level_random_sample,EXP_20260312_095228
51-9192.00,"Cleaning, Washing, and Metal Pickling Equipment Operators and Tenders",Extent Flexibility,2.88,Abilities,51,42,two_level_random_sample,EXP_20260312_095228
51-9192.00,"Cleaning, Washing, and Metal Pickling Equipment Operators and Tenders",Dynamic Flexibility,1.12,Abilities,51,42,two_level_random_sample,EXP_20260312_095228
51-9192.00,"Cleaning, Washing, and Metal Pickling Equipment Operators and Tenders",Gross Body Coordination,2.62,Abilities,51,42,two_level_random_sample,EXP_20260312_095228
51-9192.00,"Cleaning, Washing, and Metal Pickling Equipment Operators and Tenders",Gross Body Equilibrium,2.0,Abilities,51,42,two_level_random_sample,EXP_20260312_095228
51-9192.00,"Cleaning, Washing, and Metal Pickling Equipment Operators and Tenders",Near Vision,3.25,Abilities,51,42,two_level_random_sample,EXP_20260312_095228
51-9192.00,"Cleaning, Washing, and Metal Pickling Equipment Operators and Tenders",Far Vision,2.75,Abilities,51,42,two_level_random_sample,EXP_20260312_095228
51-9192.00,"Cleaning, Washing, and Metal Pickling Equipment Operators and Tenders",Visual Color Discrimination,2.38,Abilities,51,42,two_level_random_sample,EXP_20260312_095228
51-9192.00,"Cleaning, Washing, and Metal Pickling Equipment Operators and Tenders",Night Vision,1.5,Abilities,51,42,two_level_random_sample,EXP_20260312_095228
51-9192.00,"Cleaning, Washing, and Metal Pickling Equipment Operators and Tenders",Peripheral Vision,1.5,Abilities,51,42,two_level_random_sample,EXP_20260312_095228
51-9192.00,"Cleaning, Washing, and Metal Pickling Equipment Operators and Tenders",Depth Perception,2.62,Abilities,51,42,two_level_random_sample,EXP_20260312_095228
51-9192.00,"Cleaning, Washing, and Metal Pickling Equipment Operators and Tenders",Glare Sensitivity,1.88,Abilities,51,42,two_level_random_sample,EXP_20260312_095228
51-9192.00,"Cleaning, Washing, and Metal Pickling Equipment Operators and Tenders",Hearing Sensitivity,2.25,Abilities,51,42,two_level_random_sample,EXP_20260312_095228
51-9192.00,"Cleaning, Washing, and Metal Pickling Equipment Operators and Tenders",Auditory Attention,2.88,Abilities,51,42,two_level_random_sample,EXP_20260312_095228
51-9192.00,"Cleaning, Washing, and Metal Pickling Equipment Operators and Tenders",Sound Localization,1.5,Abilities,51,42,two_level_random_sample,EXP_20260312_095228
51-9192.00,"Cleaning, Washing, and Metal Pickling Equipment Operators and Tenders",Speech Recognition,2.88,Abilities,51,42,two_level_random_sample,EXP_20260312_095228
51-9192.00,"Cleaning, Washing, and Metal Pickling Equipment Operators and Tenders",Speech Clarity,2.75,Abilities,51,42,two_level_random_sample,EXP_20260312_095228
11-1021.00,General and Operations Managers,Reading Comprehension,4.0,Skills,11,42,two_level_random_sample,EXP_20260312_095228
11-1021.00,General and Operations Managers,Active Listening,4.0,Skills,11,42,two_level_random_sample,EXP_20260312_095228
11-1021.00,General and Operations Managers,Writing,3.5,Skills,11,42,two_level_random_sample,EXP_20260312_095228
11-1021.00,General and Operations Managers,Speaking,4.0,Skills,11,42,two_level_random_sample,EXP_20260312_095228
11-1021.00,General and Operations Managers,Mathematics,2.62,Skills,11,42,two_level_random_sample,EXP_20260312_095228
11-1021.00,General and Operations Managers,Science,1.5,Skills,11,42,two_level_random_sample,EXP_20260312_095228
11-1021.00,General and Operations Managers,Critical Thinking,3.88,Skills,11,42,two_level_random_sample,EXP_20260312_095228
11-1021.00,General and Operations Managers,Active Learning,3.62,Skills,11,42,two_level_random_sample,EXP_20260312_095228
11-1021.00,General and Operations Managers,Learning Strategies,3.0,Skills,11,42,two_level_random_sample,EXP_20260312_095228
11-1021.00,General and Operations Managers,Monitoring,4.0,Skills,11,42,two_level_random_sample,EXP_20260312_095228
11-1021.00,General and Operations Managers,Social Perceptiveness,3.75,Skills,11,42,two_level_random_sample,EXP_20260312_095228
11-1021.00,General and Operations Managers,Coordination,3.88,Skills,11,42,two_level_random_sample,EXP_20260312_095228
11-1021.00,General and Operations Managers,Persuasion,3.62,Skills,11,42,two_level_random_sample,EXP_20260312_095228
11-1021.00,General and Operations Managers,Negotiation,3.5,Skills,11,42,two_level_random_sample,EXP_20260312_095228
11-1021.00,General and Operations Managers,Instructing,3.0,Skills,11,42,two_level_random_sample,EXP_20260312_095228
11-1021.00,General and Operations Managers,Service Orientation,3.25,Skills,11,42,two_level_random_sample,EXP_20260312_095228
11-1021.00,General and Operations Managers,Complex Problem Solving,3.62,Skills,11,42,two_level_random_sample,EXP_20260312_095228
11-1021.00,General and Operations Managers,Operations Analysis,2.5,Skills,11,42,two_level_random_sample,EXP_20260312_095228
11-1021.00,General and Operations Managers,Technology Design,1.5,Skills,11,42,two_level_random_sample,EXP_20260312_095228
11-1021.00,General and Operations Managers,Equipment Selection,1.0,Skills,11,42,two_level_random_sample,EXP_20260312_095228
11-1021.00,General and Operations Managers,Installation,1.0,Skills,11,42,two_level_random_sample,EXP_20260312_095228
11-1021.00,General and Operations Managers,Programming,1.5,Skills,11,42,two_level_random_sample,EXP_20260312_095228
11-1021.00,General and Operations Managers,Operations Monitoring,2.25,Skills,11,42,two_level_random_sample,EXP_20260312_095228
11-1021.00,General and Operations Managers,Operation and Control,1.88,Skills,11,42,two_level_random_sample,EXP_20260312_095228
11-1021.00,General and Operations Managers,Equipment Maintenance,1.0,Skills,11,42,two_level_random_sample,EXP_20260312_095228
11-1021.00,General and Operations Managers,Troubleshooting,1.75,Skills,11,42,two_level_random_sample,EXP_20260312_095228
11-1021.00,General and Operations Managers,Repairing,1.0,Skills,11,42,two_level_random_sample,EXP_20260312_095228
11-1021.00,General and Operations Managers,Quality Control Analysis,2.38,Skills,11,42,two_level_random_sample,EXP_20260312_095228
11-1021.00,General and Operations Managers,Judgment and Decision Making,3.62,Skills,11,42,two_level_random_sample,EXP_20260312_095228
11-1021.00,General and Operations Managers,Systems Analysis,3.12,Skills,11,42,two_level_random_sample,EXP_20260312_095228
11-1021.00,General and Operations Managers,Systems Evaluation,3.12,Skills,11,42,two_level_random_sample,EXP_20260312_095228
11-1021.00,General and Operations Managers,Time Management,3.62,Skills,11,42,two_level_random_sample,EXP_20260312_095228
11-1021.00,General and Operations Managers,Management of Financial Resources,3.0,Skills,11,42,two_level_random_sample,EXP_20260312_095228
11-1021.00,General and Operations Managers,Management of Material Resources,3.12,Skills,11,42,two_level_random_sample,EXP_20260312_095228
11-1021.00,General and Operations Managers,Management of Personnel Resources,3.75,Skills,11,42,two_level_random_sample,EXP_20260312_095228
11-3013.00,Facilities Managers,Reading Comprehension,3.75,Skills,11,42,two_level_random_sample,EXP_20260312_095228
11-3013.00,Facilities Managers,Active Listening,3.75,Skills,11,42,two_level_random_sample,EXP_20260312_095228
11-3013.00,Facilities Managers,Writing,3.25,Skills,11,42,two_level_random_sample,EXP_20260312_095228
11-3013.00,Facilities Managers,Speaking,3.88,Skills,11,42,two_level_random_sample,EXP_20260312_095228
11-3013.00,Facilities Managers,Mathematics,2.75,Skills,11,42,two_level_random_sample,EXP_20260312_095228
11-3013.00,Facilities Managers,Science,1.5,Skills,11,42,two_level_random_sample,EXP_20260312_095228
11-3013.00,Facilities Managers,Critical Thinking,3.75,Skills,11,42,two_level_random_sample,EXP_20260312_095228
11-3013.00,Facilities Managers,Active Learning,3.12,Skills,11,42,two_level_random_sample,EXP_20260312_095228
11-3013.00,Facilities Managers,Learning Strategies,3.0,Skills,11,42,two_level_random_sample,EXP_20260312_095228
11-3013.00,Facilities Managers,Monitoring,3.75,Skills,11,42,two_level_random_sample,EXP_20260312_095228
11-3013.00,Facilities Managers,Social Perceptiveness,3.62,Skills,11,42,two_level_random_sample,EXP_20260312_095228
11-3013.00,Facilities Managers,Coordination,3.62,Skills,11,42,two_level_random_sample,EXP_20260312_095228
11-3013.00,Facilities Managers,Persuasion,3.12,Skills,11,42,two_level_random_sample,EXP_20260312_095228
11-3013.00,Facilities Managers,Negotiation,3.0,Skills,11,42,two_level_random_sample,EXP_20260312_095228
11-3013.00,Facilities Managers,Instructing,3.25,Skills,11,42,two_level_random_sample,EXP_20260312_095228
11-3013.00,Facilities Managers,Service Orientation,3.0,Skills,11,42,two_level_random_sample,EXP_20260312_095228
11-3013.00,Facilities Managers,Complex Problem Solving,3.38,Skills,11,42,two_level_random_sample,EXP_20260312_095228
11-3013.00,Facilities Managers,Operations Analysis,1.88,Skills,11,42,two_level_random_sample,EXP_20260312_095228
11-3013.00,Facilities Managers,Technology Design,1.62,Skills,11,42,two_level_random_sample,EXP_20260312_095228
11-3013.00,Facilities Managers,Equipment Selection,2.25,Skills,11,42,two_level_random_sample,EXP_20260312_095228
11-3013.00,Facilities Managers,Installation,1.12,Skills,11,42,two_level_random_sample,EXP_20260312_095228
11-3013.00,Facilities Managers,Programming,1.62,Skills,11,42,two_level_random_sample,EXP_20260312_095228
11-3013.00,Facilities Managers,Operations Monitoring,2.88,Skills,11,42,two_level_random_sample,EXP_20260312_095228
11-3013.00,Facilities Managers,Operation and Control,2.25,Skills,11,42,two_level_random_sample,EXP_20260312_095228
11-3013.00,Facilities Managers,Equipment Maintenance,2.38,Skills,11,42,two_level_random_sample,EXP_20260312_095228
11-3013.00,Facilities Managers,Troubleshooting,2.62,Skills,11,42,two_level_random_sample,EXP_20260312_095228
11-3013.00,Facilities Managers,Repairing,2.25,Skills,11,42,two_level_random_sample,EXP_20260312_095228
11-3013.00,Facilities Managers,Quality Control Analysis,2.88,Skills,11,42,two_level_random_sample,EXP_20260312_095228
11-3013.00,Facilities Managers,Judgment and Decision Making,3.5,Skills,11,42,two_level_random_sample,EXP_20260312_095228
11-3013.00,Facilities Managers,Systems Analysis,3.0,Skills,11,42,two_level_random_sample,EXP_20260312_095228
11-3013.00,Facilities Managers,Systems Evaluation,3.0,Skills,11,42,two_level_random_sample,EXP_20260312_095228
11-3013.00,Facilities Managers,Time Management,3.38,Skills,11,42,two_level_random_sample,EXP_20260312_095228
11-3013.00,Facilities Managers,Management of Financial Resources,2.5,Skills,11,42,two_level_random_sample,EXP_20260312_095228
11-3013.00,Facilities Managers,Management of Material Resources,2.75,Skills,11,42,two_level_random_sample,EXP_20260312_095228
11-3013.00,Facilities Managers,Management of Personnel Resources,3.5,Skills,11,42,two_level_random_sample,EXP_20260312_095228
11-3061.00,Purchasing Managers,Reading Comprehension,3.88,Skills,11,42,two_level_random_sample,EXP_20260312_095228
11-3061.00,Purchasing Managers,Active Listening,4.0,Skills,11,42,two_level_random_sample,EXP_20260312_095228
11-3061.00,Purchasing Managers,Writing,3.88,Skills,11,42,two_level_random_sample,EXP_20260312_095228
11-3061.00,Purchasing Managers,Speaking,4.0,Skills,11,42,two_level_random_sample,EXP_20260312_095228
11-3061.00,Purchasing Managers,Mathematics,3.12,Skills,11,42,two_level_random_sample,EXP_20260312_095228
11-3061.00,Purchasing Managers,Science,1.0,Skills,11,42,two_level_random_sample,EXP_20260312_095228
11-3061.00,Purchasing Managers,Critical Thinking,3.75,Skills,11,42,two_level_random_sample,EXP_20260312_095228
11-3061.00,Purchasing Managers,Active Learning,3.25,Skills,11,42,two_level_random_sample,EXP_20260312_095228
11-3061.00,Purchasing Managers,Learning Strategies,3.0,Skills,11,42,two_level_random_sample,EXP_20260312_095228
11-3061.00,Purchasing Managers,Monitoring,3.88,Skills,11,42,two_level_random_sample,EXP_20260312_095228
11-3061.00,Purchasing Managers,Social Perceptiveness,3.88,Skills,11,42,two_level_random_sample,EXP_20260312_095228
11-3061.00,Purchasing Managers,Coordination,3.75,Skills,11,42,two_level_random_sample,EXP_20260312_095228
11-3061.00,Purchasing Managers,Persuasion,3.62,Skills,11,42,two_level_random_sample,EXP_20260312_095228
11-3061.00,Purchasing Managers,Negotiation,3.88,Skills,11,42,two_level_random_sample,EXP_20260312_095228
11-3061.00,Purchasing Managers,Instructing,3.38,Skills,11,42,two_level_random_sample,EXP_20260312_095228
11-3061.00,Purchasing Managers,Service Orientation,3.5,Skills,11,42,two_level_random_sample,EXP_20260312_095228
11-3061.00,Purchasing Managers,Complex Problem Solving,3.5,Skills,11,42,two_level_random_sample,EXP_20260312_095228
11-3061.00,Purchasing Managers,Operations Analysis,2.62,Skills,11,42,two_level_random_sample,EXP_20260312_095228
11-3061.00,Purchasing Managers,Technology Design,1.88,Skills,11,42,two_level_random_sample,EXP_20260312_095228
11-3061.00,Purchasing Managers,Equipment Selection,1.0,Skills,11,42,two_level_random_sample,EXP_20260312_095228
11-3061.00,Purchasing Managers,Installation,1.0,Skills,11,42,two_level_random_sample,EXP_20260312_095228
11-3061.00,Purchasing Managers,Programming,1.88,Skills,11,42,two_level_random_sample,EXP_20260312_095228
11-3061.00,Purchasing Managers,Operations Monitoring,2.0,Skills,11,42,two_level_random_sample,EXP_20260312_095228
11-3061.00,Purchasing Managers,Operation and Control,1.0,Skills,11,42,two_level_random_sample,EXP_20260312_095228
11-3061.00,Purchasing Managers,Equipment Maintenance,1.0,Skills,11,42,two_level_random_sample,EXP_20260312_095228
11-3061.00,Purchasing Managers,Troubleshooting,2.0,Skills,11,42,two_level_random_sample,EXP_20260312_095228
11-3061.00,Purchasing Managers,Repairing,1.0,Skills,11,42,two_level_random_sample,EXP_20260312_095228
11-3061.00,Purchasing Managers,Quality Control Analysis,2.12,Skills,11,42,two_level_random_sample,EXP_20260312_095228
11-3061.00,Purchasing Managers,Judgment and Decision Making,3.75,Skills,11,42,two_level_random_sample,EXP_20260312_095228
11-3061.00,Purchasing Managers,Systems Analysis,3.5,Skills,11,42,two_level_random_sample,EXP_20260312_095228
11-3061.00,Purchasing Managers,Systems Evaluation,3.12,Skills,11,42,two_level_random_sample,EXP_20260312_095228
11-3061.00,Purchasing Managers,Time Management,3.88,Skills,11,42,two_level_random_sample,EXP_20260312_095228
11-3061.00,Purchasing Managers,Management of Financial Resources,3.25,Skills,11,42,two_level_random_sample,EXP_20260312_095228
11-3061.00,Purchasing Managers,Management of Material Resources,3.25,Skills,11,42,two_level_random_sample,EXP_20260312_095228
11-3061.00,Purchasing Managers,Management of Personnel Resources,4.0,Skills,11,42,two_level_random_sample,EXP_20260312_095228
11-3071.04,Supply Chain Managers,Reading Comprehension,4.0,Skills,11,42,two_level_random_sample,EXP_20260312_095228
11-3071.04,Supply Chain Managers,Active Listening,4.0,Skills,11,42,two_level_random_sample,EXP_20260312_095228
11-3071.04,Supply Chain Managers,Writing,3.88,Skills,11,42,two_level_random_sample,EXP_20260312_095228
11-3071.04,Supply Chain Managers,Speaking,4.0,Skills,11,42,two_level_random_sample,EXP_20260312_095228
11-3071.04,Supply Chain Managers,Mathematics,3.0,Skills,11,42,two_level_random_sample,EXP_20260312_095228
11-3071.04,Supply Chain Managers,Science,1.12,Skills,11,42,two_level_random_sample,EXP_20260312_095228
11-3071.04,Supply Chain Managers,Critical Thinking,3.88,Skills,11,42,two_level_random_sample,EXP_20260312_095228
11-3071.04,Supply Chain Managers,Active Learning,3.75,Skills,11,42,two_level_random_sample,EXP_20260312_095228
11-3071.04,Supply Chain Managers,Learning Strategies,3.0,Skills,11,42,two_level_random_sample,EXP_20260312_095228
11-3071.04,Supply Chain Managers,Monitoring,4.0,Skills,11,42,two_level_random_sample,EXP_20260312_095228
11-3071.04,Supply Chain Managers,Social Perceptiveness,3.75,Skills,11,42,two_level_random_sample,EXP_20260312_095228
11-3071.04,Supply Chain Managers,Coordination,4.0,Skills,11,42,two_level_random_sample,EXP_20260312_095228
11-3071.04,Supply Chain Managers,Persuasion,3.62,Skills,11,42,two_level_random_sample,EXP_20260312_095228
11-3071.04,Supply Chain Managers,Negotiation,3.75,Skills,11,42,two_level_random_sample,EXP_20260312_095228
11-3071.04,Supply Chain Managers,Instructing,3.12,Skills,11,42,two_level_random_sample,EXP_20260312_095228
11-3071.04,Supply Chain Managers,Service Orientation,3.12,Skills,11,42,two_level_random_sample,EXP_20260312_095228
11-3071.04,Supply Chain Managers,Complex Problem Solving,3.88,Skills,11,42,two_level_random_sample,EXP_20260312_095228
11-3071.04,Supply Chain Managers,Operations Analysis,2.5,Skills,11,42,two_level_random_sample,EXP_20260312_095228
11-3071.04,Supply Chain Managers,Technology Design,2.12,Skills,11,42,two_level_random_sample,EXP_20260312_095228
11-3071.04,Supply Chain Managers,Equipment Selection,1.0,Skills,11,42,two_level_random_sample,EXP_20260312_095228
11-3071.04,Supply Chain Managers,Installation,1.0,Skills,11,42,two_level_random_sample,EXP_20260312_095228
11-3071.04,Supply Chain Managers,Programming,1.62,Skills,11,42,two_level_random_sample,EXP_20260312_095228
11-3071.04,Supply Chain Managers,Operations Monitoring,2.25,Skills,11,42,two_level_random_sample,EXP_20260312_095228
11-3071.04,Supply Chain Managers,Operation and Control,1.0,Skills,11,42,two_level_random_sample,EXP_20260312_095228
11-3071.04,Supply Chain Managers,Equipment Maintenance,1.0,Skills,11,42,two_level_random_sample,EXP_20260312_095228
11-3071.04,Supply Chain Managers,Troubleshooting,1.62,Skills,11,42,two_level_random_sample,EXP_20260312_095228
11-3071.04,Supply Chain Managers,Repairing,1.0,Skills,11,42,two_level_random_sample,EXP_20260312_095228
11-3071.04,Supply Chain Managers,Quality Control Analysis,2.0,Skills,11,42,two_level_random_sample,EXP_20260312_095228
11-3071.04,Supply Chain Managers,Judgment and Decision Making,4.0,Skills,11,42,two_level_random_sample,EXP_20260312_095228
11-3071.04,Supply Chain Managers,Systems Analysis,3.75,Skills,11,42,two_level_random_sample,EXP_20260312_095228
11-3071.04,Supply Chain Managers,Systems Evaluation,3.88,Skills,11,42,two_level_random_sample,EXP_20260312_095228
11-3071.04,Supply Chain Managers,Time Management,4.0,Skills,11,42,two_level_random_sample,EXP_20260312_095228
11-3071.04,Supply Chain Managers,Management of Financial Resources,2.88,Skills,11,42,two_level_random_sample,EXP_20260312_095228
11-3071.04,Supply Chain Managers,Management of Material Resources,3.75,Skills,11,42,two_level_random_sample,EXP_20260312_095228
11-3071.04,Supply Chain Managers,Management of Personnel Resources,3.25,Skills,11,42,two_level_random_sample,EXP_20260312_095228
11-9179.02,Spa Managers,Reading Comprehension,3.38,Skills,11,42,two_level_random_sample,EXP_20260312_095228
11-9179.02,Spa Managers,Active Listening,3.75,Skills,11,42,two_level_random_sample,EXP_20260312_095228
11-9179.02,Spa Managers,Writing,3.12,Skills,11,42,two_level_random_sample,EXP_20260312_095228
11-9179.02,Spa Managers,Speaking,4.0,Skills,11,42,two_level_random_sample,EXP_20260312_095228
11-9179.02,Spa Managers,Mathematics,2.75,Skills,11,42,two_level_random_sample,EXP_20260312_095228
11-9179.02,Spa Managers,Science,1.12,Skills,11,42,two_level_random_sample,EXP_20260312_095228
11-9179.02,Spa Managers,Critical Thinking,3.88,Skills,11,42,two_level_random_sample,EXP_20260312_095228
11-9179.02,Spa Managers,Active Learning,3.5,Skills,11,42,two_level_random_sample,EXP_20260312_095228
11-9179.02,Spa Managers,Learning Strategies,3.38,Skills,11,42,two_level_random_sample,EXP_20260312_095228
11-9179.02,Spa Managers,Monitoring,4.0,Skills,11,42,two_level_random_sample,EXP_20260312_095228
11-9179.02,Spa Managers,Social Perceptiveness,3.88,Skills,11,42,two_level_random_sample,EXP_20260312_095228
11-9179.02,Spa Managers,Coordination,4.0,Skills,11,42,two_level_random_sample,EXP_20260312_095228
11-9179.02,Spa Managers,Persuasion,3.75,Skills,11,42,two_level_random_sample,EXP_20260312_095228
11-9179.02,Spa Managers,Negotiation,3.25,Skills,11,42,two_level_random_sample,EXP_20260312_095228
11-9179.02,Spa Managers,Instructing,3.5,Skills,11,42,two_level_random_sample,EXP_20260312_095228
11-9179.02,Spa Managers,Service Orientation,3.88,Skills,11,42,two_level_random_sample,EXP_20260312_095228
11-9179.02,Spa Managers,Complex Problem Solving,3.38,Skills,11,42,two_level_random_sample,EXP_20260312_095228
11-9179.02,Spa Managers,Operations Analysis,1.62,Skills,11,42,two_level_random_sample,EXP_20260312_095228
11-9179.02,Spa Managers,Technology Design,1.88,Skills,11,42,two_level_random_sample,EXP_20260312_095228
11-9179.02,Spa Managers,Equipment Selection,1.38,Skills,11,42,two_level_random_sample,EXP_20260312_095228
11-9179.02,Spa Managers,Installation,1.0,Skills,11,42,two_level_random_sample,EXP_20260312_095228
11-9179.02,Spa Managers,Programming,1.5,Skills,11,42,two_level_random_sample,EXP_20260312_095228
11-9179.02,Spa Managers,Operations Monitoring,2.62,Skills,11,42,two_level_random_sample,EXP_20260312_095228
11-9179.02,Spa Managers,Operation and Control,2.0,Skills,11,42,two_level_random_sample,EXP_20260312_095228
11-9179.02,Spa Managers,Equipment Maintenance,1.0,Skills,11,42,two_level_random_sample,EXP_20260312_095228
11-9179.02,Spa Managers,Troubleshooting,2.0,Skills,11,42,two_level_random_sample,EXP_20260312_095228
11-9179.02,Spa Managers,Repairing,1.0,Skills,11,42,two_level_random_sample,EXP_20260312_095228
11-9179.02,Spa Managers,Quality Control Analysis,2.5,Skills,11,42,two_level_random_sample,EXP_20260312_095228
11-9179.02,Spa Managers,Judgment and Decision Making,3.75,Skills,11,42,two_level_random_sample,EXP_20260312_095228
11-9179.02,Spa Managers,Systems Analysis,3.38,Skills,11,42,two_level_random_sample,EXP_20260312_095228
11-9179.02,Spa Managers,Systems Evaluation,3.25,Skills,11,42,two_level_random_sample,EXP_20260312_095228
11-9179.02,Spa Managers,Time Management,3.75,Skills,11,42,two_level_random_sample,EXP_20260312_095228
11-9179.02,Spa Managers,Management of Financial Resources,3.12,Skills,11,42,two_level_random_sample,EXP_20260312_095228
11-9179.02,Spa Managers,Management of Material Resources,3.0,Skills,11,42,two_level_random_sample,EXP_20260312_095228
11-9179.02,Spa Managers,Management of Personnel Resources,3.88,Skills,11,42,two_level_random_sample,EXP_20260312_095228
17-1012.00,Landscape Architects,Reading Comprehension,4.12,Skills,17,42,two_level_random_sample,EXP_20260312_095228
17-1012.00,Landscape Architects,Active Listening,4.12,Skills,17,42,two_level_random_sample,EXP_20260312_095228
17-1012.00,Landscape Architects,Writing,3.62,Skills,17,42,two_level_random_sample,EXP_20260312_095228
17-1012.00,Landscape Architects,Speaking,4.12,Skills,17,42,two_level_random_sample,EXP_20260312_095228
17-1012.00,Landscape Architects,Mathematics,3.12,Skills,17,42,two_level_random_sample,EXP_20260312_095228
17-1012.00,Landscape Architects,Science,2.75,Skills,17,42,two_level_random_sample,EXP_20260312_095228
17-1012.00,Landscape Architects,Critical Thinking,3.88,Skills,17,42,two_level_random_sample,EXP_20260312_095228
17-1012.00,Landscape Architects,Active Learning,3.5,Skills,17,42,two_level_random_sample,EXP_20260312_095228
17-1012.00,Landscape Architects,Learning Strategies,2.88,Skills,17,42,two_level_random_sample,EXP_20260312_095228
17-1012.00,Landscape Architects,Monitoring,3.12,Skills,17,42,two_level_random_sample,EXP_20260312_095228
17-1012.00,Landscape Architects,Social Perceptiveness,3.62,Skills,17,42,two_level_random_sample,EXP_20260312_095228
17-1012.00,Landscape Architects,Coordination,3.75,Skills,17,42,two_level_random_sample,EXP_20260312_095228
17-1012.00,Landscape Architects,Persuasion,3.12,Skills,17,42,two_level_random_sample,EXP_20260312_095228
17-1012.00,Landscape Architects,Negotiation,3.12,Skills,17,42,two_level_random_sample,EXP_20260312_095228
17-1012.00,Landscape Architects,Instructing,3.0,Skills,17,42,two_level_random_sample,EXP_20260312_095228
17-1012.00,Landscape Architects,Service Orientation,3.25,Skills,17,42,two_level_random_sample,EXP_20260312_095228
17-1012.00,Landscape Architects,Complex Problem Solving,3.88,Skills,17,42,two_level_random_sample,EXP_20260312_095228
17-1012.00,Landscape Architects,Operations Analysis,3.75,Skills,17,42,two_level_random_sample,EXP_20260312_095228
17-1012.00,Landscape Architects,Technology Design,1.75,Skills,17,42,two_level_random_sample,EXP_20260312_095228
17-1012.00,Landscape Architects,Equipment Selection,1.0,Skills,17,42,two_level_random_sample,EXP_20260312_095228
17-1012.00,Landscape Architects,Installation,1.0,Skills,17,42,two_level_random_sample,EXP_20260312_095228
17-1012.00,Landscape Architects,Programming,1.5,Skills,17,42,two_level_random_sample,EXP_20260312_095228
17-1012.00,Landscape Architects,Operations Monitoring,2.0,Skills,17,42,two_level_random_sample,EXP_20260312_095228
17-1012.00,Landscape Architects,Operation and Control,2.0,Skills,17,42,two_level_random_sample,EXP_20260312_095228
17-1012.00,Landscape Architects,Equipment Maintenance,1.0,Skills,17,42,two_level_random_sample,EXP_20260312_095228
17-1012.00,Landscape Architects,Troubleshooting,1.75,Skills,17,42,two_level_random_sample,EXP_20260312_095228
17-1012.00,Landscape Architects,Repairing,1.0,Skills,17,42,two_level_random_sample,EXP_20260312_095228
17-1012.00,Landscape Architects,Quality Control Analysis,2.5,Skills,17,42,two_level_random_sample,EXP_20260312_095228
17-1012.00,Landscape Architects,Judgment and Decision Making,3.75,Skills,17,42,two_level_random_sample,EXP_20260312_095228
17-1012.00,Landscape Architects,Systems Analysis,3.12,Skills,17,42,two_level_random_sample,EXP_20260312_095228
17-1012.00,Landscape Architects,Systems Evaluation,3.12,Skills,17,42,two_level_random_sample,EXP_20260312_095228
17-1012.00,Landscape Architects,Time Management,3.5,Skills,17,42,two_level_random_sample,EXP_20260312_095228
17-1012.00,Landscape Architects,Management of Financial Resources,2.88,Skills,17,42,two_level_random_sample,EXP_20260312_095228
17-1012.00,Landscape Architects,Management of Material Resources,2.88,Skills,17,42,two_level_random_sample,EXP_20260312_095228
17-1012.00,Landscape Architects,Management of Personnel Resources,3.0,Skills,17,42,two_level_random_sample,EXP_20260312_095228
17-2031.00,Bioengineers and Biomedical Engineers,Reading Comprehension,4.0,Skills,17,42,two_level_random_sample,EXP_20260312_095228
17-2031.00,Bioengineers and Biomedical Engineers,Active Listening,4.0,Skills,17,42,two_level_random_sample,EXP_20260312_095228
17-2031.00,Bioengineers and Biomedical Engineers,Writing,4.0,Skills,17,42,two_level_random_sample,EXP_20260312_095228
17-2031.00,Bioengineers and Biomedical Engineers,Speaking,4.0,Skills,17,42,two_level_random_sample,EXP_20260312_095228
17-2031.00,Bioengineers and Biomedical Engineers,Mathematics,3.88,Skills,17,42,two_level_random_sample,EXP_20260312_095228
17-2031.00,Bioengineers and Biomedical Engineers,Science,3.88,Skills,17,42,two_level_random_sample,EXP_20260312_095228
17-2031.00,Bioengineers and Biomedical Engineers,Critical Thinking,3.88,Skills,17,42,two_level_random_sample,EXP_20260312_095228
17-2031.00,Bioengineers and Biomedical Engineers,Active Learning,3.75,Skills,17,42,two_level_random_sample,EXP_20260312_095228
17-2031.00,Bioengineers and Biomedical Engineers,Learning Strategies,3.25,Skills,17,42,two_level_random_sample,EXP_20260312_095228
17-2031.00,Bioengineers and Biomedical Engineers,Monitoring,3.75,Skills,17,42,two_level_random_sample,EXP_20260312_095228
17-2031.00,Bioengineers and Biomedical Engineers,Social Perceptiveness,3.0,Skills,17,42,two_level_random_sample,EXP_20260312_095228
17-2031.00,Bioengineers and Biomedical Engineers,Coordination,3.0,Skills,17,42,two_level_random_sample,EXP_20260312_095228
17-2031.00,Bioengineers and Biomedical Engineers,Persuasion,2.75,Skills,17,42,two_level_random_sample,EXP_20260312_095228
17-2031.00,Bioengineers and Biomedical Engineers,Negotiation,2.88,Skills,17,42,two_level_random_sample,EXP_20260312_095228
17-2031.00,Bioengineers and Biomedical Engineers,Instructing,3.12,Skills,17,42,two_level_random_sample,EXP_20260312_095228
17-2031.00,Bioengineers and Biomedical Engineers,Service Orientation,2.88,Skills,17,42,two_level_random_sample,EXP_20260312_095228
17-2031.00,Bioengineers and Biomedical Engineers,Complex Problem Solving,3.88,Skills,17,42,two_level_random_sample,EXP_20260312_095228
17-2031.00,Bioengineers and Biomedical Engineers,Operations Analysis,3.75,Skills,17,42,two_level_random_sample,EXP_20260312_095228
17-2031.00,Bioengineers and Biomedical Engineers,Technology Design,3.38,Skills,17,42,two_level_random_sample,EXP_20260312_095228
17-2031.00,Bioengineers and Biomedical Engineers,Equipment Selection,2.75,Skills,17,42,two_level_random_sample,EXP_20260312_095228
17-2031.00,Bioengineers and Biomedical Engineers,Installation,2.25,Skills,17,42,two_level_random_sample,EXP_20260312_095228
17-2031.00,Bioengineers and Biomedical Engineers,Programming,3.12,Skills,17,42,two_level_random_sample,EXP_20260312_095228
17-2031.00,Bioengineers and Biomedical Engineers,Operations Monitoring,2.88,Skills,17,42,two_level_random_sample,EXP_20260312_095228
17-2031.00,Bioengineers and Biomedical Engineers,Operation and Control,2.0,Skills,17,42,two_level_random_sample,EXP_20260312_095228
17-2031.00,Bioengineers and Biomedical Engineers,Equipment Maintenance,2.12,Skills,17,42,two_level_random_sample,EXP_20260312_095228
17-2031.00,Bioengineers and Biomedical Engineers,Troubleshooting,2.88,Skills,17,42,two_level_random_sample,EXP_20260312_095228
17-2031.00,Bioengineers and Biomedical Engineers,Repairing,2.5,Skills,17,42,two_level_random_sample,EXP_20260312_095228
17-2031.00,Bioengineers and Biomedical Engineers,Quality Control Analysis,3.12,Skills,17,42,two_level_random_sample,EXP_20260312_095228
17-2031.00,Bioengineers and Biomedical Engineers,Judgment and Decision Making,3.88,Skills,17,42,two_level_random_sample,EXP_20260312_095228
17-2031.00,Bioengineers and Biomedical Engineers,Systems Analysis,3.62,Skills,17,42,two_level_random_sample,EXP_20260312_095228
17-2031.00,Bioengineers and Biomedical Engineers,Systems Evaluation,3.5,Skills,17,42,two_level_random_sample,EXP_20260312_095228
17-2031.00,Bioengineers and Biomedical Engineers,Time Management,3.12,Skills,17,42,two_level_random_sample,EXP_20260312_095228
17-2031.00,Bioengineers and Biomedical Engineers,Management of Financial Resources,2.12,Skills,17,42,two_level_random_sample,EXP_20260312_095228
17-2031.00,Bioengineers and Biomedical Engineers,Management of Material Resources,2.25,Skills,17,42,two_level_random_sample,EXP_20260312_095228
17-2031.00,Bioengineers and Biomedical Engineers,Management of Personnel Resources,3.0,Skills,17,42,two_level_random_sample,EXP_20260312_095228
17-2111.02,Fire-Prevention and Protection Engineers,Reading Comprehension,4.0,Skills,17,42,two_level_random_sample,EXP_20260312_095228
17-2111.02,Fire-Prevention and Protection Engineers,Active Listening,3.88,Skills,17,42,two_level_random_sample,EXP_20260312_095228
17-2111.02,Fire-Prevention and Protection Engineers,Writing,3.88,Skills,17,42,two_level_random_sample,EXP_20260312_095228
17-2111.02,Fire-Prevention and Protection Engineers,Speaking,4.0,Skills,17,42,two_level_random_sample,EXP_20260312_095228
17-2111.02,Fire-Prevention and Protection Engineers,Mathematics,3.12,Skills,17,42,two_level_random_sample,EXP_20260312_095228
17-2111.02,Fire-Prevention and Protection Engineers,Science,3.62,Skills,17,42,two_level_random_sample,EXP_20260312_095228
17-2111.02,Fire-Prevention and Protection Engineers,Critical Thinking,4.25,Skills,17,42,two_level_random_sample,EXP_20260312_095228
17-2111.02,Fire-Prevention and Protection Engineers,Active Learning,3.88,Skills,17,42,two_level_random_sample,EXP_20260312_095228
17-2111.02,Fire-Prevention and Protection Engineers,Learning Strategies,3.12,Skills,17,42,two_level_random_sample,EXP_20260312_095228
17-2111.02,Fire-Prevention and Protection Engineers,Monitoring,3.12,Skills,17,42,two_level_random_sample,EXP_20260312_095228
17-2111.02,Fire-Prevention and Protection Engineers,Social Perceptiveness,3.12,Skills,17,42,two_level_random_sample,EXP_20260312_095228
17-2111.02,Fire-Prevention and Protection Engineers,Coordination,3.12,Skills,17,42,two_level_random_sample,EXP_20260312_095228
17-2111.02,Fire-Prevention and Protection Engineers,Persuasion,3.12,Skills,17,42,two_level_random_sample,EXP_20260312_095228
17-2111.02,Fire-Prevention and Protection Engineers,Negotiation,3.0,Skills,17,42,two_level_random_sample,EXP_20260312_095228
17-2111.02,Fire-Prevention and Protection Engineers,Instructing,3.12,Skills,17,42,two_level_random_sample,EXP_20260312_095228
17-2111.02,Fire-Prevention and Protection Engineers,Service Orientation,3.0,Skills,17,42,two_level_random_sample,EXP_20260312_095228
17-2111.02,Fire-Prevention and Protection Engineers,Complex Problem Solving,4.0,Skills,17,42,two_level_random_sample,EXP_20260312_095228
17-2111.02,Fire-Prevention and Protection Engineers,Operations Analysis,3.75,Skills,17,42,two_level_random_sample,EXP_20260312_095228
17-2111.02,Fire-Prevention and Protection Engineers,Technology Design,3.0,Skills,17,42,two_level_random_sample,EXP_20260312_095228
17-2111.02,Fire-Prevention and Protection Engineers,Equipment Selection,2.0,Skills,17,42,two_level_random_sample,EXP_20260312_095228
17-2111.02,Fire-Prevention and Protection Engineers,Installation,1.0,Skills,17,42,two_level_random_sample,EXP_20260312_095228
17-2111.02,Fire-Prevention and Protection Engineers,Programming,1.62,Skills,17,42,two_level_random_sample,EXP_20260312_095228
17-2111.02,Fire-Prevention and Protection Engineers,Operations Monitoring,2.88,Skills,17,42,two_level_random_sample,EXP_20260312_095228
17-2111.02,Fire-Prevention and Protection Engineers,Operation and Control,1.75,Skills,17,42,two_level_random_sample,EXP_20260312_095228
17-2111.02,Fire-Prevention and Protection Engineers,Equipment Maintenance,1.0,Skills,17,42,two_level_random_sample,EXP_20260312_095228
17-2111.02,Fire-Prevention and Protection Engineers,Troubleshooting,2.75,Skills,17,42,two_level_random_sample,EXP_20260312_095228
17-2111.02,Fire-Prevention and Protection Engineers,Repairing,1.0,Skills,17,42,two_level_random_sample,EXP_20260312_095228
17-2111.02,Fire-Prevention and Protection Engineers,Quality Control Analysis,3.38,Skills,17,42,two_level_random_sample,EXP_20260312_095228
17-2111.02,Fire-Prevention and Protection Engineers,Judgment and Decision Making,4.0,Skills,17,42,two_level_random_sample,EXP_20260312_095228
17-2111.02,Fire-Prevention and Protection Engineers,Systems Analysis,3.88,Skills,17,42,two_level_random_sample,EXP_20260312_095228
17-2111.02,Fire-Prevention and Protection Engineers,Systems Evaluation,3.88,Skills,17,42,two_level_random_sample,EXP_20260312_095228
17-2111.02,Fire-Prevention and Protection Engineers,Time Management,3.38,Skills,17,42,two_level_random_sample,EXP_20260312_095228
17-2111.02,Fire-Prevention and Protection Engineers,Management of Financial Resources,2.62,Skills,17,42,two_level_random_sample,EXP_20260312_095228
17-2111.02,Fire-Prevention and Protection Engineers,Management of Material Resources,2.75,Skills,17,42,two_level_random_sample,EXP_20260312_095228
17-2111.02,Fire-Prevention and Protection Engineers,Management of Personnel Resources,3.12,Skills,17,42,two_level_random_sample,EXP_20260312_095228
17-3022.00,Civil Engineering Technologists and Technicians,Reading Comprehension,3.75,Skills,17,42,two_level_random_sample,EXP_20260312_095228
17-3022.00,Civil Engineering Technologists and Technicians,Active Listening,3.75,Skills,17,42,two_level_random_sample,EXP_20260312_095228
17-3022.00,Civil Engineering Technologists and Technicians,Writing,3.25,Skills,17,42,two_level_random_sample,EXP_20260312_095228
17-3022.00,Civil Engineering Technologists and Technicians,Speaking,3.38,Skills,17,42,two_level_random_sample,EXP_20260312_095228
17-3022.00,Civil Engineering Technologists and Technicians,Mathematics,3.62,Skills,17,42,two_level_random_sample,EXP_20260312_095228
17-3022.00,Civil Engineering Technologists and Technicians,Science,2.75,Skills,17,42,two_level_random_sample,EXP_20260312_095228
17-3022.00,Civil Engineering Technologists and Technicians,Critical Thinking,3.88,Skills,17,42,two_level_random_sample,EXP_20260312_095228
17-3022.00,Civil Engineering Technologists and Technicians,Active Learning,2.88,Skills,17,42,two_level_random_sample,EXP_20260312_095228
17-3022.00,Civil Engineering Technologists and Technicians,Learning Strategies,2.25,Skills,17,42,two_level_random_sample,EXP_20260312_095228
17-3022.00,Civil Engineering Technologists and Technicians,Monitoring,3.25,Skills,17,42,two_level_random_sample,EXP_20260312_095228
17-3022.00,Civil Engineering Technologists and Technicians,Social Perceptiveness,2.88,Skills,17,42,two_level_random_sample,EXP_20260312_095228
17-3022.00,Civil Engineering Technologists and Technicians,Coordination,3.0,Skills,17,42,two_level_random_sample,EXP_20260312_095228
17-3022.00,Civil Engineering Technologists and Technicians,Persuasion,2.5,Skills,17,42,two_level_random_sample,EXP_20260312_095228
17-3022.00,Civil Engineering Technologists and Technicians,Negotiation,2.5,Skills,17,42,two_level_random_sample,EXP_20260312_095228
17-3022.00,Civil Engineering Technologists and Technicians,Instructing,2.38,Skills,17,42,two_level_random_sample,EXP_20260312_095228
17-3022.00,Civil Engineering Technologists and Technicians,Service Orientation,2.75,Skills,17,42,two_level_random_sample,EXP_20260312_095228
17-3022.00,Civil Engineering Technologists and Technicians,Complex Problem Solving,3.12,Skills,17,42,two_level_random_sample,EXP_20260312_095228
17-3022.00,Civil Engineering Technologists and Technicians,Operations Analysis,2.62,Skills,17,42,two_level_random_sample,EXP_20260312_095228
17-3022.00,Civil Engineering Technologists and Technicians,Technology Design,1.75,Skills,17,42,two_level_random_sample,EXP_20260312_095228
17-3022.00,Civil Engineering Technologists and Technicians,Equipment Selection,1.12,Skills,17,42,two_level_random_sample,EXP_20260312_095228
17-3022.00,Civil Engineering Technologists and Technicians,Installation,1.0,Skills,17,42,two_level_random_sample,EXP_20260312_095228
17-3022.00,Civil Engineering Technologists and Technicians,Programming,1.88,Skills,17,42,two_level_random_sample,EXP_20260312_095228
17-3022.00,Civil Engineering Technologists and Technicians,Operations Monitoring,2.38,Skills,17,42,two_level_random_sample,EXP_20260312_095228
17-3022.00,Civil Engineering Technologists and Technicians,Operation and Control,2.12,Skills,17,42,two_level_random_sample,EXP_20260312_095228
17-3022.00,Civil Engineering Technologists and Technicians,Equipment Maintenance,1.0,Skills,17,42,two_level_random_sample,EXP_20260312_095228
17-3022.00,Civil Engineering Technologists and Technicians,Troubleshooting,1.75,Skills,17,42,two_level_random_sample,EXP_20260312_095228
17-3022.00,Civil Engineering Technologists and Technicians,Repairing,1.0,Skills,17,42,two_level_random_sample,EXP_20260312_095228
17-3022.00,Civil Engineering Technologists and Technicians,Quality Control Analysis,2.12,Skills,17,42,two_level_random_sample,EXP_20260312_095228
17-3022.00,Civil Engineering Technologists and Technicians,Judgment and Decision Making,3.12,Skills,17,42,two_level_random_sample,EXP_20260312_095228
17-3022.00,Civil Engineering Technologists and Technicians,Systems Analysis,2.88,Skills,17,42,two_level_random_sample,EXP_20260312_095228
17-3022.00,Civil Engineering Technologists and Technicians,Systems Evaluation,2.75,Skills,17,42,two_level_random_sample,EXP_20260312_095228
17-3022.00,Civil Engineering Technologists and Technicians,Time Management,2.88,Skills,17,42,two_level_random_sample,EXP_20260312_095228
17-3022.00,Civil Engineering Technologists and Technicians,Management of Financial Resources,2.12,Skills,17,42,two_level_random_sample,EXP_20260312_095228
17-3022.00,Civil Engineering Technologists and Technicians,Management of Material Resources,2.12,Skills,17,42,two_level_random_sample,EXP_20260312_095228
17-3022.00,Civil Engineering Technologists and Technicians,Management of Personnel Resources,2.25,Skills,17,42,two_level_random_sample,EXP_20260312_095228
17-3027.00,Mechanical Engineering Technologists and Technicians,Reading Comprehension,3.75,Skills,17,42,two_level_random_sample,EXP_20260312_095228
17-3027.00,Mechanical Engineering Technologists and Technicians,Active Listening,3.75,Skills,17,42,two_level_random_sample,EXP_20260312_095228
17-3027.00,Mechanical Engineering Technologists and Technicians,Writing,3.5,Skills,17,42,two_level_random_sample,EXP_20260312_095228
17-3027.00,Mechanical Engineering Technologists and Technicians,Speaking,3.62,Skills,17,42,two_level_random_sample,EXP_20260312_095228
17-3027.00,Mechanical Engineering Technologists and Technicians,Mathematics,3.25,Skills,17,42,two_level_random_sample,EXP_20260312_095228
17-3027.00,Mechanical Engineering Technologists and Technicians,Science,3.0,Skills,17,42,two_level_random_sample,EXP_20260312_095228
17-3027.00,Mechanical Engineering Technologists and Technicians,Critical Thinking,3.75,Skills,17,42,two_level_random_sample,EXP_20260312_095228
17-3027.00,Mechanical Engineering Technologists and Technicians,Active Learning,3.12,Skills,17,42,two_level_random_sample,EXP_20260312_095228
17-3027.00,Mechanical Engineering Technologists and Technicians,Learning Strategies,2.75,Skills,17,42,two_level_random_sample,EXP_20260312_095228
17-3027.00,Mechanical Engineering Technologists and Technicians,Monitoring,3.12,Skills,17,42,two_level_random_sample,EXP_20260312_095228
17-3027.00,Mechanical Engineering Technologists and Technicians,Social Perceptiveness,3.0,Skills,17,42,two_level_random_sample,EXP_20260312_095228
17-3027.00,Mechanical Engineering Technologists and Technicians,Coordination,3.0,Skills,17,42,two_level_random_sample,EXP_20260312_095228
17-3027.00,Mechanical Engineering Technologists and Technicians,Persuasion,3.0,Skills,17,42,two_level_random_sample,EXP_20260312_095228
17-3027.00,Mechanical Engineering Technologists and Technicians,Negotiation,2.75,Skills,17,42,two_level_random_sample,EXP_20260312_095228
17-3027.00,Mechanical Engineering Technologists and Technicians,Instructing,2.75,Skills,17,42,two_level_random_sample,EXP_20260312_095228
17-3027.00,Mechanical Engineering Technologists and Technicians,Service Orientation,2.88,Skills,17,42,two_level_random_sample,EXP_20260312_095228
17-3027.00,Mechanical Engineering Technologists and Technicians,Complex Problem Solving,3.62,Skills,17,42,two_level_random_sample,EXP_20260312_095228
17-3027.00,Mechanical Engineering Technologists and Technicians,Operations Analysis,2.62,Skills,17,42,two_level_random_sample,EXP_20260312_095228
17-3027.00,Mechanical Engineering Technologists and Technicians,Technology Design,2.38,Skills,17,42,two_level_random_sample,EXP_20260312_095228
17-3027.00,Mechanical Engineering Technologists and Technicians,Equipment Selection,2.75,Skills,17,42,two_level_random_sample,EXP_20260312_095228
17-3027.00,Mechanical Engineering Technologists and Technicians,Installation,1.38,Skills,17,42,two_level_random_sample,EXP_20260312_095228
17-3027.00,Mechanical Engineering Technologists and Technicians,Programming,2.0,Skills,17,42,two_level_random_sample,EXP_20260312_095228
17-3027.00,Mechanical Engineering Technologists and Technicians,Operations Monitoring,3.5,Skills,17,42,two_level_random_sample,EXP_20260312_095228
17-3027.00,Mechanical Engineering Technologists and Technicians,Operation and Control,3.0,Skills,17,42,two_level_random_sample,EXP_20260312_095228
17-3027.00,Mechanical Engineering Technologists and Technicians,Equipment Maintenance,2.62,Skills,17,42,two_level_random_sample,EXP_20260312_095228
17-3027.00,Mechanical Engineering Technologists and Technicians,Troubleshooting,2.88,Skills,17,42,two_level_random_sample,EXP_20260312_095228
17-3027.00,Mechanical Engineering Technologists and Technicians,Repairing,2.62,Skills,17,42,two_level_random_sample,EXP_20260312_095228
17-3027.00,Mechanical Engineering Technologists and Technicians,Quality Control Analysis,3.25,Skills,17,42,two_level_random_sample,EXP_20260312_095228
17-3027.00,Mechanical Engineering Technologists and Technicians,Judgment and Decision Making,3.38,Skills,17,42,two_level_random_sample,EXP_20260312_095228
17-3027.00,Mechanical Engineering Technologists and Technicians,Systems Analysis,3.25,Skills,17,42,two_level_random_sample,EXP_20260312_095228
17-3027.00,Mechanical Engineering Technologists and Technicians,Systems Evaluation,3.12,Skills,17,42,two_level_random_sample,EXP_20260312_095228
17-3027.00,Mechanical Engineering Technologists and Technicians,Time Management,3.12,Skills,17,42,two_level_random_sample,EXP_20260312_095228
17-3027.00,Mechanical Engineering Technologists and Technicians,Management of Financial Resources,1.88,Skills,17,42,two_level_random_sample,EXP_20260312_095228
17-3027.00,Mechanical Engineering Technologists and Technicians,Management of Material Resources,2.0,Skills,17,42,two_level_random_sample,EXP_20260312_095228
17-3027.00,Mechanical Engineering Technologists and Technicians,Management of Personnel Resources,2.62,Skills,17,42,two_level_random_sample,EXP_20260312_095228
27-1012.00,Craft Artists,Reading Comprehension,3.0,Skills,27,42,two_level_random_sample,EXP_20260312_095228
27-1012.00,Craft Artists,Active Listening,3.0,Skills,27,42,two_level_random_sample,EXP_20260312_095228
27-1012.00,Craft Artists,Writing,2.75,Skills,27,42,two_level_random_sample,EXP_20260312_095228
27-1012.00,Craft Artists,Speaking,3.0,Skills,27,42,two_level_random_sample,EXP_20260312_095228
27-1012.00,Craft Artists,Mathematics,2.12,Skills,27,42,two_level_random_sample,EXP_20260312_095228
27-1012.00,Craft Artists,Science,1.0,Skills,27,42,two_level_random_sample,EXP_20260312_095228
27-1012.00,Craft Artists,Critical Thinking,3.12,Skills,27,42,two_level_random_sample,EXP_20260312_095228
27-1012.00,Craft Artists,Active Learning,2.75,Skills,27,42,two_level_random_sample,EXP_20260312_095228
27-1012.00,Craft Artists,Learning Strategies,2.0,Skills,27,42,two_level_random_sample,EXP_20260312_095228
27-1012.00,Craft Artists,Monitoring,3.0,Skills,27,42,two_level_random_sample,EXP_20260312_095228
27-1012.00,Craft Artists,Social Perceptiveness,2.88,Skills,27,42,two_level_random_sample,EXP_20260312_095228
27-1012.00,Craft Artists,Coordination,2.5,Skills,27,42,two_level_random_sample,EXP_20260312_095228
27-1012.00,Craft Artists,Persuasion,2.75,Skills,27,42,two_level_random_sample,EXP_20260312_095228
27-1012.00,Craft Artists,Negotiation,2.0,Skills,27,42,two_level_random_sample,EXP_20260312_095228
27-1012.00,Craft Artists,Instructing,1.62,Skills,27,42,two_level_random_sample,EXP_20260312_095228
27-1012.00,Craft Artists,Service Orientation,2.75,Skills,27,42,two_level_random_sample,EXP_20260312_095228
27-1012.00,Craft Artists,Complex Problem Solving,2.75,Skills,27,42,two_level_random_sample,EXP_20260312_095228
27-1012.00,Craft Artists,Operations Analysis,2.62,Skills,27,42,two_level_random_sample,EXP_20260312_095228
27-1012.00,Craft Artists,Technology Design,1.5,Skills,27,42,two_level_random_sample,EXP_20260312_095228
27-1012.00,Craft Artists,Equipment Selection,2.0,Skills,27,42,two_level_random_sample,EXP_20260312_095228
27-1012.00,Craft Artists,Installation,1.0,Skills,27,42,two_level_random_sample,EXP_20260312_095228
27-1012.00,Craft Artists,Programming,1.38,Skills,27,42,two_level_random_sample,EXP_20260312_095228
27-1012.00,Craft Artists,Operations Monitoring,2.0,Skills,27,42,two_level_random_sample,EXP_20260312_095228
27-1012.00,Craft Artists,Operation and Control,2.0,Skills,27,42,two_level_random_sample,EXP_20260312_095228
27-1012.00,Craft Artists,Equipment Maintenance,1.88,Skills,27,42,two_level_random_sample,EXP_20260312_095228
27-1012.00,Craft Artists,Troubleshooting,1.88,Skills,27,42,two_level_random_sample,EXP_20260312_095228
27-1012.00,Craft Artists,Repairing,1.88,Skills,27,42,two_level_random_sample,EXP_20260312_095228
27-1012.00,Craft Artists,Quality Control Analysis,2.5,Skills,27,42,two_level_random_sample,EXP_20260312_095228
27-1012.00,Craft Artists,Judgment and Decision Making,2.88,Skills,27,42,two_level_random_sample,EXP_20260312_095228
27-1012.00,Craft Artists,Systems Analysis,2.0,Skills,27,42,two_level_random_sample,EXP_20260312_095228
27-1012.00,Craft Artists,Systems Evaluation,2.0,Skills,27,42,two_level_random_sample,EXP_20260312_095228
27-1012.00,Craft Artists,Time Management,2.5,Skills,27,42,two_level_random_sample,EXP_20260312_095228
27-1012.00,Craft Artists,Management of Financial Resources,2.12,Skills,27,42,two_level_random_sample,EXP_20260312_095228
27-1012.00,Craft Artists,Management of Material Resources,2.38,Skills,27,42,two_level_random_sample,EXP_20260312_095228
27-1012.00,Craft Artists,Management of Personnel Resources,2.0,Skills,27,42,two_level_random_sample,EXP_20260312_095228
27-1024.00,Graphic Designers,Reading Comprehension,3.12,Skills,27,42,two_level_random_sample,EXP_20260312_095228
27-1024.00,Graphic Designers,Active Listening,3.75,Skills,27,42,two_level_random_sample,EXP_20260312_095228
27-1024.00,Graphic Designers,Writing,3.25,Skills,27,42,two_level_random_sample,EXP_20260312_095228
27-1024.00,Graphic Designers,Speaking,3.38,Skills,27,42,two_level_random_sample,EXP_20260312_095228
27-1024.00,Graphic Designers,Mathematics,2.0,Skills,27,42,two_level_random_sample,EXP_20260312_095228
27-1024.00,Graphic Designers,Science,1.12,Skills,27,42,two_level_random_sample,EXP_20260312_095228
27-1024.00,Graphic Designers,Critical Thinking,3.25,Skills,27,42,two_level_random_sample,EXP_20260312_095228
27-1024.00,Graphic Designers,Active Learning,3.25,Skills,27,42,two_level_random_sample,EXP_20260312_095228
27-1024.00,Graphic Designers,Learning Strategies,2.75,Skills,27,42,two_level_random_sample,EXP_20260312_095228
27-1024.00,Graphic Designers,Monitoring,3.0,Skills,27,42,two_level_random_sample,EXP_20260312_095228
27-1024.00,Graphic Designers,Social Perceptiveness,3.12,Skills,27,42,two_level_random_sample,EXP_20260312_095228
27-1024.00,Graphic Designers,Coordination,3.12,Skills,27,42,two_level_random_sample,EXP_20260312_095228
27-1024.00,Graphic Designers,Persuasion,3.0,Skills,27,42,two_level_random_sample,EXP_20260312_095228
27-1024.00,Graphic Designers,Negotiation,3.0,Skills,27,42,two_level_random_sample,EXP_20260312_095228
27-1024.00,Graphic Designers,Instructing,2.75,Skills,27,42,two_level_random_sample,EXP_20260312_095228
27-1024.00,Graphic Designers,Service Orientation,3.0,Skills,27,42,two_level_random_sample,EXP_20260312_095228
27-1024.00,Graphic Designers,Complex Problem Solving,3.12,Skills,27,42,two_level_random_sample,EXP_20260312_095228
27-1024.00,Graphic Designers,Operations Analysis,2.75,Skills,27,42,two_level_random_sample,EXP_20260312_095228
27-1024.00,Graphic Designers,Technology Design,2.25,Skills,27,42,two_level_random_sample,EXP_20260312_095228
27-1024.00,Graphic Designers,Equipment Selection,1.12,Skills,27,42,two_level_random_sample,EXP_20260312_095228
27-1024.00,Graphic Designers,Installation,1.0,Skills,27,42,two_level_random_sample,EXP_20260312_095228
27-1024.00,Graphic Designers,Programming,2.12,Skills,27,42,two_level_random_sample,EXP_20260312_095228
27-1024.00,Graphic Designers,Operations Monitoring,2.0,Skills,27,42,two_level_random_sample,EXP_20260312_095228
27-1024.00,Graphic Designers,Operation and Control,1.12,Skills,27,42,two_level_random_sample,EXP_20260312_095228
27-1024.00,Graphic Designers,Equipment Maintenance,1.0,Skills,27,42,two_level_random_sample,EXP_20260312_095228
27-1024.00,Graphic Designers,Troubleshooting,1.0,Skills,27,42,two_level_random_sample,EXP_20260312_095228
27-1024.00,Graphic Designers,Repairing,1.0,Skills,27,42,two_level_random_sample,EXP_20260312_095228
27-1024.00,Graphic Designers,Quality Control Analysis,1.88,Skills,27,42,two_level_random_sample,EXP_20260312_095228
27-1024.00,Graphic Designers,Judgment and Decision Making,3.12,Skills,27,42,two_level_random_sample,EXP_20260312_095228
27-1024.00,Graphic Designers,Systems Analysis,2.88,Skills,27,42,two_level_random_sample,EXP_20260312_095228
27-1024.00,Graphic Designers,Systems Evaluation,2.62,Skills,27,42,two_level_random_sample,EXP_20260312_095228
27-1024.00,Graphic Designers,Time Management,3.12,Skills,27,42,two_level_random_sample,EXP_20260312_095228
27-1024.00,Graphic Designers,Management of Financial Resources,1.88,Skills,27,42,two_level_random_sample,EXP_20260312_095228
27-1024.00,Graphic Designers,Management of Material Resources,2.0,Skills,27,42,two_level_random_sample,EXP_20260312_095228
27-1024.00,Graphic Designers,Management of Personnel Resources,2.25,Skills,27,42,two_level_random_sample,EXP_20260312_095228
27-2012.04,Talent Directors,Reading Comprehension,3.88,Skills,27,42,two_level_random_sample,EXP_20260312_095228
27-2012.04,Talent Directors,Active Listening,4.0,Skills,27,42,two_level_random_sample,EXP_20260312_095228
27-2012.04,Talent Directors,Writing,3.25,Skills,27,42,two_level_random_sample,EXP_20260312_095228
27-2012.04,Talent Directors,Speaking,4.0,Skills,27,42,two_level_random_sample,EXP_20260312_095228
27-2012.04,Talent Directors,Mathematics,2.0,Skills,27,42,two_level_random_sample,EXP_20260312_095228
27-2012.04,Talent Directors,Science,1.5,Skills,27,42,two_level_random_sample,EXP_20260312_095228
27-2012.04,Talent Directors,Critical Thinking,3.88,Skills,27,42,two_level_random_sample,EXP_20260312_095228
27-2012.04,Talent Directors,Active Learning,3.0,Skills,27,42,two_level_random_sample,EXP_20260312_095228
27-2012.04,Talent Directors,Learning Strategies,2.75,Skills,27,42,two_level_random_sample,EXP_20260312_095228
27-2012.04,Talent Directors,Monitoring,3.38,Skills,27,42,two_level_random_sample,EXP_20260312_095228
27-2012.04,Talent Directors,Social Perceptiveness,3.88,Skills,27,42,two_level_random_sample,EXP_20260312_095228
27-2012.04,Talent Directors,Coordination,3.25,Skills,27,42,two_level_random_sample,EXP_20260312_095228
27-2012.04,Talent Directors,Persuasion,3.12,Skills,27,42,two_level_random_sample,EXP_20260312_095228
27-2012.04,Talent Directors,Negotiation,3.38,Skills,27,42,two_level_random_sample,EXP_20260312_095228
27-2012.04,Talent Directors,Instructing,3.0,Skills,27,42,two_level_random_sample,EXP_20260312_095228
27-2012.04,Talent Directors,Service Orientation,2.75,Skills,27,42,two_level_random_sample,EXP_20260312_095228
27-2012.04,Talent Directors,Complex Problem Solving,3.25,Skills,27,42,two_level_random_sample,EXP_20260312_095228
27-2012.04,Talent Directors,Operations Analysis,2.12,Skills,27,42,two_level_random_sample,EXP_20260312_095228
27-2012.04,Talent Directors,Technology Design,1.5,Skills,27,42,two_level_random_sample,EXP_20260312_095228
27-2012.04,Talent Directors,Equipment Selection,1.0,Skills,27,42,two_level_random_sample,EXP_20260312_095228
27-2012.04,Talent Directors,Installation,1.0,Skills,27,42,two_level_random_sample,EXP_20260312_095228
27-2012.04,Talent Directors,Programming,1.62,Skills,27,42,two_level_random_sample,EXP_20260312_095228
27-2012.04,Talent Directors,Operations Monitoring,1.38,Skills,27,42,two_level_random_sample,EXP_20260312_095228
27-2012.04,Talent Directors,Operation and Control,1.0,Skills,27,42,two_level_random_sample,EXP_20260312_095228
27-2012.04,Talent Directors,Equipment Maintenance,1.0,Skills,27,42,two_level_random_sample,EXP_20260312_095228
27-2012.04,Talent Directors,Troubleshooting,1.25,Skills,27,42,two_level_random_sample,EXP_20260312_095228
27-2012.04,Talent Directors,Repairing,1.0,Skills,27,42,two_level_random_sample,EXP_20260312_095228
27-2012.04,Talent Directors,Quality Control Analysis,1.5,Skills,27,42,two_level_random_sample,EXP_20260312_095228
27-2012.04,Talent Directors,Judgment and Decision Making,3.88,Skills,27,42,two_level_random_sample,EXP_20260312_095228
27-2012.04,Talent Directors,Systems Analysis,2.62,Skills,27,42,two_level_random_sample,EXP_20260312_095228
27-2012.04,Talent Directors,Systems Evaluation,2.38,Skills,27,42,two_level_random_sample,EXP_20260312_095228
27-2012.04,Talent Directors,Time Management,3.25,Skills,27,42,two_level_random_sample,EXP_20260312_095228
27-2012.04,Talent Directors,Management of Financial Resources,2.0,Skills,27,42,two_level_random_sample,EXP_20260312_095228
27-2012.04,Talent Directors,Management of Material Resources,1.88,Skills,27,42,two_level_random_sample,EXP_20260312_095228
27-2012.04,Talent Directors,Management of Personnel Resources,3.0,Skills,27,42,two_level_random_sample,EXP_20260312_095228
27-2012.05,Media Technical Directors/Managers,Reading Comprehension,3.62,Skills,27,42,two_level_random_sample,EXP_20260312_095228
27-2012.05,Media Technical Directors/Managers,Active Listening,4.0,Skills,27,42,two_level_random_sample,EXP_20260312_095228
27-2012.05,Media Technical Directors/Managers,Writing,3.38,Skills,27,42,two_level_random_sample,EXP_20260312_095228
27-2012.05,Media Technical Directors/Managers,Speaking,4.0,Skills,27,42,two_level_random_sample,EXP_20260312_095228
27-2012.05,Media Technical Directors/Managers,Mathematics,2.12,Skills,27,42,two_level_random_sample,EXP_20260312_095228
27-2012.05,Media Technical Directors/Managers,Science,1.12,Skills,27,42,two_level_random_sample,EXP_20260312_095228
27-2012.05,Media Technical Directors/Managers,Critical Thinking,3.88,Skills,27,42,two_level_random_sample,EXP_20260312_095228
27-2012.05,Media Technical Directors/Managers,Active Learning,3.38,Skills,27,42,two_level_random_sample,EXP_20260312_095228
27-2012.05,Media Technical Directors/Managers,Learning Strategies,3.25,Skills,27,42,two_level_random_sample,EXP_20260312_095228
27-2012.05,Media Technical Directors/Managers,Monitoring,4.0,Skills,27,42,two_level_random_sample,EXP_20260312_095228
27-2012.05,Media Technical Directors/Managers,Social Perceptiveness,3.38,Skills,27,42,two_level_random_sample,EXP_20260312_095228
27-2012.05,Media Technical Directors/Managers,Coordination,4.0,Skills,27,42,two_level_random_sample,EXP_20260312_095228
27-2012.05,Media Technical Directors/Managers,Persuasion,3.38,Skills,27,42,two_level_random_sample,EXP_20260312_095228
27-2012.05,Media Technical Directors/Managers,Negotiation,2.88,Skills,27,42,two_level_random_sample,EXP_20260312_095228
27-2012.05,Media Technical Directors/Managers,Instructing,3.0,Skills,27,42,two_level_random_sample,EXP_20260312_095228
27-2012.05,Media Technical Directors/Managers,Service Orientation,2.75,Skills,27,42,two_level_random_sample,EXP_20260312_095228
27-2012.05,Media Technical Directors/Managers,Complex Problem Solving,3.5,Skills,27,42,two_level_random_sample,EXP_20260312_095228
27-2012.05,Media Technical Directors/Managers,Operations Analysis,2.0,Skills,27,42,two_level_random_sample,EXP_20260312_095228
27-2012.05,Media Technical Directors/Managers,Technology Design,1.88,Skills,27,42,two_level_random_sample,EXP_20260312_095228
27-2012.05,Media Technical Directors/Managers,Equipment Selection,2.5,Skills,27,42,two_level_random_sample,EXP_20260312_095228
27-2012.05,Media Technical Directors/Managers,Installation,1.0,Skills,27,42,two_level_random_sample,EXP_20260312_095228
27-2012.05,Media Technical Directors/Managers,Programming,1.75,Skills,27,42,two_level_random_sample,EXP_20260312_095228
27-2012.05,Media Technical Directors/Managers,Operations Monitoring,3.25,Skills,27,42,two_level_random_sample,EXP_20260312_095228
27-2012.05,Media Technical Directors/Managers,Operation and Control,3.0,Skills,27,42,two_level_random_sample,EXP_20260312_095228
27-2012.05,Media Technical Directors/Managers,Equipment Maintenance,2.0,Skills,27,42,two_level_random_sample,EXP_20260312_095228
27-2012.05,Media Technical Directors/Managers,Troubleshooting,2.0,Skills,27,42,two_level_random_sample,EXP_20260312_095228
27-2012.05,Media Technical Directors/Managers,Repairing,1.88,Skills,27,42,two_level_random_sample,EXP_20260312_095228
27-2012.05,Media Technical Directors/Managers,Quality Control Analysis,3.12,Skills,27,42,two_level_random_sample,EXP_20260312_095228
27-2012.05,Media Technical Directors/Managers,Judgment and Decision Making,3.62,Skills,27,42,two_level_random_sample,EXP_20260312_095228
27-2012.05,Media Technical Directors/Managers,Systems Analysis,3.12,Skills,27,42,two_level_random_sample,EXP_20260312_095228
27-2012.05,Media Technical Directors/Managers,Systems Evaluation,3.12,Skills,27,42,two_level_random_sample,EXP_20260312_095228
27-2012.05,Media Technical Directors/Managers,Time Management,3.5,Skills,27,42,two_level_random_sample,EXP_20260312_095228
27-2012.05,Media Technical Directors/Managers,Management of Financial Resources,1.75,Skills,27,42,two_level_random_sample,EXP_20260312_095228
27-2012.05,Media Technical Directors/Managers,Management of Material Resources,2.38,Skills,27,42,two_level_random_sample,EXP_20260312_095228
27-2012.05,Media Technical Directors/Managers,Management of Personnel Resources,2.88,Skills,27,42,two_level_random_sample,EXP_20260312_095228
27-2022.00,Coaches and Scouts,Reading Comprehension,4.0,Skills,27,42,two_level_random_sample,EXP_20260312_095228
27-2022.00,Coaches and Scouts,Active Listening,4.0,Skills,27,42,two_level_random_sample,EXP_20260312_095228
27-2022.00,Coaches and Scouts,Writing,3.62,Skills,27,42,two_level_random_sample,EXP_20260312_095228
27-2022.00,Coaches and Scouts,Speaking,4.38,Skills,27,42,two_level_random_sample,EXP_20260312_095228
27-2022.00,Coaches and Scouts,Mathematics,2.12,Skills,27,42,two_level_random_sample,EXP_20260312_095228
27-2022.00,Coaches and Scouts,Science,1.62,Skills,27,42,two_level_random_sample,EXP_20260312_095228
27-2022.00,Coaches and Scouts,Critical Thinking,4.0,Skills,27,42,two_level_random_sample,EXP_20260312_095228
27-2022.00,Coaches and Scouts,Active Learning,3.88,Skills,27,42,two_level_random_sample,EXP_20260312_095228
27-2022.00,Coaches and Scouts,Learning Strategies,4.12,Skills,27,42,two_level_random_sample,EXP_20260312_095228
27-2022.00,Coaches and Scouts,Monitoring,4.12,Skills,27,42,two_level_random_sample,EXP_20260312_095228
27-2022.00,Coaches and Scouts,Social Perceptiveness,4.0,Skills,27,42,two_level_random_sample,EXP_20260312_095228
27-2022.00,Coaches and Scouts,Coordination,3.88,Skills,27,42,two_level_random_sample,EXP_20260312_095228
27-2022.00,Coaches and Scouts,Persuasion,3.88,Skills,27,42,two_level_random_sample,EXP_20260312_095228
27-2022.00,Coaches and Scouts,Negotiation,3.62,Skills,27,42,two_level_random_sample,EXP_20260312_095228
27-2022.00,Coaches and Scouts,Instructing,4.75,Skills,27,42,two_level_random_sample,EXP_20260312_095228
27-2022.00,Coaches and Scouts,Service Orientation,3.75,Skills,27,42,two_level_random_sample,EXP_20260312_095228
27-2022.00,Coaches and Scouts,Complex Problem Solving,3.88,Skills,27,42,two_level_random_sample,EXP_20260312_095228
27-2022.00,Coaches and Scouts,Operations Analysis,2.75,Skills,27,42,two_level_random_sample,EXP_20260312_095228
27-2022.00,Coaches and Scouts,Technology Design,1.88,Skills,27,42,two_level_random_sample,EXP_20260312_095228
27-2022.00,Coaches and Scouts,Equipment Selection,1.88,Skills,27,42,two_level_random_sample,EXP_20260312_095228
27-2022.00,Coaches and Scouts,Installation,1.0,Skills,27,42,two_level_random_sample,EXP_20260312_095228
27-2022.00,Coaches and Scouts,Programming,1.25,Skills,27,42,two_level_random_sample,EXP_20260312_095228
27-2022.00,Coaches and Scouts,Operations Monitoring,2.0,Skills,27,42,two_level_random_sample,EXP_20260312_095228
27-2022.00,Coaches and Scouts,Operation and Control,1.62,Skills,27,42,two_level_random_sample,EXP_20260312_095228
27-2022.00,Coaches and Scouts,Equipment Maintenance,1.0,Skills,27,42,two_level_random_sample,EXP_20260312_095228
27-2022.00,Coaches and Scouts,Troubleshooting,1.88,Skills,27,42,two_level_random_sample,EXP_20260312_095228
27-2022.00,Coaches and Scouts,Repairing,1.0,Skills,27,42,two_level_random_sample,EXP_20260312_095228
27-2022.00,Coaches and Scouts,Quality Control Analysis,2.62,Skills,27,42,two_level_random_sample,EXP_20260312_095228
27-2022.00,Coaches and Scouts,Judgment and Decision Making,4.0,Skills,27,42,two_level_random_sample,EXP_20260312_095228
27-2022.00,Coaches and Scouts,Systems Analysis,3.88,Skills,27,42,two_level_random_sample,EXP_20260312_095228
27-2022.00,Coaches and Scouts,Systems Evaluation,3.62,Skills,27,42,two_level_random_sample,EXP_20260312_095228
27-2022.00,Coaches and Scouts,Time Management,3.88,Skills,27,42,two_level_random_sample,EXP_20260312_095228
27-2022.00,Coaches and Scouts,Management of Financial Resources,2.0,Skills,27,42,two_level_random_sample,EXP_20260312_095228
27-2022.00,Coaches and Scouts,Management of Material Resources,2.5,Skills,27,42,two_level_random_sample,EXP_20260312_095228
27-2022.00,Coaches and Scouts,Management of Personnel Resources,3.88,Skills,27,42,two_level_random_sample,EXP_20260312_095228
51-2022.00,Electrical and Electronic Equipment Assemblers,Reading Comprehension,3.25,Skills,51,42,two_level_random_sample,EXP_20260312_095228
51-2022.00,Electrical and Electronic Equipment Assemblers,Active Listening,3.0,Skills,51,42,two_level_random_sample,EXP_20260312_095228
51-2022.00,Electrical and Electronic Equipment Assemblers,Writing,2.88,Skills,51,42,two_level_random_sample,EXP_20260312_095228
51-2022.00,Electrical and Electronic Equipment Assemblers,Speaking,2.88,Skills,51,42,two_level_random_sample,EXP_20260312_095228
51-2022.00,Electrical and Electronic Equipment Assemblers,Mathematics,2.12,Skills,51,42,two_level_random_sample,EXP_20260312_095228
51-2022.00,Electrical and Electronic Equipment Assemblers,Science,1.88,Skills,51,42,two_level_random_sample,EXP_20260312_095228
51-2022.00,Electrical and Electronic Equipment Assemblers,Critical Thinking,3.0,Skills,51,42,two_level_random_sample,EXP_20260312_095228
51-2022.00,Electrical and Electronic Equipment Assemblers,Active Learning,2.62,Skills,51,42,two_level_random_sample,EXP_20260312_095228
51-2022.00,Electrical and Electronic Equipment Assemblers,Learning Strategies,2.12,Skills,51,42,two_level_random_sample,EXP_20260312_095228
51-2022.00,Electrical and Electronic Equipment Assemblers,Monitoring,3.12,Skills,51,42,two_level_random_sample,EXP_20260312_095228
51-2022.00,Electrical and Electronic Equipment Assemblers,Social Perceptiveness,2.62,Skills,51,42,two_level_random_sample,EXP_20260312_095228
51-2022.00,Electrical and Electronic Equipment Assemblers,Coordination,3.0,Skills,51,42,two_level_random_sample,EXP_20260312_095228
51-2022.00,Electrical and Electronic Equipment Assemblers,Persuasion,2.12,Skills,51,42,two_level_random_sample,EXP_20260312_095228
51-2022.00,Electrical and Electronic Equipment Assemblers,Negotiation,2.12,Skills,51,42,two_level_random_sample,EXP_20260312_095228
51-2022.00,Electrical and Electronic Equipment Assemblers,Instructing,2.5,Skills,51,42,two_level_random_sample,EXP_20260312_095228
51-2022.00,Electrical and Electronic Equipment Assemblers,Service Orientation,2.25,Skills,51,42,two_level_random_sample,EXP_20260312_095228
51-2022.00,Electrical and Electronic Equipment Assemblers,Complex Problem Solving,2.62,Skills,51,42,two_level_random_sample,EXP_20260312_095228
51-2022.00,Electrical and Electronic Equipment Assemblers,Operations Analysis,1.62,Skills,51,42,two_level_random_sample,EXP_20260312_095228
51-2022.00,Electrical and Electronic Equipment Assemblers,Technology Design,1.75,Skills,51,42,two_level_random_sample,EXP_20260312_095228
51-2022.00,Electrical and Electronic Equipment Assemblers,Equipment Selection,2.25,Skills,51,42,two_level_random_sample,EXP_20260312_095228
51-2022.00,Electrical and Electronic Equipment Assemblers,Installation,2.12,Skills,51,42,two_level_random_sample,EXP_20260312_095228
51-2022.00,Electrical and Electronic Equipment Assemblers,Programming,1.25,Skills,51,42,two_level_random_sample,EXP_20260312_095228
51-2022.00,Electrical and Electronic Equipment Assemblers,Operations Monitoring,3.12,Skills,51,42,two_level_random_sample,EXP_20260312_095228
51-2022.00,Electrical and Electronic Equipment Assemblers,Operation and Control,2.88,Skills,51,42,two_level_random_sample,EXP_20260312_095228
51-2022.00,Electrical and Electronic Equipment Assemblers,Equipment Maintenance,2.25,Skills,51,42,two_level_random_sample,EXP_20260312_095228
51-2022.00,Electrical and Electronic Equipment Assemblers,Troubleshooting,2.5,Skills,51,42,two_level_random_sample,EXP_20260312_095228
51-2022.00,Electrical and Electronic Equipment Assemblers,Repairing,2.25,Skills,51,42,two_level_random_sample,EXP_20260312_095228
51-2022.00,Electrical and Electronic Equipment Assemblers,Quality Control Analysis,2.88,Skills,51,42,two_level_random_sample,EXP_20260312_095228
51-2022.00,Electrical and Electronic Equipment Assemblers,Judgment and Decision Making,3.12,Skills,51,42,two_level_random_sample,EXP_20260312_095228
51-2022.00,Electrical and Electronic Equipment Assemblers,Systems Analysis,2.38,Skills,51,42,two_level_random_sample,EXP_20260312_095228
51-2022.00,Electrical and Electronic Equipment Assemblers,Systems Evaluation,2.25,Skills,51,42,two_level_random_sample,EXP_20260312_095228
51-2022.00,Electrical and Electronic Equipment Assemblers,Time Management,2.88,Skills,51,42,two_level_random_sample,EXP_20260312_095228
51-2022.00,Electrical and Electronic Equipment Assemblers,Management of Financial Resources,1.5,Skills,51,42,two_level_random_sample,EXP_20260312_095228
51-2022.00,Electrical and Electronic Equipment Assemblers,Management of Material Resources,1.75,Skills,51,42,two_level_random_sample,EXP_20260312_095228
51-2022.00,Electrical and Electronic Equipment Assemblers,Management of Personnel Resources,2.25,Skills,51,42,two_level_random_sample,EXP_20260312_095228
51-3091.00,"Food and Tobacco Roasting, Baking, and Drying Machine Operators and Tenders",Reading Comprehension,3.12,Skills,51,42,two_level_random_sample,EXP_20260312_095228
51-3091.00,"Food and Tobacco Roasting, Baking, and Drying Machine Operators and Tenders",Active Listening,3.12,Skills,51,42,two_level_random_sample,EXP_20260312_095228
51-3091.00,"Food and Tobacco Roasting, Baking, and Drying Machine Operators and Tenders",Writing,2.88,Skills,51,42,two_level_random_sample,EXP_20260312_095228
51-3091.00,"Food and Tobacco Roasting, Baking, and Drying Machine Operators and Tenders",Speaking,3.0,Skills,51,42,two_level_random_sample,EXP_20260312_095228
51-3091.00,"Food and Tobacco Roasting, Baking, and Drying Machine Operators and Tenders",Mathematics,1.5,Skills,51,42,two_level_random_sample,EXP_20260312_095228
51-3091.00,"Food and Tobacco Roasting, Baking, and Drying Machine Operators and Tenders",Science,1.75,Skills,51,42,two_level_random_sample,EXP_20260312_095228
51-3091.00,"Food and Tobacco Roasting, Baking, and Drying Machine Operators and Tenders",Critical Thinking,3.12,Skills,51,42,two_level_random_sample,EXP_20260312_095228
51-3091.00,"Food and Tobacco Roasting, Baking, and Drying Machine Operators and Tenders",Active Learning,2.5,Skills,51,42,two_level_random_sample,EXP_20260312_095228
51-3091.00,"Food and Tobacco Roasting, Baking, and Drying Machine Operators and Tenders",Learning Strategies,2.5,Skills,51,42,two_level_random_sample,EXP_20260312_095228
51-3091.00,"Food and Tobacco Roasting, Baking, and Drying Machine Operators and Tenders",Monitoring,3.5,Skills,51,42,two_level_random_sample,EXP_20260312_095228
51-3091.00,"Food and Tobacco Roasting, Baking, and Drying Machine Operators and Tenders",Social Perceptiveness,3.0,Skills,51,42,two_level_random_sample,EXP_20260312_095228
51-3091.00,"Food and Tobacco Roasting, Baking, and Drying Machine Operators and Tenders",Coordination,3.0,Skills,51,42,two_level_random_sample,EXP_20260312_095228
51-3091.00,"Food and Tobacco Roasting, Baking, and Drying Machine Operators and Tenders",Persuasion,2.5,Skills,51,42,two_level_random_sample,EXP_20260312_095228
51-3091.00,"Food and Tobacco Roasting, Baking, and Drying Machine Operators and Tenders",Negotiation,2.25,Skills,51,42,two_level_random_sample,EXP_20260312_095228
51-3091.00,"Food and Tobacco Roasting, Baking, and Drying Machine Operators and Tenders",Instructing,2.62,Skills,51,42,two_level_random_sample,EXP_20260312_095228
51-3091.00,"Food and Tobacco Roasting, Baking, and Drying Machine Operators and Tenders",Service Orientation,2.62,Skills,51,42,two_level_random_sample,EXP_20260312_095228
51-3091.00,"Food and Tobacco Roasting, Baking, and Drying Machine Operators and Tenders",Complex Problem Solving,3.0,Skills,51,42,two_level_random_sample,EXP_20260312_095228
51-3091.00,"Food and Tobacco Roasting, Baking, and Drying Machine Operators and Tenders",Operations Analysis,1.88,Skills,51,42,two_level_random_sample,EXP_20260312_095228
51-3091.00,"Food and Tobacco Roasting, Baking, and Drying Machine Operators and Tenders",Technology Design,1.5,Skills,51,42,two_level_random_sample,EXP_20260312_095228
51-3091.00,"Food and Tobacco Roasting, Baking, and Drying Machine Operators and Tenders",Equipment Selection,2.12,Skills,51,42,two_level_random_sample,EXP_20260312_095228
51-3091.00,"Food and Tobacco Roasting, Baking, and Drying Machine Operators and Tenders",Installation,1.62,Skills,51,42,two_level_random_sample,EXP_20260312_095228
51-3091.00,"Food and Tobacco Roasting, Baking, and Drying Machine Operators and Tenders",Programming,1.25,Skills,51,42,two_level_random_sample,EXP_20260312_095228
51-3091.00,"Food and Tobacco Roasting, Baking, and Drying Machine Operators and Tenders",Operations Monitoring,3.62,Skills,51,42,two_level_random_sample,EXP_20260312_095228
51-3091.00,"Food and Tobacco Roasting, Baking, and Drying Machine Operators and Tenders",Operation and Control,3.12,Skills,51,42,two_level_random_sample,EXP_20260312_095228
51-3091.00,"Food and Tobacco Roasting, Baking, and Drying Machine Operators and Tenders",Equipment Maintenance,2.12,Skills,51,42,two_level_random_sample,EXP_20260312_095228
51-3091.00,"Food and Tobacco Roasting, Baking, and Drying Machine Operators and Tenders",Troubleshooting,2.25,Skills,51,42,two_level_random_sample,EXP_20260312_095228
51-3091.00,"Food and Tobacco Roasting, Baking, and Drying Machine Operators and Tenders",Repairing,2.12,Skills,51,42,two_level_random_sample,EXP_20260312_095228
51-3091.00,"Food and Tobacco Roasting, Baking, and Drying Machine Operators and Tenders",Quality Control Analysis,3.12,Skills,51,42,two_level_random_sample,EXP_20260312_095228
51-3091.00,"Food and Tobacco Roasting, Baking, and Drying Machine Operators and Tenders",Judgment and Decision Making,3.0,Skills,51,42,two_level_random_sample,EXP_20260312_095228
51-3091.00,"Food and Tobacco Roasting, Baking, and Drying Machine Operators and Tenders",Systems Analysis,2.25,Skills,51,42,two_level_random_sample,EXP_20260312_095228
51-3091.00,"Food and Tobacco Roasting, Baking, and Drying Machine Operators and Tenders",Systems Evaluation,2.0,Skills,51,42,two_level_random_sample,EXP_20260312_095228
51-3091.00,"Food and Tobacco Roasting, Baking, and Drying Machine Operators and Tenders",Time Management,2.88,Skills,51,42,two_level_random_sample,EXP_20260312_095228
51-3091.00,"Food and Tobacco Roasting, Baking, and Drying Machine Operators and Tenders",Management of Financial Resources,1.25,Skills,51,42,two_level_random_sample,EXP_20260312_095228
51-3091.00,"Food and Tobacco Roasting, Baking, and Drying Machine Operators and Tenders",Management of Material Resources,1.38,Skills,51,42,two_level_random_sample,EXP_20260312_095228
51-3091.00,"Food and Tobacco Roasting, Baking, and Drying Machine Operators and Tenders",Management of Personnel Resources,2.12,Skills,51,42,two_level_random_sample,EXP_20260312_095228
51-4122.00,"Welding, Soldering, and Brazing Machine Setters, Operators, and Tenders",Reading Comprehension,3.0,Skills,51,42,two_level_random_sample,EXP_20260312_095228
51-4122.00,"Welding, Soldering, and Brazing Machine Setters, Operators, and Tenders",Active Listening,3.0,Skills,51,42,two_level_random_sample,EXP_20260312_095228
51-4122.00,"Welding, Soldering, and Brazing Machine Setters, Operators, and Tenders",Writing,2.25,Skills,51,42,two_level_random_sample,EXP_20260312_095228
51-4122.00,"Welding, Soldering, and Brazing Machine Setters, Operators, and Tenders",Speaking,3.0,Skills,51,42,two_level_random_sample,EXP_20260312_095228
51-4122.00,"Welding, Soldering, and Brazing Machine Setters, Operators, and Tenders",Mathematics,2.12,Skills,51,42,two_level_random_sample,EXP_20260312_095228
51-4122.00,"Welding, Soldering, and Brazing Machine Setters, Operators, and Tenders",Science,1.75,Skills,51,42,two_level_random_sample,EXP_20260312_095228
51-4122.00,"Welding, Soldering, and Brazing Machine Setters, Operators, and Tenders",Critical Thinking,3.0,Skills,51,42,two_level_random_sample,EXP_20260312_095228
51-4122.00,"Welding, Soldering, and Brazing Machine Setters, Operators, and Tenders",Active Learning,2.62,Skills,51,42,two_level_random_sample,EXP_20260312_095228
51-4122.00,"Welding, Soldering, and Brazing Machine Setters, Operators, and Tenders",Learning Strategies,2.0,Skills,51,42,two_level_random_sample,EXP_20260312_095228
51-4122.00,"Welding, Soldering, and Brazing Machine Setters, Operators, and Tenders",Monitoring,3.0,Skills,51,42,two_level_random_sample,EXP_20260312_095228
51-4122.00,"Welding, Soldering, and Brazing Machine Setters, Operators, and Tenders",Social Perceptiveness,2.38,Skills,51,42,two_level_random_sample,EXP_20260312_095228
51-4122.00,"Welding, Soldering, and Brazing Machine Setters, Operators, and Tenders",Coordination,2.62,Skills,51,42,two_level_random_sample,EXP_20260312_095228
51-4122.00,"Welding, Soldering, and Brazing Machine Setters, Operators, and Tenders",Persuasion,2.0,Skills,51,42,two_level_random_sample,EXP_20260312_095228
51-4122.00,"Welding, Soldering, and Brazing Machine Setters, Operators, and Tenders",Negotiation,2.0,Skills,51,42,two_level_random_sample,EXP_20260312_095228
51-4122.00,"Welding, Soldering, and Brazing Machine Setters, Operators, and Tenders",Instructing,2.12,Skills,51,42,two_level_random_sample,EXP_20260312_095228
51-4122.00,"Welding, Soldering, and Brazing Machine Setters, Operators, and Tenders",Service Orientation,2.0,Skills,51,42,two_level_random_sample,EXP_20260312_095228
51-4122.00,"Welding, Soldering, and Brazing Machine Setters, Operators, and Tenders",Complex Problem Solving,3.0,Skills,51,42,two_level_random_sample,EXP_20260312_095228
51-4122.00,"Welding, Soldering, and Brazing Machine Setters, Operators, and Tenders",Operations Analysis,1.88,Skills,51,42,two_level_random_sample,EXP_20260312_095228
51-4122.00,"Welding, Soldering, and Brazing Machine Setters, Operators, and Tenders",Technology Design,1.62,Skills,51,42,two_level_random_sample,EXP_20260312_095228
51-4122.00,"Welding, Soldering, and Brazing Machine Setters, Operators, and Tenders",Equipment Selection,2.12,Skills,51,42,two_level_random_sample,EXP_20260312_095228
51-4122.00,"Welding, Soldering, and Brazing Machine Setters, Operators, and Tenders",Installation,1.12,Skills,51,42,two_level_random_sample,EXP_20260312_095228
51-4122.00,"Welding, Soldering, and Brazing Machine Setters, Operators, and Tenders",Programming,1.12,Skills,51,42,two_level_random_sample,EXP_20260312_095228
51-4122.00,"Welding, Soldering, and Brazing Machine Setters, Operators, and Tenders",Operations Monitoring,3.38,Skills,51,42,two_level_random_sample,EXP_20260312_095228
51-4122.00,"Welding, Soldering, and Brazing Machine Setters, Operators, and Tenders",Operation and Control,3.25,Skills,51,42,two_level_random_sample,EXP_20260312_095228
51-4122.00,"Welding, Soldering, and Brazing Machine Setters, Operators, and Tenders",Equipment Maintenance,2.38,Skills,51,42,two_level_random_sample,EXP_20260312_095228
51-4122.00,"Welding, Soldering, and Brazing Machine Setters, Operators, and Tenders",Troubleshooting,2.25,Skills,51,42,two_level_random_sample,EXP_20260312_095228
51-4122.00,"Welding, Soldering, and Brazing Machine Setters, Operators, and Tenders",Repairing,2.25,Skills,51,42,two_level_random_sample,EXP_20260312_095228
51-4122.00,"Welding, Soldering, and Brazing Machine Setters, Operators, and Tenders",Quality Control Analysis,2.25,Skills,51,42,two_level_random_sample,EXP_20260312_095228
51-4122.00,"Welding, Soldering, and Brazing Machine Setters, Operators, and Tenders",Judgment and Decision Making,2.75,Skills,51,42,two_level_random_sample,EXP_20260312_095228
51-4122.00,"Welding, Soldering, and Brazing Machine Setters, Operators, and Tenders",Systems Analysis,2.12,Skills,51,42,two_level_random_sample,EXP_20260312_095228
51-4122.00,"Welding, Soldering, and Brazing Machine Setters, Operators, and Tenders",Systems Evaluation,2.12,Skills,51,42,two_level_random_sample,EXP_20260312_095228
51-4122.00,"Welding, Soldering, and Brazing Machine Setters, Operators, and Tenders",Time Management,2.62,Skills,51,42,two_level_random_sample,EXP_20260312_095228
51-4122.00,"Welding, Soldering, and Brazing Machine Setters, Operators, and Tenders",Management of Financial Resources,1.62,Skills,51,42,two_level_random_sample,EXP_20260312_095228
51-4122.00,"Welding, Soldering, and Brazing Machine Setters, Operators, and Tenders",Management of Material Resources,2.0,Skills,51,42,two_level_random_sample,EXP_20260312_095228
51-4122.00,"Welding, Soldering, and Brazing Machine Setters, Operators, and Tenders",Management of Personnel Resources,2.12,Skills,51,42,two_level_random_sample,EXP_20260312_095228
51-9071.00,Jewelers and Precious Stone and Metal Workers,Reading Comprehension,2.75,Skills,51,42,two_level_random_sample,EXP_20260312_095228
51-9071.00,Jewelers and Precious Stone and Metal Workers,Active Listening,3.12,Skills,51,42,two_level_random_sample,EXP_20260312_095228
51-9071.00,Jewelers and Precious Stone and Metal Workers,Writing,2.5,Skills,51,42,two_level_random_sample,EXP_20260312_095228
51-9071.00,Jewelers and Precious Stone and Metal Workers,Speaking,3.0,Skills,51,42,two_level_random_sample,EXP_20260312_095228
51-9071.00,Jewelers and Precious Stone and Metal Workers,Mathematics,2.0,Skills,51,42,two_level_random_sample,EXP_20260312_095228
51-9071.00,Jewelers and Precious Stone and Metal Workers,Science,1.25,Skills,51,42,two_level_random_sample,EXP_20260312_095228
51-9071.00,Jewelers and Precious Stone and Metal Workers,Critical Thinking,3.0,Skills,51,42,two_level_random_sample,EXP_20260312_095228
51-9071.00,Jewelers and Precious Stone and Metal Workers,Active Learning,2.38,Skills,51,42,two_level_random_sample,EXP_20260312_095228
51-9071.00,Jewelers and Precious Stone and Metal Workers,Learning Strategies,2.25,Skills,51,42,two_level_random_sample,EXP_20260312_095228
51-9071.00,Jewelers and Precious Stone and Metal Workers,Monitoring,2.75,Skills,51,42,two_level_random_sample,EXP_20260312_095228
51-9071.00,Jewelers and Precious Stone and Metal Workers,Social Perceptiveness,2.88,Skills,51,42,two_level_random_sample,EXP_20260312_095228
51-9071.00,Jewelers and Precious Stone and Metal Workers,Coordination,2.88,Skills,51,42,two_level_random_sample,EXP_20260312_095228
51-9071.00,Jewelers and Precious Stone and Metal Workers,Persuasion,2.25,Skills,51,42,two_level_random_sample,EXP_20260312_095228
51-9071.00,Jewelers and Precious Stone and Metal Workers,Negotiation,2.25,Skills,51,42,two_level_random_sample,EXP_20260312_095228
51-9071.00,Jewelers and Precious Stone and Metal Workers,Instructing,2.5,Skills,51,42,two_level_random_sample,EXP_20260312_095228
51-9071.00,Jewelers and Precious Stone and Metal Workers,Service Orientation,2.62,Skills,51,42,two_level_random_sample,EXP_20260312_095228
51-9071.00,Jewelers and Precious Stone and Metal Workers,Complex Problem Solving,2.62,Skills,51,42,two_level_random_sample,EXP_20260312_095228
51-9071.00,Jewelers and Precious Stone and Metal Workers,Operations Analysis,1.25,Skills,51,42,two_level_random_sample,EXP_20260312_095228
51-9071.00,Jewelers and Precious Stone and Metal Workers,Technology Design,1.75,Skills,51,42,two_level_random_sample,EXP_20260312_095228
51-9071.00,Jewelers and Precious Stone and Metal Workers,Equipment Selection,2.0,Skills,51,42,two_level_random_sample,EXP_20260312_095228
51-9071.00,Jewelers and Precious Stone and Metal Workers,Installation,1.0,Skills,51,42,two_level_random_sample,EXP_20260312_095228
51-9071.00,Jewelers and Precious Stone and Metal Workers,Programming,1.38,Skills,51,42,two_level_random_sample,EXP_20260312_095228
51-9071.00,Jewelers and Precious Stone and Metal Workers,Operations Monitoring,2.12,Skills,51,42,two_level_random_sample,EXP_20260312_095228
51-9071.00,Jewelers and Precious Stone and Metal Workers,Operation and Control,2.0,Skills,51,42,two_level_random_sample,EXP_20260312_095228
51-9071.00,Jewelers and Precious Stone and Metal Workers,Equipment Maintenance,1.88,Skills,51,42,two_level_random_sample,EXP_20260312_095228
51-9071.00,Jewelers and Precious Stone and Metal Workers,Troubleshooting,1.88,Skills,51,42,two_level_random_sample,EXP_20260312_095228
51-9071.00,Jewelers and Precious Stone and Metal Workers,Repairing,1.88,Skills,51,42,two_level_random_sample,EXP_20260312_095228
51-9071.00,Jewelers and Precious Stone and Metal Workers,Quality Control Analysis,2.12,Skills,51,42,two_level_random_sample,EXP_20260312_095228
51-9071.00,Jewelers and Precious Stone and Metal Workers,Judgment and Decision Making,2.88,Skills,51,42,two_level_random_sample,EXP_20260312_095228
51-9071.00,Jewelers and Precious Stone and Metal Workers,Systems Analysis,2.0,Skills,51,42,two_level_random_sample,EXP_20260312_095228
51-9071.00,Jewelers and Precious Stone and Metal Workers,Systems Evaluation,1.88,Skills,51,42,two_level_random_sample,EXP_20260312_095228
51-9071.00,Jewelers and Precious Stone and Metal Workers,Time Management,2.62,Skills,51,42,two_level_random_sample,EXP_20260312_095228
51-9071.00,Jewelers and Precious Stone and Metal Workers,Management of Financial Resources,1.62,Skills,51,42,two_level_random_sample,EXP_20260312_095228
51-9071.00,Jewelers and Precious Stone and Metal Workers,Management of Material Resources,1.88,Skills,51,42,two_level_random_sample,EXP_20260312_095228
51-9071.00,Jewelers and Precious Stone and Metal Workers,Management of Personnel Resources,2.12,Skills,51,42,two_level_random_sample,EXP_20260312_095228
51-9192.00,"Cleaning, Washing, and Metal Pickling Equipment Operators and Tenders",Reading Comprehension,2.75,Skills,51,42,two_level_random_sample,EXP_20260312_095228
51-9192.00,"Cleaning, Washing, and Metal Pickling Equipment Operators and Tenders",Active Listening,2.88,Skills,51,42,two_level_random_sample,EXP_20260312_095228
51-9192.00,"Cleaning, Washing, and Metal Pickling Equipment Operators and Tenders",Writing,2.25,Skills,51,42,two_level_random_sample,EXP_20260312_095228
51-9192.00,"Cleaning, Washing, and Metal Pickling Equipment Operators and Tenders",Speaking,2.88,Skills,51,42,two_level_random_sample,EXP_20260312_095228
51-9192.00,"Cleaning, Washing, and Metal Pickling Equipment Operators and Tenders",Mathematics,2.0,Skills,51,42,two_level_random_sample,EXP_20260312_095228
51-9192.00,"Cleaning, Washing, and Metal Pickling Equipment Operators and Tenders",Science,1.5,Skills,51,42,two_level_random_sample,EXP_20260312_095228
51-9192.00,"Cleaning, Washing, and Metal Pickling Equipment Operators and Tenders",Critical Thinking,2.88,Skills,51,42,two_level_random_sample,EXP_20260312_095228
51-9192.00,"Cleaning, Washing, and Metal Pickling Equipment Operators and Tenders",Active Learning,2.12,Skills,51,42,two_level_random_sample,EXP_20260312_095228
51-9192.00,"Cleaning, Washing, and Metal Pickling Equipment Operators and Tenders",Learning Strategies,2.25,Skills,51,42,two_level_random_sample,EXP_20260312_095228
51-9192.00,"Cleaning, Washing, and Metal Pickling Equipment Operators and Tenders",Monitoring,2.88,Skills,51,42,two_level_random_sample,EXP_20260312_095228
51-9192.00,"Cleaning, Washing, and Metal Pickling Equipment Operators and Tenders",Social Perceptiveness,2.75,Skills,51,42,two_level_random_sample,EXP_20260312_095228
51-9192.00,"Cleaning, Washing, and Metal Pickling Equipment Operators and Tenders",Coordination,2.75,Skills,51,42,two_level_random_sample,EXP_20260312_095228
51-9192.00,"Cleaning, Washing, and Metal Pickling Equipment Operators and Tenders",Persuasion,2.0,Skills,51,42,two_level_random_sample,EXP_20260312_095228
51-9192.00,"Cleaning, Washing, and Metal Pickling Equipment Operators and Tenders",Negotiation,2.0,Skills,51,42,two_level_random_sample,EXP_20260312_095228
51-9192.00,"Cleaning, Washing, and Metal Pickling Equipment Operators and Tenders",Instructing,2.12,Skills,51,42,two_level_random_sample,EXP_20260312_095228
51-9192.00,"Cleaning, Washing, and Metal Pickling Equipment Operators and Tenders",Service Orientation,2.12,Skills,51,42,two_level_random_sample,EXP_20260312_095228
51-9192.00,"Cleaning, Washing, and Metal Pickling Equipment Operators and Tenders",Complex Problem Solving,2.5,Skills,51,42,two_level_random_sample,EXP_20260312_095228
51-9192.00,"Cleaning, Washing, and Metal Pickling Equipment Operators and Tenders",Operations Analysis,1.38,Skills,51,42,two_level_random_sample,EXP_20260312_095228
51-9192.00,"Cleaning, Washing, and Metal Pickling Equipment Operators and Tenders",Technology Design,1.0,Skills,51,42,two_level_random_sample,EXP_20260312_095228
51-9192.00,"Cleaning, Washing, and Metal Pickling Equipment Operators and Tenders",Equipment Selection,1.88,Skills,51,42,two_level_random_sample,EXP_20260312_095228
51-9192.00,"Cleaning, Washing, and Metal Pickling Equipment Operators and Tenders",Installation,1.0,Skills,51,42,two_level_random_sample,EXP_20260312_095228
51-9192.00,"Cleaning, Washing, and Metal Pickling Equipment Operators and Tenders",Programming,1.12,Skills,51,42,two_level_random_sample,EXP_20260312_095228
51-9192.00,"Cleaning, Washing, and Metal Pickling Equipment Operators and Tenders",Operations Monitoring,3.12,Skills,51,42,two_level_random_sample,EXP_20260312_095228
51-9192.00,"Cleaning, Washing, and Metal Pickling Equipment Operators and Tenders",Operation and Control,3.25,Skills,51,42,two_level_random_sample,EXP_20260312_095228
51-9192.00,"Cleaning, Washing, and Metal Pickling Equipment Operators and Tenders",Equipment Maintenance,2.25,Skills,51,42,two_level_random_sample,EXP_20260312_095228
51-9192.00,"Cleaning, Washing, and Metal Pickling Equipment Operators and Tenders",Troubleshooting,2.25,Skills,51,42,two_level_random_sample,EXP_20260312_095228
51-9192.00,"Cleaning, Washing, and Metal Pickling Equipment Operators and Tenders",Repairing,1.75,Skills,51,42,two_level_random_sample,EXP_20260312_095228
51-9192.00,"Cleaning, Washing, and Metal Pickling Equipment Operators and Tenders",Quality Control Analysis,2.5,Skills,51,42,two_level_random_sample,EXP_20260312_095228
51-9192.00,"Cleaning, Washing, and Metal Pickling Equipment Operators and Tenders",Judgment and Decision Making,2.62,Skills,51,42,two_level_random_sample,EXP_20260312_095228
51-9192.00,"Cleaning, Washing, and Metal Pickling Equipment Operators and Tenders",Systems Analysis,2.0,Skills,51,42,two_level_random_sample,EXP_20260312_095228
51-9192.00,"Cleaning, Washing, and Metal Pickling Equipment Operators and Tenders",Systems Evaluation,2.0,Skills,51,42,two_level_random_sample,EXP_20260312_095228
51-9192.00,"Cleaning, Washing, and Metal Pickling Equipment Operators and Tenders",Time Management,2.88,Skills,51,42,two_level_random_sample,EXP_20260312_095228
51-9192.00,"Cleaning, Washing, and Metal Pickling Equipment Operators and Tenders",Management of Financial Resources,1.25,Skills,51,42,two_level_random_sample,EXP_20260312_095228
51-9192.00,"Cleaning, Washing, and Metal Pickling Equipment Operators and Tenders",Management of Material Resources,1.38,Skills,51,42,two_level_random_sample,EXP_20260312_095228
51-9192.00,"Cleaning, Washing, and Metal Pickling Equipment Operators and Tenders",Management of Personnel Resources,2.25,Skills,51,42,two_level_random_sample,EXP_20260312_095228
11-1021.00,General and Operations Managers,Innovation,1.6,Work_Styles,11,42,two_level_random_sample,EXP_20260312_095228
11-1021.00,General and Operations Managers,Achievement Orientation,2.38,Work_Styles,11,42,two_level_random_sample,EXP_20260312_095228
11-1021.00,General and Operations Managers,Intellectual Curiosity,1.44,Work_Styles,11,42,two_level_random_sample,EXP_20260312_095228
11-1021.00,General and Operations Managers,Tolerance for Ambiguity,1.64,Work_Styles,11,42,two_level_random_sample,EXP_20260312_095228
11-1021.00,General and Operations Managers,Initiative,2.22,Work_Styles,11,42,two_level_random_sample,EXP_20260312_095228
11-1021.00,General and Operations Managers,Adaptability,2.05,Work_Styles,11,42,two_level_random_sample,EXP_20260312_095228
11-1021.00,General and Operations Managers,Self-Confidence,2.28,Work_Styles,11,42,two_level_random_sample,EXP_20260312_095228
11-1021.00,General and Operations Managers,Perseverance,2.19,Work_Styles,11,42,two_level_random_sample,EXP_20260312_095228
11-1021.00,General and Operations Managers,Leadership Orientation,2.93,Work_Styles,11,42,two_level_random_sample,EXP_20260312_095228
11-1021.00,General and Operations Managers,Humility,0.12,Work_Styles,11,42,two_level_random_sample,EXP_20260312_095228
11-1021.00,General and Operations Managers,Sincerity,0.94,Work_Styles,11,42,two_level_random_sample,EXP_20260312_095228
11-1021.00,General and Operations Managers,Empathy,1.22,Work_Styles,11,42,two_level_random_sample,EXP_20260312_095228
11-1021.00,General and Operations Managers,Cooperation,1.84,Work_Styles,11,42,two_level_random_sample,EXP_20260312_095228
11-1021.00,General and Operations Managers,Optimism,1.39,Work_Styles,11,42,two_level_random_sample,EXP_20260312_095228
11-1021.00,General and Operations Managers,Social Orientation,1.97,Work_Styles,11,42,two_level_random_sample,EXP_20260312_095228
11-1021.00,General and Operations Managers,Cautiousness,1.32,Work_Styles,11,42,two_level_random_sample,EXP_20260312_095228
11-1021.00,General and Operations Managers,Attention to Detail,1.74,Work_Styles,11,42,two_level_random_sample,EXP_20260312_095228
11-1021.00,General and Operations Managers,Dependability,2.65,Work_Styles,11,42,two_level_random_sample,EXP_20260312_095228
11-1021.00,General and Operations Managers,Integrity,2.51,Work_Styles,11,42,two_level_random_sample,EXP_20260312_095228
11-1021.00,General and Operations Managers,Stress Tolerance,1.99,Work_Styles,11,42,two_level_random_sample,EXP_20260312_095228
11-1021.00,General and Operations Managers,Self-Control,2.14,Work_Styles,11,42,two_level_random_sample,EXP_20260312_095228
11-3013.00,Facilities Managers,Innovation,1.07,Work_Styles,11,42,two_level_random_sample,EXP_20260312_095228
11-3013.00,Facilities Managers,Achievement Orientation,1.77,Work_Styles,11,42,two_level_random_sample,EXP_20260312_095228
11-3013.00,Facilities Managers,Intellectual Curiosity,1.02,Work_Styles,11,42,two_level_random_sample,EXP_20260312_095228
11-3013.00,Facilities Managers,Tolerance for Ambiguity,1.22,Work_Styles,11,42,two_level_random_sample,EXP_20260312_095228
11-3013.00,Facilities Managers,Initiative,1.86,Work_Styles,11,42,two_level_random_sample,EXP_20260312_095228
11-3013.00,Facilities Managers,Adaptability,1.79,Work_Styles,11,42,two_level_random_sample,EXP_20260312_095228
11-3013.00,Facilities Managers,Self-Confidence,1.73,Work_Styles,11,42,two_level_random_sample,EXP_20260312_095228
11-3013.00,Facilities Managers,Perseverance,1.7,Work_Styles,11,42,two_level_random_sample,EXP_20260312_095228
11-3013.00,Facilities Managers,Leadership Orientation,2.43,Work_Styles,11,42,two_level_random_sample,EXP_20260312_095228
11-3013.00,Facilities Managers,Humility,0.56,Work_Styles,11,42,two_level_random_sample,EXP_20260312_095228
11-3013.00,Facilities Managers,Sincerity,0.84,Work_Styles,11,42,two_level_random_sample,EXP_20260312_095228
11-3013.00,Facilities Managers,Empathy,0.64,Work_Styles,11,42,two_level_random_sample,EXP_20260312_095228
11-3013.00,Facilities Managers,Cooperation,1.63,Work_Styles,11,42,two_level_random_sample,EXP_20260312_095228
11-3013.00,Facilities Managers,Optimism,0.66,Work_Styles,11,42,two_level_random_sample,EXP_20260312_095228
11-3013.00,Facilities Managers,Social Orientation,1.18,Work_Styles,11,42,two_level_random_sample,EXP_20260312_095228
11-3013.00,Facilities Managers,Cautiousness,2.14,Work_Styles,11,42,two_level_random_sample,EXP_20260312_095228
11-3013.00,Facilities Managers,Attention to Detail,2.14,Work_Styles,11,42,two_level_random_sample,EXP_20260312_095228
11-3013.00,Facilities Managers,Dependability,2.65,Work_Styles,11,42,two_level_random_sample,EXP_20260312_095228
11-3013.00,Facilities Managers,Integrity,1.82,Work_Styles,11,42,two_level_random_sample,EXP_20260312_095228
11-3013.00,Facilities Managers,Stress Tolerance,1.76,Work_Styles,11,42,two_level_random_sample,EXP_20260312_095228
11-3013.00,Facilities Managers,Self-Control,1.7,Work_Styles,11,42,two_level_random_sample,EXP_20260312_095228
11-3061.00,Purchasing Managers,Innovation,1.02,Work_Styles,11,42,two_level_random_sample,EXP_20260312_095228
11-3061.00,Purchasing Managers,Achievement Orientation,1.98,Work_Styles,11,42,two_level_random_sample,EXP_20260312_095228
11-3061.00,Purchasing Managers,Intellectual Curiosity,1.2,Work_Styles,11,42,two_level_random_sample,EXP_20260312_095228
11-3061.00,Purchasing Managers,Tolerance for Ambiguity,1.2,Work_Styles,11,42,two_level_random_sample,EXP_20260312_095228
11-3061.00,Purchasing Managers,Initiative,1.66,Work_Styles,11,42,two_level_random_sample,EXP_20260312_095228
11-3061.00,Purchasing Managers,Adaptability,1.48,Work_Styles,11,42,two_level_random_sample,EXP_20260312_095228
11-3061.00,Purchasing Managers,Self-Confidence,2.12,Work_Styles,11,42,two_level_random_sample,EXP_20260312_095228
11-3061.00,Purchasing Managers,Perseverance,1.74,Work_Styles,11,42,two_level_random_sample,EXP_20260312_095228
11-3061.00,Purchasing Managers,Leadership Orientation,2.37,Work_Styles,11,42,two_level_random_sample,EXP_20260312_095228
11-3061.00,Purchasing Managers,Humility,0.24,Work_Styles,11,42,two_level_random_sample,EXP_20260312_095228
11-3061.00,Purchasing Managers,Sincerity,0.92,Work_Styles,11,42,two_level_random_sample,EXP_20260312_095228
11-3061.00,Purchasing Managers,Empathy,0.62,Work_Styles,11,42,two_level_random_sample,EXP_20260312_095228
11-3061.00,Purchasing Managers,Cooperation,1.84,Work_Styles,11,42,two_level_random_sample,EXP_20260312_095228
11-3061.00,Purchasing Managers,Optimism,0.66,Work_Styles,11,42,two_level_random_sample,EXP_20260312_095228
11-3061.00,Purchasing Managers,Social Orientation,1.65,Work_Styles,11,42,two_level_random_sample,EXP_20260312_095228
11-3061.00,Purchasing Managers,Cautiousness,2.06,Work_Styles,11,42,two_level_random_sample,EXP_20260312_095228
11-3061.00,Purchasing Managers,Attention to Detail,2.44,Work_Styles,11,42,two_level_random_sample,EXP_20260312_095228
11-3061.00,Purchasing Managers,Dependability,2.65,Work_Styles,11,42,two_level_random_sample,EXP_20260312_095228
11-3061.00,Purchasing Managers,Integrity,2.4,Work_Styles,11,42,two_level_random_sample,EXP_20260312_095228
11-3061.00,Purchasing Managers,Stress Tolerance,1.35,Work_Styles,11,42,two_level_random_sample,EXP_20260312_095228
11-3061.00,Purchasing Managers,Self-Control,1.7,Work_Styles,11,42,two_level_random_sample,EXP_20260312_095228
11-3071.04,Supply Chain Managers,Innovation,1.72,Work_Styles,11,42,two_level_random_sample,EXP_20260312_095228
11-3071.04,Supply Chain Managers,Achievement Orientation,2.14,Work_Styles,11,42,two_level_random_sample,EXP_20260312_095228
11-3071.04,Supply Chain Managers,Intellectual Curiosity,1.48,Work_Styles,11,42,two_level_random_sample,EXP_20260312_095228
11-3071.04,Supply Chain Managers,Tolerance for Ambiguity,1.49,Work_Styles,11,42,two_level_random_sample,EXP_20260312_095228
11-3071.04,Supply Chain Managers,Initiative,2.03,Work_Styles,11,42,two_level_random_sample,EXP_20260312_095228
11-3071.04,Supply Chain Managers,Adaptability,2.3,Work_Styles,11,42,two_level_random_sample,EXP_20260312_095228
11-3071.04,Supply Chain Managers,Self-Confidence,1.76,Work_Styles,11,42,two_level_random_sample,EXP_20260312_095228
11-3071.04,Supply Chain Managers,Perseverance,1.9,Work_Styles,11,42,two_level_random_sample,EXP_20260312_095228
11-3071.04,Supply Chain Managers,Leadership Orientation,2.25,Work_Styles,11,42,two_level_random_sample,EXP_20260312_095228
11-3071.04,Supply Chain Managers,Humility,0.56,Work_Styles,11,42,two_level_random_sample,EXP_20260312_095228
11-3071.04,Supply Chain Managers,Sincerity,0.72,Work_Styles,11,42,two_level_random_sample,EXP_20260312_095228
11-3071.04,Supply Chain Managers,Empathy,0.54,Work_Styles,11,42,two_level_random_sample,EXP_20260312_095228
11-3071.04,Supply Chain Managers,Cooperation,1.63,Work_Styles,11,42,two_level_random_sample,EXP_20260312_095228
11-3071.04,Supply Chain Managers,Optimism,0.64,Work_Styles,11,42,two_level_random_sample,EXP_20260312_095228
11-3071.04,Supply Chain Managers,Social Orientation,1.27,Work_Styles,11,42,two_level_random_sample,EXP_20260312_095228
11-3071.04,Supply Chain Managers,Cautiousness,1.82,Work_Styles,11,42,two_level_random_sample,EXP_20260312_095228
11-3071.04,Supply Chain Managers,Attention to Detail,2.44,Work_Styles,11,42,two_level_random_sample,EXP_20260312_095228
11-3071.04,Supply Chain Managers,Dependability,2.65,Work_Styles,11,42,two_level_random_sample,EXP_20260312_095228
11-3071.04,Supply Chain Managers,Integrity,2.17,Work_Styles,11,42,two_level_random_sample,EXP_20260312_095228
11-3071.04,Supply Chain Managers,Stress Tolerance,1.8,Work_Styles,11,42,two_level_random_sample,EXP_20260312_095228
11-3071.04,Supply Chain Managers,Self-Control,1.56,Work_Styles,11,42,two_level_random_sample,EXP_20260312_095228
11-9179.02,Spa Managers,Innovation,1.23,Work_Styles,11,42,two_level_random_sample,EXP_20260312_095228
11-9179.02,Spa Managers,Achievement Orientation,1.98,Work_Styles,11,42,two_level_random_sample,EXP_20260312_095228
11-9179.02,Spa Managers,Intellectual Curiosity,0.76,Work_Styles,11,42,two_level_random_sample,EXP_20260312_095228
11-9179.02,Spa Managers,Tolerance for Ambiguity,1.1,Work_Styles,11,42,two_level_random_sample,EXP_20260312_095228
11-9179.02,Spa Managers,Initiative,1.79,Work_Styles,11,42,two_level_random_sample,EXP_20260312_095228
11-9179.02,Spa Managers,Adaptability,1.68,Work_Styles,11,42,two_level_random_sample,EXP_20260312_095228
11-9179.02,Spa Managers,Self-Confidence,1.7,Work_Styles,11,42,two_level_random_sample,EXP_20260312_095228
11-9179.02,Spa Managers,Perseverance,1.67,Work_Styles,11,42,two_level_random_sample,EXP_20260312_095228
11-9179.02,Spa Managers,Leadership Orientation,2.34,Work_Styles,11,42,two_level_random_sample,EXP_20260312_095228
11-9179.02,Spa Managers,Humility,0.99,Work_Styles,11,42,two_level_random_sample,EXP_20260312_095228
11-9179.02,Spa Managers,Sincerity,1.44,Work_Styles,11,42,two_level_random_sample,EXP_20260312_095228
11-9179.02,Spa Managers,Empathy,1.59,Work_Styles,11,42,two_level_random_sample,EXP_20260312_095228
11-9179.02,Spa Managers,Cooperation,2.22,Work_Styles,11,42,two_level_random_sample,EXP_20260312_095228
11-9179.02,Spa Managers,Optimism,1.9,Work_Styles,11,42,two_level_random_sample,EXP_20260312_095228
11-9179.02,Spa Managers,Social Orientation,2.38,Work_Styles,11,42,two_level_random_sample,EXP_20260312_095228
11-9179.02,Spa Managers,Cautiousness,1.09,Work_Styles,11,42,two_level_random_sample,EXP_20260312_095228
11-9179.02,Spa Managers,Attention to Detail,1.97,Work_Styles,11,42,two_level_random_sample,EXP_20260312_095228
11-9179.02,Spa Managers,Dependability,2.53,Work_Styles,11,42,two_level_random_sample,EXP_20260312_095228
11-9179.02,Spa Managers,Integrity,1.79,Work_Styles,11,42,two_level_random_sample,EXP_20260312_095228
11-9179.02,Spa Managers,Stress Tolerance,1.58,Work_Styles,11,42,two_level_random_sample,EXP_20260312_095228
11-9179.02,Spa Managers,Self-Control,1.95,Work_Styles,11,42,two_level_random_sample,EXP_20260312_095228
17-1012.00,Landscape Architects,Innovation,2.45,Work_Styles,17,42,two_level_random_sample,EXP_20260312_095228
17-1012.00,Landscape Architects,Achievement Orientation,1.8,Work_Styles,17,42,two_level_random_sample,EXP_20260312_095228
17-1012.00,Landscape Architects,Intellectual Curiosity,1.86,Work_Styles,17,42,two_level_random_sample,EXP_20260312_095228
17-1012.00,Landscape Architects,Tolerance for Ambiguity,1.39,Work_Styles,17,42,two_level_random_sample,EXP_20260312_095228
17-1012.00,Landscape Architects,Initiative,1.59,Work_Styles,17,42,two_level_random_sample,EXP_20260312_095228
17-1012.00,Landscape Architects,Adaptability,1.72,Work_Styles,17,42,two_level_random_sample,EXP_20260312_095228
17-1012.00,Landscape Architects,Self-Confidence,1.7,Work_Styles,17,42,two_level_random_sample,EXP_20260312_095228
17-1012.00,Landscape Architects,Perseverance,1.77,Work_Styles,17,42,two_level_random_sample,EXP_20260312_095228
17-1012.00,Landscape Architects,Leadership Orientation,1.34,Work_Styles,17,42,two_level_random_sample,EXP_20260312_095228
17-1012.00,Landscape Architects,Humility,0.64,Work_Styles,17,42,two_level_random_sample,EXP_20260312_095228
17-1012.00,Landscape Architects,Sincerity,0.9,Work_Styles,17,42,two_level_random_sample,EXP_20260312_095228
17-1012.00,Landscape Architects,Empathy,0.86,Work_Styles,17,42,two_level_random_sample,EXP_20260312_095228
17-1012.00,Landscape Architects,Cooperation,1.77,Work_Styles,17,42,two_level_random_sample,EXP_20260312_095228
17-1012.00,Landscape Architects,Optimism,0.74,Work_Styles,17,42,two_level_random_sample,EXP_20260312_095228
17-1012.00,Landscape Architects,Social Orientation,1.61,Work_Styles,17,42,two_level_random_sample,EXP_20260312_095228
17-1012.00,Landscape Architects,Cautiousness,1.38,Work_Styles,17,42,two_level_random_sample,EXP_20260312_095228
17-1012.00,Landscape Architects,Attention to Detail,2.31,Work_Styles,17,42,two_level_random_sample,EXP_20260312_095228
17-1012.00,Landscape Architects,Dependability,2.22,Work_Styles,17,42,two_level_random_sample,EXP_20260312_095228
17-1012.00,Landscape Architects,Integrity,1.63,Work_Styles,17,42,two_level_random_sample,EXP_20260312_095228
17-1012.00,Landscape Architects,Stress Tolerance,1.14,Work_Styles,17,42,two_level_random_sample,EXP_20260312_095228
17-1012.00,Landscape Architects,Self-Control,1.31,Work_Styles,17,42,two_level_random_sample,EXP_20260312_095228
17-2031.00,Bioengineers and Biomedical Engineers,Innovation,2.51,Work_Styles,17,42,two_level_random_sample,EXP_20260312_095228
17-2031.00,Bioengineers and Biomedical Engineers,Achievement Orientation,2.14,Work_Styles,17,42,two_level_random_sample,EXP_20260312_095228
17-2031.00,Bioengineers and Biomedical Engineers,Intellectual Curiosity,3.0,Work_Styles,17,42,two_level_random_sample,EXP_20260312_095228
17-2031.00,Bioengineers and Biomedical Engineers,Tolerance for Ambiguity,1.49,Work_Styles,17,42,two_level_random_sample,EXP_20260312_095228
17-2031.00,Bioengineers and Biomedical Engineers,Initiative,1.5,Work_Styles,17,42,two_level_random_sample,EXP_20260312_095228
17-2031.00,Bioengineers and Biomedical Engineers,Adaptability,2.25,Work_Styles,17,42,two_level_random_sample,EXP_20260312_095228
17-2031.00,Bioengineers and Biomedical Engineers,Self-Confidence,1.54,Work_Styles,17,42,two_level_random_sample,EXP_20260312_095228
17-2031.00,Bioengineers and Biomedical Engineers,Perseverance,1.74,Work_Styles,17,42,two_level_random_sample,EXP_20260312_095228
17-2031.00,Bioengineers and Biomedical Engineers,Leadership Orientation,1.29,Work_Styles,17,42,two_level_random_sample,EXP_20260312_095228
17-2031.00,Bioengineers and Biomedical Engineers,Humility,0.72,Work_Styles,17,42,two_level_random_sample,EXP_20260312_095228
17-2031.00,Bioengineers and Biomedical Engineers,Sincerity,0.88,Work_Styles,17,42,two_level_random_sample,EXP_20260312_095228
17-2031.00,Bioengineers and Biomedical Engineers,Empathy,0.52,Work_Styles,17,42,two_level_random_sample,EXP_20260312_095228
17-2031.00,Bioengineers and Biomedical Engineers,Cooperation,1.84,Work_Styles,17,42,two_level_random_sample,EXP_20260312_095228
17-2031.00,Bioengineers and Biomedical Engineers,Optimism,0.49,Work_Styles,17,42,two_level_random_sample,EXP_20260312_095228
17-2031.00,Bioengineers and Biomedical Engineers,Social Orientation,0.97,Work_Styles,17,42,two_level_random_sample,EXP_20260312_095228
17-2031.00,Bioengineers and Biomedical Engineers,Cautiousness,2.43,Work_Styles,17,42,two_level_random_sample,EXP_20260312_095228
17-2031.00,Bioengineers and Biomedical Engineers,Attention to Detail,2.67,Work_Styles,17,42,two_level_random_sample,EXP_20260312_095228
17-2031.00,Bioengineers and Biomedical Engineers,Dependability,2.47,Work_Styles,17,42,two_level_random_sample,EXP_20260312_095228
17-2031.00,Bioengineers and Biomedical Engineers,Integrity,2.21,Work_Styles,17,42,two_level_random_sample,EXP_20260312_095228
17-2031.00,Bioengineers and Biomedical Engineers,Stress Tolerance,1.27,Work_Styles,17,42,two_level_random_sample,EXP_20260312_095228
17-2031.00,Bioengineers and Biomedical Engineers,Self-Control,1.28,Work_Styles,17,42,two_level_random_sample,EXP_20260312_095228
17-2111.02,Fire-Prevention and Protection Engineers,Innovation,2.09,Work_Styles,17,42,two_level_random_sample,EXP_20260312_095228
17-2111.02,Fire-Prevention and Protection Engineers,Achievement Orientation,2.01,Work_Styles,17,42,two_level_random_sample,EXP_20260312_095228
17-2111.02,Fire-Prevention and Protection Engineers,Intellectual Curiosity,2.2,Work_Styles,17,42,two_level_random_sample,EXP_20260312_095228
17-2111.02,Fire-Prevention and Protection Engineers,Tolerance for Ambiguity,1.37,Work_Styles,17,42,two_level_random_sample,EXP_20260312_095228
17-2111.02,Fire-Prevention and Protection Engineers,Initiative,1.69,Work_Styles,17,42,two_level_random_sample,EXP_20260312_095228
17-2111.02,Fire-Prevention and Protection Engineers,Adaptability,1.83,Work_Styles,17,42,two_level_random_sample,EXP_20260312_095228
17-2111.02,Fire-Prevention and Protection Engineers,Self-Confidence,1.73,Work_Styles,17,42,two_level_random_sample,EXP_20260312_095228
17-2111.02,Fire-Prevention and Protection Engineers,Perseverance,1.97,Work_Styles,17,42,two_level_random_sample,EXP_20260312_095228
17-2111.02,Fire-Prevention and Protection Engineers,Leadership Orientation,1.7,Work_Styles,17,42,two_level_random_sample,EXP_20260312_095228
17-2111.02,Fire-Prevention and Protection Engineers,Humility,0.53,Work_Styles,17,42,two_level_random_sample,EXP_20260312_095228
17-2111.02,Fire-Prevention and Protection Engineers,Sincerity,1.16,Work_Styles,17,42,two_level_random_sample,EXP_20260312_095228
17-2111.02,Fire-Prevention and Protection Engineers,Empathy,0.35,Work_Styles,17,42,two_level_random_sample,EXP_20260312_095228
17-2111.02,Fire-Prevention and Protection Engineers,Cooperation,1.63,Work_Styles,17,42,two_level_random_sample,EXP_20260312_095228
17-2111.02,Fire-Prevention and Protection Engineers,Optimism,0.07,Work_Styles,17,42,two_level_random_sample,EXP_20260312_095228
17-2111.02,Fire-Prevention and Protection Engineers,Social Orientation,0.97,Work_Styles,17,42,two_level_random_sample,EXP_20260312_095228
17-2111.02,Fire-Prevention and Protection Engineers,Cautiousness,2.74,Work_Styles,17,42,two_level_random_sample,EXP_20260312_095228
17-2111.02,Fire-Prevention and Protection Engineers,Attention to Detail,2.77,Work_Styles,17,42,two_level_random_sample,EXP_20260312_095228
17-2111.02,Fire-Prevention and Protection Engineers,Dependability,2.65,Work_Styles,17,42,two_level_random_sample,EXP_20260312_095228
17-2111.02,Fire-Prevention and Protection Engineers,Integrity,2.36,Work_Styles,17,42,two_level_random_sample,EXP_20260312_095228
17-2111.02,Fire-Prevention and Protection Engineers,Stress Tolerance,1.58,Work_Styles,17,42,two_level_random_sample,EXP_20260312_095228
17-2111.02,Fire-Prevention and Protection Engineers,Self-Control,1.53,Work_Styles,17,42,two_level_random_sample,EXP_20260312_095228
17-3022.00,Civil Engineering Technologists and Technicians,Innovation,0.82,Work_Styles,17,42,two_level_random_sample,EXP_20260312_095228
17-3022.00,Civil Engineering Technologists and Technicians,Achievement Orientation,1.63,Work_Styles,17,42,two_level_random_sample,EXP_20260312_095228
17-3022.00,Civil Engineering Technologists and Technicians,Intellectual Curiosity,1.38,Work_Styles,17,42,two_level_random_sample,EXP_20260312_095228
17-3022.00,Civil Engineering Technologists and Technicians,Tolerance for Ambiguity,0.41,Work_Styles,17,42,two_level_random_sample,EXP_20260312_095228
17-3022.00,Civil Engineering Technologists and Technicians,Initiative,0.8,Work_Styles,17,42,two_level_random_sample,EXP_20260312_095228
17-3022.00,Civil Engineering Technologists and Technicians,Adaptability,0.94,Work_Styles,17,42,two_level_random_sample,EXP_20260312_095228
17-3022.00,Civil Engineering Technologists and Technicians,Self-Confidence,0.99,Work_Styles,17,42,two_level_random_sample,EXP_20260312_095228
17-3022.00,Civil Engineering Technologists and Technicians,Perseverance,1.43,Work_Styles,17,42,two_level_random_sample,EXP_20260312_095228
17-3022.00,Civil Engineering Technologists and Technicians,Leadership Orientation,0.34,Work_Styles,17,42,two_level_random_sample,EXP_20260312_095228
17-3022.00,Civil Engineering Technologists and Technicians,Humility,0.29,Work_Styles,17,42,two_level_random_sample,EXP_20260312_095228
17-3022.00,Civil Engineering Technologists and Technicians,Sincerity,0.53,Work_Styles,17,42,two_level_random_sample,EXP_20260312_095228
17-3022.00,Civil Engineering Technologists and Technicians,Empathy,0.01,Work_Styles,17,42,two_level_random_sample,EXP_20260312_095228
17-3022.00,Civil Engineering Technologists and Technicians,Cooperation,1.26,Work_Styles,17,42,two_level_random_sample,EXP_20260312_095228
17-3022.00,Civil Engineering Technologists and Technicians,Optimism,0.09,Work_Styles,17,42,two_level_random_sample,EXP_20260312_095228
17-3022.00,Civil Engineering Technologists and Technicians,Social Orientation,0.41,Work_Styles,17,42,two_level_random_sample,EXP_20260312_095228
17-3022.00,Civil Engineering Technologists and Technicians,Cautiousness,1.93,Work_Styles,17,42,two_level_random_sample,EXP_20260312_095228
17-3022.00,Civil Engineering Technologists and Technicians,Attention to Detail,2.67,Work_Styles,17,42,two_level_random_sample,EXP_20260312_095228
17-3022.00,Civil Engineering Technologists and Technicians,Dependability,2.39,Work_Styles,17,42,two_level_random_sample,EXP_20260312_095228
17-3022.00,Civil Engineering Technologists and Technicians,Integrity,1.76,Work_Styles,17,42,two_level_random_sample,EXP_20260312_095228
17-3022.00,Civil Engineering Technologists and Technicians,Stress Tolerance,1.07,Work_Styles,17,42,two_level_random_sample,EXP_20260312_095228
17-3022.00,Civil Engineering Technologists and Technicians,Self-Control,0.61,Work_Styles,17,42,two_level_random_sample,EXP_20260312_095228
17-3027.00,Mechanical Engineering Technologists and Technicians,Innovation,1.94,Work_Styles,17,42,two_level_random_sample,EXP_20260312_095228
17-3027.00,Mechanical Engineering Technologists and Technicians,Achievement Orientation,1.69,Work_Styles,17,42,two_level_random_sample,EXP_20260312_095228
17-3027.00,Mechanical Engineering Technologists and Technicians,Intellectual Curiosity,1.93,Work_Styles,17,42,two_level_random_sample,EXP_20260312_095228
17-3027.00,Mechanical Engineering Technologists and Technicians,Tolerance for Ambiguity,1.06,Work_Styles,17,42,two_level_random_sample,EXP_20260312_095228
17-3027.00,Mechanical Engineering Technologists and Technicians,Initiative,1.05,Work_Styles,17,42,two_level_random_sample,EXP_20260312_095228
17-3027.00,Mechanical Engineering Technologists and Technicians,Adaptability,1.35,Work_Styles,17,42,two_level_random_sample,EXP_20260312_095228
17-3027.00,Mechanical Engineering Technologists and Technicians,Self-Confidence,1.13,Work_Styles,17,42,two_level_random_sample,EXP_20260312_095228
17-3027.00,Mechanical Engineering Technologists and Technicians,Perseverance,1.67,Work_Styles,17,42,two_level_random_sample,EXP_20260312_095228
17-3027.00,Mechanical Engineering Technologists and Technicians,Leadership Orientation,0.27,Work_Styles,17,42,two_level_random_sample,EXP_20260312_095228
17-3027.00,Mechanical Engineering Technologists and Technicians,Humility,0.19,Work_Styles,17,42,two_level_random_sample,EXP_20260312_095228
17-3027.00,Mechanical Engineering Technologists and Technicians,Sincerity,0.57,Work_Styles,17,42,two_level_random_sample,EXP_20260312_095228
17-3027.00,Mechanical Engineering Technologists and Technicians,Empathy,-0.01,Work_Styles,17,42,two_level_random_sample,EXP_20260312_095228
17-3027.00,Mechanical Engineering Technologists and Technicians,Cooperation,1.23,Work_Styles,17,42,two_level_random_sample,EXP_20260312_095228
17-3027.00,Mechanical Engineering Technologists and Technicians,Optimism,0.34,Work_Styles,17,42,two_level_random_sample,EXP_20260312_095228
17-3027.00,Mechanical Engineering Technologists and Technicians,Social Orientation,0.5,Work_Styles,17,42,two_level_random_sample,EXP_20260312_095228
17-3027.00,Mechanical Engineering Technologists and Technicians,Cautiousness,1.96,Work_Styles,17,42,two_level_random_sample,EXP_20260312_095228
17-3027.00,Mechanical Engineering Technologists and Technicians,Attention to Detail,2.67,Work_Styles,17,42,two_level_random_sample,EXP_20260312_095228
17-3027.00,Mechanical Engineering Technologists and Technicians,Dependability,2.47,Work_Styles,17,42,two_level_random_sample,EXP_20260312_095228
17-3027.00,Mechanical Engineering Technologists and Technicians,Integrity,1.7,Work_Styles,17,42,two_level_random_sample,EXP_20260312_095228
17-3027.00,Mechanical Engineering Technologists and Technicians,Stress Tolerance,1.02,Work_Styles,17,42,two_level_random_sample,EXP_20260312_095228
17-3027.00,Mechanical Engineering Technologists and Technicians,Self-Control,0.97,Work_Styles,17,42,two_level_random_sample,EXP_20260312_095228
27-1012.00,Craft Artists,Innovation,2.51,Work_Styles,27,42,two_level_random_sample,EXP_20260312_095228
27-1012.00,Craft Artists,Achievement Orientation,1.66,Work_Styles,27,42,two_level_random_sample,EXP_20260312_095228
27-1012.00,Craft Artists,Intellectual Curiosity,1.0,Work_Styles,27,42,two_level_random_sample,EXP_20260312_095228
27-1012.00,Craft Artists,Tolerance for Ambiguity,1.16,Work_Styles,27,42,two_level_random_sample,EXP_20260312_095228
27-1012.00,Craft Artists,Initiative,1.72,Work_Styles,27,42,two_level_random_sample,EXP_20260312_095228
27-1012.00,Craft Artists,Adaptability,1.29,Work_Styles,27,42,two_level_random_sample,EXP_20260312_095228
27-1012.00,Craft Artists,Self-Confidence,0.54,Work_Styles,27,42,two_level_random_sample,EXP_20260312_095228
27-1012.00,Craft Artists,Perseverance,1.67,Work_Styles,27,42,two_level_random_sample,EXP_20260312_095228
27-1012.00,Craft Artists,Leadership Orientation,0.23,Work_Styles,27,42,two_level_random_sample,EXP_20260312_095228
27-1012.00,Craft Artists,Humility,-0.01,Work_Styles,27,42,two_level_random_sample,EXP_20260312_095228
27-1012.00,Craft Artists,Sincerity,0.17,Work_Styles,27,42,two_level_random_sample,EXP_20260312_095228
27-1012.00,Craft Artists,Empathy,0.47,Work_Styles,27,42,two_level_random_sample,EXP_20260312_095228
27-1012.00,Craft Artists,Cooperation,0.09,Work_Styles,27,42,two_level_random_sample,EXP_20260312_095228
27-1012.00,Craft Artists,Optimism,0.98,Work_Styles,27,42,two_level_random_sample,EXP_20260312_095228
27-1012.00,Craft Artists,Social Orientation,0.9,Work_Styles,27,42,two_level_random_sample,EXP_20260312_095228
27-1012.00,Craft Artists,Cautiousness,0.43,Work_Styles,27,42,two_level_random_sample,EXP_20260312_095228
27-1012.00,Craft Artists,Attention to Detail,2.28,Work_Styles,27,42,two_level_random_sample,EXP_20260312_095228
27-1012.00,Craft Artists,Dependability,0.95,Work_Styles,27,42,two_level_random_sample,EXP_20260312_095228
27-1012.00,Craft Artists,Integrity,0.78,Work_Styles,27,42,two_level_random_sample,EXP_20260312_095228
27-1012.00,Craft Artists,Stress Tolerance,0.15,Work_Styles,27,42,two_level_random_sample,EXP_20260312_095228
27-1012.00,Craft Artists,Self-Control,0.66,Work_Styles,27,42,two_level_random_sample,EXP_20260312_095228
27-1024.00,Graphic Designers,Innovation,2.51,Work_Styles,27,42,two_level_random_sample,EXP_20260312_095228
27-1024.00,Graphic Designers,Achievement Orientation,1.69,Work_Styles,27,42,two_level_random_sample,EXP_20260312_095228
27-1024.00,Graphic Designers,Intellectual Curiosity,1.44,Work_Styles,27,42,two_level_random_sample,EXP_20260312_095228
27-1024.00,Graphic Designers,Tolerance for Ambiguity,1.33,Work_Styles,27,42,two_level_random_sample,EXP_20260312_095228
27-1024.00,Graphic Designers,Initiative,1.18,Work_Styles,27,42,two_level_random_sample,EXP_20260312_095228
27-1024.00,Graphic Designers,Adaptability,1.65,Work_Styles,27,42,two_level_random_sample,EXP_20260312_095228
27-1024.00,Graphic Designers,Self-Confidence,1.24,Work_Styles,27,42,two_level_random_sample,EXP_20260312_095228
27-1024.00,Graphic Designers,Perseverance,1.26,Work_Styles,27,42,two_level_random_sample,EXP_20260312_095228
27-1024.00,Graphic Designers,Leadership Orientation,0.32,Work_Styles,27,42,two_level_random_sample,EXP_20260312_095228
27-1024.00,Graphic Designers,Humility,0.03,Work_Styles,27,42,two_level_random_sample,EXP_20260312_095228
27-1024.00,Graphic Designers,Sincerity,0.65,Work_Styles,27,42,two_level_random_sample,EXP_20260312_095228
27-1024.00,Graphic Designers,Empathy,0.52,Work_Styles,27,42,two_level_random_sample,EXP_20260312_095228
27-1024.00,Graphic Designers,Cooperation,1.14,Work_Styles,27,42,two_level_random_sample,EXP_20260312_095228
27-1024.00,Graphic Designers,Optimism,0.66,Work_Styles,27,42,two_level_random_sample,EXP_20260312_095228
27-1024.00,Graphic Designers,Social Orientation,0.88,Work_Styles,27,42,two_level_random_sample,EXP_20260312_095228
27-1024.00,Graphic Designers,Cautiousness,0.5,Work_Styles,27,42,two_level_random_sample,EXP_20260312_095228
27-1024.00,Graphic Designers,Attention to Detail,2.41,Work_Styles,27,42,two_level_random_sample,EXP_20260312_095228
27-1024.00,Graphic Designers,Dependability,1.71,Work_Styles,27,42,two_level_random_sample,EXP_20260312_095228
27-1024.00,Graphic Designers,Integrity,0.7,Work_Styles,27,42,two_level_random_sample,EXP_20260312_095228
27-1024.00,Graphic Designers,Stress Tolerance,0.72,Work_Styles,27,42,two_level_random_sample,EXP_20260312_095228
27-1024.00,Graphic Designers,Self-Control,0.7,Work_Styles,27,42,two_level_random_sample,EXP_20260312_095228
27-2012.04,Talent Directors,Innovation,1.58,Work_Styles,27,42,two_level_random_sample,EXP_20260312_095228
27-2012.04,Talent Directors,Achievement Orientation,1.45,Work_Styles,27,42,two_level_random_sample,EXP_20260312_095228
27-2012.04,Talent Directors,Intellectual Curiosity,1.08,Work_Styles,27,42,two_level_random_sample,EXP_20260312_095228
27-2012.04,Talent Directors,Tolerance for Ambiguity,1.49,Work_Styles,27,42,two_level_random_sample,EXP_20260312_095228
27-2012.04,Talent Directors,Initiative,1.79,Work_Styles,27,42,two_level_random_sample,EXP_20260312_095228
27-2012.04,Talent Directors,Adaptability,2.02,Work_Styles,27,42,two_level_random_sample,EXP_20260312_095228
27-2012.04,Talent Directors,Self-Confidence,1.83,Work_Styles,27,42,two_level_random_sample,EXP_20260312_095228
27-2012.04,Talent Directors,Perseverance,1.61,Work_Styles,27,42,two_level_random_sample,EXP_20260312_095228
27-2012.04,Talent Directors,Leadership Orientation,1.64,Work_Styles,27,42,two_level_random_sample,EXP_20260312_095228
27-2012.04,Talent Directors,Humility,-0.38,Work_Styles,27,42,two_level_random_sample,EXP_20260312_095228
27-2012.04,Talent Directors,Sincerity,0.94,Work_Styles,27,42,two_level_random_sample,EXP_20260312_095228
27-2012.04,Talent Directors,Empathy,1.59,Work_Styles,27,42,two_level_random_sample,EXP_20260312_095228
27-2012.04,Talent Directors,Cooperation,2.07,Work_Styles,27,42,two_level_random_sample,EXP_20260312_095228
27-2012.04,Talent Directors,Optimism,1.39,Work_Styles,27,42,two_level_random_sample,EXP_20260312_095228
27-2012.04,Talent Directors,Social Orientation,2.42,Work_Styles,27,42,two_level_random_sample,EXP_20260312_095228
27-2012.04,Talent Directors,Cautiousness,-0.23,Work_Styles,27,42,two_level_random_sample,EXP_20260312_095228
27-2012.04,Talent Directors,Attention to Detail,1.67,Work_Styles,27,42,two_level_random_sample,EXP_20260312_095228
27-2012.04,Talent Directors,Dependability,1.98,Work_Styles,27,42,two_level_random_sample,EXP_20260312_095228
27-2012.04,Talent Directors,Integrity,1.6,Work_Styles,27,42,two_level_random_sample,EXP_20260312_095228
27-2012.04,Talent Directors,Stress Tolerance,1.61,Work_Styles,27,42,two_level_random_sample,EXP_20260312_095228
27-2012.04,Talent Directors,Self-Control,1.5,Work_Styles,27,42,two_level_random_sample,EXP_20260312_095228
27-2012.05,Media Technical Directors/Managers,Innovation,1.52,Work_Styles,27,42,two_level_random_sample,EXP_20260312_095228
27-2012.05,Media Technical Directors/Managers,Achievement Orientation,1.77,Work_Styles,27,42,two_level_random_sample,EXP_20260312_095228
27-2012.05,Media Technical Directors/Managers,Intellectual Curiosity,1.2,Work_Styles,27,42,two_level_random_sample,EXP_20260312_095228
27-2012.05,Media Technical Directors/Managers,Tolerance for Ambiguity,1.51,Work_Styles,27,42,two_level_random_sample,EXP_20260312_095228
27-2012.05,Media Technical Directors/Managers,Initiative,1.75,Work_Styles,27,42,two_level_random_sample,EXP_20260312_095228
27-2012.05,Media Technical Directors/Managers,Adaptability,2.02,Work_Styles,27,42,two_level_random_sample,EXP_20260312_095228
27-2012.05,Media Technical Directors/Managers,Self-Confidence,1.76,Work_Styles,27,42,two_level_random_sample,EXP_20260312_095228
27-2012.05,Media Technical Directors/Managers,Perseverance,1.4,Work_Styles,27,42,two_level_random_sample,EXP_20260312_095228
27-2012.05,Media Technical Directors/Managers,Leadership Orientation,2.37,Work_Styles,27,42,two_level_random_sample,EXP_20260312_095228
27-2012.05,Media Technical Directors/Managers,Humility,-0.06,Work_Styles,27,42,two_level_random_sample,EXP_20260312_095228
27-2012.05,Media Technical Directors/Managers,Sincerity,0.7,Work_Styles,27,42,two_level_random_sample,EXP_20260312_095228
27-2012.05,Media Technical Directors/Managers,Empathy,0.75,Work_Styles,27,42,two_level_random_sample,EXP_20260312_095228
27-2012.05,Media Technical Directors/Managers,Cooperation,2.07,Work_Styles,27,42,two_level_random_sample,EXP_20260312_095228
27-2012.05,Media Technical Directors/Managers,Optimism,0.9,Work_Styles,27,42,two_level_random_sample,EXP_20260312_095228
27-2012.05,Media Technical Directors/Managers,Social Orientation,1.38,Work_Styles,27,42,two_level_random_sample,EXP_20260312_095228
27-2012.05,Media Technical Directors/Managers,Cautiousness,1.26,Work_Styles,27,42,two_level_random_sample,EXP_20260312_095228
27-2012.05,Media Technical Directors/Managers,Attention to Detail,2.22,Work_Styles,27,42,two_level_random_sample,EXP_20260312_095228
27-2012.05,Media Technical Directors/Managers,Dependability,2.47,Work_Styles,27,42,two_level_random_sample,EXP_20260312_095228
27-2012.05,Media Technical Directors/Managers,Integrity,1.54,Work_Styles,27,42,two_level_random_sample,EXP_20260312_095228
27-2012.05,Media Technical Directors/Managers,Stress Tolerance,2.1,Work_Styles,27,42,two_level_random_sample,EXP_20260312_095228
27-2012.05,Media Technical Directors/Managers,Self-Control,1.73,Work_Styles,27,42,two_level_random_sample,EXP_20260312_095228
27-2022.00,Coaches and Scouts,Innovation,1.6,Work_Styles,27,42,two_level_random_sample,EXP_20260312_095228
27-2022.00,Coaches and Scouts,Achievement Orientation,2.42,Work_Styles,27,42,two_level_random_sample,EXP_20260312_095228
27-2022.00,Coaches and Scouts,Intellectual Curiosity,1.11,Work_Styles,27,42,two_level_random_sample,EXP_20260312_095228
27-2022.00,Coaches and Scouts,Tolerance for Ambiguity,1.31,Work_Styles,27,42,two_level_random_sample,EXP_20260312_095228
27-2022.00,Coaches and Scouts,Initiative,2.03,Work_Styles,27,42,two_level_random_sample,EXP_20260312_095228
27-2022.00,Coaches and Scouts,Adaptability,1.61,Work_Styles,27,42,two_level_random_sample,EXP_20260312_095228
27-2022.00,Coaches and Scouts,Self-Confidence,2.36,Work_Styles,27,42,two_level_random_sample,EXP_20260312_095228
27-2022.00,Coaches and Scouts,Perseverance,2.19,Work_Styles,27,42,two_level_random_sample,EXP_20260312_095228
27-2022.00,Coaches and Scouts,Leadership Orientation,2.71,Work_Styles,27,42,two_level_random_sample,EXP_20260312_095228
27-2022.00,Coaches and Scouts,Humility,0.85,Work_Styles,27,42,two_level_random_sample,EXP_20260312_095228
27-2022.00,Coaches and Scouts,Sincerity,1.72,Work_Styles,27,42,two_level_random_sample,EXP_20260312_095228
27-2022.00,Coaches and Scouts,Empathy,1.54,Work_Styles,27,42,two_level_random_sample,EXP_20260312_095228
27-2022.00,Coaches and Scouts,Cooperation,2.3,Work_Styles,27,42,two_level_random_sample,EXP_20260312_095228
27-2022.00,Coaches and Scouts,Optimism,1.78,Work_Styles,27,42,two_level_random_sample,EXP_20260312_095228
27-2022.00,Coaches and Scouts,Social Orientation,2.4,Work_Styles,27,42,two_level_random_sample,EXP_20260312_095228
27-2022.00,Coaches and Scouts,Cautiousness,-0.35,Work_Styles,27,42,two_level_random_sample,EXP_20260312_095228
27-2022.00,Coaches and Scouts,Attention to Detail,1.26,Work_Styles,27,42,two_level_random_sample,EXP_20260312_095228
27-2022.00,Coaches and Scouts,Dependability,2.56,Work_Styles,27,42,two_level_random_sample,EXP_20260312_095228
27-2022.00,Coaches and Scouts,Integrity,1.51,Work_Styles,27,42,two_level_random_sample,EXP_20260312_095228
27-2022.00,Coaches and Scouts,Stress Tolerance,2.21,Work_Styles,27,42,two_level_random_sample,EXP_20260312_095228
27-2022.00,Coaches and Scouts,Self-Control,2.14,Work_Styles,27,42,two_level_random_sample,EXP_20260312_095228
51-2022.00,Electrical and Electronic Equipment Assemblers,Innovation,-0.1,Work_Styles,51,42,two_level_random_sample,EXP_20260312_095228
51-2022.00,Electrical and Electronic Equipment Assemblers,Achievement Orientation,1.16,Work_Styles,51,42,two_level_random_sample,EXP_20260312_095228
51-2022.00,Electrical and Electronic Equipment Assemblers,Intellectual Curiosity,0.65,Work_Styles,51,42,two_level_random_sample,EXP_20260312_095228
51-2022.00,Electrical and Electronic Equipment Assemblers,Tolerance for Ambiguity,-0.36,Work_Styles,51,42,two_level_random_sample,EXP_20260312_095228
51-2022.00,Electrical and Electronic Equipment Assemblers,Initiative,0.22,Work_Styles,51,42,two_level_random_sample,EXP_20260312_095228
51-2022.00,Electrical and Electronic Equipment Assemblers,Adaptability,0.62,Work_Styles,51,42,two_level_random_sample,EXP_20260312_095228
51-2022.00,Electrical and Electronic Equipment Assemblers,Self-Confidence,0.52,Work_Styles,51,42,two_level_random_sample,EXP_20260312_095228
51-2022.00,Electrical and Electronic Equipment Assemblers,Perseverance,0.9,Work_Styles,51,42,two_level_random_sample,EXP_20260312_095228
51-2022.00,Electrical and Electronic Equipment Assemblers,Leadership Orientation,-0.28,Work_Styles,51,42,two_level_random_sample,EXP_20260312_095228
51-2022.00,Electrical and Electronic Equipment Assemblers,Humility,-0.01,Work_Styles,51,42,two_level_random_sample,EXP_20260312_095228
51-2022.00,Electrical and Electronic Equipment Assemblers,Sincerity,0.15,Work_Styles,51,42,two_level_random_sample,EXP_20260312_095228
51-2022.00,Electrical and Electronic Equipment Assemblers,Empathy,-0.06,Work_Styles,51,42,two_level_random_sample,EXP_20260312_095228
51-2022.00,Electrical and Electronic Equipment Assemblers,Cooperation,0.8,Work_Styles,51,42,two_level_random_sample,EXP_20260312_095228
51-2022.00,Electrical and Electronic Equipment Assemblers,Optimism,0.09,Work_Styles,51,42,two_level_random_sample,EXP_20260312_095228
51-2022.00,Electrical and Electronic Equipment Assemblers,Social Orientation,-0.07,Work_Styles,51,42,two_level_random_sample,EXP_20260312_095228
51-2022.00,Electrical and Electronic Equipment Assemblers,Cautiousness,1.89,Work_Styles,51,42,two_level_random_sample,EXP_20260312_095228
51-2022.00,Electrical and Electronic Equipment Assemblers,Attention to Detail,2.67,Work_Styles,51,42,two_level_random_sample,EXP_20260312_095228
51-2022.00,Electrical and Electronic Equipment Assemblers,Dependability,2.3,Work_Styles,51,42,two_level_random_sample,EXP_20260312_095228
51-2022.00,Electrical and Electronic Equipment Assemblers,Integrity,0.87,Work_Styles,51,42,two_level_random_sample,EXP_20260312_095228
51-2022.00,Electrical and Electronic Equipment Assemblers,Stress Tolerance,0.88,Work_Styles,51,42,two_level_random_sample,EXP_20260312_095228
51-2022.00,Electrical and Electronic Equipment Assemblers,Self-Control,0.63,Work_Styles,51,42,two_level_random_sample,EXP_20260312_095228
51-3091.00,"Food and Tobacco Roasting, Baking, and Drying Machine Operators and Tenders",Innovation,-0.57,Work_Styles,51,42,two_level_random_sample,EXP_20260312_095228
51-3091.00,"Food and Tobacco Roasting, Baking, and Drying Machine Operators and Tenders",Achievement Orientation,0.7,Work_Styles,51,42,two_level_random_sample,EXP_20260312_095228
51-3091.00,"Food and Tobacco Roasting, Baking, and Drying Machine Operators and Tenders",Intellectual Curiosity,-0.07,Work_Styles,51,42,two_level_random_sample,EXP_20260312_095228
51-3091.00,"Food and Tobacco Roasting, Baking, and Drying Machine Operators and Tenders",Tolerance for Ambiguity,-0.57,Work_Styles,51,42,two_level_random_sample,EXP_20260312_095228
51-3091.00,"Food and Tobacco Roasting, Baking, and Drying Machine Operators and Tenders",Initiative,0.11,Work_Styles,51,42,two_level_random_sample,EXP_20260312_095228
51-3091.00,"Food and Tobacco Roasting, Baking, and Drying Machine Operators and Tenders",Adaptability,0.26,Work_Styles,51,42,two_level_random_sample,EXP_20260312_095228
51-3091.00,"Food and Tobacco Roasting, Baking, and Drying Machine Operators and Tenders",Self-Confidence,0.41,Work_Styles,51,42,two_level_random_sample,EXP_20260312_095228
51-3091.00,"Food and Tobacco Roasting, Baking, and Drying Machine Operators and Tenders",Perseverance,0.75,Work_Styles,51,42,two_level_random_sample,EXP_20260312_095228
51-3091.00,"Food and Tobacco Roasting, Baking, and Drying Machine Operators and Tenders",Leadership Orientation,-0.49,Work_Styles,51,42,two_level_random_sample,EXP_20260312_095228
51-3091.00,"Food and Tobacco Roasting, Baking, and Drying Machine Operators and Tenders",Humility,-0.3,Work_Styles,51,42,two_level_random_sample,EXP_20260312_095228
51-3091.00,"Food and Tobacco Roasting, Baking, and Drying Machine Operators and Tenders",Sincerity,0.05,Work_Styles,51,42,two_level_random_sample,EXP_20260312_095228
51-3091.00,"Food and Tobacco Roasting, Baking, and Drying Machine Operators and Tenders",Empathy,-0.2,Work_Styles,51,42,two_level_random_sample,EXP_20260312_095228
51-3091.00,"Food and Tobacco Roasting, Baking, and Drying Machine Operators and Tenders",Cooperation,0.37,Work_Styles,51,42,two_level_random_sample,EXP_20260312_095228
51-3091.00,"Food and Tobacco Roasting, Baking, and Drying Machine Operators and Tenders",Optimism,-0.01,Work_Styles,51,42,two_level_random_sample,EXP_20260312_095228
51-3091.00,"Food and Tobacco Roasting, Baking, and Drying Machine Operators and Tenders",Social Orientation,-0.34,Work_Styles,51,42,two_level_random_sample,EXP_20260312_095228
51-3091.00,"Food and Tobacco Roasting, Baking, and Drying Machine Operators and Tenders",Cautiousness,1.96,Work_Styles,51,42,two_level_random_sample,EXP_20260312_095228
51-3091.00,"Food and Tobacco Roasting, Baking, and Drying Machine Operators and Tenders",Attention to Detail,2.16,Work_Styles,51,42,two_level_random_sample,EXP_20260312_095228
51-3091.00,"Food and Tobacco Roasting, Baking, and Drying Machine Operators and Tenders",Dependability,2.16,Work_Styles,51,42,two_level_random_sample,EXP_20260312_095228
51-3091.00,"Food and Tobacco Roasting, Baking, and Drying Machine Operators and Tenders",Integrity,0.7,Work_Styles,51,42,two_level_random_sample,EXP_20260312_095228
51-3091.00,"Food and Tobacco Roasting, Baking, and Drying Machine Operators and Tenders",Stress Tolerance,0.95,Work_Styles,51,42,two_level_random_sample,EXP_20260312_095228
51-3091.00,"Food and Tobacco Roasting, Baking, and Drying Machine Operators and Tenders",Self-Control,0.63,Work_Styles,51,42,two_level_random_sample,EXP_20260312_095228
51-4122.00,"Welding, Soldering, and Brazing Machine Setters, Operators, and Tenders",Innovation,0.35,Work_Styles,51,42,two_level_random_sample,EXP_20260312_095228
51-4122.00,"Welding, Soldering, and Brazing Machine Setters, Operators, and Tenders",Achievement Orientation,0.97,Work_Styles,51,42,two_level_random_sample,EXP_20260312_095228
51-4122.00,"Welding, Soldering, and Brazing Machine Setters, Operators, and Tenders",Intellectual Curiosity,0.37,Work_Styles,51,42,two_level_random_sample,EXP_20260312_095228
51-4122.00,"Welding, Soldering, and Brazing Machine Setters, Operators, and Tenders",Tolerance for Ambiguity,-0.48,Work_Styles,51,42,two_level_random_sample,EXP_20260312_095228
51-4122.00,"Welding, Soldering, and Brazing Machine Setters, Operators, and Tenders",Initiative,0.38,Work_Styles,51,42,two_level_random_sample,EXP_20260312_095228
51-4122.00,"Welding, Soldering, and Brazing Machine Setters, Operators, and Tenders",Adaptability,0.46,Work_Styles,51,42,two_level_random_sample,EXP_20260312_095228
51-4122.00,"Welding, Soldering, and Brazing Machine Setters, Operators, and Tenders",Self-Confidence,0.58,Work_Styles,51,42,two_level_random_sample,EXP_20260312_095228
51-4122.00,"Welding, Soldering, and Brazing Machine Setters, Operators, and Tenders",Perseverance,0.97,Work_Styles,51,42,two_level_random_sample,EXP_20260312_095228
51-4122.00,"Welding, Soldering, and Brazing Machine Setters, Operators, and Tenders",Leadership Orientation,-0.3,Work_Styles,51,42,two_level_random_sample,EXP_20260312_095228
51-4122.00,"Welding, Soldering, and Brazing Machine Setters, Operators, and Tenders",Humility,-0.14,Work_Styles,51,42,two_level_random_sample,EXP_20260312_095228
51-4122.00,"Welding, Soldering, and Brazing Machine Setters, Operators, and Tenders",Sincerity,0.08,Work_Styles,51,42,two_level_random_sample,EXP_20260312_095228
51-4122.00,"Welding, Soldering, and Brazing Machine Setters, Operators, and Tenders",Empathy,-0.16,Work_Styles,51,42,two_level_random_sample,EXP_20260312_095228
51-4122.00,"Welding, Soldering, and Brazing Machine Setters, Operators, and Tenders",Cooperation,0.45,Work_Styles,51,42,two_level_random_sample,EXP_20260312_095228
51-4122.00,"Welding, Soldering, and Brazing Machine Setters, Operators, and Tenders",Optimism,0.06,Work_Styles,51,42,two_level_random_sample,EXP_20260312_095228
51-4122.00,"Welding, Soldering, and Brazing Machine Setters, Operators, and Tenders",Social Orientation,-0.14,Work_Styles,51,42,two_level_random_sample,EXP_20260312_095228
51-4122.00,"Welding, Soldering, and Brazing Machine Setters, Operators, and Tenders",Cautiousness,1.93,Work_Styles,51,42,two_level_random_sample,EXP_20260312_095228
51-4122.00,"Welding, Soldering, and Brazing Machine Setters, Operators, and Tenders",Attention to Detail,2.34,Work_Styles,51,42,two_level_random_sample,EXP_20260312_095228
51-4122.00,"Welding, Soldering, and Brazing Machine Setters, Operators, and Tenders",Dependability,2.33,Work_Styles,51,42,two_level_random_sample,EXP_20260312_095228
51-4122.00,"Welding, Soldering, and Brazing Machine Setters, Operators, and Tenders",Integrity,1.03,Work_Styles,51,42,two_level_random_sample,EXP_20260312_095228
51-4122.00,"Welding, Soldering, and Brazing Machine Setters, Operators, and Tenders",Stress Tolerance,1.02,Work_Styles,51,42,two_level_random_sample,EXP_20260312_095228
51-4122.00,"Welding, Soldering, and Brazing Machine Setters, Operators, and Tenders",Self-Control,0.75,Work_Styles,51,42,two_level_random_sample,EXP_20260312_095228
51-9071.00,Jewelers and Precious Stone and Metal Workers,Innovation,1.8,Work_Styles,51,42,two_level_random_sample,EXP_20260312_095228
51-9071.00,Jewelers and Precious Stone and Metal Workers,Achievement Orientation,1.71,Work_Styles,51,42,two_level_random_sample,EXP_20260312_095228
51-9071.00,Jewelers and Precious Stone and Metal Workers,Intellectual Curiosity,0.87,Work_Styles,51,42,two_level_random_sample,EXP_20260312_095228
51-9071.00,Jewelers and Precious Stone and Metal Workers,Tolerance for Ambiguity,0.25,Work_Styles,51,42,two_level_random_sample,EXP_20260312_095228
51-9071.00,Jewelers and Precious Stone and Metal Workers,Initiative,0.9,Work_Styles,51,42,two_level_random_sample,EXP_20260312_095228
51-9071.00,Jewelers and Precious Stone and Metal Workers,Adaptability,0.78,Work_Styles,51,42,two_level_random_sample,EXP_20260312_095228
51-9071.00,Jewelers and Precious Stone and Metal Workers,Self-Confidence,1.13,Work_Styles,51,42,two_level_random_sample,EXP_20260312_095228
51-9071.00,Jewelers and Precious Stone and Metal Workers,Perseverance,1.7,Work_Styles,51,42,two_level_random_sample,EXP_20260312_095228
51-9071.00,Jewelers and Precious Stone and Metal Workers,Leadership Orientation,-0.15,Work_Styles,51,42,two_level_random_sample,EXP_20260312_095228
51-9071.00,Jewelers and Precious Stone and Metal Workers,Humility,-0.18,Work_Styles,51,42,two_level_random_sample,EXP_20260312_095228
51-9071.00,Jewelers and Precious Stone and Metal Workers,Sincerity,0.78,Work_Styles,51,42,two_level_random_sample,EXP_20260312_095228
51-9071.00,Jewelers and Precious Stone and Metal Workers,Empathy,0.08,Work_Styles,51,42,two_level_random_sample,EXP_20260312_095228
51-9071.00,Jewelers and Precious Stone and Metal Workers,Cooperation,0.25,Work_Styles,51,42,two_level_random_sample,EXP_20260312_095228
51-9071.00,Jewelers and Precious Stone and Metal Workers,Optimism,0.34,Work_Styles,51,42,two_level_random_sample,EXP_20260312_095228
51-9071.00,Jewelers and Precious Stone and Metal Workers,Social Orientation,0.16,Work_Styles,51,42,two_level_random_sample,EXP_20260312_095228
51-9071.00,Jewelers and Precious Stone and Metal Workers,Cautiousness,2.06,Work_Styles,51,42,two_level_random_sample,EXP_20260312_095228
51-9071.00,Jewelers and Precious Stone and Metal Workers,Attention to Detail,3.0,Work_Styles,51,42,two_level_random_sample,EXP_20260312_095228
51-9071.00,Jewelers and Precious Stone and Metal Workers,Dependability,2.19,Work_Styles,51,42,two_level_random_sample,EXP_20260312_095228
51-9071.00,Jewelers and Precious Stone and Metal Workers,Integrity,1.96,Work_Styles,51,42,two_level_random_sample,EXP_20260312_095228
51-9071.00,Jewelers and Precious Stone and Metal Workers,Stress Tolerance,0.8,Work_Styles,51,42,two_level_random_sample,EXP_20260312_095228
51-9071.00,Jewelers and Precious Stone and Metal Workers,Self-Control,0.85,Work_Styles,51,42,two_level_random_sample,EXP_20260312_095228
51-9192.00,"Cleaning, Washing, and Metal Pickling Equipment Operators and Tenders",Innovation,-0.57,Work_Styles,51,42,two_level_random_sample,EXP_20260312_095228
51-9192.00,"Cleaning, Washing, and Metal Pickling Equipment Operators and Tenders",Achievement Orientation,0.49,Work_Styles,51,42,two_level_random_sample,EXP_20260312_095228
51-9192.00,"Cleaning, Washing, and Metal Pickling Equipment Operators and Tenders",Intellectual Curiosity,-0.22,Work_Styles,51,42,two_level_random_sample,EXP_20260312_095228
51-9192.00,"Cleaning, Washing, and Metal Pickling Equipment Operators and Tenders",Tolerance for Ambiguity,-1.29,Work_Styles,51,42,two_level_random_sample,EXP_20260312_095228
51-9192.00,"Cleaning, Washing, and Metal Pickling Equipment Operators and Tenders",Initiative,0.14,Work_Styles,51,42,two_level_random_sample,EXP_20260312_095228
51-9192.00,"Cleaning, Washing, and Metal Pickling Equipment Operators and Tenders",Adaptability,0.09,Work_Styles,51,42,two_level_random_sample,EXP_20260312_095228
51-9192.00,"Cleaning, Washing, and Metal Pickling Equipment Operators and Tenders",Self-Confidence,0.03,Work_Styles,51,42,two_level_random_sample,EXP_20260312_095228
51-9192.00,"Cleaning, Washing, and Metal Pickling Equipment Operators and Tenders",Perseverance,0.47,Work_Styles,51,42,two_level_random_sample,EXP_20260312_095228
51-9192.00,"Cleaning, Washing, and Metal Pickling Equipment Operators and Tenders",Leadership Orientation,-0.47,Work_Styles,51,42,two_level_random_sample,EXP_20260312_095228
51-9192.00,"Cleaning, Washing, and Metal Pickling Equipment Operators and Tenders",Humility,-0.34,Work_Styles,51,42,two_level_random_sample,EXP_20260312_095228
51-9192.00,"Cleaning, Washing, and Metal Pickling Equipment Operators and Tenders",Sincerity,0.03,Work_Styles,51,42,two_level_random_sample,EXP_20260312_095228
51-9192.00,"Cleaning, Washing, and Metal Pickling Equipment Operators and Tenders",Empathy,-0.21,Work_Styles,51,42,two_level_random_sample,EXP_20260312_095228
51-9192.00,"Cleaning, Washing, and Metal Pickling Equipment Operators and Tenders",Cooperation,-0.18,Work_Styles,51,42,two_level_random_sample,EXP_20260312_095228
51-9192.00,"Cleaning, Washing, and Metal Pickling Equipment Operators and Tenders",Optimism,-0.04,Work_Styles,51,42,two_level_random_sample,EXP_20260312_095228
51-9192.00,"Cleaning, Washing, and Metal Pickling Equipment Operators and Tenders",Social Orientation,-0.14,Work_Styles,51,42,two_level_random_sample,EXP_20260312_095228
51-9192.00,"Cleaning, Washing, and Metal Pickling Equipment Operators and Tenders",Cautiousness,1.72,Work_Styles,51,42,two_level_random_sample,EXP_20260312_095228
51-9192.00,"Cleaning, Washing, and Metal Pickling Equipment Operators and Tenders",Attention to Detail,1.94,Work_Styles,51,42,two_level_random_sample,EXP_20260312_095228
51-9192.00,"Cleaning, Washing, and Metal Pickling Equipment Operators and Tenders",Dependability,2.19,Work_Styles,51,42,two_level_random_sample,EXP_20260312_095228
51-9192.00,"Cleaning, Washing, and Metal Pickling Equipment Operators and Tenders",Integrity,0.66,Work_Styles,51,42,two_level_random_sample,EXP_20260312_095228
51-9192.00,"Cleaning, Washing, and Metal Pickling Equipment Operators and Tenders",Stress Tolerance,0.68,Work_Styles,51,42,two_level_random_sample,EXP_20260312_095228
51-9192.00,"Cleaning, Washing, and Metal Pickling Equipment Operators and Tenders",Self-Control,0.42,Work_Styles,51,42,two_level_random_sample,EXP_20260312_095228
