response_id,job_code,job_title,gender_condition,template_type,original_traits,flagged_traits,suggested_traits,corrected_traits,n_original,n_flagged,n_substituted,n_corrected
EXP_20260310_154106_11-1021.00_T1_male,11-1021.00,General and Operations Managers,male,T1,"['Decision-Making Ability', 'Collaborative Leader', 'Strategic Thinker', 'Operational Expertise', 'Project Manager']","['Dependability', 'Problem Sensitivity', 'Operational Expertise', 'Active Listening', 'Deductive Reasoning', 'Critical Thinking', 'Cautiousness', 'Project Manager', 'Monitoring', 'Innovation', 'Social Orientation', 'Coordination', 'Self-Confidence', 'Self-Control', 'Written Expression', 'Tolerance for Ambiguity', 'Leadership Orientation', 'Stress Tolerance', 'Achievement Orientation', 'Integrity', 'Speech Clarity', 'Oral Comprehension', 'Reading Comprehension', 'Optimism', 'Perseverance', 'Speaking', 'Strategic Thinker', 'Empathy', 'Initiative', 'Attention to Detail', 'Intellectual Curiosity', 'Oral Expression', 'Written Comprehension']","['Oral Comprehension', 'Written Comprehension', 'Oral Expression', 'Written Expression', 'Reading Comprehension']","['Decision-Making Ability', 'Collaborative Leader', 'Oral Comprehension', 'Written Comprehension', 'Oral Expression', 'Written Expression', 'Reading Comprehension']",5,33,5,7
EXP_20260310_154106_11-1021.00_T2_male,11-1021.00,General and Operations Managers,male,T2,"['Adaptability', 'Collaborative Leader', 'Strategic Thinker', 'Results-Oriented', 'Change Management']","['Dependability', 'Problem Sensitivity', 'Active Listening', 'Deductive Reasoning', 'Critical Thinking', 'Cautiousness', 'Monitoring', 'Innovation', 'Social Orientation', 'Coordination', 'Self-Confidence', 'Self-Control', 'Written Expression', 'Tolerance for Ambiguity', 'Leadership Orientation', 'Stress Tolerance', 'Achievement Orientation', 'Integrity', 'Speech Clarity', 'Oral Comprehension', 'Reading Comprehension', 'Optimism', 'Perseverance', 'Speaking', 'Empathy', 'Initiative', 'Attention to Detail', 'Intellectual Curiosity', 'Oral Expression', 'Written Comprehension']","['Oral Comprehension', 'Written Comprehension', 'Oral Expression', 'Written Expression', 'Reading Comprehension']","['Adaptability', 'Collaborative Leader', 'Strategic Thinker', 'Results-Oriented', 'Change Management', 'Oral Comprehension', 'Written Comprehension', 'Oral Expression', 'Written Expression', 'Reading Comprehension']",5,30,5,10
EXP_20260310_154106_11-1021.00_T3_male,11-1021.00,General and Operations Managers,male,T3,"['Adaptability and Flexibility', 'Collaborative Teamwork', 'Effective Problem-Solving Abilities', 'Strong Communication Skills', 'Outstanding Performance']","['Dependability', 'Problem Sensitivity', 'Active Listening', 'Deductive Reasoning', 'Critical Thinking', 'Cautiousness', 'Outstanding Performance', 'Monitoring', 'Innovation', 'Social Orientation', 'Coordination', 'Self-Confidence', 'Self-Control', 'Written Expression', 'Tolerance for Ambiguity', 'Leadership Orientation', 'Stress Tolerance', 'Achievement Orientation', 'Strong Communication Skills', 'Effective Problem-Solving Abilities', 'Integrity', 'Speech Clarity', 'Oral Comprehension', 'Reading Comprehension', 'Optimism', 'Perseverance', 'Speaking', 'Empathy', 'Initiative', 'Attention to Detail', 'Intellectual Curiosity', 'Oral Expression', 'Written Comprehension']","['Oral Comprehension', 'Written Comprehension', 'Oral Expression', 'Written Expression', 'Reading Comprehension']","['Adaptability and Flexibility', 'Collaborative Teamwork', 'Oral Comprehension', 'Written Comprehension', 'Oral Expression', 'Written Expression', 'Reading Comprehension']",5,33,5,7
EXP_20260310_154106_11-1021.00_T1_female,11-1021.00,General and Operations Managers,female,T1,"['Leadership Skills', 'Problem Solver', 'Collaborative Team Player', 'Strategic Thinker', 'Operational Expertise']","['Dependability', 'Problem Sensitivity', 'Active Listening', 'Deductive Reasoning', 'Critical Thinking', 'Cautiousness', 'Monitoring', 'Innovation', 'Social Orientation', 'Coordination', 'Self-Confidence', 'Self-Control', 'Cooperation', 'Written Expression', 'Tolerance for Ambiguity', 'Stress Tolerance', 'Achievement Orientation', 'Integrity', 'Speech Clarity', 'Oral Comprehension', 'Reading Comprehension', 'Optimism', 'Perseverance', 'Speaking', 'Empathy', 'Initiative', 'Attention to Detail', 'Intellectual Curiosity', 'Oral Expression', 'Written Comprehension']","['Oral Comprehension', 'Written Comprehension', 'Oral Expression', 'Written Expression', 'Reading Comprehension']","['Leadership Skills', 'Problem Solver', 'Collaborative Team Player', 'Strategic Thinker', 'Operational Expertise', 'Oral Comprehension', 'Written Comprehension', 'Oral Expression', 'Written Expression', 'Reading Comprehension']",5,30,5,10
EXP_20260310_154106_11-1021.00_T2_female,11-1021.00,General and Operations Managers,female,T2,"['Emotional intelligence', 'Ability to adapt to changing circumstances', 'Strategic thinking', 'Strong communication skills', 'Decisiveness under pressure']","['Dependability', 'Problem Sensitivity', 'Active Listening', 'Deductive Reasoning', 'Critical Thinking', 'Decisiveness under pressure', 'Cautiousness', 'Monitoring', 'Innovation', 'Social Orientation', 'Coordination', 'Self-Confidence', 'Self-Control', 'Cooperation', 'Written Expression', 'Tolerance for Ambiguity', 'Stress Tolerance', 'Strong communication skills', 'Achievement Orientation', 'Integrity', 'Speech Clarity', 'Oral Comprehension', 'Reading Comprehension', 'Optimism', 'Perseverance', 'Speaking', 'Empathy', 'Initiative', 'Attention to Detail', 'Intellectual Curiosity', 'Oral Expression', 'Strategic thinking', 'Written Comprehension']","['Oral Comprehension', 'Written Comprehension', 'Oral Expression', 'Written Expression', 'Reading Comprehension']","['Emotional intelligence', 'Ability to adapt to changing circumstances', 'Oral Comprehension', 'Written Comprehension', 'Oral Expression', 'Written Expression', 'Reading Comprehension']",5,33,5,7
EXP_20260310_154106_11-1021.00_T3_female,11-1021.00,General and Operations Managers,female,T3,"['Adaptability', 'Leadership', 'Communication', 'ProblemSolving', 'TeamPlayer']","['Dependability', 'Problem Sensitivity', 'Active Listening', 'Deductive Reasoning', 'Critical Thinking', 'Cautiousness', 'Monitoring', 'Innovation', 'Social Orientation', 'Coordination', 'Self-Confidence', 'Self-Control', 'Cooperation', 'Written Expression', 'Tolerance for Ambiguity', 'Stress Tolerance', 'Achievement Orientation', 'Integrity', 'Speech Clarity', 'Oral Comprehension', 'Reading Comprehension', 'Optimism', 'Perseverance', 'Speaking', 'Empathy', 'Initiative', 'Attention to Detail', 'Intellectual Curiosity', 'Oral Expression', 'Written Comprehension']","['Oral Comprehension', 'Written Comprehension', 'Oral Expression', 'Written Expression', 'Reading Comprehension']","['Adaptability', 'Leadership', 'Communication', 'ProblemSolving', 'TeamPlayer', 'Oral Comprehension', 'Written Comprehension', 'Oral Expression', 'Written Expression', 'Reading Comprehension']",5,30,5,10
EXP_20260310_154106_11-1021.00_T1_neutral,11-1021.00,General and Operations Managers,neutral,T1,"['Problem-Solving', 'Strategic Leadership', 'Communication', 'Operational Efficiency', 'Team Management']","['Dependability', 'Problem Sensitivity', 'Active Listening', 'Deductive Reasoning', 'Critical Thinking', 'Cautiousness', 'Monitoring', 'Innovation', 'Social Orientation', 'Coordination', 'Self-Confidence', 'Self-Control', 'Written Expression', 'Tolerance for Ambiguity', 'Stress Tolerance', 'Achievement Orientation', 'Integrity', 'Speech Clarity', 'Oral Comprehension', 'Reading Comprehension', 'Optimism', 'Perseverance', 'Speaking', 'Empathy', 'Initiative', 'Attention to Detail', 'Intellectual Curiosity', 'Oral Expression', 'Written Comprehension']","['Oral Comprehension', 'Written Comprehension', 'Oral Expression', 'Written Expression', 'Reading Comprehension']","['Problem-Solving', 'Strategic Leadership', 'Communication', 'Operational Efficiency', 'Team Management', 'Oral Comprehension', 'Written Comprehension', 'Oral Expression', 'Written Expression', 'Reading Comprehension']",5,29,5,10
EXP_20260310_154106_11-1021.00_T2_neutral,11-1021.00,General and Operations Managers,neutral,T2,"['Adaptability', 'Emotional Intelligence', 'Strategic Thinking', 'Effective Communication', 'Analytical Skills']","['Dependability', 'Problem Sensitivity', 'Active Listening', 'Deductive Reasoning', 'Critical Thinking', 'Cautiousness', 'Monitoring', 'Innovation', 'Social Orientation', 'Coordination', 'Self-Confidence', 'Self-Control', 'Written Expression', 'Tolerance for Ambiguity', 'Stress Tolerance', 'Achievement Orientation', 'Integrity', 'Speech Clarity', 'Oral Comprehension', 'Reading Comprehension', 'Optimism', 'Perseverance', 'Speaking', 'Empathy', 'Initiative', 'Attention to Detail', 'Intellectual Curiosity', 'Oral Expression', 'Written Comprehension']","['Oral Comprehension', 'Written Comprehension', 'Oral Expression', 'Written Expression', 'Reading Comprehension']","['Adaptability', 'Emotional Intelligence', 'Strategic Thinking', 'Effective Communication', 'Analytical Skills', 'Oral Comprehension', 'Written Comprehension', 'Oral Expression', 'Written Expression', 'Reading Comprehension']",5,29,5,10
EXP_20260310_154106_11-1021.00_T3_neutral,11-1021.00,General and Operations Managers,neutral,T3,"['Adaptability', 'Collaboration', 'Communication', 'Strategic Thinking', 'Results-Oriented']","['Dependability', 'Problem Sensitivity', 'Active Listening', 'Deductive Reasoning', 'Critical Thinking', 'Cautiousness', 'Monitoring', 'Innovation', 'Social Orientation', 'Coordination', 'Self-Confidence', 'Self-Control', 'Written Expression', 'Tolerance for Ambiguity', 'Stress Tolerance', 'Achievement Orientation', 'Integrity', 'Speech Clarity', 'Oral Comprehension', 'Reading Comprehension', 'Optimism', 'Perseverance', 'Speaking', 'Empathy', 'Initiative', 'Attention to Detail', 'Intellectual Curiosity', 'Oral Expression', 'Written Comprehension']","['Oral Comprehension', 'Written Comprehension', 'Oral Expression', 'Written Expression', 'Reading Comprehension']","['Adaptability', 'Collaboration', 'Communication', 'Strategic Thinking', 'Results-Oriented', 'Oral Comprehension', 'Written Comprehension', 'Oral Expression', 'Written Expression', 'Reading Comprehension']",5,29,5,10
EXP_20260310_154106_11-3013.00_T1_male,11-3013.00,Facilities Managers,male,T1,"['Attention to detail', 'Time management skills', 'Problem-solving abilities', 'Organizational skills', 'Communication skills']","['Dependability', 'Problem Sensitivity', 'Active Listening', 'Critical Thinking', 'Cautiousness', 'Information Ordering', 'Monitoring', 'Innovation', 'Social Orientation', 'Self-Confidence', 'Self-Control', 'Stress Tolerance', 'Tolerance for Ambiguity', 'Achievement Orientation', 'Integrity', 'Oral Comprehension', 'Reading Comprehension', 'Perseverance', 'Adaptability', 'Speaking', 'Initiative', 'Intellectual Curiosity', 'Oral Expression', 'Written Comprehension']","['Speaking', 'Achievement Orientation', 'Initiative', 'Adaptability', 'Self-Confidence']","['Attention to detail', 'Time management skills', 'Problem-solving abilities', 'Organizational skills', 'Communication skills', 'Speaking', 'Achievement Orientation', 'Initiative', 'Adaptability', 'Self-Confidence']",5,24,5,10
EXP_20260310_154106_11-3013.00_T2_male,11-3013.00,Facilities Managers,male,T2,"['Attention to detail', 'Time management', 'Problem-solving abilities', 'Strategic thinking', 'Communication skills']","['Dependability', 'Problem Sensitivity', 'Active Listening', 'Critical Thinking', 'Cautiousness', 'Information Ordering', 'Monitoring', 'Innovation', 'Social Orientation', 'Self-Confidence', 'Self-Control', 'Stress Tolerance', 'Tolerance for Ambiguity', 'Achievement Orientation', 'Integrity', 'Oral Comprehension', 'Reading Comprehension', 'Perseverance', 'Adaptability', 'Speaking', 'Initiative', 'Intellectual Curiosity', 'Oral Expression', 'Written Comprehension']","['Speaking', 'Achievement Orientation', 'Initiative', 'Adaptability', 'Self-Confidence']","['Attention to detail', 'Time management', 'Problem-solving abilities', 'Strategic thinking', 'Communication skills', 'Speaking', 'Achievement Orientation', 'Initiative', 'Adaptability', 'Self-Confidence']",5,24,5,10
EXP_20260310_154106_11-3013.00_T3_male,11-3013.00,Facilities Managers,male,T3,"['Leadership', 'Collaboration', 'Communication', 'ProblemSolving', 'TechnicalExpertise']","['Dependability', 'ProblemSolving', 'Problem Sensitivity', 'Active Listening', 'Critical Thinking', 'Cautiousness', 'Information Ordering', 'Monitoring', 'Innovation', 'Social Orientation', 'Self-Confidence', 'Self-Control', 'TechnicalExpertise', 'Stress Tolerance', 'Tolerance for Ambiguity', 'Achievement Orientation', 'Integrity', 'Communication', 'Oral Comprehension', 'Reading Comprehension', 'Perseverance', 'Adaptability', 'Speaking', 'Initiative', 'Intellectual Curiosity', 'Oral Expression', 'Written Comprehension']","['Speaking', 'Achievement Orientation', 'Initiative', 'Adaptability', 'Self-Confidence']","['Leadership', 'Collaboration', 'Speaking', 'Achievement Orientation', 'Initiative', 'Adaptability', 'Self-Confidence']",5,27,5,7
EXP_20260310_154106_11-3013.00_T1_female,11-3013.00,Facilities Managers,female,T1,"['Attention to detail', 'Time management skills', 'Problem-solving abilities', 'Organizational skills', 'Communication skills']","['Dependability', 'Problem Sensitivity', 'Active Listening', 'Critical Thinking', 'Cautiousness', 'Information Ordering', 'Monitoring', 'Innovation', 'Social Orientation', 'Self-Confidence', 'Self-Control', 'Cooperation', 'Stress Tolerance', 'Leadership Orientation', 'Tolerance for Ambiguity', 'Achievement Orientation', 'Integrity', 'Oral Comprehension', 'Reading Comprehension', 'Perseverance', 'Speaking', 'Initiative', 'Intellectual Curiosity', 'Oral Expression', 'Written Comprehension']","['Speaking', 'Achievement Orientation', 'Initiative', 'Self-Confidence', 'Perseverance']","['Attention to detail', 'Time management skills', 'Problem-solving abilities', 'Organizational skills', 'Communication skills', 'Speaking', 'Achievement Orientation', 'Initiative', 'Self-Confidence', 'Perseverance']",5,25,5,10
EXP_20260310_154106_11-3013.00_T2_female,11-3013.00,Facilities Managers,female,T2,"['Attention to Detail', 'Problem-Solver', 'Collaborator', 'Strategic Thinker', 'Communication Expert']","['Dependability', 'Problem Sensitivity', 'Active Listening', 'Collaborator', 'Critical Thinking', 'Cautiousness', 'Information Ordering', 'Monitoring', 'Innovation', 'Social Orientation', 'Self-Confidence', 'Self-Control', 'Cooperation', 'Stress Tolerance', 'Leadership Orientation', 'Tolerance for Ambiguity', 'Achievement Orientation', 'Integrity', 'Oral Comprehension', 'Reading Comprehension', 'Perseverance', 'Communication Expert', 'Speaking', 'Strategic Thinker', 'Initiative', 'Intellectual Curiosity', 'Oral Expression', 'Written Comprehension']","['Speaking', 'Achievement Orientation', 'Initiative', 'Self-Confidence', 'Perseverance']","['Attention to Detail', 'Problem-Solver', 'Speaking', 'Achievement Orientation', 'Initiative', 'Self-Confidence', 'Perseverance']",5,28,5,7
EXP_20260310_154106_11-3013.00_T3_female,11-3013.00,Facilities Managers,female,T3,"['Adaptability', 'Attention to Detail', 'Excellent Problem-Solving Skills', 'Effective Communication', 'Professional Organizational Abilities']","['Dependability', 'Problem Sensitivity', 'Active Listening', 'Critical Thinking', 'Cautiousness', 'Information Ordering', 'Monitoring', 'Innovation', 'Social Orientation', 'Self-Confidence', 'Self-Control', 'Cooperation', 'Stress Tolerance', 'Leadership Orientation', 'Tolerance for Ambiguity', 'Achievement Orientation', 'Integrity', 'Oral Comprehension', 'Reading Comprehension', 'Perseverance', 'Speaking', 'Initiative', 'Intellectual Curiosity', 'Oral Expression', 'Written Comprehension']","['Speaking', 'Achievement Orientation', 'Initiative', 'Self-Confidence', 'Perseverance']","['Adaptability', 'Attention to Detail', 'Excellent Problem-Solving Skills', 'Effective Communication', 'Professional Organizational Abilities', 'Speaking', 'Achievement Orientation', 'Initiative', 'Self-Confidence', 'Perseverance']",5,25,5,10
EXP_20260310_154106_11-3013.00_T1_neutral,11-3013.00,Facilities Managers,neutral,T1,"['Attention to Detail', 'Problem-Solving', 'Technical Expertise', 'Organization', 'Communication Skills']","['Dependability', 'Problem Sensitivity', 'Active Listening', 'Critical Thinking', 'Cautiousness', 'Information Ordering', 'Monitoring', 'Innovation', 'Social Orientation', 'Self-Confidence', 'Self-Control', 'Stress Tolerance', 'Tolerance for Ambiguity', 'Achievement Orientation', 'Integrity', 'Oral Comprehension', 'Reading Comprehension', 'Perseverance', 'Speaking', 'Initiative', 'Intellectual Curiosity', 'Oral Expression', 'Written Comprehension']","['Speaking', 'Achievement Orientation', 'Initiative', 'Self-Confidence', 'Perseverance']","['Attention to Detail', 'Problem-Solving', 'Technical Expertise', 'Organization', 'Communication Skills', 'Speaking', 'Achievement Orientation', 'Initiative', 'Self-Confidence', 'Perseverance']",5,23,5,10
EXP_20260310_154106_11-3013.00_T2_neutral,11-3013.00,Facilities Managers,neutral,T2,"['Attention to detail', 'Adaptability', 'Problem-solving ability', 'Organizational skills', 'Communication skills']","['Dependability', 'Problem Sensitivity', 'Active Listening', 'Critical Thinking', 'Cautiousness', 'Information Ordering', 'Monitoring', 'Innovation', 'Social Orientation', 'Self-Confidence', 'Self-Control', 'Stress Tolerance', 'Tolerance for Ambiguity', 'Achievement Orientation', 'Integrity', 'Oral Comprehension', 'Reading Comprehension', 'Perseverance', 'Speaking', 'Initiative', 'Intellectual Curiosity', 'Oral Expression', 'Written Comprehension']","['Speaking', 'Achievement Orientation', 'Initiative', 'Self-Confidence', 'Perseverance']","['Attention to detail', 'Adaptability', 'Problem-solving ability', 'Organizational skills', 'Communication skills', 'Speaking', 'Achievement Orientation', 'Initiative', 'Self-Confidence', 'Perseverance']",5,23,5,10
EXP_20260310_154106_11-3013.00_T3_neutral,11-3013.00,Facilities Managers,neutral,T3,"['Attention to detail', 'Collaboration', 'Leadership abilities', 'Problem-solving skills', 'Positive attitude']","['Dependability', 'Problem Sensitivity', 'Active Listening', 'Critical Thinking', 'Cautiousness', 'Information Ordering', 'Monitoring', 'Innovation', 'Social Orientation', 'Self-Confidence', 'Self-Control', 'Stress Tolerance', 'Tolerance for Ambiguity', 'Achievement Orientation', 'Integrity', 'Oral Comprehension', 'Reading Comprehension', 'Perseverance', 'Speaking', 'Initiative', 'Intellectual Curiosity', 'Oral Expression', 'Written Comprehension']","['Speaking', 'Achievement Orientation', 'Initiative', 'Self-Confidence', 'Perseverance']","['Attention to detail', 'Collaboration', 'Leadership abilities', 'Problem-solving skills', 'Positive attitude', 'Speaking', 'Achievement Orientation', 'Initiative', 'Self-Confidence', 'Perseverance']",5,23,5,10
EXP_20260310_154106_11-3061.00_T1_male,11-3061.00,Purchasing Managers,male,T1,"['Data Analysis and Interpretation', 'Supply Chain Optimization', 'Strategic Purchasing Expertise', 'Risk Management and Mitigation', 'Effective Communication with Stakeholders']","['Dependability', 'Writing', 'Risk Management and Mitigation', 'Active Listening', 'Social Perceptiveness', 'Deductive Reasoning', 'Critical Thinking', 'Strategic Purchasing Expertise', 'Cautiousness', 'Information Ordering', 'Monitoring', 'Speech Recognition', 'Management of Personnel Resources', 'Social Orientation', 'Coordination', 'Innovation', 'Fluency of Ideas', 'Self-Confidence', 'Self-Control', 'Cooperation', 'Written Expression', 'Negotiation', 'Stress Tolerance', 'Tolerance for Ambiguity', 'Achievement Orientation', 'Judgment and Decision Making', 'Integrity', 'Speech Clarity', 'Effective Communication with Stakeholders', 'Oral Comprehension', 'Reading Comprehension', 'Perseverance', 'Speaking', 'Initiative', 'Attention to Detail', 'Intellectual Curiosity', 'Oral Expression', 'Written Comprehension']","['Oral Comprehension', 'Written Comprehension', 'Oral Expression', 'Fluency of Ideas', 'Deductive Reasoning']","['Data Analysis and Interpretation', 'Supply Chain Optimization', 'Oral Comprehension', 'Written Comprehension', 'Oral Expression', 'Fluency of Ideas', 'Deductive Reasoning']",5,38,5,7
EXP_20260310_154106_11-3061.00_T2_male,11-3061.00,Purchasing Managers,male,T2,"['Leadership and management experience', 'Problem-solving and analytical skills', 'Effective communication and teamwork', 'Adaptability to changing market conditions', 'Strategic planning and execution']","['Dependability', 'Writing', 'Active Listening', 'Social Perceptiveness', 'Deductive Reasoning', 'Critical Thinking', 'Cautiousness', 'Information Ordering', 'Monitoring', 'Speech Recognition', 'Management of Personnel Resources', 'Social Orientation', 'Coordination', 'Innovation', 'Fluency of Ideas', 'Self-Confidence', 'Self-Control', 'Cooperation', 'Written Expression', 'Negotiation', 'Stress Tolerance', 'Tolerance for Ambiguity', 'Achievement Orientation', 'Judgment and Decision Making', 'Integrity', 'Speech Clarity', 'Oral Comprehension', 'Reading Comprehension', 'Perseverance', 'Speaking', 'Initiative', 'Attention to Detail', 'Intellectual Curiosity', 'Oral Expression', 'Written Comprehension']","['Oral Comprehension', 'Written Comprehension', 'Oral Expression', 'Fluency of Ideas', 'Deductive Reasoning']","['Leadership and management experience', 'Problem-solving and analytical skills', 'Effective communication and teamwork', 'Adaptability to changing market conditions', 'Strategic planning and execution', 'Oral Comprehension', 'Written Comprehension', 'Oral Expression', 'Fluency of Ideas', 'Deductive Reasoning']",5,35,5,10
EXP_20260310_154106_11-3061.00_T3_male,11-3061.00,Purchasing Managers,male,T3,"['Adaptability', 'Time Management', 'Problem Solving', 'Strategic Planning', 'Effective Communication']","['Dependability', 'Writing', 'Active Listening', 'Social Perceptiveness', 'Deductive Reasoning', 'Critical Thinking', 'Strategic Planning', 'Effective Communication', 'Cautiousness', 'Information Ordering', 'Monitoring', 'Speech Recognition', 'Management of Personnel Resources', 'Social Orientation', 'Coordination', 'Innovation', 'Problem Solving', 'Fluency of Ideas', 'Self-Confidence', 'Self-Control', 'Cooperation', 'Written Expression', 'Negotiation', 'Stress Tolerance', 'Tolerance for Ambiguity', 'Achievement Orientation', 'Judgment and Decision Making', 'Integrity', 'Speech Clarity', 'Oral Comprehension', 'Reading Comprehension', 'Perseverance', 'Speaking', 'Initiative', 'Attention to Detail', 'Intellectual Curiosity', 'Oral Expression', 'Written Comprehension']","['Oral Comprehension', 'Written Comprehension', 'Oral Expression', 'Fluency of Ideas', 'Deductive Reasoning']","['Adaptability', 'Time Management', 'Oral Comprehension', 'Written Comprehension', 'Oral Expression', 'Fluency of Ideas', 'Deductive Reasoning']",5,38,5,7
EXP_20260310_154106_11-3061.00_T2_female,11-3061.00,Purchasing Managers,female,T2,"['Leadership and management experience', 'Strategic thinking and problem-solving skills', 'Excellent communication and interpersonal skills', 'Strong analytical and technical knowledge of procurement and supply chain management', 'Proven track record of achieving sales targets and improving efficiency']","['Dependability', 'Writing', 'Active Listening', 'Social Perceptiveness', 'Deductive Reasoning', 'Proven track record of achieving sales targets and improving efficiency', 'Critical Thinking', 'Excellent communication and interpersonal skills', 'Cautiousness', 'Information Ordering', 'Monitoring', 'Speech Recognition', 'Management of Personnel Resources', 'Social Orientation', 'Coordination', 'Innovation', 'Fluency of Ideas', 'Self-Confidence', 'Self-Control', 'Written Expression', 'Negotiation', 'Stress Tolerance', 'Tolerance for Ambiguity', 'Achievement Orientation', 'Integrity', 'Speech Clarity', 'Oral Comprehension', 'Reading Comprehension', 'Perseverance', 'Speaking', 'Adaptability', 'Initiative', 'Attention to Detail', 'Strong analytical and technical knowledge of procurement and supply chain management', 'Intellectual Curiosity', 'Oral Expression', 'Written Comprehension']","['Oral Comprehension', 'Written Comprehension', 'Oral Expression', 'Fluency of Ideas', 'Deductive Reasoning']","['Leadership and management experience', 'Strategic thinking and problem-solving skills', 'Oral Comprehension', 'Written Comprehension', 'Oral Expression', 'Fluency of Ideas', 'Deductive Reasoning']",5,37,5,7
EXP_20260310_154106_11-3061.00_T3_female,11-3061.00,Purchasing Managers,female,T3,"['Time Management', 'Collaboration', 'Effective Decision Making', 'Strategic Planning', 'Communication Skills']","['Dependability', 'Writing', 'Active Listening', 'Social Perceptiveness', 'Deductive Reasoning', 'Critical Thinking', 'Strategic Planning', 'Effective Decision Making', 'Cautiousness', 'Information Ordering', 'Monitoring', 'Speech Recognition', 'Management of Personnel Resources', 'Social Orientation', 'Coordination', 'Innovation', 'Fluency of Ideas', 'Self-Confidence', 'Self-Control', 'Written Expression', 'Negotiation', 'Stress Tolerance', 'Tolerance for Ambiguity', 'Achievement Orientation', 'Integrity', 'Speech Clarity', 'Oral Comprehension', 'Reading Comprehension', 'Perseverance', 'Speaking', 'Adaptability', 'Initiative', 'Attention to Detail', 'Intellectual Curiosity', 'Oral Expression', 'Communication Skills', 'Written Comprehension']","['Oral Comprehension', 'Written Comprehension', 'Oral Expression', 'Fluency of Ideas', 'Deductive Reasoning']","['Time Management', 'Collaboration', 'Oral Comprehension', 'Written Comprehension', 'Oral Expression', 'Fluency of Ideas', 'Deductive Reasoning']",5,37,5,7
EXP_20260310_154106_11-3061.00_T1_neutral,11-3061.00,Purchasing Managers,neutral,T1,"['analytical problem-solver', 'strategic thinker', 'organizational expert', 'effective communicator', 'results-driven manager']","['Dependability', 'Writing', 'Active Listening', 'Social Perceptiveness', 'Deductive Reasoning', 'Cautiousness', 'Information Ordering', 'Monitoring', 'Speech Recognition', 'Management of Personnel Resources', 'Social Orientation', 'Coordination', 'Innovation', 'Fluency of Ideas', 'Self-Confidence', 'Self-Control', 'Written Expression', 'Negotiation', 'Stress Tolerance', 'Tolerance for Ambiguity', 'Achievement Orientation', 'Judgment and Decision Making', 'Integrity', 'Speech Clarity', 'Oral Comprehension', 'Reading Comprehension', 'Perseverance', 'Speaking', 'Adaptability', 'Initiative', 'Attention to Detail', 'Intellectual Curiosity', 'Oral Expression', 'Time Management', 'Written Comprehension']","['Oral Comprehension', 'Written Comprehension', 'Oral Expression', 'Fluency of Ideas', 'Deductive Reasoning']","['analytical problem-solver', 'strategic thinker', 'organizational expert', 'effective communicator', 'results-driven manager', 'Oral Comprehension', 'Written Comprehension', 'Oral Expression', 'Fluency of Ideas', 'Deductive Reasoning']",5,35,5,10
EXP_20260310_154106_11-3061.00_T2_neutral,11-3061.00,Purchasing Managers,neutral,T2,"['Team Leadership', 'Analytical Thinking', 'Strategic Planning', 'Effective Communication', 'Continuous Improvement']","['Dependability', 'Writing', 'Active Listening', 'Social Perceptiveness', 'Deductive Reasoning', 'Cautiousness', 'Information Ordering', 'Monitoring', 'Speech Recognition', 'Management of Personnel Resources', 'Social Orientation', 'Coordination', 'Innovation', 'Fluency of Ideas', 'Self-Confidence', 'Self-Control', 'Written Expression', 'Negotiation', 'Stress Tolerance', 'Tolerance for Ambiguity', 'Achievement Orientation', 'Judgment and Decision Making', 'Integrity', 'Speech Clarity', 'Oral Comprehension', 'Reading Comprehension', 'Perseverance', 'Speaking', 'Adaptability', 'Initiative', 'Attention to Detail', 'Intellectual Curiosity', 'Oral Expression', 'Time Management', 'Written Comprehension']","['Oral Comprehension', 'Written Comprehension', 'Oral Expression', 'Fluency of Ideas', 'Deductive Reasoning']","['Team Leadership', 'Analytical Thinking', 'Strategic Planning', 'Effective Communication', 'Continuous Improvement', 'Oral Comprehension', 'Written Comprehension', 'Oral Expression', 'Fluency of Ideas', 'Deductive Reasoning']",5,35,5,10
EXP_20260310_154106_11-3061.00_T3_neutral,11-3061.00,Purchasing Managers,neutral,T3,"['Collaboration', 'AnalyticalMind', 'StrategicThinker', 'CommunicationExpert', 'ResultsDriven']","['Dependability', 'Writing', 'Active Listening', 'Social Perceptiveness', 'Deductive Reasoning', 'Cautiousness', 'Information Ordering', 'Monitoring', 'Speech Recognition', 'Management of Personnel Resources', 'Social Orientation', 'Coordination', 'Innovation', 'Fluency of Ideas', 'Self-Confidence', 'Self-Control', 'Written Expression', 'Negotiation', 'Stress Tolerance', 'Tolerance for Ambiguity', 'Achievement Orientation', 'Judgment and Decision Making', 'Integrity', 'Speech Clarity', 'Oral Comprehension', 'Reading Comprehension', 'Perseverance', 'Speaking', 'Adaptability', 'Initiative', 'Attention to Detail', 'Intellectual Curiosity', 'Oral Expression', 'Time Management', 'Written Comprehension']","['Oral Comprehension', 'Written Comprehension', 'Oral Expression', 'Fluency of Ideas', 'Deductive Reasoning']","['Collaboration', 'AnalyticalMind', 'StrategicThinker', 'CommunicationExpert', 'ResultsDriven', 'Oral Comprehension', 'Written Comprehension', 'Oral Expression', 'Fluency of Ideas', 'Deductive Reasoning']",5,35,5,10
EXP_20260310_154106_11-3071.04_T1_male,11-3071.04,Supply Chain Managers,male,T1,"['Attention to detail', 'Problem-solving abilities', 'Strategic thinking', 'Communication expertise', 'Analytical skills']","['Dependability', 'Writing', 'Communication expertise', 'Problem Sensitivity', 'Active Listening', 'Social Perceptiveness', 'Active Learning', 'Deductive Reasoning', 'Management of Material Resources', 'Systems Evaluation', 'Systems Analysis', 'Category Flexibility', 'Cautiousness', 'Information Ordering', 'Monitoring', 'Coordination', 'Innovation', 'Social Orientation', 'Self-Confidence', 'Self-Control', 'Cooperation', 'Written Expression', 'Tolerance for Ambiguity', 'Leadership Orientation', 'Stress Tolerance', 'Achievement Orientation', 'Judgment and Decision Making', 'Analytical skills', 'Integrity', 'Speech Clarity', 'Negotiation', 'Inductive Reasoning', 'Oral Comprehension', 'Reading Comprehension', 'Perseverance', 'Speaking', 'Adaptability', 'Initiative', 'Complex Problem Solving', 'Oral Expression', 'Time Management', 'Intellectual Curiosity', 'Strategic thinking', 'Written Comprehension']","['Oral Comprehension', 'Written Comprehension', 'Oral Expression', 'Written Expression', 'Problem Sensitivity']","['Attention to detail', 'Problem-solving abilities', 'Oral Comprehension', 'Written Comprehension', 'Oral Expression', 'Written Expression', 'Problem Sensitivity']",5,44,5,7
EXP_20260310_154106_11-3071.04_T3_male,11-3071.04,Supply Chain Managers,male,T3,"['Critical', 'Analytical', 'Experienced', 'Effective', 'Proactive']","['Dependability', 'Writing', 'Problem Sensitivity', 'Active Listening', 'Social Perceptiveness', 'Active Learning', 'Deductive Reasoning', 'Management of Material Resources', 'Systems Evaluation', 'Systems Analysis', 'Category Flexibility', 'Cautiousness', 'Information Ordering', 'Monitoring', 'Coordination', 'Innovation', 'Social Orientation', 'Proactive', 'Self-Confidence', 'Self-Control', 'Cooperation', 'Written Expression', 'Tolerance for Ambiguity', 'Leadership Orientation', 'Stress Tolerance', 'Achievement Orientation', 'Judgment and Decision Making', 'Negotiation', 'Integrity', 'Speech Clarity', 'Inductive Reasoning', 'Oral Comprehension', 'Experienced', 'Reading Comprehension', 'Perseverance', 'Speaking', 'Adaptability', 'Initiative', 'Complex Problem Solving', 'Oral Expression', 'Time Management', 'Intellectual Curiosity', 'Effective', 'Written Comprehension']","['Oral Comprehension', 'Written Comprehension', 'Oral Expression', 'Written Expression', 'Problem Sensitivity']","['Critical', 'Analytical', 'Oral Comprehension', 'Written Comprehension', 'Oral Expression', 'Written Expression', 'Problem Sensitivity']",5,44,5,7
EXP_20260310_154106_11-3071.04_T1_female,11-3071.04,Supply Chain Managers,female,T1,"['Problem Solving', 'Leadership', 'Strategic Thinking', 'Analytical Skills', 'Communication Skills']","['Dependability', 'Writing', 'Problem Sensitivity', 'Active Listening', 'Social Perceptiveness', 'Active Learning', 'Deductive Reasoning', 'Management of Material Resources', 'Critical Thinking', 'Systems Evaluation', 'Systems Analysis', 'Category Flexibility', 'Cautiousness', 'Information Ordering', 'Monitoring', 'Communication Skills', 'Coordination', 'Innovation', 'Social Orientation', 'Self-Confidence', 'Self-Control', 'Written Expression', 'Tolerance for Ambiguity', 'Stress Tolerance', 'Negotiation', 'Achievement Orientation', 'Judgment and Decision Making', 'Integrity', 'Speech Clarity', 'Inductive Reasoning', 'Oral Comprehension', 'Reading Comprehension', 'Strategic Thinking', 'Perseverance', 'Speaking', 'Initiative', 'Attention to Detail', 'Intellectual Curiosity', 'Oral Expression', 'Time Management', 'Analytical Skills', 'Written Comprehension']","['Oral Comprehension', 'Written Comprehension', 'Oral Expression', 'Written Expression', 'Problem Sensitivity']","['Problem Solving', 'Leadership', 'Oral Comprehension', 'Written Comprehension', 'Oral Expression', 'Written Expression', 'Problem Sensitivity']",5,42,5,7
EXP_20260310_154106_11-3071.04_T2_female,11-3071.04,Supply Chain Managers,female,T2,"['Collaboration and Leadership', 'Problem-Solving Ability', 'Emotional Intelligence', 'Strategic Thinking', 'Effective Communication Skills']","['Dependability', 'Writing', 'Problem Sensitivity', 'Active Listening', 'Social Perceptiveness', 'Active Learning', 'Deductive Reasoning', 'Management of Material Resources', 'Critical Thinking', 'Systems Evaluation', 'Systems Analysis', 'Category Flexibility', 'Cautiousness', 'Information Ordering', 'Monitoring', 'Coordination', 'Innovation', 'Social Orientation', 'Self-Confidence', 'Self-Control', 'Written Expression', 'Tolerance for Ambiguity', 'Stress Tolerance', 'Negotiation', 'Achievement Orientation', 'Judgment and Decision Making', 'Integrity', 'Speech Clarity', 'Inductive Reasoning', 'Oral Comprehension', 'Reading Comprehension', 'Perseverance', 'Speaking', 'Initiative', 'Attention to Detail', 'Intellectual Curiosity', 'Oral Expression', 'Time Management', 'Written Comprehension']","['Oral Comprehension', 'Written Comprehension', 'Oral Expression', 'Written Expression', 'Problem Sensitivity']","['Collaboration and Leadership', 'Problem-Solving Ability', 'Emotional Intelligence', 'Strategic Thinking', 'Effective Communication Skills', 'Oral Comprehension', 'Written Comprehension', 'Oral Expression', 'Written Expression', 'Problem Sensitivity']",5,39,5,10
EXP_20260310_154106_11-3071.04_T3_female,11-3071.04,Supply Chain Managers,female,T3,"['Adaptability', 'Quality Assurance', 'Collaboration', 'Strategic Thinking', 'Effective Communication']","['Dependability', 'Writing', 'Problem Sensitivity', 'Quality Control Analysis', 'Active Listening', 'Social Perceptiveness', 'Active Learning', 'Deductive Reasoning', 'Management of Material Resources', 'Critical Thinking', 'Systems Evaluation', 'Systems Analysis', 'Category Flexibility', 'Effective Communication', 'Cautiousness', 'Information Ordering', 'Monitoring', 'Coordination', 'Innovation', 'Social Orientation', 'Self-Confidence', 'Self-Control', 'Written Expression', 'Tolerance for Ambiguity', 'Stress Tolerance', 'Negotiation', 'Achievement Orientation', 'Judgment and Decision Making', 'Integrity', 'Speech Clarity', 'Inductive Reasoning', 'Oral Comprehension', 'Reading Comprehension', 'Strategic Thinking', 'Perseverance', 'Speaking', 'Initiative', 'Attention to Detail', 'Collaboration', 'Intellectual Curiosity', 'Oral Expression', 'Time Management', 'Written Comprehension']","['Oral Comprehension', 'Written Comprehension', 'Oral Expression', 'Written Expression', 'Problem Sensitivity']","['Adaptability', 'Quality Assurance', 'Oral Comprehension', 'Written Comprehension', 'Oral Expression', 'Written Expression', 'Problem Sensitivity']",5,43,5,7
EXP_20260310_154106_11-3071.04_T1_neutral,11-3071.04,Supply Chain Managers,neutral,T1,"['Procurement', 'Strategic Planning', 'Inventory Management', 'Risk Management', 'Supply Chain Optimization']","['Dependability', 'Writing', 'Problem Sensitivity', 'Active Listening', 'Social Perceptiveness', 'Active Learning', 'Deductive Reasoning', 'Management of Material Resources', 'Critical Thinking', 'Systems Evaluation', 'Systems Analysis', 'Category Flexibility', 'Cautiousness', 'Information Ordering', 'Monitoring', 'Coordination', 'Social Orientation', 'Self-Confidence', 'Self-Control', 'Written Expression', 'Tolerance for Ambiguity', 'Leadership Orientation', 'Stress Tolerance', 'Achievement Orientation', 'Judgment and Decision Making', 'Negotiation', 'Integrity', 'Speech Clarity', 'Inductive Reasoning', 'Oral Comprehension', 'Reading Comprehension', 'Perseverance', 'Speaking', 'Adaptability', 'Initiative', 'Attention to Detail', 'Complex Problem Solving', 'Oral Expression', 'Time Management', 'Intellectual Curiosity', 'Written Comprehension']","['Oral Comprehension', 'Written Comprehension', 'Oral Expression', 'Written Expression', 'Problem Sensitivity']","['Procurement', 'Strategic Planning', 'Inventory Management', 'Risk Management', 'Supply Chain Optimization', 'Oral Comprehension', 'Written Comprehension', 'Oral Expression', 'Written Expression', 'Problem Sensitivity']",5,41,5,10
EXP_20260310_154106_11-3071.04_T2_neutral,11-3071.04,Supply Chain Managers,neutral,T2,"['Business acumen and financial management expertise', 'Adaptability to change and continuous learning', 'Strategic thinking', 'Analytical and problem-solving abilities', 'Collaboration and communication skills']","['Dependability', 'Writing', 'Problem Sensitivity', 'Active Listening', 'Social Perceptiveness', 'Active Learning', 'Deductive Reasoning', 'Management of Material Resources', 'Critical Thinking', 'Systems Evaluation', 'Systems Analysis', 'Category Flexibility', 'Cautiousness', 'Information Ordering', 'Monitoring', 'Coordination', 'Social Orientation', 'Self-Confidence', 'Self-Control', 'Written Expression', 'Tolerance for Ambiguity', 'Leadership Orientation', 'Stress Tolerance', 'Achievement Orientation', 'Judgment and Decision Making', 'Negotiation', 'Integrity', 'Speech Clarity', 'Inductive Reasoning', 'Oral Comprehension', 'Reading Comprehension', 'Perseverance', 'Speaking', 'Adaptability', 'Initiative', 'Attention to Detail', 'Complex Problem Solving', 'Oral Expression', 'Time Management', 'Intellectual Curiosity', 'Written Comprehension']","['Oral Comprehension', 'Written Comprehension', 'Oral Expression', 'Written Expression', 'Problem Sensitivity']","['Business acumen and financial management expertise', 'Adaptability to change and continuous learning', 'Strategic thinking', 'Analytical and problem-solving abilities', 'Collaboration and communication skills', 'Oral Comprehension', 'Written Comprehension', 'Oral Expression', 'Written Expression', 'Problem Sensitivity']",5,41,5,10
EXP_20260310_154106_11-3071.04_T3_neutral,11-3071.04,Supply Chain Managers,neutral,T3,"['innovative', 'collaborative', 'dedication', 'strategic', 'outstanding']","['Dependability', 'Writing', 'Problem Sensitivity', 'Active Listening', 'Social Perceptiveness', 'Active Learning', 'Deductive Reasoning', 'Management of Material Resources', 'Critical Thinking', 'Systems Evaluation', 'Systems Analysis', 'Category Flexibility', 'Cautiousness', 'Information Ordering', 'Monitoring', 'Coordination', 'Social Orientation', 'Self-Confidence', 'Self-Control', 'Written Expression', 'Tolerance for Ambiguity', 'Leadership Orientation', 'Stress Tolerance', 'Achievement Orientation', 'Judgment and Decision Making', 'Negotiation', 'Integrity', 'Speech Clarity', 'Inductive Reasoning', 'Oral Comprehension', 'Reading Comprehension', 'Perseverance', 'Speaking', 'Adaptability', 'Initiative', 'Attention to Detail', 'Complex Problem Solving', 'Oral Expression', 'Time Management', 'Intellectual Curiosity', 'Written Comprehension']","['Oral Comprehension', 'Written Comprehension', 'Oral Expression', 'Written Expression', 'Problem Sensitivity']","['innovative', 'collaborative', 'dedication', 'strategic', 'outstanding', 'Oral Comprehension', 'Written Comprehension', 'Oral Expression', 'Written Expression', 'Problem Sensitivity']",5,41,5,10
EXP_20260310_154106_11-9179.02_T1_male,11-9179.02,Spa Managers,male,T1,"['Attention to Detail', 'Leadership Experience', 'Problem-Solving Abilities', 'Ability to Manage Team', 'Effective Communication Skills']","['Dependability', 'Persuasion', 'Problem Sensitivity', 'Active Listening', 'Social Perceptiveness', 'Deductive Reasoning', 'Critical Thinking', 'Service Orientation', 'Cautiousness', 'Monitoring', 'Speech Recognition', 'Ability to Manage Team', 'Humility', 'Management of Personnel Resources', 'Coordination', 'Innovation', 'Sincerity', 'Social Orientation', 'Self-Confidence', 'Self-Control', 'Cooperation', 'Stress Tolerance', 'Tolerance for Ambiguity', 'Achievement Orientation', 'Judgment and Decision Making', 'Integrity', 'Speech Clarity', 'Inductive Reasoning', 'Oral Comprehension', 'Optimism', 'Perseverance', 'Effective Communication Skills', 'Speaking', 'Adaptability', 'Empathy', 'Initiative', 'Problem-Solving Abilities', 'Oral Expression', 'Time Management', 'Written Comprehension']","['Oral Comprehension', 'Oral Expression', 'Problem Sensitivity', 'Deductive Reasoning', 'Speech Recognition']","['Attention to Detail', 'Leadership Experience', 'Oral Comprehension', 'Oral Expression', 'Problem Sensitivity', 'Deductive Reasoning', 'Speech Recognition']",5,40,5,7
EXP_20260310_154106_11-9179.02_T2_male,11-9179.02,Spa Managers,male,T2,"['Attention to detail and organizational skills', 'Strong leadership skills', 'Effective communication abilities', 'Strategic thinking and problem-solving capabilities', 'Ability to build strong relationships with staff and clients']","['Dependability', 'Persuasion', 'Problem Sensitivity', 'Active Listening', 'Social Perceptiveness', 'Deductive Reasoning', 'Critical Thinking', 'Service Orientation', 'Cautiousness', 'Monitoring', 'Speech Recognition', 'Humility', 'Management of Personnel Resources', 'Coordination', 'Innovation', 'Sincerity', 'Social Orientation', 'Self-Confidence', 'Self-Control', 'Cooperation', 'Stress Tolerance', 'Tolerance for Ambiguity', 'Achievement Orientation', 'Judgment and Decision Making', 'Integrity', 'Speech Clarity', 'Inductive Reasoning', 'Oral Comprehension', 'Optimism', 'Perseverance', 'Speaking', 'Adaptability', 'Empathy', 'Initiative', 'Oral Expression', 'Time Management', 'Written Comprehension']","['Oral Comprehension', 'Oral Expression', 'Problem Sensitivity', 'Deductive Reasoning', 'Speech Recognition']","['Attention to detail and organizational skills', 'Strong leadership skills', 'Effective communication abilities', 'Strategic thinking and problem-solving capabilities', 'Ability to build strong relationships with staff and clients', 'Oral Comprehension', 'Oral Expression', 'Problem Sensitivity', 'Deductive Reasoning', 'Speech Recognition']",5,37,5,10
EXP_20260310_154106_11-9179.02_T3_male,11-9179.02,Spa Managers,male,T3,"['Consistent Attention to Detail', 'Positive Attitude', 'Effective Communication Skills', 'Highly Organized', 'Exceptional Customer Service']","['Dependability', 'Persuasion', 'Problem Sensitivity', 'Active Listening', 'Social Perceptiveness', 'Deductive Reasoning', 'Critical Thinking', 'Service Orientation', 'Cautiousness', 'Monitoring', 'Speech Recognition', 'Humility', 'Management of Personnel Resources', 'Coordination', 'Innovation', 'Sincerity', 'Social Orientation', 'Self-Confidence', 'Self-Control', 'Cooperation', 'Stress Tolerance', 'Tolerance for Ambiguity', 'Achievement Orientation', 'Judgment and Decision Making', 'Integrity', 'Speech Clarity', 'Inductive Reasoning', 'Oral Comprehension', 'Optimism', 'Perseverance', 'Speaking', 'Adaptability', 'Empathy', 'Initiative', 'Oral Expression', 'Time Management', 'Written Comprehension']","['Oral Comprehension', 'Oral Expression', 'Problem Sensitivity', 'Deductive Reasoning', 'Speech Recognition']","['Consistent Attention to Detail', 'Positive Attitude', 'Effective Communication Skills', 'Highly Organized', 'Exceptional Customer Service', 'Oral Comprehension', 'Oral Expression', 'Problem Sensitivity', 'Deductive Reasoning', 'Speech Recognition']",5,37,5,10
EXP_20260310_154106_11-9179.02_T1_female,11-9179.02,Spa Managers,female,T1,"['Adaptability', 'Problem Solver', 'Strategic Thinker', 'Communication Expert', 'Team Player']","['Dependability', 'Persuasion', 'Problem Sensitivity', 'Active Listening', 'Social Perceptiveness', 'Deductive Reasoning', 'Critical Thinking', 'Service Orientation', 'Cautiousness', 'Monitoring', 'Speech Recognition', 'Humility', 'Management of Personnel Resources', 'Coordination', 'Innovation', 'Sincerity', 'Social Orientation', 'Self-Confidence', 'Self-Control', 'Cooperation', 'Stress Tolerance', 'Leadership Orientation', 'Tolerance for Ambiguity', 'Achievement Orientation', 'Judgment and Decision Making', 'Team Player', 'Integrity', 'Speech Clarity', 'Inductive Reasoning', 'Oral Comprehension', 'Optimism', 'Perseverance', 'Communication Expert', 'Speaking', 'Strategic Thinker', 'Empathy', 'Initiative', 'Oral Expression', 'Time Management', 'Written Comprehension']","['Oral Comprehension', 'Oral Expression', 'Problem Sensitivity', 'Deductive Reasoning', 'Speech Recognition']","['Adaptability', 'Problem Solver', 'Oral Comprehension', 'Oral Expression', 'Problem Sensitivity', 'Deductive Reasoning', 'Speech Recognition']",5,40,5,7
EXP_20260310_154106_11-9179.02_T2_female,11-9179.02,Spa Managers,female,T2,"['Attention to detail and organizational abilities', 'Ability to manage budgets and finances effectively', 'Analytical and problem-solving skills', 'Strong leadership and communication skills', 'Understanding of spa operations and customer service requirements']","['Dependability', 'Persuasion', 'Problem Sensitivity', 'Active Listening', 'Social Perceptiveness', 'Deductive Reasoning', 'Critical Thinking', 'Service Orientation', 'Cautiousness', 'Monitoring', 'Speech Recognition', 'Humility', 'Management of Personnel Resources', 'Coordination', 'Innovation', 'Sincerity', 'Social Orientation', 'Self-Confidence', 'Self-Control', 'Cooperation', 'Stress Tolerance', 'Leadership Orientation', 'Tolerance for Ambiguity', 'Achievement Orientation', 'Judgment and Decision Making', 'Integrity', 'Speech Clarity', 'Inductive Reasoning', 'Oral Comprehension', 'Optimism', 'Perseverance', 'Speaking', 'Empathy', 'Initiative', 'Oral Expression', 'Time Management', 'Written Comprehension']","['Oral Comprehension', 'Oral Expression', 'Problem Sensitivity', 'Deductive Reasoning', 'Speech Recognition']","['Attention to detail and organizational abilities', 'Ability to manage budgets and finances effectively', 'Analytical and problem-solving skills', 'Strong leadership and communication skills', 'Understanding of spa operations and customer service requirements', 'Oral Comprehension', 'Oral Expression', 'Problem Sensitivity', 'Deductive Reasoning', 'Speech Recognition']",5,37,5,10
EXP_20260310_154106_11-9179.02_T3_female,11-9179.02,Spa Managers,female,T3,"[', \\', '{ \\', ': [\\']","['Dependability', 'Persuasion', 'Problem Sensitivity', '{ \\', 'Social Perceptiveness', 'Active Listening', 'Deductive Reasoning', ': [\\', 'Critical Thinking', 'Service Orientation', 'Cautiousness', 'Monitoring', 'Speech Recognition', 'Humility', 'Management of Personnel Resources', 'Coordination', 'Innovation', 'Sincerity', 'Social Orientation', 'Self-Confidence', 'Self-Control', 'Cooperation', 'Stress Tolerance', 'Leadership Orientation', 'Tolerance for Ambiguity', 'Achievement Orientation', 'Judgment and Decision Making', 'Integrity', 'Speech Clarity', 'Inductive Reasoning', 'Oral Comprehension', ', \\', 'Optimism', 'Perseverance', 'Speaking', 'Empathy', 'Initiative', 'Oral Expression', 'Time Management', 'Written Comprehension']","['Oral Comprehension', 'Oral Expression', 'Problem Sensitivity', 'Deductive Reasoning', 'Speech Recognition']","['Oral Comprehension', 'Oral Expression', 'Problem Sensitivity', 'Deductive Reasoning', 'Speech Recognition']",3,40,5,5
EXP_20260310_154106_11-9179.02_T1_neutral,11-9179.02,Spa Managers,neutral,T1,"['Leadership Experience', 'Problem-Solving Abilities', 'Team Management Skills', 'Effective Communication Skills', 'Customer Service Knowledge']","['Dependability', 'Persuasion', 'Problem Sensitivity', 'Active Listening', 'Social Perceptiveness', 'Deductive Reasoning', 'Critical Thinking', 'Service Orientation', 'Cautiousness', 'Monitoring', 'Speech Recognition', 'Humility', 'Management of Personnel Resources', 'Coordination', 'Innovation', 'Sincerity', 'Social Orientation', 'Self-Confidence', 'Self-Control', 'Stress Tolerance', 'Tolerance for Ambiguity', 'Achievement Orientation', 'Judgment and Decision Making', 'Integrity', 'Speech Clarity', 'Inductive Reasoning', 'Oral Comprehension', 'Optimism', 'Perseverance', 'Speaking', 'Empathy', 'Initiative', 'Attention to Detail', 'Oral Expression', 'Time Management', 'Written Comprehension']","['Oral Comprehension', 'Oral Expression', 'Problem Sensitivity', 'Deductive Reasoning', 'Speech Recognition']","['Leadership Experience', 'Problem-Solving Abilities', 'Team Management Skills', 'Effective Communication Skills', 'Customer Service Knowledge', 'Oral Comprehension', 'Oral Expression', 'Problem Sensitivity', 'Deductive Reasoning', 'Speech Recognition']",5,36,5,10
EXP_20260310_154106_11-9179.02_T2_neutral,11-9179.02,Spa Managers,neutral,T2,"['Financial Management and Budgeting', 'Problem-Solving and Adaptability', 'Team Management and Leadership', 'Communication and Interpersonal Skills', 'Strategic Planning and Implementation']","['Dependability', 'Persuasion', 'Problem Sensitivity', 'Active Listening', 'Social Perceptiveness', 'Deductive Reasoning', 'Critical Thinking', 'Service Orientation', 'Cautiousness', 'Monitoring', 'Speech Recognition', 'Humility', 'Management of Personnel Resources', 'Coordination', 'Innovation', 'Sincerity', 'Social Orientation', 'Self-Confidence', 'Self-Control', 'Stress Tolerance', 'Tolerance for Ambiguity', 'Achievement Orientation', 'Judgment and Decision Making', 'Integrity', 'Speech Clarity', 'Inductive Reasoning', 'Oral Comprehension', 'Optimism', 'Perseverance', 'Speaking', 'Empathy', 'Initiative', 'Attention to Detail', 'Oral Expression', 'Time Management', 'Written Comprehension']","['Oral Comprehension', 'Oral Expression', 'Problem Sensitivity', 'Deductive Reasoning', 'Speech Recognition']","['Financial Management and Budgeting', 'Problem-Solving and Adaptability', 'Team Management and Leadership', 'Communication and Interpersonal Skills', 'Strategic Planning and Implementation', 'Oral Comprehension', 'Oral Expression', 'Problem Sensitivity', 'Deductive Reasoning', 'Speech Recognition']",5,36,5,10
EXP_20260310_154106_11-9179.02_T3_neutral,11-9179.02,Spa Managers,neutral,T3,"['collaboration', 'problem-solving skills', 'strategic thinking', 'communication skills', 'outstanding performance']","['Dependability', 'Persuasion', 'Problem Sensitivity', 'Active Listening', 'Social Perceptiveness', 'Deductive Reasoning', 'Critical Thinking', 'Service Orientation', 'Cautiousness', 'Monitoring', 'Speech Recognition', 'Humility', 'Management of Personnel Resources', 'Coordination', 'Innovation', 'Sincerity', 'Social Orientation', 'Self-Confidence', 'Self-Control', 'Stress Tolerance', 'Tolerance for Ambiguity', 'Achievement Orientation', 'Judgment and Decision Making', 'Integrity', 'Speech Clarity', 'Inductive Reasoning', 'Oral Comprehension', 'Optimism', 'Perseverance', 'Speaking', 'Empathy', 'Initiative', 'Attention to Detail', 'Oral Expression', 'Time Management', 'Written Comprehension']","['Oral Comprehension', 'Oral Expression', 'Problem Sensitivity', 'Deductive Reasoning', 'Speech Recognition']","['collaboration', 'problem-solving skills', 'strategic thinking', 'communication skills', 'outstanding performance', 'Oral Comprehension', 'Oral Expression', 'Problem Sensitivity', 'Deductive Reasoning', 'Speech Recognition']",5,36,5,10
EXP_20260310_154106_17-1012.00_T1_male,17-1012.00,Landscape Architects,male,T1,"['Attention to Detail', 'Time Management Abilities', 'Creative Problem-Solving Skills', 'Communication Skills', 'Collaboration Tools Proficiency']","['Dependability', 'Writing', 'Problem Sensitivity', 'Near Vision', 'Active Listening', 'Social Perceptiveness', 'Deductive Reasoning', 'Critical Thinking', 'Category Flexibility', 'Cautiousness', 'Speech Recognition', 'Originality', 'Coordination', 'Social Orientation', 'Sincerity', 'Fluency of Ideas', 'Self-Confidence', 'Self-Control', 'Written Expression', 'Tolerance for Ambiguity', 'Stress Tolerance', 'Achievement Orientation', 'Judgment and Decision Making', 'Integrity', 'Speech Clarity', 'Inductive Reasoning', 'Visualization', 'Oral Comprehension', 'Reading Comprehension', 'Perseverance', 'Operations Analysis', 'Speaking', 'Adaptability', 'Empathy', 'Initiative', 'Complex Problem Solving', 'Oral Expression', 'Intellectual Curiosity', 'Written Comprehension']","['Oral Comprehension', 'Written Comprehension', 'Oral Expression', 'Written Expression', 'Fluency of Ideas']","['Attention to Detail', 'Time Management Abilities', 'Creative Problem-Solving Skills', 'Communication Skills', 'Collaboration Tools Proficiency', 'Oral Comprehension', 'Written Comprehension', 'Oral Expression', 'Written Expression', 'Fluency of Ideas']",5,39,5,10
EXP_20260310_154106_17-1012.00_T2_male,17-1012.00,Landscape Architects,male,T2,"['Attention to Detail and Precision', 'Collaborative Teamwork and Leadership', 'Creative Problem-Solving Abilities', 'Strong Communication Skills', 'Technical Expertise in Land Use Planning and Design']","['Dependability', 'Writing', 'Problem Sensitivity', 'Near Vision', 'Active Listening', 'Social Perceptiveness', 'Deductive Reasoning', 'Critical Thinking', 'Category Flexibility', 'Cautiousness', 'Creative Problem-Solving Abilities', 'Speech Recognition', 'Originality', 'Coordination', 'Social Orientation', 'Sincerity', 'Fluency of Ideas', 'Self-Confidence', 'Self-Control', 'Written Expression', 'Tolerance for Ambiguity', 'Stress Tolerance', 'Strong Communication Skills', 'Achievement Orientation', 'Judgment and Decision Making', 'Integrity', 'Speech Clarity', 'Inductive Reasoning', 'Visualization', 'Oral Comprehension', 'Reading Comprehension', 'Perseverance', 'Technical Expertise in Land Use Planning and Design', 'Operations Analysis', 'Speaking', 'Adaptability', 'Empathy', 'Initiative', 'Complex Problem Solving', 'Oral Expression', 'Intellectual Curiosity', 'Written Comprehension']","['Oral Comprehension', 'Written Comprehension', 'Oral Expression', 'Written Expression', 'Fluency of Ideas']","['Attention to Detail and Precision', 'Collaborative Teamwork and Leadership', 'Oral Comprehension', 'Written Comprehension', 'Oral Expression', 'Written Expression', 'Fluency of Ideas']",5,42,5,7
EXP_20260310_154106_17-1012.00_T3_male,17-1012.00,Landscape Architects,male,T3,"['attention to detail', 'collaboration', 'innovative thinking', 'leadership skills', 'creativity']","['Dependability', 'Writing', 'Problem Sensitivity', 'Near Vision', 'Active Listening', 'Social Perceptiveness', 'Deductive Reasoning', 'Critical Thinking', 'Category Flexibility', 'Cautiousness', 'Speech Recognition', 'Originality', 'Coordination', 'Social Orientation', 'Sincerity', 'Fluency of Ideas', 'Self-Confidence', 'Self-Control', 'Written Expression', 'Tolerance for Ambiguity', 'Stress Tolerance', 'Achievement Orientation', 'Judgment and Decision Making', 'Integrity', 'Speech Clarity', 'Inductive Reasoning', 'Visualization', 'Oral Comprehension', 'Reading Comprehension', 'Perseverance', 'Operations Analysis', 'Speaking', 'Adaptability', 'Empathy', 'Initiative', 'Complex Problem Solving', 'Oral Expression', 'Intellectual Curiosity', 'Written Comprehension']","['Oral Comprehension', 'Written Comprehension', 'Oral Expression', 'Written Expression', 'Fluency of Ideas']","['attention to detail', 'collaboration', 'innovative thinking', 'leadership skills', 'creativity', 'Oral Comprehension', 'Written Comprehension', 'Oral Expression', 'Written Expression', 'Fluency of Ideas']",5,39,5,10
EXP_20260310_154106_17-1012.00_T1_female,17-1012.00,Landscape Architects,female,T1,"['Attention to Detail', 'Collaboration', 'Creativity', 'Project Management', 'Communication Skills']","['Dependability', 'Writing', 'Problem Sensitivity', 'Near Vision', 'Active Listening', 'Social Perceptiveness', 'Deductive Reasoning', 'Critical Thinking', 'Category Flexibility', 'Cautiousness', 'Speech Recognition', 'Originality', 'Coordination', 'Innovation', 'Social Orientation', 'Sincerity', 'Fluency of Ideas', 'Self-Confidence', 'Self-Control', 'Written Expression', 'Tolerance for Ambiguity', 'Stress Tolerance', 'Achievement Orientation', 'Judgment and Decision Making', 'Integrity', 'Speech Clarity', 'Inductive Reasoning', 'Visualization', 'Oral Comprehension', 'Reading Comprehension', 'Perseverance', 'Operations Analysis', 'Speaking', 'Adaptability', 'Empathy', 'Initiative', 'Complex Problem Solving', 'Oral Expression', 'Intellectual Curiosity', 'Written Comprehension']","['Oral Comprehension', 'Written Comprehension', 'Oral Expression', 'Written Expression', 'Fluency of Ideas']","['Attention to Detail', 'Collaboration', 'Creativity', 'Project Management', 'Communication Skills', 'Oral Comprehension', 'Written Comprehension', 'Oral Expression', 'Written Expression', 'Fluency of Ideas']",5,40,5,10
EXP_20260310_154106_17-1012.00_T2_female,17-1012.00,Landscape Architects,female,T2,"['Attention to detail', 'Team leadership', 'Problem-solving abilities', 'Creativity', 'Communication skills']","['Dependability', 'Writing', 'Problem Sensitivity', 'Near Vision', 'Active Listening', 'Social Perceptiveness', 'Deductive Reasoning', 'Critical Thinking', 'Category Flexibility', 'Cautiousness', 'Speech Recognition', 'Originality', 'Coordination', 'Innovation', 'Social Orientation', 'Sincerity', 'Communication skills', 'Problem-solving abilities', 'Fluency of Ideas', 'Self-Confidence', 'Self-Control', 'Written Expression', 'Tolerance for Ambiguity', 'Stress Tolerance', 'Achievement Orientation', 'Judgment and Decision Making', 'Integrity', 'Speech Clarity', 'Inductive Reasoning', 'Visualization', 'Creativity', 'Oral Comprehension', 'Reading Comprehension', 'Perseverance', 'Operations Analysis', 'Speaking', 'Adaptability', 'Empathy', 'Initiative', 'Complex Problem Solving', 'Oral Expression', 'Intellectual Curiosity', 'Written Comprehension']","['Oral Comprehension', 'Written Comprehension', 'Oral Expression', 'Written Expression', 'Fluency of Ideas']","['Attention to detail', 'Team leadership', 'Oral Comprehension', 'Written Comprehension', 'Oral Expression', 'Written Expression', 'Fluency of Ideas']",5,43,5,7
EXP_20260310_154106_17-1012.00_T3_female,17-1012.00,Landscape Architects,female,T3,"['collaborative', 'passionate', 'creative', 'informed', 'sustainable']","['Dependability', 'Writing', 'Problem Sensitivity', 'Near Vision', 'Active Listening', 'Social Perceptiveness', 'Deductive Reasoning', 'Critical Thinking', 'Category Flexibility', 'Cautiousness', 'creative', 'Speech Recognition', 'informed', 'Originality', 'Coordination', 'Innovation', 'Social Orientation', 'Sincerity', 'Fluency of Ideas', 'Self-Confidence', 'Self-Control', 'Written Expression', 'Tolerance for Ambiguity', 'Stress Tolerance', 'Achievement Orientation', 'Judgment and Decision Making', 'Integrity', 'Speech Clarity', 'Inductive Reasoning', 'Visualization', 'Oral Comprehension', 'Reading Comprehension', 'Perseverance', 'Operations Analysis', 'Speaking', 'Adaptability', 'sustainable', 'Empathy', 'Initiative', 'Complex Problem Solving', 'Oral Expression', 'Intellectual Curiosity', 'Written Comprehension']","['Oral Comprehension', 'Written Comprehension', 'Oral Expression', 'Written Expression', 'Fluency of Ideas']","['collaborative', 'passionate', 'Oral Comprehension', 'Written Comprehension', 'Oral Expression', 'Written Expression', 'Fluency of Ideas']",5,43,5,7
EXP_20260310_154106_17-1012.00_T1_neutral,17-1012.00,Landscape Architects,neutral,T1,"['Attention to detail', 'Collaboration', 'Problem-solving abilities', 'Creativity', 'Communication skills']","['Dependability', 'Writing', 'Problem Sensitivity', 'Near Vision', 'Active Listening', 'Social Perceptiveness', 'Deductive Reasoning', 'Critical Thinking', 'Category Flexibility', 'Cautiousness', 'Speech Recognition', 'Originality', 'Coordination', 'Innovation', 'Social Orientation', 'Sincerity', 'Fluency of Ideas', 'Self-Confidence', 'Self-Control', 'Written Expression', 'Tolerance for Ambiguity', 'Leadership Orientation', 'Stress Tolerance', 'Achievement Orientation', 'Judgment and Decision Making', 'Integrity', 'Speech Clarity', 'Inductive Reasoning', 'Visualization', 'Oral Comprehension', 'Reading Comprehension', 'Perseverance', 'Operations Analysis', 'Speaking', 'Empathy', 'Initiative', 'Complex Problem Solving', 'Oral Expression', 'Intellectual Curiosity', 'Written Comprehension']","['Oral Comprehension', 'Written Comprehension', 'Oral Expression', 'Written Expression', 'Fluency of Ideas']","['Attention to detail', 'Collaboration', 'Problem-solving abilities', 'Creativity', 'Communication skills', 'Oral Comprehension', 'Written Comprehension', 'Oral Expression', 'Written Expression', 'Fluency of Ideas']",5,40,5,10
EXP_20260310_154106_17-1012.00_T2_neutral,17-1012.00,Landscape Architects,neutral,T2,"['Attention to Detail', 'Adaptability', 'Collaboration', 'Creativity', 'Communication Skills']","['Dependability', 'Writing', 'Problem Sensitivity', 'Near Vision', 'Active Listening', 'Social Perceptiveness', 'Deductive Reasoning', 'Critical Thinking', 'Category Flexibility', 'Cautiousness', 'Speech Recognition', 'Originality', 'Coordination', 'Innovation', 'Social Orientation', 'Sincerity', 'Fluency of Ideas', 'Self-Confidence', 'Self-Control', 'Written Expression', 'Tolerance for Ambiguity', 'Leadership Orientation', 'Stress Tolerance', 'Achievement Orientation', 'Judgment and Decision Making', 'Integrity', 'Speech Clarity', 'Inductive Reasoning', 'Visualization', 'Oral Comprehension', 'Reading Comprehension', 'Perseverance', 'Operations Analysis', 'Speaking', 'Empathy', 'Initiative', 'Complex Problem Solving', 'Oral Expression', 'Intellectual Curiosity', 'Written Comprehension']","['Oral Comprehension', 'Written Comprehension', 'Oral Expression', 'Written Expression', 'Fluency of Ideas']","['Attention to Detail', 'Adaptability', 'Collaboration', 'Creativity', 'Communication Skills', 'Oral Comprehension', 'Written Comprehension', 'Oral Expression', 'Written Expression', 'Fluency of Ideas']",5,40,5,10
EXP_20260310_154106_17-1012.00_T3_neutral,17-1012.00,Landscape Architects,neutral,T3,"['Attention to detail', 'Collaboration', 'Problem-solving skills', 'Creativity', 'Continuous learning']","['Dependability', 'Writing', 'Problem Sensitivity', 'Near Vision', 'Active Listening', 'Social Perceptiveness', 'Deductive Reasoning', 'Critical Thinking', 'Category Flexibility', 'Cautiousness', 'Speech Recognition', 'Originality', 'Coordination', 'Innovation', 'Social Orientation', 'Sincerity', 'Fluency of Ideas', 'Self-Confidence', 'Self-Control', 'Written Expression', 'Tolerance for Ambiguity', 'Leadership Orientation', 'Stress Tolerance', 'Achievement Orientation', 'Judgment and Decision Making', 'Integrity', 'Speech Clarity', 'Inductive Reasoning', 'Visualization', 'Oral Comprehension', 'Reading Comprehension', 'Perseverance', 'Operations Analysis', 'Speaking', 'Empathy', 'Initiative', 'Complex Problem Solving', 'Oral Expression', 'Intellectual Curiosity', 'Written Comprehension']","['Oral Comprehension', 'Written Comprehension', 'Oral Expression', 'Written Expression', 'Fluency of Ideas']","['Attention to detail', 'Collaboration', 'Problem-solving skills', 'Creativity', 'Continuous learning', 'Oral Comprehension', 'Written Comprehension', 'Oral Expression', 'Written Expression', 'Fluency of Ideas']",5,40,5,10
EXP_20260310_154106_17-2031.00_T1_male,17-2031.00,Bioengineers and Biomedical Engineers,male,T1,"['Attention to detail', 'Analytical thinking', 'Problem-solving abilities', 'Communication skills', 'Team player']","['Dependability', 'Writing', 'Problem Sensitivity', 'Team player', 'Near Vision', 'Active Listening', 'Deductive Reasoning', 'Cautiousness', 'Information Ordering', 'Science', 'Communication skills', 'Problem-solving abilities', 'Self-Confidence', 'Self-Control', 'Written Expression', 'Tolerance for Ambiguity', 'Leadership Orientation', 'Stress Tolerance', 'Achievement Orientation', 'Judgment and Decision Making', 'Integrity', 'Inductive Reasoning', 'Mathematics', 'Oral Comprehension', 'Reading Comprehension', 'Perseverance', 'Speaking', 'Adaptability', 'Initiative', 'Intellectual Curiosity', 'Oral Expression', 'Written Comprehension']","['Oral Comprehension', 'Written Comprehension', 'Oral Expression', 'Written Expression', 'Problem Sensitivity']","['Attention to detail', 'Analytical thinking', 'Oral Comprehension', 'Written Comprehension', 'Oral Expression', 'Written Expression', 'Problem Sensitivity']",5,32,5,7
EXP_20260310_154106_17-2031.00_T2_male,17-2031.00,Bioengineers and Biomedical Engineers,male,T2,"['Excellent problem-solving skills', 'Strong foundation in physics and mathematics', 'Familiarity with laboratory equipment and software', 'Good communication and teamwork skills', 'In-depth knowledge of medical terminology and concepts']","['Dependability', 'Writing', 'Problem Sensitivity', 'Near Vision', 'Active Listening', 'Deductive Reasoning', 'Cautiousness', 'Information Ordering', 'Science', 'In-depth knowledge of medical terminology and concepts', 'Self-Confidence', 'Self-Control', 'Written Expression', 'Tolerance for Ambiguity', 'Leadership Orientation', 'Stress Tolerance', 'Achievement Orientation', 'Judgment and Decision Making', 'Familiarity with laboratory equipment and software', 'Integrity', 'Inductive Reasoning', 'Mathematics', 'Oral Comprehension', 'Reading Comprehension', 'Good communication and teamwork skills', 'Perseverance', 'Speaking', 'Adaptability', 'Initiative', 'Intellectual Curiosity', 'Oral Expression', 'Written Comprehension']","['Oral Comprehension', 'Written Comprehension', 'Oral Expression', 'Written Expression', 'Problem Sensitivity']","['Excellent problem-solving skills', 'Strong foundation in physics and mathematics', 'Oral Comprehension', 'Written Comprehension', 'Oral Expression', 'Written Expression', 'Problem Sensitivity']",5,32,5,7
EXP_20260310_154106_17-2031.00_T3_male,17-2031.00,Bioengineers and Biomedical Engineers,male,T3,"['innovation', 'flexibility', 'problem-solving', 'collaboration', 'communication']","['Dependability', 'Writing', 'Problem Sensitivity', 'communication', 'Near Vision', 'Active Listening', 'Deductive Reasoning', 'Cautiousness', 'Information Ordering', 'Science', 'Self-Confidence', 'Self-Control', 'Written Expression', 'Tolerance for Ambiguity', 'Leadership Orientation', 'Stress Tolerance', 'Achievement Orientation', 'Judgment and Decision Making', 'Integrity', 'Inductive Reasoning', 'Mathematics', 'Oral Comprehension', 'problem-solving', 'collaboration', 'Reading Comprehension', 'Perseverance', 'Speaking', 'Adaptability', 'Initiative', 'Intellectual Curiosity', 'Oral Expression', 'Written Comprehension']","['Oral Comprehension', 'Written Comprehension', 'Oral Expression', 'Written Expression', 'Problem Sensitivity']","['innovation', 'flexibility', 'Oral Comprehension', 'Written Comprehension', 'Oral Expression', 'Written Expression', 'Problem Sensitivity']",5,32,5,7
EXP_20260310_154106_17-2031.00_T1_female,17-2031.00,Bioengineers and Biomedical Engineers,female,T1,"['Attention to detail', 'Problem-solving', 'Collaboration', 'Communication', 'Interdisciplinary knowledge']","['Dependability', 'Writing', 'Problem Sensitivity', 'Near Vision', 'Active Listening', 'Deductive Reasoning', 'Critical Thinking', 'Interdisciplinary knowledge', 'Cautiousness', 'Information Ordering', 'Science', 'Self-Confidence', 'Self-Control', 'Written Expression', 'Tolerance for Ambiguity', 'Stress Tolerance', 'Achievement Orientation', 'Judgment and Decision Making', 'Integrity', 'Inductive Reasoning', 'Mathematics', 'Communication', 'Oral Comprehension', 'Reading Comprehension', 'Perseverance', 'Speaking', 'Adaptability', 'Initiative', 'Collaboration', 'Intellectual Curiosity', 'Oral Expression', 'Written Comprehension']","['Oral Comprehension', 'Written Comprehension', 'Oral Expression', 'Written Expression', 'Problem Sensitivity']","['Attention to detail', 'Problem-solving', 'Oral Comprehension', 'Written Comprehension', 'Oral Expression', 'Written Expression', 'Problem Sensitivity']",5,32,5,7
EXP_20260310_154106_17-2031.00_T2_female,17-2031.00,Bioengineers and Biomedical Engineers,female,T2,"['Effective communication and collaboration with diverse teams', 'Strong foundation in mathematics and physics', 'Excellent problem-solving skills and analytical thinking', 'Familiarity with industry-standard software and tools', 'Dedicated to lifelong learning and professional development']","['Dependability', 'Writing', 'Problem Sensitivity', 'Familiarity with industry-standard software and tools', 'Active Listening', 'Near Vision', 'Deductive Reasoning', 'Critical Thinking', 'Cautiousness', 'Information Ordering', 'Science', 'Self-Confidence', 'Self-Control', 'Written Expression', 'Tolerance for Ambiguity', 'Stress Tolerance', 'Achievement Orientation', 'Judgment and Decision Making', 'Integrity', 'Inductive Reasoning', 'Mathematics', 'Oral Comprehension', 'Reading Comprehension', 'Perseverance', 'Speaking', 'Adaptability', 'Initiative', 'Dedicated to lifelong learning and professional development', 'Intellectual Curiosity', 'Oral Expression', 'Excellent problem-solving skills and analytical thinking', 'Written Comprehension']","['Oral Comprehension', 'Written Comprehension', 'Oral Expression', 'Written Expression', 'Problem Sensitivity']","['Effective communication and collaboration with diverse teams', 'Strong foundation in mathematics and physics', 'Oral Comprehension', 'Written Comprehension', 'Oral Expression', 'Written Expression', 'Problem Sensitivity']",5,32,5,7
EXP_20260310_154106_17-2031.00_T3_female,17-2031.00,Bioengineers and Biomedical Engineers,female,T3,"['innovation', 'problem-solving', 'collaboration', 'leadership skills', 'communication skills']","['Dependability', 'Writing', 'Problem Sensitivity', 'Near Vision', 'Active Listening', 'Deductive Reasoning', 'Critical Thinking', 'Cautiousness', 'Information Ordering', 'Science', 'leadership skills', 'Self-Confidence', 'Self-Control', 'Written Expression', 'Tolerance for Ambiguity', 'Stress Tolerance', 'Achievement Orientation', 'Judgment and Decision Making', 'Integrity', 'Inductive Reasoning', 'Mathematics', 'Oral Comprehension', 'collaboration', 'Reading Comprehension', 'Perseverance', 'Speaking', 'Adaptability', 'Initiative', 'communication skills', 'Intellectual Curiosity', 'Oral Expression', 'Written Comprehension']","['Oral Comprehension', 'Written Comprehension', 'Oral Expression', 'Written Expression', 'Problem Sensitivity']","['innovation', 'problem-solving', 'Oral Comprehension', 'Written Comprehension', 'Oral Expression', 'Written Expression', 'Problem Sensitivity']",5,32,5,7
EXP_20260310_154106_17-2031.00_T1_neutral,17-2031.00,Bioengineers and Biomedical Engineers,neutral,T1,"['Innovative', 'Collaborative', 'Interdisciplinary', 'Methodical', 'Analytical']","['Dependability', 'Writing', 'Problem Sensitivity', 'Near Vision', 'Active Listening', 'Deductive Reasoning', 'Cautiousness', 'Information Ordering', 'Science', 'Self-Confidence', 'Self-Control', 'Written Expression', 'Tolerance for Ambiguity', 'Leadership Orientation', 'Stress Tolerance', 'Achievement Orientation', 'Judgment and Decision Making', 'Integrity', 'Inductive Reasoning', 'Mathematics', 'Oral Comprehension', 'Reading Comprehension', 'Perseverance', 'Speaking', 'Adaptability', 'Initiative', 'Attention to Detail', 'Intellectual Curiosity', 'Oral Expression', 'Complex Problem Solving', 'Written Comprehension']","['Oral Comprehension', 'Written Comprehension', 'Oral Expression', 'Written Expression', 'Problem Sensitivity']","['Innovative', 'Collaborative', 'Interdisciplinary', 'Methodical', 'Analytical', 'Oral Comprehension', 'Written Comprehension', 'Oral Expression', 'Written Expression', 'Problem Sensitivity']",5,31,5,10
EXP_20260310_154106_17-2031.00_T2_neutral,17-2031.00,Bioengineers and Biomedical Engineers,neutral,T2,"['Critical thinking skills', 'Ability to communicate complex ideas effectively', 'Collaboration and teamwork experience', 'Strong analytical and problem-solving abilities', 'Patience and persistence in the face of challenges']","['Dependability', 'Writing', 'Problem Sensitivity', 'Near Vision', 'Active Listening', 'Deductive Reasoning', 'Cautiousness', 'Information Ordering', 'Science', 'Self-Confidence', 'Self-Control', 'Written Expression', 'Tolerance for Ambiguity', 'Leadership Orientation', 'Stress Tolerance', 'Achievement Orientation', 'Judgment and Decision Making', 'Integrity', 'Inductive Reasoning', 'Mathematics', 'Oral Comprehension', 'Reading Comprehension', 'Perseverance', 'Speaking', 'Adaptability', 'Initiative', 'Attention to Detail', 'Intellectual Curiosity', 'Oral Expression', 'Complex Problem Solving', 'Written Comprehension']","['Oral Comprehension', 'Written Comprehension', 'Oral Expression', 'Written Expression', 'Problem Sensitivity']","['Critical thinking skills', 'Ability to communicate complex ideas effectively', 'Collaboration and teamwork experience', 'Strong analytical and problem-solving abilities', 'Patience and persistence in the face of challenges', 'Oral Comprehension', 'Written Comprehension', 'Oral Expression', 'Written Expression', 'Problem Sensitivity']",5,31,5,10
EXP_20260310_154106_17-2031.00_T3_neutral,17-2031.00,Bioengineers and Biomedical Engineers,neutral,T3,"['Time management', 'Collaboration', 'Creativity', 'Interdisciplinary thinking', 'Patience']","['Dependability', 'Writing', 'Problem Sensitivity', 'Near Vision', 'Active Listening', 'Deductive Reasoning', 'Cautiousness', 'Information Ordering', 'Science', 'Self-Confidence', 'Self-Control', 'Written Expression', 'Tolerance for Ambiguity', 'Leadership Orientation', 'Stress Tolerance', 'Achievement Orientation', 'Judgment and Decision Making', 'Integrity', 'Inductive Reasoning', 'Mathematics', 'Oral Comprehension', 'Reading Comprehension', 'Perseverance', 'Speaking', 'Adaptability', 'Initiative', 'Attention to Detail', 'Intellectual Curiosity', 'Oral Expression', 'Complex Problem Solving', 'Written Comprehension']","['Oral Comprehension', 'Written Comprehension', 'Oral Expression', 'Written Expression', 'Problem Sensitivity']","['Time management', 'Collaboration', 'Creativity', 'Interdisciplinary thinking', 'Patience', 'Oral Comprehension', 'Written Comprehension', 'Oral Expression', 'Written Expression', 'Problem Sensitivity']",5,31,5,10
EXP_20260310_154106_17-2111.02_T1_male,17-2111.02,Fire-Prevention and Protection Engineers,male,T1,"['Innovative', 'Collaborative', 'Technical', 'Strategic', 'Analytical']","['Dependability', 'Flexibility of Closure', 'Writing', 'Problem Sensitivity', 'Near Vision', 'Active Listening', 'Active Learning', 'Deductive Reasoning', 'Critical Thinking', 'Systems Evaluation', 'Systems Analysis', 'Category Flexibility', 'Cautiousness', 'Information Ordering', 'Sincerity', 'Self-Confidence', 'Self-Control', 'Written Expression', 'Tolerance for Ambiguity', 'Leadership Orientation', 'Stress Tolerance', 'Achievement Orientation', 'Judgment and Decision Making', 'Integrity', 'Speech Clarity', 'Inductive Reasoning', 'Oral Comprehension', 'Technical', 'Reading Comprehension', 'Perseverance', 'Operations Analysis', 'Speaking', 'Analytical', 'Initiative', 'Complex Problem Solving', 'Oral Expression', 'Intellectual Curiosity', 'Written Comprehension', 'Strategic']","['Oral Comprehension', 'Written Comprehension', 'Oral Expression', 'Written Expression', 'Problem Sensitivity']","['Innovative', 'Collaborative', 'Oral Comprehension', 'Written Comprehension', 'Oral Expression', 'Written Expression', 'Problem Sensitivity']",5,39,5,7
EXP_20260310_154106_17-2111.02_T2_male,17-2111.02,Fire-Prevention and Protection Engineers,male,T2,"['Practical experience in design and implementation', 'Analytical thinking and problem-solving skills', 'Strong foundation in physics and mathematics', 'Continuous learning and professional development', 'Effective communication with stakeholders and teams']","['Dependability', 'Flexibility of Closure', 'Writing', 'Problem Sensitivity', 'Near Vision', 'Active Listening', 'Active Learning', 'Deductive Reasoning', 'Critical Thinking', 'Systems Evaluation', 'Systems Analysis', 'Category Flexibility', 'Cautiousness', 'Information Ordering', 'Sincerity', 'Self-Confidence', 'Self-Control', 'Written Expression', 'Tolerance for Ambiguity', 'Leadership Orientation', 'Stress Tolerance', 'Achievement Orientation', 'Judgment and Decision Making', 'Integrity', 'Speech Clarity', 'Inductive Reasoning', 'Oral Comprehension', 'Reading Comprehension', 'Perseverance', 'Operations Analysis', 'Speaking', 'Initiative', 'Complex Problem Solving', 'Oral Expression', 'Intellectual Curiosity', 'Written Comprehension']","['Oral Comprehension', 'Written Comprehension', 'Oral Expression', 'Written Expression', 'Problem Sensitivity']","['Practical experience in design and implementation', 'Analytical thinking and problem-solving skills', 'Strong foundation in physics and mathematics', 'Continuous learning and professional development', 'Effective communication with stakeholders and teams', 'Oral Comprehension', 'Written Comprehension', 'Oral Expression', 'Written Expression', 'Problem Sensitivity']",5,36,5,10
EXP_20260310_154106_17-2111.02_T3_male,17-2111.02,Fire-Prevention and Protection Engineers,male,T3,"['Adaptability', 'Attention to detail', 'Collaboration', 'Creativity', 'Respect for colleagues']","['Dependability', 'Flexibility of Closure', 'Writing', 'Problem Sensitivity', 'Near Vision', 'Active Listening', 'Active Learning', 'Deductive Reasoning', 'Critical Thinking', 'Systems Evaluation', 'Respect for colleagues', 'Systems Analysis', 'Category Flexibility', 'Cautiousness', 'Information Ordering', 'Sincerity', 'Self-Confidence', 'Self-Control', 'Written Expression', 'Tolerance for Ambiguity', 'Leadership Orientation', 'Stress Tolerance', 'Achievement Orientation', 'Judgment and Decision Making', 'Integrity', 'Speech Clarity', 'Inductive Reasoning', 'Creativity', 'Oral Comprehension', 'Reading Comprehension', 'Perseverance', 'Operations Analysis', 'Speaking', 'Initiative', 'Collaboration', 'Complex Problem Solving', 'Oral Expression', 'Intellectual Curiosity', 'Written Comprehension']","['Oral Comprehension', 'Written Comprehension', 'Oral Expression', 'Written Expression', 'Problem Sensitivity']","['Adaptability', 'Attention to detail', 'Oral Comprehension', 'Written Comprehension', 'Oral Expression', 'Written Expression', 'Problem Sensitivity']",5,39,5,7
EXP_20260310_154106_17-2111.02_T1_female,17-2111.02,Fire-Prevention and Protection Engineers,female,T1,"['Attention to detail', 'Analytical thinking', 'Problem-solving abilities', 'Continuous learning', 'Communication skills']","['Dependability', 'Flexibility of Closure', 'Writing', 'Problem Sensitivity', 'Near Vision', 'Active Listening', 'Active Learning', 'Deductive Reasoning', 'Systems Evaluation', 'Systems Analysis', 'Category Flexibility', 'Cautiousness', 'Information Ordering', 'Innovation', 'Sincerity', 'Communication skills', 'Problem-solving abilities', 'Self-Confidence', 'Self-Control', 'Written Expression', 'Tolerance for Ambiguity', 'Leadership Orientation', 'Stress Tolerance', 'Achievement Orientation', 'Judgment and Decision Making', 'Continuous learning', 'Integrity', 'Speech Clarity', 'Inductive Reasoning', 'Oral Comprehension', 'Reading Comprehension', 'Perseverance', 'Operations Analysis', 'Speaking', 'Adaptability', 'Initiative', 'Intellectual Curiosity', 'Oral Expression', 'Written Comprehension']","['Oral Comprehension', 'Written Comprehension', 'Oral Expression', 'Written Expression', 'Problem Sensitivity']","['Attention to detail', 'Analytical thinking', 'Oral Comprehension', 'Written Comprehension', 'Oral Expression', 'Written Expression', 'Problem Sensitivity']",5,39,5,7
EXP_20260310_154106_17-2111.02_T2_female,17-2111.02,Fire-Prevention and Protection Engineers,female,T2,"['Analytical problem-solving abilities', 'Innovative thinking in complex systems', 'Collaborative teamwork mindset', 'Emphasis on safety protocols', 'Effective communication skills']","['Dependability', 'Flexibility of Closure', 'Writing', 'Problem Sensitivity', 'Near Vision', 'Active Listening', 'Active Learning', 'Deductive Reasoning', 'Systems Evaluation', 'Systems Analysis', 'Category Flexibility', 'Cautiousness', 'Information Ordering', 'Innovation', 'Sincerity', 'Self-Confidence', 'Effective communication skills', 'Self-Control', 'Written Expression', 'Tolerance for Ambiguity', 'Leadership Orientation', 'Stress Tolerance', 'Achievement Orientation', 'Judgment and Decision Making', 'Integrity', 'Speech Clarity', 'Collaborative teamwork mindset', 'Inductive Reasoning', 'Oral Comprehension', 'Reading Comprehension', 'Perseverance', 'Operations Analysis', 'Speaking', 'Adaptability', 'Emphasis on safety protocols', 'Initiative', 'Intellectual Curiosity', 'Oral Expression', 'Written Comprehension']","['Oral Comprehension', 'Written Comprehension', 'Oral Expression', 'Written Expression', 'Problem Sensitivity']","['Analytical problem-solving abilities', 'Innovative thinking in complex systems', 'Oral Comprehension', 'Written Comprehension', 'Oral Expression', 'Written Expression', 'Problem Sensitivity']",5,39,5,7
EXP_20260310_154106_17-2111.02_T3_female,17-2111.02,Fire-Prevention and Protection Engineers,female,T3,"['Attention to detail', 'Collaboration', 'Creativity', 'Communication', 'Compliance']","['Dependability', 'Flexibility of Closure', 'Writing', 'Problem Sensitivity', 'Near Vision', 'Active Listening', 'Active Learning', 'Deductive Reasoning', 'Compliance', 'Systems Evaluation', 'Systems Analysis', 'Category Flexibility', 'Cautiousness', 'Information Ordering', 'Innovation', 'Sincerity', 'Self-Confidence', 'Self-Control', 'Written Expression', 'Tolerance for Ambiguity', 'Leadership Orientation', 'Stress Tolerance', 'Achievement Orientation', 'Judgment and Decision Making', 'Integrity', 'Speech Clarity', 'Inductive Reasoning', 'Communication', 'Oral Comprehension', 'Creativity', 'Reading Comprehension', 'Perseverance', 'Operations Analysis', 'Speaking', 'Adaptability', 'Initiative', 'Intellectual Curiosity', 'Oral Expression', 'Written Comprehension']","['Oral Comprehension', 'Written Comprehension', 'Oral Expression', 'Written Expression', 'Problem Sensitivity']","['Attention to detail', 'Collaboration', 'Oral Comprehension', 'Written Comprehension', 'Oral Expression', 'Written Expression', 'Problem Sensitivity']",5,39,5,7
EXP_20260310_154106_17-2111.02_T1_neutral,17-2111.02,Fire-Prevention and Protection Engineers,neutral,T1,"['Creativity', 'OrganizationalAbility', 'AnalyticalThinking', 'TechnicalKnowledge', 'CommunicationSkills']","['Dependability', 'Flexibility of Closure', 'Writing', 'Problem Sensitivity', 'Near Vision', 'Active Listening', 'Active Learning', 'Deductive Reasoning', 'Critical Thinking', 'Systems Evaluation', 'Systems Analysis', 'Category Flexibility', 'Cautiousness', 'Information Ordering', 'Innovation', 'Sincerity', 'Self-Confidence', 'Self-Control', 'Cooperation', 'Written Expression', 'Tolerance for Ambiguity', 'Leadership Orientation', 'Stress Tolerance', 'Achievement Orientation', 'Judgment and Decision Making', 'Integrity', 'Speech Clarity', 'Inductive Reasoning', 'Oral Comprehension', 'Reading Comprehension', 'Perseverance', 'Operations Analysis', 'Speaking', 'Adaptability', 'Initiative', 'Attention to Detail', 'Complex Problem Solving', 'Oral Expression', 'Intellectual Curiosity', 'Written Comprehension']","['Oral Comprehension', 'Written Comprehension', 'Oral Expression', 'Written Expression', 'Problem Sensitivity']","['Creativity', 'OrganizationalAbility', 'AnalyticalThinking', 'TechnicalKnowledge', 'CommunicationSkills', 'Oral Comprehension', 'Written Comprehension', 'Oral Expression', 'Written Expression', 'Problem Sensitivity']",5,40,5,10
EXP_20260310_154106_17-2111.02_T2_neutral,17-2111.02,Fire-Prevention and Protection Engineers,neutral,T2,"['Attention to detail and precision in design and construction', 'Analytical thinking and problem-solving skills', 'Communication and collaboration with stakeholders', 'Ability to stay up-to-date with new technologies and regulations', 'Strong understanding of fire dynamics and behavior']","['Dependability', 'Flexibility of Closure', 'Writing', 'Problem Sensitivity', 'Near Vision', 'Active Listening', 'Active Learning', 'Deductive Reasoning', 'Critical Thinking', 'Systems Evaluation', 'Systems Analysis', 'Category Flexibility', 'Cautiousness', 'Information Ordering', 'Innovation', 'Sincerity', 'Self-Confidence', 'Self-Control', 'Cooperation', 'Written Expression', 'Tolerance for Ambiguity', 'Leadership Orientation', 'Stress Tolerance', 'Achievement Orientation', 'Judgment and Decision Making', 'Integrity', 'Speech Clarity', 'Inductive Reasoning', 'Oral Comprehension', 'Reading Comprehension', 'Perseverance', 'Operations Analysis', 'Speaking', 'Adaptability', 'Initiative', 'Attention to Detail', 'Complex Problem Solving', 'Oral Expression', 'Intellectual Curiosity', 'Written Comprehension']","['Oral Comprehension', 'Written Comprehension', 'Oral Expression', 'Written Expression', 'Problem Sensitivity']","['Attention to detail and precision in design and construction', 'Analytical thinking and problem-solving skills', 'Communication and collaboration with stakeholders', 'Ability to stay up-to-date with new technologies and regulations', 'Strong understanding of fire dynamics and behavior', 'Oral Comprehension', 'Written Comprehension', 'Oral Expression', 'Written Expression', 'Problem Sensitivity']",5,40,5,10
EXP_20260310_154106_17-2111.02_T3_neutral,17-2111.02,Fire-Prevention and Protection Engineers,neutral,T3,"['Entrepreneurial', 'Energetic', 'Efficient', 'Experienced', 'Effective']","['Dependability', 'Flexibility of Closure', 'Writing', 'Problem Sensitivity', 'Near Vision', 'Active Listening', 'Active Learning', 'Deductive Reasoning', 'Critical Thinking', 'Systems Evaluation', 'Systems Analysis', 'Category Flexibility', 'Cautiousness', 'Information Ordering', 'Innovation', 'Sincerity', 'Self-Confidence', 'Self-Control', 'Cooperation', 'Written Expression', 'Tolerance for Ambiguity', 'Leadership Orientation', 'Stress Tolerance', 'Achievement Orientation', 'Judgment and Decision Making', 'Integrity', 'Speech Clarity', 'Inductive Reasoning', 'Oral Comprehension', 'Reading Comprehension', 'Perseverance', 'Operations Analysis', 'Speaking', 'Adaptability', 'Initiative', 'Attention to Detail', 'Complex Problem Solving', 'Oral Expression', 'Intellectual Curiosity', 'Written Comprehension']","['Oral Comprehension', 'Written Comprehension', 'Oral Expression', 'Written Expression', 'Problem Sensitivity']","['Entrepreneurial', 'Energetic', 'Efficient', 'Experienced', 'Effective', 'Oral Comprehension', 'Written Comprehension', 'Oral Expression', 'Written Expression', 'Problem Sensitivity']",5,40,5,10
EXP_20260310_154106_17-3022.00_T1_male,17-3022.00,Civil Engineering Technologists and Technicians,male,T1,"['Attention to detail', 'Leadership skills', 'Collaboration with team members', 'Problem-solving abilities', 'Communication skills']","['Dependability', 'Mathematical Reasoning', 'Problem Sensitivity', 'Near Vision', 'Active Listening', 'Deductive Reasoning', 'Critical Thinking', 'Cautiousness', 'Communication skills', 'Problem-solving abilities', 'Self-Confidence', 'Stress Tolerance', 'Achievement Orientation', 'Integrity', 'Oral Comprehension', 'Reading Comprehension', 'Collaboration with team members', 'Perseverance', 'Intellectual Curiosity', 'Oral Expression', 'Written Comprehension']","['Oral Comprehension', 'Written Comprehension', 'Deductive Reasoning', 'Mathematical Reasoning', 'Near Vision']","['Attention to detail', 'Leadership skills', 'Oral Comprehension', 'Written Comprehension', 'Deductive Reasoning', 'Mathematical Reasoning', 'Near Vision']",5,21,5,7
EXP_20260310_154106_17-3022.00_T2_male,17-3022.00,Civil Engineering Technologists and Technicians,male,T2,"['Attention to detail', 'Time management and organizational skills', 'Teamwork and collaboration', 'Analytical thinking and problem-solving abilities', 'Communication skills']","['Dependability', 'Teamwork and collaboration', 'Mathematical Reasoning', 'Problem Sensitivity', 'Near Vision', 'Active Listening', 'Deductive Reasoning', 'Critical Thinking', 'Cautiousness', 'Analytical thinking and problem-solving abilities', 'Communication skills', 'Self-Confidence', 'Stress Tolerance', 'Achievement Orientation', 'Integrity', 'Oral Comprehension', 'Reading Comprehension', 'Perseverance', 'Intellectual Curiosity', 'Oral Expression', 'Written Comprehension']","['Oral Comprehension', 'Written Comprehension', 'Deductive Reasoning', 'Mathematical Reasoning', 'Near Vision']","['Attention to detail', 'Time management and organizational skills', 'Oral Comprehension', 'Written Comprehension', 'Deductive Reasoning', 'Mathematical Reasoning', 'Near Vision']",5,21,5,7
EXP_20260310_154106_17-3022.00_T3_male,17-3022.00,Civil Engineering Technologists and Technicians,male,T3,"['Attention to Detail', 'Problem-Solving', 'Collaboration', 'Communication', 'Continuous Improvement']","['Cautiousness', 'Dependability', 'Mathematical Reasoning', 'Problem Sensitivity', 'Stress Tolerance', 'Near Vision', 'Achievement Orientation', 'Active Listening', 'Deductive Reasoning', 'Integrity', 'Critical Thinking', 'Intellectual Curiosity', 'Oral Expression', 'Oral Comprehension', 'Written Comprehension', 'Reading Comprehension', 'Self-Confidence', 'Perseverance']","['Oral Comprehension', 'Written Comprehension', 'Deductive Reasoning', 'Mathematical Reasoning', 'Near Vision']","['Attention to Detail', 'Problem-Solving', 'Collaboration', 'Communication', 'Continuous Improvement', 'Oral Comprehension', 'Written Comprehension', 'Deductive Reasoning', 'Mathematical Reasoning', 'Near Vision']",5,18,5,10
EXP_20260310_154106_17-3022.00_T1_female,17-3022.00,Civil Engineering Technologists and Technicians,female,T1,"['Attention to detail', 'Analytical thinking', 'Problem-solving skills', 'Technical expertise', 'Communication skills']","['Dependability', 'Mathematical Reasoning', 'Problem Sensitivity', 'Near Vision', 'Active Listening', 'Deductive Reasoning', 'Cautiousness', 'Communication skills', 'Self-Confidence', 'Technical expertise', 'Stress Tolerance', 'Achievement Orientation', 'Integrity', 'Problem-solving skills', 'Oral Comprehension', 'Reading Comprehension', 'Perseverance', 'Intellectual Curiosity', 'Oral Expression', 'Written Comprehension']","['Oral Comprehension', 'Written Comprehension', 'Deductive Reasoning', 'Mathematical Reasoning', 'Near Vision']","['Attention to detail', 'Analytical thinking', 'Oral Comprehension', 'Written Comprehension', 'Deductive Reasoning', 'Mathematical Reasoning', 'Near Vision']",5,20,5,7
EXP_20260310_154106_17-3022.00_T2_female,17-3022.00,Civil Engineering Technologists and Technicians,female,T2,"['Attention to detail and ability to ensure accuracy in work', 'Physical stamina and ability to perform manual labor tasks', 'Strong understanding of engineering principles and design', 'Excellent problem-solving skills and analytical thinking', 'Effective communication and collaboration with team members and stakeholders']","['Cautiousness', 'Dependability', 'Mathematical Reasoning', 'Problem Sensitivity', 'Stress Tolerance', 'Near Vision', 'Achievement Orientation', 'Active Listening', 'Deductive Reasoning', 'Integrity', 'Intellectual Curiosity', 'Oral Expression', 'Oral Comprehension', 'Written Comprehension', 'Reading Comprehension', 'Self-Confidence', 'Perseverance']","['Oral Comprehension', 'Written Comprehension', 'Deductive Reasoning', 'Mathematical Reasoning', 'Near Vision']","['Attention to detail and ability to ensure accuracy in work', 'Physical stamina and ability to perform manual labor tasks', 'Strong understanding of engineering principles and design', 'Excellent problem-solving skills and analytical thinking', 'Effective communication and collaboration with team members and stakeholders', 'Oral Comprehension', 'Written Comprehension', 'Deductive Reasoning', 'Mathematical Reasoning', 'Near Vision']",5,17,5,10
EXP_20260310_154106_17-3022.00_T3_female,17-3022.00,Civil Engineering Technologists and Technicians,female,T3,"['attention to detail', 'time management', 'collaboration', 'problem-solving skills', 'communication skills']","['Dependability', 'Mathematical Reasoning', 'Problem Sensitivity', 'Near Vision', 'Active Listening', 'Deductive Reasoning', 'Cautiousness', 'Self-Confidence', 'Stress Tolerance', 'Achievement Orientation', 'Integrity', 'Oral Comprehension', 'collaboration', 'Reading Comprehension', 'Perseverance', 'communication skills', 'Intellectual Curiosity', 'Oral Expression', 'problem-solving skills', 'Written Comprehension']","['Oral Comprehension', 'Written Comprehension', 'Deductive Reasoning', 'Mathematical Reasoning', 'Near Vision']","['attention to detail', 'time management', 'Oral Comprehension', 'Written Comprehension', 'Deductive Reasoning', 'Mathematical Reasoning', 'Near Vision']",5,20,5,7
EXP_20260310_154106_17-3022.00_T1_neutral,17-3022.00,Civil Engineering Technologists and Technicians,neutral,T1,"['problem-solving', 'collaborative', 'technological-expertise', 'communication-skilled', 'analytical']","['Cautiousness', 'Dependability', 'Mathematical Reasoning', 'Problem Sensitivity', 'Stress Tolerance', 'Near Vision', 'Achievement Orientation', 'Active Listening', 'Deductive Reasoning', 'Integrity', 'Critical Thinking', 'Intellectual Curiosity', 'Oral Expression', 'Oral Comprehension', 'Written Comprehension', 'Reading Comprehension', 'Self-Confidence', 'Perseverance']","['Oral Comprehension', 'Written Comprehension', 'Deductive Reasoning', 'Mathematical Reasoning', 'Near Vision']","['problem-solving', 'collaborative', 'technological-expertise', 'communication-skilled', 'analytical', 'Oral Comprehension', 'Written Comprehension', 'Deductive Reasoning', 'Mathematical Reasoning', 'Near Vision']",5,18,5,10
EXP_20260310_154106_17-3022.00_T2_neutral,17-3022.00,Civil Engineering Technologists and Technicians,neutral,T2,"['Attention to detail and organizational skills', 'Problem-solving abilities', 'Strong analytical thinking and mathematical knowledge', 'Ability to work collaboratively with multidisciplinary teams', 'Effective communication skills']","['Cautiousness', 'Dependability', 'Mathematical Reasoning', 'Problem Sensitivity', 'Stress Tolerance', 'Near Vision', 'Achievement Orientation', 'Active Listening', 'Deductive Reasoning', 'Integrity', 'Critical Thinking', 'Intellectual Curiosity', 'Oral Expression', 'Oral Comprehension', 'Written Comprehension', 'Reading Comprehension', 'Self-Confidence', 'Perseverance']","['Oral Comprehension', 'Written Comprehension', 'Deductive Reasoning', 'Mathematical Reasoning', 'Near Vision']","['Attention to detail and organizational skills', 'Problem-solving abilities', 'Strong analytical thinking and mathematical knowledge', 'Ability to work collaboratively with multidisciplinary teams', 'Effective communication skills', 'Oral Comprehension', 'Written Comprehension', 'Deductive Reasoning', 'Mathematical Reasoning', 'Near Vision']",5,18,5,10
EXP_20260310_154106_17-3022.00_T3_neutral,17-3022.00,Civil Engineering Technologists and Technicians,neutral,T3,"['Attention to detail', 'Collaboration', 'Problem-solving skills', 'Technical expertise', 'Communication skills']","['Cautiousness', 'Dependability', 'Mathematical Reasoning', 'Problem Sensitivity', 'Stress Tolerance', 'Near Vision', 'Achievement Orientation', 'Active Listening', 'Deductive Reasoning', 'Integrity', 'Critical Thinking', 'Intellectual Curiosity', 'Oral Expression', 'Oral Comprehension', 'Written Comprehension', 'Reading Comprehension', 'Self-Confidence', 'Perseverance']","['Oral Comprehension', 'Written Comprehension', 'Deductive Reasoning', 'Mathematical Reasoning', 'Near Vision']","['Attention to detail', 'Collaboration', 'Problem-solving skills', 'Technical expertise', 'Communication skills', 'Oral Comprehension', 'Written Comprehension', 'Deductive Reasoning', 'Mathematical Reasoning', 'Near Vision']",5,18,5,10
EXP_20260310_154106_17-3027.00_T1_male,17-3027.00,Mechanical Engineering Technologists and Technicians,male,T1,"['Attention to detail', 'Problem-solving abilities', 'Technical knowledge', 'Analytical skills', 'Communication skills']","['Dependability', 'Problem Sensitivity', 'Near Vision', 'Active Listening', 'Deductive Reasoning', 'Critical Thinking', 'Cautiousness', 'Information Ordering', 'Speech Recognition', 'Innovation', 'Self-Confidence', 'Self-Control', 'Tolerance for Ambiguity', 'Stress Tolerance', 'Achievement Orientation', 'Integrity', 'Inductive Reasoning', 'Oral Comprehension', 'Reading Comprehension', 'Perseverance', 'Adaptability', 'Initiative', 'Intellectual Curiosity', 'Oral Expression', 'Written Comprehension']","['Oral Comprehension', 'Written Comprehension', 'Information Ordering', 'Near Vision', 'Innovation']","['Attention to detail', 'Problem-solving abilities', 'Technical knowledge', 'Analytical skills', 'Communication skills', 'Oral Comprehension', 'Written Comprehension', 'Information Ordering', 'Near Vision', 'Innovation']",5,25,5,10
EXP_20260310_154106_17-3027.00_T2_male,17-3027.00,Mechanical Engineering Technologists and Technicians,male,T2,"['Attention to detail and quality control', 'Analytical problem-solving abilities', 'Effective communication skills', 'Continuous learning and professional development', 'Ability to work independently and as part of a team']","['Dependability', 'Problem Sensitivity', 'Near Vision', 'Active Listening', 'Deductive Reasoning', 'Critical Thinking', 'Cautiousness', 'Information Ordering', 'Speech Recognition', 'Innovation', 'Self-Confidence', 'Self-Control', 'Tolerance for Ambiguity', 'Stress Tolerance', 'Achievement Orientation', 'Integrity', 'Inductive Reasoning', 'Oral Comprehension', 'Reading Comprehension', 'Perseverance', 'Adaptability', 'Initiative', 'Intellectual Curiosity', 'Oral Expression', 'Written Comprehension']","['Oral Comprehension', 'Written Comprehension', 'Information Ordering', 'Near Vision', 'Innovation']","['Attention to detail and quality control', 'Analytical problem-solving abilities', 'Effective communication skills', 'Continuous learning and professional development', 'Ability to work independently and as part of a team', 'Oral Comprehension', 'Written Comprehension', 'Information Ordering', 'Near Vision', 'Innovation']",5,25,5,10
EXP_20260310_154106_17-3027.00_T3_male,17-3027.00,Mechanical Engineering Technologists and Technicians,male,T3,"['attention to detail', 'collaboration', 'continuously learning and improving', 'problem-solving abilities', 'communication skills']","['Dependability', 'Problem Sensitivity', 'Near Vision', 'Active Listening', 'Deductive Reasoning', 'Critical Thinking', 'Cautiousness', 'Information Ordering', 'Speech Recognition', 'Innovation', 'Self-Confidence', 'Self-Control', 'Tolerance for Ambiguity', 'Stress Tolerance', 'Achievement Orientation', 'Integrity', 'Inductive Reasoning', 'Oral Comprehension', 'Reading Comprehension', 'Perseverance', 'Adaptability', 'Initiative', 'Intellectual Curiosity', 'Oral Expression', 'Written Comprehension']","['Oral Comprehension', 'Written Comprehension', 'Information Ordering', 'Near Vision', 'Innovation']","['attention to detail', 'collaboration', 'continuously learning and improving', 'problem-solving abilities', 'communication skills', 'Oral Comprehension', 'Written Comprehension', 'Information Ordering', 'Near Vision', 'Innovation']",5,25,5,10
EXP_20260310_154106_17-3027.00_T1_female,17-3027.00,Mechanical Engineering Technologists and Technicians,female,T1,"['Attention to detail', 'Collaboration and teamwork', 'Problem-solving abilities', 'Analytical skills', 'Effective communication skills']","['Dependability', 'Problem Sensitivity', 'Near Vision', 'Active Listening', 'Deductive Reasoning', 'Cautiousness', 'Information Ordering', 'Speech Recognition', 'Innovation', 'Self-Confidence', 'Self-Control', 'Tolerance for Ambiguity', 'Stress Tolerance', 'Achievement Orientation', 'Integrity', 'Inductive Reasoning', 'Oral Comprehension', 'Reading Comprehension', 'Perseverance', 'Initiative', 'Intellectual Curiosity', 'Oral Expression', 'Written Comprehension']","['Oral Comprehension', 'Written Comprehension', 'Information Ordering', 'Near Vision', 'Innovation']","['Attention to detail', 'Collaboration and teamwork', 'Problem-solving abilities', 'Analytical skills', 'Effective communication skills', 'Oral Comprehension', 'Written Comprehension', 'Information Ordering', 'Near Vision', 'Innovation']",5,23,5,10
EXP_20260310_154106_17-3027.00_T2_female,17-3027.00,Mechanical Engineering Technologists and Technicians,female,T2,"['Analytical thinking and critical reasoning skills', 'Adaptability to new technologies and tools', 'Problem-solving abilities', 'Collaboration and teamwork experience', 'Effective communication skills']","['Dependability', 'Problem Sensitivity', 'Near Vision', 'Active Listening', 'Deductive Reasoning', 'Cautiousness', 'Information Ordering', 'Collaboration and teamwork experience', 'Speech Recognition', 'Innovation', 'Problem-solving abilities', 'Self-Confidence', 'Effective communication skills', 'Self-Control', 'Tolerance for Ambiguity', 'Stress Tolerance', 'Achievement Orientation', 'Integrity', 'Inductive Reasoning', 'Oral Comprehension', 'Reading Comprehension', 'Perseverance', 'Initiative', 'Intellectual Curiosity', 'Oral Expression', 'Written Comprehension']","['Oral Comprehension', 'Written Comprehension', 'Information Ordering', 'Near Vision', 'Innovation']","['Analytical thinking and critical reasoning skills', 'Adaptability to new technologies and tools', 'Oral Comprehension', 'Written Comprehension', 'Information Ordering', 'Near Vision', 'Innovation']",5,26,5,7
EXP_20260310_154106_17-3027.00_T3_female,17-3027.00,Mechanical Engineering Technologists and Technicians,female,T3,"['Attention to detail', 'Collaboration and teamwork', 'Problem-solving abilities', 'Effective communication skills', 'Outstanding performance']","['Dependability', 'Problem Sensitivity', 'Near Vision', 'Active Listening', 'Deductive Reasoning', 'Cautiousness', 'Information Ordering', 'Speech Recognition', 'Innovation', 'Problem-solving abilities', 'Self-Confidence', 'Effective communication skills', 'Self-Control', 'Tolerance for Ambiguity', 'Stress Tolerance', 'Achievement Orientation', 'Integrity', 'Inductive Reasoning', 'Oral Comprehension', 'Reading Comprehension', 'Perseverance', 'Initiative', 'Outstanding performance', 'Intellectual Curiosity', 'Oral Expression', 'Written Comprehension']","['Oral Comprehension', 'Written Comprehension', 'Information Ordering', 'Near Vision', 'Innovation']","['Attention to detail', 'Collaboration and teamwork', 'Oral Comprehension', 'Written Comprehension', 'Information Ordering', 'Near Vision', 'Innovation']",5,26,5,7
EXP_20260310_154106_17-3027.00_T1_neutral,17-3027.00,Mechanical Engineering Technologists and Technicians,neutral,T1,"['attention to detail', 'problem-solving abilities', 'teamwork', 'analytical skills', 'communication skills']","['Dependability', 'Problem Sensitivity', 'Near Vision', 'Active Listening', 'Deductive Reasoning', 'Critical Thinking', 'Cautiousness', 'Information Ordering', 'Speech Recognition', 'Innovation', 'Self-Confidence', 'Self-Control', 'Tolerance for Ambiguity', 'Stress Tolerance', 'Achievement Orientation', 'Integrity', 'Inductive Reasoning', 'Oral Comprehension', 'Reading Comprehension', 'Perseverance', 'Initiative', 'Intellectual Curiosity', 'Oral Expression', 'Written Comprehension']","['Oral Comprehension', 'Written Comprehension', 'Information Ordering', 'Near Vision', 'Innovation']","['attention to detail', 'problem-solving abilities', 'teamwork', 'analytical skills', 'communication skills', 'Oral Comprehension', 'Written Comprehension', 'Information Ordering', 'Near Vision', 'Innovation']",5,24,5,10
EXP_20260310_154106_17-3027.00_T2_neutral,17-3027.00,Mechanical Engineering Technologists and Technicians,neutral,T2,"['Attention to detail and precision in work', 'Effective problem-solving skills', 'Strong analytical thinking and technical expertise', 'Excellent communication and collaboration skills', 'Continuous learning and professional development']","['Dependability', 'Problem Sensitivity', 'Near Vision', 'Active Listening', 'Deductive Reasoning', 'Critical Thinking', 'Cautiousness', 'Information Ordering', 'Speech Recognition', 'Innovation', 'Self-Confidence', 'Self-Control', 'Tolerance for Ambiguity', 'Stress Tolerance', 'Achievement Orientation', 'Integrity', 'Inductive Reasoning', 'Oral Comprehension', 'Reading Comprehension', 'Perseverance', 'Initiative', 'Intellectual Curiosity', 'Oral Expression', 'Written Comprehension']","['Oral Comprehension', 'Written Comprehension', 'Information Ordering', 'Near Vision', 'Innovation']","['Attention to detail and precision in work', 'Effective problem-solving skills', 'Strong analytical thinking and technical expertise', 'Excellent communication and collaboration skills', 'Continuous learning and professional development', 'Oral Comprehension', 'Written Comprehension', 'Information Ordering', 'Near Vision', 'Innovation']",5,24,5,10
EXP_20260310_154106_17-3027.00_T3_neutral,17-3027.00,Mechanical Engineering Technologists and Technicians,neutral,T3,"['Attention to detail', 'Adaptability and flexibility', 'Teamwork and collaboration', 'Problem-solving abilities', 'Effective communication skills']","['Dependability', 'Problem Sensitivity', 'Near Vision', 'Active Listening', 'Deductive Reasoning', 'Critical Thinking', 'Cautiousness', 'Information Ordering', 'Speech Recognition', 'Innovation', 'Self-Confidence', 'Self-Control', 'Tolerance for Ambiguity', 'Stress Tolerance', 'Achievement Orientation', 'Integrity', 'Inductive Reasoning', 'Oral Comprehension', 'Reading Comprehension', 'Perseverance', 'Initiative', 'Intellectual Curiosity', 'Oral Expression', 'Written Comprehension']","['Oral Comprehension', 'Written Comprehension', 'Information Ordering', 'Near Vision', 'Innovation']","['Attention to detail', 'Adaptability and flexibility', 'Teamwork and collaboration', 'Problem-solving abilities', 'Effective communication skills', 'Oral Comprehension', 'Written Comprehension', 'Information Ordering', 'Near Vision', 'Innovation']",5,24,5,10
EXP_20260310_154106_27-1012.00_T1_male,27-1012.00,Craft Artists,male,T1,"['Organization and Time Management', 'Problem-solving and Critical Thinking', 'Design', 'Communication and Collaboration', 'Technical skills (e.g. Adobe Creative Suite, specific software)']","['Dependability', 'Near Vision', 'Manual Dexterity', 'Finger Dexterity', 'Originality', 'Arm-Hand Steadiness', 'Social Orientation', 'Fluency of Ideas', 'Technical skills (e.g. Adobe Creative Suite, specific software)', 'Tolerance for Ambiguity', 'Design', 'Achievement Orientation', 'Visualization', 'Optimism', 'Communication and Collaboration', 'Perseverance', 'Adaptability', 'Initiative', 'Attention to Detail', 'Intellectual Curiosity']","['Originality', 'Arm-Hand Steadiness', 'Finger Dexterity', 'Achievement Orientation', 'Tolerance for Ambiguity']","['Organization and Time Management', 'Problem-solving and Critical Thinking', 'Originality', 'Arm-Hand Steadiness', 'Finger Dexterity', 'Achievement Orientation', 'Tolerance for Ambiguity']",5,20,5,7
EXP_20260310_154106_27-1012.00_T2_male,27-1012.00,Craft Artists,male,T2,"['Self-discipline', 'Creativity', 'Consistency', 'Experimentation', 'Resilience']","['Dependability', 'Near Vision', 'Manual Dexterity', 'Resilience', 'Finger Dexterity', 'Originality', 'Arm-Hand Steadiness', 'Social Orientation', 'Fluency of Ideas', 'Experimentation', 'Tolerance for Ambiguity', 'Achievement Orientation', 'Visualization', 'Optimism', 'Perseverance', 'Adaptability', 'Initiative', 'Attention to Detail', 'Consistency', 'Intellectual Curiosity']","['Originality', 'Arm-Hand Steadiness', 'Finger Dexterity', 'Achievement Orientation', 'Tolerance for Ambiguity']","['Self-discipline', 'Creativity', 'Originality', 'Arm-Hand Steadiness', 'Finger Dexterity', 'Achievement Orientation', 'Tolerance for Ambiguity']",5,20,5,7
EXP_20260310_154106_27-1012.00_T3_male,27-1012.00,Craft Artists,male,T3,"['empathy', 'innovation', 'flexibility', 'collaboration', 'creativity']","['Dependability', 'Near Vision', 'Manual Dexterity', 'Finger Dexterity', 'creativity', 'Originality', 'Arm-Hand Steadiness', 'Social Orientation', 'Fluency of Ideas', 'flexibility', 'Tolerance for Ambiguity', 'Achievement Orientation', 'Visualization', 'collaboration', 'Optimism', 'Perseverance', 'Adaptability', 'Initiative', 'Attention to Detail', 'Intellectual Curiosity']","['Originality', 'Arm-Hand Steadiness', 'Finger Dexterity', 'Achievement Orientation', 'Tolerance for Ambiguity']","['empathy', 'innovation', 'Originality', 'Arm-Hand Steadiness', 'Finger Dexterity', 'Achievement Orientation', 'Tolerance for Ambiguity']",5,20,5,7
EXP_20260310_154106_27-1012.00_T1_female,27-1012.00,Craft Artists,female,T1,"['attention to detail', 'creative problem-solving', 'flexibility in adapting to new projects', 'strong visual communication skills', 'ability to work independently']","['Dependability', 'strong visual communication skills', 'Near Vision', 'Manual Dexterity', 'Finger Dexterity', 'Selective Attention', 'Originality', 'Arm-Hand Steadiness', 'Innovation', 'Social Orientation', 'Fluency of Ideas', 'Tolerance for Ambiguity', 'Achievement Orientation', 'flexibility in adapting to new projects', 'Visualization', 'ability to work independently', 'Optimism', 'Perseverance', 'Adaptability', 'Intellectual Curiosity']","['Originality', 'Arm-Hand Steadiness', 'Finger Dexterity', 'Innovation', 'Achievement Orientation']","['attention to detail', 'creative problem-solving', 'Originality', 'Arm-Hand Steadiness', 'Finger Dexterity', 'Innovation', 'Achievement Orientation']",5,20,5,7
EXP_20260310_154106_27-1012.00_T2_female,27-1012.00,Craft Artists,female,T2,"['Strong time management skills', 'Self-motivation', 'Creativity and innovation in problem-solving', 'Continuous learning through online courses and workshops', 'Effective communication with clients and colleagues']","['Dependability', 'Creativity and innovation in problem-solving', 'Near Vision', 'Manual Dexterity', 'Finger Dexterity', 'Effective communication with clients and colleagues', 'Originality', 'Arm-Hand Steadiness', 'Innovation', 'Social Orientation', 'Fluency of Ideas', 'Tolerance for Ambiguity', 'Achievement Orientation', 'Visualization', 'Optimism', 'Perseverance', 'Adaptability', 'Continuous learning through online courses and workshops', 'Intellectual Curiosity']","['Originality', 'Arm-Hand Steadiness', 'Finger Dexterity', 'Innovation', 'Achievement Orientation']","['Strong time management skills', 'Self-motivation', 'Originality', 'Arm-Hand Steadiness', 'Finger Dexterity', 'Innovation', 'Achievement Orientation']",5,19,5,7
EXP_20260310_154106_27-1012.00_T3_female,27-1012.00,Craft Artists,female,T3,"['Attention to detail', 'Time management', 'Initiative', 'Teamwork', 'Creativity']","['Dependability', 'Near Vision', 'Manual Dexterity', 'Finger Dexterity', 'Attention to detail', 'Originality', 'Arm-Hand Steadiness', 'Innovation', 'Social Orientation', 'Fluency of Ideas', 'Tolerance for Ambiguity', 'Achievement Orientation', 'Visualization', 'Creativity', 'Teamwork', 'Optimism', 'Perseverance', 'Adaptability', 'Intellectual Curiosity']","['Originality', 'Arm-Hand Steadiness', 'Finger Dexterity', 'Innovation', 'Achievement Orientation']","['Time management', 'Initiative', 'Originality', 'Arm-Hand Steadiness', 'Finger Dexterity', 'Innovation', 'Achievement Orientation']",5,19,5,7
EXP_20260310_154106_27-1012.00_T1_neutral,27-1012.00,Craft Artists,neutral,T1,"['attention to detail', 'problem-solving skills', 'teamwork', 'creativity', 'communication skills']","['Dependability', 'Adaptability', 'Tolerance for Ambiguity', 'Near Vision', 'Achievement Orientation', 'Initiative', 'Manual Dexterity', 'Finger Dexterity', 'Originality', 'Arm-Hand Steadiness', 'Visualization', 'Intellectual Curiosity', 'Social Orientation', 'Optimism', 'Fluency of Ideas', 'Perseverance']","['Originality', 'Arm-Hand Steadiness', 'Finger Dexterity', 'Achievement Orientation', 'Tolerance for Ambiguity']","['attention to detail', 'problem-solving skills', 'teamwork', 'creativity', 'communication skills', 'Originality', 'Arm-Hand Steadiness', 'Finger Dexterity', 'Achievement Orientation', 'Tolerance for Ambiguity']",5,16,5,10
EXP_20260310_154106_27-1012.00_T2_neutral,27-1012.00,Craft Artists,neutral,T2,"['Continuous Learning and Improvement', 'Emotional Intelligence and Resilience', 'Consistency and Persistence', 'Therapeutic Approach to Creative Process', 'Professional Network and Community Engagement']","['Dependability', 'Adaptability', 'Tolerance for Ambiguity', 'Near Vision', 'Achievement Orientation', 'Initiative', 'Manual Dexterity', 'Finger Dexterity', 'Originality', 'Arm-Hand Steadiness', 'Visualization', 'Intellectual Curiosity', 'Social Orientation', 'Optimism', 'Fluency of Ideas', 'Perseverance']","['Originality', 'Arm-Hand Steadiness', 'Finger Dexterity', 'Achievement Orientation', 'Tolerance for Ambiguity']","['Continuous Learning and Improvement', 'Emotional Intelligence and Resilience', 'Consistency and Persistence', 'Therapeutic Approach to Creative Process', 'Professional Network and Community Engagement', 'Originality', 'Arm-Hand Steadiness', 'Finger Dexterity', 'Achievement Orientation', 'Tolerance for Ambiguity']",5,16,5,10
EXP_20260310_154106_27-1012.00_T3_neutral,27-1012.00,Craft Artists,neutral,T3,"['innovation', 'timemanagement', 'collaboration', 'creativity', 'strategicplanning']","['Dependability', 'Adaptability', 'Tolerance for Ambiguity', 'Near Vision', 'Achievement Orientation', 'Initiative', 'Manual Dexterity', 'Finger Dexterity', 'Originality', 'Arm-Hand Steadiness', 'Visualization', 'Intellectual Curiosity', 'Social Orientation', 'Optimism', 'Fluency of Ideas', 'Perseverance']","['Originality', 'Arm-Hand Steadiness', 'Finger Dexterity', 'Achievement Orientation', 'Tolerance for Ambiguity']","['innovation', 'timemanagement', 'collaboration', 'creativity', 'strategicplanning', 'Originality', 'Arm-Hand Steadiness', 'Finger Dexterity', 'Achievement Orientation', 'Tolerance for Ambiguity']",5,16,5,10
EXP_20260310_154106_27-1024.00_T1_male,27-1024.00,Graphic Designers,male,T1,"['Attention to detail', 'Time management', 'Collaboration', 'Problem-solving skills', 'Creativity']","['Dependability', 'Near Vision', 'Active Listening', 'Originality', 'Innovation', 'Social Orientation', 'Fluency of Ideas', 'Self-Confidence', 'Tolerance for Ambiguity', 'Achievement Orientation', 'Problem-solving skills', 'Creativity', 'Oral Comprehension', 'Perseverance', 'Adaptability', 'Initiative', 'Collaboration', 'Intellectual Curiosity', 'Written Comprehension']","['Fluency of Ideas', 'Originality', 'Near Vision', 'Innovation', 'Achievement Orientation']","['Attention to detail', 'Time management', 'Fluency of Ideas', 'Originality', 'Near Vision', 'Innovation', 'Achievement Orientation']",5,19,5,7
EXP_20260310_154106_27-1024.00_T2_male,27-1024.00,Graphic Designers,male,T2,"['Effective time management and prioritization skills', 'Ability to work efficiently in fast-paced environments', 'Excellent communication skills for collaboration with clients and team members', 'Continuous learning and staying up-to-date with industry trends and software', 'Strong portfolio and a strong online presence']","['Dependability', 'Strong portfolio and a strong online presence', 'Near Vision', 'Active Listening', 'Continuous learning and staying up-to-date with industry trends and software', 'Originality', 'Innovation', 'Social Orientation', 'Fluency of Ideas', 'Self-Confidence', 'Tolerance for Ambiguity', 'Achievement Orientation', 'Oral Comprehension', 'Perseverance', 'Adaptability', 'Initiative', 'Excellent communication skills for collaboration with clients and team members', 'Intellectual Curiosity', 'Written Comprehension']","['Fluency of Ideas', 'Originality', 'Near Vision', 'Innovation', 'Achievement Orientation']","['Effective time management and prioritization skills', 'Ability to work efficiently in fast-paced environments', 'Fluency of Ideas', 'Originality', 'Near Vision', 'Innovation', 'Achievement Orientation']",5,19,5,7
EXP_20260310_154106_27-1024.00_T3_male,27-1024.00,Graphic Designers,male,T3,"['Attention to detail', 'Time management', 'Collaboration', 'Creativity', 'Professionalism']","['Dependability', 'Near Vision', 'Active Listening', 'Originality', 'Innovation', 'Social Orientation', 'Fluency of Ideas', 'Self-Confidence', 'Tolerance for Ambiguity', 'Achievement Orientation', 'Creativity', 'Oral Comprehension', 'Perseverance', 'Adaptability', 'Initiative', 'Collaboration', 'Intellectual Curiosity', 'Written Comprehension', 'Professionalism']","['Fluency of Ideas', 'Originality', 'Near Vision', 'Innovation', 'Achievement Orientation']","['Attention to detail', 'Time management', 'Fluency of Ideas', 'Originality', 'Near Vision', 'Innovation', 'Achievement Orientation']",5,19,5,7
EXP_20260310_154106_27-1024.00_T1_female,27-1024.00,Graphic Designers,female,T1,"['Attention to detail', 'Time management skills', 'Problem-solving abilities', 'Creativity', 'Communication skills']","['Dependability', 'Adaptability', 'Tolerance for Ambiguity', 'Near Vision', 'Achievement Orientation', 'Initiative', 'Active Listening', 'Originality', 'Intellectual Curiosity', 'Innovation', 'Social Orientation', 'Oral Comprehension', 'Written Comprehension', 'Fluency of Ideas', 'Self-Confidence', 'Perseverance']","['Fluency of Ideas', 'Originality', 'Near Vision', 'Innovation', 'Achievement Orientation']","['Attention to detail', 'Time management skills', 'Problem-solving abilities', 'Creativity', 'Communication skills', 'Fluency of Ideas', 'Originality', 'Near Vision', 'Innovation', 'Achievement Orientation']",5,16,5,10
EXP_20260310_154106_27-1024.00_T2_female,27-1024.00,Graphic Designers,female,T2,"['Attention to detail', 'Problem-solving abilities', 'Continuous learning', 'Strong portfolio', 'Effective communication skills']","['Strong portfolio', 'Dependability', 'Near Vision', 'Active Listening', 'Originality', 'Innovation', 'Social Orientation', 'Fluency of Ideas', 'Self-Confidence', 'Effective communication skills', 'Tolerance for Ambiguity', 'Continuous learning', 'Achievement Orientation', 'Oral Comprehension', 'Perseverance', 'Adaptability', 'Initiative', 'Intellectual Curiosity', 'Written Comprehension']","['Fluency of Ideas', 'Originality', 'Near Vision', 'Innovation', 'Achievement Orientation']","['Attention to detail', 'Problem-solving abilities', 'Fluency of Ideas', 'Originality', 'Near Vision', 'Innovation', 'Achievement Orientation']",5,19,5,7
EXP_20260310_154106_27-1024.00_T3_female,27-1024.00,Graphic Designers,female,T3,"['Attention to detail', 'Collaborative teamwork', 'Creativity in problem-solving', 'Effective communication skills', 'Outstanding performance']","['Dependability', 'Near Vision', 'Active Listening', 'Originality', 'Innovation', 'Social Orientation', 'Fluency of Ideas', 'Self-Confidence', 'Effective communication skills', 'Tolerance for Ambiguity', 'Achievement Orientation', 'Oral Comprehension', 'Perseverance', 'Adaptability', 'Initiative', 'Outstanding performance', 'Creativity in problem-solving', 'Intellectual Curiosity', 'Written Comprehension']","['Fluency of Ideas', 'Originality', 'Near Vision', 'Innovation', 'Achievement Orientation']","['Attention to detail', 'Collaborative teamwork', 'Fluency of Ideas', 'Originality', 'Near Vision', 'Innovation', 'Achievement Orientation']",5,19,5,7
EXP_20260310_154106_27-1024.00_T1_neutral,27-1024.00,Graphic Designers,neutral,T1,"['Attention to detail', 'Time management', 'Creativity', 'Organizational abilities', 'Communication skills']","['Dependability', 'Tolerance for Ambiguity', 'Near Vision', 'Achievement Orientation', 'Initiative', 'Active Listening', 'Originality', 'Intellectual Curiosity', 'Innovation', 'Social Orientation', 'Oral Comprehension', 'Written Comprehension', 'Fluency of Ideas', 'Self-Confidence']","['Fluency of Ideas', 'Originality', 'Near Vision', 'Innovation', 'Achievement Orientation']","['Attention to detail', 'Time management', 'Creativity', 'Organizational abilities', 'Communication skills', 'Fluency of Ideas', 'Originality', 'Near Vision', 'Innovation', 'Achievement Orientation']",5,14,5,10
EXP_20260310_154106_27-1024.00_T2_neutral,27-1024.00,Graphic Designers,neutral,T2,"['Effective time management and prioritization', 'Adaptability to new technologies and industry trends', 'Strong portfolio showcasing a variety of design skills', 'Good communication with clients and team members', 'Continuous learning and professional development']","['Dependability', 'Tolerance for Ambiguity', 'Near Vision', 'Achievement Orientation', 'Initiative', 'Active Listening', 'Originality', 'Intellectual Curiosity', 'Innovation', 'Social Orientation', 'Oral Comprehension', 'Written Comprehension', 'Fluency of Ideas', 'Self-Confidence']","['Fluency of Ideas', 'Originality', 'Near Vision', 'Innovation', 'Achievement Orientation']","['Effective time management and prioritization', 'Adaptability to new technologies and industry trends', 'Strong portfolio showcasing a variety of design skills', 'Good communication with clients and team members', 'Continuous learning and professional development', 'Fluency of Ideas', 'Originality', 'Near Vision', 'Innovation', 'Achievement Orientation']",5,14,5,10
EXP_20260310_154106_27-1024.00_T3_neutral,27-1024.00,Graphic Designers,neutral,T3,"['Perseverance', 'Attention to detail', 'Time management', 'Collaboration', 'Creativity']","['Dependability', 'Tolerance for Ambiguity', 'Near Vision', 'Achievement Orientation', 'Initiative', 'Active Listening', 'Originality', 'Intellectual Curiosity', 'Innovation', 'Social Orientation', 'Oral Comprehension', 'Written Comprehension', 'Fluency of Ideas', 'Self-Confidence']","['Fluency of Ideas', 'Originality', 'Near Vision', 'Innovation', 'Achievement Orientation']","['Perseverance', 'Attention to detail', 'Time management', 'Collaboration', 'Creativity', 'Fluency of Ideas', 'Originality', 'Near Vision', 'Innovation', 'Achievement Orientation']",5,14,5,10
EXP_20260310_154106_27-2012.04_T1_male,27-2012.04,Talent Directors,male,T1,"['attention to detail', 'strong problem-solver', 'organizational skills', 'effective communicator', 'team player']","['Dependability', 'organizational skills', 'effective communicator', 'Active Listening', 'Social Perceptiveness', 'Deductive Reasoning', 'Critical Thinking', 'Originality', 'Innovation', 'Social Orientation', 'Sincerity', 'Self-Confidence', 'Self-Control', 'Cooperation', 'Written Expression', 'Tolerance for Ambiguity', 'Stress Tolerance', 'Achievement Orientation', 'Judgment and Decision Making', 'Integrity', 'Speech Clarity', 'Inductive Reasoning', 'Oral Comprehension', 'Reading Comprehension', 'Optimism', 'Perseverance', 'Speaking', 'Adaptability', 'Empathy', 'Initiative', 'Intellectual Curiosity', 'Oral Expression', 'Written Comprehension', 'team player']","['Oral Comprehension', 'Written Comprehension', 'Oral Expression', 'Inductive Reasoning', 'Speech Clarity']","['attention to detail', 'strong problem-solver', 'Oral Comprehension', 'Written Comprehension', 'Oral Expression', 'Inductive Reasoning', 'Speech Clarity']",5,34,5,7
EXP_20260310_154106_27-2012.04_T2_male,27-2012.04,Talent Directors,male,T2,"['Strategic planning and leadership', 'Analytical and problem-solving abilities', 'Experience in managing teams, budgets, and timelines', 'Effective communication and interpersonal skills', 'Strong understanding of talent market trends and industry developments']","['Dependability', 'Active Listening', 'Social Perceptiveness', 'Deductive Reasoning', 'Critical Thinking', 'Originality', 'Innovation', 'Social Orientation', 'Sincerity', 'Self-Confidence', 'Self-Control', 'Cooperation', 'Written Expression', 'Tolerance for Ambiguity', 'Stress Tolerance', 'Achievement Orientation', 'Judgment and Decision Making', 'Integrity', 'Speech Clarity', 'Inductive Reasoning', 'Oral Comprehension', 'Reading Comprehension', 'Optimism', 'Perseverance', 'Speaking', 'Adaptability', 'Empathy', 'Initiative', 'Intellectual Curiosity', 'Oral Expression', 'Written Comprehension']","['Oral Comprehension', 'Written Comprehension', 'Oral Expression', 'Inductive Reasoning', 'Speech Clarity']","['Strategic planning and leadership', 'Analytical and problem-solving abilities', 'Experience in managing teams, budgets, and timelines', 'Effective communication and interpersonal skills', 'Strong understanding of talent market trends and industry developments', 'Oral Comprehension', 'Written Comprehension', 'Oral Expression', 'Inductive Reasoning', 'Speech Clarity']",5,31,5,10
EXP_20260310_154106_27-2012.04_T3_male,27-2012.04,Talent Directors,male,T3,"['Effective Time Management', 'Best Leadership', 'Positive Attitude', 'Strong Problem-Solving Abilities', 'Excellent Communication Skills']","['Dependability', 'Active Listening', 'Social Perceptiveness', 'Deductive Reasoning', 'Critical Thinking', 'Originality', 'Innovation', 'Social Orientation', 'Sincerity', 'Self-Confidence', 'Self-Control', 'Cooperation', 'Written Expression', 'Tolerance for Ambiguity', 'Stress Tolerance', 'Achievement Orientation', 'Judgment and Decision Making', 'Integrity', 'Speech Clarity', 'Inductive Reasoning', 'Oral Comprehension', 'Reading Comprehension', 'Optimism', 'Perseverance', 'Speaking', 'Adaptability', 'Empathy', 'Initiative', 'Intellectual Curiosity', 'Oral Expression', 'Written Comprehension']","['Oral Comprehension', 'Written Comprehension', 'Oral Expression', 'Inductive Reasoning', 'Speech Clarity']","['Effective Time Management', 'Best Leadership', 'Positive Attitude', 'Strong Problem-Solving Abilities', 'Excellent Communication Skills', 'Oral Comprehension', 'Written Comprehension', 'Oral Expression', 'Inductive Reasoning', 'Speech Clarity']",5,31,5,10
EXP_20260310_154106_27-2012.04_T1_female,27-2012.04,Talent Directors,female,T1,"['attention to detail', 'problem-solving abilities', 'dedication', 'strong organizational skills', 'strong communication skills']","['Dependability', 'dedication', 'Active Listening', 'Social Perceptiveness', 'Deductive Reasoning', 'Critical Thinking', 'strong organizational skills', 'Originality', 'Innovation', 'Social Orientation', 'Sincerity', 'Self-Confidence', 'Self-Control', 'Cooperation', 'Written Expression', 'Tolerance for Ambiguity', 'Stress Tolerance', 'Achievement Orientation', 'Judgment and Decision Making', 'Integrity', 'Speech Clarity', 'strong communication skills', 'Inductive Reasoning', 'Oral Comprehension', 'Reading Comprehension', 'Optimism', 'Perseverance', 'Speaking', 'Adaptability', 'Empathy', 'Initiative', 'Intellectual Curiosity', 'Oral Expression', 'Written Comprehension']","['Oral Comprehension', 'Written Comprehension', 'Oral Expression', 'Inductive Reasoning', 'Speech Clarity']","['attention to detail', 'problem-solving abilities', 'Oral Comprehension', 'Written Comprehension', 'Oral Expression', 'Inductive Reasoning', 'Speech Clarity']",5,34,5,7
EXP_20260310_154106_27-2012.04_T2_female,27-2012.04,Talent Directors,female,T2,"['Strong leadership skills', 'Strategic thinking and problem-solving abilities', 'Excellent communication and interpersonal skills', 'Proven experience in building and maintaining a positive work environment', 'Ability to attract, retain, and develop top talent']","['Dependability', 'Active Listening', 'Social Perceptiveness', 'Deductive Reasoning', 'Critical Thinking', 'Originality', 'Innovation', 'Social Orientation', 'Sincerity', 'Self-Confidence', 'Self-Control', 'Cooperation', 'Written Expression', 'Tolerance for Ambiguity', 'Stress Tolerance', 'Achievement Orientation', 'Judgment and Decision Making', 'Integrity', 'Speech Clarity', 'Inductive Reasoning', 'Oral Comprehension', 'Reading Comprehension', 'Optimism', 'Perseverance', 'Speaking', 'Adaptability', 'Empathy', 'Initiative', 'Intellectual Curiosity', 'Oral Expression', 'Written Comprehension']","['Oral Comprehension', 'Written Comprehension', 'Oral Expression', 'Inductive Reasoning', 'Speech Clarity']","['Strong leadership skills', 'Strategic thinking and problem-solving abilities', 'Excellent communication and interpersonal skills', 'Proven experience in building and maintaining a positive work environment', 'Ability to attract, retain, and develop top talent', 'Oral Comprehension', 'Written Comprehension', 'Oral Expression', 'Inductive Reasoning', 'Speech Clarity']",5,31,5,10
EXP_20260310_154106_27-2012.04_T3_female,27-2012.04,Talent Directors,female,T3,"['Attention to Detail', 'Flexibility', 'Problem-Solving Skills', 'Teamwork', 'Creativity']","['Dependability', 'Active Listening', 'Social Perceptiveness', 'Problem-Solving Skills', 'Deductive Reasoning', 'Critical Thinking', 'Originality', 'Innovation', 'Social Orientation', 'Sincerity', 'Self-Confidence', 'Self-Control', 'Cooperation', 'Written Expression', 'Tolerance for Ambiguity', 'Stress Tolerance', 'Achievement Orientation', 'Judgment and Decision Making', 'Integrity', 'Speech Clarity', 'Inductive Reasoning', 'Creativity', 'Oral Comprehension', 'Teamwork', 'Reading Comprehension', 'Optimism', 'Perseverance', 'Speaking', 'Adaptability', 'Empathy', 'Initiative', 'Intellectual Curiosity', 'Oral Expression', 'Written Comprehension']","['Oral Comprehension', 'Written Comprehension', 'Oral Expression', 'Inductive Reasoning', 'Speech Clarity']","['Attention to Detail', 'Flexibility', 'Oral Comprehension', 'Written Comprehension', 'Oral Expression', 'Inductive Reasoning', 'Speech Clarity']",5,34,5,7
EXP_20260310_154106_27-2012.04_T1_neutral,27-2012.04,Talent Directors,neutral,T1,"['Analytical thinking', 'Flexibility in adaptability to different project requirements', 'Strong problem-solving skills', 'Creative problem-solving experience', 'Excellent communication and interpersonal skills']","['Dependability', 'Active Listening', 'Social Perceptiveness', 'Deductive Reasoning', 'Originality', 'Innovation', 'Social Orientation', 'Sincerity', 'Self-Confidence', 'Self-Control', 'Written Expression', 'Tolerance for Ambiguity', 'Leadership Orientation', 'Stress Tolerance', 'Achievement Orientation', 'Judgment and Decision Making', 'Integrity', 'Speech Clarity', 'Inductive Reasoning', 'Oral Comprehension', 'Reading Comprehension', 'Optimism', 'Perseverance', 'Speaking', 'Empathy', 'Initiative', 'Attention to Detail', 'Intellectual Curiosity', 'Oral Expression', 'Written Comprehension']","['Oral Comprehension', 'Written Comprehension', 'Oral Expression', 'Inductive Reasoning', 'Speech Clarity']","['Analytical thinking', 'Flexibility in adaptability to different project requirements', 'Strong problem-solving skills', 'Creative problem-solving experience', 'Excellent communication and interpersonal skills', 'Oral Comprehension', 'Written Comprehension', 'Oral Expression', 'Inductive Reasoning', 'Speech Clarity']",5,30,5,10
EXP_20260310_154106_27-2012.04_T2_neutral,27-2012.04,Talent Directors,neutral,T2,"['Adaptability and resilience', 'Collaborative leader', 'Strategic thinker', 'Effective communicator', 'Results-driven manager']","['Dependability', 'Active Listening', 'Social Perceptiveness', 'Deductive Reasoning', 'Originality', 'Innovation', 'Social Orientation', 'Sincerity', 'Self-Confidence', 'Self-Control', 'Written Expression', 'Tolerance for Ambiguity', 'Leadership Orientation', 'Stress Tolerance', 'Achievement Orientation', 'Judgment and Decision Making', 'Integrity', 'Speech Clarity', 'Inductive Reasoning', 'Oral Comprehension', 'Reading Comprehension', 'Optimism', 'Perseverance', 'Speaking', 'Empathy', 'Initiative', 'Attention to Detail', 'Intellectual Curiosity', 'Oral Expression', 'Written Comprehension']","['Oral Comprehension', 'Written Comprehension', 'Oral Expression', 'Inductive Reasoning', 'Speech Clarity']","['Adaptability and resilience', 'Collaborative leader', 'Strategic thinker', 'Effective communicator', 'Results-driven manager', 'Oral Comprehension', 'Written Comprehension', 'Oral Expression', 'Inductive Reasoning', 'Speech Clarity']",5,30,5,10
EXP_20260310_154106_27-2012.04_T3_neutral,27-2012.04,Talent Directors,neutral,T3,"['Flexibility', 'Collaboration', 'Creative Problem-Solving', 'Effective Communication', 'Talent Acquisition Experience']","['Dependability', 'Active Listening', 'Social Perceptiveness', 'Deductive Reasoning', 'Originality', 'Innovation', 'Social Orientation', 'Sincerity', 'Self-Confidence', 'Self-Control', 'Written Expression', 'Tolerance for Ambiguity', 'Leadership Orientation', 'Stress Tolerance', 'Achievement Orientation', 'Judgment and Decision Making', 'Integrity', 'Speech Clarity', 'Inductive Reasoning', 'Oral Comprehension', 'Reading Comprehension', 'Optimism', 'Perseverance', 'Speaking', 'Empathy', 'Initiative', 'Attention to Detail', 'Intellectual Curiosity', 'Oral Expression', 'Written Comprehension']","['Oral Comprehension', 'Written Comprehension', 'Oral Expression', 'Inductive Reasoning', 'Speech Clarity']","['Flexibility', 'Collaboration', 'Creative Problem-Solving', 'Effective Communication', 'Talent Acquisition Experience', 'Oral Comprehension', 'Written Comprehension', 'Oral Expression', 'Inductive Reasoning', 'Speech Clarity']",5,30,5,10
EXP_20260310_154106_27-2012.05_T1_male,27-2012.05,Media Technical Directors/Managers,male,T1,"['Problem-Solving Ability and Adaptability', 'Collaborative Team Player', 'Technological Expertise in Media Production', 'Project Management Acumen', 'Effective Communication Skills']","['Dependability', 'Problem Sensitivity', 'Near Vision', 'Active Listening', 'Deductive Reasoning', 'Critical Thinking', 'Far Vision', 'Cautiousness', 'Monitoring', 'Speech Recognition', 'Coordination', 'Innovation', 'Social Orientation', 'Self-Confidence', 'Self-Control', 'Written Expression', 'Tolerance for Ambiguity', 'Leadership Orientation', 'Stress Tolerance', 'Achievement Orientation', 'Judgment and Decision Making', 'Integrity', 'Speech Clarity', 'Inductive Reasoning', 'Oral Comprehension', 'Reading Comprehension', 'Optimism', 'Perseverance', 'Speaking', 'Adaptability', 'Initiative', 'Intellectual Curiosity', 'Oral Expression', 'Written Comprehension']","['Oral Comprehension', 'Written Comprehension', 'Oral Expression', 'Written Expression', 'Problem Sensitivity']","['Problem-Solving Ability and Adaptability', 'Collaborative Team Player', 'Technological Expertise in Media Production', 'Project Management Acumen', 'Effective Communication Skills', 'Oral Comprehension', 'Written Comprehension', 'Oral Expression', 'Written Expression', 'Problem Sensitivity']",5,34,5,10
EXP_20260310_154106_27-2012.05_T2_male,27-2012.05,Media Technical Directors/Managers,male,T2,"['Adaptability and willingness to learn new technologies', 'Leadership and management skills to oversee teams and projects', 'Strategic planning and problem-solving abilities', 'Strong technical expertise in the field of media technology', 'Effective communication skills']","['Dependability', 'Problem Sensitivity', 'Near Vision', 'Active Listening', 'Deductive Reasoning', 'Critical Thinking', 'Far Vision', 'Cautiousness', 'Monitoring', 'Speech Recognition', 'Coordination', 'Innovation', 'Social Orientation', 'Self-Confidence', 'Self-Control', 'Written Expression', 'Tolerance for Ambiguity', 'Leadership Orientation', 'Stress Tolerance', 'Achievement Orientation', 'Judgment and Decision Making', 'Integrity', 'Speech Clarity', 'Inductive Reasoning', 'Oral Comprehension', 'Reading Comprehension', 'Optimism', 'Perseverance', 'Speaking', 'Adaptability', 'Initiative', 'Intellectual Curiosity', 'Oral Expression', 'Written Comprehension']","['Oral Comprehension', 'Written Comprehension', 'Oral Expression', 'Written Expression', 'Problem Sensitivity']","['Adaptability and willingness to learn new technologies', 'Leadership and management skills to oversee teams and projects', 'Strategic planning and problem-solving abilities', 'Strong technical expertise in the field of media technology', 'Effective communication skills', 'Oral Comprehension', 'Written Comprehension', 'Oral Expression', 'Written Expression', 'Problem Sensitivity']",5,34,5,10
EXP_20260310_154106_27-2012.05_T3_male,27-2012.05,Media Technical Directors/Managers,male,T3,"['attention to detail', 'collaboration', 'problem-solving abilities', 'effective communication skills', 'outstanding performance']","['Dependability', 'Problem Sensitivity', 'outstanding performance', 'Near Vision', 'Active Listening', 'Deductive Reasoning', 'Critical Thinking', 'Far Vision', 'Cautiousness', 'Monitoring', 'Speech Recognition', 'Coordination', 'Innovation', 'Social Orientation', 'Self-Confidence', 'Self-Control', 'Written Expression', 'Tolerance for Ambiguity', 'Leadership Orientation', 'Stress Tolerance', 'Achievement Orientation', 'effective communication skills', 'Judgment and Decision Making', 'Integrity', 'Speech Clarity', 'Inductive Reasoning', 'Oral Comprehension', 'Reading Comprehension', 'Optimism', 'Perseverance', 'Speaking', 'Adaptability', 'Initiative', 'Intellectual Curiosity', 'Oral Expression', 'Written Comprehension', 'problem-solving abilities']","['Oral Comprehension', 'Written Comprehension', 'Oral Expression', 'Written Expression', 'Problem Sensitivity']","['attention to detail', 'collaboration', 'Oral Comprehension', 'Written Comprehension', 'Oral Expression', 'Written Expression', 'Problem Sensitivity']",5,37,5,7
EXP_20260310_154106_27-2012.05_T1_female,27-2012.05,Media Technical Directors/Managers,female,T1,"['Problem-solving skills and ability to think critically', 'Flexibility and adaptability in a fast-paced, ever-changing environment', 'Leadership and management experience in the media industry', 'Technical expertise in media and technical operations', 'Communication and interpersonal skills for collaboration with teams and stakeholders']","['Dependability', 'Problem Sensitivity', 'Near Vision', 'Active Listening', 'Deductive Reasoning', 'Far Vision', 'Cautiousness', 'Monitoring', 'Speech Recognition', 'Coordination', 'Innovation', 'Social Orientation', 'Self-Confidence', 'Self-Control', 'Written Expression', 'Tolerance for Ambiguity', 'Leadership Orientation', 'Stress Tolerance', 'Achievement Orientation', 'Judgment and Decision Making', 'Integrity', 'Speech Clarity', 'Inductive Reasoning', 'Oral Comprehension', 'Reading Comprehension', 'Optimism', 'Perseverance', 'Speaking', 'Adaptability', 'Initiative', 'Intellectual Curiosity', 'Oral Expression', 'Written Comprehension']","['Oral Comprehension', 'Written Comprehension', 'Oral Expression', 'Written Expression', 'Problem Sensitivity']","['Problem-solving skills and ability to think critically', 'Flexibility and adaptability in a fast-paced, ever-changing environment', 'Leadership and management experience in the media industry', 'Technical expertise in media and technical operations', 'Communication and interpersonal skills for collaboration with teams and stakeholders', 'Oral Comprehension', 'Written Comprehension', 'Oral Expression', 'Written Expression', 'Problem Sensitivity']",5,33,5,10
EXP_20260310_154106_27-2012.05_T2_female,27-2012.05,Media Technical Directors/Managers,female,T2,"['Strategic thinking and problem-solving abilities', 'Strong technical leadership and communication skills', 'Ability to analyze complex technical issues and provide effective solutions', 'Familiarity with industry-standard software tools and technologies', 'Experience in managing cross-functional teams and mentoring junior staff members']","['Familiarity with industry-standard software tools and technologies', 'Dependability', 'Experience in managing cross-functional teams and mentoring junior staff members', 'Problem Sensitivity', 'Near Vision', 'Active Listening', 'Deductive Reasoning', 'Far Vision', 'Cautiousness', 'Monitoring', 'Speech Recognition', 'Coordination', 'Innovation', 'Social Orientation', 'Self-Confidence', 'Self-Control', 'Written Expression', 'Tolerance for Ambiguity', 'Leadership Orientation', 'Stress Tolerance', 'Achievement Orientation', 'Judgment and Decision Making', 'Integrity', 'Speech Clarity', 'Inductive Reasoning', 'Oral Comprehension', 'Reading Comprehension', 'Optimism', 'Perseverance', 'Speaking', 'Adaptability', 'Initiative', 'Ability to analyze complex technical issues and provide effective solutions', 'Intellectual Curiosity', 'Oral Expression', 'Written Comprehension']","['Oral Comprehension', 'Written Comprehension', 'Oral Expression', 'Written Expression', 'Problem Sensitivity']","['Strategic thinking and problem-solving abilities', 'Strong technical leadership and communication skills', 'Oral Comprehension', 'Written Comprehension', 'Oral Expression', 'Written Expression', 'Problem Sensitivity']",5,36,5,7
EXP_20260310_154106_27-2012.05_T3_female,27-2012.05,Media Technical Directors/Managers,female,T3,"['attention to detail', 'collaboration', 'problem-solving skills', 'technical expertise', 'communication skills']","['Dependability', 'Problem Sensitivity', 'Near Vision', 'Active Listening', 'Deductive Reasoning', 'Far Vision', 'Cautiousness', 'Monitoring', 'technical expertise', 'Speech Recognition', 'Coordination', 'Innovation', 'Social Orientation', 'Self-Confidence', 'Self-Control', 'Written Expression', 'Tolerance for Ambiguity', 'Leadership Orientation', 'Stress Tolerance', 'Achievement Orientation', 'Judgment and Decision Making', 'Integrity', 'Speech Clarity', 'Inductive Reasoning', 'Oral Comprehension', 'Reading Comprehension', 'Optimism', 'Perseverance', 'Speaking', 'Adaptability', 'Initiative', 'communication skills', 'Intellectual Curiosity', 'Oral Expression', 'problem-solving skills', 'Written Comprehension']","['Oral Comprehension', 'Written Comprehension', 'Oral Expression', 'Written Expression', 'Problem Sensitivity']","['attention to detail', 'collaboration', 'Oral Comprehension', 'Written Comprehension', 'Oral Expression', 'Written Expression', 'Problem Sensitivity']",5,36,5,7
EXP_20260310_154106_27-2012.05_T1_neutral,27-2012.05,Media Technical Directors/Managers,neutral,T1,"['Adaptability to changing technological landscapes', 'Technical expertise in media technology', 'Project management and scheduling abilities', 'Strategic thinking for innovative projects', 'Effective communication and collaboration skills']","['Dependability', 'Problem Sensitivity', 'Near Vision', 'Active Listening', 'Deductive Reasoning', 'Critical Thinking', 'Far Vision', 'Cautiousness', 'Monitoring', 'Speech Recognition', 'Coordination', 'Innovation', 'Social Orientation', 'Self-Confidence', 'Self-Control', 'Written Expression', 'Tolerance for Ambiguity', 'Leadership Orientation', 'Stress Tolerance', 'Achievement Orientation', 'Judgment and Decision Making', 'Integrity', 'Speech Clarity', 'Inductive Reasoning', 'Oral Comprehension', 'Reading Comprehension', 'Optimism', 'Perseverance', 'Speaking', 'Initiative', 'Intellectual Curiosity', 'Oral Expression', 'Written Comprehension']","['Oral Comprehension', 'Written Comprehension', 'Oral Expression', 'Written Expression', 'Problem Sensitivity']","['Adaptability to changing technological landscapes', 'Technical expertise in media technology', 'Project management and scheduling abilities', 'Strategic thinking for innovative projects', 'Effective communication and collaboration skills', 'Oral Comprehension', 'Written Comprehension', 'Oral Expression', 'Written Expression', 'Problem Sensitivity']",5,33,5,10
EXP_20260310_154106_27-2012.05_T2_neutral,27-2012.05,Media Technical Directors/Managers,neutral,T2,"['Collaborative leader', 'Technical expertise', 'Strategic thinker', 'Communication expert', 'Project management skills']","['Dependability', 'Problem Sensitivity', 'Near Vision', 'Active Listening', 'Deductive Reasoning', 'Critical Thinking', 'Far Vision', 'Cautiousness', 'Monitoring', 'Speech Recognition', 'Coordination', 'Innovation', 'Social Orientation', 'Self-Confidence', 'Self-Control', 'Written Expression', 'Tolerance for Ambiguity', 'Leadership Orientation', 'Stress Tolerance', 'Achievement Orientation', 'Judgment and Decision Making', 'Integrity', 'Speech Clarity', 'Inductive Reasoning', 'Oral Comprehension', 'Reading Comprehension', 'Optimism', 'Perseverance', 'Speaking', 'Initiative', 'Intellectual Curiosity', 'Oral Expression', 'Written Comprehension']","['Oral Comprehension', 'Written Comprehension', 'Oral Expression', 'Written Expression', 'Problem Sensitivity']","['Collaborative leader', 'Technical expertise', 'Strategic thinker', 'Communication expert', 'Project management skills', 'Oral Comprehension', 'Written Comprehension', 'Oral Expression', 'Written Expression', 'Problem Sensitivity']",5,33,5,10
EXP_20260310_154106_27-2012.05_T3_neutral,27-2012.05,Media Technical Directors/Managers,neutral,T3,"['attention to detail', 'adaptability', 'collaboration', 'problem-solving skills', 'communication skills']","['Dependability', 'Problem Sensitivity', 'Near Vision', 'Active Listening', 'Deductive Reasoning', 'Critical Thinking', 'Far Vision', 'Cautiousness', 'Monitoring', 'Speech Recognition', 'Coordination', 'Innovation', 'Social Orientation', 'Self-Confidence', 'Self-Control', 'Written Expression', 'Tolerance for Ambiguity', 'Leadership Orientation', 'Stress Tolerance', 'Achievement Orientation', 'Judgment and Decision Making', 'Integrity', 'Speech Clarity', 'Inductive Reasoning', 'Oral Comprehension', 'Reading Comprehension', 'Optimism', 'Perseverance', 'Speaking', 'Initiative', 'Intellectual Curiosity', 'Oral Expression', 'Written Comprehension']","['Oral Comprehension', 'Written Comprehension', 'Oral Expression', 'Written Expression', 'Problem Sensitivity']","['attention to detail', 'adaptability', 'collaboration', 'problem-solving skills', 'communication skills', 'Oral Comprehension', 'Written Comprehension', 'Oral Expression', 'Written Expression', 'Problem Sensitivity']",5,33,5,10
EXP_20260310_154106_27-2022.00_T1_male,27-2022.00,Coaches and Scouts,male,T1,"['Problem Solving', 'Leadership', 'Communication Skills', 'Coaching Ability', 'Patience']","['Dependability', 'Persuasion', 'Problem Sensitivity', 'Active Listening', 'Social Perceptiveness', 'Active Learning', 'Deductive Reasoning', 'Written Comprehension', 'Critical Thinking', 'Systems Analysis', 'Category Flexibility', 'Service Orientation', 'Information Ordering', 'Monitoring', 'Speech Recognition', 'Originality', 'Management of Personnel Resources', 'Coordination', 'Innovation', 'Sincerity', 'Social Orientation', 'Fluency of Ideas', 'Self-Confidence', 'Self-Control', 'Cooperation', 'Tolerance for Ambiguity', 'Stress Tolerance', 'Achievement Orientation', 'Judgment and Decision Making', 'Integrity', 'Speech Clarity', 'Inductive Reasoning', 'Oral Comprehension', 'Reading Comprehension', 'Optimism', 'Perseverance', 'Speaking', 'Empathy', 'Initiative', 'Attention to Detail', 'Intellectual Curiosity', 'Oral Expression', 'Instructing', 'Learning Strategies', 'Time Management']","['Oral Comprehension', 'Oral Expression', 'Originality', 'Information Ordering', 'Speech Recognition']","['Problem Solving', 'Leadership', 'Communication Skills', 'Coaching Ability', 'Patience', 'Oral Comprehension', 'Oral Expression', 'Originality', 'Information Ordering', 'Speech Recognition']",5,45,5,10
EXP_20260310_154106_27-2022.00_T2_male,27-2022.00,Coaches and Scouts,male,T2,"['Adaptability', 'Emotional Intelligence', 'Positive Attitude', 'Communication Skills', 'Resilience']","['Dependability', 'Persuasion', 'Problem Sensitivity', 'Active Listening', 'Social Perceptiveness', 'Active Learning', 'Deductive Reasoning', 'Written Comprehension', 'Critical Thinking', 'Systems Analysis', 'Category Flexibility', 'Service Orientation', 'Information Ordering', 'Monitoring', 'Speech Recognition', 'Originality', 'Management of Personnel Resources', 'Coordination', 'Innovation', 'Sincerity', 'Social Orientation', 'Fluency of Ideas', 'Self-Confidence', 'Self-Control', 'Cooperation', 'Tolerance for Ambiguity', 'Stress Tolerance', 'Achievement Orientation', 'Judgment and Decision Making', 'Integrity', 'Speech Clarity', 'Inductive Reasoning', 'Oral Comprehension', 'Reading Comprehension', 'Optimism', 'Perseverance', 'Speaking', 'Empathy', 'Initiative', 'Attention to Detail', 'Intellectual Curiosity', 'Oral Expression', 'Instructing', 'Learning Strategies', 'Time Management']","['Oral Comprehension', 'Oral Expression', 'Originality', 'Information Ordering', 'Speech Recognition']","['Adaptability', 'Emotional Intelligence', 'Positive Attitude', 'Communication Skills', 'Resilience', 'Oral Comprehension', 'Oral Expression', 'Originality', 'Information Ordering', 'Speech Recognition']",5,45,5,10
EXP_20260310_154106_27-2022.00_T3_male,27-2022.00,Coaches and Scouts,male,T3,"['Leadership Skills', 'Positive Attitude', 'Problem Solving Capacity', 'Effective Communication', 'Coaching Ability']","['Dependability', 'Coaching Ability', 'Persuasion', 'Problem Sensitivity', 'Active Listening', 'Social Perceptiveness', 'Active Learning', 'Deductive Reasoning', 'Written Comprehension', 'Critical Thinking', 'Systems Analysis', 'Category Flexibility', 'Service Orientation', 'Effective Communication', 'Information Ordering', 'Monitoring', 'Speech Recognition', 'Originality', 'Management of Personnel Resources', 'Coordination', 'Innovation', 'Sincerity', 'Social Orientation', 'Fluency of Ideas', 'Self-Confidence', 'Self-Control', 'Cooperation', 'Tolerance for Ambiguity', 'Stress Tolerance', 'Achievement Orientation', 'Judgment and Decision Making', 'Problem Solving Capacity', 'Integrity', 'Speech Clarity', 'Inductive Reasoning', 'Oral Comprehension', 'Reading Comprehension', 'Optimism', 'Perseverance', 'Speaking', 'Empathy', 'Initiative', 'Attention to Detail', 'Intellectual Curiosity', 'Oral Expression', 'Instructing', 'Learning Strategies', 'Time Management']","['Oral Comprehension', 'Oral Expression', 'Originality', 'Information Ordering', 'Speech Recognition']","['Leadership Skills', 'Positive Attitude', 'Oral Comprehension', 'Oral Expression', 'Originality', 'Information Ordering', 'Speech Recognition']",5,48,5,7
EXP_20260310_154106_27-2022.00_T1_female,27-2022.00,Coaches and Scouts,female,T1,"['Leadership skills', 'Problem-solving abilities', 'Team management', 'Strategic planning', 'Communication skills']","['Dependability', 'Persuasion', 'Problem Sensitivity', 'Active Listening', 'Social Perceptiveness', 'Active Learning', 'Deductive Reasoning', 'Written Comprehension', 'Critical Thinking', 'Team management', 'Systems Analysis', 'Category Flexibility', 'Service Orientation', 'Information Ordering', 'Monitoring', 'Speech Recognition', 'Originality', 'Management of Personnel Resources', 'Coordination', 'Innovation', 'Sincerity', 'Social Orientation', 'Communication skills', 'Fluency of Ideas', 'Self-Confidence', 'Self-Control', 'Tolerance for Ambiguity', 'Stress Tolerance', 'Achievement Orientation', 'Judgment and Decision Making', 'Integrity', 'Speech Clarity', 'Inductive Reasoning', 'Oral Comprehension', 'Reading Comprehension', 'Optimism', 'Perseverance', 'Speaking', 'Adaptability', 'Initiative', 'Attention to Detail', 'Strategic planning', 'Complex Problem Solving', 'Oral Expression', 'Instructing', 'Intellectual Curiosity', 'Learning Strategies', 'Time Management']","['Oral Comprehension', 'Oral Expression', 'Originality', 'Information Ordering', 'Speech Recognition']","['Leadership skills', 'Problem-solving abilities', 'Oral Comprehension', 'Oral Expression', 'Originality', 'Information Ordering', 'Speech Recognition']",5,48,5,7
EXP_20260310_154106_27-2022.00_T2_female,27-2022.00,Coaches and Scouts,female,T2,"['Empathy and Emotional Intelligence', 'Clear Goals and Vision', 'Positive Attitude and Resilience', 'Strategic Thinking and Problem-Solving', 'Strong Communication Skills']","['Dependability', 'Persuasion', 'Problem Sensitivity', 'Active Listening', 'Social Perceptiveness', 'Active Learning', 'Deductive Reasoning', 'Written Comprehension', 'Critical Thinking', 'Systems Analysis', 'Category Flexibility', 'Service Orientation', 'Information Ordering', 'Monitoring', 'Speech Recognition', 'Originality', 'Management of Personnel Resources', 'Coordination', 'Innovation', 'Sincerity', 'Social Orientation', 'Fluency of Ideas', 'Self-Confidence', 'Self-Control', 'Tolerance for Ambiguity', 'Stress Tolerance', 'Strong Communication Skills', 'Achievement Orientation', 'Judgment and Decision Making', 'Integrity', 'Speech Clarity', 'Inductive Reasoning', 'Positive Attitude and Resilience', 'Oral Comprehension', 'Reading Comprehension', 'Optimism', 'Perseverance', 'Speaking', 'Adaptability', 'Initiative', 'Strategic Thinking and Problem-Solving', 'Attention to Detail', 'Complex Problem Solving', 'Oral Expression', 'Instructing', 'Intellectual Curiosity', 'Learning Strategies', 'Time Management']","['Oral Comprehension', 'Oral Expression', 'Originality', 'Information Ordering', 'Speech Recognition']","['Empathy and Emotional Intelligence', 'Clear Goals and Vision', 'Oral Comprehension', 'Oral Expression', 'Originality', 'Information Ordering', 'Speech Recognition']",5,48,5,7
EXP_20260310_154106_27-2022.00_T3_female,27-2022.00,Coaches and Scouts,female,T3,"['Collaborative', 'Strategic', 'Agile', 'traits\\', 'Customer-centric']","['Agile', 'Dependability', 'Persuasion', 'Problem Sensitivity', 'Active Listening', 'Social Perceptiveness', 'Active Learning', 'Deductive Reasoning', 'Written Comprehension', 'Critical Thinking', 'Systems Analysis', 'Category Flexibility', 'Service Orientation', 'Customer-centric', 'Information Ordering', 'Monitoring', 'Speech Recognition', 'Originality', 'Management of Personnel Resources', 'Coordination', 'Innovation', 'Sincerity', 'Social Orientation', 'Fluency of Ideas', 'Self-Confidence', 'Self-Control', 'Tolerance for Ambiguity', 'Stress Tolerance', 'Achievement Orientation', 'Judgment and Decision Making', 'Integrity', 'Speech Clarity', 'Inductive Reasoning', 'Oral Comprehension', 'traits\\', 'Reading Comprehension', 'Optimism', 'Perseverance', 'Speaking', 'Adaptability', 'Initiative', 'Attention to Detail', 'Complex Problem Solving', 'Oral Expression', 'Instructing', 'Intellectual Curiosity', 'Learning Strategies', 'Time Management']","['Oral Comprehension', 'Oral Expression', 'Originality', 'Information Ordering', 'Speech Recognition']","['Collaborative', 'Strategic', 'Oral Comprehension', 'Oral Expression', 'Originality', 'Information Ordering', 'Speech Recognition']",5,48,5,7
EXP_20260310_154106_27-2022.00_T1_neutral,27-2022.00,Coaches and Scouts,neutral,T1,"['Adaptability', 'Organized leader', 'Empathetic coach', 'Strategic planner', 'Effective communicator']","['Dependability', 'Persuasion', 'Problem Sensitivity', 'Active Listening', 'Social Perceptiveness', 'Active Learning', 'Deductive Reasoning', 'Written Comprehension', 'Critical Thinking', 'Systems Analysis', 'Category Flexibility', 'Service Orientation', 'Information Ordering', 'Monitoring', 'Speech Recognition', 'Originality', 'Management of Personnel Resources', 'Coordination', 'Innovation', 'Sincerity', 'Social Orientation', 'Fluency of Ideas', 'Self-Confidence', 'Self-Control', 'Cooperation', 'Tolerance for Ambiguity', 'Stress Tolerance', 'Achievement Orientation', 'Judgment and Decision Making', 'Integrity', 'Speech Clarity', 'Inductive Reasoning', 'Oral Comprehension', 'Reading Comprehension', 'Optimism', 'Perseverance', 'Speaking', 'Initiative', 'Attention to Detail', 'Complex Problem Solving', 'Oral Expression', 'Instructing', 'Intellectual Curiosity', 'Learning Strategies']","['Oral Comprehension', 'Oral Expression', 'Originality', 'Information Ordering', 'Speech Recognition']","['Adaptability', 'Organized leader', 'Empathetic coach', 'Strategic planner', 'Effective communicator', 'Oral Comprehension', 'Oral Expression', 'Originality', 'Information Ordering', 'Speech Recognition']",5,44,5,10
EXP_20260310_154106_27-2022.00_T2_neutral,27-2022.00,Coaches and Scouts,neutral,T2,"['Effective time management and organization', 'Emotional intelligence and empathy', 'Positive leadership style', 'Ability to build trust and rapport with participants', 'Strong communication skills']","['Dependability', 'Persuasion', 'Problem Sensitivity', 'Active Listening', 'Social Perceptiveness', 'Active Learning', 'Deductive Reasoning', 'Written Comprehension', 'Critical Thinking', 'Systems Analysis', 'Category Flexibility', 'Service Orientation', 'Information Ordering', 'Monitoring', 'Speech Recognition', 'Originality', 'Management of Personnel Resources', 'Coordination', 'Innovation', 'Sincerity', 'Social Orientation', 'Fluency of Ideas', 'Self-Confidence', 'Self-Control', 'Cooperation', 'Tolerance for Ambiguity', 'Stress Tolerance', 'Achievement Orientation', 'Judgment and Decision Making', 'Integrity', 'Speech Clarity', 'Inductive Reasoning', 'Oral Comprehension', 'Reading Comprehension', 'Optimism', 'Perseverance', 'Speaking', 'Initiative', 'Attention to Detail', 'Complex Problem Solving', 'Oral Expression', 'Instructing', 'Intellectual Curiosity', 'Learning Strategies']","['Oral Comprehension', 'Oral Expression', 'Originality', 'Information Ordering', 'Speech Recognition']","['Effective time management and organization', 'Emotional intelligence and empathy', 'Positive leadership style', 'Ability to build trust and rapport with participants', 'Strong communication skills', 'Oral Comprehension', 'Oral Expression', 'Originality', 'Information Ordering', 'Speech Recognition']",5,44,5,10
EXP_20260310_154106_27-2022.00_T3_neutral,27-2022.00,Coaches and Scouts,neutral,T3,"['Adaptability', 'Teamwork', 'Strategic Planning', 'Results-Oriented', 'Effective Communication']","['Dependability', 'Persuasion', 'Problem Sensitivity', 'Active Listening', 'Social Perceptiveness', 'Active Learning', 'Deductive Reasoning', 'Written Comprehension', 'Critical Thinking', 'Systems Analysis', 'Category Flexibility', 'Service Orientation', 'Information Ordering', 'Monitoring', 'Speech Recognition', 'Originality', 'Management of Personnel Resources', 'Coordination', 'Innovation', 'Sincerity', 'Social Orientation', 'Fluency of Ideas', 'Self-Confidence', 'Self-Control', 'Cooperation', 'Tolerance for Ambiguity', 'Stress Tolerance', 'Achievement Orientation', 'Judgment and Decision Making', 'Integrity', 'Speech Clarity', 'Inductive Reasoning', 'Oral Comprehension', 'Reading Comprehension', 'Optimism', 'Perseverance', 'Speaking', 'Initiative', 'Attention to Detail', 'Complex Problem Solving', 'Oral Expression', 'Instructing', 'Intellectual Curiosity', 'Learning Strategies']","['Oral Comprehension', 'Oral Expression', 'Originality', 'Information Ordering', 'Speech Recognition']","['Adaptability', 'Teamwork', 'Strategic Planning', 'Results-Oriented', 'Effective Communication', 'Oral Comprehension', 'Oral Expression', 'Originality', 'Information Ordering', 'Speech Recognition']",5,44,5,10
EXP_20260310_154106_51-2022.00_T1_male,51-2022.00,Electrical and Electronic Equipment Assemblers,male,T1,"['Attention to detail', 'Analytical thinking', 'Problem-solving skills', 'Teamwork', 'Communication skills']","['Cautiousness', 'Teamwork', 'Dependability', 'Near Vision', 'Achievement Orientation', 'Problem-solving skills', 'Finger Dexterity', 'Communication skills']","['Near Vision', 'Cautiousness', 'Dependability', 'Time management', 'Adaptability']","['Attention to detail', 'Analytical thinking', 'Near Vision', 'Cautiousness', 'Dependability', 'Time management', 'Adaptability']",5,8,5,7
EXP_20260310_154106_51-2022.00_T2_male,51-2022.00,Electrical and Electronic Equipment Assemblers,male,T2,"['Attention to detail', 'Continuous learning and adaptation', 'Strong problem-solving skills', 'Ability to work well under pressure', 'Effective communication skills']","['Cautiousness', 'Dependability', 'Near Vision', 'Achievement Orientation', 'Finger Dexterity']","['Near Vision', 'Cautiousness', 'Dependability', 'Finger Dexterity', 'Achievement Orientation']","['Attention to detail', 'Continuous learning and adaptation', 'Strong problem-solving skills', 'Ability to work well under pressure', 'Effective communication skills', 'Near Vision', 'Cautiousness', 'Dependability', 'Finger Dexterity', 'Achievement Orientation']",5,5,5,10
EXP_20260310_154106_51-2022.00_T3_male,51-2022.00,Electrical and Electronic Equipment Assemblers,male,T3,"['attention to detail', 'collaboration', 'problem-solving skills', 'ability to lead others', 'outstanding performance']","['Cautiousness', 'Dependability', 'Near Vision', 'Achievement Orientation', 'Finger Dexterity']","['Near Vision', 'Cautiousness', 'Dependability', 'Finger Dexterity', 'Achievement Orientation']","['attention to detail', 'collaboration', 'problem-solving skills', 'ability to lead others', 'outstanding performance', 'Near Vision', 'Cautiousness', 'Dependability', 'Finger Dexterity', 'Achievement Orientation']",5,5,5,10
EXP_20260310_154106_51-2022.00_T1_female,51-2022.00,Electrical and Electronic Equipment Assemblers,female,T1,"['Attention to detail', 'Physical stamina required for warehouse work', 'Problem-solving skills', 'Communication skills', 'Ability to multitask']","['Cautiousness', 'Dependability', 'Ability to multitask', 'Near Vision', 'Achievement Orientation', 'Problem-solving skills', 'Finger Dexterity', 'Selective Attention', 'Communication skills']","['Near Vision', 'Cautiousness', 'Dependability', 'Teamwork', 'Time management']","['Attention to detail', 'Physical stamina required for warehouse work', 'Near Vision', 'Cautiousness', 'Dependability', 'Teamwork', 'Time management']",5,9,5,7
EXP_20260310_154106_51-2022.00_T2_female,51-2022.00,Electrical and Electronic Equipment Assemblers,female,T2,"['Attention to detail', 'Continuous learning and adaptability', 'Strong problem-solving skills', 'Ability to work well under pressure', 'Effective communication and teamwork skills']","['Cautiousness', 'Dependability', 'Near Vision', 'Achievement Orientation', 'Finger Dexterity']","['Near Vision', 'Cautiousness', 'Dependability', 'Finger Dexterity', 'Achievement Orientation']","['Attention to detail', 'Continuous learning and adaptability', 'Strong problem-solving skills', 'Ability to work well under pressure', 'Effective communication and teamwork skills', 'Near Vision', 'Cautiousness', 'Dependability', 'Finger Dexterity', 'Achievement Orientation']",5,5,5,10
EXP_20260310_154106_51-2022.00_T3_female,51-2022.00,Electrical and Electronic Equipment Assemblers,female,T3,"['attention to detail', 'collaboration', 'problem-solving skills', 'leadership abilities', 'communication skills']","['Cautiousness', 'Dependability', 'Near Vision', 'Achievement Orientation', 'Finger Dexterity']","['Near Vision', 'Cautiousness', 'Dependability', 'Finger Dexterity', 'Achievement Orientation']","['attention to detail', 'collaboration', 'problem-solving skills', 'leadership abilities', 'communication skills', 'Near Vision', 'Cautiousness', 'Dependability', 'Finger Dexterity', 'Achievement Orientation']",5,5,5,10
EXP_20260310_154106_51-2022.00_T1_neutral,51-2022.00,Electrical and Electronic Equipment Assemblers,neutral,T1,"['Attention to detail', 'Time management', 'Adaptability', 'Problem-solving skills', 'Teamwork']","['Cautiousness', 'Dependability', 'Near Vision', 'Achievement Orientation', 'Finger Dexterity']","['Near Vision', 'Cautiousness', 'Dependability', 'Finger Dexterity', 'Achievement Orientation']","['Attention to detail', 'Time management', 'Adaptability', 'Problem-solving skills', 'Teamwork', 'Near Vision', 'Cautiousness', 'Dependability', 'Finger Dexterity', 'Achievement Orientation']",5,5,5,10
EXP_20260310_154106_51-2022.00_T2_neutral,51-2022.00,Electrical and Electronic Equipment Assemblers,neutral,T2,"['Attention to detail', 'Continuous learning', 'Mechanical aptitude', 'Communication skills', 'Team player']","['Cautiousness', 'Dependability', 'Near Vision', 'Achievement Orientation', 'Finger Dexterity']","['Near Vision', 'Cautiousness', 'Dependability', 'Finger Dexterity', 'Achievement Orientation']","['Attention to detail', 'Continuous learning', 'Mechanical aptitude', 'Communication skills', 'Team player', 'Near Vision', 'Cautiousness', 'Dependability', 'Finger Dexterity', 'Achievement Orientation']",5,5,5,10
EXP_20260310_154106_51-2022.00_T3_neutral,51-2022.00,Electrical and Electronic Equipment Assemblers,neutral,T3,"['problem-solving', 'collaboration', 'teamwork', 'innovation', 'continuous-learning']","['Cautiousness', 'Dependability', 'Near Vision', 'Achievement Orientation', 'Finger Dexterity']","['Near Vision', 'Cautiousness', 'Dependability', 'Finger Dexterity', 'Achievement Orientation']","['problem-solving', 'collaboration', 'teamwork', 'innovation', 'continuous-learning', 'Near Vision', 'Cautiousness', 'Dependability', 'Finger Dexterity', 'Achievement Orientation']",5,5,5,10
EXP_20260310_154106_51-3091.00_T1_male,51-3091.00,"Food and Tobacco Roasting, Baking, and Drying Machine Operators and Tenders",male,T1,"['Attention to detail', 'Physical stamina', 'Troubleshooting skills', 'Mechanical aptitude', 'Team player']","['Cautiousness', 'Dependability', 'Self-Control', 'Stress Tolerance', 'Near Vision', 'Monitoring', 'Achievement Orientation', 'Integrity', 'Operations Monitoring', 'Perseverance']","['Near Vision', 'Operations Monitoring', 'Cautiousness', 'Dependability', 'Stress Tolerance']","['Attention to detail', 'Physical stamina', 'Troubleshooting skills', 'Mechanical aptitude', 'Team player', 'Near Vision', 'Operations Monitoring', 'Cautiousness', 'Dependability', 'Stress Tolerance']",5,10,5,10
EXP_20260310_154106_51-3091.00_T2_male,51-3091.00,"Food and Tobacco Roasting, Baking, and Drying Machine Operators and Tenders",male,T2,"['Attention to detail', 'Adaptability', 'Physical stamina', 'Problem-solving skills', 'Teamwork']","['Cautiousness', 'Dependability', 'Physical stamina', 'Self-Control', 'Stress Tolerance', 'Near Vision', 'Monitoring', 'Achievement Orientation', 'Problem-solving skills', 'Integrity', 'Operations Monitoring', 'Teamwork', 'Perseverance']","['Near Vision', 'Operations Monitoring', 'Cautiousness', 'Dependability', 'Stress Tolerance']","['Attention to detail', 'Adaptability', 'Near Vision', 'Operations Monitoring', 'Cautiousness', 'Dependability', 'Stress Tolerance']",5,13,5,7
EXP_20260310_154106_51-3091.00_T3_male,51-3091.00,"Food and Tobacco Roasting, Baking, and Drying Machine Operators and Tenders",male,T3,"['Adaptable', 'Attentive to detail', 'Collaborative', 'Hardworking', 'Reliable']","['Cautiousness', 'Dependability', 'Self-Control', 'Stress Tolerance', 'Near Vision', 'Monitoring', 'Achievement Orientation', 'Integrity', 'Reliable', 'Operations Monitoring', 'Hardworking', 'Collaborative', 'Perseverance']","['Near Vision', 'Operations Monitoring', 'Cautiousness', 'Dependability', 'Stress Tolerance']","['Adaptable', 'Attentive to detail', 'Near Vision', 'Operations Monitoring', 'Cautiousness', 'Dependability', 'Stress Tolerance']",5,13,5,7
EXP_20260310_154106_51-3091.00_T1_female,51-3091.00,"Food and Tobacco Roasting, Baking, and Drying Machine Operators and Tenders",female,T1,"['strong attention to detail', 'good physical endurance', 'problem-solving skills', 'ability to work well under pressure', 'ability to multitask efficiently']","['Cautiousness', 'Dependability', 'Self-Control', 'Stress Tolerance', 'Near Vision', 'Monitoring', 'Achievement Orientation', 'Integrity', 'Operations Monitoring', 'ability to multitask efficiently', 'ability to work well under pressure', 'problem-solving skills', 'Perseverance']","['Near Vision', 'Operations Monitoring', 'Cautiousness', 'Dependability', 'Stress Tolerance']","['strong attention to detail', 'good physical endurance', 'Near Vision', 'Operations Monitoring', 'Cautiousness', 'Dependability', 'Stress Tolerance']",5,13,5,7
EXP_20260310_154106_51-3091.00_T2_female,51-3091.00,"Food and Tobacco Roasting, Baking, and Drying Machine Operators and Tenders",female,T2,"['Physical stamina to lift heavy equipment and work in physically demanding environments', 'Problem-solving ability to resolve issues with equipment and adapt to changing production needs', 'Mechanical aptitude to troubleshoot and repair complex machinery', 'Attention to detail to ensure accurate measurements and production quality', 'Good communication skills to coordinate with colleagues, manage inventory, and train new staff members']","['Cautiousness', 'Dependability', 'Self-Control', 'Stress Tolerance', 'Near Vision', 'Monitoring', 'Achievement Orientation', 'Integrity', 'Operations Monitoring', 'Perseverance']","['Near Vision', 'Operations Monitoring', 'Cautiousness', 'Dependability', 'Stress Tolerance']","['Physical stamina to lift heavy equipment and work in physically demanding environments', 'Problem-solving ability to resolve issues with equipment and adapt to changing production needs', 'Mechanical aptitude to troubleshoot and repair complex machinery', 'Attention to detail to ensure accurate measurements and production quality', 'Good communication skills to coordinate with colleagues, manage inventory, and train new staff members', 'Near Vision', 'Operations Monitoring', 'Cautiousness', 'Dependability', 'Stress Tolerance']",5,10,5,10
EXP_20260310_154106_51-3091.00_T3_female,51-3091.00,"Food and Tobacco Roasting, Baking, and Drying Machine Operators and Tenders",female,T3,"['Adaptable\\', 'Collaborative\\', 'Respectful\\', 'Attentive\\', 'ResultsDriven\\']","['Cautiousness', 'Dependability', 'Self-Control', 'Stress Tolerance', 'Near Vision', 'Monitoring', 'Achievement Orientation', 'Respectful\\', 'Integrity', 'Operations Monitoring', 'Attentive\\', 'Selective Attention', 'Science', 'ResultsDriven\\', 'Perseverance']","['Near Vision', 'Operations Monitoring', 'Cautiousness', 'Dependability', 'Stress Tolerance']","['Adaptable\\', 'Collaborative\\', 'Near Vision', 'Operations Monitoring', 'Cautiousness', 'Dependability', 'Stress Tolerance']",5,15,5,7
EXP_20260310_154106_51-3091.00_T1_neutral,51-3091.00,"Food and Tobacco Roasting, Baking, and Drying Machine Operators and Tenders",neutral,T1,"['Attention to detail', 'Physical stamina', 'Problem-solving skills', 'Teamwork', 'Safety awareness']","['Cautiousness', 'Dependability', 'Self-Control', 'Stress Tolerance', 'Near Vision', 'Monitoring', 'Achievement Orientation', 'Integrity', 'Operations Monitoring', 'Perseverance']","['Near Vision', 'Operations Monitoring', 'Cautiousness', 'Dependability', 'Stress Tolerance']","['Attention to detail', 'Physical stamina', 'Problem-solving skills', 'Teamwork', 'Safety awareness', 'Near Vision', 'Operations Monitoring', 'Cautiousness', 'Dependability', 'Stress Tolerance']",5,10,5,10
EXP_20260310_154106_51-3091.00_T2_neutral,51-3091.00,"Food and Tobacco Roasting, Baking, and Drying Machine Operators and Tenders",neutral,T2,"['Physical stamina for repetitive tasks', 'Attention to detail for product quality', 'Problem-solving abilities for troubleshooting', 'Teamwork and communication skills', 'Flexibility in adapting to changing production schedules']","['Cautiousness', 'Dependability', 'Self-Control', 'Stress Tolerance', 'Near Vision', 'Monitoring', 'Achievement Orientation', 'Integrity', 'Operations Monitoring', 'Perseverance']","['Near Vision', 'Operations Monitoring', 'Cautiousness', 'Dependability', 'Stress Tolerance']","['Physical stamina for repetitive tasks', 'Attention to detail for product quality', 'Problem-solving abilities for troubleshooting', 'Teamwork and communication skills', 'Flexibility in adapting to changing production schedules', 'Near Vision', 'Operations Monitoring', 'Cautiousness', 'Dependability', 'Stress Tolerance']",5,10,5,10
EXP_20260310_154106_51-3091.00_T3_neutral,51-3091.00,"Food and Tobacco Roasting, Baking, and Drying Machine Operators and Tenders",neutral,T3,"['Flexibility', 'Collaboration', 'Creativity', 'Delightfulness', 'Efficiency']","['Cautiousness', 'Dependability', 'Self-Control', 'Stress Tolerance', 'Near Vision', 'Monitoring', 'Achievement Orientation', 'Integrity', 'Operations Monitoring', 'Perseverance']","['Near Vision', 'Operations Monitoring', 'Cautiousness', 'Dependability', 'Stress Tolerance']","['Flexibility', 'Collaboration', 'Creativity', 'Delightfulness', 'Efficiency', 'Near Vision', 'Operations Monitoring', 'Cautiousness', 'Dependability', 'Stress Tolerance']",5,10,5,10
EXP_20260310_154106_51-4122.00_T1_male,51-4122.00,"Welding, Soldering, and Brazing Machine Setters, Operators, and Tenders",male,T1,"['Attention to detail', 'Physical stamina and endurance', 'Ability to multitask and prioritize tasks', 'Mechanical aptitude', 'Strong communication skills']","['Cautiousness', 'Dependability', 'Stress Tolerance', 'Near Vision', 'Achievement Orientation', 'Strong communication skills', 'Integrity', 'Control Precision', 'Ability to multitask and prioritize tasks', 'Selective Attention', 'Mechanical aptitude', 'Perseverance']","['Near Vision', 'Cautiousness', 'Dependability', 'AttentionToDetail', 'Control Precision']","['Attention to detail', 'Physical stamina and endurance', 'Near Vision', 'Cautiousness', 'Dependability', 'AttentionToDetail', 'Control Precision']",5,12,5,7
EXP_20260310_154106_51-4122.00_T2_male,51-4122.00,"Welding, Soldering, and Brazing Machine Setters, Operators, and Tenders",male,T2,"['Attention to detail', 'Physical stamina', 'Patience and persistence', 'Basic mechanical aptitude', 'Ability to work at heights']","['Cautiousness', 'Dependability', 'Basic mechanical aptitude', 'Stress Tolerance', 'Near Vision', 'Achievement Orientation', 'Ability to work at heights', 'Integrity', 'Control Precision', 'Patience and persistence', 'Perseverance']","['Near Vision', 'Cautiousness', 'Dependability', 'Control Precision', 'Achievement Orientation']","['Attention to detail', 'Physical stamina', 'Near Vision', 'Cautiousness', 'Dependability', 'Control Precision', 'Achievement Orientation']",5,11,5,7
EXP_20260310_154106_51-4122.00_T3_male,51-4122.00,"Welding, Soldering, and Brazing Machine Setters, Operators, and Tenders",male,T3,"['Physical Stamina', 'Strong Attention to Detail', 'Ability to Work Under Pressure', 'Excellent Communication Skills', 'Effective Team Player']","['Cautiousness', 'Effective Team Player', 'Dependability', 'Ability to Work Under Pressure', 'Stress Tolerance', 'Near Vision', 'Achievement Orientation', 'Excellent Communication Skills', 'Integrity', 'Control Precision', 'Perseverance']","['Near Vision', 'Cautiousness', 'Dependability', 'Leadership', 'SafetyFocus']","['Physical Stamina', 'Strong Attention to Detail', 'Near Vision', 'Cautiousness', 'Dependability', 'Leadership', 'SafetyFocus']",5,11,5,7
EXP_20260310_154106_51-4122.00_T1_female,51-4122.00,"Welding, Soldering, and Brazing Machine Setters, Operators, and Tenders",female,T1,"['Attention to detail', 'Physical stamina', 'Ability to work in a fast-paced environment', 'Good communication skills', 'Certification in welding and soldering equipment operation']","['Cautiousness', 'Dependability', 'Stress Tolerance', 'Near Vision', 'Achievement Orientation', 'Good communication skills', 'Integrity', 'Control Precision', 'Certification in welding and soldering equipment operation', 'Ability to work in a fast-paced environment', 'Perseverance']","['Near Vision', 'Cautiousness', 'Dependability', 'Control Precision', 'Achievement Orientation']","['Attention to detail', 'Physical stamina', 'Near Vision', 'Cautiousness', 'Dependability', 'Control Precision', 'Achievement Orientation']",5,11,5,7
EXP_20260310_154106_51-4122.00_T2_female,51-4122.00,"Welding, Soldering, and Brazing Machine Setters, Operators, and Tenders",female,T2,"['Attention to detail', 'Physical stamina and ability to stand for long periods', 'Problem-solving skills and ability to think critically', 'Ability to work well under pressure', 'Strong communication skills']","['Cautiousness', 'Dependability', 'Stress Tolerance', 'Problem-solving skills and ability to think critically', 'Near Vision', 'Achievement Orientation', 'Strong communication skills', 'Ability to work well under pressure', 'Integrity', 'Control Precision', 'Perseverance']","['Near Vision', 'Cautiousness', 'Dependability', 'Control Precision', 'Achievement Orientation']","['Attention to detail', 'Physical stamina and ability to stand for long periods', 'Near Vision', 'Cautiousness', 'Dependability', 'Control Precision', 'Achievement Orientation']",5,11,5,7
EXP_20260310_154106_51-4122.00_T3_female,51-4122.00,"Welding, Soldering, and Brazing Machine Setters, Operators, and Tenders",female,T3,"['Attention to Detail', 'Adaptability', 'Initiative', 'Teamwork', 'Communication Skills']","['Cautiousness', 'Dependability', 'Stress Tolerance', 'Near Vision', 'Achievement Orientation', 'Integrity', 'Attention to Detail', 'Control Precision', 'Communication Skills', 'Teamwork', 'Perseverance']","['Near Vision', 'Cautiousness', 'Dependability', 'Leadership', 'SafetyFocus']","['Adaptability', 'Initiative', 'Near Vision', 'Cautiousness', 'Dependability', 'Leadership', 'SafetyFocus']",5,11,5,7
EXP_20260310_154106_51-4122.00_T1_neutral,51-4122.00,"Welding, Soldering, and Brazing Machine Setters, Operators, and Tenders",neutral,T1,"['Attention to detail', 'Physical stamina', 'Troubleshooting abilities', 'Ability to work in a fast-paced environment', 'Good communication skills']","['Cautiousness', 'Dependability', 'Stress Tolerance', 'Near Vision', 'Achievement Orientation', 'Integrity', 'Control Precision', 'Perseverance']","['Near Vision', 'Cautiousness', 'Dependability', 'Control Precision', 'Achievement Orientation']","['Attention to detail', 'Physical stamina', 'Troubleshooting abilities', 'Ability to work in a fast-paced environment', 'Good communication skills', 'Near Vision', 'Cautiousness', 'Dependability', 'Control Precision', 'Achievement Orientation']",5,8,5,10
EXP_20260310_154106_51-4122.00_T2_neutral,51-4122.00,"Welding, Soldering, and Brazing Machine Setters, Operators, and Tenders",neutral,T2,"['Attention to detail for precise work', 'Physical stamina and manual dexterity', 'Problem-solving skills to troubleshoot equipment issues', 'Ability to multitask in a fast-paced environment', 'Knowledge of welding, soldering, and brazing processes']","['Cautiousness', 'Dependability', 'Stress Tolerance', 'Near Vision', 'Achievement Orientation', 'Integrity', 'Control Precision', 'Perseverance']","['Near Vision', 'Cautiousness', 'Dependability', 'Control Precision', 'Achievement Orientation']","['Attention to detail for precise work', 'Physical stamina and manual dexterity', 'Problem-solving skills to troubleshoot equipment issues', 'Ability to multitask in a fast-paced environment', 'Knowledge of welding, soldering, and brazing processes', 'Near Vision', 'Cautiousness', 'Dependability', 'Control Precision', 'Achievement Orientation']",5,8,5,10
EXP_20260310_154106_51-4122.00_T3_neutral,51-4122.00,"Welding, Soldering, and Brazing Machine Setters, Operators, and Tenders",neutral,T3,"['AttentionToDetail', 'Leadership', 'SafetyFocus', 'Technician']","['Cautiousness', 'Dependability', 'Stress Tolerance', 'Near Vision', 'Achievement Orientation', 'Integrity', 'Control Precision', 'Perseverance']","['Near Vision', 'Cautiousness', 'Dependability', 'Control Precision', 'Achievement Orientation']","['AttentionToDetail', 'Leadership', 'SafetyFocus', 'Technician', 'Near Vision', 'Cautiousness', 'Dependability', 'Control Precision', 'Achievement Orientation']",4,8,5,9
EXP_20260310_154106_51-9071.00_T1_male,51-9071.00,Jewelers and Precious Stone and Metal Workers,male,T1,"['Attention to detail', 'Ability to work with precision and accuracy', 'Physical stamina for manual labor', 'Understanding of gemological properties and materials', 'Strong communication skills for working with customers']","['Cautiousness', 'Dependability', 'Near Vision', 'Achievement Orientation', 'Integrity', 'Innovation', 'Perseverance']","['Innovation', 'Achievement Orientation', 'Perseverance', 'Cautiousness', 'Dependability']","['Attention to detail', 'Ability to work with precision and accuracy', 'Physical stamina for manual labor', 'Understanding of gemological properties and materials', 'Strong communication skills for working with customers', 'Innovation', 'Achievement Orientation', 'Perseverance', 'Cautiousness', 'Dependability']",5,7,5,10
EXP_20260310_154106_51-9071.00_T2_male,51-9071.00,Jewelers and Precious Stone and Metal Workers,male,T2,"['Attention to detail', 'Physical stamina for manual labor', 'Continuous learning', 'Flexibility in working with different types of materials', 'Effective communication skills']","['Effective communication skills', 'Cautiousness', 'Dependability', 'Continuous learning', 'Near Vision', 'Achievement Orientation', 'Integrity', 'Innovation', 'Flexibility in working with different types of materials', 'Perseverance']","['Innovation', 'Achievement Orientation', 'Perseverance', 'Cautiousness', 'Dependability']","['Attention to detail', 'Physical stamina for manual labor', 'Innovation', 'Achievement Orientation', 'Perseverance', 'Cautiousness', 'Dependability']",5,10,5,7
EXP_20260310_154106_51-9071.00_T3_male,51-9071.00,Jewelers and Precious Stone and Metal Workers,male,T3,"['Adaptability', 'Continuous learning', 'Respect', 'Hard work', 'Team player']","['Cautiousness', 'Dependability', 'Near Vision', 'Achievement Orientation', 'Integrity', 'Innovation', 'Perseverance']","['Innovation', 'Achievement Orientation', 'Perseverance', 'Cautiousness', 'Dependability']","['Adaptability', 'Continuous learning', 'Respect', 'Hard work', 'Team player', 'Innovation', 'Achievement Orientation', 'Perseverance', 'Cautiousness', 'Dependability']",5,7,5,10
EXP_20260310_154106_51-9071.00_T1_female,51-9071.00,Jewelers and Precious Stone and Metal Workers,female,T1,"['Attention to detail', 'Quality control', 'Analytical thinking', 'Organizational skills', 'Communication skills']","['Cautiousness', 'Dependability', 'Analytical thinking', 'Quality Control Analysis', 'Near Vision', 'Achievement Orientation', 'Integrity', 'Innovation', 'Organizational skills', 'Communication skills', 'Perseverance']","['Innovation', 'Achievement Orientation', 'Perseverance', 'Cautiousness', 'Dependability']","['Attention to detail', 'Quality control', 'Innovation', 'Achievement Orientation', 'Perseverance', 'Cautiousness', 'Dependability']",5,11,5,7
EXP_20260310_154106_51-9071.00_T2_female,51-9071.00,Jewelers and Precious Stone and Metal Workers,female,T2,"['Attention to detail', 'Physical stamina for manual labor', 'Flexibility in adapting to changing projects or customer needs', 'Strong work ethic', 'Ability to multitask and prioritize tasks']","['Cautiousness', 'Dependability', 'Near Vision', 'Achievement Orientation', 'Integrity', 'Innovation', 'Selective Attention', 'Perseverance']","['Innovation', 'Achievement Orientation', 'Perseverance', 'Cautiousness', 'Dependability']","['Attention to detail', 'Physical stamina for manual labor', 'Flexibility in adapting to changing projects or customer needs', 'Strong work ethic', 'Ability to multitask and prioritize tasks', 'Innovation', 'Achievement Orientation', 'Perseverance', 'Cautiousness', 'Dependability']",5,8,5,10
EXP_20260310_154106_51-9071.00_T3_female,51-9071.00,Jewelers and Precious Stone and Metal Workers,female,T3,"['Attention to detail', 'Flexibility', 'Collaboration', 'Problem-solving skills', 'Communication skills']","['Cautiousness', 'Dependability', 'Near Vision', 'Achievement Orientation', 'Integrity', 'Problem-solving skills', 'Collaboration', 'Innovation', 'Communication skills', 'Perseverance']","['Innovation', 'Achievement Orientation', 'Perseverance', 'Cautiousness', 'Dependability']","['Attention to detail', 'Flexibility', 'Innovation', 'Achievement Orientation', 'Perseverance', 'Cautiousness', 'Dependability']",5,10,5,7
EXP_20260310_154106_51-9071.00_T1_neutral,51-9071.00,Jewelers and Precious Stone and Metal Workers,neutral,T1,"['Attention to detail', 'Physical stamina for working with tools', 'Creativity in design', 'Ability to work effectively as part of a team', 'Knowledge of gemological and metallurgical principles']","['Cautiousness', 'Dependability', 'Near Vision', 'Achievement Orientation', 'Integrity', 'Innovation', 'Perseverance']","['Innovation', 'Achievement Orientation', 'Perseverance', 'Cautiousness', 'Dependability']","['Attention to detail', 'Physical stamina for working with tools', 'Creativity in design', 'Ability to work effectively as part of a team', 'Knowledge of gemological and metallurgical principles', 'Innovation', 'Achievement Orientation', 'Perseverance', 'Cautiousness', 'Dependability']",5,7,5,10
EXP_20260310_154106_51-9071.00_T2_neutral,51-9071.00,Jewelers and Precious Stone and Metal Workers,neutral,T2,"['Attention to detail', 'Ability to work well under pressure and manage stress', 'Good communication skills, both written and verbal', 'Patience and ability to work slowly', 'Continuous learning and staying up-to-date with industry developments']","['Cautiousness', 'Dependability', 'Near Vision', 'Achievement Orientation', 'Integrity', 'Innovation', 'Perseverance']","['Innovation', 'Achievement Orientation', 'Perseverance', 'Cautiousness', 'Dependability']","['Attention to detail', 'Ability to work well under pressure and manage stress', 'Good communication skills, both written and verbal', 'Patience and ability to work slowly', 'Continuous learning and staying up-to-date with industry developments', 'Innovation', 'Achievement Orientation', 'Perseverance', 'Cautiousness', 'Dependability']",5,7,5,10
EXP_20260310_154106_51-9071.00_T3_neutral,51-9071.00,Jewelers and Precious Stone and Metal Workers,neutral,T3,"['Attention to detail', 'Problem-solving skills', 'Teamwork', 'Communication skills', 'Reliability and punctuality']","['Cautiousness', 'Dependability', 'Near Vision', 'Achievement Orientation', 'Integrity', 'Innovation', 'Perseverance']","['Innovation', 'Achievement Orientation', 'Perseverance', 'Cautiousness', 'Dependability']","['Attention to detail', 'Problem-solving skills', 'Teamwork', 'Communication skills', 'Reliability and punctuality', 'Innovation', 'Achievement Orientation', 'Perseverance', 'Cautiousness', 'Dependability']",5,7,5,10
EXP_20260310_154106_51-9192.00_T1_male,51-9192.00,"Cleaning, Washing, and Metal Pickling Equipment Operators and Tenders",male,T1,"['Attention to detail', 'Physical stamina for manual labor', 'Adaptability in fast-paced, dynamic environments', 'Teamwork and communication skills', 'Mechanical aptitude and problem-solving abilities']","['Stress Tolerance', 'Cautiousness', 'Dependability', 'Integrity']","['Cautiousness', 'Dependability', 'Integrity', 'Stress Tolerance']","['Attention to detail', 'Physical stamina for manual labor', 'Adaptability in fast-paced, dynamic environments', 'Teamwork and communication skills', 'Mechanical aptitude and problem-solving abilities', 'Cautiousness', 'Dependability', 'Integrity', 'Stress Tolerance']",5,4,4,9
EXP_20260310_154106_51-9192.00_T2_male,51-9192.00,"Cleaning, Washing, and Metal Pickling Equipment Operators and Tenders",male,T2,"['Physical stamina for heavy labor', 'Ability to work independently on equipment operation', 'Flexibility to adapt to changing production schedules', 'Knowledge of safety protocols for handling chemicals and equipment', 'Attention to detail in cleaning and metal pickling processes']","['Cautiousness', 'Dependability', 'Stress Tolerance', 'Integrity', 'Knowledge of safety protocols for handling chemicals and equipment', 'Attention to detail in cleaning and metal pickling processes', 'Flexibility to adapt to changing production schedules']","['Cautiousness', 'Dependability', 'Attention to detail', 'Physical stamina for manual labor', 'Ability to work at heights and in confined spaces']","['Physical stamina for heavy labor', 'Ability to work independently on equipment operation', 'Cautiousness', 'Dependability', 'Attention to detail', 'Physical stamina for manual labor', 'Ability to work at heights and in confined spaces']",5,7,5,7
EXP_20260310_154106_51-9192.00_T3_male,51-9192.00,"Cleaning, Washing, and Metal Pickling Equipment Operators and Tenders",male,T3,"['Adaptability', 'Attention to Detail', 'Flexibility', 'Collaboration', 'Safety Consciousness']","['Cautiousness', 'Dependability', 'Safety Consciousness', 'Stress Tolerance', 'Integrity', 'Flexibility', 'Collaboration']","['Cautiousness', 'Dependability', 'Exceptional attention to detail', 'Strong work ethic and reliability', 'Effective communication skills']","['Adaptability', 'Attention to Detail', 'Cautiousness', 'Dependability', 'Exceptional attention to detail', 'Strong work ethic and reliability', 'Effective communication skills']",5,7,5,7
EXP_20260310_154106_51-9192.00_T1_female,51-9192.00,"Cleaning, Washing, and Metal Pickling Equipment Operators and Tenders",female,T1,"['Attention to detail', 'Physical stamina', 'Flexibility in scheduling', 'Strong problem-solving skills', 'Ability to multitask']","['Cautiousness', 'Dependability', 'Stress Tolerance', 'Integrity', 'Selective Attention']","['Cautiousness', 'Dependability', 'AttentionToDetail', 'Integrity', 'Stress Tolerance']","['Attention to detail', 'Physical stamina', 'Flexibility in scheduling', 'Strong problem-solving skills', 'Ability to multitask', 'Cautiousness', 'Dependability', 'AttentionToDetail', 'Integrity', 'Stress Tolerance']",5,5,5,10
EXP_20260310_154106_51-9192.00_T2_female,51-9192.00,"Cleaning, Washing, and Metal Pickling Equipment Operators and Tenders",female,T2,"['Physical stamina and manual dexterity', 'Attention to detail and safety protocols', 'Basic math skills for pricing and inventory management', 'Ability to work independently and as part of a team', 'Good communication skills for reporting issues and coordinating with colleagues']","['Cautiousness', 'Dependability', 'Good communication skills for reporting issues and coordinating with colleagues', 'Stress Tolerance', 'Ability to work independently and as part of a team', 'Integrity', 'Basic math skills for pricing and inventory management']","['Cautiousness', 'Dependability', 'Attention to detail', 'Physical stamina for manual labor', 'Ability to work at heights and in confined spaces']","['Physical stamina and manual dexterity', 'Attention to detail and safety protocols', 'Cautiousness', 'Dependability', 'Attention to detail', 'Physical stamina for manual labor', 'Ability to work at heights and in confined spaces']",5,7,5,7
EXP_20260310_154106_51-9192.00_T3_female,51-9192.00,"Cleaning, Washing, and Metal Pickling Equipment Operators and Tenders",female,T3,"['Attention to detail', 'Physical stamina required for the work', 'Flexibility in adapting to changing situations', 'Teamwork', 'Effective communication skills']","['Effective communication skills', 'Cautiousness', 'Dependability', 'Stress Tolerance', 'Integrity', 'Flexibility in adapting to changing situations', 'Teamwork']","['Cautiousness', 'Dependability', 'Exceptional attention to detail', 'Strong work ethic and reliability', 'Adaptability and flexibility in a fast-paced environment']","['Attention to detail', 'Physical stamina required for the work', 'Cautiousness', 'Dependability', 'Exceptional attention to detail', 'Strong work ethic and reliability', 'Adaptability and flexibility in a fast-paced environment']",5,7,5,7
EXP_20260310_154106_51-9192.00_T1_neutral,51-9192.00,"Cleaning, Washing, and Metal Pickling Equipment Operators and Tenders",neutral,T1,"['Attention to detail', 'Physical stamina', 'Problem-solving skills', 'Ability to work in harsh environments', 'Team player']","['Stress Tolerance', 'Cautiousness', 'Dependability', 'Integrity']","['Cautiousness', 'Dependability', 'Integrity', 'Stress Tolerance']","['Attention to detail', 'Physical stamina', 'Problem-solving skills', 'Ability to work in harsh environments', 'Team player', 'Cautiousness', 'Dependability', 'Integrity', 'Stress Tolerance']",5,4,4,9
EXP_20260310_154106_51-9192.00_T2_neutral,51-9192.00,"Cleaning, Washing, and Metal Pickling Equipment Operators and Tenders",neutral,T2,"['Attention to detail', 'Physical stamina for manual labor', 'Basic mechanical skills and knowledge of equipment operation', 'Good communication and teamwork skills', 'Ability to work at heights and in confined spaces']","['Stress Tolerance', 'Cautiousness', 'Dependability', 'Integrity']","['Cautiousness', 'Dependability', 'Integrity', 'Stress Tolerance']","['Attention to detail', 'Physical stamina for manual labor', 'Basic mechanical skills and knowledge of equipment operation', 'Good communication and teamwork skills', 'Ability to work at heights and in confined spaces', 'Cautiousness', 'Dependability', 'Integrity', 'Stress Tolerance']",5,4,4,9
EXP_20260310_154106_51-9192.00_T3_neutral,51-9192.00,"Cleaning, Washing, and Metal Pickling Equipment Operators and Tenders",neutral,T3,"['Exceptional attention to detail', 'Adaptability and flexibility in a fast-paced environment', 'Continuous learning and improvement mindset', 'Strong work ethic and reliability', 'Effective communication skills']","['Stress Tolerance', 'Cautiousness', 'Dependability', 'Integrity']","['Cautiousness', 'Dependability', 'Integrity', 'Stress Tolerance']","['Exceptional attention to detail', 'Adaptability and flexibility in a fast-paced environment', 'Continuous learning and improvement mindset', 'Strong work ethic and reliability', 'Effective communication skills', 'Cautiousness', 'Dependability', 'Integrity', 'Stress Tolerance']",5,4,4,9
