job_code,job_title,attribute_name,importance_score,trait_type,major_group,selection_seed,selection_strategy,experiment_id
13-1023.00,"Purchasing Agents, Except Wholesale, Retail, and Farm Products",Oral Comprehension,4.0,Abilities,13,7,two_level_random_sample,EXP_20260413_101441
13-1023.00,"Purchasing Agents, Except Wholesale, Retail, and Farm Products",Written Comprehension,4.12,Abilities,13,7,two_level_random_sample,EXP_20260413_101441
13-1023.00,"Purchasing Agents, Except Wholesale, Retail, and Farm Products",Oral Expression,4.0,Abilities,13,7,two_level_random_sample,EXP_20260413_101441
13-1023.00,"Purchasing Agents, Except Wholesale, Retail, and Farm Products",Written Expression,4.0,Abilities,13,7,two_level_random_sample,EXP_20260413_101441
13-1023.00,"Purchasing Agents, Except Wholesale, Retail, and Farm Products",Fluency of Ideas,3.12,Abilities,13,7,two_level_random_sample,EXP_20260413_101441
13-1023.00,"Purchasing Agents, Except Wholesale, Retail, and Farm Products",Originality,3.0,Abilities,13,7,two_level_random_sample,EXP_20260413_101441
13-1023.00,"Purchasing Agents, Except Wholesale, Retail, and Farm Products",Problem Sensitivity,3.5,Abilities,13,7,two_level_random_sample,EXP_20260413_101441
13-1023.00,"Purchasing Agents, Except Wholesale, Retail, and Farm Products",Deductive Reasoning,3.88,Abilities,13,7,two_level_random_sample,EXP_20260413_101441
13-1023.00,"Purchasing Agents, Except Wholesale, Retail, and Farm Products",Inductive Reasoning,4.0,Abilities,13,7,two_level_random_sample,EXP_20260413_101441
13-1023.00,"Purchasing Agents, Except Wholesale, Retail, and Farm Products",Information Ordering,3.62,Abilities,13,7,two_level_random_sample,EXP_20260413_101441
13-1023.00,"Purchasing Agents, Except Wholesale, Retail, and Farm Products",Category Flexibility,3.38,Abilities,13,7,two_level_random_sample,EXP_20260413_101441
13-1023.00,"Purchasing Agents, Except Wholesale, Retail, and Farm Products",Mathematical Reasoning,3.0,Abilities,13,7,two_level_random_sample,EXP_20260413_101441
13-1023.00,"Purchasing Agents, Except Wholesale, Retail, and Farm Products",Number Facility,3.25,Abilities,13,7,two_level_random_sample,EXP_20260413_101441
13-1023.00,"Purchasing Agents, Except Wholesale, Retail, and Farm Products",Memorization,2.62,Abilities,13,7,two_level_random_sample,EXP_20260413_101441
13-1023.00,"Purchasing Agents, Except Wholesale, Retail, and Farm Products",Speed of Closure,2.5,Abilities,13,7,two_level_random_sample,EXP_20260413_101441
13-1023.00,"Purchasing Agents, Except Wholesale, Retail, and Farm Products",Flexibility of Closure,2.62,Abilities,13,7,two_level_random_sample,EXP_20260413_101441
13-1023.00,"Purchasing Agents, Except Wholesale, Retail, and Farm Products",Perceptual Speed,2.25,Abilities,13,7,two_level_random_sample,EXP_20260413_101441
13-1023.00,"Purchasing Agents, Except Wholesale, Retail, and Farm Products",Spatial Orientation,1.0,Abilities,13,7,two_level_random_sample,EXP_20260413_101441
13-1023.00,"Purchasing Agents, Except Wholesale, Retail, and Farm Products",Visualization,2.12,Abilities,13,7,two_level_random_sample,EXP_20260413_101441
13-1023.00,"Purchasing Agents, Except Wholesale, Retail, and Farm Products",Selective Attention,2.88,Abilities,13,7,two_level_random_sample,EXP_20260413_101441
13-1023.00,"Purchasing Agents, Except Wholesale, Retail, and Farm Products",Time Sharing,2.62,Abilities,13,7,two_level_random_sample,EXP_20260413_101441
13-1023.00,"Purchasing Agents, Except Wholesale, Retail, and Farm Products",Arm-Hand Steadiness,1.12,Abilities,13,7,two_level_random_sample,EXP_20260413_101441
13-1023.00,"Purchasing Agents, Except Wholesale, Retail, and Farm Products",Manual Dexterity,1.0,Abilities,13,7,two_level_random_sample,EXP_20260413_101441
13-1023.00,"Purchasing Agents, Except Wholesale, Retail, and Farm Products",Finger Dexterity,1.38,Abilities,13,7,two_level_random_sample,EXP_20260413_101441
13-1023.00,"Purchasing Agents, Except Wholesale, Retail, and Farm Products",Control Precision,1.0,Abilities,13,7,two_level_random_sample,EXP_20260413_101441
13-1023.00,"Purchasing Agents, Except Wholesale, Retail, and Farm Products",Multilimb Coordination,1.0,Abilities,13,7,two_level_random_sample,EXP_20260413_101441
13-1023.00,"Purchasing Agents, Except Wholesale, Retail, and Farm Products",Response Orientation,1.0,Abilities,13,7,two_level_random_sample,EXP_20260413_101441
13-1023.00,"Purchasing Agents, Except Wholesale, Retail, and Farm Products",Rate Control,1.0,Abilities,13,7,two_level_random_sample,EXP_20260413_101441
13-1023.00,"Purchasing Agents, Except Wholesale, Retail, and Farm Products",Reaction Time,1.0,Abilities,13,7,two_level_random_sample,EXP_20260413_101441
13-1023.00,"Purchasing Agents, Except Wholesale, Retail, and Farm Products",Wrist-Finger Speed,1.5,Abilities,13,7,two_level_random_sample,EXP_20260413_101441
13-1023.00,"Purchasing Agents, Except Wholesale, Retail, and Farm Products",Speed of Limb Movement,1.0,Abilities,13,7,two_level_random_sample,EXP_20260413_101441
13-1023.00,"Purchasing Agents, Except Wholesale, Retail, and Farm Products",Static Strength,1.0,Abilities,13,7,two_level_random_sample,EXP_20260413_101441
13-1023.00,"Purchasing Agents, Except Wholesale, Retail, and Farm Products",Explosive Strength,1.0,Abilities,13,7,two_level_random_sample,EXP_20260413_101441
13-1023.00,"Purchasing Agents, Except Wholesale, Retail, and Farm Products",Dynamic Strength,1.25,Abilities,13,7,two_level_random_sample,EXP_20260413_101441
13-1023.00,"Purchasing Agents, Except Wholesale, Retail, and Farm Products",Trunk Strength,1.88,Abilities,13,7,two_level_random_sample,EXP_20260413_101441
13-1023.00,"Purchasing Agents, Except Wholesale, Retail, and Farm Products",Stamina,1.0,Abilities,13,7,two_level_random_sample,EXP_20260413_101441
13-1023.00,"Purchasing Agents, Except Wholesale, Retail, and Farm Products",Extent Flexibility,1.0,Abilities,13,7,two_level_random_sample,EXP_20260413_101441
13-1023.00,"Purchasing Agents, Except Wholesale, Retail, and Farm Products",Dynamic Flexibility,1.0,Abilities,13,7,two_level_random_sample,EXP_20260413_101441
13-1023.00,"Purchasing Agents, Except Wholesale, Retail, and Farm Products",Gross Body Coordination,1.0,Abilities,13,7,two_level_random_sample,EXP_20260413_101441
13-1023.00,"Purchasing Agents, Except Wholesale, Retail, and Farm Products",Gross Body Equilibrium,1.0,Abilities,13,7,two_level_random_sample,EXP_20260413_101441
13-1023.00,"Purchasing Agents, Except Wholesale, Retail, and Farm Products",Near Vision,3.88,Abilities,13,7,two_level_random_sample,EXP_20260413_101441
13-1023.00,"Purchasing Agents, Except Wholesale, Retail, and Farm Products",Far Vision,2.25,Abilities,13,7,two_level_random_sample,EXP_20260413_101441
13-1023.00,"Purchasing Agents, Except Wholesale, Retail, and Farm Products",Visual Color Discrimination,2.12,Abilities,13,7,two_level_random_sample,EXP_20260413_101441
13-1023.00,"Purchasing Agents, Except Wholesale, Retail, and Farm Products",Night Vision,1.0,Abilities,13,7,two_level_random_sample,EXP_20260413_101441
13-1023.00,"Purchasing Agents, Except Wholesale, Retail, and Farm Products",Peripheral Vision,1.0,Abilities,13,7,two_level_random_sample,EXP_20260413_101441
13-1023.00,"Purchasing Agents, Except Wholesale, Retail, and Farm Products",Depth Perception,1.38,Abilities,13,7,two_level_random_sample,EXP_20260413_101441
13-1023.00,"Purchasing Agents, Except Wholesale, Retail, and Farm Products",Glare Sensitivity,1.0,Abilities,13,7,two_level_random_sample,EXP_20260413_101441
13-1023.00,"Purchasing Agents, Except Wholesale, Retail, and Farm Products",Hearing Sensitivity,1.75,Abilities,13,7,two_level_random_sample,EXP_20260413_101441
13-1023.00,"Purchasing Agents, Except Wholesale, Retail, and Farm Products",Auditory Attention,1.75,Abilities,13,7,two_level_random_sample,EXP_20260413_101441
13-1023.00,"Purchasing Agents, Except Wholesale, Retail, and Farm Products",Sound Localization,1.0,Abilities,13,7,two_level_random_sample,EXP_20260413_101441
13-1023.00,"Purchasing Agents, Except Wholesale, Retail, and Farm Products",Speech Recognition,3.75,Abilities,13,7,two_level_random_sample,EXP_20260413_101441
13-1023.00,"Purchasing Agents, Except Wholesale, Retail, and Farm Products",Speech Clarity,3.62,Abilities,13,7,two_level_random_sample,EXP_20260413_101441
13-1031.00,"Claims Adjusters, Examiners, and Investigators",Oral Comprehension,4.12,Abilities,13,7,two_level_random_sample,EXP_20260413_101441
13-1031.00,"Claims Adjusters, Examiners, and Investigators",Written Comprehension,4.38,Abilities,13,7,two_level_random_sample,EXP_20260413_101441
13-1031.00,"Claims Adjusters, Examiners, and Investigators",Oral Expression,4.12,Abilities,13,7,two_level_random_sample,EXP_20260413_101441
13-1031.00,"Claims Adjusters, Examiners, and Investigators",Written Expression,3.88,Abilities,13,7,two_level_random_sample,EXP_20260413_101441
13-1031.00,"Claims Adjusters, Examiners, and Investigators",Fluency of Ideas,2.75,Abilities,13,7,two_level_random_sample,EXP_20260413_101441
13-1031.00,"Claims Adjusters, Examiners, and Investigators",Originality,2.62,Abilities,13,7,two_level_random_sample,EXP_20260413_101441
13-1031.00,"Claims Adjusters, Examiners, and Investigators",Problem Sensitivity,3.62,Abilities,13,7,two_level_random_sample,EXP_20260413_101441
13-1031.00,"Claims Adjusters, Examiners, and Investigators",Deductive Reasoning,4.0,Abilities,13,7,two_level_random_sample,EXP_20260413_101441
13-1031.00,"Claims Adjusters, Examiners, and Investigators",Inductive Reasoning,4.0,Abilities,13,7,two_level_random_sample,EXP_20260413_101441
13-1031.00,"Claims Adjusters, Examiners, and Investigators",Information Ordering,3.5,Abilities,13,7,two_level_random_sample,EXP_20260413_101441
13-1031.00,"Claims Adjusters, Examiners, and Investigators",Category Flexibility,3.38,Abilities,13,7,two_level_random_sample,EXP_20260413_101441
13-1031.00,"Claims Adjusters, Examiners, and Investigators",Mathematical Reasoning,3.0,Abilities,13,7,two_level_random_sample,EXP_20260413_101441
13-1031.00,"Claims Adjusters, Examiners, and Investigators",Number Facility,3.0,Abilities,13,7,two_level_random_sample,EXP_20260413_101441
13-1031.00,"Claims Adjusters, Examiners, and Investigators",Memorization,2.62,Abilities,13,7,two_level_random_sample,EXP_20260413_101441
13-1031.00,"Claims Adjusters, Examiners, and Investigators",Speed of Closure,3.0,Abilities,13,7,two_level_random_sample,EXP_20260413_101441
13-1031.00,"Claims Adjusters, Examiners, and Investigators",Flexibility of Closure,3.25,Abilities,13,7,two_level_random_sample,EXP_20260413_101441
13-1031.00,"Claims Adjusters, Examiners, and Investigators",Perceptual Speed,3.0,Abilities,13,7,two_level_random_sample,EXP_20260413_101441
13-1031.00,"Claims Adjusters, Examiners, and Investigators",Spatial Orientation,1.38,Abilities,13,7,two_level_random_sample,EXP_20260413_101441
13-1031.00,"Claims Adjusters, Examiners, and Investigators",Visualization,2.5,Abilities,13,7,two_level_random_sample,EXP_20260413_101441
13-1031.00,"Claims Adjusters, Examiners, and Investigators",Selective Attention,3.0,Abilities,13,7,two_level_random_sample,EXP_20260413_101441
13-1031.00,"Claims Adjusters, Examiners, and Investigators",Time Sharing,2.62,Abilities,13,7,two_level_random_sample,EXP_20260413_101441
13-1031.00,"Claims Adjusters, Examiners, and Investigators",Arm-Hand Steadiness,1.75,Abilities,13,7,two_level_random_sample,EXP_20260413_101441
13-1031.00,"Claims Adjusters, Examiners, and Investigators",Manual Dexterity,1.75,Abilities,13,7,two_level_random_sample,EXP_20260413_101441
13-1031.00,"Claims Adjusters, Examiners, and Investigators",Finger Dexterity,1.75,Abilities,13,7,two_level_random_sample,EXP_20260413_101441
13-1031.00,"Claims Adjusters, Examiners, and Investigators",Control Precision,1.5,Abilities,13,7,two_level_random_sample,EXP_20260413_101441
13-1031.00,"Claims Adjusters, Examiners, and Investigators",Multilimb Coordination,1.0,Abilities,13,7,two_level_random_sample,EXP_20260413_101441
13-1031.00,"Claims Adjusters, Examiners, and Investigators",Response Orientation,1.0,Abilities,13,7,two_level_random_sample,EXP_20260413_101441
13-1031.00,"Claims Adjusters, Examiners, and Investigators",Rate Control,1.0,Abilities,13,7,two_level_random_sample,EXP_20260413_101441
13-1031.00,"Claims Adjusters, Examiners, and Investigators",Reaction Time,1.0,Abilities,13,7,two_level_random_sample,EXP_20260413_101441
13-1031.00,"Claims Adjusters, Examiners, and Investigators",Wrist-Finger Speed,2.0,Abilities,13,7,two_level_random_sample,EXP_20260413_101441
13-1031.00,"Claims Adjusters, Examiners, and Investigators",Speed of Limb Movement,1.12,Abilities,13,7,two_level_random_sample,EXP_20260413_101441
13-1031.00,"Claims Adjusters, Examiners, and Investigators",Static Strength,1.0,Abilities,13,7,two_level_random_sample,EXP_20260413_101441
13-1031.00,"Claims Adjusters, Examiners, and Investigators",Explosive Strength,1.0,Abilities,13,7,two_level_random_sample,EXP_20260413_101441
13-1031.00,"Claims Adjusters, Examiners, and Investigators",Dynamic Strength,1.5,Abilities,13,7,two_level_random_sample,EXP_20260413_101441
13-1031.00,"Claims Adjusters, Examiners, and Investigators",Trunk Strength,2.38,Abilities,13,7,two_level_random_sample,EXP_20260413_101441
13-1031.00,"Claims Adjusters, Examiners, and Investigators",Stamina,1.0,Abilities,13,7,two_level_random_sample,EXP_20260413_101441
13-1031.00,"Claims Adjusters, Examiners, and Investigators",Extent Flexibility,1.0,Abilities,13,7,two_level_random_sample,EXP_20260413_101441
13-1031.00,"Claims Adjusters, Examiners, and Investigators",Dynamic Flexibility,1.0,Abilities,13,7,two_level_random_sample,EXP_20260413_101441
13-1031.00,"Claims Adjusters, Examiners, and Investigators",Gross Body Coordination,1.0,Abilities,13,7,two_level_random_sample,EXP_20260413_101441
13-1031.00,"Claims Adjusters, Examiners, and Investigators",Gross Body Equilibrium,1.0,Abilities,13,7,two_level_random_sample,EXP_20260413_101441
13-1031.00,"Claims Adjusters, Examiners, and Investigators",Near Vision,3.88,Abilities,13,7,two_level_random_sample,EXP_20260413_101441
13-1031.00,"Claims Adjusters, Examiners, and Investigators",Far Vision,2.88,Abilities,13,7,two_level_random_sample,EXP_20260413_101441
13-1031.00,"Claims Adjusters, Examiners, and Investigators",Visual Color Discrimination,2.12,Abilities,13,7,two_level_random_sample,EXP_20260413_101441
13-1031.00,"Claims Adjusters, Examiners, and Investigators",Night Vision,1.0,Abilities,13,7,two_level_random_sample,EXP_20260413_101441
13-1031.00,"Claims Adjusters, Examiners, and Investigators",Peripheral Vision,1.0,Abilities,13,7,two_level_random_sample,EXP_20260413_101441
13-1031.00,"Claims Adjusters, Examiners, and Investigators",Depth Perception,1.5,Abilities,13,7,two_level_random_sample,EXP_20260413_101441
13-1031.00,"Claims Adjusters, Examiners, and Investigators",Glare Sensitivity,1.0,Abilities,13,7,two_level_random_sample,EXP_20260413_101441
13-1031.00,"Claims Adjusters, Examiners, and Investigators",Hearing Sensitivity,1.88,Abilities,13,7,two_level_random_sample,EXP_20260413_101441
13-1031.00,"Claims Adjusters, Examiners, and Investigators",Auditory Attention,2.38,Abilities,13,7,two_level_random_sample,EXP_20260413_101441
13-1031.00,"Claims Adjusters, Examiners, and Investigators",Sound Localization,1.0,Abilities,13,7,two_level_random_sample,EXP_20260413_101441
13-1031.00,"Claims Adjusters, Examiners, and Investigators",Speech Recognition,3.5,Abilities,13,7,two_level_random_sample,EXP_20260413_101441
13-1031.00,"Claims Adjusters, Examiners, and Investigators",Speech Clarity,3.62,Abilities,13,7,two_level_random_sample,EXP_20260413_101441
13-1041.00,Compliance Officers,Oral Comprehension,4.0,Abilities,13,7,two_level_random_sample,EXP_20260413_101441
13-1041.00,Compliance Officers,Written Comprehension,4.0,Abilities,13,7,two_level_random_sample,EXP_20260413_101441
13-1041.00,Compliance Officers,Oral Expression,4.0,Abilities,13,7,two_level_random_sample,EXP_20260413_101441
13-1041.00,Compliance Officers,Written Expression,4.0,Abilities,13,7,two_level_random_sample,EXP_20260413_101441
13-1041.00,Compliance Officers,Fluency of Ideas,3.0,Abilities,13,7,two_level_random_sample,EXP_20260413_101441
13-1041.00,Compliance Officers,Originality,2.88,Abilities,13,7,two_level_random_sample,EXP_20260413_101441
13-1041.00,Compliance Officers,Problem Sensitivity,3.75,Abilities,13,7,two_level_random_sample,EXP_20260413_101441
13-1041.00,Compliance Officers,Deductive Reasoning,3.88,Abilities,13,7,two_level_random_sample,EXP_20260413_101441
13-1041.00,Compliance Officers,Inductive Reasoning,3.5,Abilities,13,7,two_level_random_sample,EXP_20260413_101441
13-1041.00,Compliance Officers,Information Ordering,3.75,Abilities,13,7,two_level_random_sample,EXP_20260413_101441
13-1041.00,Compliance Officers,Category Flexibility,3.38,Abilities,13,7,two_level_random_sample,EXP_20260413_101441
13-1041.00,Compliance Officers,Mathematical Reasoning,2.12,Abilities,13,7,two_level_random_sample,EXP_20260413_101441
13-1041.00,Compliance Officers,Number Facility,2.25,Abilities,13,7,two_level_random_sample,EXP_20260413_101441
13-1041.00,Compliance Officers,Memorization,2.5,Abilities,13,7,two_level_random_sample,EXP_20260413_101441
13-1041.00,Compliance Officers,Speed of Closure,2.62,Abilities,13,7,two_level_random_sample,EXP_20260413_101441
13-1041.00,Compliance Officers,Flexibility of Closure,2.88,Abilities,13,7,two_level_random_sample,EXP_20260413_101441
13-1041.00,Compliance Officers,Perceptual Speed,2.75,Abilities,13,7,two_level_random_sample,EXP_20260413_101441
13-1041.00,Compliance Officers,Spatial Orientation,1.88,Abilities,13,7,two_level_random_sample,EXP_20260413_101441
13-1041.00,Compliance Officers,Visualization,2.5,Abilities,13,7,two_level_random_sample,EXP_20260413_101441
13-1041.00,Compliance Officers,Selective Attention,3.0,Abilities,13,7,two_level_random_sample,EXP_20260413_101441
13-1041.00,Compliance Officers,Time Sharing,2.62,Abilities,13,7,two_level_random_sample,EXP_20260413_101441
13-1041.00,Compliance Officers,Arm-Hand Steadiness,1.62,Abilities,13,7,two_level_random_sample,EXP_20260413_101441
13-1041.00,Compliance Officers,Manual Dexterity,1.62,Abilities,13,7,two_level_random_sample,EXP_20260413_101441
13-1041.00,Compliance Officers,Finger Dexterity,1.75,Abilities,13,7,two_level_random_sample,EXP_20260413_101441
13-1041.00,Compliance Officers,Control Precision,1.62,Abilities,13,7,two_level_random_sample,EXP_20260413_101441
13-1041.00,Compliance Officers,Multilimb Coordination,1.88,Abilities,13,7,two_level_random_sample,EXP_20260413_101441
13-1041.00,Compliance Officers,Response Orientation,1.75,Abilities,13,7,two_level_random_sample,EXP_20260413_101441
13-1041.00,Compliance Officers,Rate Control,1.75,Abilities,13,7,two_level_random_sample,EXP_20260413_101441
13-1041.00,Compliance Officers,Reaction Time,1.75,Abilities,13,7,two_level_random_sample,EXP_20260413_101441
13-1041.00,Compliance Officers,Wrist-Finger Speed,1.88,Abilities,13,7,two_level_random_sample,EXP_20260413_101441
13-1041.00,Compliance Officers,Speed of Limb Movement,1.0,Abilities,13,7,two_level_random_sample,EXP_20260413_101441
13-1041.00,Compliance Officers,Static Strength,1.62,Abilities,13,7,two_level_random_sample,EXP_20260413_101441
13-1041.00,Compliance Officers,Explosive Strength,1.62,Abilities,13,7,two_level_random_sample,EXP_20260413_101441
13-1041.00,Compliance Officers,Dynamic Strength,1.62,Abilities,13,7,two_level_random_sample,EXP_20260413_101441
13-1041.00,Compliance Officers,Trunk Strength,2.12,Abilities,13,7,two_level_random_sample,EXP_20260413_101441
13-1041.00,Compliance Officers,Stamina,1.75,Abilities,13,7,two_level_random_sample,EXP_20260413_101441
13-1041.00,Compliance Officers,Extent Flexibility,1.88,Abilities,13,7,two_level_random_sample,EXP_20260413_101441
13-1041.00,Compliance Officers,Dynamic Flexibility,1.0,Abilities,13,7,two_level_random_sample,EXP_20260413_101441
13-1041.00,Compliance Officers,Gross Body Coordination,1.75,Abilities,13,7,two_level_random_sample,EXP_20260413_101441
13-1041.00,Compliance Officers,Gross Body Equilibrium,1.75,Abilities,13,7,two_level_random_sample,EXP_20260413_101441
13-1041.00,Compliance Officers,Near Vision,3.5,Abilities,13,7,two_level_random_sample,EXP_20260413_101441
13-1041.00,Compliance Officers,Far Vision,2.88,Abilities,13,7,two_level_random_sample,EXP_20260413_101441
13-1041.00,Compliance Officers,Visual Color Discrimination,2.62,Abilities,13,7,two_level_random_sample,EXP_20260413_101441
13-1041.00,Compliance Officers,Night Vision,1.62,Abilities,13,7,two_level_random_sample,EXP_20260413_101441
13-1041.00,Compliance Officers,Peripheral Vision,1.75,Abilities,13,7,two_level_random_sample,EXP_20260413_101441
13-1041.00,Compliance Officers,Depth Perception,2.0,Abilities,13,7,two_level_random_sample,EXP_20260413_101441
13-1041.00,Compliance Officers,Glare Sensitivity,1.88,Abilities,13,7,two_level_random_sample,EXP_20260413_101441
13-1041.00,Compliance Officers,Hearing Sensitivity,2.5,Abilities,13,7,two_level_random_sample,EXP_20260413_101441
13-1041.00,Compliance Officers,Auditory Attention,2.25,Abilities,13,7,two_level_random_sample,EXP_20260413_101441
13-1041.00,Compliance Officers,Sound Localization,1.62,Abilities,13,7,two_level_random_sample,EXP_20260413_101441
13-1041.00,Compliance Officers,Speech Recognition,3.5,Abilities,13,7,two_level_random_sample,EXP_20260413_101441
13-1041.00,Compliance Officers,Speech Clarity,3.5,Abilities,13,7,two_level_random_sample,EXP_20260413_101441
13-1041.07,Regulatory Affairs Specialists,Oral Comprehension,4.0,Abilities,13,7,two_level_random_sample,EXP_20260413_101441
13-1041.07,Regulatory Affairs Specialists,Written Comprehension,4.25,Abilities,13,7,two_level_random_sample,EXP_20260413_101441
13-1041.07,Regulatory Affairs Specialists,Oral Expression,4.0,Abilities,13,7,two_level_random_sample,EXP_20260413_101441
13-1041.07,Regulatory Affairs Specialists,Written Expression,4.12,Abilities,13,7,two_level_random_sample,EXP_20260413_101441
13-1041.07,Regulatory Affairs Specialists,Fluency of Ideas,3.12,Abilities,13,7,two_level_random_sample,EXP_20260413_101441
13-1041.07,Regulatory Affairs Specialists,Originality,2.88,Abilities,13,7,two_level_random_sample,EXP_20260413_101441
13-1041.07,Regulatory Affairs Specialists,Problem Sensitivity,3.88,Abilities,13,7,two_level_random_sample,EXP_20260413_101441
13-1041.07,Regulatory Affairs Specialists,Deductive Reasoning,3.88,Abilities,13,7,two_level_random_sample,EXP_20260413_101441
13-1041.07,Regulatory Affairs Specialists,Inductive Reasoning,3.88,Abilities,13,7,two_level_random_sample,EXP_20260413_101441
13-1041.07,Regulatory Affairs Specialists,Information Ordering,3.62,Abilities,13,7,two_level_random_sample,EXP_20260413_101441
13-1041.07,Regulatory Affairs Specialists,Category Flexibility,3.0,Abilities,13,7,two_level_random_sample,EXP_20260413_101441
13-1041.07,Regulatory Affairs Specialists,Mathematical Reasoning,3.0,Abilities,13,7,two_level_random_sample,EXP_20260413_101441
13-1041.07,Regulatory Affairs Specialists,Number Facility,2.5,Abilities,13,7,two_level_random_sample,EXP_20260413_101441
13-1041.07,Regulatory Affairs Specialists,Memorization,2.62,Abilities,13,7,two_level_random_sample,EXP_20260413_101441
13-1041.07,Regulatory Affairs Specialists,Speed of Closure,2.62,Abilities,13,7,two_level_random_sample,EXP_20260413_101441
13-1041.07,Regulatory Affairs Specialists,Flexibility of Closure,2.88,Abilities,13,7,two_level_random_sample,EXP_20260413_101441
13-1041.07,Regulatory Affairs Specialists,Perceptual Speed,2.88,Abilities,13,7,two_level_random_sample,EXP_20260413_101441
13-1041.07,Regulatory Affairs Specialists,Spatial Orientation,1.0,Abilities,13,7,two_level_random_sample,EXP_20260413_101441
13-1041.07,Regulatory Affairs Specialists,Visualization,2.38,Abilities,13,7,two_level_random_sample,EXP_20260413_101441
13-1041.07,Regulatory Affairs Specialists,Selective Attention,2.88,Abilities,13,7,two_level_random_sample,EXP_20260413_101441
13-1041.07,Regulatory Affairs Specialists,Time Sharing,2.25,Abilities,13,7,two_level_random_sample,EXP_20260413_101441
13-1041.07,Regulatory Affairs Specialists,Arm-Hand Steadiness,1.0,Abilities,13,7,two_level_random_sample,EXP_20260413_101441
13-1041.07,Regulatory Affairs Specialists,Manual Dexterity,1.0,Abilities,13,7,two_level_random_sample,EXP_20260413_101441
13-1041.07,Regulatory Affairs Specialists,Finger Dexterity,2.25,Abilities,13,7,two_level_random_sample,EXP_20260413_101441
13-1041.07,Regulatory Affairs Specialists,Control Precision,1.0,Abilities,13,7,two_level_random_sample,EXP_20260413_101441
13-1041.07,Regulatory Affairs Specialists,Multilimb Coordination,1.0,Abilities,13,7,two_level_random_sample,EXP_20260413_101441
13-1041.07,Regulatory Affairs Specialists,Response Orientation,1.0,Abilities,13,7,two_level_random_sample,EXP_20260413_101441
13-1041.07,Regulatory Affairs Specialists,Rate Control,1.0,Abilities,13,7,two_level_random_sample,EXP_20260413_101441
13-1041.07,Regulatory Affairs Specialists,Reaction Time,1.0,Abilities,13,7,two_level_random_sample,EXP_20260413_101441
13-1041.07,Regulatory Affairs Specialists,Wrist-Finger Speed,1.25,Abilities,13,7,two_level_random_sample,EXP_20260413_101441
13-1041.07,Regulatory Affairs Specialists,Speed of Limb Movement,1.0,Abilities,13,7,two_level_random_sample,EXP_20260413_101441
13-1041.07,Regulatory Affairs Specialists,Static Strength,1.0,Abilities,13,7,two_level_random_sample,EXP_20260413_101441
13-1041.07,Regulatory Affairs Specialists,Explosive Strength,1.0,Abilities,13,7,two_level_random_sample,EXP_20260413_101441
13-1041.07,Regulatory Affairs Specialists,Dynamic Strength,1.0,Abilities,13,7,two_level_random_sample,EXP_20260413_101441
13-1041.07,Regulatory Affairs Specialists,Trunk Strength,1.62,Abilities,13,7,two_level_random_sample,EXP_20260413_101441
13-1041.07,Regulatory Affairs Specialists,Stamina,1.0,Abilities,13,7,two_level_random_sample,EXP_20260413_101441
13-1041.07,Regulatory Affairs Specialists,Extent Flexibility,1.0,Abilities,13,7,two_level_random_sample,EXP_20260413_101441
13-1041.07,Regulatory Affairs Specialists,Dynamic Flexibility,1.0,Abilities,13,7,two_level_random_sample,EXP_20260413_101441
13-1041.07,Regulatory Affairs Specialists,Gross Body Coordination,1.0,Abilities,13,7,two_level_random_sample,EXP_20260413_101441
13-1041.07,Regulatory Affairs Specialists,Gross Body Equilibrium,1.0,Abilities,13,7,two_level_random_sample,EXP_20260413_101441
13-1041.07,Regulatory Affairs Specialists,Near Vision,3.62,Abilities,13,7,two_level_random_sample,EXP_20260413_101441
13-1041.07,Regulatory Affairs Specialists,Far Vision,2.88,Abilities,13,7,two_level_random_sample,EXP_20260413_101441
13-1041.07,Regulatory Affairs Specialists,Visual Color Discrimination,2.0,Abilities,13,7,two_level_random_sample,EXP_20260413_101441
13-1041.07,Regulatory Affairs Specialists,Night Vision,1.0,Abilities,13,7,two_level_random_sample,EXP_20260413_101441
13-1041.07,Regulatory Affairs Specialists,Peripheral Vision,1.0,Abilities,13,7,two_level_random_sample,EXP_20260413_101441
13-1041.07,Regulatory Affairs Specialists,Depth Perception,1.88,Abilities,13,7,two_level_random_sample,EXP_20260413_101441
13-1041.07,Regulatory Affairs Specialists,Glare Sensitivity,1.0,Abilities,13,7,two_level_random_sample,EXP_20260413_101441
13-1041.07,Regulatory Affairs Specialists,Hearing Sensitivity,2.0,Abilities,13,7,two_level_random_sample,EXP_20260413_101441
13-1041.07,Regulatory Affairs Specialists,Auditory Attention,2.12,Abilities,13,7,two_level_random_sample,EXP_20260413_101441
13-1041.07,Regulatory Affairs Specialists,Sound Localization,1.0,Abilities,13,7,two_level_random_sample,EXP_20260413_101441
13-1041.07,Regulatory Affairs Specialists,Speech Recognition,3.75,Abilities,13,7,two_level_random_sample,EXP_20260413_101441
13-1041.07,Regulatory Affairs Specialists,Speech Clarity,3.88,Abilities,13,7,two_level_random_sample,EXP_20260413_101441
13-1131.00,Fundraisers,Oral Comprehension,4.0,Abilities,13,7,two_level_random_sample,EXP_20260413_101441
13-1131.00,Fundraisers,Written Comprehension,4.0,Abilities,13,7,two_level_random_sample,EXP_20260413_101441
13-1131.00,Fundraisers,Oral Expression,4.12,Abilities,13,7,two_level_random_sample,EXP_20260413_101441
13-1131.00,Fundraisers,Written Expression,4.0,Abilities,13,7,two_level_random_sample,EXP_20260413_101441
13-1131.00,Fundraisers,Fluency of Ideas,3.75,Abilities,13,7,two_level_random_sample,EXP_20260413_101441
13-1131.00,Fundraisers,Originality,3.25,Abilities,13,7,two_level_random_sample,EXP_20260413_101441
13-1131.00,Fundraisers,Problem Sensitivity,3.5,Abilities,13,7,two_level_random_sample,EXP_20260413_101441
13-1131.00,Fundraisers,Deductive Reasoning,3.75,Abilities,13,7,two_level_random_sample,EXP_20260413_101441
13-1131.00,Fundraisers,Inductive Reasoning,3.88,Abilities,13,7,two_level_random_sample,EXP_20260413_101441
13-1131.00,Fundraisers,Information Ordering,3.25,Abilities,13,7,two_level_random_sample,EXP_20260413_101441
13-1131.00,Fundraisers,Category Flexibility,3.12,Abilities,13,7,two_level_random_sample,EXP_20260413_101441
13-1131.00,Fundraisers,Mathematical Reasoning,3.0,Abilities,13,7,two_level_random_sample,EXP_20260413_101441
13-1131.00,Fundraisers,Number Facility,3.0,Abilities,13,7,two_level_random_sample,EXP_20260413_101441
13-1131.00,Fundraisers,Memorization,2.38,Abilities,13,7,two_level_random_sample,EXP_20260413_101441
13-1131.00,Fundraisers,Speed of Closure,2.12,Abilities,13,7,two_level_random_sample,EXP_20260413_101441
13-1131.00,Fundraisers,Flexibility of Closure,2.62,Abilities,13,7,two_level_random_sample,EXP_20260413_101441
13-1131.00,Fundraisers,Perceptual Speed,2.0,Abilities,13,7,two_level_random_sample,EXP_20260413_101441
13-1131.00,Fundraisers,Spatial Orientation,1.12,Abilities,13,7,two_level_random_sample,EXP_20260413_101441
13-1131.00,Fundraisers,Visualization,2.25,Abilities,13,7,two_level_random_sample,EXP_20260413_101441
13-1131.00,Fundraisers,Selective Attention,2.75,Abilities,13,7,two_level_random_sample,EXP_20260413_101441
13-1131.00,Fundraisers,Time Sharing,2.75,Abilities,13,7,two_level_random_sample,EXP_20260413_101441
13-1131.00,Fundraisers,Arm-Hand Steadiness,1.0,Abilities,13,7,two_level_random_sample,EXP_20260413_101441
13-1131.00,Fundraisers,Manual Dexterity,1.0,Abilities,13,7,two_level_random_sample,EXP_20260413_101441
13-1131.00,Fundraisers,Finger Dexterity,1.88,Abilities,13,7,two_level_random_sample,EXP_20260413_101441
13-1131.00,Fundraisers,Control Precision,1.5,Abilities,13,7,two_level_random_sample,EXP_20260413_101441
13-1131.00,Fundraisers,Multilimb Coordination,1.25,Abilities,13,7,two_level_random_sample,EXP_20260413_101441
13-1131.00,Fundraisers,Response Orientation,1.0,Abilities,13,7,two_level_random_sample,EXP_20260413_101441
13-1131.00,Fundraisers,Rate Control,1.0,Abilities,13,7,two_level_random_sample,EXP_20260413_101441
13-1131.00,Fundraisers,Reaction Time,1.0,Abilities,13,7,two_level_random_sample,EXP_20260413_101441
13-1131.00,Fundraisers,Wrist-Finger Speed,1.38,Abilities,13,7,two_level_random_sample,EXP_20260413_101441
13-1131.00,Fundraisers,Speed of Limb Movement,1.0,Abilities,13,7,two_level_random_sample,EXP_20260413_101441
13-1131.00,Fundraisers,Static Strength,1.0,Abilities,13,7,two_level_random_sample,EXP_20260413_101441
13-1131.00,Fundraisers,Explosive Strength,1.0,Abilities,13,7,two_level_random_sample,EXP_20260413_101441
13-1131.00,Fundraisers,Dynamic Strength,1.0,Abilities,13,7,two_level_random_sample,EXP_20260413_101441
13-1131.00,Fundraisers,Trunk Strength,1.38,Abilities,13,7,two_level_random_sample,EXP_20260413_101441
13-1131.00,Fundraisers,Stamina,1.0,Abilities,13,7,two_level_random_sample,EXP_20260413_101441
13-1131.00,Fundraisers,Extent Flexibility,1.0,Abilities,13,7,two_level_random_sample,EXP_20260413_101441
13-1131.00,Fundraisers,Dynamic Flexibility,1.0,Abilities,13,7,two_level_random_sample,EXP_20260413_101441
13-1131.00,Fundraisers,Gross Body Coordination,1.0,Abilities,13,7,two_level_random_sample,EXP_20260413_101441
13-1131.00,Fundraisers,Gross Body Equilibrium,1.0,Abilities,13,7,two_level_random_sample,EXP_20260413_101441
13-1131.00,Fundraisers,Near Vision,3.62,Abilities,13,7,two_level_random_sample,EXP_20260413_101441
13-1131.00,Fundraisers,Far Vision,2.75,Abilities,13,7,two_level_random_sample,EXP_20260413_101441
13-1131.00,Fundraisers,Visual Color Discrimination,1.88,Abilities,13,7,two_level_random_sample,EXP_20260413_101441
13-1131.00,Fundraisers,Night Vision,1.0,Abilities,13,7,two_level_random_sample,EXP_20260413_101441
13-1131.00,Fundraisers,Peripheral Vision,1.0,Abilities,13,7,two_level_random_sample,EXP_20260413_101441
13-1131.00,Fundraisers,Depth Perception,1.62,Abilities,13,7,two_level_random_sample,EXP_20260413_101441
13-1131.00,Fundraisers,Glare Sensitivity,1.0,Abilities,13,7,two_level_random_sample,EXP_20260413_101441
13-1131.00,Fundraisers,Hearing Sensitivity,1.62,Abilities,13,7,two_level_random_sample,EXP_20260413_101441
13-1131.00,Fundraisers,Auditory Attention,1.62,Abilities,13,7,two_level_random_sample,EXP_20260413_101441
13-1131.00,Fundraisers,Sound Localization,1.0,Abilities,13,7,two_level_random_sample,EXP_20260413_101441
13-1131.00,Fundraisers,Speech Recognition,4.0,Abilities,13,7,two_level_random_sample,EXP_20260413_101441
13-1131.00,Fundraisers,Speech Clarity,4.12,Abilities,13,7,two_level_random_sample,EXP_20260413_101441
13-1161.00,Market Research Analysts and Marketing Specialists,Oral Comprehension,4.0,Abilities,13,7,two_level_random_sample,EXP_20260413_101441
13-1161.00,Market Research Analysts and Marketing Specialists,Written Comprehension,4.0,Abilities,13,7,two_level_random_sample,EXP_20260413_101441
13-1161.00,Market Research Analysts and Marketing Specialists,Oral Expression,4.0,Abilities,13,7,two_level_random_sample,EXP_20260413_101441
13-1161.00,Market Research Analysts and Marketing Specialists,Written Expression,4.0,Abilities,13,7,two_level_random_sample,EXP_20260413_101441
13-1161.00,Market Research Analysts and Marketing Specialists,Fluency of Ideas,4.0,Abilities,13,7,two_level_random_sample,EXP_20260413_101441
13-1161.00,Market Research Analysts and Marketing Specialists,Originality,3.38,Abilities,13,7,two_level_random_sample,EXP_20260413_101441
13-1161.00,Market Research Analysts and Marketing Specialists,Problem Sensitivity,3.62,Abilities,13,7,two_level_random_sample,EXP_20260413_101441
13-1161.00,Market Research Analysts and Marketing Specialists,Deductive Reasoning,4.0,Abilities,13,7,two_level_random_sample,EXP_20260413_101441
13-1161.00,Market Research Analysts and Marketing Specialists,Inductive Reasoning,4.12,Abilities,13,7,two_level_random_sample,EXP_20260413_101441
13-1161.00,Market Research Analysts and Marketing Specialists,Information Ordering,3.88,Abilities,13,7,two_level_random_sample,EXP_20260413_101441
13-1161.00,Market Research Analysts and Marketing Specialists,Category Flexibility,3.75,Abilities,13,7,two_level_random_sample,EXP_20260413_101441
13-1161.00,Market Research Analysts and Marketing Specialists,Mathematical Reasoning,3.38,Abilities,13,7,two_level_random_sample,EXP_20260413_101441
13-1161.00,Market Research Analysts and Marketing Specialists,Number Facility,3.12,Abilities,13,7,two_level_random_sample,EXP_20260413_101441
13-1161.00,Market Research Analysts and Marketing Specialists,Memorization,2.75,Abilities,13,7,two_level_random_sample,EXP_20260413_101441
13-1161.00,Market Research Analysts and Marketing Specialists,Speed of Closure,2.5,Abilities,13,7,two_level_random_sample,EXP_20260413_101441
13-1161.00,Market Research Analysts and Marketing Specialists,Flexibility of Closure,3.0,Abilities,13,7,two_level_random_sample,EXP_20260413_101441
13-1161.00,Market Research Analysts and Marketing Specialists,Perceptual Speed,2.75,Abilities,13,7,two_level_random_sample,EXP_20260413_101441
13-1161.00,Market Research Analysts and Marketing Specialists,Spatial Orientation,1.0,Abilities,13,7,two_level_random_sample,EXP_20260413_101441
13-1161.00,Market Research Analysts and Marketing Specialists,Visualization,2.38,Abilities,13,7,two_level_random_sample,EXP_20260413_101441
13-1161.00,Market Research Analysts and Marketing Specialists,Selective Attention,2.88,Abilities,13,7,two_level_random_sample,EXP_20260413_101441
13-1161.00,Market Research Analysts and Marketing Specialists,Time Sharing,2.38,Abilities,13,7,two_level_random_sample,EXP_20260413_101441
13-1161.00,Market Research Analysts and Marketing Specialists,Arm-Hand Steadiness,1.12,Abilities,13,7,two_level_random_sample,EXP_20260413_101441
13-1161.00,Market Research Analysts and Marketing Specialists,Manual Dexterity,1.12,Abilities,13,7,two_level_random_sample,EXP_20260413_101441
13-1161.00,Market Research Analysts and Marketing Specialists,Finger Dexterity,1.88,Abilities,13,7,two_level_random_sample,EXP_20260413_101441
13-1161.00,Market Research Analysts and Marketing Specialists,Control Precision,1.0,Abilities,13,7,two_level_random_sample,EXP_20260413_101441
13-1161.00,Market Research Analysts and Marketing Specialists,Multilimb Coordination,1.0,Abilities,13,7,two_level_random_sample,EXP_20260413_101441
13-1161.00,Market Research Analysts and Marketing Specialists,Response Orientation,1.0,Abilities,13,7,two_level_random_sample,EXP_20260413_101441
13-1161.00,Market Research Analysts and Marketing Specialists,Rate Control,1.0,Abilities,13,7,two_level_random_sample,EXP_20260413_101441
13-1161.00,Market Research Analysts and Marketing Specialists,Reaction Time,1.0,Abilities,13,7,two_level_random_sample,EXP_20260413_101441
13-1161.00,Market Research Analysts and Marketing Specialists,Wrist-Finger Speed,1.25,Abilities,13,7,two_level_random_sample,EXP_20260413_101441
13-1161.00,Market Research Analysts and Marketing Specialists,Speed of Limb Movement,1.0,Abilities,13,7,two_level_random_sample,EXP_20260413_101441
13-1161.00,Market Research Analysts and Marketing Specialists,Static Strength,1.0,Abilities,13,7,two_level_random_sample,EXP_20260413_101441
13-1161.00,Market Research Analysts and Marketing Specialists,Explosive Strength,1.0,Abilities,13,7,two_level_random_sample,EXP_20260413_101441
13-1161.00,Market Research Analysts and Marketing Specialists,Dynamic Strength,1.0,Abilities,13,7,two_level_random_sample,EXP_20260413_101441
13-1161.00,Market Research Analysts and Marketing Specialists,Trunk Strength,1.62,Abilities,13,7,two_level_random_sample,EXP_20260413_101441
13-1161.00,Market Research Analysts and Marketing Specialists,Stamina,1.0,Abilities,13,7,two_level_random_sample,EXP_20260413_101441
13-1161.00,Market Research Analysts and Marketing Specialists,Extent Flexibility,1.0,Abilities,13,7,two_level_random_sample,EXP_20260413_101441
13-1161.00,Market Research Analysts and Marketing Specialists,Dynamic Flexibility,1.0,Abilities,13,7,two_level_random_sample,EXP_20260413_101441
13-1161.00,Market Research Analysts and Marketing Specialists,Gross Body Coordination,1.0,Abilities,13,7,two_level_random_sample,EXP_20260413_101441
13-1161.00,Market Research Analysts and Marketing Specialists,Gross Body Equilibrium,1.0,Abilities,13,7,two_level_random_sample,EXP_20260413_101441
13-1161.00,Market Research Analysts and Marketing Specialists,Near Vision,3.62,Abilities,13,7,two_level_random_sample,EXP_20260413_101441
13-1161.00,Market Research Analysts and Marketing Specialists,Far Vision,2.75,Abilities,13,7,two_level_random_sample,EXP_20260413_101441
13-1161.00,Market Research Analysts and Marketing Specialists,Visual Color Discrimination,2.0,Abilities,13,7,two_level_random_sample,EXP_20260413_101441
13-1161.00,Market Research Analysts and Marketing Specialists,Night Vision,1.0,Abilities,13,7,two_level_random_sample,EXP_20260413_101441
13-1161.00,Market Research Analysts and Marketing Specialists,Peripheral Vision,1.0,Abilities,13,7,two_level_random_sample,EXP_20260413_101441
13-1161.00,Market Research Analysts and Marketing Specialists,Depth Perception,1.75,Abilities,13,7,two_level_random_sample,EXP_20260413_101441
13-1161.00,Market Research Analysts and Marketing Specialists,Glare Sensitivity,1.0,Abilities,13,7,two_level_random_sample,EXP_20260413_101441
13-1161.00,Market Research Analysts and Marketing Specialists,Hearing Sensitivity,1.88,Abilities,13,7,two_level_random_sample,EXP_20260413_101441
13-1161.00,Market Research Analysts and Marketing Specialists,Auditory Attention,1.88,Abilities,13,7,two_level_random_sample,EXP_20260413_101441
13-1161.00,Market Research Analysts and Marketing Specialists,Sound Localization,1.0,Abilities,13,7,two_level_random_sample,EXP_20260413_101441
13-1161.00,Market Research Analysts and Marketing Specialists,Speech Recognition,3.25,Abilities,13,7,two_level_random_sample,EXP_20260413_101441
13-1161.00,Market Research Analysts and Marketing Specialists,Speech Clarity,3.75,Abilities,13,7,two_level_random_sample,EXP_20260413_101441
13-1199.04,Business Continuity Planners,Oral Comprehension,4.0,Abilities,13,7,two_level_random_sample,EXP_20260413_101441
13-1199.04,Business Continuity Planners,Written Comprehension,4.0,Abilities,13,7,two_level_random_sample,EXP_20260413_101441
13-1199.04,Business Continuity Planners,Oral Expression,4.0,Abilities,13,7,two_level_random_sample,EXP_20260413_101441
13-1199.04,Business Continuity Planners,Written Expression,4.0,Abilities,13,7,two_level_random_sample,EXP_20260413_101441
13-1199.04,Business Continuity Planners,Fluency of Ideas,3.88,Abilities,13,7,two_level_random_sample,EXP_20260413_101441
13-1199.04,Business Continuity Planners,Originality,3.5,Abilities,13,7,two_level_random_sample,EXP_20260413_101441
13-1199.04,Business Continuity Planners,Problem Sensitivity,4.38,Abilities,13,7,two_level_random_sample,EXP_20260413_101441
13-1199.04,Business Continuity Planners,Deductive Reasoning,4.0,Abilities,13,7,two_level_random_sample,EXP_20260413_101441
13-1199.04,Business Continuity Planners,Inductive Reasoning,4.12,Abilities,13,7,two_level_random_sample,EXP_20260413_101441
13-1199.04,Business Continuity Planners,Information Ordering,4.0,Abilities,13,7,two_level_random_sample,EXP_20260413_101441
13-1199.04,Business Continuity Planners,Category Flexibility,3.38,Abilities,13,7,two_level_random_sample,EXP_20260413_101441
13-1199.04,Business Continuity Planners,Mathematical Reasoning,2.88,Abilities,13,7,two_level_random_sample,EXP_20260413_101441
13-1199.04,Business Continuity Planners,Number Facility,2.88,Abilities,13,7,two_level_random_sample,EXP_20260413_101441
13-1199.04,Business Continuity Planners,Memorization,2.88,Abilities,13,7,two_level_random_sample,EXP_20260413_101441
13-1199.04,Business Continuity Planners,Speed of Closure,2.75,Abilities,13,7,two_level_random_sample,EXP_20260413_101441
13-1199.04,Business Continuity Planners,Flexibility of Closure,3.38,Abilities,13,7,two_level_random_sample,EXP_20260413_101441
13-1199.04,Business Continuity Planners,Perceptual Speed,2.75,Abilities,13,7,two_level_random_sample,EXP_20260413_101441
13-1199.04,Business Continuity Planners,Spatial Orientation,1.12,Abilities,13,7,two_level_random_sample,EXP_20260413_101441
13-1199.04,Business Continuity Planners,Visualization,2.75,Abilities,13,7,two_level_random_sample,EXP_20260413_101441
13-1199.04,Business Continuity Planners,Selective Attention,3.12,Abilities,13,7,two_level_random_sample,EXP_20260413_101441
13-1199.04,Business Continuity Planners,Time Sharing,2.62,Abilities,13,7,two_level_random_sample,EXP_20260413_101441
13-1199.04,Business Continuity Planners,Arm-Hand Steadiness,1.0,Abilities,13,7,two_level_random_sample,EXP_20260413_101441
13-1199.04,Business Continuity Planners,Manual Dexterity,1.0,Abilities,13,7,two_level_random_sample,EXP_20260413_101441
13-1199.04,Business Continuity Planners,Finger Dexterity,1.5,Abilities,13,7,two_level_random_sample,EXP_20260413_101441
13-1199.04,Business Continuity Planners,Control Precision,1.0,Abilities,13,7,two_level_random_sample,EXP_20260413_101441
13-1199.04,Business Continuity Planners,Multilimb Coordination,1.0,Abilities,13,7,two_level_random_sample,EXP_20260413_101441
13-1199.04,Business Continuity Planners,Response Orientation,1.0,Abilities,13,7,two_level_random_sample,EXP_20260413_101441
13-1199.04,Business Continuity Planners,Rate Control,1.0,Abilities,13,7,two_level_random_sample,EXP_20260413_101441
13-1199.04,Business Continuity Planners,Reaction Time,1.0,Abilities,13,7,two_level_random_sample,EXP_20260413_101441
13-1199.04,Business Continuity Planners,Wrist-Finger Speed,1.75,Abilities,13,7,two_level_random_sample,EXP_20260413_101441
13-1199.04,Business Continuity Planners,Speed of Limb Movement,1.0,Abilities,13,7,two_level_random_sample,EXP_20260413_101441
13-1199.04,Business Continuity Planners,Static Strength,1.0,Abilities,13,7,two_level_random_sample,EXP_20260413_101441
13-1199.04,Business Continuity Planners,Explosive Strength,1.0,Abilities,13,7,two_level_random_sample,EXP_20260413_101441
13-1199.04,Business Continuity Planners,Dynamic Strength,1.0,Abilities,13,7,two_level_random_sample,EXP_20260413_101441
13-1199.04,Business Continuity Planners,Trunk Strength,1.88,Abilities,13,7,two_level_random_sample,EXP_20260413_101441
13-1199.04,Business Continuity Planners,Stamina,1.0,Abilities,13,7,two_level_random_sample,EXP_20260413_101441
13-1199.04,Business Continuity Planners,Extent Flexibility,1.0,Abilities,13,7,two_level_random_sample,EXP_20260413_101441
13-1199.04,Business Continuity Planners,Dynamic Flexibility,1.0,Abilities,13,7,two_level_random_sample,EXP_20260413_101441
13-1199.04,Business Continuity Planners,Gross Body Coordination,1.0,Abilities,13,7,two_level_random_sample,EXP_20260413_101441
13-1199.04,Business Continuity Planners,Gross Body Equilibrium,1.0,Abilities,13,7,two_level_random_sample,EXP_20260413_101441
13-1199.04,Business Continuity Planners,Near Vision,3.62,Abilities,13,7,two_level_random_sample,EXP_20260413_101441
13-1199.04,Business Continuity Planners,Far Vision,2.88,Abilities,13,7,two_level_random_sample,EXP_20260413_101441
13-1199.04,Business Continuity Planners,Visual Color Discrimination,2.0,Abilities,13,7,two_level_random_sample,EXP_20260413_101441
13-1199.04,Business Continuity Planners,Night Vision,1.0,Abilities,13,7,two_level_random_sample,EXP_20260413_101441
13-1199.04,Business Continuity Planners,Peripheral Vision,1.0,Abilities,13,7,two_level_random_sample,EXP_20260413_101441
13-1199.04,Business Continuity Planners,Depth Perception,1.75,Abilities,13,7,two_level_random_sample,EXP_20260413_101441
13-1199.04,Business Continuity Planners,Glare Sensitivity,1.0,Abilities,13,7,two_level_random_sample,EXP_20260413_101441
13-1199.04,Business Continuity Planners,Hearing Sensitivity,2.0,Abilities,13,7,two_level_random_sample,EXP_20260413_101441
13-1199.04,Business Continuity Planners,Auditory Attention,2.0,Abilities,13,7,two_level_random_sample,EXP_20260413_101441
13-1199.04,Business Continuity Planners,Sound Localization,1.0,Abilities,13,7,two_level_random_sample,EXP_20260413_101441
13-1199.04,Business Continuity Planners,Speech Recognition,3.75,Abilities,13,7,two_level_random_sample,EXP_20260413_101441
13-1199.04,Business Continuity Planners,Speech Clarity,3.75,Abilities,13,7,two_level_random_sample,EXP_20260413_101441
13-2053.00,Insurance Underwriters,Oral Comprehension,3.5,Abilities,13,7,two_level_random_sample,EXP_20260413_101441
13-2053.00,Insurance Underwriters,Written Comprehension,3.88,Abilities,13,7,two_level_random_sample,EXP_20260413_101441
13-2053.00,Insurance Underwriters,Oral Expression,3.62,Abilities,13,7,two_level_random_sample,EXP_20260413_101441
13-2053.00,Insurance Underwriters,Written Expression,3.75,Abilities,13,7,two_level_random_sample,EXP_20260413_101441
13-2053.00,Insurance Underwriters,Fluency of Ideas,2.88,Abilities,13,7,two_level_random_sample,EXP_20260413_101441
13-2053.00,Insurance Underwriters,Originality,2.88,Abilities,13,7,two_level_random_sample,EXP_20260413_101441
13-2053.00,Insurance Underwriters,Problem Sensitivity,3.38,Abilities,13,7,two_level_random_sample,EXP_20260413_101441
13-2053.00,Insurance Underwriters,Deductive Reasoning,3.5,Abilities,13,7,two_level_random_sample,EXP_20260413_101441
13-2053.00,Insurance Underwriters,Inductive Reasoning,3.75,Abilities,13,7,two_level_random_sample,EXP_20260413_101441
13-2053.00,Insurance Underwriters,Information Ordering,3.12,Abilities,13,7,two_level_random_sample,EXP_20260413_101441
13-2053.00,Insurance Underwriters,Category Flexibility,3.25,Abilities,13,7,two_level_random_sample,EXP_20260413_101441
13-2053.00,Insurance Underwriters,Mathematical Reasoning,2.88,Abilities,13,7,two_level_random_sample,EXP_20260413_101441
13-2053.00,Insurance Underwriters,Number Facility,2.75,Abilities,13,7,two_level_random_sample,EXP_20260413_101441
13-2053.00,Insurance Underwriters,Memorization,2.12,Abilities,13,7,two_level_random_sample,EXP_20260413_101441
13-2053.00,Insurance Underwriters,Speed of Closure,2.25,Abilities,13,7,two_level_random_sample,EXP_20260413_101441
13-2053.00,Insurance Underwriters,Flexibility of Closure,3.0,Abilities,13,7,two_level_random_sample,EXP_20260413_101441
13-2053.00,Insurance Underwriters,Perceptual Speed,2.5,Abilities,13,7,two_level_random_sample,EXP_20260413_101441
13-2053.00,Insurance Underwriters,Spatial Orientation,1.0,Abilities,13,7,two_level_random_sample,EXP_20260413_101441
13-2053.00,Insurance Underwriters,Visualization,2.0,Abilities,13,7,two_level_random_sample,EXP_20260413_101441
13-2053.00,Insurance Underwriters,Selective Attention,2.88,Abilities,13,7,two_level_random_sample,EXP_20260413_101441
13-2053.00,Insurance Underwriters,Time Sharing,2.38,Abilities,13,7,two_level_random_sample,EXP_20260413_101441
13-2053.00,Insurance Underwriters,Arm-Hand Steadiness,1.75,Abilities,13,7,two_level_random_sample,EXP_20260413_101441
13-2053.00,Insurance Underwriters,Manual Dexterity,1.75,Abilities,13,7,two_level_random_sample,EXP_20260413_101441
13-2053.00,Insurance Underwriters,Finger Dexterity,1.88,Abilities,13,7,two_level_random_sample,EXP_20260413_101441
13-2053.00,Insurance Underwriters,Control Precision,1.75,Abilities,13,7,two_level_random_sample,EXP_20260413_101441
13-2053.00,Insurance Underwriters,Multilimb Coordination,1.0,Abilities,13,7,two_level_random_sample,EXP_20260413_101441
13-2053.00,Insurance Underwriters,Response Orientation,1.0,Abilities,13,7,two_level_random_sample,EXP_20260413_101441
13-2053.00,Insurance Underwriters,Rate Control,1.0,Abilities,13,7,two_level_random_sample,EXP_20260413_101441
13-2053.00,Insurance Underwriters,Reaction Time,1.0,Abilities,13,7,two_level_random_sample,EXP_20260413_101441
13-2053.00,Insurance Underwriters,Wrist-Finger Speed,1.25,Abilities,13,7,two_level_random_sample,EXP_20260413_101441
13-2053.00,Insurance Underwriters,Speed of Limb Movement,1.0,Abilities,13,7,two_level_random_sample,EXP_20260413_101441
13-2053.00,Insurance Underwriters,Static Strength,1.0,Abilities,13,7,two_level_random_sample,EXP_20260413_101441
13-2053.00,Insurance Underwriters,Explosive Strength,1.0,Abilities,13,7,two_level_random_sample,EXP_20260413_101441
13-2053.00,Insurance Underwriters,Dynamic Strength,1.25,Abilities,13,7,two_level_random_sample,EXP_20260413_101441
13-2053.00,Insurance Underwriters,Trunk Strength,1.38,Abilities,13,7,two_level_random_sample,EXP_20260413_101441
13-2053.00,Insurance Underwriters,Stamina,1.0,Abilities,13,7,two_level_random_sample,EXP_20260413_101441
13-2053.00,Insurance Underwriters,Extent Flexibility,1.0,Abilities,13,7,two_level_random_sample,EXP_20260413_101441
13-2053.00,Insurance Underwriters,Dynamic Flexibility,1.0,Abilities,13,7,two_level_random_sample,EXP_20260413_101441
13-2053.00,Insurance Underwriters,Gross Body Coordination,1.0,Abilities,13,7,two_level_random_sample,EXP_20260413_101441
13-2053.00,Insurance Underwriters,Gross Body Equilibrium,1.0,Abilities,13,7,two_level_random_sample,EXP_20260413_101441
13-2053.00,Insurance Underwriters,Near Vision,3.25,Abilities,13,7,two_level_random_sample,EXP_20260413_101441
13-2053.00,Insurance Underwriters,Far Vision,2.38,Abilities,13,7,two_level_random_sample,EXP_20260413_101441
13-2053.00,Insurance Underwriters,Visual Color Discrimination,2.0,Abilities,13,7,two_level_random_sample,EXP_20260413_101441
13-2053.00,Insurance Underwriters,Night Vision,1.0,Abilities,13,7,two_level_random_sample,EXP_20260413_101441
13-2053.00,Insurance Underwriters,Peripheral Vision,1.0,Abilities,13,7,two_level_random_sample,EXP_20260413_101441
13-2053.00,Insurance Underwriters,Depth Perception,1.75,Abilities,13,7,two_level_random_sample,EXP_20260413_101441
13-2053.00,Insurance Underwriters,Glare Sensitivity,1.0,Abilities,13,7,two_level_random_sample,EXP_20260413_101441
13-2053.00,Insurance Underwriters,Hearing Sensitivity,1.75,Abilities,13,7,two_level_random_sample,EXP_20260413_101441
13-2053.00,Insurance Underwriters,Auditory Attention,1.75,Abilities,13,7,two_level_random_sample,EXP_20260413_101441
13-2053.00,Insurance Underwriters,Sound Localization,1.0,Abilities,13,7,two_level_random_sample,EXP_20260413_101441
13-2053.00,Insurance Underwriters,Speech Recognition,3.25,Abilities,13,7,two_level_random_sample,EXP_20260413_101441
13-2053.00,Insurance Underwriters,Speech Clarity,3.38,Abilities,13,7,two_level_random_sample,EXP_20260413_101441
19-1021.00,Biochemists and Biophysicists,Oral Comprehension,4.12,Abilities,19,7,two_level_random_sample,EXP_20260413_101441
19-1021.00,Biochemists and Biophysicists,Written Comprehension,4.25,Abilities,19,7,two_level_random_sample,EXP_20260413_101441
19-1021.00,Biochemists and Biophysicists,Oral Expression,4.12,Abilities,19,7,two_level_random_sample,EXP_20260413_101441
19-1021.00,Biochemists and Biophysicists,Written Expression,4.25,Abilities,19,7,two_level_random_sample,EXP_20260413_101441
19-1021.00,Biochemists and Biophysicists,Fluency of Ideas,3.75,Abilities,19,7,two_level_random_sample,EXP_20260413_101441
19-1021.00,Biochemists and Biophysicists,Originality,3.75,Abilities,19,7,two_level_random_sample,EXP_20260413_101441
19-1021.00,Biochemists and Biophysicists,Problem Sensitivity,3.88,Abilities,19,7,two_level_random_sample,EXP_20260413_101441
19-1021.00,Biochemists and Biophysicists,Deductive Reasoning,4.0,Abilities,19,7,two_level_random_sample,EXP_20260413_101441
19-1021.00,Biochemists and Biophysicists,Inductive Reasoning,4.25,Abilities,19,7,two_level_random_sample,EXP_20260413_101441
19-1021.00,Biochemists and Biophysicists,Information Ordering,4.0,Abilities,19,7,two_level_random_sample,EXP_20260413_101441
19-1021.00,Biochemists and Biophysicists,Category Flexibility,4.0,Abilities,19,7,two_level_random_sample,EXP_20260413_101441
19-1021.00,Biochemists and Biophysicists,Mathematical Reasoning,4.0,Abilities,19,7,two_level_random_sample,EXP_20260413_101441
19-1021.00,Biochemists and Biophysicists,Number Facility,3.5,Abilities,19,7,two_level_random_sample,EXP_20260413_101441
19-1021.00,Biochemists and Biophysicists,Memorization,3.0,Abilities,19,7,two_level_random_sample,EXP_20260413_101441
19-1021.00,Biochemists and Biophysicists,Speed of Closure,3.0,Abilities,19,7,two_level_random_sample,EXP_20260413_101441
19-1021.00,Biochemists and Biophysicists,Flexibility of Closure,3.62,Abilities,19,7,two_level_random_sample,EXP_20260413_101441
19-1021.00,Biochemists and Biophysicists,Perceptual Speed,3.12,Abilities,19,7,two_level_random_sample,EXP_20260413_101441
19-1021.00,Biochemists and Biophysicists,Spatial Orientation,1.0,Abilities,19,7,two_level_random_sample,EXP_20260413_101441
19-1021.00,Biochemists and Biophysicists,Visualization,3.25,Abilities,19,7,two_level_random_sample,EXP_20260413_101441
19-1021.00,Biochemists and Biophysicists,Selective Attention,3.0,Abilities,19,7,two_level_random_sample,EXP_20260413_101441
19-1021.00,Biochemists and Biophysicists,Time Sharing,2.25,Abilities,19,7,two_level_random_sample,EXP_20260413_101441
19-1021.00,Biochemists and Biophysicists,Arm-Hand Steadiness,2.75,Abilities,19,7,two_level_random_sample,EXP_20260413_101441
19-1021.00,Biochemists and Biophysicists,Manual Dexterity,2.25,Abilities,19,7,two_level_random_sample,EXP_20260413_101441
19-1021.00,Biochemists and Biophysicists,Finger Dexterity,2.62,Abilities,19,7,two_level_random_sample,EXP_20260413_101441
19-1021.00,Biochemists and Biophysicists,Control Precision,2.12,Abilities,19,7,two_level_random_sample,EXP_20260413_101441
19-1021.00,Biochemists and Biophysicists,Multilimb Coordination,1.75,Abilities,19,7,two_level_random_sample,EXP_20260413_101441
19-1021.00,Biochemists and Biophysicists,Response Orientation,1.5,Abilities,19,7,two_level_random_sample,EXP_20260413_101441
19-1021.00,Biochemists and Biophysicists,Rate Control,1.62,Abilities,19,7,two_level_random_sample,EXP_20260413_101441
19-1021.00,Biochemists and Biophysicists,Reaction Time,1.75,Abilities,19,7,two_level_random_sample,EXP_20260413_101441
19-1021.00,Biochemists and Biophysicists,Wrist-Finger Speed,2.12,Abilities,19,7,two_level_random_sample,EXP_20260413_101441
19-1021.00,Biochemists and Biophysicists,Speed of Limb Movement,1.0,Abilities,19,7,two_level_random_sample,EXP_20260413_101441
19-1021.00,Biochemists and Biophysicists,Static Strength,1.75,Abilities,19,7,two_level_random_sample,EXP_20260413_101441
19-1021.00,Biochemists and Biophysicists,Explosive Strength,1.0,Abilities,19,7,two_level_random_sample,EXP_20260413_101441
19-1021.00,Biochemists and Biophysicists,Dynamic Strength,1.12,Abilities,19,7,two_level_random_sample,EXP_20260413_101441
19-1021.00,Biochemists and Biophysicists,Trunk Strength,2.12,Abilities,19,7,two_level_random_sample,EXP_20260413_101441
19-1021.00,Biochemists and Biophysicists,Stamina,1.0,Abilities,19,7,two_level_random_sample,EXP_20260413_101441
19-1021.00,Biochemists and Biophysicists,Extent Flexibility,1.38,Abilities,19,7,two_level_random_sample,EXP_20260413_101441
19-1021.00,Biochemists and Biophysicists,Dynamic Flexibility,1.0,Abilities,19,7,two_level_random_sample,EXP_20260413_101441
19-1021.00,Biochemists and Biophysicists,Gross Body Coordination,1.0,Abilities,19,7,two_level_random_sample,EXP_20260413_101441
19-1021.00,Biochemists and Biophysicists,Gross Body Equilibrium,1.0,Abilities,19,7,two_level_random_sample,EXP_20260413_101441
19-1021.00,Biochemists and Biophysicists,Near Vision,4.0,Abilities,19,7,two_level_random_sample,EXP_20260413_101441
19-1021.00,Biochemists and Biophysicists,Far Vision,2.88,Abilities,19,7,two_level_random_sample,EXP_20260413_101441
19-1021.00,Biochemists and Biophysicists,Visual Color Discrimination,2.88,Abilities,19,7,two_level_random_sample,EXP_20260413_101441
19-1021.00,Biochemists and Biophysicists,Night Vision,1.0,Abilities,19,7,two_level_random_sample,EXP_20260413_101441
19-1021.00,Biochemists and Biophysicists,Peripheral Vision,1.0,Abilities,19,7,two_level_random_sample,EXP_20260413_101441
19-1021.00,Biochemists and Biophysicists,Depth Perception,1.88,Abilities,19,7,two_level_random_sample,EXP_20260413_101441
19-1021.00,Biochemists and Biophysicists,Glare Sensitivity,1.0,Abilities,19,7,two_level_random_sample,EXP_20260413_101441
19-1021.00,Biochemists and Biophysicists,Hearing Sensitivity,1.88,Abilities,19,7,two_level_random_sample,EXP_20260413_101441
19-1021.00,Biochemists and Biophysicists,Auditory Attention,2.0,Abilities,19,7,two_level_random_sample,EXP_20260413_101441
19-1021.00,Biochemists and Biophysicists,Sound Localization,1.0,Abilities,19,7,two_level_random_sample,EXP_20260413_101441
19-1021.00,Biochemists and Biophysicists,Speech Recognition,3.12,Abilities,19,7,two_level_random_sample,EXP_20260413_101441
19-1021.00,Biochemists and Biophysicists,Speech Clarity,3.75,Abilities,19,7,two_level_random_sample,EXP_20260413_101441
19-1022.00,Microbiologists,Oral Comprehension,4.0,Abilities,19,7,two_level_random_sample,EXP_20260413_101441
19-1022.00,Microbiologists,Written Comprehension,4.25,Abilities,19,7,two_level_random_sample,EXP_20260413_101441
19-1022.00,Microbiologists,Oral Expression,4.0,Abilities,19,7,two_level_random_sample,EXP_20260413_101441
19-1022.00,Microbiologists,Written Expression,4.12,Abilities,19,7,two_level_random_sample,EXP_20260413_101441
19-1022.00,Microbiologists,Fluency of Ideas,3.75,Abilities,19,7,two_level_random_sample,EXP_20260413_101441
19-1022.00,Microbiologists,Originality,3.12,Abilities,19,7,two_level_random_sample,EXP_20260413_101441
19-1022.00,Microbiologists,Problem Sensitivity,4.0,Abilities,19,7,two_level_random_sample,EXP_20260413_101441
19-1022.00,Microbiologists,Deductive Reasoning,4.0,Abilities,19,7,two_level_random_sample,EXP_20260413_101441
19-1022.00,Microbiologists,Inductive Reasoning,4.12,Abilities,19,7,two_level_random_sample,EXP_20260413_101441
19-1022.00,Microbiologists,Information Ordering,3.88,Abilities,19,7,two_level_random_sample,EXP_20260413_101441
19-1022.00,Microbiologists,Category Flexibility,4.0,Abilities,19,7,two_level_random_sample,EXP_20260413_101441
19-1022.00,Microbiologists,Mathematical Reasoning,2.88,Abilities,19,7,two_level_random_sample,EXP_20260413_101441
19-1022.00,Microbiologists,Number Facility,2.88,Abilities,19,7,two_level_random_sample,EXP_20260413_101441
19-1022.00,Microbiologists,Memorization,2.75,Abilities,19,7,two_level_random_sample,EXP_20260413_101441
19-1022.00,Microbiologists,Speed of Closure,2.62,Abilities,19,7,two_level_random_sample,EXP_20260413_101441
19-1022.00,Microbiologists,Flexibility of Closure,3.75,Abilities,19,7,two_level_random_sample,EXP_20260413_101441
19-1022.00,Microbiologists,Perceptual Speed,3.0,Abilities,19,7,two_level_random_sample,EXP_20260413_101441
19-1022.00,Microbiologists,Spatial Orientation,1.0,Abilities,19,7,two_level_random_sample,EXP_20260413_101441
19-1022.00,Microbiologists,Visualization,3.0,Abilities,19,7,two_level_random_sample,EXP_20260413_101441
19-1022.00,Microbiologists,Selective Attention,3.5,Abilities,19,7,two_level_random_sample,EXP_20260413_101441
19-1022.00,Microbiologists,Time Sharing,2.62,Abilities,19,7,two_level_random_sample,EXP_20260413_101441
19-1022.00,Microbiologists,Arm-Hand Steadiness,2.75,Abilities,19,7,two_level_random_sample,EXP_20260413_101441
19-1022.00,Microbiologists,Manual Dexterity,2.62,Abilities,19,7,two_level_random_sample,EXP_20260413_101441
19-1022.00,Microbiologists,Finger Dexterity,3.0,Abilities,19,7,two_level_random_sample,EXP_20260413_101441
19-1022.00,Microbiologists,Control Precision,2.75,Abilities,19,7,two_level_random_sample,EXP_20260413_101441
19-1022.00,Microbiologists,Multilimb Coordination,2.12,Abilities,19,7,two_level_random_sample,EXP_20260413_101441
19-1022.00,Microbiologists,Response Orientation,1.75,Abilities,19,7,two_level_random_sample,EXP_20260413_101441
19-1022.00,Microbiologists,Rate Control,2.0,Abilities,19,7,two_level_random_sample,EXP_20260413_101441
19-1022.00,Microbiologists,Reaction Time,2.12,Abilities,19,7,two_level_random_sample,EXP_20260413_101441
19-1022.00,Microbiologists,Wrist-Finger Speed,1.88,Abilities,19,7,two_level_random_sample,EXP_20260413_101441
19-1022.00,Microbiologists,Speed of Limb Movement,1.0,Abilities,19,7,two_level_random_sample,EXP_20260413_101441
19-1022.00,Microbiologists,Static Strength,2.0,Abilities,19,7,two_level_random_sample,EXP_20260413_101441
19-1022.00,Microbiologists,Explosive Strength,1.38,Abilities,19,7,two_level_random_sample,EXP_20260413_101441
19-1022.00,Microbiologists,Dynamic Strength,1.5,Abilities,19,7,two_level_random_sample,EXP_20260413_101441
19-1022.00,Microbiologists,Trunk Strength,2.0,Abilities,19,7,two_level_random_sample,EXP_20260413_101441
19-1022.00,Microbiologists,Stamina,1.5,Abilities,19,7,two_level_random_sample,EXP_20260413_101441
19-1022.00,Microbiologists,Extent Flexibility,1.5,Abilities,19,7,two_level_random_sample,EXP_20260413_101441
19-1022.00,Microbiologists,Dynamic Flexibility,1.0,Abilities,19,7,two_level_random_sample,EXP_20260413_101441
19-1022.00,Microbiologists,Gross Body Coordination,1.38,Abilities,19,7,two_level_random_sample,EXP_20260413_101441
19-1022.00,Microbiologists,Gross Body Equilibrium,1.38,Abilities,19,7,two_level_random_sample,EXP_20260413_101441
19-1022.00,Microbiologists,Near Vision,3.75,Abilities,19,7,two_level_random_sample,EXP_20260413_101441
19-1022.00,Microbiologists,Far Vision,2.88,Abilities,19,7,two_level_random_sample,EXP_20260413_101441
19-1022.00,Microbiologists,Visual Color Discrimination,3.0,Abilities,19,7,two_level_random_sample,EXP_20260413_101441
19-1022.00,Microbiologists,Night Vision,1.0,Abilities,19,7,two_level_random_sample,EXP_20260413_101441
19-1022.00,Microbiologists,Peripheral Vision,1.0,Abilities,19,7,two_level_random_sample,EXP_20260413_101441
19-1022.00,Microbiologists,Depth Perception,2.12,Abilities,19,7,two_level_random_sample,EXP_20260413_101441
19-1022.00,Microbiologists,Glare Sensitivity,1.0,Abilities,19,7,two_level_random_sample,EXP_20260413_101441
19-1022.00,Microbiologists,Hearing Sensitivity,2.0,Abilities,19,7,two_level_random_sample,EXP_20260413_101441
19-1022.00,Microbiologists,Auditory Attention,2.0,Abilities,19,7,two_level_random_sample,EXP_20260413_101441
19-1022.00,Microbiologists,Sound Localization,1.0,Abilities,19,7,two_level_random_sample,EXP_20260413_101441
19-1022.00,Microbiologists,Speech Recognition,3.62,Abilities,19,7,two_level_random_sample,EXP_20260413_101441
19-1022.00,Microbiologists,Speech Clarity,3.12,Abilities,19,7,two_level_random_sample,EXP_20260413_101441
19-1029.01,Bioinformatics Scientists,Oral Comprehension,4.12,Abilities,19,7,two_level_random_sample,EXP_20260413_101441
19-1029.01,Bioinformatics Scientists,Written Comprehension,4.25,Abilities,19,7,two_level_random_sample,EXP_20260413_101441
19-1029.01,Bioinformatics Scientists,Oral Expression,4.0,Abilities,19,7,two_level_random_sample,EXP_20260413_101441
19-1029.01,Bioinformatics Scientists,Written Expression,4.25,Abilities,19,7,two_level_random_sample,EXP_20260413_101441
19-1029.01,Bioinformatics Scientists,Fluency of Ideas,3.88,Abilities,19,7,two_level_random_sample,EXP_20260413_101441
19-1029.01,Bioinformatics Scientists,Originality,3.75,Abilities,19,7,two_level_random_sample,EXP_20260413_101441
19-1029.01,Bioinformatics Scientists,Problem Sensitivity,4.0,Abilities,19,7,two_level_random_sample,EXP_20260413_101441
19-1029.01,Bioinformatics Scientists,Deductive Reasoning,4.0,Abilities,19,7,two_level_random_sample,EXP_20260413_101441
19-1029.01,Bioinformatics Scientists,Inductive Reasoning,4.0,Abilities,19,7,two_level_random_sample,EXP_20260413_101441
19-1029.01,Bioinformatics Scientists,Information Ordering,4.0,Abilities,19,7,two_level_random_sample,EXP_20260413_101441
19-1029.01,Bioinformatics Scientists,Category Flexibility,3.75,Abilities,19,7,two_level_random_sample,EXP_20260413_101441
19-1029.01,Bioinformatics Scientists,Mathematical Reasoning,3.88,Abilities,19,7,two_level_random_sample,EXP_20260413_101441
19-1029.01,Bioinformatics Scientists,Number Facility,3.62,Abilities,19,7,two_level_random_sample,EXP_20260413_101441
19-1029.01,Bioinformatics Scientists,Memorization,3.12,Abilities,19,7,two_level_random_sample,EXP_20260413_101441
19-1029.01,Bioinformatics Scientists,Speed of Closure,2.88,Abilities,19,7,two_level_random_sample,EXP_20260413_101441
19-1029.01,Bioinformatics Scientists,Flexibility of Closure,3.38,Abilities,19,7,two_level_random_sample,EXP_20260413_101441
19-1029.01,Bioinformatics Scientists,Perceptual Speed,3.12,Abilities,19,7,two_level_random_sample,EXP_20260413_101441
19-1029.01,Bioinformatics Scientists,Spatial Orientation,1.12,Abilities,19,7,two_level_random_sample,EXP_20260413_101441
19-1029.01,Bioinformatics Scientists,Visualization,2.88,Abilities,19,7,two_level_random_sample,EXP_20260413_101441
19-1029.01,Bioinformatics Scientists,Selective Attention,3.38,Abilities,19,7,two_level_random_sample,EXP_20260413_101441
19-1029.01,Bioinformatics Scientists,Time Sharing,2.75,Abilities,19,7,two_level_random_sample,EXP_20260413_101441
19-1029.01,Bioinformatics Scientists,Arm-Hand Steadiness,1.75,Abilities,19,7,two_level_random_sample,EXP_20260413_101441
19-1029.01,Bioinformatics Scientists,Manual Dexterity,1.75,Abilities,19,7,two_level_random_sample,EXP_20260413_101441
19-1029.01,Bioinformatics Scientists,Finger Dexterity,2.62,Abilities,19,7,two_level_random_sample,EXP_20260413_101441
19-1029.01,Bioinformatics Scientists,Control Precision,2.0,Abilities,19,7,two_level_random_sample,EXP_20260413_101441
19-1029.01,Bioinformatics Scientists,Multilimb Coordination,1.0,Abilities,19,7,two_level_random_sample,EXP_20260413_101441
19-1029.01,Bioinformatics Scientists,Response Orientation,1.0,Abilities,19,7,two_level_random_sample,EXP_20260413_101441
19-1029.01,Bioinformatics Scientists,Rate Control,1.0,Abilities,19,7,two_level_random_sample,EXP_20260413_101441
19-1029.01,Bioinformatics Scientists,Reaction Time,1.0,Abilities,19,7,two_level_random_sample,EXP_20260413_101441
19-1029.01,Bioinformatics Scientists,Wrist-Finger Speed,1.0,Abilities,19,7,two_level_random_sample,EXP_20260413_101441
19-1029.01,Bioinformatics Scientists,Speed of Limb Movement,1.0,Abilities,19,7,two_level_random_sample,EXP_20260413_101441
19-1029.01,Bioinformatics Scientists,Static Strength,1.0,Abilities,19,7,two_level_random_sample,EXP_20260413_101441
19-1029.01,Bioinformatics Scientists,Explosive Strength,1.0,Abilities,19,7,two_level_random_sample,EXP_20260413_101441
19-1029.01,Bioinformatics Scientists,Dynamic Strength,1.0,Abilities,19,7,two_level_random_sample,EXP_20260413_101441
19-1029.01,Bioinformatics Scientists,Trunk Strength,1.25,Abilities,19,7,two_level_random_sample,EXP_20260413_101441
19-1029.01,Bioinformatics Scientists,Stamina,1.0,Abilities,19,7,two_level_random_sample,EXP_20260413_101441
19-1029.01,Bioinformatics Scientists,Extent Flexibility,1.0,Abilities,19,7,two_level_random_sample,EXP_20260413_101441
19-1029.01,Bioinformatics Scientists,Dynamic Flexibility,1.0,Abilities,19,7,two_level_random_sample,EXP_20260413_101441
19-1029.01,Bioinformatics Scientists,Gross Body Coordination,1.0,Abilities,19,7,two_level_random_sample,EXP_20260413_101441
19-1029.01,Bioinformatics Scientists,Gross Body Equilibrium,1.0,Abilities,19,7,two_level_random_sample,EXP_20260413_101441
19-1029.01,Bioinformatics Scientists,Near Vision,3.75,Abilities,19,7,two_level_random_sample,EXP_20260413_101441
19-1029.01,Bioinformatics Scientists,Far Vision,3.12,Abilities,19,7,two_level_random_sample,EXP_20260413_101441
19-1029.01,Bioinformatics Scientists,Visual Color Discrimination,2.62,Abilities,19,7,two_level_random_sample,EXP_20260413_101441
19-1029.01,Bioinformatics Scientists,Night Vision,1.0,Abilities,19,7,two_level_random_sample,EXP_20260413_101441
19-1029.01,Bioinformatics Scientists,Peripheral Vision,1.0,Abilities,19,7,two_level_random_sample,EXP_20260413_101441
19-1029.01,Bioinformatics Scientists,Depth Perception,2.12,Abilities,19,7,two_level_random_sample,EXP_20260413_101441
19-1029.01,Bioinformatics Scientists,Glare Sensitivity,1.0,Abilities,19,7,two_level_random_sample,EXP_20260413_101441
19-1029.01,Bioinformatics Scientists,Hearing Sensitivity,2.5,Abilities,19,7,two_level_random_sample,EXP_20260413_101441
19-1029.01,Bioinformatics Scientists,Auditory Attention,2.25,Abilities,19,7,two_level_random_sample,EXP_20260413_101441
19-1029.01,Bioinformatics Scientists,Sound Localization,1.0,Abilities,19,7,two_level_random_sample,EXP_20260413_101441
19-1029.01,Bioinformatics Scientists,Speech Recognition,3.38,Abilities,19,7,two_level_random_sample,EXP_20260413_101441
19-1029.01,Bioinformatics Scientists,Speech Clarity,3.38,Abilities,19,7,two_level_random_sample,EXP_20260413_101441
19-1029.04,Biologists,Oral Comprehension,4.12,Abilities,19,7,two_level_random_sample,EXP_20260413_101441
19-1029.04,Biologists,Written Comprehension,4.12,Abilities,19,7,two_level_random_sample,EXP_20260413_101441
19-1029.04,Biologists,Oral Expression,4.0,Abilities,19,7,two_level_random_sample,EXP_20260413_101441
19-1029.04,Biologists,Written Expression,4.12,Abilities,19,7,two_level_random_sample,EXP_20260413_101441
19-1029.04,Biologists,Fluency of Ideas,3.62,Abilities,19,7,two_level_random_sample,EXP_20260413_101441
19-1029.04,Biologists,Originality,3.12,Abilities,19,7,two_level_random_sample,EXP_20260413_101441
19-1029.04,Biologists,Problem Sensitivity,3.88,Abilities,19,7,two_level_random_sample,EXP_20260413_101441
19-1029.04,Biologists,Deductive Reasoning,3.88,Abilities,19,7,two_level_random_sample,EXP_20260413_101441
19-1029.04,Biologists,Inductive Reasoning,4.12,Abilities,19,7,two_level_random_sample,EXP_20260413_101441
19-1029.04,Biologists,Information Ordering,4.0,Abilities,19,7,two_level_random_sample,EXP_20260413_101441
19-1029.04,Biologists,Category Flexibility,4.0,Abilities,19,7,two_level_random_sample,EXP_20260413_101441
19-1029.04,Biologists,Mathematical Reasoning,3.88,Abilities,19,7,two_level_random_sample,EXP_20260413_101441
19-1029.04,Biologists,Number Facility,3.12,Abilities,19,7,two_level_random_sample,EXP_20260413_101441
19-1029.04,Biologists,Memorization,2.75,Abilities,19,7,two_level_random_sample,EXP_20260413_101441
19-1029.04,Biologists,Speed of Closure,2.88,Abilities,19,7,two_level_random_sample,EXP_20260413_101441
19-1029.04,Biologists,Flexibility of Closure,3.25,Abilities,19,7,two_level_random_sample,EXP_20260413_101441
19-1029.04,Biologists,Perceptual Speed,3.0,Abilities,19,7,two_level_random_sample,EXP_20260413_101441
19-1029.04,Biologists,Spatial Orientation,1.38,Abilities,19,7,two_level_random_sample,EXP_20260413_101441
19-1029.04,Biologists,Visualization,3.0,Abilities,19,7,two_level_random_sample,EXP_20260413_101441
19-1029.04,Biologists,Selective Attention,3.0,Abilities,19,7,two_level_random_sample,EXP_20260413_101441
19-1029.04,Biologists,Time Sharing,2.75,Abilities,19,7,two_level_random_sample,EXP_20260413_101441
19-1029.04,Biologists,Arm-Hand Steadiness,2.75,Abilities,19,7,two_level_random_sample,EXP_20260413_101441
19-1029.04,Biologists,Manual Dexterity,2.0,Abilities,19,7,two_level_random_sample,EXP_20260413_101441
19-1029.04,Biologists,Finger Dexterity,2.62,Abilities,19,7,two_level_random_sample,EXP_20260413_101441
19-1029.04,Biologists,Control Precision,2.0,Abilities,19,7,two_level_random_sample,EXP_20260413_101441
19-1029.04,Biologists,Multilimb Coordination,2.0,Abilities,19,7,two_level_random_sample,EXP_20260413_101441
19-1029.04,Biologists,Response Orientation,1.12,Abilities,19,7,two_level_random_sample,EXP_20260413_101441
19-1029.04,Biologists,Rate Control,1.5,Abilities,19,7,two_level_random_sample,EXP_20260413_101441
19-1029.04,Biologists,Reaction Time,1.62,Abilities,19,7,two_level_random_sample,EXP_20260413_101441
19-1029.04,Biologists,Wrist-Finger Speed,1.88,Abilities,19,7,two_level_random_sample,EXP_20260413_101441
19-1029.04,Biologists,Speed of Limb Movement,1.0,Abilities,19,7,two_level_random_sample,EXP_20260413_101441
19-1029.04,Biologists,Static Strength,2.0,Abilities,19,7,two_level_random_sample,EXP_20260413_101441
19-1029.04,Biologists,Explosive Strength,1.12,Abilities,19,7,two_level_random_sample,EXP_20260413_101441
19-1029.04,Biologists,Dynamic Strength,1.62,Abilities,19,7,two_level_random_sample,EXP_20260413_101441
19-1029.04,Biologists,Trunk Strength,2.0,Abilities,19,7,two_level_random_sample,EXP_20260413_101441
19-1029.04,Biologists,Stamina,1.75,Abilities,19,7,two_level_random_sample,EXP_20260413_101441
19-1029.04,Biologists,Extent Flexibility,1.88,Abilities,19,7,two_level_random_sample,EXP_20260413_101441
19-1029.04,Biologists,Dynamic Flexibility,1.0,Abilities,19,7,two_level_random_sample,EXP_20260413_101441
19-1029.04,Biologists,Gross Body Coordination,1.88,Abilities,19,7,two_level_random_sample,EXP_20260413_101441
19-1029.04,Biologists,Gross Body Equilibrium,1.88,Abilities,19,7,two_level_random_sample,EXP_20260413_101441
19-1029.04,Biologists,Near Vision,4.0,Abilities,19,7,two_level_random_sample,EXP_20260413_101441
19-1029.04,Biologists,Far Vision,3.12,Abilities,19,7,two_level_random_sample,EXP_20260413_101441
19-1029.04,Biologists,Visual Color Discrimination,3.0,Abilities,19,7,two_level_random_sample,EXP_20260413_101441
19-1029.04,Biologists,Night Vision,1.25,Abilities,19,7,two_level_random_sample,EXP_20260413_101441
19-1029.04,Biologists,Peripheral Vision,1.62,Abilities,19,7,two_level_random_sample,EXP_20260413_101441
19-1029.04,Biologists,Depth Perception,2.12,Abilities,19,7,two_level_random_sample,EXP_20260413_101441
19-1029.04,Biologists,Glare Sensitivity,1.5,Abilities,19,7,two_level_random_sample,EXP_20260413_101441
19-1029.04,Biologists,Hearing Sensitivity,1.88,Abilities,19,7,two_level_random_sample,EXP_20260413_101441
19-1029.04,Biologists,Auditory Attention,2.0,Abilities,19,7,two_level_random_sample,EXP_20260413_101441
19-1029.04,Biologists,Sound Localization,1.62,Abilities,19,7,two_level_random_sample,EXP_20260413_101441
19-1029.04,Biologists,Speech Recognition,3.75,Abilities,19,7,two_level_random_sample,EXP_20260413_101441
19-1029.04,Biologists,Speech Clarity,3.88,Abilities,19,7,two_level_random_sample,EXP_20260413_101441
19-2032.00,Materials Scientists,Oral Comprehension,4.0,Abilities,19,7,two_level_random_sample,EXP_20260413_101441
19-2032.00,Materials Scientists,Written Comprehension,4.0,Abilities,19,7,two_level_random_sample,EXP_20260413_101441
19-2032.00,Materials Scientists,Oral Expression,4.0,Abilities,19,7,two_level_random_sample,EXP_20260413_101441
19-2032.00,Materials Scientists,Written Expression,4.0,Abilities,19,7,two_level_random_sample,EXP_20260413_101441
19-2032.00,Materials Scientists,Fluency of Ideas,3.38,Abilities,19,7,two_level_random_sample,EXP_20260413_101441
19-2032.00,Materials Scientists,Originality,3.25,Abilities,19,7,two_level_random_sample,EXP_20260413_101441
19-2032.00,Materials Scientists,Problem Sensitivity,4.0,Abilities,19,7,two_level_random_sample,EXP_20260413_101441
19-2032.00,Materials Scientists,Deductive Reasoning,4.0,Abilities,19,7,two_level_random_sample,EXP_20260413_101441
19-2032.00,Materials Scientists,Inductive Reasoning,4.0,Abilities,19,7,two_level_random_sample,EXP_20260413_101441
19-2032.00,Materials Scientists,Information Ordering,3.88,Abilities,19,7,two_level_random_sample,EXP_20260413_101441
19-2032.00,Materials Scientists,Category Flexibility,3.88,Abilities,19,7,two_level_random_sample,EXP_20260413_101441
19-2032.00,Materials Scientists,Mathematical Reasoning,3.25,Abilities,19,7,two_level_random_sample,EXP_20260413_101441
19-2032.00,Materials Scientists,Number Facility,3.12,Abilities,19,7,two_level_random_sample,EXP_20260413_101441
19-2032.00,Materials Scientists,Memorization,2.5,Abilities,19,7,two_level_random_sample,EXP_20260413_101441
19-2032.00,Materials Scientists,Speed of Closure,2.5,Abilities,19,7,two_level_random_sample,EXP_20260413_101441
19-2032.00,Materials Scientists,Flexibility of Closure,3.25,Abilities,19,7,two_level_random_sample,EXP_20260413_101441
19-2032.00,Materials Scientists,Perceptual Speed,3.0,Abilities,19,7,two_level_random_sample,EXP_20260413_101441
19-2032.00,Materials Scientists,Spatial Orientation,1.0,Abilities,19,7,two_level_random_sample,EXP_20260413_101441
19-2032.00,Materials Scientists,Visualization,3.0,Abilities,19,7,two_level_random_sample,EXP_20260413_101441
19-2032.00,Materials Scientists,Selective Attention,2.88,Abilities,19,7,two_level_random_sample,EXP_20260413_101441
19-2032.00,Materials Scientists,Time Sharing,2.62,Abilities,19,7,two_level_random_sample,EXP_20260413_101441
19-2032.00,Materials Scientists,Arm-Hand Steadiness,2.0,Abilities,19,7,two_level_random_sample,EXP_20260413_101441
19-2032.00,Materials Scientists,Manual Dexterity,1.62,Abilities,19,7,two_level_random_sample,EXP_20260413_101441
19-2032.00,Materials Scientists,Finger Dexterity,1.75,Abilities,19,7,two_level_random_sample,EXP_20260413_101441
19-2032.00,Materials Scientists,Control Precision,1.88,Abilities,19,7,two_level_random_sample,EXP_20260413_101441
19-2032.00,Materials Scientists,Multilimb Coordination,1.25,Abilities,19,7,two_level_random_sample,EXP_20260413_101441
19-2032.00,Materials Scientists,Response Orientation,1.25,Abilities,19,7,two_level_random_sample,EXP_20260413_101441
19-2032.00,Materials Scientists,Rate Control,1.75,Abilities,19,7,two_level_random_sample,EXP_20260413_101441
19-2032.00,Materials Scientists,Reaction Time,1.75,Abilities,19,7,two_level_random_sample,EXP_20260413_101441
19-2032.00,Materials Scientists,Wrist-Finger Speed,2.0,Abilities,19,7,two_level_random_sample,EXP_20260413_101441
19-2032.00,Materials Scientists,Speed of Limb Movement,1.0,Abilities,19,7,two_level_random_sample,EXP_20260413_101441
19-2032.00,Materials Scientists,Static Strength,1.0,Abilities,19,7,two_level_random_sample,EXP_20260413_101441
19-2032.00,Materials Scientists,Explosive Strength,1.0,Abilities,19,7,two_level_random_sample,EXP_20260413_101441
19-2032.00,Materials Scientists,Dynamic Strength,1.0,Abilities,19,7,two_level_random_sample,EXP_20260413_101441
19-2032.00,Materials Scientists,Trunk Strength,1.62,Abilities,19,7,two_level_random_sample,EXP_20260413_101441
19-2032.00,Materials Scientists,Stamina,1.0,Abilities,19,7,two_level_random_sample,EXP_20260413_101441
19-2032.00,Materials Scientists,Extent Flexibility,1.0,Abilities,19,7,two_level_random_sample,EXP_20260413_101441
19-2032.00,Materials Scientists,Dynamic Flexibility,1.0,Abilities,19,7,two_level_random_sample,EXP_20260413_101441
19-2032.00,Materials Scientists,Gross Body Coordination,1.0,Abilities,19,7,two_level_random_sample,EXP_20260413_101441
19-2032.00,Materials Scientists,Gross Body Equilibrium,1.0,Abilities,19,7,two_level_random_sample,EXP_20260413_101441
19-2032.00,Materials Scientists,Near Vision,3.75,Abilities,19,7,two_level_random_sample,EXP_20260413_101441
19-2032.00,Materials Scientists,Far Vision,3.0,Abilities,19,7,two_level_random_sample,EXP_20260413_101441
19-2032.00,Materials Scientists,Visual Color Discrimination,2.75,Abilities,19,7,two_level_random_sample,EXP_20260413_101441
19-2032.00,Materials Scientists,Night Vision,1.0,Abilities,19,7,two_level_random_sample,EXP_20260413_101441
19-2032.00,Materials Scientists,Peripheral Vision,1.0,Abilities,19,7,two_level_random_sample,EXP_20260413_101441
19-2032.00,Materials Scientists,Depth Perception,2.0,Abilities,19,7,two_level_random_sample,EXP_20260413_101441
19-2032.00,Materials Scientists,Glare Sensitivity,1.0,Abilities,19,7,two_level_random_sample,EXP_20260413_101441
19-2032.00,Materials Scientists,Hearing Sensitivity,2.0,Abilities,19,7,two_level_random_sample,EXP_20260413_101441
19-2032.00,Materials Scientists,Auditory Attention,2.12,Abilities,19,7,two_level_random_sample,EXP_20260413_101441
19-2032.00,Materials Scientists,Sound Localization,1.0,Abilities,19,7,two_level_random_sample,EXP_20260413_101441
19-2032.00,Materials Scientists,Speech Recognition,3.12,Abilities,19,7,two_level_random_sample,EXP_20260413_101441
19-2032.00,Materials Scientists,Speech Clarity,3.12,Abilities,19,7,two_level_random_sample,EXP_20260413_101441
19-3011.00,Economists,Oral Comprehension,4.0,Abilities,19,7,two_level_random_sample,EXP_20260413_101441
19-3011.00,Economists,Written Comprehension,4.12,Abilities,19,7,two_level_random_sample,EXP_20260413_101441
19-3011.00,Economists,Oral Expression,4.0,Abilities,19,7,two_level_random_sample,EXP_20260413_101441
19-3011.00,Economists,Written Expression,4.0,Abilities,19,7,two_level_random_sample,EXP_20260413_101441
19-3011.00,Economists,Fluency of Ideas,3.88,Abilities,19,7,two_level_random_sample,EXP_20260413_101441
19-3011.00,Economists,Originality,3.12,Abilities,19,7,two_level_random_sample,EXP_20260413_101441
19-3011.00,Economists,Problem Sensitivity,3.62,Abilities,19,7,two_level_random_sample,EXP_20260413_101441
19-3011.00,Economists,Deductive Reasoning,4.0,Abilities,19,7,two_level_random_sample,EXP_20260413_101441
19-3011.00,Economists,Inductive Reasoning,4.12,Abilities,19,7,two_level_random_sample,EXP_20260413_101441
19-3011.00,Economists,Information Ordering,3.25,Abilities,19,7,two_level_random_sample,EXP_20260413_101441
19-3011.00,Economists,Category Flexibility,3.12,Abilities,19,7,two_level_random_sample,EXP_20260413_101441
19-3011.00,Economists,Mathematical Reasoning,4.12,Abilities,19,7,two_level_random_sample,EXP_20260413_101441
19-3011.00,Economists,Number Facility,3.5,Abilities,19,7,two_level_random_sample,EXP_20260413_101441
19-3011.00,Economists,Memorization,2.88,Abilities,19,7,two_level_random_sample,EXP_20260413_101441
19-3011.00,Economists,Speed of Closure,2.38,Abilities,19,7,two_level_random_sample,EXP_20260413_101441
19-3011.00,Economists,Flexibility of Closure,2.88,Abilities,19,7,two_level_random_sample,EXP_20260413_101441
19-3011.00,Economists,Perceptual Speed,2.38,Abilities,19,7,two_level_random_sample,EXP_20260413_101441
19-3011.00,Economists,Spatial Orientation,1.0,Abilities,19,7,two_level_random_sample,EXP_20260413_101441
19-3011.00,Economists,Visualization,2.38,Abilities,19,7,two_level_random_sample,EXP_20260413_101441
19-3011.00,Economists,Selective Attention,2.75,Abilities,19,7,two_level_random_sample,EXP_20260413_101441
19-3011.00,Economists,Time Sharing,2.0,Abilities,19,7,two_level_random_sample,EXP_20260413_101441
19-3011.00,Economists,Arm-Hand Steadiness,1.0,Abilities,19,7,two_level_random_sample,EXP_20260413_101441
19-3011.00,Economists,Manual Dexterity,1.0,Abilities,19,7,two_level_random_sample,EXP_20260413_101441
19-3011.00,Economists,Finger Dexterity,1.38,Abilities,19,7,two_level_random_sample,EXP_20260413_101441
19-3011.00,Economists,Control Precision,1.0,Abilities,19,7,two_level_random_sample,EXP_20260413_101441
19-3011.00,Economists,Multilimb Coordination,1.0,Abilities,19,7,two_level_random_sample,EXP_20260413_101441
19-3011.00,Economists,Response Orientation,1.0,Abilities,19,7,two_level_random_sample,EXP_20260413_101441
19-3011.00,Economists,Rate Control,1.0,Abilities,19,7,two_level_random_sample,EXP_20260413_101441
19-3011.00,Economists,Reaction Time,1.0,Abilities,19,7,two_level_random_sample,EXP_20260413_101441
19-3011.00,Economists,Wrist-Finger Speed,1.38,Abilities,19,7,two_level_random_sample,EXP_20260413_101441
19-3011.00,Economists,Speed of Limb Movement,1.0,Abilities,19,7,two_level_random_sample,EXP_20260413_101441
19-3011.00,Economists,Static Strength,1.0,Abilities,19,7,two_level_random_sample,EXP_20260413_101441
19-3011.00,Economists,Explosive Strength,1.0,Abilities,19,7,two_level_random_sample,EXP_20260413_101441
19-3011.00,Economists,Dynamic Strength,1.0,Abilities,19,7,two_level_random_sample,EXP_20260413_101441
19-3011.00,Economists,Trunk Strength,1.62,Abilities,19,7,two_level_random_sample,EXP_20260413_101441
19-3011.00,Economists,Stamina,1.0,Abilities,19,7,two_level_random_sample,EXP_20260413_101441
19-3011.00,Economists,Extent Flexibility,1.0,Abilities,19,7,two_level_random_sample,EXP_20260413_101441
19-3011.00,Economists,Dynamic Flexibility,1.0,Abilities,19,7,two_level_random_sample,EXP_20260413_101441
19-3011.00,Economists,Gross Body Coordination,1.0,Abilities,19,7,two_level_random_sample,EXP_20260413_101441
19-3011.00,Economists,Gross Body Equilibrium,1.0,Abilities,19,7,two_level_random_sample,EXP_20260413_101441
19-3011.00,Economists,Near Vision,3.5,Abilities,19,7,two_level_random_sample,EXP_20260413_101441
19-3011.00,Economists,Far Vision,2.38,Abilities,19,7,two_level_random_sample,EXP_20260413_101441
19-3011.00,Economists,Visual Color Discrimination,1.75,Abilities,19,7,two_level_random_sample,EXP_20260413_101441
19-3011.00,Economists,Night Vision,1.0,Abilities,19,7,two_level_random_sample,EXP_20260413_101441
19-3011.00,Economists,Peripheral Vision,1.0,Abilities,19,7,two_level_random_sample,EXP_20260413_101441
19-3011.00,Economists,Depth Perception,1.5,Abilities,19,7,two_level_random_sample,EXP_20260413_101441
19-3011.00,Economists,Glare Sensitivity,1.0,Abilities,19,7,two_level_random_sample,EXP_20260413_101441
19-3011.00,Economists,Hearing Sensitivity,1.75,Abilities,19,7,two_level_random_sample,EXP_20260413_101441
19-3011.00,Economists,Auditory Attention,1.75,Abilities,19,7,two_level_random_sample,EXP_20260413_101441
19-3011.00,Economists,Sound Localization,1.0,Abilities,19,7,two_level_random_sample,EXP_20260413_101441
19-3011.00,Economists,Speech Recognition,3.62,Abilities,19,7,two_level_random_sample,EXP_20260413_101441
19-3011.00,Economists,Speech Clarity,4.0,Abilities,19,7,two_level_random_sample,EXP_20260413_101441
19-3091.00,Anthropologists and Archeologists,Oral Comprehension,4.25,Abilities,19,7,two_level_random_sample,EXP_20260413_101441
19-3091.00,Anthropologists and Archeologists,Written Comprehension,4.38,Abilities,19,7,two_level_random_sample,EXP_20260413_101441
19-3091.00,Anthropologists and Archeologists,Oral Expression,4.38,Abilities,19,7,two_level_random_sample,EXP_20260413_101441
19-3091.00,Anthropologists and Archeologists,Written Expression,4.38,Abilities,19,7,two_level_random_sample,EXP_20260413_101441
19-3091.00,Anthropologists and Archeologists,Fluency of Ideas,3.75,Abilities,19,7,two_level_random_sample,EXP_20260413_101441
19-3091.00,Anthropologists and Archeologists,Originality,3.12,Abilities,19,7,two_level_random_sample,EXP_20260413_101441
19-3091.00,Anthropologists and Archeologists,Problem Sensitivity,3.38,Abilities,19,7,two_level_random_sample,EXP_20260413_101441
19-3091.00,Anthropologists and Archeologists,Deductive Reasoning,4.12,Abilities,19,7,two_level_random_sample,EXP_20260413_101441
19-3091.00,Anthropologists and Archeologists,Inductive Reasoning,4.0,Abilities,19,7,two_level_random_sample,EXP_20260413_101441
19-3091.00,Anthropologists and Archeologists,Information Ordering,3.88,Abilities,19,7,two_level_random_sample,EXP_20260413_101441
19-3091.00,Anthropologists and Archeologists,Category Flexibility,3.88,Abilities,19,7,two_level_random_sample,EXP_20260413_101441
19-3091.00,Anthropologists and Archeologists,Mathematical Reasoning,2.88,Abilities,19,7,two_level_random_sample,EXP_20260413_101441
19-3091.00,Anthropologists and Archeologists,Number Facility,2.88,Abilities,19,7,two_level_random_sample,EXP_20260413_101441
19-3091.00,Anthropologists and Archeologists,Memorization,2.88,Abilities,19,7,two_level_random_sample,EXP_20260413_101441
19-3091.00,Anthropologists and Archeologists,Speed of Closure,2.88,Abilities,19,7,two_level_random_sample,EXP_20260413_101441
19-3091.00,Anthropologists and Archeologists,Flexibility of Closure,3.75,Abilities,19,7,two_level_random_sample,EXP_20260413_101441
19-3091.00,Anthropologists and Archeologists,Perceptual Speed,2.88,Abilities,19,7,two_level_random_sample,EXP_20260413_101441
19-3091.00,Anthropologists and Archeologists,Spatial Orientation,1.75,Abilities,19,7,two_level_random_sample,EXP_20260413_101441
19-3091.00,Anthropologists and Archeologists,Visualization,3.0,Abilities,19,7,two_level_random_sample,EXP_20260413_101441
19-3091.00,Anthropologists and Archeologists,Selective Attention,3.12,Abilities,19,7,two_level_random_sample,EXP_20260413_101441
19-3091.00,Anthropologists and Archeologists,Time Sharing,2.75,Abilities,19,7,two_level_random_sample,EXP_20260413_101441
19-3091.00,Anthropologists and Archeologists,Arm-Hand Steadiness,1.75,Abilities,19,7,two_level_random_sample,EXP_20260413_101441
19-3091.00,Anthropologists and Archeologists,Manual Dexterity,1.75,Abilities,19,7,two_level_random_sample,EXP_20260413_101441
19-3091.00,Anthropologists and Archeologists,Finger Dexterity,1.88,Abilities,19,7,two_level_random_sample,EXP_20260413_101441
19-3091.00,Anthropologists and Archeologists,Control Precision,1.62,Abilities,19,7,two_level_random_sample,EXP_20260413_101441
19-3091.00,Anthropologists and Archeologists,Multilimb Coordination,1.62,Abilities,19,7,two_level_random_sample,EXP_20260413_101441
19-3091.00,Anthropologists and Archeologists,Response Orientation,1.12,Abilities,19,7,two_level_random_sample,EXP_20260413_101441
19-3091.00,Anthropologists and Archeologists,Rate Control,1.0,Abilities,19,7,two_level_random_sample,EXP_20260413_101441
19-3091.00,Anthropologists and Archeologists,Reaction Time,1.0,Abilities,19,7,two_level_random_sample,EXP_20260413_101441
19-3091.00,Anthropologists and Archeologists,Wrist-Finger Speed,1.75,Abilities,19,7,two_level_random_sample,EXP_20260413_101441
19-3091.00,Anthropologists and Archeologists,Speed of Limb Movement,1.0,Abilities,19,7,two_level_random_sample,EXP_20260413_101441
19-3091.00,Anthropologists and Archeologists,Static Strength,1.62,Abilities,19,7,two_level_random_sample,EXP_20260413_101441
19-3091.00,Anthropologists and Archeologists,Explosive Strength,1.25,Abilities,19,7,two_level_random_sample,EXP_20260413_101441
19-3091.00,Anthropologists and Archeologists,Dynamic Strength,1.38,Abilities,19,7,two_level_random_sample,EXP_20260413_101441
19-3091.00,Anthropologists and Archeologists,Trunk Strength,2.0,Abilities,19,7,two_level_random_sample,EXP_20260413_101441
19-3091.00,Anthropologists and Archeologists,Stamina,1.5,Abilities,19,7,two_level_random_sample,EXP_20260413_101441
19-3091.00,Anthropologists and Archeologists,Extent Flexibility,1.75,Abilities,19,7,two_level_random_sample,EXP_20260413_101441
19-3091.00,Anthropologists and Archeologists,Dynamic Flexibility,1.12,Abilities,19,7,two_level_random_sample,EXP_20260413_101441
19-3091.00,Anthropologists and Archeologists,Gross Body Coordination,1.62,Abilities,19,7,two_level_random_sample,EXP_20260413_101441
19-3091.00,Anthropologists and Archeologists,Gross Body Equilibrium,1.38,Abilities,19,7,two_level_random_sample,EXP_20260413_101441
19-3091.00,Anthropologists and Archeologists,Near Vision,3.62,Abilities,19,7,two_level_random_sample,EXP_20260413_101441
19-3091.00,Anthropologists and Archeologists,Far Vision,3.12,Abilities,19,7,two_level_random_sample,EXP_20260413_101441
19-3091.00,Anthropologists and Archeologists,Visual Color Discrimination,2.88,Abilities,19,7,two_level_random_sample,EXP_20260413_101441
19-3091.00,Anthropologists and Archeologists,Night Vision,1.0,Abilities,19,7,two_level_random_sample,EXP_20260413_101441
19-3091.00,Anthropologists and Archeologists,Peripheral Vision,1.12,Abilities,19,7,two_level_random_sample,EXP_20260413_101441
19-3091.00,Anthropologists and Archeologists,Depth Perception,1.5,Abilities,19,7,two_level_random_sample,EXP_20260413_101441
19-3091.00,Anthropologists and Archeologists,Glare Sensitivity,1.25,Abilities,19,7,two_level_random_sample,EXP_20260413_101441
19-3091.00,Anthropologists and Archeologists,Hearing Sensitivity,1.75,Abilities,19,7,two_level_random_sample,EXP_20260413_101441
19-3091.00,Anthropologists and Archeologists,Auditory Attention,2.0,Abilities,19,7,two_level_random_sample,EXP_20260413_101441
19-3091.00,Anthropologists and Archeologists,Sound Localization,1.0,Abilities,19,7,two_level_random_sample,EXP_20260413_101441
19-3091.00,Anthropologists and Archeologists,Speech Recognition,3.75,Abilities,19,7,two_level_random_sample,EXP_20260413_101441
19-3091.00,Anthropologists and Archeologists,Speech Clarity,4.0,Abilities,19,7,two_level_random_sample,EXP_20260413_101441
19-4013.00,Food Science Technicians,Oral Comprehension,3.75,Abilities,19,7,two_level_random_sample,EXP_20260413_101441
19-4013.00,Food Science Technicians,Written Comprehension,3.75,Abilities,19,7,two_level_random_sample,EXP_20260413_101441
19-4013.00,Food Science Technicians,Oral Expression,3.75,Abilities,19,7,two_level_random_sample,EXP_20260413_101441
19-4013.00,Food Science Technicians,Written Expression,3.75,Abilities,19,7,two_level_random_sample,EXP_20260413_101441
19-4013.00,Food Science Technicians,Fluency of Ideas,2.75,Abilities,19,7,two_level_random_sample,EXP_20260413_101441
19-4013.00,Food Science Technicians,Originality,2.25,Abilities,19,7,two_level_random_sample,EXP_20260413_101441
19-4013.00,Food Science Technicians,Problem Sensitivity,3.5,Abilities,19,7,two_level_random_sample,EXP_20260413_101441
19-4013.00,Food Science Technicians,Deductive Reasoning,3.62,Abilities,19,7,two_level_random_sample,EXP_20260413_101441
19-4013.00,Food Science Technicians,Inductive Reasoning,3.62,Abilities,19,7,two_level_random_sample,EXP_20260413_101441
19-4013.00,Food Science Technicians,Information Ordering,3.12,Abilities,19,7,two_level_random_sample,EXP_20260413_101441
19-4013.00,Food Science Technicians,Category Flexibility,3.12,Abilities,19,7,two_level_random_sample,EXP_20260413_101441
19-4013.00,Food Science Technicians,Mathematical Reasoning,3.0,Abilities,19,7,two_level_random_sample,EXP_20260413_101441
19-4013.00,Food Science Technicians,Number Facility,3.0,Abilities,19,7,two_level_random_sample,EXP_20260413_101441
19-4013.00,Food Science Technicians,Memorization,2.0,Abilities,19,7,two_level_random_sample,EXP_20260413_101441
19-4013.00,Food Science Technicians,Speed of Closure,2.12,Abilities,19,7,two_level_random_sample,EXP_20260413_101441
19-4013.00,Food Science Technicians,Flexibility of Closure,3.12,Abilities,19,7,two_level_random_sample,EXP_20260413_101441
19-4013.00,Food Science Technicians,Perceptual Speed,3.12,Abilities,19,7,two_level_random_sample,EXP_20260413_101441
19-4013.00,Food Science Technicians,Spatial Orientation,1.0,Abilities,19,7,two_level_random_sample,EXP_20260413_101441
19-4013.00,Food Science Technicians,Visualization,2.62,Abilities,19,7,two_level_random_sample,EXP_20260413_101441
19-4013.00,Food Science Technicians,Selective Attention,3.12,Abilities,19,7,two_level_random_sample,EXP_20260413_101441
19-4013.00,Food Science Technicians,Time Sharing,2.62,Abilities,19,7,two_level_random_sample,EXP_20260413_101441
19-4013.00,Food Science Technicians,Arm-Hand Steadiness,2.75,Abilities,19,7,two_level_random_sample,EXP_20260413_101441
19-4013.00,Food Science Technicians,Manual Dexterity,2.5,Abilities,19,7,two_level_random_sample,EXP_20260413_101441
19-4013.00,Food Science Technicians,Finger Dexterity,2.75,Abilities,19,7,two_level_random_sample,EXP_20260413_101441
19-4013.00,Food Science Technicians,Control Precision,2.75,Abilities,19,7,two_level_random_sample,EXP_20260413_101441
19-4013.00,Food Science Technicians,Multilimb Coordination,1.75,Abilities,19,7,two_level_random_sample,EXP_20260413_101441
19-4013.00,Food Science Technicians,Response Orientation,1.5,Abilities,19,7,two_level_random_sample,EXP_20260413_101441
19-4013.00,Food Science Technicians,Rate Control,2.12,Abilities,19,7,two_level_random_sample,EXP_20260413_101441
19-4013.00,Food Science Technicians,Reaction Time,2.25,Abilities,19,7,two_level_random_sample,EXP_20260413_101441
19-4013.00,Food Science Technicians,Wrist-Finger Speed,2.0,Abilities,19,7,two_level_random_sample,EXP_20260413_101441
19-4013.00,Food Science Technicians,Speed of Limb Movement,1.38,Abilities,19,7,two_level_random_sample,EXP_20260413_101441
19-4013.00,Food Science Technicians,Static Strength,1.38,Abilities,19,7,two_level_random_sample,EXP_20260413_101441
19-4013.00,Food Science Technicians,Explosive Strength,1.12,Abilities,19,7,two_level_random_sample,EXP_20260413_101441
19-4013.00,Food Science Technicians,Dynamic Strength,1.38,Abilities,19,7,two_level_random_sample,EXP_20260413_101441
19-4013.00,Food Science Technicians,Trunk Strength,2.25,Abilities,19,7,two_level_random_sample,EXP_20260413_101441
19-4013.00,Food Science Technicians,Stamina,1.88,Abilities,19,7,two_level_random_sample,EXP_20260413_101441
19-4013.00,Food Science Technicians,Extent Flexibility,1.38,Abilities,19,7,two_level_random_sample,EXP_20260413_101441
19-4013.00,Food Science Technicians,Dynamic Flexibility,1.0,Abilities,19,7,two_level_random_sample,EXP_20260413_101441
19-4013.00,Food Science Technicians,Gross Body Coordination,1.75,Abilities,19,7,two_level_random_sample,EXP_20260413_101441
19-4013.00,Food Science Technicians,Gross Body Equilibrium,1.75,Abilities,19,7,two_level_random_sample,EXP_20260413_101441
19-4013.00,Food Science Technicians,Near Vision,3.88,Abilities,19,7,two_level_random_sample,EXP_20260413_101441
19-4013.00,Food Science Technicians,Far Vision,2.62,Abilities,19,7,two_level_random_sample,EXP_20260413_101441
19-4013.00,Food Science Technicians,Visual Color Discrimination,3.25,Abilities,19,7,two_level_random_sample,EXP_20260413_101441
19-4013.00,Food Science Technicians,Night Vision,1.0,Abilities,19,7,two_level_random_sample,EXP_20260413_101441
19-4013.00,Food Science Technicians,Peripheral Vision,1.12,Abilities,19,7,two_level_random_sample,EXP_20260413_101441
19-4013.00,Food Science Technicians,Depth Perception,1.75,Abilities,19,7,two_level_random_sample,EXP_20260413_101441
19-4013.00,Food Science Technicians,Glare Sensitivity,1.25,Abilities,19,7,two_level_random_sample,EXP_20260413_101441
19-4013.00,Food Science Technicians,Hearing Sensitivity,1.88,Abilities,19,7,two_level_random_sample,EXP_20260413_101441
19-4013.00,Food Science Technicians,Auditory Attention,2.25,Abilities,19,7,two_level_random_sample,EXP_20260413_101441
19-4013.00,Food Science Technicians,Sound Localization,1.25,Abilities,19,7,two_level_random_sample,EXP_20260413_101441
19-4013.00,Food Science Technicians,Speech Recognition,3.25,Abilities,19,7,two_level_random_sample,EXP_20260413_101441
19-4013.00,Food Science Technicians,Speech Clarity,3.25,Abilities,19,7,two_level_random_sample,EXP_20260413_101441
31-1122.00,Personal Care Aides,Oral Comprehension,3.88,Abilities,31,7,two_level_random_sample,EXP_20260413_101441
31-1122.00,Personal Care Aides,Written Comprehension,3.25,Abilities,31,7,two_level_random_sample,EXP_20260413_101441
31-1122.00,Personal Care Aides,Oral Expression,3.88,Abilities,31,7,two_level_random_sample,EXP_20260413_101441
31-1122.00,Personal Care Aides,Written Expression,3.0,Abilities,31,7,two_level_random_sample,EXP_20260413_101441
31-1122.00,Personal Care Aides,Fluency of Ideas,2.38,Abilities,31,7,two_level_random_sample,EXP_20260413_101441
31-1122.00,Personal Care Aides,Originality,2.38,Abilities,31,7,two_level_random_sample,EXP_20260413_101441
31-1122.00,Personal Care Aides,Problem Sensitivity,3.75,Abilities,31,7,two_level_random_sample,EXP_20260413_101441
31-1122.00,Personal Care Aides,Deductive Reasoning,3.25,Abilities,31,7,two_level_random_sample,EXP_20260413_101441
31-1122.00,Personal Care Aides,Inductive Reasoning,3.0,Abilities,31,7,two_level_random_sample,EXP_20260413_101441
31-1122.00,Personal Care Aides,Information Ordering,3.0,Abilities,31,7,two_level_random_sample,EXP_20260413_101441
31-1122.00,Personal Care Aides,Category Flexibility,2.88,Abilities,31,7,two_level_random_sample,EXP_20260413_101441
31-1122.00,Personal Care Aides,Mathematical Reasoning,2.0,Abilities,31,7,two_level_random_sample,EXP_20260413_101441
31-1122.00,Personal Care Aides,Number Facility,2.12,Abilities,31,7,two_level_random_sample,EXP_20260413_101441
31-1122.00,Personal Care Aides,Memorization,2.25,Abilities,31,7,two_level_random_sample,EXP_20260413_101441
31-1122.00,Personal Care Aides,Speed of Closure,2.12,Abilities,31,7,two_level_random_sample,EXP_20260413_101441
31-1122.00,Personal Care Aides,Flexibility of Closure,2.38,Abilities,31,7,two_level_random_sample,EXP_20260413_101441
31-1122.00,Personal Care Aides,Perceptual Speed,2.38,Abilities,31,7,two_level_random_sample,EXP_20260413_101441
31-1122.00,Personal Care Aides,Spatial Orientation,1.5,Abilities,31,7,two_level_random_sample,EXP_20260413_101441
31-1122.00,Personal Care Aides,Visualization,2.25,Abilities,31,7,two_level_random_sample,EXP_20260413_101441
31-1122.00,Personal Care Aides,Selective Attention,3.0,Abilities,31,7,two_level_random_sample,EXP_20260413_101441
31-1122.00,Personal Care Aides,Time Sharing,2.88,Abilities,31,7,two_level_random_sample,EXP_20260413_101441
31-1122.00,Personal Care Aides,Arm-Hand Steadiness,2.62,Abilities,31,7,two_level_random_sample,EXP_20260413_101441
31-1122.00,Personal Care Aides,Manual Dexterity,2.12,Abilities,31,7,two_level_random_sample,EXP_20260413_101441
31-1122.00,Personal Care Aides,Finger Dexterity,2.38,Abilities,31,7,two_level_random_sample,EXP_20260413_101441
31-1122.00,Personal Care Aides,Control Precision,2.0,Abilities,31,7,two_level_random_sample,EXP_20260413_101441
31-1122.00,Personal Care Aides,Multilimb Coordination,2.5,Abilities,31,7,two_level_random_sample,EXP_20260413_101441
31-1122.00,Personal Care Aides,Response Orientation,2.0,Abilities,31,7,two_level_random_sample,EXP_20260413_101441
31-1122.00,Personal Care Aides,Rate Control,1.5,Abilities,31,7,two_level_random_sample,EXP_20260413_101441
31-1122.00,Personal Care Aides,Reaction Time,2.0,Abilities,31,7,two_level_random_sample,EXP_20260413_101441
31-1122.00,Personal Care Aides,Wrist-Finger Speed,1.5,Abilities,31,7,two_level_random_sample,EXP_20260413_101441
31-1122.00,Personal Care Aides,Speed of Limb Movement,1.5,Abilities,31,7,two_level_random_sample,EXP_20260413_101441
31-1122.00,Personal Care Aides,Static Strength,2.88,Abilities,31,7,two_level_random_sample,EXP_20260413_101441
31-1122.00,Personal Care Aides,Explosive Strength,2.0,Abilities,31,7,two_level_random_sample,EXP_20260413_101441
31-1122.00,Personal Care Aides,Dynamic Strength,2.0,Abilities,31,7,two_level_random_sample,EXP_20260413_101441
31-1122.00,Personal Care Aides,Trunk Strength,3.0,Abilities,31,7,two_level_random_sample,EXP_20260413_101441
31-1122.00,Personal Care Aides,Stamina,2.75,Abilities,31,7,two_level_random_sample,EXP_20260413_101441
31-1122.00,Personal Care Aides,Extent Flexibility,2.5,Abilities,31,7,two_level_random_sample,EXP_20260413_101441
31-1122.00,Personal Care Aides,Dynamic Flexibility,1.0,Abilities,31,7,two_level_random_sample,EXP_20260413_101441
31-1122.00,Personal Care Aides,Gross Body Coordination,2.25,Abilities,31,7,two_level_random_sample,EXP_20260413_101441
31-1122.00,Personal Care Aides,Gross Body Equilibrium,2.25,Abilities,31,7,two_level_random_sample,EXP_20260413_101441
31-1122.00,Personal Care Aides,Near Vision,3.12,Abilities,31,7,two_level_random_sample,EXP_20260413_101441
31-1122.00,Personal Care Aides,Far Vision,2.88,Abilities,31,7,two_level_random_sample,EXP_20260413_101441
31-1122.00,Personal Care Aides,Visual Color Discrimination,2.12,Abilities,31,7,two_level_random_sample,EXP_20260413_101441
31-1122.00,Personal Care Aides,Night Vision,1.5,Abilities,31,7,two_level_random_sample,EXP_20260413_101441
31-1122.00,Personal Care Aides,Peripheral Vision,1.5,Abilities,31,7,two_level_random_sample,EXP_20260413_101441
31-1122.00,Personal Care Aides,Depth Perception,2.12,Abilities,31,7,two_level_random_sample,EXP_20260413_101441
31-1122.00,Personal Care Aides,Glare Sensitivity,1.5,Abilities,31,7,two_level_random_sample,EXP_20260413_101441
31-1122.00,Personal Care Aides,Hearing Sensitivity,2.38,Abilities,31,7,two_level_random_sample,EXP_20260413_101441
31-1122.00,Personal Care Aides,Auditory Attention,2.5,Abilities,31,7,two_level_random_sample,EXP_20260413_101441
31-1122.00,Personal Care Aides,Sound Localization,1.5,Abilities,31,7,two_level_random_sample,EXP_20260413_101441
31-1122.00,Personal Care Aides,Speech Recognition,3.12,Abilities,31,7,two_level_random_sample,EXP_20260413_101441
31-1122.00,Personal Care Aides,Speech Clarity,3.12,Abilities,31,7,two_level_random_sample,EXP_20260413_101441
31-1133.00,Psychiatric Aides,Oral Comprehension,3.88,Abilities,31,7,two_level_random_sample,EXP_20260413_101441
31-1133.00,Psychiatric Aides,Written Comprehension,3.75,Abilities,31,7,two_level_random_sample,EXP_20260413_101441
31-1133.00,Psychiatric Aides,Oral Expression,4.0,Abilities,31,7,two_level_random_sample,EXP_20260413_101441
31-1133.00,Psychiatric Aides,Written Expression,3.12,Abilities,31,7,two_level_random_sample,EXP_20260413_101441
31-1133.00,Psychiatric Aides,Fluency of Ideas,2.88,Abilities,31,7,two_level_random_sample,EXP_20260413_101441
31-1133.00,Psychiatric Aides,Originality,2.75,Abilities,31,7,two_level_random_sample,EXP_20260413_101441
31-1133.00,Psychiatric Aides,Problem Sensitivity,3.88,Abilities,31,7,two_level_random_sample,EXP_20260413_101441
31-1133.00,Psychiatric Aides,Deductive Reasoning,3.62,Abilities,31,7,two_level_random_sample,EXP_20260413_101441
31-1133.00,Psychiatric Aides,Inductive Reasoning,3.5,Abilities,31,7,two_level_random_sample,EXP_20260413_101441
31-1133.00,Psychiatric Aides,Information Ordering,3.25,Abilities,31,7,two_level_random_sample,EXP_20260413_101441
31-1133.00,Psychiatric Aides,Category Flexibility,3.0,Abilities,31,7,two_level_random_sample,EXP_20260413_101441
31-1133.00,Psychiatric Aides,Mathematical Reasoning,2.12,Abilities,31,7,two_level_random_sample,EXP_20260413_101441
31-1133.00,Psychiatric Aides,Number Facility,2.12,Abilities,31,7,two_level_random_sample,EXP_20260413_101441
31-1133.00,Psychiatric Aides,Memorization,2.12,Abilities,31,7,two_level_random_sample,EXP_20260413_101441
31-1133.00,Psychiatric Aides,Speed of Closure,2.75,Abilities,31,7,two_level_random_sample,EXP_20260413_101441
31-1133.00,Psychiatric Aides,Flexibility of Closure,3.0,Abilities,31,7,two_level_random_sample,EXP_20260413_101441
31-1133.00,Psychiatric Aides,Perceptual Speed,3.0,Abilities,31,7,two_level_random_sample,EXP_20260413_101441
31-1133.00,Psychiatric Aides,Spatial Orientation,2.0,Abilities,31,7,two_level_random_sample,EXP_20260413_101441
31-1133.00,Psychiatric Aides,Visualization,2.38,Abilities,31,7,two_level_random_sample,EXP_20260413_101441
31-1133.00,Psychiatric Aides,Selective Attention,3.12,Abilities,31,7,two_level_random_sample,EXP_20260413_101441
31-1133.00,Psychiatric Aides,Time Sharing,2.88,Abilities,31,7,two_level_random_sample,EXP_20260413_101441
31-1133.00,Psychiatric Aides,Arm-Hand Steadiness,2.75,Abilities,31,7,two_level_random_sample,EXP_20260413_101441
31-1133.00,Psychiatric Aides,Manual Dexterity,2.75,Abilities,31,7,two_level_random_sample,EXP_20260413_101441
31-1133.00,Psychiatric Aides,Finger Dexterity,2.75,Abilities,31,7,two_level_random_sample,EXP_20260413_101441
31-1133.00,Psychiatric Aides,Control Precision,2.12,Abilities,31,7,two_level_random_sample,EXP_20260413_101441
31-1133.00,Psychiatric Aides,Multilimb Coordination,2.88,Abilities,31,7,two_level_random_sample,EXP_20260413_101441
31-1133.00,Psychiatric Aides,Response Orientation,2.75,Abilities,31,7,two_level_random_sample,EXP_20260413_101441
31-1133.00,Psychiatric Aides,Rate Control,2.0,Abilities,31,7,two_level_random_sample,EXP_20260413_101441
31-1133.00,Psychiatric Aides,Reaction Time,2.75,Abilities,31,7,two_level_random_sample,EXP_20260413_101441
31-1133.00,Psychiatric Aides,Wrist-Finger Speed,1.88,Abilities,31,7,two_level_random_sample,EXP_20260413_101441
31-1133.00,Psychiatric Aides,Speed of Limb Movement,2.12,Abilities,31,7,two_level_random_sample,EXP_20260413_101441
31-1133.00,Psychiatric Aides,Static Strength,2.88,Abilities,31,7,two_level_random_sample,EXP_20260413_101441
31-1133.00,Psychiatric Aides,Explosive Strength,2.25,Abilities,31,7,two_level_random_sample,EXP_20260413_101441
31-1133.00,Psychiatric Aides,Dynamic Strength,2.12,Abilities,31,7,two_level_random_sample,EXP_20260413_101441
31-1133.00,Psychiatric Aides,Trunk Strength,3.0,Abilities,31,7,two_level_random_sample,EXP_20260413_101441
31-1133.00,Psychiatric Aides,Stamina,2.75,Abilities,31,7,two_level_random_sample,EXP_20260413_101441
31-1133.00,Psychiatric Aides,Extent Flexibility,2.38,Abilities,31,7,two_level_random_sample,EXP_20260413_101441
31-1133.00,Psychiatric Aides,Dynamic Flexibility,1.0,Abilities,31,7,two_level_random_sample,EXP_20260413_101441
31-1133.00,Psychiatric Aides,Gross Body Coordination,2.62,Abilities,31,7,two_level_random_sample,EXP_20260413_101441
31-1133.00,Psychiatric Aides,Gross Body Equilibrium,2.38,Abilities,31,7,two_level_random_sample,EXP_20260413_101441
31-1133.00,Psychiatric Aides,Near Vision,3.12,Abilities,31,7,two_level_random_sample,EXP_20260413_101441
31-1133.00,Psychiatric Aides,Far Vision,3.12,Abilities,31,7,two_level_random_sample,EXP_20260413_101441
31-1133.00,Psychiatric Aides,Visual Color Discrimination,2.75,Abilities,31,7,two_level_random_sample,EXP_20260413_101441
31-1133.00,Psychiatric Aides,Night Vision,1.62,Abilities,31,7,two_level_random_sample,EXP_20260413_101441
31-1133.00,Psychiatric Aides,Peripheral Vision,1.62,Abilities,31,7,two_level_random_sample,EXP_20260413_101441
31-1133.00,Psychiatric Aides,Depth Perception,2.12,Abilities,31,7,two_level_random_sample,EXP_20260413_101441
31-1133.00,Psychiatric Aides,Glare Sensitivity,1.5,Abilities,31,7,two_level_random_sample,EXP_20260413_101441
31-1133.00,Psychiatric Aides,Hearing Sensitivity,2.62,Abilities,31,7,two_level_random_sample,EXP_20260413_101441
31-1133.00,Psychiatric Aides,Auditory Attention,3.0,Abilities,31,7,two_level_random_sample,EXP_20260413_101441
31-1133.00,Psychiatric Aides,Sound Localization,1.5,Abilities,31,7,two_level_random_sample,EXP_20260413_101441
31-1133.00,Psychiatric Aides,Speech Recognition,3.38,Abilities,31,7,two_level_random_sample,EXP_20260413_101441
31-1133.00,Psychiatric Aides,Speech Clarity,3.5,Abilities,31,7,two_level_random_sample,EXP_20260413_101441
31-2022.00,Physical Therapist Aides,Oral Comprehension,3.38,Abilities,31,7,two_level_random_sample,EXP_20260413_101441
31-2022.00,Physical Therapist Aides,Written Comprehension,3.0,Abilities,31,7,two_level_random_sample,EXP_20260413_101441
31-2022.00,Physical Therapist Aides,Oral Expression,3.12,Abilities,31,7,two_level_random_sample,EXP_20260413_101441
31-2022.00,Physical Therapist Aides,Written Expression,3.0,Abilities,31,7,two_level_random_sample,EXP_20260413_101441
31-2022.00,Physical Therapist Aides,Fluency of Ideas,2.12,Abilities,31,7,two_level_random_sample,EXP_20260413_101441
31-2022.00,Physical Therapist Aides,Originality,2.25,Abilities,31,7,two_level_random_sample,EXP_20260413_101441
31-2022.00,Physical Therapist Aides,Problem Sensitivity,3.25,Abilities,31,7,two_level_random_sample,EXP_20260413_101441
31-2022.00,Physical Therapist Aides,Deductive Reasoning,2.88,Abilities,31,7,two_level_random_sample,EXP_20260413_101441
31-2022.00,Physical Therapist Aides,Inductive Reasoning,3.0,Abilities,31,7,two_level_random_sample,EXP_20260413_101441
31-2022.00,Physical Therapist Aides,Information Ordering,3.0,Abilities,31,7,two_level_random_sample,EXP_20260413_101441
31-2022.00,Physical Therapist Aides,Category Flexibility,2.88,Abilities,31,7,two_level_random_sample,EXP_20260413_101441
31-2022.00,Physical Therapist Aides,Mathematical Reasoning,2.0,Abilities,31,7,two_level_random_sample,EXP_20260413_101441
31-2022.00,Physical Therapist Aides,Number Facility,2.0,Abilities,31,7,two_level_random_sample,EXP_20260413_101441
31-2022.00,Physical Therapist Aides,Memorization,2.25,Abilities,31,7,two_level_random_sample,EXP_20260413_101441
31-2022.00,Physical Therapist Aides,Speed of Closure,2.12,Abilities,31,7,two_level_random_sample,EXP_20260413_101441
31-2022.00,Physical Therapist Aides,Flexibility of Closure,2.75,Abilities,31,7,two_level_random_sample,EXP_20260413_101441
31-2022.00,Physical Therapist Aides,Perceptual Speed,2.75,Abilities,31,7,two_level_random_sample,EXP_20260413_101441
31-2022.00,Physical Therapist Aides,Spatial Orientation,1.0,Abilities,31,7,two_level_random_sample,EXP_20260413_101441
31-2022.00,Physical Therapist Aides,Visualization,2.12,Abilities,31,7,two_level_random_sample,EXP_20260413_101441
31-2022.00,Physical Therapist Aides,Selective Attention,3.0,Abilities,31,7,two_level_random_sample,EXP_20260413_101441
31-2022.00,Physical Therapist Aides,Time Sharing,2.38,Abilities,31,7,two_level_random_sample,EXP_20260413_101441
31-2022.00,Physical Therapist Aides,Arm-Hand Steadiness,2.88,Abilities,31,7,two_level_random_sample,EXP_20260413_101441
31-2022.00,Physical Therapist Aides,Manual Dexterity,2.62,Abilities,31,7,two_level_random_sample,EXP_20260413_101441
31-2022.00,Physical Therapist Aides,Finger Dexterity,2.88,Abilities,31,7,two_level_random_sample,EXP_20260413_101441
31-2022.00,Physical Therapist Aides,Control Precision,2.12,Abilities,31,7,two_level_random_sample,EXP_20260413_101441
31-2022.00,Physical Therapist Aides,Multilimb Coordination,2.88,Abilities,31,7,two_level_random_sample,EXP_20260413_101441
31-2022.00,Physical Therapist Aides,Response Orientation,1.62,Abilities,31,7,two_level_random_sample,EXP_20260413_101441
31-2022.00,Physical Therapist Aides,Rate Control,1.5,Abilities,31,7,two_level_random_sample,EXP_20260413_101441
31-2022.00,Physical Therapist Aides,Reaction Time,1.5,Abilities,31,7,two_level_random_sample,EXP_20260413_101441
31-2022.00,Physical Therapist Aides,Wrist-Finger Speed,1.88,Abilities,31,7,two_level_random_sample,EXP_20260413_101441
31-2022.00,Physical Therapist Aides,Speed of Limb Movement,1.75,Abilities,31,7,two_level_random_sample,EXP_20260413_101441
31-2022.00,Physical Therapist Aides,Static Strength,2.88,Abilities,31,7,two_level_random_sample,EXP_20260413_101441
31-2022.00,Physical Therapist Aides,Explosive Strength,1.38,Abilities,31,7,two_level_random_sample,EXP_20260413_101441
31-2022.00,Physical Therapist Aides,Dynamic Strength,2.25,Abilities,31,7,two_level_random_sample,EXP_20260413_101441
31-2022.00,Physical Therapist Aides,Trunk Strength,3.0,Abilities,31,7,two_level_random_sample,EXP_20260413_101441
31-2022.00,Physical Therapist Aides,Stamina,2.62,Abilities,31,7,two_level_random_sample,EXP_20260413_101441
31-2022.00,Physical Therapist Aides,Extent Flexibility,2.75,Abilities,31,7,two_level_random_sample,EXP_20260413_101441
31-2022.00,Physical Therapist Aides,Dynamic Flexibility,1.38,Abilities,31,7,two_level_random_sample,EXP_20260413_101441
31-2022.00,Physical Therapist Aides,Gross Body Coordination,2.62,Abilities,31,7,two_level_random_sample,EXP_20260413_101441
31-2022.00,Physical Therapist Aides,Gross Body Equilibrium,2.25,Abilities,31,7,two_level_random_sample,EXP_20260413_101441
31-2022.00,Physical Therapist Aides,Near Vision,3.12,Abilities,31,7,two_level_random_sample,EXP_20260413_101441
31-2022.00,Physical Therapist Aides,Far Vision,2.75,Abilities,31,7,two_level_random_sample,EXP_20260413_101441
31-2022.00,Physical Therapist Aides,Visual Color Discrimination,2.0,Abilities,31,7,two_level_random_sample,EXP_20260413_101441
31-2022.00,Physical Therapist Aides,Night Vision,1.0,Abilities,31,7,two_level_random_sample,EXP_20260413_101441
31-2022.00,Physical Therapist Aides,Peripheral Vision,1.0,Abilities,31,7,two_level_random_sample,EXP_20260413_101441
31-2022.00,Physical Therapist Aides,Depth Perception,2.0,Abilities,31,7,two_level_random_sample,EXP_20260413_101441
31-2022.00,Physical Therapist Aides,Glare Sensitivity,1.0,Abilities,31,7,two_level_random_sample,EXP_20260413_101441
31-2022.00,Physical Therapist Aides,Hearing Sensitivity,2.0,Abilities,31,7,two_level_random_sample,EXP_20260413_101441
31-2022.00,Physical Therapist Aides,Auditory Attention,2.12,Abilities,31,7,two_level_random_sample,EXP_20260413_101441
31-2022.00,Physical Therapist Aides,Sound Localization,1.0,Abilities,31,7,two_level_random_sample,EXP_20260413_101441
31-2022.00,Physical Therapist Aides,Speech Recognition,3.25,Abilities,31,7,two_level_random_sample,EXP_20260413_101441
31-2022.00,Physical Therapist Aides,Speech Clarity,3.0,Abilities,31,7,two_level_random_sample,EXP_20260413_101441
31-9091.00,Dental Assistants,Oral Comprehension,3.88,Abilities,31,7,two_level_random_sample,EXP_20260413_101441
31-9091.00,Dental Assistants,Written Comprehension,3.5,Abilities,31,7,two_level_random_sample,EXP_20260413_101441
31-9091.00,Dental Assistants,Oral Expression,4.0,Abilities,31,7,two_level_random_sample,EXP_20260413_101441
31-9091.00,Dental Assistants,Written Expression,3.12,Abilities,31,7,two_level_random_sample,EXP_20260413_101441
31-9091.00,Dental Assistants,Fluency of Ideas,2.75,Abilities,31,7,two_level_random_sample,EXP_20260413_101441
31-9091.00,Dental Assistants,Originality,2.62,Abilities,31,7,two_level_random_sample,EXP_20260413_101441
31-9091.00,Dental Assistants,Problem Sensitivity,3.12,Abilities,31,7,two_level_random_sample,EXP_20260413_101441
31-9091.00,Dental Assistants,Deductive Reasoning,3.38,Abilities,31,7,two_level_random_sample,EXP_20260413_101441
31-9091.00,Dental Assistants,Inductive Reasoning,3.0,Abilities,31,7,two_level_random_sample,EXP_20260413_101441
31-9091.00,Dental Assistants,Information Ordering,3.25,Abilities,31,7,two_level_random_sample,EXP_20260413_101441
31-9091.00,Dental Assistants,Category Flexibility,3.0,Abilities,31,7,two_level_random_sample,EXP_20260413_101441
31-9091.00,Dental Assistants,Mathematical Reasoning,2.12,Abilities,31,7,two_level_random_sample,EXP_20260413_101441
31-9091.00,Dental Assistants,Number Facility,2.38,Abilities,31,7,two_level_random_sample,EXP_20260413_101441
31-9091.00,Dental Assistants,Memorization,2.0,Abilities,31,7,two_level_random_sample,EXP_20260413_101441
31-9091.00,Dental Assistants,Speed of Closure,2.12,Abilities,31,7,two_level_random_sample,EXP_20260413_101441
31-9091.00,Dental Assistants,Flexibility of Closure,2.38,Abilities,31,7,two_level_random_sample,EXP_20260413_101441
31-9091.00,Dental Assistants,Perceptual Speed,2.88,Abilities,31,7,two_level_random_sample,EXP_20260413_101441
31-9091.00,Dental Assistants,Spatial Orientation,1.5,Abilities,31,7,two_level_random_sample,EXP_20260413_101441
31-9091.00,Dental Assistants,Visualization,2.38,Abilities,31,7,two_level_random_sample,EXP_20260413_101441
31-9091.00,Dental Assistants,Selective Attention,3.0,Abilities,31,7,two_level_random_sample,EXP_20260413_101441
31-9091.00,Dental Assistants,Time Sharing,3.0,Abilities,31,7,two_level_random_sample,EXP_20260413_101441
31-9091.00,Dental Assistants,Arm-Hand Steadiness,3.12,Abilities,31,7,two_level_random_sample,EXP_20260413_101441
31-9091.00,Dental Assistants,Manual Dexterity,3.0,Abilities,31,7,two_level_random_sample,EXP_20260413_101441
31-9091.00,Dental Assistants,Finger Dexterity,3.12,Abilities,31,7,two_level_random_sample,EXP_20260413_101441
31-9091.00,Dental Assistants,Control Precision,3.0,Abilities,31,7,two_level_random_sample,EXP_20260413_101441
31-9091.00,Dental Assistants,Multilimb Coordination,2.75,Abilities,31,7,two_level_random_sample,EXP_20260413_101441
31-9091.00,Dental Assistants,Response Orientation,1.88,Abilities,31,7,two_level_random_sample,EXP_20260413_101441
31-9091.00,Dental Assistants,Rate Control,1.75,Abilities,31,7,two_level_random_sample,EXP_20260413_101441
31-9091.00,Dental Assistants,Reaction Time,1.88,Abilities,31,7,two_level_random_sample,EXP_20260413_101441
31-9091.00,Dental Assistants,Wrist-Finger Speed,2.0,Abilities,31,7,two_level_random_sample,EXP_20260413_101441
31-9091.00,Dental Assistants,Speed of Limb Movement,1.75,Abilities,31,7,two_level_random_sample,EXP_20260413_101441
31-9091.00,Dental Assistants,Static Strength,2.12,Abilities,31,7,two_level_random_sample,EXP_20260413_101441
31-9091.00,Dental Assistants,Explosive Strength,1.25,Abilities,31,7,two_level_random_sample,EXP_20260413_101441
31-9091.00,Dental Assistants,Dynamic Strength,2.12,Abilities,31,7,two_level_random_sample,EXP_20260413_101441
31-9091.00,Dental Assistants,Trunk Strength,2.38,Abilities,31,7,two_level_random_sample,EXP_20260413_101441
31-9091.00,Dental Assistants,Stamina,2.12,Abilities,31,7,two_level_random_sample,EXP_20260413_101441
31-9091.00,Dental Assistants,Extent Flexibility,2.5,Abilities,31,7,two_level_random_sample,EXP_20260413_101441
31-9091.00,Dental Assistants,Dynamic Flexibility,1.38,Abilities,31,7,two_level_random_sample,EXP_20260413_101441
31-9091.00,Dental Assistants,Gross Body Coordination,2.0,Abilities,31,7,two_level_random_sample,EXP_20260413_101441
31-9091.00,Dental Assistants,Gross Body Equilibrium,1.75,Abilities,31,7,two_level_random_sample,EXP_20260413_101441
31-9091.00,Dental Assistants,Near Vision,4.12,Abilities,31,7,two_level_random_sample,EXP_20260413_101441
31-9091.00,Dental Assistants,Far Vision,2.88,Abilities,31,7,two_level_random_sample,EXP_20260413_101441
31-9091.00,Dental Assistants,Visual Color Discrimination,2.88,Abilities,31,7,two_level_random_sample,EXP_20260413_101441
31-9091.00,Dental Assistants,Night Vision,1.0,Abilities,31,7,two_level_random_sample,EXP_20260413_101441
31-9091.00,Dental Assistants,Peripheral Vision,1.0,Abilities,31,7,two_level_random_sample,EXP_20260413_101441
31-9091.00,Dental Assistants,Depth Perception,2.12,Abilities,31,7,two_level_random_sample,EXP_20260413_101441
31-9091.00,Dental Assistants,Glare Sensitivity,1.12,Abilities,31,7,two_level_random_sample,EXP_20260413_101441
31-9091.00,Dental Assistants,Hearing Sensitivity,2.0,Abilities,31,7,two_level_random_sample,EXP_20260413_101441
31-9091.00,Dental Assistants,Auditory Attention,2.25,Abilities,31,7,two_level_random_sample,EXP_20260413_101441
31-9091.00,Dental Assistants,Sound Localization,1.0,Abilities,31,7,two_level_random_sample,EXP_20260413_101441
31-9091.00,Dental Assistants,Speech Recognition,3.75,Abilities,31,7,two_level_random_sample,EXP_20260413_101441
31-9091.00,Dental Assistants,Speech Clarity,3.12,Abilities,31,7,two_level_random_sample,EXP_20260413_101441
31-9093.00,Medical Equipment Preparers,Oral Comprehension,3.62,Abilities,31,7,two_level_random_sample,EXP_20260413_101441
31-9093.00,Medical Equipment Preparers,Written Comprehension,3.12,Abilities,31,7,two_level_random_sample,EXP_20260413_101441
31-9093.00,Medical Equipment Preparers,Oral Expression,3.25,Abilities,31,7,two_level_random_sample,EXP_20260413_101441
31-9093.00,Medical Equipment Preparers,Written Expression,3.25,Abilities,31,7,two_level_random_sample,EXP_20260413_101441
31-9093.00,Medical Equipment Preparers,Fluency of Ideas,2.0,Abilities,31,7,two_level_random_sample,EXP_20260413_101441
31-9093.00,Medical Equipment Preparers,Originality,2.0,Abilities,31,7,two_level_random_sample,EXP_20260413_101441
31-9093.00,Medical Equipment Preparers,Problem Sensitivity,3.75,Abilities,31,7,two_level_random_sample,EXP_20260413_101441
31-9093.00,Medical Equipment Preparers,Deductive Reasoning,3.25,Abilities,31,7,two_level_random_sample,EXP_20260413_101441
31-9093.00,Medical Equipment Preparers,Inductive Reasoning,3.0,Abilities,31,7,two_level_random_sample,EXP_20260413_101441
31-9093.00,Medical Equipment Preparers,Information Ordering,3.25,Abilities,31,7,two_level_random_sample,EXP_20260413_101441
31-9093.00,Medical Equipment Preparers,Category Flexibility,3.12,Abilities,31,7,two_level_random_sample,EXP_20260413_101441
31-9093.00,Medical Equipment Preparers,Mathematical Reasoning,2.0,Abilities,31,7,two_level_random_sample,EXP_20260413_101441
31-9093.00,Medical Equipment Preparers,Number Facility,2.12,Abilities,31,7,two_level_random_sample,EXP_20260413_101441
31-9093.00,Medical Equipment Preparers,Memorization,2.0,Abilities,31,7,two_level_random_sample,EXP_20260413_101441
31-9093.00,Medical Equipment Preparers,Speed of Closure,2.25,Abilities,31,7,two_level_random_sample,EXP_20260413_101441
31-9093.00,Medical Equipment Preparers,Flexibility of Closure,3.0,Abilities,31,7,two_level_random_sample,EXP_20260413_101441
31-9093.00,Medical Equipment Preparers,Perceptual Speed,3.25,Abilities,31,7,two_level_random_sample,EXP_20260413_101441
31-9093.00,Medical Equipment Preparers,Spatial Orientation,1.88,Abilities,31,7,two_level_random_sample,EXP_20260413_101441
31-9093.00,Medical Equipment Preparers,Visualization,3.0,Abilities,31,7,two_level_random_sample,EXP_20260413_101441
31-9093.00,Medical Equipment Preparers,Selective Attention,2.88,Abilities,31,7,two_level_random_sample,EXP_20260413_101441
31-9093.00,Medical Equipment Preparers,Time Sharing,2.75,Abilities,31,7,two_level_random_sample,EXP_20260413_101441
31-9093.00,Medical Equipment Preparers,Arm-Hand Steadiness,3.25,Abilities,31,7,two_level_random_sample,EXP_20260413_101441
31-9093.00,Medical Equipment Preparers,Manual Dexterity,3.25,Abilities,31,7,two_level_random_sample,EXP_20260413_101441
31-9093.00,Medical Equipment Preparers,Finger Dexterity,3.25,Abilities,31,7,two_level_random_sample,EXP_20260413_101441
31-9093.00,Medical Equipment Preparers,Control Precision,3.0,Abilities,31,7,two_level_random_sample,EXP_20260413_101441
31-9093.00,Medical Equipment Preparers,Multilimb Coordination,3.0,Abilities,31,7,two_level_random_sample,EXP_20260413_101441
31-9093.00,Medical Equipment Preparers,Response Orientation,2.12,Abilities,31,7,two_level_random_sample,EXP_20260413_101441
31-9093.00,Medical Equipment Preparers,Rate Control,2.25,Abilities,31,7,two_level_random_sample,EXP_20260413_101441
31-9093.00,Medical Equipment Preparers,Reaction Time,2.5,Abilities,31,7,two_level_random_sample,EXP_20260413_101441
31-9093.00,Medical Equipment Preparers,Wrist-Finger Speed,2.12,Abilities,31,7,two_level_random_sample,EXP_20260413_101441
31-9093.00,Medical Equipment Preparers,Speed of Limb Movement,2.25,Abilities,31,7,two_level_random_sample,EXP_20260413_101441
31-9093.00,Medical Equipment Preparers,Static Strength,3.0,Abilities,31,7,two_level_random_sample,EXP_20260413_101441
31-9093.00,Medical Equipment Preparers,Explosive Strength,1.12,Abilities,31,7,two_level_random_sample,EXP_20260413_101441
31-9093.00,Medical Equipment Preparers,Dynamic Strength,2.25,Abilities,31,7,two_level_random_sample,EXP_20260413_101441
31-9093.00,Medical Equipment Preparers,Trunk Strength,3.12,Abilities,31,7,two_level_random_sample,EXP_20260413_101441
31-9093.00,Medical Equipment Preparers,Stamina,2.62,Abilities,31,7,two_level_random_sample,EXP_20260413_101441
31-9093.00,Medical Equipment Preparers,Extent Flexibility,2.38,Abilities,31,7,two_level_random_sample,EXP_20260413_101441
31-9093.00,Medical Equipment Preparers,Dynamic Flexibility,1.25,Abilities,31,7,two_level_random_sample,EXP_20260413_101441
31-9093.00,Medical Equipment Preparers,Gross Body Coordination,2.25,Abilities,31,7,two_level_random_sample,EXP_20260413_101441
31-9093.00,Medical Equipment Preparers,Gross Body Equilibrium,1.75,Abilities,31,7,two_level_random_sample,EXP_20260413_101441
31-9093.00,Medical Equipment Preparers,Near Vision,3.88,Abilities,31,7,two_level_random_sample,EXP_20260413_101441
31-9093.00,Medical Equipment Preparers,Far Vision,2.88,Abilities,31,7,two_level_random_sample,EXP_20260413_101441
31-9093.00,Medical Equipment Preparers,Visual Color Discrimination,2.88,Abilities,31,7,two_level_random_sample,EXP_20260413_101441
31-9093.00,Medical Equipment Preparers,Night Vision,1.75,Abilities,31,7,two_level_random_sample,EXP_20260413_101441
31-9093.00,Medical Equipment Preparers,Peripheral Vision,1.75,Abilities,31,7,two_level_random_sample,EXP_20260413_101441
31-9093.00,Medical Equipment Preparers,Depth Perception,2.5,Abilities,31,7,two_level_random_sample,EXP_20260413_101441
31-9093.00,Medical Equipment Preparers,Glare Sensitivity,1.75,Abilities,31,7,two_level_random_sample,EXP_20260413_101441
31-9093.00,Medical Equipment Preparers,Hearing Sensitivity,2.62,Abilities,31,7,two_level_random_sample,EXP_20260413_101441
31-9093.00,Medical Equipment Preparers,Auditory Attention,2.75,Abilities,31,7,two_level_random_sample,EXP_20260413_101441
31-9093.00,Medical Equipment Preparers,Sound Localization,1.88,Abilities,31,7,two_level_random_sample,EXP_20260413_101441
31-9093.00,Medical Equipment Preparers,Speech Recognition,3.25,Abilities,31,7,two_level_random_sample,EXP_20260413_101441
31-9093.00,Medical Equipment Preparers,Speech Clarity,2.88,Abilities,31,7,two_level_random_sample,EXP_20260413_101441
31-9094.00,Medical Transcriptionists,Oral Comprehension,4.25,Abilities,31,7,two_level_random_sample,EXP_20260413_101441
31-9094.00,Medical Transcriptionists,Written Comprehension,4.12,Abilities,31,7,two_level_random_sample,EXP_20260413_101441
31-9094.00,Medical Transcriptionists,Oral Expression,3.75,Abilities,31,7,two_level_random_sample,EXP_20260413_101441
31-9094.00,Medical Transcriptionists,Written Expression,3.88,Abilities,31,7,two_level_random_sample,EXP_20260413_101441
31-9094.00,Medical Transcriptionists,Fluency of Ideas,1.88,Abilities,31,7,two_level_random_sample,EXP_20260413_101441
31-9094.00,Medical Transcriptionists,Originality,1.88,Abilities,31,7,two_level_random_sample,EXP_20260413_101441
31-9094.00,Medical Transcriptionists,Problem Sensitivity,3.0,Abilities,31,7,two_level_random_sample,EXP_20260413_101441
31-9094.00,Medical Transcriptionists,Deductive Reasoning,3.0,Abilities,31,7,two_level_random_sample,EXP_20260413_101441
31-9094.00,Medical Transcriptionists,Inductive Reasoning,3.0,Abilities,31,7,two_level_random_sample,EXP_20260413_101441
31-9094.00,Medical Transcriptionists,Information Ordering,3.25,Abilities,31,7,two_level_random_sample,EXP_20260413_101441
31-9094.00,Medical Transcriptionists,Category Flexibility,3.12,Abilities,31,7,two_level_random_sample,EXP_20260413_101441
31-9094.00,Medical Transcriptionists,Mathematical Reasoning,1.88,Abilities,31,7,two_level_random_sample,EXP_20260413_101441
31-9094.00,Medical Transcriptionists,Number Facility,2.0,Abilities,31,7,two_level_random_sample,EXP_20260413_101441
31-9094.00,Medical Transcriptionists,Memorization,2.12,Abilities,31,7,two_level_random_sample,EXP_20260413_101441
31-9094.00,Medical Transcriptionists,Speed of Closure,2.25,Abilities,31,7,two_level_random_sample,EXP_20260413_101441
31-9094.00,Medical Transcriptionists,Flexibility of Closure,2.88,Abilities,31,7,two_level_random_sample,EXP_20260413_101441
31-9094.00,Medical Transcriptionists,Perceptual Speed,3.0,Abilities,31,7,two_level_random_sample,EXP_20260413_101441
31-9094.00,Medical Transcriptionists,Spatial Orientation,1.0,Abilities,31,7,two_level_random_sample,EXP_20260413_101441
31-9094.00,Medical Transcriptionists,Visualization,1.75,Abilities,31,7,two_level_random_sample,EXP_20260413_101441
31-9094.00,Medical Transcriptionists,Selective Attention,3.12,Abilities,31,7,two_level_random_sample,EXP_20260413_101441
31-9094.00,Medical Transcriptionists,Time Sharing,2.12,Abilities,31,7,two_level_random_sample,EXP_20260413_101441
31-9094.00,Medical Transcriptionists,Arm-Hand Steadiness,2.25,Abilities,31,7,two_level_random_sample,EXP_20260413_101441
31-9094.00,Medical Transcriptionists,Manual Dexterity,2.62,Abilities,31,7,two_level_random_sample,EXP_20260413_101441
31-9094.00,Medical Transcriptionists,Finger Dexterity,3.0,Abilities,31,7,two_level_random_sample,EXP_20260413_101441
31-9094.00,Medical Transcriptionists,Control Precision,2.12,Abilities,31,7,two_level_random_sample,EXP_20260413_101441
31-9094.00,Medical Transcriptionists,Multilimb Coordination,1.12,Abilities,31,7,two_level_random_sample,EXP_20260413_101441
31-9094.00,Medical Transcriptionists,Response Orientation,1.0,Abilities,31,7,two_level_random_sample,EXP_20260413_101441
31-9094.00,Medical Transcriptionists,Rate Control,1.0,Abilities,31,7,two_level_random_sample,EXP_20260413_101441
31-9094.00,Medical Transcriptionists,Reaction Time,1.0,Abilities,31,7,two_level_random_sample,EXP_20260413_101441
31-9094.00,Medical Transcriptionists,Wrist-Finger Speed,2.0,Abilities,31,7,two_level_random_sample,EXP_20260413_101441
31-9094.00,Medical Transcriptionists,Speed of Limb Movement,1.0,Abilities,31,7,two_level_random_sample,EXP_20260413_101441
31-9094.00,Medical Transcriptionists,Static Strength,1.0,Abilities,31,7,two_level_random_sample,EXP_20260413_101441
31-9094.00,Medical Transcriptionists,Explosive Strength,1.0,Abilities,31,7,two_level_random_sample,EXP_20260413_101441
31-9094.00,Medical Transcriptionists,Dynamic Strength,1.25,Abilities,31,7,two_level_random_sample,EXP_20260413_101441
31-9094.00,Medical Transcriptionists,Trunk Strength,1.5,Abilities,31,7,two_level_random_sample,EXP_20260413_101441
31-9094.00,Medical Transcriptionists,Stamina,1.25,Abilities,31,7,two_level_random_sample,EXP_20260413_101441
31-9094.00,Medical Transcriptionists,Extent Flexibility,1.0,Abilities,31,7,two_level_random_sample,EXP_20260413_101441
31-9094.00,Medical Transcriptionists,Dynamic Flexibility,1.0,Abilities,31,7,two_level_random_sample,EXP_20260413_101441
31-9094.00,Medical Transcriptionists,Gross Body Coordination,1.12,Abilities,31,7,two_level_random_sample,EXP_20260413_101441
31-9094.00,Medical Transcriptionists,Gross Body Equilibrium,1.12,Abilities,31,7,two_level_random_sample,EXP_20260413_101441
31-9094.00,Medical Transcriptionists,Near Vision,3.88,Abilities,31,7,two_level_random_sample,EXP_20260413_101441
31-9094.00,Medical Transcriptionists,Far Vision,2.25,Abilities,31,7,two_level_random_sample,EXP_20260413_101441
31-9094.00,Medical Transcriptionists,Visual Color Discrimination,1.75,Abilities,31,7,two_level_random_sample,EXP_20260413_101441
31-9094.00,Medical Transcriptionists,Night Vision,1.0,Abilities,31,7,two_level_random_sample,EXP_20260413_101441
31-9094.00,Medical Transcriptionists,Peripheral Vision,1.0,Abilities,31,7,two_level_random_sample,EXP_20260413_101441
31-9094.00,Medical Transcriptionists,Depth Perception,1.0,Abilities,31,7,two_level_random_sample,EXP_20260413_101441
31-9094.00,Medical Transcriptionists,Glare Sensitivity,1.0,Abilities,31,7,two_level_random_sample,EXP_20260413_101441
31-9094.00,Medical Transcriptionists,Hearing Sensitivity,1.88,Abilities,31,7,two_level_random_sample,EXP_20260413_101441
31-9094.00,Medical Transcriptionists,Auditory Attention,2.25,Abilities,31,7,two_level_random_sample,EXP_20260413_101441
31-9094.00,Medical Transcriptionists,Sound Localization,1.0,Abilities,31,7,two_level_random_sample,EXP_20260413_101441
31-9094.00,Medical Transcriptionists,Speech Recognition,4.0,Abilities,31,7,two_level_random_sample,EXP_20260413_101441
31-9094.00,Medical Transcriptionists,Speech Clarity,3.0,Abilities,31,7,two_level_random_sample,EXP_20260413_101441
31-9095.00,Pharmacy Aides,Oral Comprehension,4.0,Abilities,31,7,two_level_random_sample,EXP_20260413_101441
31-9095.00,Pharmacy Aides,Written Comprehension,3.25,Abilities,31,7,two_level_random_sample,EXP_20260413_101441
31-9095.00,Pharmacy Aides,Oral Expression,3.5,Abilities,31,7,two_level_random_sample,EXP_20260413_101441
31-9095.00,Pharmacy Aides,Written Expression,3.0,Abilities,31,7,two_level_random_sample,EXP_20260413_101441
31-9095.00,Pharmacy Aides,Fluency of Ideas,1.88,Abilities,31,7,two_level_random_sample,EXP_20260413_101441
31-9095.00,Pharmacy Aides,Originality,1.88,Abilities,31,7,two_level_random_sample,EXP_20260413_101441
31-9095.00,Pharmacy Aides,Problem Sensitivity,3.25,Abilities,31,7,two_level_random_sample,EXP_20260413_101441
31-9095.00,Pharmacy Aides,Deductive Reasoning,3.0,Abilities,31,7,two_level_random_sample,EXP_20260413_101441
31-9095.00,Pharmacy Aides,Inductive Reasoning,2.75,Abilities,31,7,two_level_random_sample,EXP_20260413_101441
31-9095.00,Pharmacy Aides,Information Ordering,3.12,Abilities,31,7,two_level_random_sample,EXP_20260413_101441
31-9095.00,Pharmacy Aides,Category Flexibility,3.0,Abilities,31,7,two_level_random_sample,EXP_20260413_101441
31-9095.00,Pharmacy Aides,Mathematical Reasoning,2.88,Abilities,31,7,two_level_random_sample,EXP_20260413_101441
31-9095.00,Pharmacy Aides,Number Facility,2.62,Abilities,31,7,two_level_random_sample,EXP_20260413_101441
31-9095.00,Pharmacy Aides,Memorization,2.0,Abilities,31,7,two_level_random_sample,EXP_20260413_101441
31-9095.00,Pharmacy Aides,Speed of Closure,1.88,Abilities,31,7,two_level_random_sample,EXP_20260413_101441
31-9095.00,Pharmacy Aides,Flexibility of Closure,2.38,Abilities,31,7,two_level_random_sample,EXP_20260413_101441
31-9095.00,Pharmacy Aides,Perceptual Speed,2.88,Abilities,31,7,two_level_random_sample,EXP_20260413_101441
31-9095.00,Pharmacy Aides,Spatial Orientation,1.38,Abilities,31,7,two_level_random_sample,EXP_20260413_101441
31-9095.00,Pharmacy Aides,Visualization,2.12,Abilities,31,7,two_level_random_sample,EXP_20260413_101441
31-9095.00,Pharmacy Aides,Selective Attention,2.62,Abilities,31,7,two_level_random_sample,EXP_20260413_101441
31-9095.00,Pharmacy Aides,Time Sharing,2.62,Abilities,31,7,two_level_random_sample,EXP_20260413_101441
31-9095.00,Pharmacy Aides,Arm-Hand Steadiness,2.5,Abilities,31,7,two_level_random_sample,EXP_20260413_101441
31-9095.00,Pharmacy Aides,Manual Dexterity,2.38,Abilities,31,7,two_level_random_sample,EXP_20260413_101441
31-9095.00,Pharmacy Aides,Finger Dexterity,3.0,Abilities,31,7,two_level_random_sample,EXP_20260413_101441
31-9095.00,Pharmacy Aides,Control Precision,1.88,Abilities,31,7,two_level_random_sample,EXP_20260413_101441
31-9095.00,Pharmacy Aides,Multilimb Coordination,2.25,Abilities,31,7,two_level_random_sample,EXP_20260413_101441
31-9095.00,Pharmacy Aides,Response Orientation,1.62,Abilities,31,7,two_level_random_sample,EXP_20260413_101441
31-9095.00,Pharmacy Aides,Rate Control,1.5,Abilities,31,7,two_level_random_sample,EXP_20260413_101441
31-9095.00,Pharmacy Aides,Reaction Time,1.62,Abilities,31,7,two_level_random_sample,EXP_20260413_101441
31-9095.00,Pharmacy Aides,Wrist-Finger Speed,1.75,Abilities,31,7,two_level_random_sample,EXP_20260413_101441
31-9095.00,Pharmacy Aides,Speed of Limb Movement,1.25,Abilities,31,7,two_level_random_sample,EXP_20260413_101441
31-9095.00,Pharmacy Aides,Static Strength,2.12,Abilities,31,7,two_level_random_sample,EXP_20260413_101441
31-9095.00,Pharmacy Aides,Explosive Strength,1.0,Abilities,31,7,two_level_random_sample,EXP_20260413_101441
31-9095.00,Pharmacy Aides,Dynamic Strength,2.12,Abilities,31,7,two_level_random_sample,EXP_20260413_101441
31-9095.00,Pharmacy Aides,Trunk Strength,2.75,Abilities,31,7,two_level_random_sample,EXP_20260413_101441
31-9095.00,Pharmacy Aides,Stamina,2.12,Abilities,31,7,two_level_random_sample,EXP_20260413_101441
31-9095.00,Pharmacy Aides,Extent Flexibility,2.12,Abilities,31,7,two_level_random_sample,EXP_20260413_101441
31-9095.00,Pharmacy Aides,Dynamic Flexibility,1.38,Abilities,31,7,two_level_random_sample,EXP_20260413_101441
31-9095.00,Pharmacy Aides,Gross Body Coordination,1.88,Abilities,31,7,two_level_random_sample,EXP_20260413_101441
31-9095.00,Pharmacy Aides,Gross Body Equilibrium,1.62,Abilities,31,7,two_level_random_sample,EXP_20260413_101441
31-9095.00,Pharmacy Aides,Near Vision,3.38,Abilities,31,7,two_level_random_sample,EXP_20260413_101441
31-9095.00,Pharmacy Aides,Far Vision,2.88,Abilities,31,7,two_level_random_sample,EXP_20260413_101441
31-9095.00,Pharmacy Aides,Visual Color Discrimination,2.75,Abilities,31,7,two_level_random_sample,EXP_20260413_101441
31-9095.00,Pharmacy Aides,Night Vision,1.0,Abilities,31,7,two_level_random_sample,EXP_20260413_101441
31-9095.00,Pharmacy Aides,Peripheral Vision,1.0,Abilities,31,7,two_level_random_sample,EXP_20260413_101441
31-9095.00,Pharmacy Aides,Depth Perception,2.0,Abilities,31,7,two_level_random_sample,EXP_20260413_101441
31-9095.00,Pharmacy Aides,Glare Sensitivity,1.0,Abilities,31,7,two_level_random_sample,EXP_20260413_101441
31-9095.00,Pharmacy Aides,Hearing Sensitivity,1.75,Abilities,31,7,two_level_random_sample,EXP_20260413_101441
31-9095.00,Pharmacy Aides,Auditory Attention,2.0,Abilities,31,7,two_level_random_sample,EXP_20260413_101441
31-9095.00,Pharmacy Aides,Sound Localization,1.0,Abilities,31,7,two_level_random_sample,EXP_20260413_101441
31-9095.00,Pharmacy Aides,Speech Recognition,3.38,Abilities,31,7,two_level_random_sample,EXP_20260413_101441
31-9095.00,Pharmacy Aides,Speech Clarity,3.5,Abilities,31,7,two_level_random_sample,EXP_20260413_101441
31-9096.00,Veterinary Assistants and Laboratory Animal Caretakers,Oral Comprehension,3.38,Abilities,31,7,two_level_random_sample,EXP_20260413_101441
31-9096.00,Veterinary Assistants and Laboratory Animal Caretakers,Written Comprehension,3.0,Abilities,31,7,two_level_random_sample,EXP_20260413_101441
31-9096.00,Veterinary Assistants and Laboratory Animal Caretakers,Oral Expression,3.38,Abilities,31,7,two_level_random_sample,EXP_20260413_101441
31-9096.00,Veterinary Assistants and Laboratory Animal Caretakers,Written Expression,3.25,Abilities,31,7,two_level_random_sample,EXP_20260413_101441
31-9096.00,Veterinary Assistants and Laboratory Animal Caretakers,Fluency of Ideas,2.25,Abilities,31,7,two_level_random_sample,EXP_20260413_101441
31-9096.00,Veterinary Assistants and Laboratory Animal Caretakers,Originality,2.25,Abilities,31,7,two_level_random_sample,EXP_20260413_101441
31-9096.00,Veterinary Assistants and Laboratory Animal Caretakers,Problem Sensitivity,3.25,Abilities,31,7,two_level_random_sample,EXP_20260413_101441
31-9096.00,Veterinary Assistants and Laboratory Animal Caretakers,Deductive Reasoning,3.12,Abilities,31,7,two_level_random_sample,EXP_20260413_101441
31-9096.00,Veterinary Assistants and Laboratory Animal Caretakers,Inductive Reasoning,3.0,Abilities,31,7,two_level_random_sample,EXP_20260413_101441
31-9096.00,Veterinary Assistants and Laboratory Animal Caretakers,Information Ordering,3.25,Abilities,31,7,two_level_random_sample,EXP_20260413_101441
31-9096.00,Veterinary Assistants and Laboratory Animal Caretakers,Category Flexibility,2.88,Abilities,31,7,two_level_random_sample,EXP_20260413_101441
31-9096.00,Veterinary Assistants and Laboratory Animal Caretakers,Mathematical Reasoning,2.75,Abilities,31,7,two_level_random_sample,EXP_20260413_101441
31-9096.00,Veterinary Assistants and Laboratory Animal Caretakers,Number Facility,2.75,Abilities,31,7,two_level_random_sample,EXP_20260413_101441
31-9096.00,Veterinary Assistants and Laboratory Animal Caretakers,Memorization,2.12,Abilities,31,7,two_level_random_sample,EXP_20260413_101441
31-9096.00,Veterinary Assistants and Laboratory Animal Caretakers,Speed of Closure,2.0,Abilities,31,7,two_level_random_sample,EXP_20260413_101441
31-9096.00,Veterinary Assistants and Laboratory Animal Caretakers,Flexibility of Closure,3.0,Abilities,31,7,two_level_random_sample,EXP_20260413_101441
31-9096.00,Veterinary Assistants and Laboratory Animal Caretakers,Perceptual Speed,2.5,Abilities,31,7,two_level_random_sample,EXP_20260413_101441
31-9096.00,Veterinary Assistants and Laboratory Animal Caretakers,Spatial Orientation,1.0,Abilities,31,7,two_level_random_sample,EXP_20260413_101441
31-9096.00,Veterinary Assistants and Laboratory Animal Caretakers,Visualization,2.25,Abilities,31,7,two_level_random_sample,EXP_20260413_101441
31-9096.00,Veterinary Assistants and Laboratory Animal Caretakers,Selective Attention,3.0,Abilities,31,7,two_level_random_sample,EXP_20260413_101441
31-9096.00,Veterinary Assistants and Laboratory Animal Caretakers,Time Sharing,2.5,Abilities,31,7,two_level_random_sample,EXP_20260413_101441
31-9096.00,Veterinary Assistants and Laboratory Animal Caretakers,Arm-Hand Steadiness,3.0,Abilities,31,7,two_level_random_sample,EXP_20260413_101441
31-9096.00,Veterinary Assistants and Laboratory Animal Caretakers,Manual Dexterity,3.12,Abilities,31,7,two_level_random_sample,EXP_20260413_101441
31-9096.00,Veterinary Assistants and Laboratory Animal Caretakers,Finger Dexterity,3.0,Abilities,31,7,two_level_random_sample,EXP_20260413_101441
31-9096.00,Veterinary Assistants and Laboratory Animal Caretakers,Control Precision,2.25,Abilities,31,7,two_level_random_sample,EXP_20260413_101441
31-9096.00,Veterinary Assistants and Laboratory Animal Caretakers,Multilimb Coordination,3.0,Abilities,31,7,two_level_random_sample,EXP_20260413_101441
31-9096.00,Veterinary Assistants and Laboratory Animal Caretakers,Response Orientation,1.75,Abilities,31,7,two_level_random_sample,EXP_20260413_101441
31-9096.00,Veterinary Assistants and Laboratory Animal Caretakers,Rate Control,2.0,Abilities,31,7,two_level_random_sample,EXP_20260413_101441
31-9096.00,Veterinary Assistants and Laboratory Animal Caretakers,Reaction Time,2.0,Abilities,31,7,two_level_random_sample,EXP_20260413_101441
31-9096.00,Veterinary Assistants and Laboratory Animal Caretakers,Wrist-Finger Speed,2.0,Abilities,31,7,two_level_random_sample,EXP_20260413_101441
31-9096.00,Veterinary Assistants and Laboratory Animal Caretakers,Speed of Limb Movement,2.0,Abilities,31,7,two_level_random_sample,EXP_20260413_101441
31-9096.00,Veterinary Assistants and Laboratory Animal Caretakers,Static Strength,2.75,Abilities,31,7,two_level_random_sample,EXP_20260413_101441
31-9096.00,Veterinary Assistants and Laboratory Animal Caretakers,Explosive Strength,1.38,Abilities,31,7,two_level_random_sample,EXP_20260413_101441
31-9096.00,Veterinary Assistants and Laboratory Animal Caretakers,Dynamic Strength,2.0,Abilities,31,7,two_level_random_sample,EXP_20260413_101441
31-9096.00,Veterinary Assistants and Laboratory Animal Caretakers,Trunk Strength,3.0,Abilities,31,7,two_level_random_sample,EXP_20260413_101441
31-9096.00,Veterinary Assistants and Laboratory Animal Caretakers,Stamina,2.38,Abilities,31,7,two_level_random_sample,EXP_20260413_101441
31-9096.00,Veterinary Assistants and Laboratory Animal Caretakers,Extent Flexibility,3.0,Abilities,31,7,two_level_random_sample,EXP_20260413_101441
31-9096.00,Veterinary Assistants and Laboratory Animal Caretakers,Dynamic Flexibility,1.38,Abilities,31,7,two_level_random_sample,EXP_20260413_101441
31-9096.00,Veterinary Assistants and Laboratory Animal Caretakers,Gross Body Coordination,2.12,Abilities,31,7,two_level_random_sample,EXP_20260413_101441
31-9096.00,Veterinary Assistants and Laboratory Animal Caretakers,Gross Body Equilibrium,2.0,Abilities,31,7,two_level_random_sample,EXP_20260413_101441
31-9096.00,Veterinary Assistants and Laboratory Animal Caretakers,Near Vision,3.12,Abilities,31,7,two_level_random_sample,EXP_20260413_101441
31-9096.00,Veterinary Assistants and Laboratory Animal Caretakers,Far Vision,2.88,Abilities,31,7,two_level_random_sample,EXP_20260413_101441
31-9096.00,Veterinary Assistants and Laboratory Animal Caretakers,Visual Color Discrimination,2.25,Abilities,31,7,two_level_random_sample,EXP_20260413_101441
31-9096.00,Veterinary Assistants and Laboratory Animal Caretakers,Night Vision,1.0,Abilities,31,7,two_level_random_sample,EXP_20260413_101441
31-9096.00,Veterinary Assistants and Laboratory Animal Caretakers,Peripheral Vision,1.0,Abilities,31,7,two_level_random_sample,EXP_20260413_101441
31-9096.00,Veterinary Assistants and Laboratory Animal Caretakers,Depth Perception,2.0,Abilities,31,7,two_level_random_sample,EXP_20260413_101441
31-9096.00,Veterinary Assistants and Laboratory Animal Caretakers,Glare Sensitivity,1.0,Abilities,31,7,two_level_random_sample,EXP_20260413_101441
31-9096.00,Veterinary Assistants and Laboratory Animal Caretakers,Hearing Sensitivity,2.62,Abilities,31,7,two_level_random_sample,EXP_20260413_101441
31-9096.00,Veterinary Assistants and Laboratory Animal Caretakers,Auditory Attention,2.25,Abilities,31,7,two_level_random_sample,EXP_20260413_101441
31-9096.00,Veterinary Assistants and Laboratory Animal Caretakers,Sound Localization,1.0,Abilities,31,7,two_level_random_sample,EXP_20260413_101441
31-9096.00,Veterinary Assistants and Laboratory Animal Caretakers,Speech Recognition,3.0,Abilities,31,7,two_level_random_sample,EXP_20260413_101441
31-9096.00,Veterinary Assistants and Laboratory Animal Caretakers,Speech Clarity,3.0,Abilities,31,7,two_level_random_sample,EXP_20260413_101441
35-1011.00,Chefs and Head Cooks,Oral Comprehension,4.0,Abilities,35,7,two_level_random_sample,EXP_20260413_101441
35-1011.00,Chefs and Head Cooks,Written Comprehension,3.5,Abilities,35,7,two_level_random_sample,EXP_20260413_101441
35-1011.00,Chefs and Head Cooks,Oral Expression,4.12,Abilities,35,7,two_level_random_sample,EXP_20260413_101441
35-1011.00,Chefs and Head Cooks,Written Expression,3.12,Abilities,35,7,two_level_random_sample,EXP_20260413_101441
35-1011.00,Chefs and Head Cooks,Fluency of Ideas,3.25,Abilities,35,7,two_level_random_sample,EXP_20260413_101441
35-1011.00,Chefs and Head Cooks,Originality,3.38,Abilities,35,7,two_level_random_sample,EXP_20260413_101441
35-1011.00,Chefs and Head Cooks,Problem Sensitivity,4.12,Abilities,35,7,two_level_random_sample,EXP_20260413_101441
35-1011.00,Chefs and Head Cooks,Deductive Reasoning,3.88,Abilities,35,7,two_level_random_sample,EXP_20260413_101441
35-1011.00,Chefs and Head Cooks,Inductive Reasoning,3.75,Abilities,35,7,two_level_random_sample,EXP_20260413_101441
35-1011.00,Chefs and Head Cooks,Information Ordering,4.0,Abilities,35,7,two_level_random_sample,EXP_20260413_101441
35-1011.00,Chefs and Head Cooks,Category Flexibility,3.25,Abilities,35,7,two_level_random_sample,EXP_20260413_101441
35-1011.00,Chefs and Head Cooks,Mathematical Reasoning,3.0,Abilities,35,7,two_level_random_sample,EXP_20260413_101441
35-1011.00,Chefs and Head Cooks,Number Facility,3.12,Abilities,35,7,two_level_random_sample,EXP_20260413_101441
35-1011.00,Chefs and Head Cooks,Memorization,3.0,Abilities,35,7,two_level_random_sample,EXP_20260413_101441
35-1011.00,Chefs and Head Cooks,Speed of Closure,2.25,Abilities,35,7,two_level_random_sample,EXP_20260413_101441
35-1011.00,Chefs and Head Cooks,Flexibility of Closure,2.88,Abilities,35,7,two_level_random_sample,EXP_20260413_101441
35-1011.00,Chefs and Head Cooks,Perceptual Speed,3.0,Abilities,35,7,two_level_random_sample,EXP_20260413_101441
35-1011.00,Chefs and Head Cooks,Spatial Orientation,1.75,Abilities,35,7,two_level_random_sample,EXP_20260413_101441
35-1011.00,Chefs and Head Cooks,Visualization,3.25,Abilities,35,7,two_level_random_sample,EXP_20260413_101441
35-1011.00,Chefs and Head Cooks,Selective Attention,3.38,Abilities,35,7,two_level_random_sample,EXP_20260413_101441
35-1011.00,Chefs and Head Cooks,Time Sharing,3.25,Abilities,35,7,two_level_random_sample,EXP_20260413_101441
35-1011.00,Chefs and Head Cooks,Arm-Hand Steadiness,3.12,Abilities,35,7,two_level_random_sample,EXP_20260413_101441
35-1011.00,Chefs and Head Cooks,Manual Dexterity,3.12,Abilities,35,7,two_level_random_sample,EXP_20260413_101441
35-1011.00,Chefs and Head Cooks,Finger Dexterity,3.12,Abilities,35,7,two_level_random_sample,EXP_20260413_101441
35-1011.00,Chefs and Head Cooks,Control Precision,2.62,Abilities,35,7,two_level_random_sample,EXP_20260413_101441
35-1011.00,Chefs and Head Cooks,Multilimb Coordination,2.75,Abilities,35,7,two_level_random_sample,EXP_20260413_101441
35-1011.00,Chefs and Head Cooks,Response Orientation,2.0,Abilities,35,7,two_level_random_sample,EXP_20260413_101441
35-1011.00,Chefs and Head Cooks,Rate Control,2.0,Abilities,35,7,two_level_random_sample,EXP_20260413_101441
35-1011.00,Chefs and Head Cooks,Reaction Time,2.12,Abilities,35,7,two_level_random_sample,EXP_20260413_101441
35-1011.00,Chefs and Head Cooks,Wrist-Finger Speed,2.38,Abilities,35,7,two_level_random_sample,EXP_20260413_101441
35-1011.00,Chefs and Head Cooks,Speed of Limb Movement,2.0,Abilities,35,7,two_level_random_sample,EXP_20260413_101441
35-1011.00,Chefs and Head Cooks,Static Strength,2.12,Abilities,35,7,two_level_random_sample,EXP_20260413_101441
35-1011.00,Chefs and Head Cooks,Explosive Strength,1.75,Abilities,35,7,two_level_random_sample,EXP_20260413_101441
35-1011.00,Chefs and Head Cooks,Dynamic Strength,2.38,Abilities,35,7,two_level_random_sample,EXP_20260413_101441
35-1011.00,Chefs and Head Cooks,Trunk Strength,3.12,Abilities,35,7,two_level_random_sample,EXP_20260413_101441
35-1011.00,Chefs and Head Cooks,Stamina,2.38,Abilities,35,7,two_level_random_sample,EXP_20260413_101441
35-1011.00,Chefs and Head Cooks,Extent Flexibility,3.0,Abilities,35,7,two_level_random_sample,EXP_20260413_101441
35-1011.00,Chefs and Head Cooks,Dynamic Flexibility,1.62,Abilities,35,7,two_level_random_sample,EXP_20260413_101441
35-1011.00,Chefs and Head Cooks,Gross Body Coordination,2.0,Abilities,35,7,two_level_random_sample,EXP_20260413_101441
35-1011.00,Chefs and Head Cooks,Gross Body Equilibrium,2.0,Abilities,35,7,two_level_random_sample,EXP_20260413_101441
35-1011.00,Chefs and Head Cooks,Near Vision,3.75,Abilities,35,7,two_level_random_sample,EXP_20260413_101441
35-1011.00,Chefs and Head Cooks,Far Vision,3.0,Abilities,35,7,two_level_random_sample,EXP_20260413_101441
35-1011.00,Chefs and Head Cooks,Visual Color Discrimination,3.0,Abilities,35,7,two_level_random_sample,EXP_20260413_101441
35-1011.00,Chefs and Head Cooks,Night Vision,1.5,Abilities,35,7,two_level_random_sample,EXP_20260413_101441
35-1011.00,Chefs and Head Cooks,Peripheral Vision,1.75,Abilities,35,7,two_level_random_sample,EXP_20260413_101441
35-1011.00,Chefs and Head Cooks,Depth Perception,2.0,Abilities,35,7,two_level_random_sample,EXP_20260413_101441
35-1011.00,Chefs and Head Cooks,Glare Sensitivity,1.88,Abilities,35,7,two_level_random_sample,EXP_20260413_101441
35-1011.00,Chefs and Head Cooks,Hearing Sensitivity,2.0,Abilities,35,7,two_level_random_sample,EXP_20260413_101441
35-1011.00,Chefs and Head Cooks,Auditory Attention,2.5,Abilities,35,7,two_level_random_sample,EXP_20260413_101441
35-1011.00,Chefs and Head Cooks,Sound Localization,1.75,Abilities,35,7,two_level_random_sample,EXP_20260413_101441
35-1011.00,Chefs and Head Cooks,Speech Recognition,3.75,Abilities,35,7,two_level_random_sample,EXP_20260413_101441
35-1011.00,Chefs and Head Cooks,Speech Clarity,3.88,Abilities,35,7,two_level_random_sample,EXP_20260413_101441
35-1012.00,First-Line Supervisors of Food Preparation and Serving Workers,Oral Comprehension,4.0,Abilities,35,7,two_level_random_sample,EXP_20260413_101441
35-1012.00,First-Line Supervisors of Food Preparation and Serving Workers,Written Comprehension,3.12,Abilities,35,7,two_level_random_sample,EXP_20260413_101441
35-1012.00,First-Line Supervisors of Food Preparation and Serving Workers,Oral Expression,4.0,Abilities,35,7,two_level_random_sample,EXP_20260413_101441
35-1012.00,First-Line Supervisors of Food Preparation and Serving Workers,Written Expression,3.0,Abilities,35,7,two_level_random_sample,EXP_20260413_101441
35-1012.00,First-Line Supervisors of Food Preparation and Serving Workers,Fluency of Ideas,3.0,Abilities,35,7,two_level_random_sample,EXP_20260413_101441
35-1012.00,First-Line Supervisors of Food Preparation and Serving Workers,Originality,2.75,Abilities,35,7,two_level_random_sample,EXP_20260413_101441
35-1012.00,First-Line Supervisors of Food Preparation and Serving Workers,Problem Sensitivity,3.88,Abilities,35,7,two_level_random_sample,EXP_20260413_101441
35-1012.00,First-Line Supervisors of Food Preparation and Serving Workers,Deductive Reasoning,3.75,Abilities,35,7,two_level_random_sample,EXP_20260413_101441
35-1012.00,First-Line Supervisors of Food Preparation and Serving Workers,Inductive Reasoning,3.0,Abilities,35,7,two_level_random_sample,EXP_20260413_101441
35-1012.00,First-Line Supervisors of Food Preparation and Serving Workers,Information Ordering,3.0,Abilities,35,7,two_level_random_sample,EXP_20260413_101441
35-1012.00,First-Line Supervisors of Food Preparation and Serving Workers,Category Flexibility,3.0,Abilities,35,7,two_level_random_sample,EXP_20260413_101441
35-1012.00,First-Line Supervisors of Food Preparation and Serving Workers,Mathematical Reasoning,2.75,Abilities,35,7,two_level_random_sample,EXP_20260413_101441
35-1012.00,First-Line Supervisors of Food Preparation and Serving Workers,Number Facility,2.88,Abilities,35,7,two_level_random_sample,EXP_20260413_101441
35-1012.00,First-Line Supervisors of Food Preparation and Serving Workers,Memorization,2.75,Abilities,35,7,two_level_random_sample,EXP_20260413_101441
35-1012.00,First-Line Supervisors of Food Preparation and Serving Workers,Speed of Closure,2.12,Abilities,35,7,two_level_random_sample,EXP_20260413_101441
35-1012.00,First-Line Supervisors of Food Preparation and Serving Workers,Flexibility of Closure,2.75,Abilities,35,7,two_level_random_sample,EXP_20260413_101441
35-1012.00,First-Line Supervisors of Food Preparation and Serving Workers,Perceptual Speed,2.88,Abilities,35,7,two_level_random_sample,EXP_20260413_101441
35-1012.00,First-Line Supervisors of Food Preparation and Serving Workers,Spatial Orientation,1.75,Abilities,35,7,two_level_random_sample,EXP_20260413_101441
35-1012.00,First-Line Supervisors of Food Preparation and Serving Workers,Visualization,3.0,Abilities,35,7,two_level_random_sample,EXP_20260413_101441
35-1012.00,First-Line Supervisors of Food Preparation and Serving Workers,Selective Attention,3.0,Abilities,35,7,two_level_random_sample,EXP_20260413_101441
35-1012.00,First-Line Supervisors of Food Preparation and Serving Workers,Time Sharing,3.0,Abilities,35,7,two_level_random_sample,EXP_20260413_101441
35-1012.00,First-Line Supervisors of Food Preparation and Serving Workers,Arm-Hand Steadiness,2.88,Abilities,35,7,two_level_random_sample,EXP_20260413_101441
35-1012.00,First-Line Supervisors of Food Preparation and Serving Workers,Manual Dexterity,2.5,Abilities,35,7,two_level_random_sample,EXP_20260413_101441
35-1012.00,First-Line Supervisors of Food Preparation and Serving Workers,Finger Dexterity,2.75,Abilities,35,7,two_level_random_sample,EXP_20260413_101441
35-1012.00,First-Line Supervisors of Food Preparation and Serving Workers,Control Precision,2.0,Abilities,35,7,two_level_random_sample,EXP_20260413_101441
35-1012.00,First-Line Supervisors of Food Preparation and Serving Workers,Multilimb Coordination,2.62,Abilities,35,7,two_level_random_sample,EXP_20260413_101441
35-1012.00,First-Line Supervisors of Food Preparation and Serving Workers,Response Orientation,1.5,Abilities,35,7,two_level_random_sample,EXP_20260413_101441
35-1012.00,First-Line Supervisors of Food Preparation and Serving Workers,Rate Control,1.62,Abilities,35,7,two_level_random_sample,EXP_20260413_101441
35-1012.00,First-Line Supervisors of Food Preparation and Serving Workers,Reaction Time,2.0,Abilities,35,7,two_level_random_sample,EXP_20260413_101441
35-1012.00,First-Line Supervisors of Food Preparation and Serving Workers,Wrist-Finger Speed,2.0,Abilities,35,7,two_level_random_sample,EXP_20260413_101441
35-1012.00,First-Line Supervisors of Food Preparation and Serving Workers,Speed of Limb Movement,1.62,Abilities,35,7,two_level_random_sample,EXP_20260413_101441
35-1012.00,First-Line Supervisors of Food Preparation and Serving Workers,Static Strength,2.12,Abilities,35,7,two_level_random_sample,EXP_20260413_101441
35-1012.00,First-Line Supervisors of Food Preparation and Serving Workers,Explosive Strength,1.38,Abilities,35,7,two_level_random_sample,EXP_20260413_101441
35-1012.00,First-Line Supervisors of Food Preparation and Serving Workers,Dynamic Strength,2.0,Abilities,35,7,two_level_random_sample,EXP_20260413_101441
35-1012.00,First-Line Supervisors of Food Preparation and Serving Workers,Trunk Strength,3.0,Abilities,35,7,two_level_random_sample,EXP_20260413_101441
35-1012.00,First-Line Supervisors of Food Preparation and Serving Workers,Stamina,2.62,Abilities,35,7,two_level_random_sample,EXP_20260413_101441
35-1012.00,First-Line Supervisors of Food Preparation and Serving Workers,Extent Flexibility,2.12,Abilities,35,7,two_level_random_sample,EXP_20260413_101441
35-1012.00,First-Line Supervisors of Food Preparation and Serving Workers,Dynamic Flexibility,1.12,Abilities,35,7,two_level_random_sample,EXP_20260413_101441
35-1012.00,First-Line Supervisors of Food Preparation and Serving Workers,Gross Body Coordination,2.0,Abilities,35,7,two_level_random_sample,EXP_20260413_101441
35-1012.00,First-Line Supervisors of Food Preparation and Serving Workers,Gross Body Equilibrium,1.88,Abilities,35,7,two_level_random_sample,EXP_20260413_101441
35-1012.00,First-Line Supervisors of Food Preparation and Serving Workers,Near Vision,3.0,Abilities,35,7,two_level_random_sample,EXP_20260413_101441
35-1012.00,First-Line Supervisors of Food Preparation and Serving Workers,Far Vision,3.0,Abilities,35,7,two_level_random_sample,EXP_20260413_101441
35-1012.00,First-Line Supervisors of Food Preparation and Serving Workers,Visual Color Discrimination,2.62,Abilities,35,7,two_level_random_sample,EXP_20260413_101441
35-1012.00,First-Line Supervisors of Food Preparation and Serving Workers,Night Vision,1.12,Abilities,35,7,two_level_random_sample,EXP_20260413_101441
35-1012.00,First-Line Supervisors of Food Preparation and Serving Workers,Peripheral Vision,1.12,Abilities,35,7,two_level_random_sample,EXP_20260413_101441
35-1012.00,First-Line Supervisors of Food Preparation and Serving Workers,Depth Perception,2.0,Abilities,35,7,two_level_random_sample,EXP_20260413_101441
35-1012.00,First-Line Supervisors of Food Preparation and Serving Workers,Glare Sensitivity,1.0,Abilities,35,7,two_level_random_sample,EXP_20260413_101441
35-1012.00,First-Line Supervisors of Food Preparation and Serving Workers,Hearing Sensitivity,1.88,Abilities,35,7,two_level_random_sample,EXP_20260413_101441
35-1012.00,First-Line Supervisors of Food Preparation and Serving Workers,Auditory Attention,2.88,Abilities,35,7,two_level_random_sample,EXP_20260413_101441
35-1012.00,First-Line Supervisors of Food Preparation and Serving Workers,Sound Localization,1.12,Abilities,35,7,two_level_random_sample,EXP_20260413_101441
35-1012.00,First-Line Supervisors of Food Preparation and Serving Workers,Speech Recognition,3.5,Abilities,35,7,two_level_random_sample,EXP_20260413_101441
35-1012.00,First-Line Supervisors of Food Preparation and Serving Workers,Speech Clarity,3.62,Abilities,35,7,two_level_random_sample,EXP_20260413_101441
35-2011.00,"Cooks, Fast Food",Oral Comprehension,3.62,Abilities,35,7,two_level_random_sample,EXP_20260413_101441
35-2011.00,"Cooks, Fast Food",Written Comprehension,2.88,Abilities,35,7,two_level_random_sample,EXP_20260413_101441
35-2011.00,"Cooks, Fast Food",Oral Expression,2.88,Abilities,35,7,two_level_random_sample,EXP_20260413_101441
35-2011.00,"Cooks, Fast Food",Written Expression,2.38,Abilities,35,7,two_level_random_sample,EXP_20260413_101441
35-2011.00,"Cooks, Fast Food",Fluency of Ideas,2.0,Abilities,35,7,two_level_random_sample,EXP_20260413_101441
35-2011.00,"Cooks, Fast Food",Originality,2.0,Abilities,35,7,two_level_random_sample,EXP_20260413_101441
35-2011.00,"Cooks, Fast Food",Problem Sensitivity,2.88,Abilities,35,7,two_level_random_sample,EXP_20260413_101441
35-2011.00,"Cooks, Fast Food",Deductive Reasoning,2.88,Abilities,35,7,two_level_random_sample,EXP_20260413_101441
35-2011.00,"Cooks, Fast Food",Inductive Reasoning,2.38,Abilities,35,7,two_level_random_sample,EXP_20260413_101441
35-2011.00,"Cooks, Fast Food",Information Ordering,3.12,Abilities,35,7,two_level_random_sample,EXP_20260413_101441
35-2011.00,"Cooks, Fast Food",Category Flexibility,2.12,Abilities,35,7,two_level_random_sample,EXP_20260413_101441
35-2011.00,"Cooks, Fast Food",Mathematical Reasoning,2.0,Abilities,35,7,two_level_random_sample,EXP_20260413_101441
35-2011.00,"Cooks, Fast Food",Number Facility,2.0,Abilities,35,7,two_level_random_sample,EXP_20260413_101441
35-2011.00,"Cooks, Fast Food",Memorization,2.0,Abilities,35,7,two_level_random_sample,EXP_20260413_101441
35-2011.00,"Cooks, Fast Food",Speed of Closure,2.12,Abilities,35,7,two_level_random_sample,EXP_20260413_101441
35-2011.00,"Cooks, Fast Food",Flexibility of Closure,2.0,Abilities,35,7,two_level_random_sample,EXP_20260413_101441
35-2011.00,"Cooks, Fast Food",Perceptual Speed,2.12,Abilities,35,7,two_level_random_sample,EXP_20260413_101441
35-2011.00,"Cooks, Fast Food",Spatial Orientation,1.0,Abilities,35,7,two_level_random_sample,EXP_20260413_101441
35-2011.00,"Cooks, Fast Food",Visualization,2.0,Abilities,35,7,two_level_random_sample,EXP_20260413_101441
35-2011.00,"Cooks, Fast Food",Selective Attention,2.88,Abilities,35,7,two_level_random_sample,EXP_20260413_101441
35-2011.00,"Cooks, Fast Food",Time Sharing,2.62,Abilities,35,7,two_level_random_sample,EXP_20260413_101441
35-2011.00,"Cooks, Fast Food",Arm-Hand Steadiness,2.62,Abilities,35,7,two_level_random_sample,EXP_20260413_101441
35-2011.00,"Cooks, Fast Food",Manual Dexterity,2.88,Abilities,35,7,two_level_random_sample,EXP_20260413_101441
35-2011.00,"Cooks, Fast Food",Finger Dexterity,2.12,Abilities,35,7,two_level_random_sample,EXP_20260413_101441
35-2011.00,"Cooks, Fast Food",Control Precision,1.75,Abilities,35,7,two_level_random_sample,EXP_20260413_101441
35-2011.00,"Cooks, Fast Food",Multilimb Coordination,2.12,Abilities,35,7,two_level_random_sample,EXP_20260413_101441
35-2011.00,"Cooks, Fast Food",Response Orientation,1.62,Abilities,35,7,two_level_random_sample,EXP_20260413_101441
35-2011.00,"Cooks, Fast Food",Rate Control,1.5,Abilities,35,7,two_level_random_sample,EXP_20260413_101441
35-2011.00,"Cooks, Fast Food",Reaction Time,1.62,Abilities,35,7,two_level_random_sample,EXP_20260413_101441
35-2011.00,"Cooks, Fast Food",Wrist-Finger Speed,1.88,Abilities,35,7,two_level_random_sample,EXP_20260413_101441
35-2011.00,"Cooks, Fast Food",Speed of Limb Movement,1.62,Abilities,35,7,two_level_random_sample,EXP_20260413_101441
35-2011.00,"Cooks, Fast Food",Static Strength,2.25,Abilities,35,7,two_level_random_sample,EXP_20260413_101441
35-2011.00,"Cooks, Fast Food",Explosive Strength,2.0,Abilities,35,7,two_level_random_sample,EXP_20260413_101441
35-2011.00,"Cooks, Fast Food",Dynamic Strength,2.12,Abilities,35,7,two_level_random_sample,EXP_20260413_101441
35-2011.00,"Cooks, Fast Food",Trunk Strength,2.88,Abilities,35,7,two_level_random_sample,EXP_20260413_101441
35-2011.00,"Cooks, Fast Food",Stamina,2.5,Abilities,35,7,two_level_random_sample,EXP_20260413_101441
35-2011.00,"Cooks, Fast Food",Extent Flexibility,2.12,Abilities,35,7,two_level_random_sample,EXP_20260413_101441
35-2011.00,"Cooks, Fast Food",Dynamic Flexibility,1.0,Abilities,35,7,two_level_random_sample,EXP_20260413_101441
35-2011.00,"Cooks, Fast Food",Gross Body Coordination,2.0,Abilities,35,7,two_level_random_sample,EXP_20260413_101441
35-2011.00,"Cooks, Fast Food",Gross Body Equilibrium,2.0,Abilities,35,7,two_level_random_sample,EXP_20260413_101441
35-2011.00,"Cooks, Fast Food",Near Vision,3.12,Abilities,35,7,two_level_random_sample,EXP_20260413_101441
35-2011.00,"Cooks, Fast Food",Far Vision,2.0,Abilities,35,7,two_level_random_sample,EXP_20260413_101441
35-2011.00,"Cooks, Fast Food",Visual Color Discrimination,2.12,Abilities,35,7,two_level_random_sample,EXP_20260413_101441
35-2011.00,"Cooks, Fast Food",Night Vision,1.0,Abilities,35,7,two_level_random_sample,EXP_20260413_101441
35-2011.00,"Cooks, Fast Food",Peripheral Vision,1.0,Abilities,35,7,two_level_random_sample,EXP_20260413_101441
35-2011.00,"Cooks, Fast Food",Depth Perception,1.25,Abilities,35,7,two_level_random_sample,EXP_20260413_101441
35-2011.00,"Cooks, Fast Food",Glare Sensitivity,1.0,Abilities,35,7,two_level_random_sample,EXP_20260413_101441
35-2011.00,"Cooks, Fast Food",Hearing Sensitivity,1.75,Abilities,35,7,two_level_random_sample,EXP_20260413_101441
35-2011.00,"Cooks, Fast Food",Auditory Attention,2.0,Abilities,35,7,two_level_random_sample,EXP_20260413_101441
35-2011.00,"Cooks, Fast Food",Sound Localization,1.0,Abilities,35,7,two_level_random_sample,EXP_20260413_101441
35-2011.00,"Cooks, Fast Food",Speech Recognition,3.0,Abilities,35,7,two_level_random_sample,EXP_20260413_101441
35-2011.00,"Cooks, Fast Food",Speech Clarity,2.88,Abilities,35,7,two_level_random_sample,EXP_20260413_101441
35-2015.00,"Cooks, Short Order",Oral Comprehension,3.5,Abilities,35,7,two_level_random_sample,EXP_20260413_101441
35-2015.00,"Cooks, Short Order",Written Comprehension,2.75,Abilities,35,7,two_level_random_sample,EXP_20260413_101441
35-2015.00,"Cooks, Short Order",Oral Expression,2.88,Abilities,35,7,two_level_random_sample,EXP_20260413_101441
35-2015.00,"Cooks, Short Order",Written Expression,2.12,Abilities,35,7,two_level_random_sample,EXP_20260413_101441
35-2015.00,"Cooks, Short Order",Fluency of Ideas,2.12,Abilities,35,7,two_level_random_sample,EXP_20260413_101441
35-2015.00,"Cooks, Short Order",Originality,2.0,Abilities,35,7,two_level_random_sample,EXP_20260413_101441
35-2015.00,"Cooks, Short Order",Problem Sensitivity,3.0,Abilities,35,7,two_level_random_sample,EXP_20260413_101441
35-2015.00,"Cooks, Short Order",Deductive Reasoning,2.75,Abilities,35,7,two_level_random_sample,EXP_20260413_101441
35-2015.00,"Cooks, Short Order",Inductive Reasoning,2.62,Abilities,35,7,two_level_random_sample,EXP_20260413_101441
35-2015.00,"Cooks, Short Order",Information Ordering,3.12,Abilities,35,7,two_level_random_sample,EXP_20260413_101441
35-2015.00,"Cooks, Short Order",Category Flexibility,2.88,Abilities,35,7,two_level_random_sample,EXP_20260413_101441
35-2015.00,"Cooks, Short Order",Mathematical Reasoning,2.12,Abilities,35,7,two_level_random_sample,EXP_20260413_101441
35-2015.00,"Cooks, Short Order",Number Facility,2.25,Abilities,35,7,two_level_random_sample,EXP_20260413_101441
35-2015.00,"Cooks, Short Order",Memorization,2.5,Abilities,35,7,two_level_random_sample,EXP_20260413_101441
35-2015.00,"Cooks, Short Order",Speed of Closure,2.0,Abilities,35,7,two_level_random_sample,EXP_20260413_101441
35-2015.00,"Cooks, Short Order",Flexibility of Closure,2.38,Abilities,35,7,two_level_random_sample,EXP_20260413_101441
35-2015.00,"Cooks, Short Order",Perceptual Speed,2.62,Abilities,35,7,two_level_random_sample,EXP_20260413_101441
35-2015.00,"Cooks, Short Order",Spatial Orientation,1.12,Abilities,35,7,two_level_random_sample,EXP_20260413_101441
35-2015.00,"Cooks, Short Order",Visualization,2.25,Abilities,35,7,two_level_random_sample,EXP_20260413_101441
35-2015.00,"Cooks, Short Order",Selective Attention,3.0,Abilities,35,7,two_level_random_sample,EXP_20260413_101441
35-2015.00,"Cooks, Short Order",Time Sharing,3.0,Abilities,35,7,two_level_random_sample,EXP_20260413_101441
35-2015.00,"Cooks, Short Order",Arm-Hand Steadiness,3.0,Abilities,35,7,two_level_random_sample,EXP_20260413_101441
35-2015.00,"Cooks, Short Order",Manual Dexterity,3.12,Abilities,35,7,two_level_random_sample,EXP_20260413_101441
35-2015.00,"Cooks, Short Order",Finger Dexterity,3.0,Abilities,35,7,two_level_random_sample,EXP_20260413_101441
35-2015.00,"Cooks, Short Order",Control Precision,3.0,Abilities,35,7,two_level_random_sample,EXP_20260413_101441
35-2015.00,"Cooks, Short Order",Multilimb Coordination,2.5,Abilities,35,7,two_level_random_sample,EXP_20260413_101441
35-2015.00,"Cooks, Short Order",Response Orientation,1.88,Abilities,35,7,two_level_random_sample,EXP_20260413_101441
35-2015.00,"Cooks, Short Order",Rate Control,1.75,Abilities,35,7,two_level_random_sample,EXP_20260413_101441
35-2015.00,"Cooks, Short Order",Reaction Time,2.0,Abilities,35,7,two_level_random_sample,EXP_20260413_101441
35-2015.00,"Cooks, Short Order",Wrist-Finger Speed,1.88,Abilities,35,7,two_level_random_sample,EXP_20260413_101441
35-2015.00,"Cooks, Short Order",Speed of Limb Movement,1.62,Abilities,35,7,two_level_random_sample,EXP_20260413_101441
35-2015.00,"Cooks, Short Order",Static Strength,2.0,Abilities,35,7,two_level_random_sample,EXP_20260413_101441
35-2015.00,"Cooks, Short Order",Explosive Strength,1.75,Abilities,35,7,two_level_random_sample,EXP_20260413_101441
35-2015.00,"Cooks, Short Order",Dynamic Strength,2.12,Abilities,35,7,two_level_random_sample,EXP_20260413_101441
35-2015.00,"Cooks, Short Order",Trunk Strength,3.25,Abilities,35,7,two_level_random_sample,EXP_20260413_101441
35-2015.00,"Cooks, Short Order",Stamina,2.5,Abilities,35,7,two_level_random_sample,EXP_20260413_101441
35-2015.00,"Cooks, Short Order",Extent Flexibility,2.75,Abilities,35,7,two_level_random_sample,EXP_20260413_101441
35-2015.00,"Cooks, Short Order",Dynamic Flexibility,1.25,Abilities,35,7,two_level_random_sample,EXP_20260413_101441
35-2015.00,"Cooks, Short Order",Gross Body Coordination,2.0,Abilities,35,7,two_level_random_sample,EXP_20260413_101441
35-2015.00,"Cooks, Short Order",Gross Body Equilibrium,2.0,Abilities,35,7,two_level_random_sample,EXP_20260413_101441
35-2015.00,"Cooks, Short Order",Near Vision,3.5,Abilities,35,7,two_level_random_sample,EXP_20260413_101441
35-2015.00,"Cooks, Short Order",Far Vision,2.88,Abilities,35,7,two_level_random_sample,EXP_20260413_101441
35-2015.00,"Cooks, Short Order",Visual Color Discrimination,2.75,Abilities,35,7,two_level_random_sample,EXP_20260413_101441
35-2015.00,"Cooks, Short Order",Night Vision,1.0,Abilities,35,7,two_level_random_sample,EXP_20260413_101441
35-2015.00,"Cooks, Short Order",Peripheral Vision,1.12,Abilities,35,7,two_level_random_sample,EXP_20260413_101441
35-2015.00,"Cooks, Short Order",Depth Perception,1.88,Abilities,35,7,two_level_random_sample,EXP_20260413_101441
35-2015.00,"Cooks, Short Order",Glare Sensitivity,1.0,Abilities,35,7,two_level_random_sample,EXP_20260413_101441
35-2015.00,"Cooks, Short Order",Hearing Sensitivity,2.25,Abilities,35,7,two_level_random_sample,EXP_20260413_101441
35-2015.00,"Cooks, Short Order",Auditory Attention,2.62,Abilities,35,7,two_level_random_sample,EXP_20260413_101441
35-2015.00,"Cooks, Short Order",Sound Localization,1.12,Abilities,35,7,two_level_random_sample,EXP_20260413_101441
35-2015.00,"Cooks, Short Order",Speech Recognition,2.75,Abilities,35,7,two_level_random_sample,EXP_20260413_101441
35-2015.00,"Cooks, Short Order",Speech Clarity,2.88,Abilities,35,7,two_level_random_sample,EXP_20260413_101441
35-3011.00,Bartenders,Oral Comprehension,3.75,Abilities,35,7,two_level_random_sample,EXP_20260413_101441
35-3011.00,Bartenders,Written Comprehension,3.0,Abilities,35,7,two_level_random_sample,EXP_20260413_101441
35-3011.00,Bartenders,Oral Expression,3.88,Abilities,35,7,two_level_random_sample,EXP_20260413_101441
35-3011.00,Bartenders,Written Expression,3.0,Abilities,35,7,two_level_random_sample,EXP_20260413_101441
35-3011.00,Bartenders,Fluency of Ideas,2.75,Abilities,35,7,two_level_random_sample,EXP_20260413_101441
35-3011.00,Bartenders,Originality,2.88,Abilities,35,7,two_level_random_sample,EXP_20260413_101441
35-3011.00,Bartenders,Problem Sensitivity,3.0,Abilities,35,7,two_level_random_sample,EXP_20260413_101441
35-3011.00,Bartenders,Deductive Reasoning,3.0,Abilities,35,7,two_level_random_sample,EXP_20260413_101441
35-3011.00,Bartenders,Inductive Reasoning,3.0,Abilities,35,7,two_level_random_sample,EXP_20260413_101441
35-3011.00,Bartenders,Information Ordering,3.25,Abilities,35,7,two_level_random_sample,EXP_20260413_101441
35-3011.00,Bartenders,Category Flexibility,2.88,Abilities,35,7,two_level_random_sample,EXP_20260413_101441
35-3011.00,Bartenders,Mathematical Reasoning,2.25,Abilities,35,7,two_level_random_sample,EXP_20260413_101441
35-3011.00,Bartenders,Number Facility,2.5,Abilities,35,7,two_level_random_sample,EXP_20260413_101441
35-3011.00,Bartenders,Memorization,3.0,Abilities,35,7,two_level_random_sample,EXP_20260413_101441
35-3011.00,Bartenders,Speed of Closure,2.12,Abilities,35,7,two_level_random_sample,EXP_20260413_101441
35-3011.00,Bartenders,Flexibility of Closure,2.75,Abilities,35,7,two_level_random_sample,EXP_20260413_101441
35-3011.00,Bartenders,Perceptual Speed,2.75,Abilities,35,7,two_level_random_sample,EXP_20260413_101441
35-3011.00,Bartenders,Spatial Orientation,1.25,Abilities,35,7,two_level_random_sample,EXP_20260413_101441
35-3011.00,Bartenders,Visualization,2.5,Abilities,35,7,two_level_random_sample,EXP_20260413_101441
35-3011.00,Bartenders,Selective Attention,3.0,Abilities,35,7,two_level_random_sample,EXP_20260413_101441
35-3011.00,Bartenders,Time Sharing,2.88,Abilities,35,7,two_level_random_sample,EXP_20260413_101441
35-3011.00,Bartenders,Arm-Hand Steadiness,3.12,Abilities,35,7,two_level_random_sample,EXP_20260413_101441
35-3011.00,Bartenders,Manual Dexterity,3.12,Abilities,35,7,two_level_random_sample,EXP_20260413_101441
35-3011.00,Bartenders,Finger Dexterity,3.0,Abilities,35,7,two_level_random_sample,EXP_20260413_101441
35-3011.00,Bartenders,Control Precision,2.5,Abilities,35,7,two_level_random_sample,EXP_20260413_101441
35-3011.00,Bartenders,Multilimb Coordination,2.75,Abilities,35,7,two_level_random_sample,EXP_20260413_101441
35-3011.00,Bartenders,Response Orientation,1.75,Abilities,35,7,two_level_random_sample,EXP_20260413_101441
35-3011.00,Bartenders,Rate Control,1.75,Abilities,35,7,two_level_random_sample,EXP_20260413_101441
35-3011.00,Bartenders,Reaction Time,1.75,Abilities,35,7,two_level_random_sample,EXP_20260413_101441
35-3011.00,Bartenders,Wrist-Finger Speed,2.0,Abilities,35,7,two_level_random_sample,EXP_20260413_101441
35-3011.00,Bartenders,Speed of Limb Movement,1.75,Abilities,35,7,two_level_random_sample,EXP_20260413_101441
35-3011.00,Bartenders,Static Strength,2.25,Abilities,35,7,two_level_random_sample,EXP_20260413_101441
35-3011.00,Bartenders,Explosive Strength,1.38,Abilities,35,7,two_level_random_sample,EXP_20260413_101441
35-3011.00,Bartenders,Dynamic Strength,2.12,Abilities,35,7,two_level_random_sample,EXP_20260413_101441
35-3011.00,Bartenders,Trunk Strength,3.0,Abilities,35,7,two_level_random_sample,EXP_20260413_101441
35-3011.00,Bartenders,Stamina,2.5,Abilities,35,7,two_level_random_sample,EXP_20260413_101441
35-3011.00,Bartenders,Extent Flexibility,2.62,Abilities,35,7,two_level_random_sample,EXP_20260413_101441
35-3011.00,Bartenders,Dynamic Flexibility,1.0,Abilities,35,7,two_level_random_sample,EXP_20260413_101441
35-3011.00,Bartenders,Gross Body Coordination,2.75,Abilities,35,7,two_level_random_sample,EXP_20260413_101441
35-3011.00,Bartenders,Gross Body Equilibrium,2.12,Abilities,35,7,two_level_random_sample,EXP_20260413_101441
35-3011.00,Bartenders,Near Vision,3.25,Abilities,35,7,two_level_random_sample,EXP_20260413_101441
35-3011.00,Bartenders,Far Vision,2.88,Abilities,35,7,two_level_random_sample,EXP_20260413_101441
35-3011.00,Bartenders,Visual Color Discrimination,2.62,Abilities,35,7,two_level_random_sample,EXP_20260413_101441
35-3011.00,Bartenders,Night Vision,1.0,Abilities,35,7,two_level_random_sample,EXP_20260413_101441
35-3011.00,Bartenders,Peripheral Vision,1.12,Abilities,35,7,two_level_random_sample,EXP_20260413_101441
35-3011.00,Bartenders,Depth Perception,2.12,Abilities,35,7,two_level_random_sample,EXP_20260413_101441
35-3011.00,Bartenders,Glare Sensitivity,1.0,Abilities,35,7,two_level_random_sample,EXP_20260413_101441
35-3011.00,Bartenders,Hearing Sensitivity,2.0,Abilities,35,7,two_level_random_sample,EXP_20260413_101441
35-3011.00,Bartenders,Auditory Attention,3.0,Abilities,35,7,two_level_random_sample,EXP_20260413_101441
35-3011.00,Bartenders,Sound Localization,1.12,Abilities,35,7,two_level_random_sample,EXP_20260413_101441
35-3011.00,Bartenders,Speech Recognition,3.25,Abilities,35,7,two_level_random_sample,EXP_20260413_101441
35-3011.00,Bartenders,Speech Clarity,3.12,Abilities,35,7,two_level_random_sample,EXP_20260413_101441
35-3023.01,Baristas,Oral Comprehension,3.75,Abilities,35,7,two_level_random_sample,EXP_20260413_101441
35-3023.01,Baristas,Written Comprehension,3.0,Abilities,35,7,two_level_random_sample,EXP_20260413_101441
35-3023.01,Baristas,Oral Expression,3.62,Abilities,35,7,two_level_random_sample,EXP_20260413_101441
35-3023.01,Baristas,Written Expression,2.75,Abilities,35,7,two_level_random_sample,EXP_20260413_101441
35-3023.01,Baristas,Fluency of Ideas,2.62,Abilities,35,7,two_level_random_sample,EXP_20260413_101441
35-3023.01,Baristas,Originality,2.5,Abilities,35,7,two_level_random_sample,EXP_20260413_101441
35-3023.01,Baristas,Problem Sensitivity,3.12,Abilities,35,7,two_level_random_sample,EXP_20260413_101441
35-3023.01,Baristas,Deductive Reasoning,2.88,Abilities,35,7,two_level_random_sample,EXP_20260413_101441
35-3023.01,Baristas,Inductive Reasoning,2.62,Abilities,35,7,two_level_random_sample,EXP_20260413_101441
35-3023.01,Baristas,Information Ordering,3.12,Abilities,35,7,two_level_random_sample,EXP_20260413_101441
35-3023.01,Baristas,Category Flexibility,2.75,Abilities,35,7,two_level_random_sample,EXP_20260413_101441
35-3023.01,Baristas,Mathematical Reasoning,2.12,Abilities,35,7,two_level_random_sample,EXP_20260413_101441
35-3023.01,Baristas,Number Facility,2.5,Abilities,35,7,two_level_random_sample,EXP_20260413_101441
35-3023.01,Baristas,Memorization,2.5,Abilities,35,7,two_level_random_sample,EXP_20260413_101441
35-3023.01,Baristas,Speed of Closure,2.62,Abilities,35,7,two_level_random_sample,EXP_20260413_101441
35-3023.01,Baristas,Flexibility of Closure,2.75,Abilities,35,7,two_level_random_sample,EXP_20260413_101441
35-3023.01,Baristas,Perceptual Speed,2.75,Abilities,35,7,two_level_random_sample,EXP_20260413_101441
35-3023.01,Baristas,Spatial Orientation,1.12,Abilities,35,7,two_level_random_sample,EXP_20260413_101441
35-3023.01,Baristas,Visualization,2.38,Abilities,35,7,two_level_random_sample,EXP_20260413_101441
35-3023.01,Baristas,Selective Attention,2.88,Abilities,35,7,two_level_random_sample,EXP_20260413_101441
35-3023.01,Baristas,Time Sharing,3.12,Abilities,35,7,two_level_random_sample,EXP_20260413_101441
35-3023.01,Baristas,Arm-Hand Steadiness,3.12,Abilities,35,7,two_level_random_sample,EXP_20260413_101441
35-3023.01,Baristas,Manual Dexterity,3.0,Abilities,35,7,two_level_random_sample,EXP_20260413_101441
35-3023.01,Baristas,Finger Dexterity,3.12,Abilities,35,7,two_level_random_sample,EXP_20260413_101441
35-3023.01,Baristas,Control Precision,3.0,Abilities,35,7,two_level_random_sample,EXP_20260413_101441
35-3023.01,Baristas,Multilimb Coordination,2.75,Abilities,35,7,two_level_random_sample,EXP_20260413_101441
35-3023.01,Baristas,Response Orientation,1.5,Abilities,35,7,two_level_random_sample,EXP_20260413_101441
35-3023.01,Baristas,Rate Control,2.25,Abilities,35,7,two_level_random_sample,EXP_20260413_101441
35-3023.01,Baristas,Reaction Time,2.5,Abilities,35,7,two_level_random_sample,EXP_20260413_101441
35-3023.01,Baristas,Wrist-Finger Speed,2.5,Abilities,35,7,two_level_random_sample,EXP_20260413_101441
35-3023.01,Baristas,Speed of Limb Movement,1.5,Abilities,35,7,two_level_random_sample,EXP_20260413_101441
35-3023.01,Baristas,Static Strength,2.62,Abilities,35,7,two_level_random_sample,EXP_20260413_101441
35-3023.01,Baristas,Explosive Strength,2.12,Abilities,35,7,two_level_random_sample,EXP_20260413_101441
35-3023.01,Baristas,Dynamic Strength,2.38,Abilities,35,7,two_level_random_sample,EXP_20260413_101441
35-3023.01,Baristas,Trunk Strength,3.0,Abilities,35,7,two_level_random_sample,EXP_20260413_101441
35-3023.01,Baristas,Stamina,2.62,Abilities,35,7,two_level_random_sample,EXP_20260413_101441
35-3023.01,Baristas,Extent Flexibility,2.75,Abilities,35,7,two_level_random_sample,EXP_20260413_101441
35-3023.01,Baristas,Dynamic Flexibility,1.12,Abilities,35,7,two_level_random_sample,EXP_20260413_101441
35-3023.01,Baristas,Gross Body Coordination,2.25,Abilities,35,7,two_level_random_sample,EXP_20260413_101441
35-3023.01,Baristas,Gross Body Equilibrium,2.0,Abilities,35,7,two_level_random_sample,EXP_20260413_101441
35-3023.01,Baristas,Near Vision,3.25,Abilities,35,7,two_level_random_sample,EXP_20260413_101441
35-3023.01,Baristas,Far Vision,2.38,Abilities,35,7,two_level_random_sample,EXP_20260413_101441
35-3023.01,Baristas,Visual Color Discrimination,2.62,Abilities,35,7,two_level_random_sample,EXP_20260413_101441
35-3023.01,Baristas,Night Vision,1.0,Abilities,35,7,two_level_random_sample,EXP_20260413_101441
35-3023.01,Baristas,Peripheral Vision,1.0,Abilities,35,7,two_level_random_sample,EXP_20260413_101441
35-3023.01,Baristas,Depth Perception,2.12,Abilities,35,7,two_level_random_sample,EXP_20260413_101441
35-3023.01,Baristas,Glare Sensitivity,1.0,Abilities,35,7,two_level_random_sample,EXP_20260413_101441
35-3023.01,Baristas,Hearing Sensitivity,2.88,Abilities,35,7,two_level_random_sample,EXP_20260413_101441
35-3023.01,Baristas,Auditory Attention,2.62,Abilities,35,7,two_level_random_sample,EXP_20260413_101441
35-3023.01,Baristas,Sound Localization,1.25,Abilities,35,7,two_level_random_sample,EXP_20260413_101441
35-3023.01,Baristas,Speech Recognition,3.38,Abilities,35,7,two_level_random_sample,EXP_20260413_101441
35-3023.01,Baristas,Speech Clarity,3.5,Abilities,35,7,two_level_random_sample,EXP_20260413_101441
35-3041.00,"Food Servers, Nonrestaurant",Oral Comprehension,3.5,Abilities,35,7,two_level_random_sample,EXP_20260413_101441
35-3041.00,"Food Servers, Nonrestaurant",Written Comprehension,2.75,Abilities,35,7,two_level_random_sample,EXP_20260413_101441
35-3041.00,"Food Servers, Nonrestaurant",Oral Expression,3.12,Abilities,35,7,two_level_random_sample,EXP_20260413_101441
35-3041.00,"Food Servers, Nonrestaurant",Written Expression,2.5,Abilities,35,7,two_level_random_sample,EXP_20260413_101441
35-3041.00,"Food Servers, Nonrestaurant",Fluency of Ideas,2.0,Abilities,35,7,two_level_random_sample,EXP_20260413_101441
35-3041.00,"Food Servers, Nonrestaurant",Originality,2.0,Abilities,35,7,two_level_random_sample,EXP_20260413_101441
35-3041.00,"Food Servers, Nonrestaurant",Problem Sensitivity,2.88,Abilities,35,7,two_level_random_sample,EXP_20260413_101441
35-3041.00,"Food Servers, Nonrestaurant",Deductive Reasoning,2.88,Abilities,35,7,two_level_random_sample,EXP_20260413_101441
35-3041.00,"Food Servers, Nonrestaurant",Inductive Reasoning,2.88,Abilities,35,7,two_level_random_sample,EXP_20260413_101441
35-3041.00,"Food Servers, Nonrestaurant",Information Ordering,2.88,Abilities,35,7,two_level_random_sample,EXP_20260413_101441
35-3041.00,"Food Servers, Nonrestaurant",Category Flexibility,2.25,Abilities,35,7,two_level_random_sample,EXP_20260413_101441
35-3041.00,"Food Servers, Nonrestaurant",Mathematical Reasoning,2.0,Abilities,35,7,two_level_random_sample,EXP_20260413_101441
35-3041.00,"Food Servers, Nonrestaurant",Number Facility,2.12,Abilities,35,7,two_level_random_sample,EXP_20260413_101441
35-3041.00,"Food Servers, Nonrestaurant",Memorization,2.12,Abilities,35,7,two_level_random_sample,EXP_20260413_101441
35-3041.00,"Food Servers, Nonrestaurant",Speed of Closure,2.0,Abilities,35,7,two_level_random_sample,EXP_20260413_101441
35-3041.00,"Food Servers, Nonrestaurant",Flexibility of Closure,2.12,Abilities,35,7,two_level_random_sample,EXP_20260413_101441
35-3041.00,"Food Servers, Nonrestaurant",Perceptual Speed,2.12,Abilities,35,7,two_level_random_sample,EXP_20260413_101441
35-3041.00,"Food Servers, Nonrestaurant",Spatial Orientation,1.5,Abilities,35,7,two_level_random_sample,EXP_20260413_101441
35-3041.00,"Food Servers, Nonrestaurant",Visualization,2.12,Abilities,35,7,two_level_random_sample,EXP_20260413_101441
35-3041.00,"Food Servers, Nonrestaurant",Selective Attention,3.0,Abilities,35,7,two_level_random_sample,EXP_20260413_101441
35-3041.00,"Food Servers, Nonrestaurant",Time Sharing,2.25,Abilities,35,7,two_level_random_sample,EXP_20260413_101441
35-3041.00,"Food Servers, Nonrestaurant",Arm-Hand Steadiness,2.88,Abilities,35,7,two_level_random_sample,EXP_20260413_101441
35-3041.00,"Food Servers, Nonrestaurant",Manual Dexterity,2.88,Abilities,35,7,two_level_random_sample,EXP_20260413_101441
35-3041.00,"Food Servers, Nonrestaurant",Finger Dexterity,2.25,Abilities,35,7,two_level_random_sample,EXP_20260413_101441
35-3041.00,"Food Servers, Nonrestaurant",Control Precision,2.0,Abilities,35,7,two_level_random_sample,EXP_20260413_101441
35-3041.00,"Food Servers, Nonrestaurant",Multilimb Coordination,2.25,Abilities,35,7,two_level_random_sample,EXP_20260413_101441
35-3041.00,"Food Servers, Nonrestaurant",Response Orientation,1.62,Abilities,35,7,two_level_random_sample,EXP_20260413_101441
35-3041.00,"Food Servers, Nonrestaurant",Rate Control,2.0,Abilities,35,7,two_level_random_sample,EXP_20260413_101441
35-3041.00,"Food Servers, Nonrestaurant",Reaction Time,2.0,Abilities,35,7,two_level_random_sample,EXP_20260413_101441
35-3041.00,"Food Servers, Nonrestaurant",Wrist-Finger Speed,1.88,Abilities,35,7,two_level_random_sample,EXP_20260413_101441
35-3041.00,"Food Servers, Nonrestaurant",Speed of Limb Movement,1.75,Abilities,35,7,two_level_random_sample,EXP_20260413_101441
35-3041.00,"Food Servers, Nonrestaurant",Static Strength,2.38,Abilities,35,7,two_level_random_sample,EXP_20260413_101441
35-3041.00,"Food Servers, Nonrestaurant",Explosive Strength,1.38,Abilities,35,7,two_level_random_sample,EXP_20260413_101441
35-3041.00,"Food Servers, Nonrestaurant",Dynamic Strength,2.12,Abilities,35,7,two_level_random_sample,EXP_20260413_101441
35-3041.00,"Food Servers, Nonrestaurant",Trunk Strength,2.88,Abilities,35,7,two_level_random_sample,EXP_20260413_101441
35-3041.00,"Food Servers, Nonrestaurant",Stamina,2.25,Abilities,35,7,two_level_random_sample,EXP_20260413_101441
35-3041.00,"Food Servers, Nonrestaurant",Extent Flexibility,2.38,Abilities,35,7,two_level_random_sample,EXP_20260413_101441
35-3041.00,"Food Servers, Nonrestaurant",Dynamic Flexibility,1.0,Abilities,35,7,two_level_random_sample,EXP_20260413_101441
35-3041.00,"Food Servers, Nonrestaurant",Gross Body Coordination,2.38,Abilities,35,7,two_level_random_sample,EXP_20260413_101441
35-3041.00,"Food Servers, Nonrestaurant",Gross Body Equilibrium,2.38,Abilities,35,7,two_level_random_sample,EXP_20260413_101441
35-3041.00,"Food Servers, Nonrestaurant",Near Vision,3.12,Abilities,35,7,two_level_random_sample,EXP_20260413_101441
35-3041.00,"Food Servers, Nonrestaurant",Far Vision,2.62,Abilities,35,7,two_level_random_sample,EXP_20260413_101441
35-3041.00,"Food Servers, Nonrestaurant",Visual Color Discrimination,2.12,Abilities,35,7,two_level_random_sample,EXP_20260413_101441
35-3041.00,"Food Servers, Nonrestaurant",Night Vision,1.0,Abilities,35,7,two_level_random_sample,EXP_20260413_101441
35-3041.00,"Food Servers, Nonrestaurant",Peripheral Vision,1.0,Abilities,35,7,two_level_random_sample,EXP_20260413_101441
35-3041.00,"Food Servers, Nonrestaurant",Depth Perception,2.0,Abilities,35,7,two_level_random_sample,EXP_20260413_101441
35-3041.00,"Food Servers, Nonrestaurant",Glare Sensitivity,1.0,Abilities,35,7,two_level_random_sample,EXP_20260413_101441
35-3041.00,"Food Servers, Nonrestaurant",Hearing Sensitivity,2.0,Abilities,35,7,two_level_random_sample,EXP_20260413_101441
35-3041.00,"Food Servers, Nonrestaurant",Auditory Attention,2.12,Abilities,35,7,two_level_random_sample,EXP_20260413_101441
35-3041.00,"Food Servers, Nonrestaurant",Sound Localization,1.0,Abilities,35,7,two_level_random_sample,EXP_20260413_101441
35-3041.00,"Food Servers, Nonrestaurant",Speech Recognition,3.0,Abilities,35,7,two_level_random_sample,EXP_20260413_101441
35-3041.00,"Food Servers, Nonrestaurant",Speech Clarity,3.0,Abilities,35,7,two_level_random_sample,EXP_20260413_101441
35-9031.00,"Hosts and Hostesses, Restaurant, Lounge, and Coffee Shop",Oral Comprehension,4.0,Abilities,35,7,two_level_random_sample,EXP_20260413_101441
35-9031.00,"Hosts and Hostesses, Restaurant, Lounge, and Coffee Shop",Written Comprehension,3.0,Abilities,35,7,two_level_random_sample,EXP_20260413_101441
35-9031.00,"Hosts and Hostesses, Restaurant, Lounge, and Coffee Shop",Oral Expression,4.0,Abilities,35,7,two_level_random_sample,EXP_20260413_101441
35-9031.00,"Hosts and Hostesses, Restaurant, Lounge, and Coffee Shop",Written Expression,2.38,Abilities,35,7,two_level_random_sample,EXP_20260413_101441
35-9031.00,"Hosts and Hostesses, Restaurant, Lounge, and Coffee Shop",Fluency of Ideas,2.0,Abilities,35,7,two_level_random_sample,EXP_20260413_101441
35-9031.00,"Hosts and Hostesses, Restaurant, Lounge, and Coffee Shop",Originality,1.88,Abilities,35,7,two_level_random_sample,EXP_20260413_101441
35-9031.00,"Hosts and Hostesses, Restaurant, Lounge, and Coffee Shop",Problem Sensitivity,3.0,Abilities,35,7,two_level_random_sample,EXP_20260413_101441
35-9031.00,"Hosts and Hostesses, Restaurant, Lounge, and Coffee Shop",Deductive Reasoning,3.0,Abilities,35,7,two_level_random_sample,EXP_20260413_101441
35-9031.00,"Hosts and Hostesses, Restaurant, Lounge, and Coffee Shop",Inductive Reasoning,3.0,Abilities,35,7,two_level_random_sample,EXP_20260413_101441
35-9031.00,"Hosts and Hostesses, Restaurant, Lounge, and Coffee Shop",Information Ordering,2.88,Abilities,35,7,two_level_random_sample,EXP_20260413_101441
35-9031.00,"Hosts and Hostesses, Restaurant, Lounge, and Coffee Shop",Category Flexibility,2.62,Abilities,35,7,two_level_random_sample,EXP_20260413_101441
35-9031.00,"Hosts and Hostesses, Restaurant, Lounge, and Coffee Shop",Mathematical Reasoning,2.0,Abilities,35,7,two_level_random_sample,EXP_20260413_101441
35-9031.00,"Hosts and Hostesses, Restaurant, Lounge, and Coffee Shop",Number Facility,2.0,Abilities,35,7,two_level_random_sample,EXP_20260413_101441
35-9031.00,"Hosts and Hostesses, Restaurant, Lounge, and Coffee Shop",Memorization,2.12,Abilities,35,7,two_level_random_sample,EXP_20260413_101441
35-9031.00,"Hosts and Hostesses, Restaurant, Lounge, and Coffee Shop",Speed of Closure,2.12,Abilities,35,7,two_level_random_sample,EXP_20260413_101441
35-9031.00,"Hosts and Hostesses, Restaurant, Lounge, and Coffee Shop",Flexibility of Closure,2.12,Abilities,35,7,two_level_random_sample,EXP_20260413_101441
35-9031.00,"Hosts and Hostesses, Restaurant, Lounge, and Coffee Shop",Perceptual Speed,2.0,Abilities,35,7,two_level_random_sample,EXP_20260413_101441
35-9031.00,"Hosts and Hostesses, Restaurant, Lounge, and Coffee Shop",Spatial Orientation,1.38,Abilities,35,7,two_level_random_sample,EXP_20260413_101441
35-9031.00,"Hosts and Hostesses, Restaurant, Lounge, and Coffee Shop",Visualization,2.0,Abilities,35,7,two_level_random_sample,EXP_20260413_101441
35-9031.00,"Hosts and Hostesses, Restaurant, Lounge, and Coffee Shop",Selective Attention,2.88,Abilities,35,7,two_level_random_sample,EXP_20260413_101441
35-9031.00,"Hosts and Hostesses, Restaurant, Lounge, and Coffee Shop",Time Sharing,2.88,Abilities,35,7,two_level_random_sample,EXP_20260413_101441
35-9031.00,"Hosts and Hostesses, Restaurant, Lounge, and Coffee Shop",Arm-Hand Steadiness,2.0,Abilities,35,7,two_level_random_sample,EXP_20260413_101441
35-9031.00,"Hosts and Hostesses, Restaurant, Lounge, and Coffee Shop",Manual Dexterity,2.12,Abilities,35,7,two_level_random_sample,EXP_20260413_101441
35-9031.00,"Hosts and Hostesses, Restaurant, Lounge, and Coffee Shop",Finger Dexterity,2.25,Abilities,35,7,two_level_random_sample,EXP_20260413_101441
35-9031.00,"Hosts and Hostesses, Restaurant, Lounge, and Coffee Shop",Control Precision,1.88,Abilities,35,7,two_level_random_sample,EXP_20260413_101441
35-9031.00,"Hosts and Hostesses, Restaurant, Lounge, and Coffee Shop",Multilimb Coordination,2.0,Abilities,35,7,two_level_random_sample,EXP_20260413_101441
35-9031.00,"Hosts and Hostesses, Restaurant, Lounge, and Coffee Shop",Response Orientation,1.12,Abilities,35,7,two_level_random_sample,EXP_20260413_101441
35-9031.00,"Hosts and Hostesses, Restaurant, Lounge, and Coffee Shop",Rate Control,1.12,Abilities,35,7,two_level_random_sample,EXP_20260413_101441
35-9031.00,"Hosts and Hostesses, Restaurant, Lounge, and Coffee Shop",Reaction Time,1.12,Abilities,35,7,two_level_random_sample,EXP_20260413_101441
35-9031.00,"Hosts and Hostesses, Restaurant, Lounge, and Coffee Shop",Wrist-Finger Speed,1.12,Abilities,35,7,two_level_random_sample,EXP_20260413_101441
35-9031.00,"Hosts and Hostesses, Restaurant, Lounge, and Coffee Shop",Speed of Limb Movement,1.5,Abilities,35,7,two_level_random_sample,EXP_20260413_101441
35-9031.00,"Hosts and Hostesses, Restaurant, Lounge, and Coffee Shop",Static Strength,2.0,Abilities,35,7,two_level_random_sample,EXP_20260413_101441
35-9031.00,"Hosts and Hostesses, Restaurant, Lounge, and Coffee Shop",Explosive Strength,1.25,Abilities,35,7,two_level_random_sample,EXP_20260413_101441
35-9031.00,"Hosts and Hostesses, Restaurant, Lounge, and Coffee Shop",Dynamic Strength,1.75,Abilities,35,7,two_level_random_sample,EXP_20260413_101441
35-9031.00,"Hosts and Hostesses, Restaurant, Lounge, and Coffee Shop",Trunk Strength,2.88,Abilities,35,7,two_level_random_sample,EXP_20260413_101441
35-9031.00,"Hosts and Hostesses, Restaurant, Lounge, and Coffee Shop",Stamina,2.0,Abilities,35,7,two_level_random_sample,EXP_20260413_101441
35-9031.00,"Hosts and Hostesses, Restaurant, Lounge, and Coffee Shop",Extent Flexibility,1.88,Abilities,35,7,two_level_random_sample,EXP_20260413_101441
35-9031.00,"Hosts and Hostesses, Restaurant, Lounge, and Coffee Shop",Dynamic Flexibility,1.0,Abilities,35,7,two_level_random_sample,EXP_20260413_101441
35-9031.00,"Hosts and Hostesses, Restaurant, Lounge, and Coffee Shop",Gross Body Coordination,2.12,Abilities,35,7,two_level_random_sample,EXP_20260413_101441
35-9031.00,"Hosts and Hostesses, Restaurant, Lounge, and Coffee Shop",Gross Body Equilibrium,2.0,Abilities,35,7,two_level_random_sample,EXP_20260413_101441
35-9031.00,"Hosts and Hostesses, Restaurant, Lounge, and Coffee Shop",Near Vision,3.0,Abilities,35,7,two_level_random_sample,EXP_20260413_101441
35-9031.00,"Hosts and Hostesses, Restaurant, Lounge, and Coffee Shop",Far Vision,2.88,Abilities,35,7,two_level_random_sample,EXP_20260413_101441
35-9031.00,"Hosts and Hostesses, Restaurant, Lounge, and Coffee Shop",Visual Color Discrimination,1.88,Abilities,35,7,two_level_random_sample,EXP_20260413_101441
35-9031.00,"Hosts and Hostesses, Restaurant, Lounge, and Coffee Shop",Night Vision,1.0,Abilities,35,7,two_level_random_sample,EXP_20260413_101441
35-9031.00,"Hosts and Hostesses, Restaurant, Lounge, and Coffee Shop",Peripheral Vision,1.25,Abilities,35,7,two_level_random_sample,EXP_20260413_101441
35-9031.00,"Hosts and Hostesses, Restaurant, Lounge, and Coffee Shop",Depth Perception,1.88,Abilities,35,7,two_level_random_sample,EXP_20260413_101441
35-9031.00,"Hosts and Hostesses, Restaurant, Lounge, and Coffee Shop",Glare Sensitivity,1.0,Abilities,35,7,two_level_random_sample,EXP_20260413_101441
35-9031.00,"Hosts and Hostesses, Restaurant, Lounge, and Coffee Shop",Hearing Sensitivity,1.88,Abilities,35,7,two_level_random_sample,EXP_20260413_101441
35-9031.00,"Hosts and Hostesses, Restaurant, Lounge, and Coffee Shop",Auditory Attention,2.12,Abilities,35,7,two_level_random_sample,EXP_20260413_101441
35-9031.00,"Hosts and Hostesses, Restaurant, Lounge, and Coffee Shop",Sound Localization,1.0,Abilities,35,7,two_level_random_sample,EXP_20260413_101441
35-9031.00,"Hosts and Hostesses, Restaurant, Lounge, and Coffee Shop",Speech Recognition,3.25,Abilities,35,7,two_level_random_sample,EXP_20260413_101441
35-9031.00,"Hosts and Hostesses, Restaurant, Lounge, and Coffee Shop",Speech Clarity,3.12,Abilities,35,7,two_level_random_sample,EXP_20260413_101441
51-2041.00,Structural Metal Fabricators and Fitters,Oral Comprehension,2.88,Abilities,51,7,two_level_random_sample,EXP_20260413_101441
51-2041.00,Structural Metal Fabricators and Fitters,Written Comprehension,2.88,Abilities,51,7,two_level_random_sample,EXP_20260413_101441
51-2041.00,Structural Metal Fabricators and Fitters,Oral Expression,3.0,Abilities,51,7,two_level_random_sample,EXP_20260413_101441
51-2041.00,Structural Metal Fabricators and Fitters,Written Expression,2.38,Abilities,51,7,two_level_random_sample,EXP_20260413_101441
51-2041.00,Structural Metal Fabricators and Fitters,Fluency of Ideas,2.12,Abilities,51,7,two_level_random_sample,EXP_20260413_101441
51-2041.00,Structural Metal Fabricators and Fitters,Originality,2.0,Abilities,51,7,two_level_random_sample,EXP_20260413_101441
51-2041.00,Structural Metal Fabricators and Fitters,Problem Sensitivity,3.0,Abilities,51,7,two_level_random_sample,EXP_20260413_101441
51-2041.00,Structural Metal Fabricators and Fitters,Deductive Reasoning,3.0,Abilities,51,7,two_level_random_sample,EXP_20260413_101441
51-2041.00,Structural Metal Fabricators and Fitters,Inductive Reasoning,2.88,Abilities,51,7,two_level_random_sample,EXP_20260413_101441
51-2041.00,Structural Metal Fabricators and Fitters,Information Ordering,3.0,Abilities,51,7,two_level_random_sample,EXP_20260413_101441
51-2041.00,Structural Metal Fabricators and Fitters,Category Flexibility,3.0,Abilities,51,7,two_level_random_sample,EXP_20260413_101441
51-2041.00,Structural Metal Fabricators and Fitters,Mathematical Reasoning,2.25,Abilities,51,7,two_level_random_sample,EXP_20260413_101441
51-2041.00,Structural Metal Fabricators and Fitters,Number Facility,2.12,Abilities,51,7,two_level_random_sample,EXP_20260413_101441
51-2041.00,Structural Metal Fabricators and Fitters,Memorization,2.0,Abilities,51,7,two_level_random_sample,EXP_20260413_101441
51-2041.00,Structural Metal Fabricators and Fitters,Speed of Closure,2.0,Abilities,51,7,two_level_random_sample,EXP_20260413_101441
51-2041.00,Structural Metal Fabricators and Fitters,Flexibility of Closure,2.12,Abilities,51,7,two_level_random_sample,EXP_20260413_101441
51-2041.00,Structural Metal Fabricators and Fitters,Perceptual Speed,2.38,Abilities,51,7,two_level_random_sample,EXP_20260413_101441
51-2041.00,Structural Metal Fabricators and Fitters,Spatial Orientation,2.0,Abilities,51,7,two_level_random_sample,EXP_20260413_101441
51-2041.00,Structural Metal Fabricators and Fitters,Visualization,3.12,Abilities,51,7,two_level_random_sample,EXP_20260413_101441
51-2041.00,Structural Metal Fabricators and Fitters,Selective Attention,3.0,Abilities,51,7,two_level_random_sample,EXP_20260413_101441
51-2041.00,Structural Metal Fabricators and Fitters,Time Sharing,2.75,Abilities,51,7,two_level_random_sample,EXP_20260413_101441
51-2041.00,Structural Metal Fabricators and Fitters,Arm-Hand Steadiness,3.25,Abilities,51,7,two_level_random_sample,EXP_20260413_101441
51-2041.00,Structural Metal Fabricators and Fitters,Manual Dexterity,3.12,Abilities,51,7,two_level_random_sample,EXP_20260413_101441
51-2041.00,Structural Metal Fabricators and Fitters,Finger Dexterity,3.0,Abilities,51,7,two_level_random_sample,EXP_20260413_101441
51-2041.00,Structural Metal Fabricators and Fitters,Control Precision,3.12,Abilities,51,7,two_level_random_sample,EXP_20260413_101441
51-2041.00,Structural Metal Fabricators and Fitters,Multilimb Coordination,3.12,Abilities,51,7,two_level_random_sample,EXP_20260413_101441
51-2041.00,Structural Metal Fabricators and Fitters,Response Orientation,2.25,Abilities,51,7,two_level_random_sample,EXP_20260413_101441
51-2041.00,Structural Metal Fabricators and Fitters,Rate Control,2.5,Abilities,51,7,two_level_random_sample,EXP_20260413_101441
51-2041.00,Structural Metal Fabricators and Fitters,Reaction Time,2.75,Abilities,51,7,two_level_random_sample,EXP_20260413_101441
51-2041.00,Structural Metal Fabricators and Fitters,Wrist-Finger Speed,1.88,Abilities,51,7,two_level_random_sample,EXP_20260413_101441
51-2041.00,Structural Metal Fabricators and Fitters,Speed of Limb Movement,1.75,Abilities,51,7,two_level_random_sample,EXP_20260413_101441
51-2041.00,Structural Metal Fabricators and Fitters,Static Strength,3.12,Abilities,51,7,two_level_random_sample,EXP_20260413_101441
51-2041.00,Structural Metal Fabricators and Fitters,Explosive Strength,2.12,Abilities,51,7,two_level_random_sample,EXP_20260413_101441
51-2041.00,Structural Metal Fabricators and Fitters,Dynamic Strength,2.0,Abilities,51,7,two_level_random_sample,EXP_20260413_101441
51-2041.00,Structural Metal Fabricators and Fitters,Trunk Strength,3.0,Abilities,51,7,two_level_random_sample,EXP_20260413_101441
51-2041.00,Structural Metal Fabricators and Fitters,Stamina,2.0,Abilities,51,7,two_level_random_sample,EXP_20260413_101441
51-2041.00,Structural Metal Fabricators and Fitters,Extent Flexibility,2.38,Abilities,51,7,two_level_random_sample,EXP_20260413_101441
51-2041.00,Structural Metal Fabricators and Fitters,Dynamic Flexibility,1.88,Abilities,51,7,two_level_random_sample,EXP_20260413_101441
51-2041.00,Structural Metal Fabricators and Fitters,Gross Body Coordination,2.12,Abilities,51,7,two_level_random_sample,EXP_20260413_101441
51-2041.00,Structural Metal Fabricators and Fitters,Gross Body Equilibrium,2.12,Abilities,51,7,two_level_random_sample,EXP_20260413_101441
51-2041.00,Structural Metal Fabricators and Fitters,Near Vision,3.25,Abilities,51,7,two_level_random_sample,EXP_20260413_101441
51-2041.00,Structural Metal Fabricators and Fitters,Far Vision,2.88,Abilities,51,7,two_level_random_sample,EXP_20260413_101441
51-2041.00,Structural Metal Fabricators and Fitters,Visual Color Discrimination,2.12,Abilities,51,7,two_level_random_sample,EXP_20260413_101441
51-2041.00,Structural Metal Fabricators and Fitters,Night Vision,1.75,Abilities,51,7,two_level_random_sample,EXP_20260413_101441
51-2041.00,Structural Metal Fabricators and Fitters,Peripheral Vision,1.75,Abilities,51,7,two_level_random_sample,EXP_20260413_101441
51-2041.00,Structural Metal Fabricators and Fitters,Depth Perception,2.62,Abilities,51,7,two_level_random_sample,EXP_20260413_101441
51-2041.00,Structural Metal Fabricators and Fitters,Glare Sensitivity,2.0,Abilities,51,7,two_level_random_sample,EXP_20260413_101441
51-2041.00,Structural Metal Fabricators and Fitters,Hearing Sensitivity,2.0,Abilities,51,7,two_level_random_sample,EXP_20260413_101441
51-2041.00,Structural Metal Fabricators and Fitters,Auditory Attention,2.38,Abilities,51,7,two_level_random_sample,EXP_20260413_101441
51-2041.00,Structural Metal Fabricators and Fitters,Sound Localization,1.62,Abilities,51,7,two_level_random_sample,EXP_20260413_101441
51-2041.00,Structural Metal Fabricators and Fitters,Speech Recognition,2.62,Abilities,51,7,two_level_random_sample,EXP_20260413_101441
51-2041.00,Structural Metal Fabricators and Fitters,Speech Clarity,2.88,Abilities,51,7,two_level_random_sample,EXP_20260413_101441
51-2092.00,Team Assemblers,Oral Comprehension,3.12,Abilities,51,7,two_level_random_sample,EXP_20260413_101441
51-2092.00,Team Assemblers,Written Comprehension,3.0,Abilities,51,7,two_level_random_sample,EXP_20260413_101441
51-2092.00,Team Assemblers,Oral Expression,3.0,Abilities,51,7,two_level_random_sample,EXP_20260413_101441
51-2092.00,Team Assemblers,Written Expression,3.0,Abilities,51,7,two_level_random_sample,EXP_20260413_101441
51-2092.00,Team Assemblers,Fluency of Ideas,2.38,Abilities,51,7,two_level_random_sample,EXP_20260413_101441
51-2092.00,Team Assemblers,Originality,2.25,Abilities,51,7,two_level_random_sample,EXP_20260413_101441
51-2092.00,Team Assemblers,Problem Sensitivity,3.12,Abilities,51,7,two_level_random_sample,EXP_20260413_101441
51-2092.00,Team Assemblers,Deductive Reasoning,3.12,Abilities,51,7,two_level_random_sample,EXP_20260413_101441
51-2092.00,Team Assemblers,Inductive Reasoning,3.0,Abilities,51,7,two_level_random_sample,EXP_20260413_101441
51-2092.00,Team Assemblers,Information Ordering,3.25,Abilities,51,7,two_level_random_sample,EXP_20260413_101441
51-2092.00,Team Assemblers,Category Flexibility,3.0,Abilities,51,7,two_level_random_sample,EXP_20260413_101441
51-2092.00,Team Assemblers,Mathematical Reasoning,2.0,Abilities,51,7,two_level_random_sample,EXP_20260413_101441
51-2092.00,Team Assemblers,Number Facility,2.0,Abilities,51,7,two_level_random_sample,EXP_20260413_101441
51-2092.00,Team Assemblers,Memorization,2.12,Abilities,51,7,two_level_random_sample,EXP_20260413_101441
51-2092.00,Team Assemblers,Speed of Closure,2.0,Abilities,51,7,two_level_random_sample,EXP_20260413_101441
51-2092.00,Team Assemblers,Flexibility of Closure,2.38,Abilities,51,7,two_level_random_sample,EXP_20260413_101441
51-2092.00,Team Assemblers,Perceptual Speed,2.88,Abilities,51,7,two_level_random_sample,EXP_20260413_101441
51-2092.00,Team Assemblers,Spatial Orientation,1.62,Abilities,51,7,two_level_random_sample,EXP_20260413_101441
51-2092.00,Team Assemblers,Visualization,3.0,Abilities,51,7,two_level_random_sample,EXP_20260413_101441
51-2092.00,Team Assemblers,Selective Attention,3.0,Abilities,51,7,two_level_random_sample,EXP_20260413_101441
51-2092.00,Team Assemblers,Time Sharing,2.88,Abilities,51,7,two_level_random_sample,EXP_20260413_101441
51-2092.00,Team Assemblers,Arm-Hand Steadiness,3.12,Abilities,51,7,two_level_random_sample,EXP_20260413_101441
51-2092.00,Team Assemblers,Manual Dexterity,3.75,Abilities,51,7,two_level_random_sample,EXP_20260413_101441
51-2092.00,Team Assemblers,Finger Dexterity,3.25,Abilities,51,7,two_level_random_sample,EXP_20260413_101441
51-2092.00,Team Assemblers,Control Precision,3.0,Abilities,51,7,two_level_random_sample,EXP_20260413_101441
51-2092.00,Team Assemblers,Multilimb Coordination,2.75,Abilities,51,7,two_level_random_sample,EXP_20260413_101441
51-2092.00,Team Assemblers,Response Orientation,1.75,Abilities,51,7,two_level_random_sample,EXP_20260413_101441
51-2092.00,Team Assemblers,Rate Control,2.5,Abilities,51,7,two_level_random_sample,EXP_20260413_101441
51-2092.00,Team Assemblers,Reaction Time,2.88,Abilities,51,7,two_level_random_sample,EXP_20260413_101441
51-2092.00,Team Assemblers,Wrist-Finger Speed,2.0,Abilities,51,7,two_level_random_sample,EXP_20260413_101441
51-2092.00,Team Assemblers,Speed of Limb Movement,1.88,Abilities,51,7,two_level_random_sample,EXP_20260413_101441
51-2092.00,Team Assemblers,Static Strength,2.88,Abilities,51,7,two_level_random_sample,EXP_20260413_101441
51-2092.00,Team Assemblers,Explosive Strength,1.5,Abilities,51,7,two_level_random_sample,EXP_20260413_101441
51-2092.00,Team Assemblers,Dynamic Strength,2.12,Abilities,51,7,two_level_random_sample,EXP_20260413_101441
51-2092.00,Team Assemblers,Trunk Strength,3.0,Abilities,51,7,two_level_random_sample,EXP_20260413_101441
51-2092.00,Team Assemblers,Stamina,2.12,Abilities,51,7,two_level_random_sample,EXP_20260413_101441
51-2092.00,Team Assemblers,Extent Flexibility,2.62,Abilities,51,7,two_level_random_sample,EXP_20260413_101441
51-2092.00,Team Assemblers,Dynamic Flexibility,1.0,Abilities,51,7,two_level_random_sample,EXP_20260413_101441
51-2092.00,Team Assemblers,Gross Body Coordination,2.12,Abilities,51,7,two_level_random_sample,EXP_20260413_101441
51-2092.00,Team Assemblers,Gross Body Equilibrium,2.0,Abilities,51,7,two_level_random_sample,EXP_20260413_101441
51-2092.00,Team Assemblers,Near Vision,3.25,Abilities,51,7,two_level_random_sample,EXP_20260413_101441
51-2092.00,Team Assemblers,Far Vision,3.0,Abilities,51,7,two_level_random_sample,EXP_20260413_101441
51-2092.00,Team Assemblers,Visual Color Discrimination,2.62,Abilities,51,7,two_level_random_sample,EXP_20260413_101441
51-2092.00,Team Assemblers,Night Vision,1.5,Abilities,51,7,two_level_random_sample,EXP_20260413_101441
51-2092.00,Team Assemblers,Peripheral Vision,1.5,Abilities,51,7,two_level_random_sample,EXP_20260413_101441
51-2092.00,Team Assemblers,Depth Perception,2.12,Abilities,51,7,two_level_random_sample,EXP_20260413_101441
51-2092.00,Team Assemblers,Glare Sensitivity,1.38,Abilities,51,7,two_level_random_sample,EXP_20260413_101441
51-2092.00,Team Assemblers,Hearing Sensitivity,2.38,Abilities,51,7,two_level_random_sample,EXP_20260413_101441
51-2092.00,Team Assemblers,Auditory Attention,2.5,Abilities,51,7,two_level_random_sample,EXP_20260413_101441
51-2092.00,Team Assemblers,Sound Localization,1.5,Abilities,51,7,two_level_random_sample,EXP_20260413_101441
51-2092.00,Team Assemblers,Speech Recognition,3.12,Abilities,51,7,two_level_random_sample,EXP_20260413_101441
51-2092.00,Team Assemblers,Speech Clarity,3.12,Abilities,51,7,two_level_random_sample,EXP_20260413_101441
51-3022.00,"Meat, Poultry, and Fish Cutters and Trimmers",Oral Comprehension,3.0,Abilities,51,7,two_level_random_sample,EXP_20260413_101441
51-3022.00,"Meat, Poultry, and Fish Cutters and Trimmers",Written Comprehension,2.38,Abilities,51,7,two_level_random_sample,EXP_20260413_101441
51-3022.00,"Meat, Poultry, and Fish Cutters and Trimmers",Oral Expression,3.12,Abilities,51,7,two_level_random_sample,EXP_20260413_101441
51-3022.00,"Meat, Poultry, and Fish Cutters and Trimmers",Written Expression,2.62,Abilities,51,7,two_level_random_sample,EXP_20260413_101441
51-3022.00,"Meat, Poultry, and Fish Cutters and Trimmers",Fluency of Ideas,2.0,Abilities,51,7,two_level_random_sample,EXP_20260413_101441
51-3022.00,"Meat, Poultry, and Fish Cutters and Trimmers",Originality,2.0,Abilities,51,7,two_level_random_sample,EXP_20260413_101441
51-3022.00,"Meat, Poultry, and Fish Cutters and Trimmers",Problem Sensitivity,3.0,Abilities,51,7,two_level_random_sample,EXP_20260413_101441
51-3022.00,"Meat, Poultry, and Fish Cutters and Trimmers",Deductive Reasoning,2.75,Abilities,51,7,two_level_random_sample,EXP_20260413_101441
51-3022.00,"Meat, Poultry, and Fish Cutters and Trimmers",Inductive Reasoning,2.75,Abilities,51,7,two_level_random_sample,EXP_20260413_101441
51-3022.00,"Meat, Poultry, and Fish Cutters and Trimmers",Information Ordering,3.0,Abilities,51,7,two_level_random_sample,EXP_20260413_101441
51-3022.00,"Meat, Poultry, and Fish Cutters and Trimmers",Category Flexibility,2.75,Abilities,51,7,two_level_random_sample,EXP_20260413_101441
51-3022.00,"Meat, Poultry, and Fish Cutters and Trimmers",Mathematical Reasoning,2.12,Abilities,51,7,two_level_random_sample,EXP_20260413_101441
51-3022.00,"Meat, Poultry, and Fish Cutters and Trimmers",Number Facility,2.12,Abilities,51,7,two_level_random_sample,EXP_20260413_101441
51-3022.00,"Meat, Poultry, and Fish Cutters and Trimmers",Memorization,2.12,Abilities,51,7,two_level_random_sample,EXP_20260413_101441
51-3022.00,"Meat, Poultry, and Fish Cutters and Trimmers",Speed of Closure,2.12,Abilities,51,7,two_level_random_sample,EXP_20260413_101441
51-3022.00,"Meat, Poultry, and Fish Cutters and Trimmers",Flexibility of Closure,2.38,Abilities,51,7,two_level_random_sample,EXP_20260413_101441
51-3022.00,"Meat, Poultry, and Fish Cutters and Trimmers",Perceptual Speed,2.5,Abilities,51,7,two_level_random_sample,EXP_20260413_101441
51-3022.00,"Meat, Poultry, and Fish Cutters and Trimmers",Spatial Orientation,1.62,Abilities,51,7,two_level_random_sample,EXP_20260413_101441
51-3022.00,"Meat, Poultry, and Fish Cutters and Trimmers",Visualization,3.0,Abilities,51,7,two_level_random_sample,EXP_20260413_101441
51-3022.00,"Meat, Poultry, and Fish Cutters and Trimmers",Selective Attention,3.12,Abilities,51,7,two_level_random_sample,EXP_20260413_101441
51-3022.00,"Meat, Poultry, and Fish Cutters and Trimmers",Time Sharing,2.0,Abilities,51,7,two_level_random_sample,EXP_20260413_101441
51-3022.00,"Meat, Poultry, and Fish Cutters and Trimmers",Arm-Hand Steadiness,3.38,Abilities,51,7,two_level_random_sample,EXP_20260413_101441
51-3022.00,"Meat, Poultry, and Fish Cutters and Trimmers",Manual Dexterity,3.12,Abilities,51,7,two_level_random_sample,EXP_20260413_101441
51-3022.00,"Meat, Poultry, and Fish Cutters and Trimmers",Finger Dexterity,3.0,Abilities,51,7,two_level_random_sample,EXP_20260413_101441
51-3022.00,"Meat, Poultry, and Fish Cutters and Trimmers",Control Precision,3.25,Abilities,51,7,two_level_random_sample,EXP_20260413_101441
51-3022.00,"Meat, Poultry, and Fish Cutters and Trimmers",Multilimb Coordination,3.0,Abilities,51,7,two_level_random_sample,EXP_20260413_101441
51-3022.00,"Meat, Poultry, and Fish Cutters and Trimmers",Response Orientation,2.0,Abilities,51,7,two_level_random_sample,EXP_20260413_101441
51-3022.00,"Meat, Poultry, and Fish Cutters and Trimmers",Rate Control,2.75,Abilities,51,7,two_level_random_sample,EXP_20260413_101441
51-3022.00,"Meat, Poultry, and Fish Cutters and Trimmers",Reaction Time,2.88,Abilities,51,7,two_level_random_sample,EXP_20260413_101441
51-3022.00,"Meat, Poultry, and Fish Cutters and Trimmers",Wrist-Finger Speed,2.5,Abilities,51,7,two_level_random_sample,EXP_20260413_101441
51-3022.00,"Meat, Poultry, and Fish Cutters and Trimmers",Speed of Limb Movement,1.75,Abilities,51,7,two_level_random_sample,EXP_20260413_101441
51-3022.00,"Meat, Poultry, and Fish Cutters and Trimmers",Static Strength,2.38,Abilities,51,7,two_level_random_sample,EXP_20260413_101441
51-3022.00,"Meat, Poultry, and Fish Cutters and Trimmers",Explosive Strength,1.75,Abilities,51,7,two_level_random_sample,EXP_20260413_101441
51-3022.00,"Meat, Poultry, and Fish Cutters and Trimmers",Dynamic Strength,2.5,Abilities,51,7,two_level_random_sample,EXP_20260413_101441
51-3022.00,"Meat, Poultry, and Fish Cutters and Trimmers",Trunk Strength,3.12,Abilities,51,7,two_level_random_sample,EXP_20260413_101441
51-3022.00,"Meat, Poultry, and Fish Cutters and Trimmers",Stamina,2.38,Abilities,51,7,two_level_random_sample,EXP_20260413_101441
51-3022.00,"Meat, Poultry, and Fish Cutters and Trimmers",Extent Flexibility,2.5,Abilities,51,7,two_level_random_sample,EXP_20260413_101441
51-3022.00,"Meat, Poultry, and Fish Cutters and Trimmers",Dynamic Flexibility,1.12,Abilities,51,7,two_level_random_sample,EXP_20260413_101441
51-3022.00,"Meat, Poultry, and Fish Cutters and Trimmers",Gross Body Coordination,2.12,Abilities,51,7,two_level_random_sample,EXP_20260413_101441
51-3022.00,"Meat, Poultry, and Fish Cutters and Trimmers",Gross Body Equilibrium,2.12,Abilities,51,7,two_level_random_sample,EXP_20260413_101441
51-3022.00,"Meat, Poultry, and Fish Cutters and Trimmers",Near Vision,3.25,Abilities,51,7,two_level_random_sample,EXP_20260413_101441
51-3022.00,"Meat, Poultry, and Fish Cutters and Trimmers",Far Vision,2.88,Abilities,51,7,two_level_random_sample,EXP_20260413_101441
51-3022.00,"Meat, Poultry, and Fish Cutters and Trimmers",Visual Color Discrimination,2.75,Abilities,51,7,two_level_random_sample,EXP_20260413_101441
51-3022.00,"Meat, Poultry, and Fish Cutters and Trimmers",Night Vision,1.62,Abilities,51,7,two_level_random_sample,EXP_20260413_101441
51-3022.00,"Meat, Poultry, and Fish Cutters and Trimmers",Peripheral Vision,1.62,Abilities,51,7,two_level_random_sample,EXP_20260413_101441
51-3022.00,"Meat, Poultry, and Fish Cutters and Trimmers",Depth Perception,2.5,Abilities,51,7,two_level_random_sample,EXP_20260413_101441
51-3022.00,"Meat, Poultry, and Fish Cutters and Trimmers",Glare Sensitivity,1.5,Abilities,51,7,two_level_random_sample,EXP_20260413_101441
51-3022.00,"Meat, Poultry, and Fish Cutters and Trimmers",Hearing Sensitivity,2.5,Abilities,51,7,two_level_random_sample,EXP_20260413_101441
51-3022.00,"Meat, Poultry, and Fish Cutters and Trimmers",Auditory Attention,2.38,Abilities,51,7,two_level_random_sample,EXP_20260413_101441
51-3022.00,"Meat, Poultry, and Fish Cutters and Trimmers",Sound Localization,1.62,Abilities,51,7,two_level_random_sample,EXP_20260413_101441
51-3022.00,"Meat, Poultry, and Fish Cutters and Trimmers",Speech Recognition,3.0,Abilities,51,7,two_level_random_sample,EXP_20260413_101441
51-3022.00,"Meat, Poultry, and Fish Cutters and Trimmers",Speech Clarity,3.0,Abilities,51,7,two_level_random_sample,EXP_20260413_101441
51-4023.00,"Rolling Machine Setters, Operators, and Tenders, Metal and Plastic",Oral Comprehension,3.12,Abilities,51,7,two_level_random_sample,EXP_20260413_101441
51-4023.00,"Rolling Machine Setters, Operators, and Tenders, Metal and Plastic",Written Comprehension,3.12,Abilities,51,7,two_level_random_sample,EXP_20260413_101441
51-4023.00,"Rolling Machine Setters, Operators, and Tenders, Metal and Plastic",Oral Expression,3.25,Abilities,51,7,two_level_random_sample,EXP_20260413_101441
51-4023.00,"Rolling Machine Setters, Operators, and Tenders, Metal and Plastic",Written Expression,2.88,Abilities,51,7,two_level_random_sample,EXP_20260413_101441
51-4023.00,"Rolling Machine Setters, Operators, and Tenders, Metal and Plastic",Fluency of Ideas,2.25,Abilities,51,7,two_level_random_sample,EXP_20260413_101441
51-4023.00,"Rolling Machine Setters, Operators, and Tenders, Metal and Plastic",Originality,2.25,Abilities,51,7,two_level_random_sample,EXP_20260413_101441
51-4023.00,"Rolling Machine Setters, Operators, and Tenders, Metal and Plastic",Problem Sensitivity,4.0,Abilities,51,7,two_level_random_sample,EXP_20260413_101441
51-4023.00,"Rolling Machine Setters, Operators, and Tenders, Metal and Plastic",Deductive Reasoning,3.25,Abilities,51,7,two_level_random_sample,EXP_20260413_101441
51-4023.00,"Rolling Machine Setters, Operators, and Tenders, Metal and Plastic",Inductive Reasoning,3.12,Abilities,51,7,two_level_random_sample,EXP_20260413_101441
51-4023.00,"Rolling Machine Setters, Operators, and Tenders, Metal and Plastic",Information Ordering,3.25,Abilities,51,7,two_level_random_sample,EXP_20260413_101441
51-4023.00,"Rolling Machine Setters, Operators, and Tenders, Metal and Plastic",Category Flexibility,2.88,Abilities,51,7,two_level_random_sample,EXP_20260413_101441
51-4023.00,"Rolling Machine Setters, Operators, and Tenders, Metal and Plastic",Mathematical Reasoning,2.5,Abilities,51,7,two_level_random_sample,EXP_20260413_101441
51-4023.00,"Rolling Machine Setters, Operators, and Tenders, Metal and Plastic",Number Facility,2.38,Abilities,51,7,two_level_random_sample,EXP_20260413_101441
51-4023.00,"Rolling Machine Setters, Operators, and Tenders, Metal and Plastic",Memorization,2.62,Abilities,51,7,two_level_random_sample,EXP_20260413_101441
51-4023.00,"Rolling Machine Setters, Operators, and Tenders, Metal and Plastic",Speed of Closure,2.62,Abilities,51,7,two_level_random_sample,EXP_20260413_101441
51-4023.00,"Rolling Machine Setters, Operators, and Tenders, Metal and Plastic",Flexibility of Closure,3.0,Abilities,51,7,two_level_random_sample,EXP_20260413_101441
51-4023.00,"Rolling Machine Setters, Operators, and Tenders, Metal and Plastic",Perceptual Speed,3.25,Abilities,51,7,two_level_random_sample,EXP_20260413_101441
51-4023.00,"Rolling Machine Setters, Operators, and Tenders, Metal and Plastic",Spatial Orientation,2.12,Abilities,51,7,two_level_random_sample,EXP_20260413_101441
51-4023.00,"Rolling Machine Setters, Operators, and Tenders, Metal and Plastic",Visualization,3.0,Abilities,51,7,two_level_random_sample,EXP_20260413_101441
51-4023.00,"Rolling Machine Setters, Operators, and Tenders, Metal and Plastic",Selective Attention,3.12,Abilities,51,7,two_level_random_sample,EXP_20260413_101441
51-4023.00,"Rolling Machine Setters, Operators, and Tenders, Metal and Plastic",Time Sharing,2.62,Abilities,51,7,two_level_random_sample,EXP_20260413_101441
51-4023.00,"Rolling Machine Setters, Operators, and Tenders, Metal and Plastic",Arm-Hand Steadiness,3.5,Abilities,51,7,two_level_random_sample,EXP_20260413_101441
51-4023.00,"Rolling Machine Setters, Operators, and Tenders, Metal and Plastic",Manual Dexterity,3.62,Abilities,51,7,two_level_random_sample,EXP_20260413_101441
51-4023.00,"Rolling Machine Setters, Operators, and Tenders, Metal and Plastic",Finger Dexterity,3.25,Abilities,51,7,two_level_random_sample,EXP_20260413_101441
51-4023.00,"Rolling Machine Setters, Operators, and Tenders, Metal and Plastic",Control Precision,3.88,Abilities,51,7,two_level_random_sample,EXP_20260413_101441
51-4023.00,"Rolling Machine Setters, Operators, and Tenders, Metal and Plastic",Multilimb Coordination,3.62,Abilities,51,7,two_level_random_sample,EXP_20260413_101441
51-4023.00,"Rolling Machine Setters, Operators, and Tenders, Metal and Plastic",Response Orientation,3.25,Abilities,51,7,two_level_random_sample,EXP_20260413_101441
51-4023.00,"Rolling Machine Setters, Operators, and Tenders, Metal and Plastic",Rate Control,3.75,Abilities,51,7,two_level_random_sample,EXP_20260413_101441
51-4023.00,"Rolling Machine Setters, Operators, and Tenders, Metal and Plastic",Reaction Time,3.88,Abilities,51,7,two_level_random_sample,EXP_20260413_101441
51-4023.00,"Rolling Machine Setters, Operators, and Tenders, Metal and Plastic",Wrist-Finger Speed,2.88,Abilities,51,7,two_level_random_sample,EXP_20260413_101441
51-4023.00,"Rolling Machine Setters, Operators, and Tenders, Metal and Plastic",Speed of Limb Movement,2.88,Abilities,51,7,two_level_random_sample,EXP_20260413_101441
51-4023.00,"Rolling Machine Setters, Operators, and Tenders, Metal and Plastic",Static Strength,3.25,Abilities,51,7,two_level_random_sample,EXP_20260413_101441
51-4023.00,"Rolling Machine Setters, Operators, and Tenders, Metal and Plastic",Explosive Strength,1.62,Abilities,51,7,two_level_random_sample,EXP_20260413_101441
51-4023.00,"Rolling Machine Setters, Operators, and Tenders, Metal and Plastic",Dynamic Strength,2.5,Abilities,51,7,two_level_random_sample,EXP_20260413_101441
51-4023.00,"Rolling Machine Setters, Operators, and Tenders, Metal and Plastic",Trunk Strength,3.12,Abilities,51,7,two_level_random_sample,EXP_20260413_101441
51-4023.00,"Rolling Machine Setters, Operators, and Tenders, Metal and Plastic",Stamina,3.0,Abilities,51,7,two_level_random_sample,EXP_20260413_101441
51-4023.00,"Rolling Machine Setters, Operators, and Tenders, Metal and Plastic",Extent Flexibility,2.62,Abilities,51,7,two_level_random_sample,EXP_20260413_101441
51-4023.00,"Rolling Machine Setters, Operators, and Tenders, Metal and Plastic",Dynamic Flexibility,1.12,Abilities,51,7,two_level_random_sample,EXP_20260413_101441
51-4023.00,"Rolling Machine Setters, Operators, and Tenders, Metal and Plastic",Gross Body Coordination,2.5,Abilities,51,7,two_level_random_sample,EXP_20260413_101441
51-4023.00,"Rolling Machine Setters, Operators, and Tenders, Metal and Plastic",Gross Body Equilibrium,2.0,Abilities,51,7,two_level_random_sample,EXP_20260413_101441
51-4023.00,"Rolling Machine Setters, Operators, and Tenders, Metal and Plastic",Near Vision,3.88,Abilities,51,7,two_level_random_sample,EXP_20260413_101441
51-4023.00,"Rolling Machine Setters, Operators, and Tenders, Metal and Plastic",Far Vision,3.12,Abilities,51,7,two_level_random_sample,EXP_20260413_101441
51-4023.00,"Rolling Machine Setters, Operators, and Tenders, Metal and Plastic",Visual Color Discrimination,2.62,Abilities,51,7,two_level_random_sample,EXP_20260413_101441
51-4023.00,"Rolling Machine Setters, Operators, and Tenders, Metal and Plastic",Night Vision,1.88,Abilities,51,7,two_level_random_sample,EXP_20260413_101441
51-4023.00,"Rolling Machine Setters, Operators, and Tenders, Metal and Plastic",Peripheral Vision,2.12,Abilities,51,7,two_level_random_sample,EXP_20260413_101441
51-4023.00,"Rolling Machine Setters, Operators, and Tenders, Metal and Plastic",Depth Perception,3.0,Abilities,51,7,two_level_random_sample,EXP_20260413_101441
51-4023.00,"Rolling Machine Setters, Operators, and Tenders, Metal and Plastic",Glare Sensitivity,1.75,Abilities,51,7,two_level_random_sample,EXP_20260413_101441
51-4023.00,"Rolling Machine Setters, Operators, and Tenders, Metal and Plastic",Hearing Sensitivity,2.88,Abilities,51,7,two_level_random_sample,EXP_20260413_101441
51-4023.00,"Rolling Machine Setters, Operators, and Tenders, Metal and Plastic",Auditory Attention,3.12,Abilities,51,7,two_level_random_sample,EXP_20260413_101441
51-4023.00,"Rolling Machine Setters, Operators, and Tenders, Metal and Plastic",Sound Localization,1.88,Abilities,51,7,two_level_random_sample,EXP_20260413_101441
51-4023.00,"Rolling Machine Setters, Operators, and Tenders, Metal and Plastic",Speech Recognition,3.12,Abilities,51,7,two_level_random_sample,EXP_20260413_101441
51-4023.00,"Rolling Machine Setters, Operators, and Tenders, Metal and Plastic",Speech Clarity,3.12,Abilities,51,7,two_level_random_sample,EXP_20260413_101441
51-5112.00,Printing Press Operators,Oral Comprehension,3.12,Abilities,51,7,two_level_random_sample,EXP_20260413_101441
51-5112.00,Printing Press Operators,Written Comprehension,3.12,Abilities,51,7,two_level_random_sample,EXP_20260413_101441
51-5112.00,Printing Press Operators,Oral Expression,3.12,Abilities,51,7,two_level_random_sample,EXP_20260413_101441
51-5112.00,Printing Press Operators,Written Expression,2.75,Abilities,51,7,two_level_random_sample,EXP_20260413_101441
51-5112.00,Printing Press Operators,Fluency of Ideas,2.62,Abilities,51,7,two_level_random_sample,EXP_20260413_101441
51-5112.00,Printing Press Operators,Originality,2.38,Abilities,51,7,two_level_random_sample,EXP_20260413_101441
51-5112.00,Printing Press Operators,Problem Sensitivity,3.38,Abilities,51,7,two_level_random_sample,EXP_20260413_101441
51-5112.00,Printing Press Operators,Deductive Reasoning,3.12,Abilities,51,7,two_level_random_sample,EXP_20260413_101441
51-5112.00,Printing Press Operators,Inductive Reasoning,3.0,Abilities,51,7,two_level_random_sample,EXP_20260413_101441
51-5112.00,Printing Press Operators,Information Ordering,3.12,Abilities,51,7,two_level_random_sample,EXP_20260413_101441
51-5112.00,Printing Press Operators,Category Flexibility,3.0,Abilities,51,7,two_level_random_sample,EXP_20260413_101441
51-5112.00,Printing Press Operators,Mathematical Reasoning,2.0,Abilities,51,7,two_level_random_sample,EXP_20260413_101441
51-5112.00,Printing Press Operators,Number Facility,2.0,Abilities,51,7,two_level_random_sample,EXP_20260413_101441
51-5112.00,Printing Press Operators,Memorization,2.12,Abilities,51,7,two_level_random_sample,EXP_20260413_101441
51-5112.00,Printing Press Operators,Speed of Closure,2.12,Abilities,51,7,two_level_random_sample,EXP_20260413_101441
51-5112.00,Printing Press Operators,Flexibility of Closure,3.0,Abilities,51,7,two_level_random_sample,EXP_20260413_101441
51-5112.00,Printing Press Operators,Perceptual Speed,3.0,Abilities,51,7,two_level_random_sample,EXP_20260413_101441
51-5112.00,Printing Press Operators,Spatial Orientation,1.38,Abilities,51,7,two_level_random_sample,EXP_20260413_101441
51-5112.00,Printing Press Operators,Visualization,3.12,Abilities,51,7,two_level_random_sample,EXP_20260413_101441
51-5112.00,Printing Press Operators,Selective Attention,3.12,Abilities,51,7,two_level_random_sample,EXP_20260413_101441
51-5112.00,Printing Press Operators,Time Sharing,2.5,Abilities,51,7,two_level_random_sample,EXP_20260413_101441
51-5112.00,Printing Press Operators,Arm-Hand Steadiness,3.25,Abilities,51,7,two_level_random_sample,EXP_20260413_101441
51-5112.00,Printing Press Operators,Manual Dexterity,3.25,Abilities,51,7,two_level_random_sample,EXP_20260413_101441
51-5112.00,Printing Press Operators,Finger Dexterity,3.12,Abilities,51,7,two_level_random_sample,EXP_20260413_101441
51-5112.00,Printing Press Operators,Control Precision,3.5,Abilities,51,7,two_level_random_sample,EXP_20260413_101441
51-5112.00,Printing Press Operators,Multilimb Coordination,3.12,Abilities,51,7,two_level_random_sample,EXP_20260413_101441
51-5112.00,Printing Press Operators,Response Orientation,2.5,Abilities,51,7,two_level_random_sample,EXP_20260413_101441
51-5112.00,Printing Press Operators,Rate Control,2.88,Abilities,51,7,two_level_random_sample,EXP_20260413_101441
51-5112.00,Printing Press Operators,Reaction Time,2.88,Abilities,51,7,two_level_random_sample,EXP_20260413_101441
51-5112.00,Printing Press Operators,Wrist-Finger Speed,2.25,Abilities,51,7,two_level_random_sample,EXP_20260413_101441
51-5112.00,Printing Press Operators,Speed of Limb Movement,1.88,Abilities,51,7,two_level_random_sample,EXP_20260413_101441
51-5112.00,Printing Press Operators,Static Strength,3.0,Abilities,51,7,two_level_random_sample,EXP_20260413_101441
51-5112.00,Printing Press Operators,Explosive Strength,1.38,Abilities,51,7,two_level_random_sample,EXP_20260413_101441
51-5112.00,Printing Press Operators,Dynamic Strength,1.88,Abilities,51,7,two_level_random_sample,EXP_20260413_101441
51-5112.00,Printing Press Operators,Trunk Strength,2.88,Abilities,51,7,two_level_random_sample,EXP_20260413_101441
51-5112.00,Printing Press Operators,Stamina,2.25,Abilities,51,7,two_level_random_sample,EXP_20260413_101441
51-5112.00,Printing Press Operators,Extent Flexibility,2.88,Abilities,51,7,two_level_random_sample,EXP_20260413_101441
51-5112.00,Printing Press Operators,Dynamic Flexibility,1.12,Abilities,51,7,two_level_random_sample,EXP_20260413_101441
51-5112.00,Printing Press Operators,Gross Body Coordination,2.0,Abilities,51,7,two_level_random_sample,EXP_20260413_101441
51-5112.00,Printing Press Operators,Gross Body Equilibrium,1.88,Abilities,51,7,two_level_random_sample,EXP_20260413_101441
51-5112.00,Printing Press Operators,Near Vision,4.0,Abilities,51,7,two_level_random_sample,EXP_20260413_101441
51-5112.00,Printing Press Operators,Far Vision,3.0,Abilities,51,7,two_level_random_sample,EXP_20260413_101441
51-5112.00,Printing Press Operators,Visual Color Discrimination,3.0,Abilities,51,7,two_level_random_sample,EXP_20260413_101441
51-5112.00,Printing Press Operators,Night Vision,1.0,Abilities,51,7,two_level_random_sample,EXP_20260413_101441
51-5112.00,Printing Press Operators,Peripheral Vision,1.25,Abilities,51,7,two_level_random_sample,EXP_20260413_101441
51-5112.00,Printing Press Operators,Depth Perception,2.5,Abilities,51,7,two_level_random_sample,EXP_20260413_101441
51-5112.00,Printing Press Operators,Glare Sensitivity,1.25,Abilities,51,7,two_level_random_sample,EXP_20260413_101441
51-5112.00,Printing Press Operators,Hearing Sensitivity,2.5,Abilities,51,7,two_level_random_sample,EXP_20260413_101441
51-5112.00,Printing Press Operators,Auditory Attention,2.62,Abilities,51,7,two_level_random_sample,EXP_20260413_101441
51-5112.00,Printing Press Operators,Sound Localization,1.25,Abilities,51,7,two_level_random_sample,EXP_20260413_101441
51-5112.00,Printing Press Operators,Speech Recognition,3.12,Abilities,51,7,two_level_random_sample,EXP_20260413_101441
51-5112.00,Printing Press Operators,Speech Clarity,3.12,Abilities,51,7,two_level_random_sample,EXP_20260413_101441
51-6061.00,Textile Bleaching and Dyeing Machine Operators and Tenders,Oral Comprehension,3.12,Abilities,51,7,two_level_random_sample,EXP_20260413_101441
51-6061.00,Textile Bleaching and Dyeing Machine Operators and Tenders,Written Comprehension,2.75,Abilities,51,7,two_level_random_sample,EXP_20260413_101441
51-6061.00,Textile Bleaching and Dyeing Machine Operators and Tenders,Oral Expression,3.0,Abilities,51,7,two_level_random_sample,EXP_20260413_101441
51-6061.00,Textile Bleaching and Dyeing Machine Operators and Tenders,Written Expression,2.5,Abilities,51,7,two_level_random_sample,EXP_20260413_101441
51-6061.00,Textile Bleaching and Dyeing Machine Operators and Tenders,Fluency of Ideas,2.5,Abilities,51,7,two_level_random_sample,EXP_20260413_101441
51-6061.00,Textile Bleaching and Dyeing Machine Operators and Tenders,Originality,2.38,Abilities,51,7,two_level_random_sample,EXP_20260413_101441
51-6061.00,Textile Bleaching and Dyeing Machine Operators and Tenders,Problem Sensitivity,3.0,Abilities,51,7,two_level_random_sample,EXP_20260413_101441
51-6061.00,Textile Bleaching and Dyeing Machine Operators and Tenders,Deductive Reasoning,3.12,Abilities,51,7,two_level_random_sample,EXP_20260413_101441
51-6061.00,Textile Bleaching and Dyeing Machine Operators and Tenders,Inductive Reasoning,3.0,Abilities,51,7,two_level_random_sample,EXP_20260413_101441
51-6061.00,Textile Bleaching and Dyeing Machine Operators and Tenders,Information Ordering,3.12,Abilities,51,7,two_level_random_sample,EXP_20260413_101441
51-6061.00,Textile Bleaching and Dyeing Machine Operators and Tenders,Category Flexibility,3.0,Abilities,51,7,two_level_random_sample,EXP_20260413_101441
51-6061.00,Textile Bleaching and Dyeing Machine Operators and Tenders,Mathematical Reasoning,2.38,Abilities,51,7,two_level_random_sample,EXP_20260413_101441
51-6061.00,Textile Bleaching and Dyeing Machine Operators and Tenders,Number Facility,2.5,Abilities,51,7,two_level_random_sample,EXP_20260413_101441
51-6061.00,Textile Bleaching and Dyeing Machine Operators and Tenders,Memorization,2.0,Abilities,51,7,two_level_random_sample,EXP_20260413_101441
51-6061.00,Textile Bleaching and Dyeing Machine Operators and Tenders,Speed of Closure,2.5,Abilities,51,7,two_level_random_sample,EXP_20260413_101441
51-6061.00,Textile Bleaching and Dyeing Machine Operators and Tenders,Flexibility of Closure,3.0,Abilities,51,7,two_level_random_sample,EXP_20260413_101441
51-6061.00,Textile Bleaching and Dyeing Machine Operators and Tenders,Perceptual Speed,3.12,Abilities,51,7,two_level_random_sample,EXP_20260413_101441
51-6061.00,Textile Bleaching and Dyeing Machine Operators and Tenders,Spatial Orientation,1.88,Abilities,51,7,two_level_random_sample,EXP_20260413_101441
51-6061.00,Textile Bleaching and Dyeing Machine Operators and Tenders,Visualization,3.0,Abilities,51,7,two_level_random_sample,EXP_20260413_101441
51-6061.00,Textile Bleaching and Dyeing Machine Operators and Tenders,Selective Attention,3.12,Abilities,51,7,two_level_random_sample,EXP_20260413_101441
51-6061.00,Textile Bleaching and Dyeing Machine Operators and Tenders,Time Sharing,2.5,Abilities,51,7,two_level_random_sample,EXP_20260413_101441
51-6061.00,Textile Bleaching and Dyeing Machine Operators and Tenders,Arm-Hand Steadiness,3.62,Abilities,51,7,two_level_random_sample,EXP_20260413_101441
51-6061.00,Textile Bleaching and Dyeing Machine Operators and Tenders,Manual Dexterity,3.25,Abilities,51,7,two_level_random_sample,EXP_20260413_101441
51-6061.00,Textile Bleaching and Dyeing Machine Operators and Tenders,Finger Dexterity,3.12,Abilities,51,7,two_level_random_sample,EXP_20260413_101441
51-6061.00,Textile Bleaching and Dyeing Machine Operators and Tenders,Control Precision,3.62,Abilities,51,7,two_level_random_sample,EXP_20260413_101441
51-6061.00,Textile Bleaching and Dyeing Machine Operators and Tenders,Multilimb Coordination,2.88,Abilities,51,7,two_level_random_sample,EXP_20260413_101441
51-6061.00,Textile Bleaching and Dyeing Machine Operators and Tenders,Response Orientation,2.25,Abilities,51,7,two_level_random_sample,EXP_20260413_101441
51-6061.00,Textile Bleaching and Dyeing Machine Operators and Tenders,Rate Control,3.12,Abilities,51,7,two_level_random_sample,EXP_20260413_101441
51-6061.00,Textile Bleaching and Dyeing Machine Operators and Tenders,Reaction Time,3.0,Abilities,51,7,two_level_random_sample,EXP_20260413_101441
51-6061.00,Textile Bleaching and Dyeing Machine Operators and Tenders,Wrist-Finger Speed,2.62,Abilities,51,7,two_level_random_sample,EXP_20260413_101441
51-6061.00,Textile Bleaching and Dyeing Machine Operators and Tenders,Speed of Limb Movement,2.12,Abilities,51,7,two_level_random_sample,EXP_20260413_101441
51-6061.00,Textile Bleaching and Dyeing Machine Operators and Tenders,Static Strength,3.0,Abilities,51,7,two_level_random_sample,EXP_20260413_101441
51-6061.00,Textile Bleaching and Dyeing Machine Operators and Tenders,Explosive Strength,1.62,Abilities,51,7,two_level_random_sample,EXP_20260413_101441
51-6061.00,Textile Bleaching and Dyeing Machine Operators and Tenders,Dynamic Strength,2.25,Abilities,51,7,two_level_random_sample,EXP_20260413_101441
51-6061.00,Textile Bleaching and Dyeing Machine Operators and Tenders,Trunk Strength,3.0,Abilities,51,7,two_level_random_sample,EXP_20260413_101441
51-6061.00,Textile Bleaching and Dyeing Machine Operators and Tenders,Stamina,2.5,Abilities,51,7,two_level_random_sample,EXP_20260413_101441
51-6061.00,Textile Bleaching and Dyeing Machine Operators and Tenders,Extent Flexibility,2.5,Abilities,51,7,two_level_random_sample,EXP_20260413_101441
51-6061.00,Textile Bleaching and Dyeing Machine Operators and Tenders,Dynamic Flexibility,1.25,Abilities,51,7,two_level_random_sample,EXP_20260413_101441
51-6061.00,Textile Bleaching and Dyeing Machine Operators and Tenders,Gross Body Coordination,2.12,Abilities,51,7,two_level_random_sample,EXP_20260413_101441
51-6061.00,Textile Bleaching and Dyeing Machine Operators and Tenders,Gross Body Equilibrium,2.0,Abilities,51,7,two_level_random_sample,EXP_20260413_101441
51-6061.00,Textile Bleaching and Dyeing Machine Operators and Tenders,Near Vision,3.38,Abilities,51,7,two_level_random_sample,EXP_20260413_101441
51-6061.00,Textile Bleaching and Dyeing Machine Operators and Tenders,Far Vision,3.0,Abilities,51,7,two_level_random_sample,EXP_20260413_101441
51-6061.00,Textile Bleaching and Dyeing Machine Operators and Tenders,Visual Color Discrimination,3.25,Abilities,51,7,two_level_random_sample,EXP_20260413_101441
51-6061.00,Textile Bleaching and Dyeing Machine Operators and Tenders,Night Vision,1.62,Abilities,51,7,two_level_random_sample,EXP_20260413_101441
51-6061.00,Textile Bleaching and Dyeing Machine Operators and Tenders,Peripheral Vision,1.62,Abilities,51,7,two_level_random_sample,EXP_20260413_101441
51-6061.00,Textile Bleaching and Dyeing Machine Operators and Tenders,Depth Perception,2.25,Abilities,51,7,two_level_random_sample,EXP_20260413_101441
51-6061.00,Textile Bleaching and Dyeing Machine Operators and Tenders,Glare Sensitivity,1.5,Abilities,51,7,two_level_random_sample,EXP_20260413_101441
51-6061.00,Textile Bleaching and Dyeing Machine Operators and Tenders,Hearing Sensitivity,2.38,Abilities,51,7,two_level_random_sample,EXP_20260413_101441
51-6061.00,Textile Bleaching and Dyeing Machine Operators and Tenders,Auditory Attention,2.62,Abilities,51,7,two_level_random_sample,EXP_20260413_101441
51-6061.00,Textile Bleaching and Dyeing Machine Operators and Tenders,Sound Localization,1.62,Abilities,51,7,two_level_random_sample,EXP_20260413_101441
51-6061.00,Textile Bleaching and Dyeing Machine Operators and Tenders,Speech Recognition,3.0,Abilities,51,7,two_level_random_sample,EXP_20260413_101441
51-6061.00,Textile Bleaching and Dyeing Machine Operators and Tenders,Speech Clarity,2.75,Abilities,51,7,two_level_random_sample,EXP_20260413_101441
51-8091.00,Chemical Plant and System Operators,Oral Comprehension,3.62,Abilities,51,7,two_level_random_sample,EXP_20260413_101441
51-8091.00,Chemical Plant and System Operators,Written Comprehension,3.25,Abilities,51,7,two_level_random_sample,EXP_20260413_101441
51-8091.00,Chemical Plant and System Operators,Oral Expression,3.62,Abilities,51,7,two_level_random_sample,EXP_20260413_101441
51-8091.00,Chemical Plant and System Operators,Written Expression,3.12,Abilities,51,7,two_level_random_sample,EXP_20260413_101441
51-8091.00,Chemical Plant and System Operators,Fluency of Ideas,2.38,Abilities,51,7,two_level_random_sample,EXP_20260413_101441
51-8091.00,Chemical Plant and System Operators,Originality,2.12,Abilities,51,7,two_level_random_sample,EXP_20260413_101441
51-8091.00,Chemical Plant and System Operators,Problem Sensitivity,3.75,Abilities,51,7,two_level_random_sample,EXP_20260413_101441
51-8091.00,Chemical Plant and System Operators,Deductive Reasoning,3.62,Abilities,51,7,two_level_random_sample,EXP_20260413_101441
51-8091.00,Chemical Plant and System Operators,Inductive Reasoning,3.12,Abilities,51,7,two_level_random_sample,EXP_20260413_101441
51-8091.00,Chemical Plant and System Operators,Information Ordering,3.5,Abilities,51,7,two_level_random_sample,EXP_20260413_101441
51-8091.00,Chemical Plant and System Operators,Category Flexibility,3.0,Abilities,51,7,two_level_random_sample,EXP_20260413_101441
51-8091.00,Chemical Plant and System Operators,Mathematical Reasoning,2.75,Abilities,51,7,two_level_random_sample,EXP_20260413_101441
51-8091.00,Chemical Plant and System Operators,Number Facility,2.88,Abilities,51,7,two_level_random_sample,EXP_20260413_101441
51-8091.00,Chemical Plant and System Operators,Memorization,2.62,Abilities,51,7,two_level_random_sample,EXP_20260413_101441
51-8091.00,Chemical Plant and System Operators,Speed of Closure,2.88,Abilities,51,7,two_level_random_sample,EXP_20260413_101441
51-8091.00,Chemical Plant and System Operators,Flexibility of Closure,3.12,Abilities,51,7,two_level_random_sample,EXP_20260413_101441
51-8091.00,Chemical Plant and System Operators,Perceptual Speed,3.5,Abilities,51,7,two_level_random_sample,EXP_20260413_101441
51-8091.00,Chemical Plant and System Operators,Spatial Orientation,1.62,Abilities,51,7,two_level_random_sample,EXP_20260413_101441
51-8091.00,Chemical Plant and System Operators,Visualization,2.75,Abilities,51,7,two_level_random_sample,EXP_20260413_101441
51-8091.00,Chemical Plant and System Operators,Selective Attention,3.75,Abilities,51,7,two_level_random_sample,EXP_20260413_101441
51-8091.00,Chemical Plant and System Operators,Time Sharing,2.88,Abilities,51,7,two_level_random_sample,EXP_20260413_101441
51-8091.00,Chemical Plant and System Operators,Arm-Hand Steadiness,3.38,Abilities,51,7,two_level_random_sample,EXP_20260413_101441
51-8091.00,Chemical Plant and System Operators,Manual Dexterity,3.12,Abilities,51,7,two_level_random_sample,EXP_20260413_101441
51-8091.00,Chemical Plant and System Operators,Finger Dexterity,3.0,Abilities,51,7,two_level_random_sample,EXP_20260413_101441
51-8091.00,Chemical Plant and System Operators,Control Precision,3.5,Abilities,51,7,two_level_random_sample,EXP_20260413_101441
51-8091.00,Chemical Plant and System Operators,Multilimb Coordination,2.88,Abilities,51,7,two_level_random_sample,EXP_20260413_101441
51-8091.00,Chemical Plant and System Operators,Response Orientation,2.38,Abilities,51,7,two_level_random_sample,EXP_20260413_101441
51-8091.00,Chemical Plant and System Operators,Rate Control,2.88,Abilities,51,7,two_level_random_sample,EXP_20260413_101441
51-8091.00,Chemical Plant and System Operators,Reaction Time,3.25,Abilities,51,7,two_level_random_sample,EXP_20260413_101441
51-8091.00,Chemical Plant and System Operators,Wrist-Finger Speed,2.75,Abilities,51,7,two_level_random_sample,EXP_20260413_101441
51-8091.00,Chemical Plant and System Operators,Speed of Limb Movement,1.88,Abilities,51,7,two_level_random_sample,EXP_20260413_101441
51-8091.00,Chemical Plant and System Operators,Static Strength,2.62,Abilities,51,7,two_level_random_sample,EXP_20260413_101441
51-8091.00,Chemical Plant and System Operators,Explosive Strength,1.5,Abilities,51,7,two_level_random_sample,EXP_20260413_101441
51-8091.00,Chemical Plant and System Operators,Dynamic Strength,2.0,Abilities,51,7,two_level_random_sample,EXP_20260413_101441
51-8091.00,Chemical Plant and System Operators,Trunk Strength,2.75,Abilities,51,7,two_level_random_sample,EXP_20260413_101441
51-8091.00,Chemical Plant and System Operators,Stamina,2.38,Abilities,51,7,two_level_random_sample,EXP_20260413_101441
51-8091.00,Chemical Plant and System Operators,Extent Flexibility,2.62,Abilities,51,7,two_level_random_sample,EXP_20260413_101441
51-8091.00,Chemical Plant and System Operators,Dynamic Flexibility,1.0,Abilities,51,7,two_level_random_sample,EXP_20260413_101441
51-8091.00,Chemical Plant and System Operators,Gross Body Coordination,2.12,Abilities,51,7,two_level_random_sample,EXP_20260413_101441
51-8091.00,Chemical Plant and System Operators,Gross Body Equilibrium,2.5,Abilities,51,7,two_level_random_sample,EXP_20260413_101441
51-8091.00,Chemical Plant and System Operators,Near Vision,3.75,Abilities,51,7,two_level_random_sample,EXP_20260413_101441
51-8091.00,Chemical Plant and System Operators,Far Vision,3.5,Abilities,51,7,two_level_random_sample,EXP_20260413_101441
51-8091.00,Chemical Plant and System Operators,Visual Color Discrimination,3.12,Abilities,51,7,two_level_random_sample,EXP_20260413_101441
51-8091.00,Chemical Plant and System Operators,Night Vision,1.38,Abilities,51,7,two_level_random_sample,EXP_20260413_101441
51-8091.00,Chemical Plant and System Operators,Peripheral Vision,1.5,Abilities,51,7,two_level_random_sample,EXP_20260413_101441
51-8091.00,Chemical Plant and System Operators,Depth Perception,2.5,Abilities,51,7,two_level_random_sample,EXP_20260413_101441
51-8091.00,Chemical Plant and System Operators,Glare Sensitivity,2.0,Abilities,51,7,two_level_random_sample,EXP_20260413_101441
51-8091.00,Chemical Plant and System Operators,Hearing Sensitivity,3.38,Abilities,51,7,two_level_random_sample,EXP_20260413_101441
51-8091.00,Chemical Plant and System Operators,Auditory Attention,3.25,Abilities,51,7,two_level_random_sample,EXP_20260413_101441
51-8091.00,Chemical Plant and System Operators,Sound Localization,1.5,Abilities,51,7,two_level_random_sample,EXP_20260413_101441
51-8091.00,Chemical Plant and System Operators,Speech Recognition,3.12,Abilities,51,7,two_level_random_sample,EXP_20260413_101441
51-8091.00,Chemical Plant and System Operators,Speech Clarity,3.12,Abilities,51,7,two_level_random_sample,EXP_20260413_101441
51-9081.00,Dental Laboratory Technicians,Oral Comprehension,3.12,Abilities,51,7,two_level_random_sample,EXP_20260413_101441
51-9081.00,Dental Laboratory Technicians,Written Comprehension,3.25,Abilities,51,7,two_level_random_sample,EXP_20260413_101441
51-9081.00,Dental Laboratory Technicians,Oral Expression,3.0,Abilities,51,7,two_level_random_sample,EXP_20260413_101441
51-9081.00,Dental Laboratory Technicians,Written Expression,2.75,Abilities,51,7,two_level_random_sample,EXP_20260413_101441
51-9081.00,Dental Laboratory Technicians,Fluency of Ideas,2.88,Abilities,51,7,two_level_random_sample,EXP_20260413_101441
51-9081.00,Dental Laboratory Technicians,Originality,2.62,Abilities,51,7,two_level_random_sample,EXP_20260413_101441
51-9081.00,Dental Laboratory Technicians,Problem Sensitivity,3.38,Abilities,51,7,two_level_random_sample,EXP_20260413_101441
51-9081.00,Dental Laboratory Technicians,Deductive Reasoning,3.38,Abilities,51,7,two_level_random_sample,EXP_20260413_101441
51-9081.00,Dental Laboratory Technicians,Inductive Reasoning,3.0,Abilities,51,7,two_level_random_sample,EXP_20260413_101441
51-9081.00,Dental Laboratory Technicians,Information Ordering,3.38,Abilities,51,7,two_level_random_sample,EXP_20260413_101441
51-9081.00,Dental Laboratory Technicians,Category Flexibility,3.12,Abilities,51,7,two_level_random_sample,EXP_20260413_101441
51-9081.00,Dental Laboratory Technicians,Mathematical Reasoning,2.0,Abilities,51,7,two_level_random_sample,EXP_20260413_101441
51-9081.00,Dental Laboratory Technicians,Number Facility,2.0,Abilities,51,7,two_level_random_sample,EXP_20260413_101441
51-9081.00,Dental Laboratory Technicians,Memorization,2.12,Abilities,51,7,two_level_random_sample,EXP_20260413_101441
51-9081.00,Dental Laboratory Technicians,Speed of Closure,2.25,Abilities,51,7,two_level_random_sample,EXP_20260413_101441
51-9081.00,Dental Laboratory Technicians,Flexibility of Closure,3.0,Abilities,51,7,two_level_random_sample,EXP_20260413_101441
51-9081.00,Dental Laboratory Technicians,Perceptual Speed,3.0,Abilities,51,7,two_level_random_sample,EXP_20260413_101441
51-9081.00,Dental Laboratory Technicians,Spatial Orientation,1.88,Abilities,51,7,two_level_random_sample,EXP_20260413_101441
51-9081.00,Dental Laboratory Technicians,Visualization,3.62,Abilities,51,7,two_level_random_sample,EXP_20260413_101441
51-9081.00,Dental Laboratory Technicians,Selective Attention,3.25,Abilities,51,7,two_level_random_sample,EXP_20260413_101441
51-9081.00,Dental Laboratory Technicians,Time Sharing,2.38,Abilities,51,7,two_level_random_sample,EXP_20260413_101441
51-9081.00,Dental Laboratory Technicians,Arm-Hand Steadiness,3.88,Abilities,51,7,two_level_random_sample,EXP_20260413_101441
51-9081.00,Dental Laboratory Technicians,Manual Dexterity,3.25,Abilities,51,7,two_level_random_sample,EXP_20260413_101441
51-9081.00,Dental Laboratory Technicians,Finger Dexterity,4.0,Abilities,51,7,two_level_random_sample,EXP_20260413_101441
51-9081.00,Dental Laboratory Technicians,Control Precision,3.88,Abilities,51,7,two_level_random_sample,EXP_20260413_101441
51-9081.00,Dental Laboratory Technicians,Multilimb Coordination,2.75,Abilities,51,7,two_level_random_sample,EXP_20260413_101441
51-9081.00,Dental Laboratory Technicians,Response Orientation,1.88,Abilities,51,7,two_level_random_sample,EXP_20260413_101441
51-9081.00,Dental Laboratory Technicians,Rate Control,2.12,Abilities,51,7,two_level_random_sample,EXP_20260413_101441
51-9081.00,Dental Laboratory Technicians,Reaction Time,2.38,Abilities,51,7,two_level_random_sample,EXP_20260413_101441
51-9081.00,Dental Laboratory Technicians,Wrist-Finger Speed,2.12,Abilities,51,7,two_level_random_sample,EXP_20260413_101441
51-9081.00,Dental Laboratory Technicians,Speed of Limb Movement,1.0,Abilities,51,7,two_level_random_sample,EXP_20260413_101441
51-9081.00,Dental Laboratory Technicians,Static Strength,2.0,Abilities,51,7,two_level_random_sample,EXP_20260413_101441
51-9081.00,Dental Laboratory Technicians,Explosive Strength,1.38,Abilities,51,7,two_level_random_sample,EXP_20260413_101441
51-9081.00,Dental Laboratory Technicians,Dynamic Strength,1.5,Abilities,51,7,two_level_random_sample,EXP_20260413_101441
51-9081.00,Dental Laboratory Technicians,Trunk Strength,2.12,Abilities,51,7,two_level_random_sample,EXP_20260413_101441
51-9081.00,Dental Laboratory Technicians,Stamina,1.0,Abilities,51,7,two_level_random_sample,EXP_20260413_101441
51-9081.00,Dental Laboratory Technicians,Extent Flexibility,1.62,Abilities,51,7,two_level_random_sample,EXP_20260413_101441
51-9081.00,Dental Laboratory Technicians,Dynamic Flexibility,1.0,Abilities,51,7,two_level_random_sample,EXP_20260413_101441
51-9081.00,Dental Laboratory Technicians,Gross Body Coordination,1.0,Abilities,51,7,two_level_random_sample,EXP_20260413_101441
51-9081.00,Dental Laboratory Technicians,Gross Body Equilibrium,1.0,Abilities,51,7,two_level_random_sample,EXP_20260413_101441
51-9081.00,Dental Laboratory Technicians,Near Vision,4.0,Abilities,51,7,two_level_random_sample,EXP_20260413_101441
51-9081.00,Dental Laboratory Technicians,Far Vision,2.75,Abilities,51,7,two_level_random_sample,EXP_20260413_101441
51-9081.00,Dental Laboratory Technicians,Visual Color Discrimination,3.0,Abilities,51,7,two_level_random_sample,EXP_20260413_101441
51-9081.00,Dental Laboratory Technicians,Night Vision,1.38,Abilities,51,7,two_level_random_sample,EXP_20260413_101441
51-9081.00,Dental Laboratory Technicians,Peripheral Vision,1.38,Abilities,51,7,two_level_random_sample,EXP_20260413_101441
51-9081.00,Dental Laboratory Technicians,Depth Perception,2.12,Abilities,51,7,two_level_random_sample,EXP_20260413_101441
51-9081.00,Dental Laboratory Technicians,Glare Sensitivity,1.38,Abilities,51,7,two_level_random_sample,EXP_20260413_101441
51-9081.00,Dental Laboratory Technicians,Hearing Sensitivity,2.75,Abilities,51,7,two_level_random_sample,EXP_20260413_101441
51-9081.00,Dental Laboratory Technicians,Auditory Attention,2.62,Abilities,51,7,two_level_random_sample,EXP_20260413_101441
51-9081.00,Dental Laboratory Technicians,Sound Localization,1.38,Abilities,51,7,two_level_random_sample,EXP_20260413_101441
51-9081.00,Dental Laboratory Technicians,Speech Recognition,3.12,Abilities,51,7,two_level_random_sample,EXP_20260413_101441
51-9081.00,Dental Laboratory Technicians,Speech Clarity,3.12,Abilities,51,7,two_level_random_sample,EXP_20260413_101441
13-1023.00,"Purchasing Agents, Except Wholesale, Retail, and Farm Products",Reading Comprehension,4.12,Skills,13,7,two_level_random_sample,EXP_20260413_101441
13-1023.00,"Purchasing Agents, Except Wholesale, Retail, and Farm Products",Active Listening,4.0,Skills,13,7,two_level_random_sample,EXP_20260413_101441
13-1023.00,"Purchasing Agents, Except Wholesale, Retail, and Farm Products",Writing,4.0,Skills,13,7,two_level_random_sample,EXP_20260413_101441
13-1023.00,"Purchasing Agents, Except Wholesale, Retail, and Farm Products",Speaking,4.0,Skills,13,7,two_level_random_sample,EXP_20260413_101441
13-1023.00,"Purchasing Agents, Except Wholesale, Retail, and Farm Products",Mathematics,3.0,Skills,13,7,two_level_random_sample,EXP_20260413_101441
13-1023.00,"Purchasing Agents, Except Wholesale, Retail, and Farm Products",Science,1.12,Skills,13,7,two_level_random_sample,EXP_20260413_101441
13-1023.00,"Purchasing Agents, Except Wholesale, Retail, and Farm Products",Critical Thinking,3.88,Skills,13,7,two_level_random_sample,EXP_20260413_101441
13-1023.00,"Purchasing Agents, Except Wholesale, Retail, and Farm Products",Active Learning,3.88,Skills,13,7,two_level_random_sample,EXP_20260413_101441
13-1023.00,"Purchasing Agents, Except Wholesale, Retail, and Farm Products",Learning Strategies,3.0,Skills,13,7,two_level_random_sample,EXP_20260413_101441
13-1023.00,"Purchasing Agents, Except Wholesale, Retail, and Farm Products",Monitoring,3.75,Skills,13,7,two_level_random_sample,EXP_20260413_101441
13-1023.00,"Purchasing Agents, Except Wholesale, Retail, and Farm Products",Social Perceptiveness,3.25,Skills,13,7,two_level_random_sample,EXP_20260413_101441
13-1023.00,"Purchasing Agents, Except Wholesale, Retail, and Farm Products",Coordination,3.0,Skills,13,7,two_level_random_sample,EXP_20260413_101441
13-1023.00,"Purchasing Agents, Except Wholesale, Retail, and Farm Products",Persuasion,3.75,Skills,13,7,two_level_random_sample,EXP_20260413_101441
13-1023.00,"Purchasing Agents, Except Wholesale, Retail, and Farm Products",Negotiation,4.25,Skills,13,7,two_level_random_sample,EXP_20260413_101441
13-1023.00,"Purchasing Agents, Except Wholesale, Retail, and Farm Products",Instructing,3.25,Skills,13,7,two_level_random_sample,EXP_20260413_101441
13-1023.00,"Purchasing Agents, Except Wholesale, Retail, and Farm Products",Service Orientation,3.12,Skills,13,7,two_level_random_sample,EXP_20260413_101441
13-1023.00,"Purchasing Agents, Except Wholesale, Retail, and Farm Products",Complex Problem Solving,4.0,Skills,13,7,two_level_random_sample,EXP_20260413_101441
13-1023.00,"Purchasing Agents, Except Wholesale, Retail, and Farm Products",Operations Analysis,2.5,Skills,13,7,two_level_random_sample,EXP_20260413_101441
13-1023.00,"Purchasing Agents, Except Wholesale, Retail, and Farm Products",Technology Design,1.75,Skills,13,7,two_level_random_sample,EXP_20260413_101441
13-1023.00,"Purchasing Agents, Except Wholesale, Retail, and Farm Products",Equipment Selection,1.0,Skills,13,7,two_level_random_sample,EXP_20260413_101441
13-1023.00,"Purchasing Agents, Except Wholesale, Retail, and Farm Products",Installation,1.0,Skills,13,7,two_level_random_sample,EXP_20260413_101441
13-1023.00,"Purchasing Agents, Except Wholesale, Retail, and Farm Products",Programming,1.5,Skills,13,7,two_level_random_sample,EXP_20260413_101441
13-1023.00,"Purchasing Agents, Except Wholesale, Retail, and Farm Products",Operations Monitoring,2.0,Skills,13,7,two_level_random_sample,EXP_20260413_101441
13-1023.00,"Purchasing Agents, Except Wholesale, Retail, and Farm Products",Operation and Control,1.0,Skills,13,7,two_level_random_sample,EXP_20260413_101441
13-1023.00,"Purchasing Agents, Except Wholesale, Retail, and Farm Products",Equipment Maintenance,1.0,Skills,13,7,two_level_random_sample,EXP_20260413_101441
13-1023.00,"Purchasing Agents, Except Wholesale, Retail, and Farm Products",Troubleshooting,1.62,Skills,13,7,two_level_random_sample,EXP_20260413_101441
13-1023.00,"Purchasing Agents, Except Wholesale, Retail, and Farm Products",Repairing,1.0,Skills,13,7,two_level_random_sample,EXP_20260413_101441
13-1023.00,"Purchasing Agents, Except Wholesale, Retail, and Farm Products",Quality Control Analysis,2.38,Skills,13,7,two_level_random_sample,EXP_20260413_101441
13-1023.00,"Purchasing Agents, Except Wholesale, Retail, and Farm Products",Judgment and Decision Making,3.88,Skills,13,7,two_level_random_sample,EXP_20260413_101441
13-1023.00,"Purchasing Agents, Except Wholesale, Retail, and Farm Products",Systems Analysis,2.88,Skills,13,7,two_level_random_sample,EXP_20260413_101441
13-1023.00,"Purchasing Agents, Except Wholesale, Retail, and Farm Products",Systems Evaluation,3.0,Skills,13,7,two_level_random_sample,EXP_20260413_101441
13-1023.00,"Purchasing Agents, Except Wholesale, Retail, and Farm Products",Time Management,3.25,Skills,13,7,two_level_random_sample,EXP_20260413_101441
13-1023.00,"Purchasing Agents, Except Wholesale, Retail, and Farm Products",Management of Financial Resources,3.75,Skills,13,7,two_level_random_sample,EXP_20260413_101441
13-1023.00,"Purchasing Agents, Except Wholesale, Retail, and Farm Products",Management of Material Resources,3.25,Skills,13,7,two_level_random_sample,EXP_20260413_101441
13-1023.00,"Purchasing Agents, Except Wholesale, Retail, and Farm Products",Management of Personnel Resources,3.12,Skills,13,7,two_level_random_sample,EXP_20260413_101441
13-1031.00,"Claims Adjusters, Examiners, and Investigators",Reading Comprehension,4.12,Skills,13,7,two_level_random_sample,EXP_20260413_101441
13-1031.00,"Claims Adjusters, Examiners, and Investigators",Active Listening,4.0,Skills,13,7,two_level_random_sample,EXP_20260413_101441
13-1031.00,"Claims Adjusters, Examiners, and Investigators",Writing,3.62,Skills,13,7,two_level_random_sample,EXP_20260413_101441
13-1031.00,"Claims Adjusters, Examiners, and Investigators",Speaking,3.88,Skills,13,7,two_level_random_sample,EXP_20260413_101441
13-1031.00,"Claims Adjusters, Examiners, and Investigators",Mathematics,2.88,Skills,13,7,two_level_random_sample,EXP_20260413_101441
13-1031.00,"Claims Adjusters, Examiners, and Investigators",Science,1.38,Skills,13,7,two_level_random_sample,EXP_20260413_101441
13-1031.00,"Claims Adjusters, Examiners, and Investigators",Critical Thinking,4.0,Skills,13,7,two_level_random_sample,EXP_20260413_101441
13-1031.00,"Claims Adjusters, Examiners, and Investigators",Active Learning,3.25,Skills,13,7,two_level_random_sample,EXP_20260413_101441
13-1031.00,"Claims Adjusters, Examiners, and Investigators",Learning Strategies,2.5,Skills,13,7,two_level_random_sample,EXP_20260413_101441
13-1031.00,"Claims Adjusters, Examiners, and Investigators",Monitoring,3.38,Skills,13,7,two_level_random_sample,EXP_20260413_101441
13-1031.00,"Claims Adjusters, Examiners, and Investigators",Social Perceptiveness,3.38,Skills,13,7,two_level_random_sample,EXP_20260413_101441
13-1031.00,"Claims Adjusters, Examiners, and Investigators",Coordination,3.25,Skills,13,7,two_level_random_sample,EXP_20260413_101441
13-1031.00,"Claims Adjusters, Examiners, and Investigators",Persuasion,2.88,Skills,13,7,two_level_random_sample,EXP_20260413_101441
13-1031.00,"Claims Adjusters, Examiners, and Investigators",Negotiation,3.12,Skills,13,7,two_level_random_sample,EXP_20260413_101441
13-1031.00,"Claims Adjusters, Examiners, and Investigators",Instructing,2.5,Skills,13,7,two_level_random_sample,EXP_20260413_101441
13-1031.00,"Claims Adjusters, Examiners, and Investigators",Service Orientation,3.12,Skills,13,7,two_level_random_sample,EXP_20260413_101441
13-1031.00,"Claims Adjusters, Examiners, and Investigators",Complex Problem Solving,3.5,Skills,13,7,two_level_random_sample,EXP_20260413_101441
13-1031.00,"Claims Adjusters, Examiners, and Investigators",Operations Analysis,1.5,Skills,13,7,two_level_random_sample,EXP_20260413_101441
13-1031.00,"Claims Adjusters, Examiners, and Investigators",Technology Design,1.75,Skills,13,7,two_level_random_sample,EXP_20260413_101441
13-1031.00,"Claims Adjusters, Examiners, and Investigators",Equipment Selection,1.12,Skills,13,7,two_level_random_sample,EXP_20260413_101441
13-1031.00,"Claims Adjusters, Examiners, and Investigators",Installation,1.0,Skills,13,7,two_level_random_sample,EXP_20260413_101441
13-1031.00,"Claims Adjusters, Examiners, and Investigators",Programming,2.12,Skills,13,7,two_level_random_sample,EXP_20260413_101441
13-1031.00,"Claims Adjusters, Examiners, and Investigators",Operations Monitoring,1.88,Skills,13,7,two_level_random_sample,EXP_20260413_101441
13-1031.00,"Claims Adjusters, Examiners, and Investigators",Operation and Control,1.12,Skills,13,7,two_level_random_sample,EXP_20260413_101441
13-1031.00,"Claims Adjusters, Examiners, and Investigators",Equipment Maintenance,1.0,Skills,13,7,two_level_random_sample,EXP_20260413_101441
13-1031.00,"Claims Adjusters, Examiners, and Investigators",Troubleshooting,1.62,Skills,13,7,two_level_random_sample,EXP_20260413_101441
13-1031.00,"Claims Adjusters, Examiners, and Investigators",Repairing,1.0,Skills,13,7,two_level_random_sample,EXP_20260413_101441
13-1031.00,"Claims Adjusters, Examiners, and Investigators",Quality Control Analysis,2.62,Skills,13,7,two_level_random_sample,EXP_20260413_101441
13-1031.00,"Claims Adjusters, Examiners, and Investigators",Judgment and Decision Making,3.75,Skills,13,7,two_level_random_sample,EXP_20260413_101441
13-1031.00,"Claims Adjusters, Examiners, and Investigators",Systems Analysis,3.0,Skills,13,7,two_level_random_sample,EXP_20260413_101441
13-1031.00,"Claims Adjusters, Examiners, and Investigators",Systems Evaluation,2.88,Skills,13,7,two_level_random_sample,EXP_20260413_101441
13-1031.00,"Claims Adjusters, Examiners, and Investigators",Time Management,3.0,Skills,13,7,two_level_random_sample,EXP_20260413_101441
13-1031.00,"Claims Adjusters, Examiners, and Investigators",Management of Financial Resources,2.12,Skills,13,7,two_level_random_sample,EXP_20260413_101441
13-1031.00,"Claims Adjusters, Examiners, and Investigators",Management of Material Resources,1.75,Skills,13,7,two_level_random_sample,EXP_20260413_101441
13-1031.00,"Claims Adjusters, Examiners, and Investigators",Management of Personnel Resources,2.75,Skills,13,7,two_level_random_sample,EXP_20260413_101441
13-1041.00,Compliance Officers,Reading Comprehension,4.0,Skills,13,7,two_level_random_sample,EXP_20260413_101441
13-1041.00,Compliance Officers,Active Listening,3.75,Skills,13,7,two_level_random_sample,EXP_20260413_101441
13-1041.00,Compliance Officers,Writing,3.75,Skills,13,7,two_level_random_sample,EXP_20260413_101441
13-1041.00,Compliance Officers,Speaking,3.88,Skills,13,7,two_level_random_sample,EXP_20260413_101441
13-1041.00,Compliance Officers,Mathematics,2.12,Skills,13,7,two_level_random_sample,EXP_20260413_101441
13-1041.00,Compliance Officers,Science,1.0,Skills,13,7,two_level_random_sample,EXP_20260413_101441
13-1041.00,Compliance Officers,Critical Thinking,3.5,Skills,13,7,two_level_random_sample,EXP_20260413_101441
13-1041.00,Compliance Officers,Active Learning,3.0,Skills,13,7,two_level_random_sample,EXP_20260413_101441
13-1041.00,Compliance Officers,Learning Strategies,2.88,Skills,13,7,two_level_random_sample,EXP_20260413_101441
13-1041.00,Compliance Officers,Monitoring,3.38,Skills,13,7,two_level_random_sample,EXP_20260413_101441
13-1041.00,Compliance Officers,Social Perceptiveness,3.5,Skills,13,7,two_level_random_sample,EXP_20260413_101441
13-1041.00,Compliance Officers,Coordination,3.12,Skills,13,7,two_level_random_sample,EXP_20260413_101441
13-1041.00,Compliance Officers,Persuasion,3.25,Skills,13,7,two_level_random_sample,EXP_20260413_101441
13-1041.00,Compliance Officers,Negotiation,3.12,Skills,13,7,two_level_random_sample,EXP_20260413_101441
13-1041.00,Compliance Officers,Instructing,2.88,Skills,13,7,two_level_random_sample,EXP_20260413_101441
13-1041.00,Compliance Officers,Service Orientation,3.12,Skills,13,7,two_level_random_sample,EXP_20260413_101441
13-1041.00,Compliance Officers,Complex Problem Solving,3.25,Skills,13,7,two_level_random_sample,EXP_20260413_101441
13-1041.00,Compliance Officers,Operations Analysis,1.25,Skills,13,7,two_level_random_sample,EXP_20260413_101441
13-1041.00,Compliance Officers,Technology Design,1.38,Skills,13,7,two_level_random_sample,EXP_20260413_101441
13-1041.00,Compliance Officers,Equipment Selection,1.0,Skills,13,7,two_level_random_sample,EXP_20260413_101441
13-1041.00,Compliance Officers,Installation,1.0,Skills,13,7,two_level_random_sample,EXP_20260413_101441
13-1041.00,Compliance Officers,Programming,1.62,Skills,13,7,two_level_random_sample,EXP_20260413_101441
13-1041.00,Compliance Officers,Operations Monitoring,2.12,Skills,13,7,two_level_random_sample,EXP_20260413_101441
13-1041.00,Compliance Officers,Operation and Control,1.88,Skills,13,7,two_level_random_sample,EXP_20260413_101441
13-1041.00,Compliance Officers,Equipment Maintenance,1.0,Skills,13,7,two_level_random_sample,EXP_20260413_101441
13-1041.00,Compliance Officers,Troubleshooting,1.62,Skills,13,7,two_level_random_sample,EXP_20260413_101441
13-1041.00,Compliance Officers,Repairing,1.0,Skills,13,7,two_level_random_sample,EXP_20260413_101441
13-1041.00,Compliance Officers,Quality Control Analysis,2.12,Skills,13,7,two_level_random_sample,EXP_20260413_101441
13-1041.00,Compliance Officers,Judgment and Decision Making,3.62,Skills,13,7,two_level_random_sample,EXP_20260413_101441
13-1041.00,Compliance Officers,Systems Analysis,2.75,Skills,13,7,two_level_random_sample,EXP_20260413_101441
13-1041.00,Compliance Officers,Systems Evaluation,2.62,Skills,13,7,two_level_random_sample,EXP_20260413_101441
13-1041.00,Compliance Officers,Time Management,3.25,Skills,13,7,two_level_random_sample,EXP_20260413_101441
13-1041.00,Compliance Officers,Management of Financial Resources,1.88,Skills,13,7,two_level_random_sample,EXP_20260413_101441
13-1041.00,Compliance Officers,Management of Material Resources,1.88,Skills,13,7,two_level_random_sample,EXP_20260413_101441
13-1041.00,Compliance Officers,Management of Personnel Resources,2.75,Skills,13,7,two_level_random_sample,EXP_20260413_101441
13-1041.07,Regulatory Affairs Specialists,Reading Comprehension,3.88,Skills,13,7,two_level_random_sample,EXP_20260413_101441
13-1041.07,Regulatory Affairs Specialists,Active Listening,4.0,Skills,13,7,two_level_random_sample,EXP_20260413_101441
13-1041.07,Regulatory Affairs Specialists,Writing,4.0,Skills,13,7,two_level_random_sample,EXP_20260413_101441
13-1041.07,Regulatory Affairs Specialists,Speaking,4.0,Skills,13,7,two_level_random_sample,EXP_20260413_101441
13-1041.07,Regulatory Affairs Specialists,Mathematics,2.5,Skills,13,7,two_level_random_sample,EXP_20260413_101441
13-1041.07,Regulatory Affairs Specialists,Science,1.88,Skills,13,7,two_level_random_sample,EXP_20260413_101441
13-1041.07,Regulatory Affairs Specialists,Critical Thinking,3.88,Skills,13,7,two_level_random_sample,EXP_20260413_101441
13-1041.07,Regulatory Affairs Specialists,Active Learning,3.25,Skills,13,7,two_level_random_sample,EXP_20260413_101441
13-1041.07,Regulatory Affairs Specialists,Learning Strategies,3.0,Skills,13,7,two_level_random_sample,EXP_20260413_101441
13-1041.07,Regulatory Affairs Specialists,Monitoring,3.25,Skills,13,7,two_level_random_sample,EXP_20260413_101441
13-1041.07,Regulatory Affairs Specialists,Social Perceptiveness,3.38,Skills,13,7,two_level_random_sample,EXP_20260413_101441
13-1041.07,Regulatory Affairs Specialists,Coordination,3.12,Skills,13,7,two_level_random_sample,EXP_20260413_101441
13-1041.07,Regulatory Affairs Specialists,Persuasion,3.0,Skills,13,7,two_level_random_sample,EXP_20260413_101441
13-1041.07,Regulatory Affairs Specialists,Negotiation,3.12,Skills,13,7,two_level_random_sample,EXP_20260413_101441
13-1041.07,Regulatory Affairs Specialists,Instructing,3.0,Skills,13,7,two_level_random_sample,EXP_20260413_101441
13-1041.07,Regulatory Affairs Specialists,Service Orientation,3.0,Skills,13,7,two_level_random_sample,EXP_20260413_101441
13-1041.07,Regulatory Affairs Specialists,Complex Problem Solving,3.75,Skills,13,7,two_level_random_sample,EXP_20260413_101441
13-1041.07,Regulatory Affairs Specialists,Operations Analysis,2.62,Skills,13,7,two_level_random_sample,EXP_20260413_101441
13-1041.07,Regulatory Affairs Specialists,Technology Design,1.88,Skills,13,7,two_level_random_sample,EXP_20260413_101441
13-1041.07,Regulatory Affairs Specialists,Equipment Selection,1.0,Skills,13,7,two_level_random_sample,EXP_20260413_101441
13-1041.07,Regulatory Affairs Specialists,Installation,1.0,Skills,13,7,two_level_random_sample,EXP_20260413_101441
13-1041.07,Regulatory Affairs Specialists,Programming,1.88,Skills,13,7,two_level_random_sample,EXP_20260413_101441
13-1041.07,Regulatory Affairs Specialists,Operations Monitoring,2.0,Skills,13,7,two_level_random_sample,EXP_20260413_101441
13-1041.07,Regulatory Affairs Specialists,Operation and Control,1.0,Skills,13,7,two_level_random_sample,EXP_20260413_101441
13-1041.07,Regulatory Affairs Specialists,Equipment Maintenance,1.0,Skills,13,7,two_level_random_sample,EXP_20260413_101441
13-1041.07,Regulatory Affairs Specialists,Troubleshooting,1.0,Skills,13,7,two_level_random_sample,EXP_20260413_101441
13-1041.07,Regulatory Affairs Specialists,Repairing,1.0,Skills,13,7,two_level_random_sample,EXP_20260413_101441
13-1041.07,Regulatory Affairs Specialists,Quality Control Analysis,2.12,Skills,13,7,two_level_random_sample,EXP_20260413_101441
13-1041.07,Regulatory Affairs Specialists,Judgment and Decision Making,3.88,Skills,13,7,two_level_random_sample,EXP_20260413_101441
13-1041.07,Regulatory Affairs Specialists,Systems Analysis,3.75,Skills,13,7,two_level_random_sample,EXP_20260413_101441
13-1041.07,Regulatory Affairs Specialists,Systems Evaluation,3.25,Skills,13,7,two_level_random_sample,EXP_20260413_101441
13-1041.07,Regulatory Affairs Specialists,Time Management,3.38,Skills,13,7,two_level_random_sample,EXP_20260413_101441
13-1041.07,Regulatory Affairs Specialists,Management of Financial Resources,2.12,Skills,13,7,two_level_random_sample,EXP_20260413_101441
13-1041.07,Regulatory Affairs Specialists,Management of Material Resources,2.0,Skills,13,7,two_level_random_sample,EXP_20260413_101441
13-1041.07,Regulatory Affairs Specialists,Management of Personnel Resources,2.88,Skills,13,7,two_level_random_sample,EXP_20260413_101441
13-1131.00,Fundraisers,Reading Comprehension,4.0,Skills,13,7,two_level_random_sample,EXP_20260413_101441
13-1131.00,Fundraisers,Active Listening,4.0,Skills,13,7,two_level_random_sample,EXP_20260413_101441
13-1131.00,Fundraisers,Writing,4.0,Skills,13,7,two_level_random_sample,EXP_20260413_101441
13-1131.00,Fundraisers,Speaking,4.12,Skills,13,7,two_level_random_sample,EXP_20260413_101441
13-1131.00,Fundraisers,Mathematics,3.0,Skills,13,7,two_level_random_sample,EXP_20260413_101441
13-1131.00,Fundraisers,Science,1.38,Skills,13,7,two_level_random_sample,EXP_20260413_101441
13-1131.00,Fundraisers,Critical Thinking,3.88,Skills,13,7,two_level_random_sample,EXP_20260413_101441
13-1131.00,Fundraisers,Active Learning,3.25,Skills,13,7,two_level_random_sample,EXP_20260413_101441
13-1131.00,Fundraisers,Learning Strategies,2.88,Skills,13,7,two_level_random_sample,EXP_20260413_101441
13-1131.00,Fundraisers,Monitoring,3.12,Skills,13,7,two_level_random_sample,EXP_20260413_101441
13-1131.00,Fundraisers,Social Perceptiveness,3.62,Skills,13,7,two_level_random_sample,EXP_20260413_101441
13-1131.00,Fundraisers,Coordination,3.75,Skills,13,7,two_level_random_sample,EXP_20260413_101441
13-1131.00,Fundraisers,Persuasion,4.0,Skills,13,7,two_level_random_sample,EXP_20260413_101441
13-1131.00,Fundraisers,Negotiation,3.88,Skills,13,7,two_level_random_sample,EXP_20260413_101441
13-1131.00,Fundraisers,Instructing,3.0,Skills,13,7,two_level_random_sample,EXP_20260413_101441
13-1131.00,Fundraisers,Service Orientation,3.5,Skills,13,7,two_level_random_sample,EXP_20260413_101441
13-1131.00,Fundraisers,Complex Problem Solving,3.25,Skills,13,7,two_level_random_sample,EXP_20260413_101441
13-1131.00,Fundraisers,Operations Analysis,2.0,Skills,13,7,two_level_random_sample,EXP_20260413_101441
13-1131.00,Fundraisers,Technology Design,1.75,Skills,13,7,two_level_random_sample,EXP_20260413_101441
13-1131.00,Fundraisers,Equipment Selection,1.12,Skills,13,7,two_level_random_sample,EXP_20260413_101441
13-1131.00,Fundraisers,Installation,1.0,Skills,13,7,two_level_random_sample,EXP_20260413_101441
13-1131.00,Fundraisers,Programming,1.5,Skills,13,7,two_level_random_sample,EXP_20260413_101441
13-1131.00,Fundraisers,Operations Monitoring,1.62,Skills,13,7,two_level_random_sample,EXP_20260413_101441
13-1131.00,Fundraisers,Operation and Control,1.62,Skills,13,7,two_level_random_sample,EXP_20260413_101441
13-1131.00,Fundraisers,Equipment Maintenance,1.0,Skills,13,7,two_level_random_sample,EXP_20260413_101441
13-1131.00,Fundraisers,Troubleshooting,1.0,Skills,13,7,two_level_random_sample,EXP_20260413_101441
13-1131.00,Fundraisers,Repairing,1.0,Skills,13,7,two_level_random_sample,EXP_20260413_101441
13-1131.00,Fundraisers,Quality Control Analysis,1.5,Skills,13,7,two_level_random_sample,EXP_20260413_101441
13-1131.00,Fundraisers,Judgment and Decision Making,3.38,Skills,13,7,two_level_random_sample,EXP_20260413_101441
13-1131.00,Fundraisers,Systems Analysis,3.12,Skills,13,7,two_level_random_sample,EXP_20260413_101441
13-1131.00,Fundraisers,Systems Evaluation,3.12,Skills,13,7,two_level_random_sample,EXP_20260413_101441
13-1131.00,Fundraisers,Time Management,3.0,Skills,13,7,two_level_random_sample,EXP_20260413_101441
13-1131.00,Fundraisers,Management of Financial Resources,3.0,Skills,13,7,two_level_random_sample,EXP_20260413_101441
13-1131.00,Fundraisers,Management of Material Resources,2.12,Skills,13,7,two_level_random_sample,EXP_20260413_101441
13-1131.00,Fundraisers,Management of Personnel Resources,2.75,Skills,13,7,two_level_random_sample,EXP_20260413_101441
13-1161.00,Market Research Analysts and Marketing Specialists,Reading Comprehension,4.0,Skills,13,7,two_level_random_sample,EXP_20260413_101441
13-1161.00,Market Research Analysts and Marketing Specialists,Active Listening,3.88,Skills,13,7,two_level_random_sample,EXP_20260413_101441
13-1161.00,Market Research Analysts and Marketing Specialists,Writing,4.0,Skills,13,7,two_level_random_sample,EXP_20260413_101441
13-1161.00,Market Research Analysts and Marketing Specialists,Speaking,3.88,Skills,13,7,two_level_random_sample,EXP_20260413_101441
13-1161.00,Market Research Analysts and Marketing Specialists,Mathematics,3.25,Skills,13,7,two_level_random_sample,EXP_20260413_101441
13-1161.00,Market Research Analysts and Marketing Specialists,Science,2.25,Skills,13,7,two_level_random_sample,EXP_20260413_101441
13-1161.00,Market Research Analysts and Marketing Specialists,Critical Thinking,4.0,Skills,13,7,two_level_random_sample,EXP_20260413_101441
13-1161.00,Market Research Analysts and Marketing Specialists,Active Learning,3.5,Skills,13,7,two_level_random_sample,EXP_20260413_101441
13-1161.00,Market Research Analysts and Marketing Specialists,Learning Strategies,3.0,Skills,13,7,two_level_random_sample,EXP_20260413_101441
13-1161.00,Market Research Analysts and Marketing Specialists,Monitoring,3.25,Skills,13,7,two_level_random_sample,EXP_20260413_101441
13-1161.00,Market Research Analysts and Marketing Specialists,Social Perceptiveness,3.12,Skills,13,7,two_level_random_sample,EXP_20260413_101441
13-1161.00,Market Research Analysts and Marketing Specialists,Coordination,3.0,Skills,13,7,two_level_random_sample,EXP_20260413_101441
13-1161.00,Market Research Analysts and Marketing Specialists,Persuasion,3.12,Skills,13,7,two_level_random_sample,EXP_20260413_101441
13-1161.00,Market Research Analysts and Marketing Specialists,Negotiation,2.62,Skills,13,7,two_level_random_sample,EXP_20260413_101441
13-1161.00,Market Research Analysts and Marketing Specialists,Instructing,2.75,Skills,13,7,two_level_random_sample,EXP_20260413_101441
13-1161.00,Market Research Analysts and Marketing Specialists,Service Orientation,2.88,Skills,13,7,two_level_random_sample,EXP_20260413_101441
13-1161.00,Market Research Analysts and Marketing Specialists,Complex Problem Solving,3.88,Skills,13,7,two_level_random_sample,EXP_20260413_101441
13-1161.00,Market Research Analysts and Marketing Specialists,Operations Analysis,2.88,Skills,13,7,two_level_random_sample,EXP_20260413_101441
13-1161.00,Market Research Analysts and Marketing Specialists,Technology Design,1.62,Skills,13,7,two_level_random_sample,EXP_20260413_101441
13-1161.00,Market Research Analysts and Marketing Specialists,Equipment Selection,1.0,Skills,13,7,two_level_random_sample,EXP_20260413_101441
13-1161.00,Market Research Analysts and Marketing Specialists,Installation,1.0,Skills,13,7,two_level_random_sample,EXP_20260413_101441
13-1161.00,Market Research Analysts and Marketing Specialists,Programming,2.12,Skills,13,7,two_level_random_sample,EXP_20260413_101441
13-1161.00,Market Research Analysts and Marketing Specialists,Operations Monitoring,1.88,Skills,13,7,two_level_random_sample,EXP_20260413_101441
13-1161.00,Market Research Analysts and Marketing Specialists,Operation and Control,1.0,Skills,13,7,two_level_random_sample,EXP_20260413_101441
13-1161.00,Market Research Analysts and Marketing Specialists,Equipment Maintenance,1.0,Skills,13,7,two_level_random_sample,EXP_20260413_101441
13-1161.00,Market Research Analysts and Marketing Specialists,Troubleshooting,1.0,Skills,13,7,two_level_random_sample,EXP_20260413_101441
13-1161.00,Market Research Analysts and Marketing Specialists,Repairing,1.0,Skills,13,7,two_level_random_sample,EXP_20260413_101441
13-1161.00,Market Research Analysts and Marketing Specialists,Quality Control Analysis,1.62,Skills,13,7,two_level_random_sample,EXP_20260413_101441
13-1161.00,Market Research Analysts and Marketing Specialists,Judgment and Decision Making,3.62,Skills,13,7,two_level_random_sample,EXP_20260413_101441
13-1161.00,Market Research Analysts and Marketing Specialists,Systems Analysis,3.12,Skills,13,7,two_level_random_sample,EXP_20260413_101441
13-1161.00,Market Research Analysts and Marketing Specialists,Systems Evaluation,3.12,Skills,13,7,two_level_random_sample,EXP_20260413_101441
13-1161.00,Market Research Analysts and Marketing Specialists,Time Management,3.0,Skills,13,7,two_level_random_sample,EXP_20260413_101441
13-1161.00,Market Research Analysts and Marketing Specialists,Management of Financial Resources,1.75,Skills,13,7,two_level_random_sample,EXP_20260413_101441
13-1161.00,Market Research Analysts and Marketing Specialists,Management of Material Resources,1.75,Skills,13,7,two_level_random_sample,EXP_20260413_101441
13-1161.00,Market Research Analysts and Marketing Specialists,Management of Personnel Resources,2.75,Skills,13,7,two_level_random_sample,EXP_20260413_101441
13-1199.04,Business Continuity Planners,Reading Comprehension,4.0,Skills,13,7,two_level_random_sample,EXP_20260413_101441
13-1199.04,Business Continuity Planners,Active Listening,4.12,Skills,13,7,two_level_random_sample,EXP_20260413_101441
13-1199.04,Business Continuity Planners,Writing,4.0,Skills,13,7,two_level_random_sample,EXP_20260413_101441
13-1199.04,Business Continuity Planners,Speaking,4.0,Skills,13,7,two_level_random_sample,EXP_20260413_101441
13-1199.04,Business Continuity Planners,Mathematics,2.88,Skills,13,7,two_level_random_sample,EXP_20260413_101441
13-1199.04,Business Continuity Planners,Science,1.0,Skills,13,7,two_level_random_sample,EXP_20260413_101441
13-1199.04,Business Continuity Planners,Critical Thinking,4.12,Skills,13,7,two_level_random_sample,EXP_20260413_101441
13-1199.04,Business Continuity Planners,Active Learning,4.0,Skills,13,7,two_level_random_sample,EXP_20260413_101441
13-1199.04,Business Continuity Planners,Learning Strategies,3.25,Skills,13,7,two_level_random_sample,EXP_20260413_101441
13-1199.04,Business Continuity Planners,Monitoring,3.62,Skills,13,7,two_level_random_sample,EXP_20260413_101441
13-1199.04,Business Continuity Planners,Social Perceptiveness,3.38,Skills,13,7,two_level_random_sample,EXP_20260413_101441
13-1199.04,Business Continuity Planners,Coordination,3.75,Skills,13,7,two_level_random_sample,EXP_20260413_101441
13-1199.04,Business Continuity Planners,Persuasion,3.12,Skills,13,7,two_level_random_sample,EXP_20260413_101441
13-1199.04,Business Continuity Planners,Negotiation,3.12,Skills,13,7,two_level_random_sample,EXP_20260413_101441
13-1199.04,Business Continuity Planners,Instructing,3.25,Skills,13,7,two_level_random_sample,EXP_20260413_101441
13-1199.04,Business Continuity Planners,Service Orientation,3.12,Skills,13,7,two_level_random_sample,EXP_20260413_101441
13-1199.04,Business Continuity Planners,Complex Problem Solving,4.12,Skills,13,7,two_level_random_sample,EXP_20260413_101441
13-1199.04,Business Continuity Planners,Operations Analysis,2.88,Skills,13,7,two_level_random_sample,EXP_20260413_101441
13-1199.04,Business Continuity Planners,Technology Design,1.62,Skills,13,7,two_level_random_sample,EXP_20260413_101441
13-1199.04,Business Continuity Planners,Equipment Selection,1.12,Skills,13,7,two_level_random_sample,EXP_20260413_101441
13-1199.04,Business Continuity Planners,Installation,1.0,Skills,13,7,two_level_random_sample,EXP_20260413_101441
13-1199.04,Business Continuity Planners,Programming,2.0,Skills,13,7,two_level_random_sample,EXP_20260413_101441
13-1199.04,Business Continuity Planners,Operations Monitoring,2.0,Skills,13,7,two_level_random_sample,EXP_20260413_101441
13-1199.04,Business Continuity Planners,Operation and Control,1.12,Skills,13,7,two_level_random_sample,EXP_20260413_101441
13-1199.04,Business Continuity Planners,Equipment Maintenance,1.0,Skills,13,7,two_level_random_sample,EXP_20260413_101441
13-1199.04,Business Continuity Planners,Troubleshooting,1.25,Skills,13,7,two_level_random_sample,EXP_20260413_101441
13-1199.04,Business Continuity Planners,Repairing,1.0,Skills,13,7,two_level_random_sample,EXP_20260413_101441
13-1199.04,Business Continuity Planners,Quality Control Analysis,2.25,Skills,13,7,two_level_random_sample,EXP_20260413_101441
13-1199.04,Business Continuity Planners,Judgment and Decision Making,4.12,Skills,13,7,two_level_random_sample,EXP_20260413_101441
13-1199.04,Business Continuity Planners,Systems Analysis,4.0,Skills,13,7,two_level_random_sample,EXP_20260413_101441
13-1199.04,Business Continuity Planners,Systems Evaluation,4.0,Skills,13,7,two_level_random_sample,EXP_20260413_101441
13-1199.04,Business Continuity Planners,Time Management,3.25,Skills,13,7,two_level_random_sample,EXP_20260413_101441
13-1199.04,Business Continuity Planners,Management of Financial Resources,2.5,Skills,13,7,two_level_random_sample,EXP_20260413_101441
13-1199.04,Business Continuity Planners,Management of Material Resources,2.38,Skills,13,7,two_level_random_sample,EXP_20260413_101441
13-1199.04,Business Continuity Planners,Management of Personnel Resources,3.12,Skills,13,7,two_level_random_sample,EXP_20260413_101441
13-2053.00,Insurance Underwriters,Reading Comprehension,3.75,Skills,13,7,two_level_random_sample,EXP_20260413_101441
13-2053.00,Insurance Underwriters,Active Listening,3.75,Skills,13,7,two_level_random_sample,EXP_20260413_101441
13-2053.00,Insurance Underwriters,Writing,3.75,Skills,13,7,two_level_random_sample,EXP_20260413_101441
13-2053.00,Insurance Underwriters,Speaking,3.62,Skills,13,7,two_level_random_sample,EXP_20260413_101441
13-2053.00,Insurance Underwriters,Mathematics,2.88,Skills,13,7,two_level_random_sample,EXP_20260413_101441
13-2053.00,Insurance Underwriters,Science,1.38,Skills,13,7,two_level_random_sample,EXP_20260413_101441
13-2053.00,Insurance Underwriters,Critical Thinking,3.75,Skills,13,7,two_level_random_sample,EXP_20260413_101441
13-2053.00,Insurance Underwriters,Active Learning,3.12,Skills,13,7,two_level_random_sample,EXP_20260413_101441
13-2053.00,Insurance Underwriters,Learning Strategies,2.75,Skills,13,7,two_level_random_sample,EXP_20260413_101441
13-2053.00,Insurance Underwriters,Monitoring,3.0,Skills,13,7,two_level_random_sample,EXP_20260413_101441
13-2053.00,Insurance Underwriters,Social Perceptiveness,3.0,Skills,13,7,two_level_random_sample,EXP_20260413_101441
13-2053.00,Insurance Underwriters,Coordination,3.0,Skills,13,7,two_level_random_sample,EXP_20260413_101441
13-2053.00,Insurance Underwriters,Persuasion,2.88,Skills,13,7,two_level_random_sample,EXP_20260413_101441
13-2053.00,Insurance Underwriters,Negotiation,2.75,Skills,13,7,two_level_random_sample,EXP_20260413_101441
13-2053.00,Insurance Underwriters,Instructing,2.75,Skills,13,7,two_level_random_sample,EXP_20260413_101441
13-2053.00,Insurance Underwriters,Service Orientation,3.0,Skills,13,7,two_level_random_sample,EXP_20260413_101441
13-2053.00,Insurance Underwriters,Complex Problem Solving,3.12,Skills,13,7,two_level_random_sample,EXP_20260413_101441
13-2053.00,Insurance Underwriters,Operations Analysis,1.88,Skills,13,7,two_level_random_sample,EXP_20260413_101441
13-2053.00,Insurance Underwriters,Technology Design,1.62,Skills,13,7,two_level_random_sample,EXP_20260413_101441
13-2053.00,Insurance Underwriters,Equipment Selection,1.0,Skills,13,7,two_level_random_sample,EXP_20260413_101441
13-2053.00,Insurance Underwriters,Installation,1.0,Skills,13,7,two_level_random_sample,EXP_20260413_101441
13-2053.00,Insurance Underwriters,Programming,1.5,Skills,13,7,two_level_random_sample,EXP_20260413_101441
13-2053.00,Insurance Underwriters,Operations Monitoring,1.88,Skills,13,7,two_level_random_sample,EXP_20260413_101441
13-2053.00,Insurance Underwriters,Operation and Control,1.0,Skills,13,7,two_level_random_sample,EXP_20260413_101441
13-2053.00,Insurance Underwriters,Equipment Maintenance,1.0,Skills,13,7,two_level_random_sample,EXP_20260413_101441
13-2053.00,Insurance Underwriters,Troubleshooting,1.0,Skills,13,7,two_level_random_sample,EXP_20260413_101441
13-2053.00,Insurance Underwriters,Repairing,1.0,Skills,13,7,two_level_random_sample,EXP_20260413_101441
13-2053.00,Insurance Underwriters,Quality Control Analysis,1.12,Skills,13,7,two_level_random_sample,EXP_20260413_101441
13-2053.00,Insurance Underwriters,Judgment and Decision Making,3.5,Skills,13,7,two_level_random_sample,EXP_20260413_101441
13-2053.00,Insurance Underwriters,Systems Analysis,2.75,Skills,13,7,two_level_random_sample,EXP_20260413_101441
13-2053.00,Insurance Underwriters,Systems Evaluation,2.75,Skills,13,7,two_level_random_sample,EXP_20260413_101441
13-2053.00,Insurance Underwriters,Time Management,2.88,Skills,13,7,two_level_random_sample,EXP_20260413_101441
13-2053.00,Insurance Underwriters,Management of Financial Resources,2.0,Skills,13,7,two_level_random_sample,EXP_20260413_101441
13-2053.00,Insurance Underwriters,Management of Material Resources,2.0,Skills,13,7,two_level_random_sample,EXP_20260413_101441
13-2053.00,Insurance Underwriters,Management of Personnel Resources,2.38,Skills,13,7,two_level_random_sample,EXP_20260413_101441
19-1021.00,Biochemists and Biophysicists,Reading Comprehension,4.38,Skills,19,7,two_level_random_sample,EXP_20260413_101441
19-1021.00,Biochemists and Biophysicists,Active Listening,4.12,Skills,19,7,two_level_random_sample,EXP_20260413_101441
19-1021.00,Biochemists and Biophysicists,Writing,4.25,Skills,19,7,two_level_random_sample,EXP_20260413_101441
19-1021.00,Biochemists and Biophysicists,Speaking,4.12,Skills,19,7,two_level_random_sample,EXP_20260413_101441
19-1021.00,Biochemists and Biophysicists,Mathematics,3.88,Skills,19,7,two_level_random_sample,EXP_20260413_101441
19-1021.00,Biochemists and Biophysicists,Science,4.75,Skills,19,7,two_level_random_sample,EXP_20260413_101441
19-1021.00,Biochemists and Biophysicists,Critical Thinking,4.25,Skills,19,7,two_level_random_sample,EXP_20260413_101441
19-1021.00,Biochemists and Biophysicists,Active Learning,4.12,Skills,19,7,two_level_random_sample,EXP_20260413_101441
19-1021.00,Biochemists and Biophysicists,Learning Strategies,4.0,Skills,19,7,two_level_random_sample,EXP_20260413_101441
19-1021.00,Biochemists and Biophysicists,Monitoring,3.88,Skills,19,7,two_level_random_sample,EXP_20260413_101441
19-1021.00,Biochemists and Biophysicists,Social Perceptiveness,3.0,Skills,19,7,two_level_random_sample,EXP_20260413_101441
19-1021.00,Biochemists and Biophysicists,Coordination,3.0,Skills,19,7,two_level_random_sample,EXP_20260413_101441
19-1021.00,Biochemists and Biophysicists,Persuasion,3.0,Skills,19,7,two_level_random_sample,EXP_20260413_101441
19-1021.00,Biochemists and Biophysicists,Negotiation,2.5,Skills,19,7,two_level_random_sample,EXP_20260413_101441
19-1021.00,Biochemists and Biophysicists,Instructing,3.62,Skills,19,7,two_level_random_sample,EXP_20260413_101441
19-1021.00,Biochemists and Biophysicists,Service Orientation,2.5,Skills,19,7,two_level_random_sample,EXP_20260413_101441
19-1021.00,Biochemists and Biophysicists,Complex Problem Solving,4.12,Skills,19,7,two_level_random_sample,EXP_20260413_101441
19-1021.00,Biochemists and Biophysicists,Operations Analysis,3.12,Skills,19,7,two_level_random_sample,EXP_20260413_101441
19-1021.00,Biochemists and Biophysicists,Technology Design,2.12,Skills,19,7,two_level_random_sample,EXP_20260413_101441
19-1021.00,Biochemists and Biophysicists,Equipment Selection,2.25,Skills,19,7,two_level_random_sample,EXP_20260413_101441
19-1021.00,Biochemists and Biophysicists,Installation,1.12,Skills,19,7,two_level_random_sample,EXP_20260413_101441
19-1021.00,Biochemists and Biophysicists,Programming,2.25,Skills,19,7,two_level_random_sample,EXP_20260413_101441
19-1021.00,Biochemists and Biophysicists,Operations Monitoring,2.75,Skills,19,7,two_level_random_sample,EXP_20260413_101441
19-1021.00,Biochemists and Biophysicists,Operation and Control,2.12,Skills,19,7,two_level_random_sample,EXP_20260413_101441
19-1021.00,Biochemists and Biophysicists,Equipment Maintenance,1.88,Skills,19,7,two_level_random_sample,EXP_20260413_101441
19-1021.00,Biochemists and Biophysicists,Troubleshooting,1.88,Skills,19,7,two_level_random_sample,EXP_20260413_101441
19-1021.00,Biochemists and Biophysicists,Repairing,1.75,Skills,19,7,two_level_random_sample,EXP_20260413_101441
19-1021.00,Biochemists and Biophysicists,Quality Control Analysis,3.0,Skills,19,7,two_level_random_sample,EXP_20260413_101441
19-1021.00,Biochemists and Biophysicists,Judgment and Decision Making,4.0,Skills,19,7,two_level_random_sample,EXP_20260413_101441
19-1021.00,Biochemists and Biophysicists,Systems Analysis,3.38,Skills,19,7,two_level_random_sample,EXP_20260413_101441
19-1021.00,Biochemists and Biophysicists,Systems Evaluation,3.12,Skills,19,7,two_level_random_sample,EXP_20260413_101441
19-1021.00,Biochemists and Biophysicists,Time Management,2.88,Skills,19,7,two_level_random_sample,EXP_20260413_101441
19-1021.00,Biochemists and Biophysicists,Management of Financial Resources,1.88,Skills,19,7,two_level_random_sample,EXP_20260413_101441
19-1021.00,Biochemists and Biophysicists,Management of Material Resources,2.0,Skills,19,7,two_level_random_sample,EXP_20260413_101441
19-1021.00,Biochemists and Biophysicists,Management of Personnel Resources,3.0,Skills,19,7,two_level_random_sample,EXP_20260413_101441
19-1022.00,Microbiologists,Reading Comprehension,4.12,Skills,19,7,two_level_random_sample,EXP_20260413_101441
19-1022.00,Microbiologists,Active Listening,3.88,Skills,19,7,two_level_random_sample,EXP_20260413_101441
19-1022.00,Microbiologists,Writing,4.0,Skills,19,7,two_level_random_sample,EXP_20260413_101441
19-1022.00,Microbiologists,Speaking,3.88,Skills,19,7,two_level_random_sample,EXP_20260413_101441
19-1022.00,Microbiologists,Mathematics,3.12,Skills,19,7,two_level_random_sample,EXP_20260413_101441
19-1022.00,Microbiologists,Science,4.62,Skills,19,7,two_level_random_sample,EXP_20260413_101441
19-1022.00,Microbiologists,Critical Thinking,4.0,Skills,19,7,two_level_random_sample,EXP_20260413_101441
19-1022.00,Microbiologists,Active Learning,3.88,Skills,19,7,two_level_random_sample,EXP_20260413_101441
19-1022.00,Microbiologists,Learning Strategies,3.62,Skills,19,7,two_level_random_sample,EXP_20260413_101441
19-1022.00,Microbiologists,Monitoring,3.62,Skills,19,7,two_level_random_sample,EXP_20260413_101441
19-1022.00,Microbiologists,Social Perceptiveness,3.0,Skills,19,7,two_level_random_sample,EXP_20260413_101441
19-1022.00,Microbiologists,Coordination,3.0,Skills,19,7,two_level_random_sample,EXP_20260413_101441
19-1022.00,Microbiologists,Persuasion,2.62,Skills,19,7,two_level_random_sample,EXP_20260413_101441
19-1022.00,Microbiologists,Negotiation,2.62,Skills,19,7,two_level_random_sample,EXP_20260413_101441
19-1022.00,Microbiologists,Instructing,3.0,Skills,19,7,two_level_random_sample,EXP_20260413_101441
19-1022.00,Microbiologists,Service Orientation,3.0,Skills,19,7,two_level_random_sample,EXP_20260413_101441
19-1022.00,Microbiologists,Complex Problem Solving,3.62,Skills,19,7,two_level_random_sample,EXP_20260413_101441
19-1022.00,Microbiologists,Operations Analysis,2.88,Skills,19,7,two_level_random_sample,EXP_20260413_101441
19-1022.00,Microbiologists,Technology Design,1.88,Skills,19,7,two_level_random_sample,EXP_20260413_101441
19-1022.00,Microbiologists,Equipment Selection,1.75,Skills,19,7,two_level_random_sample,EXP_20260413_101441
19-1022.00,Microbiologists,Installation,1.0,Skills,19,7,two_level_random_sample,EXP_20260413_101441
19-1022.00,Microbiologists,Programming,1.88,Skills,19,7,two_level_random_sample,EXP_20260413_101441
19-1022.00,Microbiologists,Operations Monitoring,2.75,Skills,19,7,two_level_random_sample,EXP_20260413_101441
19-1022.00,Microbiologists,Operation and Control,2.5,Skills,19,7,two_level_random_sample,EXP_20260413_101441
19-1022.00,Microbiologists,Equipment Maintenance,1.0,Skills,19,7,two_level_random_sample,EXP_20260413_101441
19-1022.00,Microbiologists,Troubleshooting,2.0,Skills,19,7,two_level_random_sample,EXP_20260413_101441
19-1022.00,Microbiologists,Repairing,1.0,Skills,19,7,two_level_random_sample,EXP_20260413_101441
19-1022.00,Microbiologists,Quality Control Analysis,2.88,Skills,19,7,two_level_random_sample,EXP_20260413_101441
19-1022.00,Microbiologists,Judgment and Decision Making,3.75,Skills,19,7,two_level_random_sample,EXP_20260413_101441
19-1022.00,Microbiologists,Systems Analysis,3.0,Skills,19,7,two_level_random_sample,EXP_20260413_101441
19-1022.00,Microbiologists,Systems Evaluation,2.88,Skills,19,7,two_level_random_sample,EXP_20260413_101441
19-1022.00,Microbiologists,Time Management,3.0,Skills,19,7,two_level_random_sample,EXP_20260413_101441
19-1022.00,Microbiologists,Management of Financial Resources,2.25,Skills,19,7,two_level_random_sample,EXP_20260413_101441
19-1022.00,Microbiologists,Management of Material Resources,2.12,Skills,19,7,two_level_random_sample,EXP_20260413_101441
19-1022.00,Microbiologists,Management of Personnel Resources,3.0,Skills,19,7,two_level_random_sample,EXP_20260413_101441
19-1029.01,Bioinformatics Scientists,Reading Comprehension,4.12,Skills,19,7,two_level_random_sample,EXP_20260413_101441
19-1029.01,Bioinformatics Scientists,Active Listening,4.0,Skills,19,7,two_level_random_sample,EXP_20260413_101441
19-1029.01,Bioinformatics Scientists,Writing,3.88,Skills,19,7,two_level_random_sample,EXP_20260413_101441
19-1029.01,Bioinformatics Scientists,Speaking,4.0,Skills,19,7,two_level_random_sample,EXP_20260413_101441
19-1029.01,Bioinformatics Scientists,Mathematics,3.5,Skills,19,7,two_level_random_sample,EXP_20260413_101441
19-1029.01,Bioinformatics Scientists,Science,3.75,Skills,19,7,two_level_random_sample,EXP_20260413_101441
19-1029.01,Bioinformatics Scientists,Critical Thinking,4.12,Skills,19,7,two_level_random_sample,EXP_20260413_101441
19-1029.01,Bioinformatics Scientists,Active Learning,3.62,Skills,19,7,two_level_random_sample,EXP_20260413_101441
19-1029.01,Bioinformatics Scientists,Learning Strategies,3.0,Skills,19,7,two_level_random_sample,EXP_20260413_101441
19-1029.01,Bioinformatics Scientists,Monitoring,3.38,Skills,19,7,two_level_random_sample,EXP_20260413_101441
19-1029.01,Bioinformatics Scientists,Social Perceptiveness,3.25,Skills,19,7,two_level_random_sample,EXP_20260413_101441
19-1029.01,Bioinformatics Scientists,Coordination,3.0,Skills,19,7,two_level_random_sample,EXP_20260413_101441
19-1029.01,Bioinformatics Scientists,Persuasion,2.88,Skills,19,7,two_level_random_sample,EXP_20260413_101441
19-1029.01,Bioinformatics Scientists,Negotiation,2.75,Skills,19,7,two_level_random_sample,EXP_20260413_101441
19-1029.01,Bioinformatics Scientists,Instructing,3.0,Skills,19,7,two_level_random_sample,EXP_20260413_101441
19-1029.01,Bioinformatics Scientists,Service Orientation,2.88,Skills,19,7,two_level_random_sample,EXP_20260413_101441
19-1029.01,Bioinformatics Scientists,Complex Problem Solving,4.0,Skills,19,7,two_level_random_sample,EXP_20260413_101441
19-1029.01,Bioinformatics Scientists,Operations Analysis,2.25,Skills,19,7,two_level_random_sample,EXP_20260413_101441
19-1029.01,Bioinformatics Scientists,Technology Design,2.25,Skills,19,7,two_level_random_sample,EXP_20260413_101441
19-1029.01,Bioinformatics Scientists,Equipment Selection,1.5,Skills,19,7,two_level_random_sample,EXP_20260413_101441
19-1029.01,Bioinformatics Scientists,Installation,1.0,Skills,19,7,two_level_random_sample,EXP_20260413_101441
19-1029.01,Bioinformatics Scientists,Programming,2.12,Skills,19,7,two_level_random_sample,EXP_20260413_101441
19-1029.01,Bioinformatics Scientists,Operations Monitoring,2.25,Skills,19,7,two_level_random_sample,EXP_20260413_101441
19-1029.01,Bioinformatics Scientists,Operation and Control,1.25,Skills,19,7,two_level_random_sample,EXP_20260413_101441
19-1029.01,Bioinformatics Scientists,Equipment Maintenance,1.0,Skills,19,7,two_level_random_sample,EXP_20260413_101441
19-1029.01,Bioinformatics Scientists,Troubleshooting,2.0,Skills,19,7,two_level_random_sample,EXP_20260413_101441
19-1029.01,Bioinformatics Scientists,Repairing,1.0,Skills,19,7,two_level_random_sample,EXP_20260413_101441
19-1029.01,Bioinformatics Scientists,Quality Control Analysis,2.12,Skills,19,7,two_level_random_sample,EXP_20260413_101441
19-1029.01,Bioinformatics Scientists,Judgment and Decision Making,3.62,Skills,19,7,two_level_random_sample,EXP_20260413_101441
19-1029.01,Bioinformatics Scientists,Systems Analysis,3.25,Skills,19,7,two_level_random_sample,EXP_20260413_101441
19-1029.01,Bioinformatics Scientists,Systems Evaluation,3.25,Skills,19,7,two_level_random_sample,EXP_20260413_101441
19-1029.01,Bioinformatics Scientists,Time Management,3.38,Skills,19,7,two_level_random_sample,EXP_20260413_101441
19-1029.01,Bioinformatics Scientists,Management of Financial Resources,2.0,Skills,19,7,two_level_random_sample,EXP_20260413_101441
19-1029.01,Bioinformatics Scientists,Management of Material Resources,2.12,Skills,19,7,two_level_random_sample,EXP_20260413_101441
19-1029.01,Bioinformatics Scientists,Management of Personnel Resources,2.88,Skills,19,7,two_level_random_sample,EXP_20260413_101441
19-1029.04,Biologists,Reading Comprehension,4.12,Skills,19,7,two_level_random_sample,EXP_20260413_101441
19-1029.04,Biologists,Active Listening,4.0,Skills,19,7,two_level_random_sample,EXP_20260413_101441
19-1029.04,Biologists,Writing,4.12,Skills,19,7,two_level_random_sample,EXP_20260413_101441
19-1029.04,Biologists,Speaking,4.0,Skills,19,7,two_level_random_sample,EXP_20260413_101441
19-1029.04,Biologists,Mathematics,3.88,Skills,19,7,two_level_random_sample,EXP_20260413_101441
19-1029.04,Biologists,Science,4.62,Skills,19,7,two_level_random_sample,EXP_20260413_101441
19-1029.04,Biologists,Critical Thinking,4.0,Skills,19,7,two_level_random_sample,EXP_20260413_101441
19-1029.04,Biologists,Active Learning,3.88,Skills,19,7,two_level_random_sample,EXP_20260413_101441
19-1029.04,Biologists,Learning Strategies,3.12,Skills,19,7,two_level_random_sample,EXP_20260413_101441
19-1029.04,Biologists,Monitoring,3.0,Skills,19,7,two_level_random_sample,EXP_20260413_101441
19-1029.04,Biologists,Social Perceptiveness,3.0,Skills,19,7,two_level_random_sample,EXP_20260413_101441
19-1029.04,Biologists,Coordination,3.0,Skills,19,7,two_level_random_sample,EXP_20260413_101441
19-1029.04,Biologists,Persuasion,2.75,Skills,19,7,two_level_random_sample,EXP_20260413_101441
19-1029.04,Biologists,Negotiation,2.5,Skills,19,7,two_level_random_sample,EXP_20260413_101441
19-1029.04,Biologists,Instructing,3.0,Skills,19,7,two_level_random_sample,EXP_20260413_101441
19-1029.04,Biologists,Service Orientation,2.62,Skills,19,7,two_level_random_sample,EXP_20260413_101441
19-1029.04,Biologists,Complex Problem Solving,3.75,Skills,19,7,two_level_random_sample,EXP_20260413_101441
19-1029.04,Biologists,Operations Analysis,1.75,Skills,19,7,two_level_random_sample,EXP_20260413_101441
19-1029.04,Biologists,Technology Design,1.62,Skills,19,7,two_level_random_sample,EXP_20260413_101441
19-1029.04,Biologists,Equipment Selection,1.0,Skills,19,7,two_level_random_sample,EXP_20260413_101441
19-1029.04,Biologists,Installation,1.0,Skills,19,7,two_level_random_sample,EXP_20260413_101441
19-1029.04,Biologists,Programming,3.0,Skills,19,7,two_level_random_sample,EXP_20260413_101441
19-1029.04,Biologists,Operations Monitoring,1.88,Skills,19,7,two_level_random_sample,EXP_20260413_101441
19-1029.04,Biologists,Operation and Control,1.88,Skills,19,7,two_level_random_sample,EXP_20260413_101441
19-1029.04,Biologists,Equipment Maintenance,1.0,Skills,19,7,two_level_random_sample,EXP_20260413_101441
19-1029.04,Biologists,Troubleshooting,1.62,Skills,19,7,two_level_random_sample,EXP_20260413_101441
19-1029.04,Biologists,Repairing,1.0,Skills,19,7,two_level_random_sample,EXP_20260413_101441
19-1029.04,Biologists,Quality Control Analysis,2.5,Skills,19,7,two_level_random_sample,EXP_20260413_101441
19-1029.04,Biologists,Judgment and Decision Making,3.75,Skills,19,7,two_level_random_sample,EXP_20260413_101441
19-1029.04,Biologists,Systems Analysis,3.0,Skills,19,7,two_level_random_sample,EXP_20260413_101441
19-1029.04,Biologists,Systems Evaluation,3.0,Skills,19,7,two_level_random_sample,EXP_20260413_101441
19-1029.04,Biologists,Time Management,3.0,Skills,19,7,two_level_random_sample,EXP_20260413_101441
19-1029.04,Biologists,Management of Financial Resources,1.88,Skills,19,7,two_level_random_sample,EXP_20260413_101441
19-1029.04,Biologists,Management of Material Resources,1.88,Skills,19,7,two_level_random_sample,EXP_20260413_101441
19-1029.04,Biologists,Management of Personnel Resources,3.0,Skills,19,7,two_level_random_sample,EXP_20260413_101441
19-2032.00,Materials Scientists,Reading Comprehension,4.0,Skills,19,7,two_level_random_sample,EXP_20260413_101441
19-2032.00,Materials Scientists,Active Listening,4.0,Skills,19,7,two_level_random_sample,EXP_20260413_101441
19-2032.00,Materials Scientists,Writing,3.88,Skills,19,7,two_level_random_sample,EXP_20260413_101441
19-2032.00,Materials Scientists,Speaking,3.75,Skills,19,7,two_level_random_sample,EXP_20260413_101441
19-2032.00,Materials Scientists,Mathematics,3.5,Skills,19,7,two_level_random_sample,EXP_20260413_101441
19-2032.00,Materials Scientists,Science,4.0,Skills,19,7,two_level_random_sample,EXP_20260413_101441
19-2032.00,Materials Scientists,Critical Thinking,4.0,Skills,19,7,two_level_random_sample,EXP_20260413_101441
19-2032.00,Materials Scientists,Active Learning,3.75,Skills,19,7,two_level_random_sample,EXP_20260413_101441
19-2032.00,Materials Scientists,Learning Strategies,3.0,Skills,19,7,two_level_random_sample,EXP_20260413_101441
19-2032.00,Materials Scientists,Monitoring,3.12,Skills,19,7,two_level_random_sample,EXP_20260413_101441
19-2032.00,Materials Scientists,Social Perceptiveness,3.0,Skills,19,7,two_level_random_sample,EXP_20260413_101441
19-2032.00,Materials Scientists,Coordination,3.0,Skills,19,7,two_level_random_sample,EXP_20260413_101441
19-2032.00,Materials Scientists,Persuasion,3.12,Skills,19,7,two_level_random_sample,EXP_20260413_101441
19-2032.00,Materials Scientists,Negotiation,2.62,Skills,19,7,two_level_random_sample,EXP_20260413_101441
19-2032.00,Materials Scientists,Instructing,2.88,Skills,19,7,two_level_random_sample,EXP_20260413_101441
19-2032.00,Materials Scientists,Service Orientation,2.75,Skills,19,7,two_level_random_sample,EXP_20260413_101441
19-2032.00,Materials Scientists,Complex Problem Solving,4.0,Skills,19,7,two_level_random_sample,EXP_20260413_101441
19-2032.00,Materials Scientists,Operations Analysis,3.12,Skills,19,7,two_level_random_sample,EXP_20260413_101441
19-2032.00,Materials Scientists,Technology Design,1.88,Skills,19,7,two_level_random_sample,EXP_20260413_101441
19-2032.00,Materials Scientists,Equipment Selection,1.38,Skills,19,7,two_level_random_sample,EXP_20260413_101441
19-2032.00,Materials Scientists,Installation,1.0,Skills,19,7,two_level_random_sample,EXP_20260413_101441
19-2032.00,Materials Scientists,Programming,1.88,Skills,19,7,two_level_random_sample,EXP_20260413_101441
19-2032.00,Materials Scientists,Operations Monitoring,2.75,Skills,19,7,two_level_random_sample,EXP_20260413_101441
19-2032.00,Materials Scientists,Operation and Control,2.0,Skills,19,7,two_level_random_sample,EXP_20260413_101441
19-2032.00,Materials Scientists,Equipment Maintenance,1.38,Skills,19,7,two_level_random_sample,EXP_20260413_101441
19-2032.00,Materials Scientists,Troubleshooting,2.0,Skills,19,7,two_level_random_sample,EXP_20260413_101441
19-2032.00,Materials Scientists,Repairing,1.38,Skills,19,7,two_level_random_sample,EXP_20260413_101441
19-2032.00,Materials Scientists,Quality Control Analysis,2.88,Skills,19,7,two_level_random_sample,EXP_20260413_101441
19-2032.00,Materials Scientists,Judgment and Decision Making,3.62,Skills,19,7,two_level_random_sample,EXP_20260413_101441
19-2032.00,Materials Scientists,Systems Analysis,3.0,Skills,19,7,two_level_random_sample,EXP_20260413_101441
19-2032.00,Materials Scientists,Systems Evaluation,3.12,Skills,19,7,two_level_random_sample,EXP_20260413_101441
19-2032.00,Materials Scientists,Time Management,3.0,Skills,19,7,two_level_random_sample,EXP_20260413_101441
19-2032.00,Materials Scientists,Management of Financial Resources,2.12,Skills,19,7,two_level_random_sample,EXP_20260413_101441
19-2032.00,Materials Scientists,Management of Material Resources,2.12,Skills,19,7,two_level_random_sample,EXP_20260413_101441
19-2032.00,Materials Scientists,Management of Personnel Resources,2.5,Skills,19,7,two_level_random_sample,EXP_20260413_101441
19-3011.00,Economists,Reading Comprehension,4.12,Skills,19,7,two_level_random_sample,EXP_20260413_101441
19-3011.00,Economists,Active Listening,4.0,Skills,19,7,two_level_random_sample,EXP_20260413_101441
19-3011.00,Economists,Writing,4.0,Skills,19,7,two_level_random_sample,EXP_20260413_101441
19-3011.00,Economists,Speaking,4.0,Skills,19,7,two_level_random_sample,EXP_20260413_101441
19-3011.00,Economists,Mathematics,4.12,Skills,19,7,two_level_random_sample,EXP_20260413_101441
19-3011.00,Economists,Science,1.88,Skills,19,7,two_level_random_sample,EXP_20260413_101441
19-3011.00,Economists,Critical Thinking,4.12,Skills,19,7,two_level_random_sample,EXP_20260413_101441
19-3011.00,Economists,Active Learning,3.75,Skills,19,7,two_level_random_sample,EXP_20260413_101441
19-3011.00,Economists,Learning Strategies,3.12,Skills,19,7,two_level_random_sample,EXP_20260413_101441
19-3011.00,Economists,Monitoring,3.12,Skills,19,7,two_level_random_sample,EXP_20260413_101441
19-3011.00,Economists,Social Perceptiveness,3.0,Skills,19,7,two_level_random_sample,EXP_20260413_101441
19-3011.00,Economists,Coordination,3.0,Skills,19,7,two_level_random_sample,EXP_20260413_101441
19-3011.00,Economists,Persuasion,3.0,Skills,19,7,two_level_random_sample,EXP_20260413_101441
19-3011.00,Economists,Negotiation,2.25,Skills,19,7,two_level_random_sample,EXP_20260413_101441
19-3011.00,Economists,Instructing,3.25,Skills,19,7,two_level_random_sample,EXP_20260413_101441
19-3011.00,Economists,Service Orientation,3.0,Skills,19,7,two_level_random_sample,EXP_20260413_101441
19-3011.00,Economists,Complex Problem Solving,3.75,Skills,19,7,two_level_random_sample,EXP_20260413_101441
19-3011.00,Economists,Operations Analysis,2.62,Skills,19,7,two_level_random_sample,EXP_20260413_101441
19-3011.00,Economists,Technology Design,1.38,Skills,19,7,two_level_random_sample,EXP_20260413_101441
19-3011.00,Economists,Equipment Selection,1.0,Skills,19,7,two_level_random_sample,EXP_20260413_101441
19-3011.00,Economists,Installation,1.0,Skills,19,7,two_level_random_sample,EXP_20260413_101441
19-3011.00,Economists,Programming,2.12,Skills,19,7,two_level_random_sample,EXP_20260413_101441
19-3011.00,Economists,Operations Monitoring,1.5,Skills,19,7,two_level_random_sample,EXP_20260413_101441
19-3011.00,Economists,Operation and Control,1.0,Skills,19,7,two_level_random_sample,EXP_20260413_101441
19-3011.00,Economists,Equipment Maintenance,1.0,Skills,19,7,two_level_random_sample,EXP_20260413_101441
19-3011.00,Economists,Troubleshooting,1.0,Skills,19,7,two_level_random_sample,EXP_20260413_101441
19-3011.00,Economists,Repairing,1.0,Skills,19,7,two_level_random_sample,EXP_20260413_101441
19-3011.00,Economists,Quality Control Analysis,1.25,Skills,19,7,two_level_random_sample,EXP_20260413_101441
19-3011.00,Economists,Judgment and Decision Making,4.0,Skills,19,7,two_level_random_sample,EXP_20260413_101441
19-3011.00,Economists,Systems Analysis,3.12,Skills,19,7,two_level_random_sample,EXP_20260413_101441
19-3011.00,Economists,Systems Evaluation,3.25,Skills,19,7,two_level_random_sample,EXP_20260413_101441
19-3011.00,Economists,Time Management,3.0,Skills,19,7,two_level_random_sample,EXP_20260413_101441
19-3011.00,Economists,Management of Financial Resources,1.62,Skills,19,7,two_level_random_sample,EXP_20260413_101441
19-3011.00,Economists,Management of Material Resources,1.62,Skills,19,7,two_level_random_sample,EXP_20260413_101441
19-3011.00,Economists,Management of Personnel Resources,2.5,Skills,19,7,two_level_random_sample,EXP_20260413_101441
19-3091.00,Anthropologists and Archeologists,Reading Comprehension,4.12,Skills,19,7,two_level_random_sample,EXP_20260413_101441
19-3091.00,Anthropologists and Archeologists,Active Listening,4.12,Skills,19,7,two_level_random_sample,EXP_20260413_101441
19-3091.00,Anthropologists and Archeologists,Writing,4.25,Skills,19,7,two_level_random_sample,EXP_20260413_101441
19-3091.00,Anthropologists and Archeologists,Speaking,4.25,Skills,19,7,two_level_random_sample,EXP_20260413_101441
19-3091.00,Anthropologists and Archeologists,Mathematics,2.75,Skills,19,7,two_level_random_sample,EXP_20260413_101441
19-3091.00,Anthropologists and Archeologists,Science,3.0,Skills,19,7,two_level_random_sample,EXP_20260413_101441
19-3091.00,Anthropologists and Archeologists,Critical Thinking,4.12,Skills,19,7,two_level_random_sample,EXP_20260413_101441
19-3091.00,Anthropologists and Archeologists,Active Learning,3.88,Skills,19,7,two_level_random_sample,EXP_20260413_101441
19-3091.00,Anthropologists and Archeologists,Learning Strategies,3.38,Skills,19,7,two_level_random_sample,EXP_20260413_101441
19-3091.00,Anthropologists and Archeologists,Monitoring,3.5,Skills,19,7,two_level_random_sample,EXP_20260413_101441
19-3091.00,Anthropologists and Archeologists,Social Perceptiveness,3.12,Skills,19,7,two_level_random_sample,EXP_20260413_101441
19-3091.00,Anthropologists and Archeologists,Coordination,3.12,Skills,19,7,two_level_random_sample,EXP_20260413_101441
19-3091.00,Anthropologists and Archeologists,Persuasion,2.88,Skills,19,7,two_level_random_sample,EXP_20260413_101441
19-3091.00,Anthropologists and Archeologists,Negotiation,2.62,Skills,19,7,two_level_random_sample,EXP_20260413_101441
19-3091.00,Anthropologists and Archeologists,Instructing,3.25,Skills,19,7,two_level_random_sample,EXP_20260413_101441
19-3091.00,Anthropologists and Archeologists,Service Orientation,2.75,Skills,19,7,two_level_random_sample,EXP_20260413_101441
19-3091.00,Anthropologists and Archeologists,Complex Problem Solving,3.75,Skills,19,7,two_level_random_sample,EXP_20260413_101441
19-3091.00,Anthropologists and Archeologists,Operations Analysis,1.5,Skills,19,7,two_level_random_sample,EXP_20260413_101441
19-3091.00,Anthropologists and Archeologists,Technology Design,1.5,Skills,19,7,two_level_random_sample,EXP_20260413_101441
19-3091.00,Anthropologists and Archeologists,Equipment Selection,1.12,Skills,19,7,two_level_random_sample,EXP_20260413_101441
19-3091.00,Anthropologists and Archeologists,Installation,1.0,Skills,19,7,two_level_random_sample,EXP_20260413_101441
19-3091.00,Anthropologists and Archeologists,Programming,1.5,Skills,19,7,two_level_random_sample,EXP_20260413_101441
19-3091.00,Anthropologists and Archeologists,Operations Monitoring,1.75,Skills,19,7,two_level_random_sample,EXP_20260413_101441
19-3091.00,Anthropologists and Archeologists,Operation and Control,1.5,Skills,19,7,two_level_random_sample,EXP_20260413_101441
19-3091.00,Anthropologists and Archeologists,Equipment Maintenance,1.0,Skills,19,7,two_level_random_sample,EXP_20260413_101441
19-3091.00,Anthropologists and Archeologists,Troubleshooting,1.0,Skills,19,7,two_level_random_sample,EXP_20260413_101441
19-3091.00,Anthropologists and Archeologists,Repairing,1.0,Skills,19,7,two_level_random_sample,EXP_20260413_101441
19-3091.00,Anthropologists and Archeologists,Quality Control Analysis,1.62,Skills,19,7,two_level_random_sample,EXP_20260413_101441
19-3091.00,Anthropologists and Archeologists,Judgment and Decision Making,3.25,Skills,19,7,two_level_random_sample,EXP_20260413_101441
19-3091.00,Anthropologists and Archeologists,Systems Analysis,3.0,Skills,19,7,two_level_random_sample,EXP_20260413_101441
19-3091.00,Anthropologists and Archeologists,Systems Evaluation,2.88,Skills,19,7,two_level_random_sample,EXP_20260413_101441
19-3091.00,Anthropologists and Archeologists,Time Management,3.0,Skills,19,7,two_level_random_sample,EXP_20260413_101441
19-3091.00,Anthropologists and Archeologists,Management of Financial Resources,1.88,Skills,19,7,two_level_random_sample,EXP_20260413_101441
19-3091.00,Anthropologists and Archeologists,Management of Material Resources,2.0,Skills,19,7,two_level_random_sample,EXP_20260413_101441
19-3091.00,Anthropologists and Archeologists,Management of Personnel Resources,3.0,Skills,19,7,two_level_random_sample,EXP_20260413_101441
19-4013.00,Food Science Technicians,Reading Comprehension,3.75,Skills,19,7,two_level_random_sample,EXP_20260413_101441
19-4013.00,Food Science Technicians,Active Listening,3.5,Skills,19,7,two_level_random_sample,EXP_20260413_101441
19-4013.00,Food Science Technicians,Writing,3.5,Skills,19,7,two_level_random_sample,EXP_20260413_101441
19-4013.00,Food Science Technicians,Speaking,3.5,Skills,19,7,two_level_random_sample,EXP_20260413_101441
19-4013.00,Food Science Technicians,Mathematics,2.75,Skills,19,7,two_level_random_sample,EXP_20260413_101441
19-4013.00,Food Science Technicians,Science,3.25,Skills,19,7,two_level_random_sample,EXP_20260413_101441
19-4013.00,Food Science Technicians,Critical Thinking,3.25,Skills,19,7,two_level_random_sample,EXP_20260413_101441
19-4013.00,Food Science Technicians,Active Learning,3.0,Skills,19,7,two_level_random_sample,EXP_20260413_101441
19-4013.00,Food Science Technicians,Learning Strategies,2.88,Skills,19,7,two_level_random_sample,EXP_20260413_101441
19-4013.00,Food Science Technicians,Monitoring,3.12,Skills,19,7,two_level_random_sample,EXP_20260413_101441
19-4013.00,Food Science Technicians,Social Perceptiveness,2.88,Skills,19,7,two_level_random_sample,EXP_20260413_101441
19-4013.00,Food Science Technicians,Coordination,3.12,Skills,19,7,two_level_random_sample,EXP_20260413_101441
19-4013.00,Food Science Technicians,Persuasion,2.0,Skills,19,7,two_level_random_sample,EXP_20260413_101441
19-4013.00,Food Science Technicians,Negotiation,2.0,Skills,19,7,two_level_random_sample,EXP_20260413_101441
19-4013.00,Food Science Technicians,Instructing,3.0,Skills,19,7,two_level_random_sample,EXP_20260413_101441
19-4013.00,Food Science Technicians,Service Orientation,2.25,Skills,19,7,two_level_random_sample,EXP_20260413_101441
19-4013.00,Food Science Technicians,Complex Problem Solving,3.12,Skills,19,7,two_level_random_sample,EXP_20260413_101441
19-4013.00,Food Science Technicians,Operations Analysis,1.38,Skills,19,7,two_level_random_sample,EXP_20260413_101441
19-4013.00,Food Science Technicians,Technology Design,1.38,Skills,19,7,two_level_random_sample,EXP_20260413_101441
19-4013.00,Food Science Technicians,Equipment Selection,1.62,Skills,19,7,two_level_random_sample,EXP_20260413_101441
19-4013.00,Food Science Technicians,Installation,1.0,Skills,19,7,two_level_random_sample,EXP_20260413_101441
19-4013.00,Food Science Technicians,Programming,1.38,Skills,19,7,two_level_random_sample,EXP_20260413_101441
19-4013.00,Food Science Technicians,Operations Monitoring,2.75,Skills,19,7,two_level_random_sample,EXP_20260413_101441
19-4013.00,Food Science Technicians,Operation and Control,2.12,Skills,19,7,two_level_random_sample,EXP_20260413_101441
19-4013.00,Food Science Technicians,Equipment Maintenance,2.0,Skills,19,7,two_level_random_sample,EXP_20260413_101441
19-4013.00,Food Science Technicians,Troubleshooting,2.12,Skills,19,7,two_level_random_sample,EXP_20260413_101441
19-4013.00,Food Science Technicians,Repairing,1.75,Skills,19,7,two_level_random_sample,EXP_20260413_101441
19-4013.00,Food Science Technicians,Quality Control Analysis,3.12,Skills,19,7,two_level_random_sample,EXP_20260413_101441
19-4013.00,Food Science Technicians,Judgment and Decision Making,3.0,Skills,19,7,two_level_random_sample,EXP_20260413_101441
19-4013.00,Food Science Technicians,Systems Analysis,2.25,Skills,19,7,two_level_random_sample,EXP_20260413_101441
19-4013.00,Food Science Technicians,Systems Evaluation,2.38,Skills,19,7,two_level_random_sample,EXP_20260413_101441
19-4013.00,Food Science Technicians,Time Management,3.0,Skills,19,7,two_level_random_sample,EXP_20260413_101441
19-4013.00,Food Science Technicians,Management of Financial Resources,1.5,Skills,19,7,two_level_random_sample,EXP_20260413_101441
19-4013.00,Food Science Technicians,Management of Material Resources,2.0,Skills,19,7,two_level_random_sample,EXP_20260413_101441
19-4013.00,Food Science Technicians,Management of Personnel Resources,2.62,Skills,19,7,two_level_random_sample,EXP_20260413_101441
31-1122.00,Personal Care Aides,Reading Comprehension,2.88,Skills,31,7,two_level_random_sample,EXP_20260413_101441
31-1122.00,Personal Care Aides,Active Listening,3.38,Skills,31,7,two_level_random_sample,EXP_20260413_101441
31-1122.00,Personal Care Aides,Writing,2.88,Skills,31,7,two_level_random_sample,EXP_20260413_101441
31-1122.00,Personal Care Aides,Speaking,3.0,Skills,31,7,two_level_random_sample,EXP_20260413_101441
31-1122.00,Personal Care Aides,Mathematics,2.0,Skills,31,7,two_level_random_sample,EXP_20260413_101441
31-1122.00,Personal Care Aides,Science,1.75,Skills,31,7,two_level_random_sample,EXP_20260413_101441
31-1122.00,Personal Care Aides,Critical Thinking,3.25,Skills,31,7,two_level_random_sample,EXP_20260413_101441
31-1122.00,Personal Care Aides,Active Learning,2.88,Skills,31,7,two_level_random_sample,EXP_20260413_101441
31-1122.00,Personal Care Aides,Learning Strategies,2.75,Skills,31,7,two_level_random_sample,EXP_20260413_101441
31-1122.00,Personal Care Aides,Monitoring,3.25,Skills,31,7,two_level_random_sample,EXP_20260413_101441
31-1122.00,Personal Care Aides,Social Perceptiveness,3.88,Skills,31,7,two_level_random_sample,EXP_20260413_101441
31-1122.00,Personal Care Aides,Coordination,3.12,Skills,31,7,two_level_random_sample,EXP_20260413_101441
31-1122.00,Personal Care Aides,Persuasion,2.38,Skills,31,7,two_level_random_sample,EXP_20260413_101441
31-1122.00,Personal Care Aides,Negotiation,2.38,Skills,31,7,two_level_random_sample,EXP_20260413_101441
31-1122.00,Personal Care Aides,Instructing,3.0,Skills,31,7,two_level_random_sample,EXP_20260413_101441
31-1122.00,Personal Care Aides,Service Orientation,4.0,Skills,31,7,two_level_random_sample,EXP_20260413_101441
31-1122.00,Personal Care Aides,Complex Problem Solving,2.88,Skills,31,7,two_level_random_sample,EXP_20260413_101441
31-1122.00,Personal Care Aides,Operations Analysis,1.12,Skills,31,7,two_level_random_sample,EXP_20260413_101441
31-1122.00,Personal Care Aides,Technology Design,1.25,Skills,31,7,two_level_random_sample,EXP_20260413_101441
31-1122.00,Personal Care Aides,Equipment Selection,1.0,Skills,31,7,two_level_random_sample,EXP_20260413_101441
31-1122.00,Personal Care Aides,Installation,1.0,Skills,31,7,two_level_random_sample,EXP_20260413_101441
31-1122.00,Personal Care Aides,Programming,1.12,Skills,31,7,two_level_random_sample,EXP_20260413_101441
31-1122.00,Personal Care Aides,Operations Monitoring,2.38,Skills,31,7,two_level_random_sample,EXP_20260413_101441
31-1122.00,Personal Care Aides,Operation and Control,2.0,Skills,31,7,two_level_random_sample,EXP_20260413_101441
31-1122.00,Personal Care Aides,Equipment Maintenance,1.0,Skills,31,7,two_level_random_sample,EXP_20260413_101441
31-1122.00,Personal Care Aides,Troubleshooting,1.88,Skills,31,7,two_level_random_sample,EXP_20260413_101441
31-1122.00,Personal Care Aides,Repairing,1.0,Skills,31,7,two_level_random_sample,EXP_20260413_101441
31-1122.00,Personal Care Aides,Quality Control Analysis,2.0,Skills,31,7,two_level_random_sample,EXP_20260413_101441
31-1122.00,Personal Care Aides,Judgment and Decision Making,2.88,Skills,31,7,two_level_random_sample,EXP_20260413_101441
31-1122.00,Personal Care Aides,Systems Analysis,2.12,Skills,31,7,two_level_random_sample,EXP_20260413_101441
31-1122.00,Personal Care Aides,Systems Evaluation,2.25,Skills,31,7,two_level_random_sample,EXP_20260413_101441
31-1122.00,Personal Care Aides,Time Management,3.0,Skills,31,7,two_level_random_sample,EXP_20260413_101441
31-1122.00,Personal Care Aides,Management of Financial Resources,1.38,Skills,31,7,two_level_random_sample,EXP_20260413_101441
31-1122.00,Personal Care Aides,Management of Material Resources,1.75,Skills,31,7,two_level_random_sample,EXP_20260413_101441
31-1122.00,Personal Care Aides,Management of Personnel Resources,2.25,Skills,31,7,two_level_random_sample,EXP_20260413_101441
31-1133.00,Psychiatric Aides,Reading Comprehension,3.12,Skills,31,7,two_level_random_sample,EXP_20260413_101441
31-1133.00,Psychiatric Aides,Active Listening,3.75,Skills,31,7,two_level_random_sample,EXP_20260413_101441
31-1133.00,Psychiatric Aides,Writing,3.12,Skills,31,7,two_level_random_sample,EXP_20260413_101441
31-1133.00,Psychiatric Aides,Speaking,3.88,Skills,31,7,two_level_random_sample,EXP_20260413_101441
31-1133.00,Psychiatric Aides,Mathematics,2.12,Skills,31,7,two_level_random_sample,EXP_20260413_101441
31-1133.00,Psychiatric Aides,Science,1.75,Skills,31,7,two_level_random_sample,EXP_20260413_101441
31-1133.00,Psychiatric Aides,Critical Thinking,3.38,Skills,31,7,two_level_random_sample,EXP_20260413_101441
31-1133.00,Psychiatric Aides,Active Learning,3.25,Skills,31,7,two_level_random_sample,EXP_20260413_101441
31-1133.00,Psychiatric Aides,Learning Strategies,2.88,Skills,31,7,two_level_random_sample,EXP_20260413_101441
31-1133.00,Psychiatric Aides,Monitoring,3.75,Skills,31,7,two_level_random_sample,EXP_20260413_101441
31-1133.00,Psychiatric Aides,Social Perceptiveness,3.88,Skills,31,7,two_level_random_sample,EXP_20260413_101441
31-1133.00,Psychiatric Aides,Coordination,3.25,Skills,31,7,two_level_random_sample,EXP_20260413_101441
31-1133.00,Psychiatric Aides,Persuasion,3.0,Skills,31,7,two_level_random_sample,EXP_20260413_101441
31-1133.00,Psychiatric Aides,Negotiation,3.0,Skills,31,7,two_level_random_sample,EXP_20260413_101441
31-1133.00,Psychiatric Aides,Instructing,3.12,Skills,31,7,two_level_random_sample,EXP_20260413_101441
31-1133.00,Psychiatric Aides,Service Orientation,3.88,Skills,31,7,two_level_random_sample,EXP_20260413_101441
31-1133.00,Psychiatric Aides,Complex Problem Solving,3.12,Skills,31,7,two_level_random_sample,EXP_20260413_101441
31-1133.00,Psychiatric Aides,Operations Analysis,1.25,Skills,31,7,two_level_random_sample,EXP_20260413_101441
31-1133.00,Psychiatric Aides,Technology Design,1.62,Skills,31,7,two_level_random_sample,EXP_20260413_101441
31-1133.00,Psychiatric Aides,Equipment Selection,1.0,Skills,31,7,two_level_random_sample,EXP_20260413_101441
31-1133.00,Psychiatric Aides,Installation,1.0,Skills,31,7,two_level_random_sample,EXP_20260413_101441
31-1133.00,Psychiatric Aides,Programming,1.12,Skills,31,7,two_level_random_sample,EXP_20260413_101441
31-1133.00,Psychiatric Aides,Operations Monitoring,2.0,Skills,31,7,two_level_random_sample,EXP_20260413_101441
31-1133.00,Psychiatric Aides,Operation and Control,2.0,Skills,31,7,two_level_random_sample,EXP_20260413_101441
31-1133.00,Psychiatric Aides,Equipment Maintenance,1.0,Skills,31,7,two_level_random_sample,EXP_20260413_101441
31-1133.00,Psychiatric Aides,Troubleshooting,2.0,Skills,31,7,two_level_random_sample,EXP_20260413_101441
31-1133.00,Psychiatric Aides,Repairing,1.0,Skills,31,7,two_level_random_sample,EXP_20260413_101441
31-1133.00,Psychiatric Aides,Quality Control Analysis,2.0,Skills,31,7,two_level_random_sample,EXP_20260413_101441
31-1133.00,Psychiatric Aides,Judgment and Decision Making,3.12,Skills,31,7,two_level_random_sample,EXP_20260413_101441
31-1133.00,Psychiatric Aides,Systems Analysis,2.0,Skills,31,7,two_level_random_sample,EXP_20260413_101441
31-1133.00,Psychiatric Aides,Systems Evaluation,2.38,Skills,31,7,two_level_random_sample,EXP_20260413_101441
31-1133.00,Psychiatric Aides,Time Management,2.88,Skills,31,7,two_level_random_sample,EXP_20260413_101441
31-1133.00,Psychiatric Aides,Management of Financial Resources,1.88,Skills,31,7,two_level_random_sample,EXP_20260413_101441
31-1133.00,Psychiatric Aides,Management of Material Resources,1.88,Skills,31,7,two_level_random_sample,EXP_20260413_101441
31-1133.00,Psychiatric Aides,Management of Personnel Resources,2.25,Skills,31,7,two_level_random_sample,EXP_20260413_101441
31-2022.00,Physical Therapist Aides,Reading Comprehension,3.12,Skills,31,7,two_level_random_sample,EXP_20260413_101441
31-2022.00,Physical Therapist Aides,Active Listening,3.62,Skills,31,7,two_level_random_sample,EXP_20260413_101441
31-2022.00,Physical Therapist Aides,Writing,3.0,Skills,31,7,two_level_random_sample,EXP_20260413_101441
31-2022.00,Physical Therapist Aides,Speaking,3.0,Skills,31,7,two_level_random_sample,EXP_20260413_101441
31-2022.00,Physical Therapist Aides,Mathematics,2.0,Skills,31,7,two_level_random_sample,EXP_20260413_101441
31-2022.00,Physical Therapist Aides,Science,1.88,Skills,31,7,two_level_random_sample,EXP_20260413_101441
31-2022.00,Physical Therapist Aides,Critical Thinking,3.0,Skills,31,7,two_level_random_sample,EXP_20260413_101441
31-2022.00,Physical Therapist Aides,Active Learning,3.0,Skills,31,7,two_level_random_sample,EXP_20260413_101441
31-2022.00,Physical Therapist Aides,Learning Strategies,2.62,Skills,31,7,two_level_random_sample,EXP_20260413_101441
31-2022.00,Physical Therapist Aides,Monitoring,3.25,Skills,31,7,two_level_random_sample,EXP_20260413_101441
31-2022.00,Physical Therapist Aides,Social Perceptiveness,3.12,Skills,31,7,two_level_random_sample,EXP_20260413_101441
31-2022.00,Physical Therapist Aides,Coordination,3.12,Skills,31,7,two_level_random_sample,EXP_20260413_101441
31-2022.00,Physical Therapist Aides,Persuasion,2.88,Skills,31,7,two_level_random_sample,EXP_20260413_101441
31-2022.00,Physical Therapist Aides,Negotiation,2.25,Skills,31,7,two_level_random_sample,EXP_20260413_101441
31-2022.00,Physical Therapist Aides,Instructing,3.0,Skills,31,7,two_level_random_sample,EXP_20260413_101441
31-2022.00,Physical Therapist Aides,Service Orientation,3.25,Skills,31,7,two_level_random_sample,EXP_20260413_101441
31-2022.00,Physical Therapist Aides,Complex Problem Solving,2.88,Skills,31,7,two_level_random_sample,EXP_20260413_101441
31-2022.00,Physical Therapist Aides,Operations Analysis,1.62,Skills,31,7,two_level_random_sample,EXP_20260413_101441
31-2022.00,Physical Therapist Aides,Technology Design,1.88,Skills,31,7,two_level_random_sample,EXP_20260413_101441
31-2022.00,Physical Therapist Aides,Equipment Selection,1.25,Skills,31,7,two_level_random_sample,EXP_20260413_101441
31-2022.00,Physical Therapist Aides,Installation,1.0,Skills,31,7,two_level_random_sample,EXP_20260413_101441
31-2022.00,Physical Therapist Aides,Programming,1.25,Skills,31,7,two_level_random_sample,EXP_20260413_101441
31-2022.00,Physical Therapist Aides,Operations Monitoring,2.12,Skills,31,7,two_level_random_sample,EXP_20260413_101441
31-2022.00,Physical Therapist Aides,Operation and Control,1.62,Skills,31,7,two_level_random_sample,EXP_20260413_101441
31-2022.00,Physical Therapist Aides,Equipment Maintenance,1.5,Skills,31,7,two_level_random_sample,EXP_20260413_101441
31-2022.00,Physical Therapist Aides,Troubleshooting,2.0,Skills,31,7,two_level_random_sample,EXP_20260413_101441
31-2022.00,Physical Therapist Aides,Repairing,1.0,Skills,31,7,two_level_random_sample,EXP_20260413_101441
31-2022.00,Physical Therapist Aides,Quality Control Analysis,2.0,Skills,31,7,two_level_random_sample,EXP_20260413_101441
31-2022.00,Physical Therapist Aides,Judgment and Decision Making,2.75,Skills,31,7,two_level_random_sample,EXP_20260413_101441
31-2022.00,Physical Therapist Aides,Systems Analysis,2.25,Skills,31,7,two_level_random_sample,EXP_20260413_101441
31-2022.00,Physical Therapist Aides,Systems Evaluation,2.0,Skills,31,7,two_level_random_sample,EXP_20260413_101441
31-2022.00,Physical Therapist Aides,Time Management,3.0,Skills,31,7,two_level_random_sample,EXP_20260413_101441
31-2022.00,Physical Therapist Aides,Management of Financial Resources,1.38,Skills,31,7,two_level_random_sample,EXP_20260413_101441
31-2022.00,Physical Therapist Aides,Management of Material Resources,1.5,Skills,31,7,two_level_random_sample,EXP_20260413_101441
31-2022.00,Physical Therapist Aides,Management of Personnel Resources,2.12,Skills,31,7,two_level_random_sample,EXP_20260413_101441
31-9091.00,Dental Assistants,Reading Comprehension,3.25,Skills,31,7,two_level_random_sample,EXP_20260413_101441
31-9091.00,Dental Assistants,Active Listening,3.88,Skills,31,7,two_level_random_sample,EXP_20260413_101441
31-9091.00,Dental Assistants,Writing,3.0,Skills,31,7,two_level_random_sample,EXP_20260413_101441
31-9091.00,Dental Assistants,Speaking,3.38,Skills,31,7,two_level_random_sample,EXP_20260413_101441
31-9091.00,Dental Assistants,Mathematics,2.12,Skills,31,7,two_level_random_sample,EXP_20260413_101441
31-9091.00,Dental Assistants,Science,2.0,Skills,31,7,two_level_random_sample,EXP_20260413_101441
31-9091.00,Dental Assistants,Critical Thinking,3.0,Skills,31,7,two_level_random_sample,EXP_20260413_101441
31-9091.00,Dental Assistants,Active Learning,3.12,Skills,31,7,two_level_random_sample,EXP_20260413_101441
31-9091.00,Dental Assistants,Learning Strategies,2.5,Skills,31,7,two_level_random_sample,EXP_20260413_101441
31-9091.00,Dental Assistants,Monitoring,3.12,Skills,31,7,two_level_random_sample,EXP_20260413_101441
31-9091.00,Dental Assistants,Social Perceptiveness,3.12,Skills,31,7,two_level_random_sample,EXP_20260413_101441
31-9091.00,Dental Assistants,Coordination,2.88,Skills,31,7,two_level_random_sample,EXP_20260413_101441
31-9091.00,Dental Assistants,Persuasion,2.5,Skills,31,7,two_level_random_sample,EXP_20260413_101441
31-9091.00,Dental Assistants,Negotiation,2.5,Skills,31,7,two_level_random_sample,EXP_20260413_101441
31-9091.00,Dental Assistants,Instructing,3.12,Skills,31,7,two_level_random_sample,EXP_20260413_101441
31-9091.00,Dental Assistants,Service Orientation,3.12,Skills,31,7,two_level_random_sample,EXP_20260413_101441
31-9091.00,Dental Assistants,Complex Problem Solving,3.0,Skills,31,7,two_level_random_sample,EXP_20260413_101441
31-9091.00,Dental Assistants,Operations Analysis,1.75,Skills,31,7,two_level_random_sample,EXP_20260413_101441
31-9091.00,Dental Assistants,Technology Design,1.75,Skills,31,7,two_level_random_sample,EXP_20260413_101441
31-9091.00,Dental Assistants,Equipment Selection,2.0,Skills,31,7,two_level_random_sample,EXP_20260413_101441
31-9091.00,Dental Assistants,Installation,1.0,Skills,31,7,two_level_random_sample,EXP_20260413_101441
31-9091.00,Dental Assistants,Programming,1.38,Skills,31,7,two_level_random_sample,EXP_20260413_101441
31-9091.00,Dental Assistants,Operations Monitoring,2.62,Skills,31,7,two_level_random_sample,EXP_20260413_101441
31-9091.00,Dental Assistants,Operation and Control,2.12,Skills,31,7,two_level_random_sample,EXP_20260413_101441
31-9091.00,Dental Assistants,Equipment Maintenance,1.88,Skills,31,7,two_level_random_sample,EXP_20260413_101441
31-9091.00,Dental Assistants,Troubleshooting,2.0,Skills,31,7,two_level_random_sample,EXP_20260413_101441
31-9091.00,Dental Assistants,Repairing,1.88,Skills,31,7,two_level_random_sample,EXP_20260413_101441
31-9091.00,Dental Assistants,Quality Control Analysis,2.5,Skills,31,7,two_level_random_sample,EXP_20260413_101441
31-9091.00,Dental Assistants,Judgment and Decision Making,2.88,Skills,31,7,two_level_random_sample,EXP_20260413_101441
31-9091.00,Dental Assistants,Systems Analysis,2.38,Skills,31,7,two_level_random_sample,EXP_20260413_101441
31-9091.00,Dental Assistants,Systems Evaluation,2.12,Skills,31,7,two_level_random_sample,EXP_20260413_101441
31-9091.00,Dental Assistants,Time Management,2.75,Skills,31,7,two_level_random_sample,EXP_20260413_101441
31-9091.00,Dental Assistants,Management of Financial Resources,1.75,Skills,31,7,two_level_random_sample,EXP_20260413_101441
31-9091.00,Dental Assistants,Management of Material Resources,2.12,Skills,31,7,two_level_random_sample,EXP_20260413_101441
31-9091.00,Dental Assistants,Management of Personnel Resources,2.25,Skills,31,7,two_level_random_sample,EXP_20260413_101441
31-9093.00,Medical Equipment Preparers,Reading Comprehension,3.12,Skills,31,7,two_level_random_sample,EXP_20260413_101441
31-9093.00,Medical Equipment Preparers,Active Listening,3.25,Skills,31,7,two_level_random_sample,EXP_20260413_101441
31-9093.00,Medical Equipment Preparers,Writing,2.88,Skills,31,7,two_level_random_sample,EXP_20260413_101441
31-9093.00,Medical Equipment Preparers,Speaking,3.12,Skills,31,7,two_level_random_sample,EXP_20260413_101441
31-9093.00,Medical Equipment Preparers,Mathematics,2.25,Skills,31,7,two_level_random_sample,EXP_20260413_101441
31-9093.00,Medical Equipment Preparers,Science,1.88,Skills,31,7,two_level_random_sample,EXP_20260413_101441
31-9093.00,Medical Equipment Preparers,Critical Thinking,3.5,Skills,31,7,two_level_random_sample,EXP_20260413_101441
31-9093.00,Medical Equipment Preparers,Active Learning,3.0,Skills,31,7,two_level_random_sample,EXP_20260413_101441
31-9093.00,Medical Equipment Preparers,Learning Strategies,2.75,Skills,31,7,two_level_random_sample,EXP_20260413_101441
31-9093.00,Medical Equipment Preparers,Monitoring,3.38,Skills,31,7,two_level_random_sample,EXP_20260413_101441
31-9093.00,Medical Equipment Preparers,Social Perceptiveness,2.75,Skills,31,7,two_level_random_sample,EXP_20260413_101441
31-9093.00,Medical Equipment Preparers,Coordination,3.0,Skills,31,7,two_level_random_sample,EXP_20260413_101441
31-9093.00,Medical Equipment Preparers,Persuasion,2.0,Skills,31,7,two_level_random_sample,EXP_20260413_101441
31-9093.00,Medical Equipment Preparers,Negotiation,1.75,Skills,31,7,two_level_random_sample,EXP_20260413_101441
31-9093.00,Medical Equipment Preparers,Instructing,2.12,Skills,31,7,two_level_random_sample,EXP_20260413_101441
31-9093.00,Medical Equipment Preparers,Service Orientation,2.75,Skills,31,7,two_level_random_sample,EXP_20260413_101441
31-9093.00,Medical Equipment Preparers,Complex Problem Solving,2.75,Skills,31,7,two_level_random_sample,EXP_20260413_101441
31-9093.00,Medical Equipment Preparers,Operations Analysis,1.38,Skills,31,7,two_level_random_sample,EXP_20260413_101441
31-9093.00,Medical Equipment Preparers,Technology Design,1.5,Skills,31,7,two_level_random_sample,EXP_20260413_101441
31-9093.00,Medical Equipment Preparers,Equipment Selection,2.0,Skills,31,7,two_level_random_sample,EXP_20260413_101441
31-9093.00,Medical Equipment Preparers,Installation,2.12,Skills,31,7,two_level_random_sample,EXP_20260413_101441
31-9093.00,Medical Equipment Preparers,Programming,1.62,Skills,31,7,two_level_random_sample,EXP_20260413_101441
31-9093.00,Medical Equipment Preparers,Operations Monitoring,3.25,Skills,31,7,two_level_random_sample,EXP_20260413_101441
31-9093.00,Medical Equipment Preparers,Operation and Control,2.88,Skills,31,7,two_level_random_sample,EXP_20260413_101441
31-9093.00,Medical Equipment Preparers,Equipment Maintenance,2.75,Skills,31,7,two_level_random_sample,EXP_20260413_101441
31-9093.00,Medical Equipment Preparers,Troubleshooting,3.12,Skills,31,7,two_level_random_sample,EXP_20260413_101441
31-9093.00,Medical Equipment Preparers,Repairing,2.38,Skills,31,7,two_level_random_sample,EXP_20260413_101441
31-9093.00,Medical Equipment Preparers,Quality Control Analysis,3.38,Skills,31,7,two_level_random_sample,EXP_20260413_101441
31-9093.00,Medical Equipment Preparers,Judgment and Decision Making,3.0,Skills,31,7,two_level_random_sample,EXP_20260413_101441
31-9093.00,Medical Equipment Preparers,Systems Analysis,2.5,Skills,31,7,two_level_random_sample,EXP_20260413_101441
31-9093.00,Medical Equipment Preparers,Systems Evaluation,2.12,Skills,31,7,two_level_random_sample,EXP_20260413_101441
31-9093.00,Medical Equipment Preparers,Time Management,3.0,Skills,31,7,two_level_random_sample,EXP_20260413_101441
31-9093.00,Medical Equipment Preparers,Management of Financial Resources,1.75,Skills,31,7,two_level_random_sample,EXP_20260413_101441
31-9093.00,Medical Equipment Preparers,Management of Material Resources,2.62,Skills,31,7,two_level_random_sample,EXP_20260413_101441
31-9093.00,Medical Equipment Preparers,Management of Personnel Resources,2.0,Skills,31,7,two_level_random_sample,EXP_20260413_101441
31-9094.00,Medical Transcriptionists,Reading Comprehension,4.0,Skills,31,7,two_level_random_sample,EXP_20260413_101441
31-9094.00,Medical Transcriptionists,Active Listening,4.12,Skills,31,7,two_level_random_sample,EXP_20260413_101441
31-9094.00,Medical Transcriptionists,Writing,3.88,Skills,31,7,two_level_random_sample,EXP_20260413_101441
31-9094.00,Medical Transcriptionists,Speaking,3.0,Skills,31,7,two_level_random_sample,EXP_20260413_101441
31-9094.00,Medical Transcriptionists,Mathematics,1.75,Skills,31,7,two_level_random_sample,EXP_20260413_101441
31-9094.00,Medical Transcriptionists,Science,1.5,Skills,31,7,two_level_random_sample,EXP_20260413_101441
31-9094.00,Medical Transcriptionists,Critical Thinking,3.0,Skills,31,7,two_level_random_sample,EXP_20260413_101441
31-9094.00,Medical Transcriptionists,Active Learning,2.88,Skills,31,7,two_level_random_sample,EXP_20260413_101441
31-9094.00,Medical Transcriptionists,Learning Strategies,2.12,Skills,31,7,two_level_random_sample,EXP_20260413_101441
31-9094.00,Medical Transcriptionists,Monitoring,3.12,Skills,31,7,two_level_random_sample,EXP_20260413_101441
31-9094.00,Medical Transcriptionists,Social Perceptiveness,2.75,Skills,31,7,two_level_random_sample,EXP_20260413_101441
31-9094.00,Medical Transcriptionists,Coordination,2.5,Skills,31,7,two_level_random_sample,EXP_20260413_101441
31-9094.00,Medical Transcriptionists,Persuasion,1.88,Skills,31,7,two_level_random_sample,EXP_20260413_101441
31-9094.00,Medical Transcriptionists,Negotiation,1.88,Skills,31,7,two_level_random_sample,EXP_20260413_101441
31-9094.00,Medical Transcriptionists,Instructing,2.12,Skills,31,7,two_level_random_sample,EXP_20260413_101441
31-9094.00,Medical Transcriptionists,Service Orientation,2.12,Skills,31,7,two_level_random_sample,EXP_20260413_101441
31-9094.00,Medical Transcriptionists,Complex Problem Solving,2.62,Skills,31,7,two_level_random_sample,EXP_20260413_101441
31-9094.00,Medical Transcriptionists,Operations Analysis,1.62,Skills,31,7,two_level_random_sample,EXP_20260413_101441
31-9094.00,Medical Transcriptionists,Technology Design,1.12,Skills,31,7,two_level_random_sample,EXP_20260413_101441
31-9094.00,Medical Transcriptionists,Equipment Selection,1.0,Skills,31,7,two_level_random_sample,EXP_20260413_101441
31-9094.00,Medical Transcriptionists,Installation,1.0,Skills,31,7,two_level_random_sample,EXP_20260413_101441
31-9094.00,Medical Transcriptionists,Programming,1.38,Skills,31,7,two_level_random_sample,EXP_20260413_101441
31-9094.00,Medical Transcriptionists,Operations Monitoring,1.5,Skills,31,7,two_level_random_sample,EXP_20260413_101441
31-9094.00,Medical Transcriptionists,Operation and Control,1.12,Skills,31,7,two_level_random_sample,EXP_20260413_101441
31-9094.00,Medical Transcriptionists,Equipment Maintenance,1.0,Skills,31,7,two_level_random_sample,EXP_20260413_101441
31-9094.00,Medical Transcriptionists,Troubleshooting,1.0,Skills,31,7,two_level_random_sample,EXP_20260413_101441
31-9094.00,Medical Transcriptionists,Repairing,1.0,Skills,31,7,two_level_random_sample,EXP_20260413_101441
31-9094.00,Medical Transcriptionists,Quality Control Analysis,1.62,Skills,31,7,two_level_random_sample,EXP_20260413_101441
31-9094.00,Medical Transcriptionists,Judgment and Decision Making,3.0,Skills,31,7,two_level_random_sample,EXP_20260413_101441
31-9094.00,Medical Transcriptionists,Systems Analysis,1.88,Skills,31,7,two_level_random_sample,EXP_20260413_101441
31-9094.00,Medical Transcriptionists,Systems Evaluation,1.88,Skills,31,7,two_level_random_sample,EXP_20260413_101441
31-9094.00,Medical Transcriptionists,Time Management,3.0,Skills,31,7,two_level_random_sample,EXP_20260413_101441
31-9094.00,Medical Transcriptionists,Management of Financial Resources,1.0,Skills,31,7,two_level_random_sample,EXP_20260413_101441
31-9094.00,Medical Transcriptionists,Management of Material Resources,1.12,Skills,31,7,two_level_random_sample,EXP_20260413_101441
31-9094.00,Medical Transcriptionists,Management of Personnel Resources,1.75,Skills,31,7,two_level_random_sample,EXP_20260413_101441
31-9095.00,Pharmacy Aides,Reading Comprehension,3.25,Skills,31,7,two_level_random_sample,EXP_20260413_101441
31-9095.00,Pharmacy Aides,Active Listening,3.5,Skills,31,7,two_level_random_sample,EXP_20260413_101441
31-9095.00,Pharmacy Aides,Writing,2.75,Skills,31,7,two_level_random_sample,EXP_20260413_101441
31-9095.00,Pharmacy Aides,Speaking,3.38,Skills,31,7,two_level_random_sample,EXP_20260413_101441
31-9095.00,Pharmacy Aides,Mathematics,2.5,Skills,31,7,two_level_random_sample,EXP_20260413_101441
31-9095.00,Pharmacy Aides,Science,1.5,Skills,31,7,two_level_random_sample,EXP_20260413_101441
31-9095.00,Pharmacy Aides,Critical Thinking,3.0,Skills,31,7,two_level_random_sample,EXP_20260413_101441
31-9095.00,Pharmacy Aides,Active Learning,2.88,Skills,31,7,two_level_random_sample,EXP_20260413_101441
31-9095.00,Pharmacy Aides,Learning Strategies,2.5,Skills,31,7,two_level_random_sample,EXP_20260413_101441
31-9095.00,Pharmacy Aides,Monitoring,2.75,Skills,31,7,two_level_random_sample,EXP_20260413_101441
31-9095.00,Pharmacy Aides,Social Perceptiveness,3.25,Skills,31,7,two_level_random_sample,EXP_20260413_101441
31-9095.00,Pharmacy Aides,Coordination,3.0,Skills,31,7,two_level_random_sample,EXP_20260413_101441
31-9095.00,Pharmacy Aides,Persuasion,2.25,Skills,31,7,two_level_random_sample,EXP_20260413_101441
31-9095.00,Pharmacy Aides,Negotiation,1.88,Skills,31,7,two_level_random_sample,EXP_20260413_101441
31-9095.00,Pharmacy Aides,Instructing,2.0,Skills,31,7,two_level_random_sample,EXP_20260413_101441
31-9095.00,Pharmacy Aides,Service Orientation,3.38,Skills,31,7,two_level_random_sample,EXP_20260413_101441
31-9095.00,Pharmacy Aides,Complex Problem Solving,2.75,Skills,31,7,two_level_random_sample,EXP_20260413_101441
31-9095.00,Pharmacy Aides,Operations Analysis,1.5,Skills,31,7,two_level_random_sample,EXP_20260413_101441
31-9095.00,Pharmacy Aides,Technology Design,1.62,Skills,31,7,two_level_random_sample,EXP_20260413_101441
31-9095.00,Pharmacy Aides,Equipment Selection,1.38,Skills,31,7,two_level_random_sample,EXP_20260413_101441
31-9095.00,Pharmacy Aides,Installation,1.0,Skills,31,7,two_level_random_sample,EXP_20260413_101441
31-9095.00,Pharmacy Aides,Programming,1.5,Skills,31,7,two_level_random_sample,EXP_20260413_101441
31-9095.00,Pharmacy Aides,Operations Monitoring,1.88,Skills,31,7,two_level_random_sample,EXP_20260413_101441
31-9095.00,Pharmacy Aides,Operation and Control,1.75,Skills,31,7,two_level_random_sample,EXP_20260413_101441
31-9095.00,Pharmacy Aides,Equipment Maintenance,1.5,Skills,31,7,two_level_random_sample,EXP_20260413_101441
31-9095.00,Pharmacy Aides,Troubleshooting,1.75,Skills,31,7,two_level_random_sample,EXP_20260413_101441
31-9095.00,Pharmacy Aides,Repairing,1.12,Skills,31,7,two_level_random_sample,EXP_20260413_101441
31-9095.00,Pharmacy Aides,Quality Control Analysis,2.0,Skills,31,7,two_level_random_sample,EXP_20260413_101441
31-9095.00,Pharmacy Aides,Judgment and Decision Making,3.0,Skills,31,7,two_level_random_sample,EXP_20260413_101441
31-9095.00,Pharmacy Aides,Systems Analysis,2.12,Skills,31,7,two_level_random_sample,EXP_20260413_101441
31-9095.00,Pharmacy Aides,Systems Evaluation,1.88,Skills,31,7,two_level_random_sample,EXP_20260413_101441
31-9095.00,Pharmacy Aides,Time Management,2.62,Skills,31,7,two_level_random_sample,EXP_20260413_101441
31-9095.00,Pharmacy Aides,Management of Financial Resources,1.75,Skills,31,7,two_level_random_sample,EXP_20260413_101441
31-9095.00,Pharmacy Aides,Management of Material Resources,2.0,Skills,31,7,two_level_random_sample,EXP_20260413_101441
31-9095.00,Pharmacy Aides,Management of Personnel Resources,1.88,Skills,31,7,two_level_random_sample,EXP_20260413_101441
31-9096.00,Veterinary Assistants and Laboratory Animal Caretakers,Reading Comprehension,3.12,Skills,31,7,two_level_random_sample,EXP_20260413_101441
31-9096.00,Veterinary Assistants and Laboratory Animal Caretakers,Active Listening,3.5,Skills,31,7,two_level_random_sample,EXP_20260413_101441
31-9096.00,Veterinary Assistants and Laboratory Animal Caretakers,Writing,3.12,Skills,31,7,two_level_random_sample,EXP_20260413_101441
31-9096.00,Veterinary Assistants and Laboratory Animal Caretakers,Speaking,3.0,Skills,31,7,two_level_random_sample,EXP_20260413_101441
31-9096.00,Veterinary Assistants and Laboratory Animal Caretakers,Mathematics,2.75,Skills,31,7,two_level_random_sample,EXP_20260413_101441
31-9096.00,Veterinary Assistants and Laboratory Animal Caretakers,Science,2.62,Skills,31,7,two_level_random_sample,EXP_20260413_101441
31-9096.00,Veterinary Assistants and Laboratory Animal Caretakers,Critical Thinking,3.25,Skills,31,7,two_level_random_sample,EXP_20260413_101441
31-9096.00,Veterinary Assistants and Laboratory Animal Caretakers,Active Learning,2.88,Skills,31,7,two_level_random_sample,EXP_20260413_101441
31-9096.00,Veterinary Assistants and Laboratory Animal Caretakers,Learning Strategies,2.12,Skills,31,7,two_level_random_sample,EXP_20260413_101441
31-9096.00,Veterinary Assistants and Laboratory Animal Caretakers,Monitoring,3.12,Skills,31,7,two_level_random_sample,EXP_20260413_101441
31-9096.00,Veterinary Assistants and Laboratory Animal Caretakers,Social Perceptiveness,3.0,Skills,31,7,two_level_random_sample,EXP_20260413_101441
31-9096.00,Veterinary Assistants and Laboratory Animal Caretakers,Coordination,3.0,Skills,31,7,two_level_random_sample,EXP_20260413_101441
31-9096.00,Veterinary Assistants and Laboratory Animal Caretakers,Persuasion,2.12,Skills,31,7,two_level_random_sample,EXP_20260413_101441
31-9096.00,Veterinary Assistants and Laboratory Animal Caretakers,Negotiation,2.12,Skills,31,7,two_level_random_sample,EXP_20260413_101441
31-9096.00,Veterinary Assistants and Laboratory Animal Caretakers,Instructing,2.88,Skills,31,7,two_level_random_sample,EXP_20260413_101441
31-9096.00,Veterinary Assistants and Laboratory Animal Caretakers,Service Orientation,3.12,Skills,31,7,two_level_random_sample,EXP_20260413_101441
31-9096.00,Veterinary Assistants and Laboratory Animal Caretakers,Complex Problem Solving,2.88,Skills,31,7,two_level_random_sample,EXP_20260413_101441
31-9096.00,Veterinary Assistants and Laboratory Animal Caretakers,Operations Analysis,1.88,Skills,31,7,two_level_random_sample,EXP_20260413_101441
31-9096.00,Veterinary Assistants and Laboratory Animal Caretakers,Technology Design,1.75,Skills,31,7,two_level_random_sample,EXP_20260413_101441
31-9096.00,Veterinary Assistants and Laboratory Animal Caretakers,Equipment Selection,1.62,Skills,31,7,two_level_random_sample,EXP_20260413_101441
31-9096.00,Veterinary Assistants and Laboratory Animal Caretakers,Installation,1.0,Skills,31,7,two_level_random_sample,EXP_20260413_101441
31-9096.00,Veterinary Assistants and Laboratory Animal Caretakers,Programming,1.25,Skills,31,7,two_level_random_sample,EXP_20260413_101441
31-9096.00,Veterinary Assistants and Laboratory Animal Caretakers,Operations Monitoring,2.12,Skills,31,7,two_level_random_sample,EXP_20260413_101441
31-9096.00,Veterinary Assistants and Laboratory Animal Caretakers,Operation and Control,2.0,Skills,31,7,two_level_random_sample,EXP_20260413_101441
31-9096.00,Veterinary Assistants and Laboratory Animal Caretakers,Equipment Maintenance,1.62,Skills,31,7,two_level_random_sample,EXP_20260413_101441
31-9096.00,Veterinary Assistants and Laboratory Animal Caretakers,Troubleshooting,2.0,Skills,31,7,two_level_random_sample,EXP_20260413_101441
31-9096.00,Veterinary Assistants and Laboratory Animal Caretakers,Repairing,1.62,Skills,31,7,two_level_random_sample,EXP_20260413_101441
31-9096.00,Veterinary Assistants and Laboratory Animal Caretakers,Quality Control Analysis,2.12,Skills,31,7,two_level_random_sample,EXP_20260413_101441
31-9096.00,Veterinary Assistants and Laboratory Animal Caretakers,Judgment and Decision Making,2.88,Skills,31,7,two_level_random_sample,EXP_20260413_101441
31-9096.00,Veterinary Assistants and Laboratory Animal Caretakers,Systems Analysis,2.0,Skills,31,7,two_level_random_sample,EXP_20260413_101441
31-9096.00,Veterinary Assistants and Laboratory Animal Caretakers,Systems Evaluation,2.12,Skills,31,7,two_level_random_sample,EXP_20260413_101441
31-9096.00,Veterinary Assistants and Laboratory Animal Caretakers,Time Management,3.0,Skills,31,7,two_level_random_sample,EXP_20260413_101441
31-9096.00,Veterinary Assistants and Laboratory Animal Caretakers,Management of Financial Resources,2.0,Skills,31,7,two_level_random_sample,EXP_20260413_101441
31-9096.00,Veterinary Assistants and Laboratory Animal Caretakers,Management of Material Resources,2.25,Skills,31,7,two_level_random_sample,EXP_20260413_101441
31-9096.00,Veterinary Assistants and Laboratory Animal Caretakers,Management of Personnel Resources,2.12,Skills,31,7,two_level_random_sample,EXP_20260413_101441
35-1011.00,Chefs and Head Cooks,Reading Comprehension,3.5,Skills,35,7,two_level_random_sample,EXP_20260413_101441
35-1011.00,Chefs and Head Cooks,Active Listening,3.62,Skills,35,7,two_level_random_sample,EXP_20260413_101441
35-1011.00,Chefs and Head Cooks,Writing,3.12,Skills,35,7,two_level_random_sample,EXP_20260413_101441
35-1011.00,Chefs and Head Cooks,Speaking,3.88,Skills,35,7,two_level_random_sample,EXP_20260413_101441
35-1011.00,Chefs and Head Cooks,Mathematics,3.0,Skills,35,7,two_level_random_sample,EXP_20260413_101441
35-1011.00,Chefs and Head Cooks,Science,1.75,Skills,35,7,two_level_random_sample,EXP_20260413_101441
35-1011.00,Chefs and Head Cooks,Critical Thinking,3.75,Skills,35,7,two_level_random_sample,EXP_20260413_101441
35-1011.00,Chefs and Head Cooks,Active Learning,3.38,Skills,35,7,two_level_random_sample,EXP_20260413_101441
35-1011.00,Chefs and Head Cooks,Learning Strategies,3.25,Skills,35,7,two_level_random_sample,EXP_20260413_101441
35-1011.00,Chefs and Head Cooks,Monitoring,4.0,Skills,35,7,two_level_random_sample,EXP_20260413_101441
35-1011.00,Chefs and Head Cooks,Social Perceptiveness,3.88,Skills,35,7,two_level_random_sample,EXP_20260413_101441
35-1011.00,Chefs and Head Cooks,Coordination,4.12,Skills,35,7,two_level_random_sample,EXP_20260413_101441
35-1011.00,Chefs and Head Cooks,Persuasion,3.0,Skills,35,7,two_level_random_sample,EXP_20260413_101441
35-1011.00,Chefs and Head Cooks,Negotiation,3.12,Skills,35,7,two_level_random_sample,EXP_20260413_101441
35-1011.00,Chefs and Head Cooks,Instructing,3.62,Skills,35,7,two_level_random_sample,EXP_20260413_101441
35-1011.00,Chefs and Head Cooks,Service Orientation,3.75,Skills,35,7,two_level_random_sample,EXP_20260413_101441
35-1011.00,Chefs and Head Cooks,Complex Problem Solving,3.25,Skills,35,7,two_level_random_sample,EXP_20260413_101441
35-1011.00,Chefs and Head Cooks,Operations Analysis,2.62,Skills,35,7,two_level_random_sample,EXP_20260413_101441
35-1011.00,Chefs and Head Cooks,Technology Design,1.62,Skills,35,7,two_level_random_sample,EXP_20260413_101441
35-1011.00,Chefs and Head Cooks,Equipment Selection,2.12,Skills,35,7,two_level_random_sample,EXP_20260413_101441
35-1011.00,Chefs and Head Cooks,Installation,1.0,Skills,35,7,two_level_random_sample,EXP_20260413_101441
35-1011.00,Chefs and Head Cooks,Programming,1.5,Skills,35,7,two_level_random_sample,EXP_20260413_101441
35-1011.00,Chefs and Head Cooks,Operations Monitoring,2.88,Skills,35,7,two_level_random_sample,EXP_20260413_101441
35-1011.00,Chefs and Head Cooks,Operation and Control,2.5,Skills,35,7,two_level_random_sample,EXP_20260413_101441
35-1011.00,Chefs and Head Cooks,Equipment Maintenance,2.0,Skills,35,7,two_level_random_sample,EXP_20260413_101441
35-1011.00,Chefs and Head Cooks,Troubleshooting,2.12,Skills,35,7,two_level_random_sample,EXP_20260413_101441
35-1011.00,Chefs and Head Cooks,Repairing,2.0,Skills,35,7,two_level_random_sample,EXP_20260413_101441
35-1011.00,Chefs and Head Cooks,Quality Control Analysis,3.25,Skills,35,7,two_level_random_sample,EXP_20260413_101441
35-1011.00,Chefs and Head Cooks,Judgment and Decision Making,3.62,Skills,35,7,two_level_random_sample,EXP_20260413_101441
35-1011.00,Chefs and Head Cooks,Systems Analysis,3.0,Skills,35,7,two_level_random_sample,EXP_20260413_101441
35-1011.00,Chefs and Head Cooks,Systems Evaluation,3.0,Skills,35,7,two_level_random_sample,EXP_20260413_101441
35-1011.00,Chefs and Head Cooks,Time Management,3.88,Skills,35,7,two_level_random_sample,EXP_20260413_101441
35-1011.00,Chefs and Head Cooks,Management of Financial Resources,3.12,Skills,35,7,two_level_random_sample,EXP_20260413_101441
35-1011.00,Chefs and Head Cooks,Management of Material Resources,3.25,Skills,35,7,two_level_random_sample,EXP_20260413_101441
35-1011.00,Chefs and Head Cooks,Management of Personnel Resources,3.88,Skills,35,7,two_level_random_sample,EXP_20260413_101441
35-1012.00,First-Line Supervisors of Food Preparation and Serving Workers,Reading Comprehension,3.25,Skills,35,7,two_level_random_sample,EXP_20260413_101441
35-1012.00,First-Line Supervisors of Food Preparation and Serving Workers,Active Listening,3.75,Skills,35,7,two_level_random_sample,EXP_20260413_101441
35-1012.00,First-Line Supervisors of Food Preparation and Serving Workers,Writing,3.0,Skills,35,7,two_level_random_sample,EXP_20260413_101441
35-1012.00,First-Line Supervisors of Food Preparation and Serving Workers,Speaking,3.88,Skills,35,7,two_level_random_sample,EXP_20260413_101441
35-1012.00,First-Line Supervisors of Food Preparation and Serving Workers,Mathematics,3.0,Skills,35,7,two_level_random_sample,EXP_20260413_101441
35-1012.00,First-Line Supervisors of Food Preparation and Serving Workers,Science,1.0,Skills,35,7,two_level_random_sample,EXP_20260413_101441
35-1012.00,First-Line Supervisors of Food Preparation and Serving Workers,Critical Thinking,3.12,Skills,35,7,two_level_random_sample,EXP_20260413_101441
35-1012.00,First-Line Supervisors of Food Preparation and Serving Workers,Active Learning,3.0,Skills,35,7,two_level_random_sample,EXP_20260413_101441
35-1012.00,First-Line Supervisors of Food Preparation and Serving Workers,Learning Strategies,3.12,Skills,35,7,two_level_random_sample,EXP_20260413_101441
35-1012.00,First-Line Supervisors of Food Preparation and Serving Workers,Monitoring,3.88,Skills,35,7,two_level_random_sample,EXP_20260413_101441
35-1012.00,First-Line Supervisors of Food Preparation and Serving Workers,Social Perceptiveness,3.12,Skills,35,7,two_level_random_sample,EXP_20260413_101441
35-1012.00,First-Line Supervisors of Food Preparation and Serving Workers,Coordination,3.88,Skills,35,7,two_level_random_sample,EXP_20260413_101441
35-1012.00,First-Line Supervisors of Food Preparation and Serving Workers,Persuasion,3.0,Skills,35,7,two_level_random_sample,EXP_20260413_101441
35-1012.00,First-Line Supervisors of Food Preparation and Serving Workers,Negotiation,3.12,Skills,35,7,two_level_random_sample,EXP_20260413_101441
35-1012.00,First-Line Supervisors of Food Preparation and Serving Workers,Instructing,3.75,Skills,35,7,two_level_random_sample,EXP_20260413_101441
35-1012.00,First-Line Supervisors of Food Preparation and Serving Workers,Service Orientation,3.62,Skills,35,7,two_level_random_sample,EXP_20260413_101441
35-1012.00,First-Line Supervisors of Food Preparation and Serving Workers,Complex Problem Solving,3.0,Skills,35,7,two_level_random_sample,EXP_20260413_101441
35-1012.00,First-Line Supervisors of Food Preparation and Serving Workers,Operations Analysis,1.75,Skills,35,7,two_level_random_sample,EXP_20260413_101441
35-1012.00,First-Line Supervisors of Food Preparation and Serving Workers,Technology Design,1.5,Skills,35,7,two_level_random_sample,EXP_20260413_101441
35-1012.00,First-Line Supervisors of Food Preparation and Serving Workers,Equipment Selection,1.25,Skills,35,7,two_level_random_sample,EXP_20260413_101441
35-1012.00,First-Line Supervisors of Food Preparation and Serving Workers,Installation,1.0,Skills,35,7,two_level_random_sample,EXP_20260413_101441
35-1012.00,First-Line Supervisors of Food Preparation and Serving Workers,Programming,1.25,Skills,35,7,two_level_random_sample,EXP_20260413_101441
35-1012.00,First-Line Supervisors of Food Preparation and Serving Workers,Operations Monitoring,2.38,Skills,35,7,two_level_random_sample,EXP_20260413_101441
35-1012.00,First-Line Supervisors of Food Preparation and Serving Workers,Operation and Control,2.0,Skills,35,7,two_level_random_sample,EXP_20260413_101441
35-1012.00,First-Line Supervisors of Food Preparation and Serving Workers,Equipment Maintenance,1.38,Skills,35,7,two_level_random_sample,EXP_20260413_101441
35-1012.00,First-Line Supervisors of Food Preparation and Serving Workers,Troubleshooting,2.0,Skills,35,7,two_level_random_sample,EXP_20260413_101441
35-1012.00,First-Line Supervisors of Food Preparation and Serving Workers,Repairing,1.38,Skills,35,7,two_level_random_sample,EXP_20260413_101441
35-1012.00,First-Line Supervisors of Food Preparation and Serving Workers,Quality Control Analysis,2.88,Skills,35,7,two_level_random_sample,EXP_20260413_101441
35-1012.00,First-Line Supervisors of Food Preparation and Serving Workers,Judgment and Decision Making,3.0,Skills,35,7,two_level_random_sample,EXP_20260413_101441
35-1012.00,First-Line Supervisors of Food Preparation and Serving Workers,Systems Analysis,3.0,Skills,35,7,two_level_random_sample,EXP_20260413_101441
35-1012.00,First-Line Supervisors of Food Preparation and Serving Workers,Systems Evaluation,3.0,Skills,35,7,two_level_random_sample,EXP_20260413_101441
35-1012.00,First-Line Supervisors of Food Preparation and Serving Workers,Time Management,3.12,Skills,35,7,two_level_random_sample,EXP_20260413_101441
35-1012.00,First-Line Supervisors of Food Preparation and Serving Workers,Management of Financial Resources,2.88,Skills,35,7,two_level_random_sample,EXP_20260413_101441
35-1012.00,First-Line Supervisors of Food Preparation and Serving Workers,Management of Material Resources,3.0,Skills,35,7,two_level_random_sample,EXP_20260413_101441
35-1012.00,First-Line Supervisors of Food Preparation and Serving Workers,Management of Personnel Resources,4.0,Skills,35,7,two_level_random_sample,EXP_20260413_101441
35-2011.00,"Cooks, Fast Food",Reading Comprehension,2.62,Skills,35,7,two_level_random_sample,EXP_20260413_101441
35-2011.00,"Cooks, Fast Food",Active Listening,3.0,Skills,35,7,two_level_random_sample,EXP_20260413_101441
35-2011.00,"Cooks, Fast Food",Writing,2.0,Skills,35,7,two_level_random_sample,EXP_20260413_101441
35-2011.00,"Cooks, Fast Food",Speaking,2.75,Skills,35,7,two_level_random_sample,EXP_20260413_101441
35-2011.00,"Cooks, Fast Food",Mathematics,2.0,Skills,35,7,two_level_random_sample,EXP_20260413_101441
35-2011.00,"Cooks, Fast Food",Science,1.0,Skills,35,7,two_level_random_sample,EXP_20260413_101441
35-2011.00,"Cooks, Fast Food",Critical Thinking,2.62,Skills,35,7,two_level_random_sample,EXP_20260413_101441
35-2011.00,"Cooks, Fast Food",Active Learning,2.38,Skills,35,7,two_level_random_sample,EXP_20260413_101441
35-2011.00,"Cooks, Fast Food",Learning Strategies,2.0,Skills,35,7,two_level_random_sample,EXP_20260413_101441
35-2011.00,"Cooks, Fast Food",Monitoring,2.62,Skills,35,7,two_level_random_sample,EXP_20260413_101441
35-2011.00,"Cooks, Fast Food",Social Perceptiveness,2.75,Skills,35,7,two_level_random_sample,EXP_20260413_101441
35-2011.00,"Cooks, Fast Food",Coordination,2.75,Skills,35,7,two_level_random_sample,EXP_20260413_101441
35-2011.00,"Cooks, Fast Food",Persuasion,2.25,Skills,35,7,two_level_random_sample,EXP_20260413_101441
35-2011.00,"Cooks, Fast Food",Negotiation,2.12,Skills,35,7,two_level_random_sample,EXP_20260413_101441
35-2011.00,"Cooks, Fast Food",Instructing,2.12,Skills,35,7,two_level_random_sample,EXP_20260413_101441
35-2011.00,"Cooks, Fast Food",Service Orientation,3.0,Skills,35,7,two_level_random_sample,EXP_20260413_101441
35-2011.00,"Cooks, Fast Food",Complex Problem Solving,2.0,Skills,35,7,two_level_random_sample,EXP_20260413_101441
35-2011.00,"Cooks, Fast Food",Operations Analysis,1.25,Skills,35,7,two_level_random_sample,EXP_20260413_101441
35-2011.00,"Cooks, Fast Food",Technology Design,1.25,Skills,35,7,two_level_random_sample,EXP_20260413_101441
35-2011.00,"Cooks, Fast Food",Equipment Selection,1.0,Skills,35,7,two_level_random_sample,EXP_20260413_101441
35-2011.00,"Cooks, Fast Food",Installation,1.0,Skills,35,7,two_level_random_sample,EXP_20260413_101441
35-2011.00,"Cooks, Fast Food",Programming,1.0,Skills,35,7,two_level_random_sample,EXP_20260413_101441
35-2011.00,"Cooks, Fast Food",Operations Monitoring,2.12,Skills,35,7,two_level_random_sample,EXP_20260413_101441
35-2011.00,"Cooks, Fast Food",Operation and Control,1.75,Skills,35,7,two_level_random_sample,EXP_20260413_101441
35-2011.00,"Cooks, Fast Food",Equipment Maintenance,1.0,Skills,35,7,two_level_random_sample,EXP_20260413_101441
35-2011.00,"Cooks, Fast Food",Troubleshooting,1.0,Skills,35,7,two_level_random_sample,EXP_20260413_101441
35-2011.00,"Cooks, Fast Food",Repairing,1.0,Skills,35,7,two_level_random_sample,EXP_20260413_101441
35-2011.00,"Cooks, Fast Food",Quality Control Analysis,1.75,Skills,35,7,two_level_random_sample,EXP_20260413_101441
35-2011.00,"Cooks, Fast Food",Judgment and Decision Making,2.38,Skills,35,7,two_level_random_sample,EXP_20260413_101441
35-2011.00,"Cooks, Fast Food",Systems Analysis,2.0,Skills,35,7,two_level_random_sample,EXP_20260413_101441
35-2011.00,"Cooks, Fast Food",Systems Evaluation,2.0,Skills,35,7,two_level_random_sample,EXP_20260413_101441
35-2011.00,"Cooks, Fast Food",Time Management,2.5,Skills,35,7,two_level_random_sample,EXP_20260413_101441
35-2011.00,"Cooks, Fast Food",Management of Financial Resources,1.62,Skills,35,7,two_level_random_sample,EXP_20260413_101441
35-2011.00,"Cooks, Fast Food",Management of Material Resources,1.5,Skills,35,7,two_level_random_sample,EXP_20260413_101441
35-2011.00,"Cooks, Fast Food",Management of Personnel Resources,2.0,Skills,35,7,two_level_random_sample,EXP_20260413_101441
35-2015.00,"Cooks, Short Order",Reading Comprehension,3.12,Skills,35,7,two_level_random_sample,EXP_20260413_101441
35-2015.00,"Cooks, Short Order",Active Listening,3.12,Skills,35,7,two_level_random_sample,EXP_20260413_101441
35-2015.00,"Cooks, Short Order",Writing,2.25,Skills,35,7,two_level_random_sample,EXP_20260413_101441
35-2015.00,"Cooks, Short Order",Speaking,3.0,Skills,35,7,two_level_random_sample,EXP_20260413_101441
35-2015.00,"Cooks, Short Order",Mathematics,2.12,Skills,35,7,two_level_random_sample,EXP_20260413_101441
35-2015.00,"Cooks, Short Order",Science,1.0,Skills,35,7,two_level_random_sample,EXP_20260413_101441
35-2015.00,"Cooks, Short Order",Critical Thinking,2.88,Skills,35,7,two_level_random_sample,EXP_20260413_101441
35-2015.00,"Cooks, Short Order",Active Learning,2.38,Skills,35,7,two_level_random_sample,EXP_20260413_101441
35-2015.00,"Cooks, Short Order",Learning Strategies,2.0,Skills,35,7,two_level_random_sample,EXP_20260413_101441
35-2015.00,"Cooks, Short Order",Monitoring,2.88,Skills,35,7,two_level_random_sample,EXP_20260413_101441
35-2015.00,"Cooks, Short Order",Social Perceptiveness,2.62,Skills,35,7,two_level_random_sample,EXP_20260413_101441
35-2015.00,"Cooks, Short Order",Coordination,3.0,Skills,35,7,two_level_random_sample,EXP_20260413_101441
35-2015.00,"Cooks, Short Order",Persuasion,2.25,Skills,35,7,two_level_random_sample,EXP_20260413_101441
35-2015.00,"Cooks, Short Order",Negotiation,2.25,Skills,35,7,two_level_random_sample,EXP_20260413_101441
35-2015.00,"Cooks, Short Order",Instructing,2.38,Skills,35,7,two_level_random_sample,EXP_20260413_101441
35-2015.00,"Cooks, Short Order",Service Orientation,3.0,Skills,35,7,two_level_random_sample,EXP_20260413_101441
35-2015.00,"Cooks, Short Order",Complex Problem Solving,2.62,Skills,35,7,two_level_random_sample,EXP_20260413_101441
35-2015.00,"Cooks, Short Order",Operations Analysis,1.0,Skills,35,7,two_level_random_sample,EXP_20260413_101441
35-2015.00,"Cooks, Short Order",Technology Design,1.12,Skills,35,7,two_level_random_sample,EXP_20260413_101441
35-2015.00,"Cooks, Short Order",Equipment Selection,1.25,Skills,35,7,two_level_random_sample,EXP_20260413_101441
35-2015.00,"Cooks, Short Order",Installation,1.0,Skills,35,7,two_level_random_sample,EXP_20260413_101441
35-2015.00,"Cooks, Short Order",Programming,1.0,Skills,35,7,two_level_random_sample,EXP_20260413_101441
35-2015.00,"Cooks, Short Order",Operations Monitoring,2.25,Skills,35,7,two_level_random_sample,EXP_20260413_101441
35-2015.00,"Cooks, Short Order",Operation and Control,2.0,Skills,35,7,two_level_random_sample,EXP_20260413_101441
35-2015.00,"Cooks, Short Order",Equipment Maintenance,1.0,Skills,35,7,two_level_random_sample,EXP_20260413_101441
35-2015.00,"Cooks, Short Order",Troubleshooting,1.88,Skills,35,7,two_level_random_sample,EXP_20260413_101441
35-2015.00,"Cooks, Short Order",Repairing,1.0,Skills,35,7,two_level_random_sample,EXP_20260413_101441
35-2015.00,"Cooks, Short Order",Quality Control Analysis,2.25,Skills,35,7,two_level_random_sample,EXP_20260413_101441
35-2015.00,"Cooks, Short Order",Judgment and Decision Making,2.62,Skills,35,7,two_level_random_sample,EXP_20260413_101441
35-2015.00,"Cooks, Short Order",Systems Analysis,1.75,Skills,35,7,two_level_random_sample,EXP_20260413_101441
35-2015.00,"Cooks, Short Order",Systems Evaluation,1.88,Skills,35,7,two_level_random_sample,EXP_20260413_101441
35-2015.00,"Cooks, Short Order",Time Management,3.12,Skills,35,7,two_level_random_sample,EXP_20260413_101441
35-2015.00,"Cooks, Short Order",Management of Financial Resources,1.75,Skills,35,7,two_level_random_sample,EXP_20260413_101441
35-2015.00,"Cooks, Short Order",Management of Material Resources,2.0,Skills,35,7,two_level_random_sample,EXP_20260413_101441
35-2015.00,"Cooks, Short Order",Management of Personnel Resources,2.25,Skills,35,7,two_level_random_sample,EXP_20260413_101441
35-3011.00,Bartenders,Reading Comprehension,3.0,Skills,35,7,two_level_random_sample,EXP_20260413_101441
35-3011.00,Bartenders,Active Listening,3.75,Skills,35,7,two_level_random_sample,EXP_20260413_101441
35-3011.00,Bartenders,Writing,2.75,Skills,35,7,two_level_random_sample,EXP_20260413_101441
35-3011.00,Bartenders,Speaking,3.12,Skills,35,7,two_level_random_sample,EXP_20260413_101441
35-3011.00,Bartenders,Mathematics,2.25,Skills,35,7,two_level_random_sample,EXP_20260413_101441
35-3011.00,Bartenders,Science,1.0,Skills,35,7,two_level_random_sample,EXP_20260413_101441
35-3011.00,Bartenders,Critical Thinking,3.12,Skills,35,7,two_level_random_sample,EXP_20260413_101441
35-3011.00,Bartenders,Active Learning,3.0,Skills,35,7,two_level_random_sample,EXP_20260413_101441
35-3011.00,Bartenders,Learning Strategies,2.88,Skills,35,7,two_level_random_sample,EXP_20260413_101441
35-3011.00,Bartenders,Monitoring,3.0,Skills,35,7,two_level_random_sample,EXP_20260413_101441
35-3011.00,Bartenders,Social Perceptiveness,3.25,Skills,35,7,two_level_random_sample,EXP_20260413_101441
35-3011.00,Bartenders,Coordination,3.12,Skills,35,7,two_level_random_sample,EXP_20260413_101441
35-3011.00,Bartenders,Persuasion,3.12,Skills,35,7,two_level_random_sample,EXP_20260413_101441
35-3011.00,Bartenders,Negotiation,2.88,Skills,35,7,two_level_random_sample,EXP_20260413_101441
35-3011.00,Bartenders,Instructing,3.0,Skills,35,7,two_level_random_sample,EXP_20260413_101441
35-3011.00,Bartenders,Service Orientation,3.62,Skills,35,7,two_level_random_sample,EXP_20260413_101441
35-3011.00,Bartenders,Complex Problem Solving,3.0,Skills,35,7,two_level_random_sample,EXP_20260413_101441
35-3011.00,Bartenders,Operations Analysis,1.0,Skills,35,7,two_level_random_sample,EXP_20260413_101441
35-3011.00,Bartenders,Technology Design,1.5,Skills,35,7,two_level_random_sample,EXP_20260413_101441
35-3011.00,Bartenders,Equipment Selection,1.25,Skills,35,7,two_level_random_sample,EXP_20260413_101441
35-3011.00,Bartenders,Installation,1.0,Skills,35,7,two_level_random_sample,EXP_20260413_101441
35-3011.00,Bartenders,Programming,1.25,Skills,35,7,two_level_random_sample,EXP_20260413_101441
35-3011.00,Bartenders,Operations Monitoring,2.0,Skills,35,7,two_level_random_sample,EXP_20260413_101441
35-3011.00,Bartenders,Operation and Control,1.62,Skills,35,7,two_level_random_sample,EXP_20260413_101441
35-3011.00,Bartenders,Equipment Maintenance,1.12,Skills,35,7,two_level_random_sample,EXP_20260413_101441
35-3011.00,Bartenders,Troubleshooting,1.88,Skills,35,7,two_level_random_sample,EXP_20260413_101441
35-3011.00,Bartenders,Repairing,1.0,Skills,35,7,two_level_random_sample,EXP_20260413_101441
35-3011.00,Bartenders,Quality Control Analysis,2.25,Skills,35,7,two_level_random_sample,EXP_20260413_101441
35-3011.00,Bartenders,Judgment and Decision Making,2.88,Skills,35,7,two_level_random_sample,EXP_20260413_101441
35-3011.00,Bartenders,Systems Analysis,2.25,Skills,35,7,two_level_random_sample,EXP_20260413_101441
35-3011.00,Bartenders,Systems Evaluation,2.25,Skills,35,7,two_level_random_sample,EXP_20260413_101441
35-3011.00,Bartenders,Time Management,3.0,Skills,35,7,two_level_random_sample,EXP_20260413_101441
35-3011.00,Bartenders,Management of Financial Resources,2.25,Skills,35,7,two_level_random_sample,EXP_20260413_101441
35-3011.00,Bartenders,Management of Material Resources,2.38,Skills,35,7,two_level_random_sample,EXP_20260413_101441
35-3011.00,Bartenders,Management of Personnel Resources,2.5,Skills,35,7,two_level_random_sample,EXP_20260413_101441
35-3023.01,Baristas,Reading Comprehension,3.0,Skills,35,7,two_level_random_sample,EXP_20260413_101441
35-3023.01,Baristas,Active Listening,3.5,Skills,35,7,two_level_random_sample,EXP_20260413_101441
35-3023.01,Baristas,Writing,2.62,Skills,35,7,two_level_random_sample,EXP_20260413_101441
35-3023.01,Baristas,Speaking,3.38,Skills,35,7,two_level_random_sample,EXP_20260413_101441
35-3023.01,Baristas,Mathematics,2.12,Skills,35,7,two_level_random_sample,EXP_20260413_101441
35-3023.01,Baristas,Science,1.0,Skills,35,7,two_level_random_sample,EXP_20260413_101441
35-3023.01,Baristas,Critical Thinking,2.88,Skills,35,7,two_level_random_sample,EXP_20260413_101441
35-3023.01,Baristas,Active Learning,2.62,Skills,35,7,two_level_random_sample,EXP_20260413_101441
35-3023.01,Baristas,Learning Strategies,2.38,Skills,35,7,two_level_random_sample,EXP_20260413_101441
35-3023.01,Baristas,Monitoring,3.0,Skills,35,7,two_level_random_sample,EXP_20260413_101441
35-3023.01,Baristas,Social Perceptiveness,3.12,Skills,35,7,two_level_random_sample,EXP_20260413_101441
35-3023.01,Baristas,Coordination,3.0,Skills,35,7,two_level_random_sample,EXP_20260413_101441
35-3023.01,Baristas,Persuasion,2.75,Skills,35,7,two_level_random_sample,EXP_20260413_101441
35-3023.01,Baristas,Negotiation,2.5,Skills,35,7,two_level_random_sample,EXP_20260413_101441
35-3023.01,Baristas,Instructing,2.25,Skills,35,7,two_level_random_sample,EXP_20260413_101441
35-3023.01,Baristas,Service Orientation,3.38,Skills,35,7,two_level_random_sample,EXP_20260413_101441
35-3023.01,Baristas,Complex Problem Solving,2.38,Skills,35,7,two_level_random_sample,EXP_20260413_101441
35-3023.01,Baristas,Operations Analysis,1.12,Skills,35,7,two_level_random_sample,EXP_20260413_101441
35-3023.01,Baristas,Technology Design,1.38,Skills,35,7,two_level_random_sample,EXP_20260413_101441
35-3023.01,Baristas,Equipment Selection,1.62,Skills,35,7,two_level_random_sample,EXP_20260413_101441
35-3023.01,Baristas,Installation,1.0,Skills,35,7,two_level_random_sample,EXP_20260413_101441
35-3023.01,Baristas,Programming,1.0,Skills,35,7,two_level_random_sample,EXP_20260413_101441
35-3023.01,Baristas,Operations Monitoring,2.5,Skills,35,7,two_level_random_sample,EXP_20260413_101441
35-3023.01,Baristas,Operation and Control,2.75,Skills,35,7,two_level_random_sample,EXP_20260413_101441
35-3023.01,Baristas,Equipment Maintenance,2.12,Skills,35,7,two_level_random_sample,EXP_20260413_101441
35-3023.01,Baristas,Troubleshooting,2.12,Skills,35,7,two_level_random_sample,EXP_20260413_101441
35-3023.01,Baristas,Repairing,2.0,Skills,35,7,two_level_random_sample,EXP_20260413_101441
35-3023.01,Baristas,Quality Control Analysis,2.25,Skills,35,7,two_level_random_sample,EXP_20260413_101441
35-3023.01,Baristas,Judgment and Decision Making,2.38,Skills,35,7,two_level_random_sample,EXP_20260413_101441
35-3023.01,Baristas,Systems Analysis,1.75,Skills,35,7,two_level_random_sample,EXP_20260413_101441
35-3023.01,Baristas,Systems Evaluation,1.75,Skills,35,7,two_level_random_sample,EXP_20260413_101441
35-3023.01,Baristas,Time Management,2.62,Skills,35,7,two_level_random_sample,EXP_20260413_101441
35-3023.01,Baristas,Management of Financial Resources,1.75,Skills,35,7,two_level_random_sample,EXP_20260413_101441
35-3023.01,Baristas,Management of Material Resources,1.88,Skills,35,7,two_level_random_sample,EXP_20260413_101441
35-3023.01,Baristas,Management of Personnel Resources,2.12,Skills,35,7,two_level_random_sample,EXP_20260413_101441
35-3041.00,"Food Servers, Nonrestaurant",Reading Comprehension,2.88,Skills,35,7,two_level_random_sample,EXP_20260413_101441
35-3041.00,"Food Servers, Nonrestaurant",Active Listening,3.0,Skills,35,7,two_level_random_sample,EXP_20260413_101441
35-3041.00,"Food Servers, Nonrestaurant",Writing,2.0,Skills,35,7,two_level_random_sample,EXP_20260413_101441
35-3041.00,"Food Servers, Nonrestaurant",Speaking,3.0,Skills,35,7,two_level_random_sample,EXP_20260413_101441
35-3041.00,"Food Servers, Nonrestaurant",Mathematics,2.0,Skills,35,7,two_level_random_sample,EXP_20260413_101441
35-3041.00,"Food Servers, Nonrestaurant",Science,1.0,Skills,35,7,two_level_random_sample,EXP_20260413_101441
35-3041.00,"Food Servers, Nonrestaurant",Critical Thinking,2.88,Skills,35,7,two_level_random_sample,EXP_20260413_101441
35-3041.00,"Food Servers, Nonrestaurant",Active Learning,2.0,Skills,35,7,two_level_random_sample,EXP_20260413_101441
35-3041.00,"Food Servers, Nonrestaurant",Learning Strategies,2.0,Skills,35,7,two_level_random_sample,EXP_20260413_101441
35-3041.00,"Food Servers, Nonrestaurant",Monitoring,2.75,Skills,35,7,two_level_random_sample,EXP_20260413_101441
35-3041.00,"Food Servers, Nonrestaurant",Social Perceptiveness,2.88,Skills,35,7,two_level_random_sample,EXP_20260413_101441
35-3041.00,"Food Servers, Nonrestaurant",Coordination,2.88,Skills,35,7,two_level_random_sample,EXP_20260413_101441
35-3041.00,"Food Servers, Nonrestaurant",Persuasion,2.12,Skills,35,7,two_level_random_sample,EXP_20260413_101441
35-3041.00,"Food Servers, Nonrestaurant",Negotiation,2.12,Skills,35,7,two_level_random_sample,EXP_20260413_101441
35-3041.00,"Food Servers, Nonrestaurant",Instructing,2.12,Skills,35,7,two_level_random_sample,EXP_20260413_101441
35-3041.00,"Food Servers, Nonrestaurant",Service Orientation,3.0,Skills,35,7,two_level_random_sample,EXP_20260413_101441
35-3041.00,"Food Servers, Nonrestaurant",Complex Problem Solving,2.12,Skills,35,7,two_level_random_sample,EXP_20260413_101441
35-3041.00,"Food Servers, Nonrestaurant",Operations Analysis,1.5,Skills,35,7,two_level_random_sample,EXP_20260413_101441
35-3041.00,"Food Servers, Nonrestaurant",Technology Design,1.75,Skills,35,7,two_level_random_sample,EXP_20260413_101441
35-3041.00,"Food Servers, Nonrestaurant",Equipment Selection,1.12,Skills,35,7,two_level_random_sample,EXP_20260413_101441
35-3041.00,"Food Servers, Nonrestaurant",Installation,1.0,Skills,35,7,two_level_random_sample,EXP_20260413_101441
35-3041.00,"Food Servers, Nonrestaurant",Programming,1.12,Skills,35,7,two_level_random_sample,EXP_20260413_101441
35-3041.00,"Food Servers, Nonrestaurant",Operations Monitoring,2.12,Skills,35,7,two_level_random_sample,EXP_20260413_101441
35-3041.00,"Food Servers, Nonrestaurant",Operation and Control,2.0,Skills,35,7,two_level_random_sample,EXP_20260413_101441
35-3041.00,"Food Servers, Nonrestaurant",Equipment Maintenance,1.12,Skills,35,7,two_level_random_sample,EXP_20260413_101441
35-3041.00,"Food Servers, Nonrestaurant",Troubleshooting,2.0,Skills,35,7,two_level_random_sample,EXP_20260413_101441
35-3041.00,"Food Servers, Nonrestaurant",Repairing,1.0,Skills,35,7,two_level_random_sample,EXP_20260413_101441
35-3041.00,"Food Servers, Nonrestaurant",Quality Control Analysis,2.12,Skills,35,7,two_level_random_sample,EXP_20260413_101441
35-3041.00,"Food Servers, Nonrestaurant",Judgment and Decision Making,2.75,Skills,35,7,two_level_random_sample,EXP_20260413_101441
35-3041.00,"Food Servers, Nonrestaurant",Systems Analysis,2.0,Skills,35,7,two_level_random_sample,EXP_20260413_101441
35-3041.00,"Food Servers, Nonrestaurant",Systems Evaluation,2.0,Skills,35,7,two_level_random_sample,EXP_20260413_101441
35-3041.00,"Food Servers, Nonrestaurant",Time Management,2.88,Skills,35,7,two_level_random_sample,EXP_20260413_101441
35-3041.00,"Food Servers, Nonrestaurant",Management of Financial Resources,1.88,Skills,35,7,two_level_random_sample,EXP_20260413_101441
35-3041.00,"Food Servers, Nonrestaurant",Management of Material Resources,1.88,Skills,35,7,two_level_random_sample,EXP_20260413_101441
35-3041.00,"Food Servers, Nonrestaurant",Management of Personnel Resources,2.25,Skills,35,7,two_level_random_sample,EXP_20260413_101441
35-9031.00,"Hosts and Hostesses, Restaurant, Lounge, and Coffee Shop",Reading Comprehension,2.88,Skills,35,7,two_level_random_sample,EXP_20260413_101441
35-9031.00,"Hosts and Hostesses, Restaurant, Lounge, and Coffee Shop",Active Listening,3.5,Skills,35,7,two_level_random_sample,EXP_20260413_101441
35-9031.00,"Hosts and Hostesses, Restaurant, Lounge, and Coffee Shop",Writing,2.12,Skills,35,7,two_level_random_sample,EXP_20260413_101441
35-9031.00,"Hosts and Hostesses, Restaurant, Lounge, and Coffee Shop",Speaking,3.12,Skills,35,7,two_level_random_sample,EXP_20260413_101441
35-9031.00,"Hosts and Hostesses, Restaurant, Lounge, and Coffee Shop",Mathematics,1.88,Skills,35,7,two_level_random_sample,EXP_20260413_101441
35-9031.00,"Hosts and Hostesses, Restaurant, Lounge, and Coffee Shop",Science,1.0,Skills,35,7,two_level_random_sample,EXP_20260413_101441
35-9031.00,"Hosts and Hostesses, Restaurant, Lounge, and Coffee Shop",Critical Thinking,2.75,Skills,35,7,two_level_random_sample,EXP_20260413_101441
35-9031.00,"Hosts and Hostesses, Restaurant, Lounge, and Coffee Shop",Active Learning,2.62,Skills,35,7,two_level_random_sample,EXP_20260413_101441
35-9031.00,"Hosts and Hostesses, Restaurant, Lounge, and Coffee Shop",Learning Strategies,2.0,Skills,35,7,two_level_random_sample,EXP_20260413_101441
35-9031.00,"Hosts and Hostesses, Restaurant, Lounge, and Coffee Shop",Monitoring,2.88,Skills,35,7,two_level_random_sample,EXP_20260413_101441
35-9031.00,"Hosts and Hostesses, Restaurant, Lounge, and Coffee Shop",Social Perceptiveness,3.0,Skills,35,7,two_level_random_sample,EXP_20260413_101441
35-9031.00,"Hosts and Hostesses, Restaurant, Lounge, and Coffee Shop",Coordination,2.88,Skills,35,7,two_level_random_sample,EXP_20260413_101441
35-9031.00,"Hosts and Hostesses, Restaurant, Lounge, and Coffee Shop",Persuasion,2.62,Skills,35,7,two_level_random_sample,EXP_20260413_101441
35-9031.00,"Hosts and Hostesses, Restaurant, Lounge, and Coffee Shop",Negotiation,2.62,Skills,35,7,two_level_random_sample,EXP_20260413_101441
35-9031.00,"Hosts and Hostesses, Restaurant, Lounge, and Coffee Shop",Instructing,2.38,Skills,35,7,two_level_random_sample,EXP_20260413_101441
35-9031.00,"Hosts and Hostesses, Restaurant, Lounge, and Coffee Shop",Service Orientation,3.12,Skills,35,7,two_level_random_sample,EXP_20260413_101441
35-9031.00,"Hosts and Hostesses, Restaurant, Lounge, and Coffee Shop",Complex Problem Solving,1.88,Skills,35,7,two_level_random_sample,EXP_20260413_101441
35-9031.00,"Hosts and Hostesses, Restaurant, Lounge, and Coffee Shop",Operations Analysis,1.0,Skills,35,7,two_level_random_sample,EXP_20260413_101441
35-9031.00,"Hosts and Hostesses, Restaurant, Lounge, and Coffee Shop",Technology Design,1.0,Skills,35,7,two_level_random_sample,EXP_20260413_101441
35-9031.00,"Hosts and Hostesses, Restaurant, Lounge, and Coffee Shop",Equipment Selection,1.0,Skills,35,7,two_level_random_sample,EXP_20260413_101441
35-9031.00,"Hosts and Hostesses, Restaurant, Lounge, and Coffee Shop",Installation,1.0,Skills,35,7,two_level_random_sample,EXP_20260413_101441
35-9031.00,"Hosts and Hostesses, Restaurant, Lounge, and Coffee Shop",Programming,1.0,Skills,35,7,two_level_random_sample,EXP_20260413_101441
35-9031.00,"Hosts and Hostesses, Restaurant, Lounge, and Coffee Shop",Operations Monitoring,1.75,Skills,35,7,two_level_random_sample,EXP_20260413_101441
35-9031.00,"Hosts and Hostesses, Restaurant, Lounge, and Coffee Shop",Operation and Control,1.25,Skills,35,7,two_level_random_sample,EXP_20260413_101441
35-9031.00,"Hosts and Hostesses, Restaurant, Lounge, and Coffee Shop",Equipment Maintenance,1.0,Skills,35,7,two_level_random_sample,EXP_20260413_101441
35-9031.00,"Hosts and Hostesses, Restaurant, Lounge, and Coffee Shop",Troubleshooting,1.25,Skills,35,7,two_level_random_sample,EXP_20260413_101441
35-9031.00,"Hosts and Hostesses, Restaurant, Lounge, and Coffee Shop",Repairing,1.0,Skills,35,7,two_level_random_sample,EXP_20260413_101441
35-9031.00,"Hosts and Hostesses, Restaurant, Lounge, and Coffee Shop",Quality Control Analysis,2.0,Skills,35,7,two_level_random_sample,EXP_20260413_101441
35-9031.00,"Hosts and Hostesses, Restaurant, Lounge, and Coffee Shop",Judgment and Decision Making,2.12,Skills,35,7,two_level_random_sample,EXP_20260413_101441
35-9031.00,"Hosts and Hostesses, Restaurant, Lounge, and Coffee Shop",Systems Analysis,2.0,Skills,35,7,two_level_random_sample,EXP_20260413_101441
35-9031.00,"Hosts and Hostesses, Restaurant, Lounge, and Coffee Shop",Systems Evaluation,1.88,Skills,35,7,two_level_random_sample,EXP_20260413_101441
35-9031.00,"Hosts and Hostesses, Restaurant, Lounge, and Coffee Shop",Time Management,2.62,Skills,35,7,two_level_random_sample,EXP_20260413_101441
35-9031.00,"Hosts and Hostesses, Restaurant, Lounge, and Coffee Shop",Management of Financial Resources,1.12,Skills,35,7,two_level_random_sample,EXP_20260413_101441
35-9031.00,"Hosts and Hostesses, Restaurant, Lounge, and Coffee Shop",Management of Material Resources,1.12,Skills,35,7,two_level_random_sample,EXP_20260413_101441
35-9031.00,"Hosts and Hostesses, Restaurant, Lounge, and Coffee Shop",Management of Personnel Resources,2.0,Skills,35,7,two_level_random_sample,EXP_20260413_101441
51-2041.00,Structural Metal Fabricators and Fitters,Reading Comprehension,3.0,Skills,51,7,two_level_random_sample,EXP_20260413_101441
51-2041.00,Structural Metal Fabricators and Fitters,Active Listening,3.0,Skills,51,7,two_level_random_sample,EXP_20260413_101441
51-2041.00,Structural Metal Fabricators and Fitters,Writing,2.25,Skills,51,7,two_level_random_sample,EXP_20260413_101441
51-2041.00,Structural Metal Fabricators and Fitters,Speaking,3.0,Skills,51,7,two_level_random_sample,EXP_20260413_101441
51-2041.00,Structural Metal Fabricators and Fitters,Mathematics,2.12,Skills,51,7,two_level_random_sample,EXP_20260413_101441
51-2041.00,Structural Metal Fabricators and Fitters,Science,1.75,Skills,51,7,two_level_random_sample,EXP_20260413_101441
51-2041.00,Structural Metal Fabricators and Fitters,Critical Thinking,3.0,Skills,51,7,two_level_random_sample,EXP_20260413_101441
51-2041.00,Structural Metal Fabricators and Fitters,Active Learning,2.25,Skills,51,7,two_level_random_sample,EXP_20260413_101441
51-2041.00,Structural Metal Fabricators and Fitters,Learning Strategies,1.75,Skills,51,7,two_level_random_sample,EXP_20260413_101441
51-2041.00,Structural Metal Fabricators and Fitters,Monitoring,2.88,Skills,51,7,two_level_random_sample,EXP_20260413_101441
51-2041.00,Structural Metal Fabricators and Fitters,Social Perceptiveness,2.62,Skills,51,7,two_level_random_sample,EXP_20260413_101441
51-2041.00,Structural Metal Fabricators and Fitters,Coordination,2.38,Skills,51,7,two_level_random_sample,EXP_20260413_101441
51-2041.00,Structural Metal Fabricators and Fitters,Persuasion,2.12,Skills,51,7,two_level_random_sample,EXP_20260413_101441
51-2041.00,Structural Metal Fabricators and Fitters,Negotiation,2.0,Skills,51,7,two_level_random_sample,EXP_20260413_101441
51-2041.00,Structural Metal Fabricators and Fitters,Instructing,2.25,Skills,51,7,two_level_random_sample,EXP_20260413_101441
51-2041.00,Structural Metal Fabricators and Fitters,Service Orientation,2.12,Skills,51,7,two_level_random_sample,EXP_20260413_101441
51-2041.00,Structural Metal Fabricators and Fitters,Complex Problem Solving,2.12,Skills,51,7,two_level_random_sample,EXP_20260413_101441
51-2041.00,Structural Metal Fabricators and Fitters,Operations Analysis,1.88,Skills,51,7,two_level_random_sample,EXP_20260413_101441
51-2041.00,Structural Metal Fabricators and Fitters,Technology Design,1.62,Skills,51,7,two_level_random_sample,EXP_20260413_101441
51-2041.00,Structural Metal Fabricators and Fitters,Equipment Selection,2.12,Skills,51,7,two_level_random_sample,EXP_20260413_101441
51-2041.00,Structural Metal Fabricators and Fitters,Installation,1.12,Skills,51,7,two_level_random_sample,EXP_20260413_101441
51-2041.00,Structural Metal Fabricators and Fitters,Programming,1.0,Skills,51,7,two_level_random_sample,EXP_20260413_101441
51-2041.00,Structural Metal Fabricators and Fitters,Operations Monitoring,2.88,Skills,51,7,two_level_random_sample,EXP_20260413_101441
51-2041.00,Structural Metal Fabricators and Fitters,Operation and Control,2.38,Skills,51,7,two_level_random_sample,EXP_20260413_101441
51-2041.00,Structural Metal Fabricators and Fitters,Equipment Maintenance,2.0,Skills,51,7,two_level_random_sample,EXP_20260413_101441
51-2041.00,Structural Metal Fabricators and Fitters,Troubleshooting,2.12,Skills,51,7,two_level_random_sample,EXP_20260413_101441
51-2041.00,Structural Metal Fabricators and Fitters,Repairing,1.88,Skills,51,7,two_level_random_sample,EXP_20260413_101441
51-2041.00,Structural Metal Fabricators and Fitters,Quality Control Analysis,2.25,Skills,51,7,two_level_random_sample,EXP_20260413_101441
51-2041.00,Structural Metal Fabricators and Fitters,Judgment and Decision Making,2.38,Skills,51,7,two_level_random_sample,EXP_20260413_101441
51-2041.00,Structural Metal Fabricators and Fitters,Systems Analysis,1.62,Skills,51,7,two_level_random_sample,EXP_20260413_101441
51-2041.00,Structural Metal Fabricators and Fitters,Systems Evaluation,1.62,Skills,51,7,two_level_random_sample,EXP_20260413_101441
51-2041.00,Structural Metal Fabricators and Fitters,Time Management,2.62,Skills,51,7,two_level_random_sample,EXP_20260413_101441
51-2041.00,Structural Metal Fabricators and Fitters,Management of Financial Resources,1.38,Skills,51,7,two_level_random_sample,EXP_20260413_101441
51-2041.00,Structural Metal Fabricators and Fitters,Management of Material Resources,1.38,Skills,51,7,two_level_random_sample,EXP_20260413_101441
51-2041.00,Structural Metal Fabricators and Fitters,Management of Personnel Resources,2.12,Skills,51,7,two_level_random_sample,EXP_20260413_101441
51-2092.00,Team Assemblers,Reading Comprehension,3.0,Skills,51,7,two_level_random_sample,EXP_20260413_101441
51-2092.00,Team Assemblers,Active Listening,3.12,Skills,51,7,two_level_random_sample,EXP_20260413_101441
51-2092.00,Team Assemblers,Writing,2.75,Skills,51,7,two_level_random_sample,EXP_20260413_101441
51-2092.00,Team Assemblers,Speaking,3.0,Skills,51,7,two_level_random_sample,EXP_20260413_101441
51-2092.00,Team Assemblers,Mathematics,2.0,Skills,51,7,two_level_random_sample,EXP_20260413_101441
51-2092.00,Team Assemblers,Science,1.0,Skills,51,7,two_level_random_sample,EXP_20260413_101441
51-2092.00,Team Assemblers,Critical Thinking,3.0,Skills,51,7,two_level_random_sample,EXP_20260413_101441
51-2092.00,Team Assemblers,Active Learning,2.25,Skills,51,7,two_level_random_sample,EXP_20260413_101441
51-2092.00,Team Assemblers,Learning Strategies,2.38,Skills,51,7,two_level_random_sample,EXP_20260413_101441
51-2092.00,Team Assemblers,Monitoring,3.12,Skills,51,7,two_level_random_sample,EXP_20260413_101441
51-2092.00,Team Assemblers,Social Perceptiveness,3.0,Skills,51,7,two_level_random_sample,EXP_20260413_101441
51-2092.00,Team Assemblers,Coordination,3.0,Skills,51,7,two_level_random_sample,EXP_20260413_101441
51-2092.00,Team Assemblers,Persuasion,2.38,Skills,51,7,two_level_random_sample,EXP_20260413_101441
51-2092.00,Team Assemblers,Negotiation,2.25,Skills,51,7,two_level_random_sample,EXP_20260413_101441
51-2092.00,Team Assemblers,Instructing,3.0,Skills,51,7,two_level_random_sample,EXP_20260413_101441
51-2092.00,Team Assemblers,Service Orientation,2.25,Skills,51,7,two_level_random_sample,EXP_20260413_101441
51-2092.00,Team Assemblers,Complex Problem Solving,2.88,Skills,51,7,two_level_random_sample,EXP_20260413_101441
51-2092.00,Team Assemblers,Operations Analysis,1.38,Skills,51,7,two_level_random_sample,EXP_20260413_101441
51-2092.00,Team Assemblers,Technology Design,1.5,Skills,51,7,two_level_random_sample,EXP_20260413_101441
51-2092.00,Team Assemblers,Equipment Selection,2.0,Skills,51,7,two_level_random_sample,EXP_20260413_101441
51-2092.00,Team Assemblers,Installation,1.0,Skills,51,7,two_level_random_sample,EXP_20260413_101441
51-2092.00,Team Assemblers,Programming,1.62,Skills,51,7,two_level_random_sample,EXP_20260413_101441
51-2092.00,Team Assemblers,Operations Monitoring,3.0,Skills,51,7,two_level_random_sample,EXP_20260413_101441
51-2092.00,Team Assemblers,Operation and Control,2.75,Skills,51,7,two_level_random_sample,EXP_20260413_101441
51-2092.00,Team Assemblers,Equipment Maintenance,2.25,Skills,51,7,two_level_random_sample,EXP_20260413_101441
51-2092.00,Team Assemblers,Troubleshooting,2.12,Skills,51,7,two_level_random_sample,EXP_20260413_101441
51-2092.00,Team Assemblers,Repairing,2.0,Skills,51,7,two_level_random_sample,EXP_20260413_101441
51-2092.00,Team Assemblers,Quality Control Analysis,3.12,Skills,51,7,two_level_random_sample,EXP_20260413_101441
51-2092.00,Team Assemblers,Judgment and Decision Making,2.75,Skills,51,7,two_level_random_sample,EXP_20260413_101441
51-2092.00,Team Assemblers,Systems Analysis,2.25,Skills,51,7,two_level_random_sample,EXP_20260413_101441
51-2092.00,Team Assemblers,Systems Evaluation,2.12,Skills,51,7,two_level_random_sample,EXP_20260413_101441
51-2092.00,Team Assemblers,Time Management,3.0,Skills,51,7,two_level_random_sample,EXP_20260413_101441
51-2092.00,Team Assemblers,Management of Financial Resources,1.88,Skills,51,7,two_level_random_sample,EXP_20260413_101441
51-2092.00,Team Assemblers,Management of Material Resources,2.0,Skills,51,7,two_level_random_sample,EXP_20260413_101441
51-2092.00,Team Assemblers,Management of Personnel Resources,2.75,Skills,51,7,two_level_random_sample,EXP_20260413_101441
51-3022.00,"Meat, Poultry, and Fish Cutters and Trimmers",Reading Comprehension,2.38,Skills,51,7,two_level_random_sample,EXP_20260413_101441
51-3022.00,"Meat, Poultry, and Fish Cutters and Trimmers",Active Listening,3.12,Skills,51,7,two_level_random_sample,EXP_20260413_101441
51-3022.00,"Meat, Poultry, and Fish Cutters and Trimmers",Writing,2.12,Skills,51,7,two_level_random_sample,EXP_20260413_101441
51-3022.00,"Meat, Poultry, and Fish Cutters and Trimmers",Speaking,3.0,Skills,51,7,two_level_random_sample,EXP_20260413_101441
51-3022.00,"Meat, Poultry, and Fish Cutters and Trimmers",Mathematics,2.25,Skills,51,7,two_level_random_sample,EXP_20260413_101441
51-3022.00,"Meat, Poultry, and Fish Cutters and Trimmers",Science,1.0,Skills,51,7,two_level_random_sample,EXP_20260413_101441
51-3022.00,"Meat, Poultry, and Fish Cutters and Trimmers",Critical Thinking,3.0,Skills,51,7,two_level_random_sample,EXP_20260413_101441
51-3022.00,"Meat, Poultry, and Fish Cutters and Trimmers",Active Learning,2.38,Skills,51,7,two_level_random_sample,EXP_20260413_101441
51-3022.00,"Meat, Poultry, and Fish Cutters and Trimmers",Learning Strategies,2.25,Skills,51,7,two_level_random_sample,EXP_20260413_101441
51-3022.00,"Meat, Poultry, and Fish Cutters and Trimmers",Monitoring,3.0,Skills,51,7,two_level_random_sample,EXP_20260413_101441
51-3022.00,"Meat, Poultry, and Fish Cutters and Trimmers",Social Perceptiveness,2.88,Skills,51,7,two_level_random_sample,EXP_20260413_101441
51-3022.00,"Meat, Poultry, and Fish Cutters and Trimmers",Coordination,2.88,Skills,51,7,two_level_random_sample,EXP_20260413_101441
51-3022.00,"Meat, Poultry, and Fish Cutters and Trimmers",Persuasion,2.25,Skills,51,7,two_level_random_sample,EXP_20260413_101441
51-3022.00,"Meat, Poultry, and Fish Cutters and Trimmers",Negotiation,2.25,Skills,51,7,two_level_random_sample,EXP_20260413_101441
51-3022.00,"Meat, Poultry, and Fish Cutters and Trimmers",Instructing,2.62,Skills,51,7,two_level_random_sample,EXP_20260413_101441
51-3022.00,"Meat, Poultry, and Fish Cutters and Trimmers",Service Orientation,2.75,Skills,51,7,two_level_random_sample,EXP_20260413_101441
51-3022.00,"Meat, Poultry, and Fish Cutters and Trimmers",Complex Problem Solving,2.38,Skills,51,7,two_level_random_sample,EXP_20260413_101441
51-3022.00,"Meat, Poultry, and Fish Cutters and Trimmers",Operations Analysis,1.12,Skills,51,7,two_level_random_sample,EXP_20260413_101441
51-3022.00,"Meat, Poultry, and Fish Cutters and Trimmers",Technology Design,1.25,Skills,51,7,two_level_random_sample,EXP_20260413_101441
51-3022.00,"Meat, Poultry, and Fish Cutters and Trimmers",Equipment Selection,2.0,Skills,51,7,two_level_random_sample,EXP_20260413_101441
51-3022.00,"Meat, Poultry, and Fish Cutters and Trimmers",Installation,1.0,Skills,51,7,two_level_random_sample,EXP_20260413_101441
51-3022.00,"Meat, Poultry, and Fish Cutters and Trimmers",Programming,1.0,Skills,51,7,two_level_random_sample,EXP_20260413_101441
51-3022.00,"Meat, Poultry, and Fish Cutters and Trimmers",Operations Monitoring,2.5,Skills,51,7,two_level_random_sample,EXP_20260413_101441
51-3022.00,"Meat, Poultry, and Fish Cutters and Trimmers",Operation and Control,2.25,Skills,51,7,two_level_random_sample,EXP_20260413_101441
51-3022.00,"Meat, Poultry, and Fish Cutters and Trimmers",Equipment Maintenance,1.75,Skills,51,7,two_level_random_sample,EXP_20260413_101441
51-3022.00,"Meat, Poultry, and Fish Cutters and Trimmers",Troubleshooting,2.25,Skills,51,7,two_level_random_sample,EXP_20260413_101441
51-3022.00,"Meat, Poultry, and Fish Cutters and Trimmers",Repairing,1.75,Skills,51,7,two_level_random_sample,EXP_20260413_101441
51-3022.00,"Meat, Poultry, and Fish Cutters and Trimmers",Quality Control Analysis,2.12,Skills,51,7,two_level_random_sample,EXP_20260413_101441
51-3022.00,"Meat, Poultry, and Fish Cutters and Trimmers",Judgment and Decision Making,3.0,Skills,51,7,two_level_random_sample,EXP_20260413_101441
51-3022.00,"Meat, Poultry, and Fish Cutters and Trimmers",Systems Analysis,1.62,Skills,51,7,two_level_random_sample,EXP_20260413_101441
51-3022.00,"Meat, Poultry, and Fish Cutters and Trimmers",Systems Evaluation,1.62,Skills,51,7,two_level_random_sample,EXP_20260413_101441
51-3022.00,"Meat, Poultry, and Fish Cutters and Trimmers",Time Management,2.88,Skills,51,7,two_level_random_sample,EXP_20260413_101441
51-3022.00,"Meat, Poultry, and Fish Cutters and Trimmers",Management of Financial Resources,1.75,Skills,51,7,two_level_random_sample,EXP_20260413_101441
51-3022.00,"Meat, Poultry, and Fish Cutters and Trimmers",Management of Material Resources,1.88,Skills,51,7,two_level_random_sample,EXP_20260413_101441
51-3022.00,"Meat, Poultry, and Fish Cutters and Trimmers",Management of Personnel Resources,2.62,Skills,51,7,two_level_random_sample,EXP_20260413_101441
51-4023.00,"Rolling Machine Setters, Operators, and Tenders, Metal and Plastic",Reading Comprehension,3.0,Skills,51,7,two_level_random_sample,EXP_20260413_101441
51-4023.00,"Rolling Machine Setters, Operators, and Tenders, Metal and Plastic",Active Listening,3.12,Skills,51,7,two_level_random_sample,EXP_20260413_101441
51-4023.00,"Rolling Machine Setters, Operators, and Tenders, Metal and Plastic",Writing,2.62,Skills,51,7,two_level_random_sample,EXP_20260413_101441
51-4023.00,"Rolling Machine Setters, Operators, and Tenders, Metal and Plastic",Speaking,3.25,Skills,51,7,two_level_random_sample,EXP_20260413_101441
51-4023.00,"Rolling Machine Setters, Operators, and Tenders, Metal and Plastic",Mathematics,2.38,Skills,51,7,two_level_random_sample,EXP_20260413_101441
51-4023.00,"Rolling Machine Setters, Operators, and Tenders, Metal and Plastic",Science,1.38,Skills,51,7,two_level_random_sample,EXP_20260413_101441
51-4023.00,"Rolling Machine Setters, Operators, and Tenders, Metal and Plastic",Critical Thinking,3.12,Skills,51,7,two_level_random_sample,EXP_20260413_101441
51-4023.00,"Rolling Machine Setters, Operators, and Tenders, Metal and Plastic",Active Learning,3.0,Skills,51,7,two_level_random_sample,EXP_20260413_101441
51-4023.00,"Rolling Machine Setters, Operators, and Tenders, Metal and Plastic",Learning Strategies,2.88,Skills,51,7,two_level_random_sample,EXP_20260413_101441
51-4023.00,"Rolling Machine Setters, Operators, and Tenders, Metal and Plastic",Monitoring,3.5,Skills,51,7,two_level_random_sample,EXP_20260413_101441
51-4023.00,"Rolling Machine Setters, Operators, and Tenders, Metal and Plastic",Social Perceptiveness,2.88,Skills,51,7,two_level_random_sample,EXP_20260413_101441
51-4023.00,"Rolling Machine Setters, Operators, and Tenders, Metal and Plastic",Coordination,3.0,Skills,51,7,two_level_random_sample,EXP_20260413_101441
51-4023.00,"Rolling Machine Setters, Operators, and Tenders, Metal and Plastic",Persuasion,1.88,Skills,51,7,two_level_random_sample,EXP_20260413_101441
51-4023.00,"Rolling Machine Setters, Operators, and Tenders, Metal and Plastic",Negotiation,2.0,Skills,51,7,two_level_random_sample,EXP_20260413_101441
51-4023.00,"Rolling Machine Setters, Operators, and Tenders, Metal and Plastic",Instructing,2.75,Skills,51,7,two_level_random_sample,EXP_20260413_101441
51-4023.00,"Rolling Machine Setters, Operators, and Tenders, Metal and Plastic",Service Orientation,2.38,Skills,51,7,two_level_random_sample,EXP_20260413_101441
51-4023.00,"Rolling Machine Setters, Operators, and Tenders, Metal and Plastic",Complex Problem Solving,3.0,Skills,51,7,two_level_random_sample,EXP_20260413_101441
51-4023.00,"Rolling Machine Setters, Operators, and Tenders, Metal and Plastic",Operations Analysis,1.75,Skills,51,7,two_level_random_sample,EXP_20260413_101441
51-4023.00,"Rolling Machine Setters, Operators, and Tenders, Metal and Plastic",Technology Design,1.75,Skills,51,7,two_level_random_sample,EXP_20260413_101441
51-4023.00,"Rolling Machine Setters, Operators, and Tenders, Metal and Plastic",Equipment Selection,2.62,Skills,51,7,two_level_random_sample,EXP_20260413_101441
51-4023.00,"Rolling Machine Setters, Operators, and Tenders, Metal and Plastic",Installation,2.38,Skills,51,7,two_level_random_sample,EXP_20260413_101441
51-4023.00,"Rolling Machine Setters, Operators, and Tenders, Metal and Plastic",Programming,1.62,Skills,51,7,two_level_random_sample,EXP_20260413_101441
51-4023.00,"Rolling Machine Setters, Operators, and Tenders, Metal and Plastic",Operations Monitoring,4.0,Skills,51,7,two_level_random_sample,EXP_20260413_101441
51-4023.00,"Rolling Machine Setters, Operators, and Tenders, Metal and Plastic",Operation and Control,4.0,Skills,51,7,two_level_random_sample,EXP_20260413_101441
51-4023.00,"Rolling Machine Setters, Operators, and Tenders, Metal and Plastic",Equipment Maintenance,3.0,Skills,51,7,two_level_random_sample,EXP_20260413_101441
51-4023.00,"Rolling Machine Setters, Operators, and Tenders, Metal and Plastic",Troubleshooting,3.0,Skills,51,7,two_level_random_sample,EXP_20260413_101441
51-4023.00,"Rolling Machine Setters, Operators, and Tenders, Metal and Plastic",Repairing,3.0,Skills,51,7,two_level_random_sample,EXP_20260413_101441
51-4023.00,"Rolling Machine Setters, Operators, and Tenders, Metal and Plastic",Quality Control Analysis,3.62,Skills,51,7,two_level_random_sample,EXP_20260413_101441
51-4023.00,"Rolling Machine Setters, Operators, and Tenders, Metal and Plastic",Judgment and Decision Making,3.0,Skills,51,7,two_level_random_sample,EXP_20260413_101441
51-4023.00,"Rolling Machine Setters, Operators, and Tenders, Metal and Plastic",Systems Analysis,2.75,Skills,51,7,two_level_random_sample,EXP_20260413_101441
51-4023.00,"Rolling Machine Setters, Operators, and Tenders, Metal and Plastic",Systems Evaluation,2.75,Skills,51,7,two_level_random_sample,EXP_20260413_101441
51-4023.00,"Rolling Machine Setters, Operators, and Tenders, Metal and Plastic",Time Management,3.0,Skills,51,7,two_level_random_sample,EXP_20260413_101441
51-4023.00,"Rolling Machine Setters, Operators, and Tenders, Metal and Plastic",Management of Financial Resources,1.75,Skills,51,7,two_level_random_sample,EXP_20260413_101441
51-4023.00,"Rolling Machine Setters, Operators, and Tenders, Metal and Plastic",Management of Material Resources,1.88,Skills,51,7,two_level_random_sample,EXP_20260413_101441
51-4023.00,"Rolling Machine Setters, Operators, and Tenders, Metal and Plastic",Management of Personnel Resources,2.75,Skills,51,7,two_level_random_sample,EXP_20260413_101441
51-5112.00,Printing Press Operators,Reading Comprehension,3.12,Skills,51,7,two_level_random_sample,EXP_20260413_101441
51-5112.00,Printing Press Operators,Active Listening,3.12,Skills,51,7,two_level_random_sample,EXP_20260413_101441
51-5112.00,Printing Press Operators,Writing,2.38,Skills,51,7,two_level_random_sample,EXP_20260413_101441
51-5112.00,Printing Press Operators,Speaking,3.12,Skills,51,7,two_level_random_sample,EXP_20260413_101441
51-5112.00,Printing Press Operators,Mathematics,2.12,Skills,51,7,two_level_random_sample,EXP_20260413_101441
51-5112.00,Printing Press Operators,Science,1.0,Skills,51,7,two_level_random_sample,EXP_20260413_101441
51-5112.00,Printing Press Operators,Critical Thinking,3.12,Skills,51,7,two_level_random_sample,EXP_20260413_101441
51-5112.00,Printing Press Operators,Active Learning,2.88,Skills,51,7,two_level_random_sample,EXP_20260413_101441
51-5112.00,Printing Press Operators,Learning Strategies,2.12,Skills,51,7,two_level_random_sample,EXP_20260413_101441
51-5112.00,Printing Press Operators,Monitoring,3.25,Skills,51,7,two_level_random_sample,EXP_20260413_101441
51-5112.00,Printing Press Operators,Social Perceptiveness,2.75,Skills,51,7,two_level_random_sample,EXP_20260413_101441
51-5112.00,Printing Press Operators,Coordination,3.0,Skills,51,7,two_level_random_sample,EXP_20260413_101441
51-5112.00,Printing Press Operators,Persuasion,2.38,Skills,51,7,two_level_random_sample,EXP_20260413_101441
51-5112.00,Printing Press Operators,Negotiation,2.0,Skills,51,7,two_level_random_sample,EXP_20260413_101441
51-5112.00,Printing Press Operators,Instructing,2.25,Skills,51,7,two_level_random_sample,EXP_20260413_101441
51-5112.00,Printing Press Operators,Service Orientation,2.12,Skills,51,7,two_level_random_sample,EXP_20260413_101441
51-5112.00,Printing Press Operators,Complex Problem Solving,3.0,Skills,51,7,two_level_random_sample,EXP_20260413_101441
51-5112.00,Printing Press Operators,Operations Analysis,1.62,Skills,51,7,two_level_random_sample,EXP_20260413_101441
51-5112.00,Printing Press Operators,Technology Design,1.5,Skills,51,7,two_level_random_sample,EXP_20260413_101441
51-5112.00,Printing Press Operators,Equipment Selection,2.5,Skills,51,7,two_level_random_sample,EXP_20260413_101441
51-5112.00,Printing Press Operators,Installation,1.12,Skills,51,7,two_level_random_sample,EXP_20260413_101441
51-5112.00,Printing Press Operators,Programming,1.5,Skills,51,7,two_level_random_sample,EXP_20260413_101441
51-5112.00,Printing Press Operators,Operations Monitoring,3.62,Skills,51,7,two_level_random_sample,EXP_20260413_101441
51-5112.00,Printing Press Operators,Operation and Control,3.25,Skills,51,7,two_level_random_sample,EXP_20260413_101441
51-5112.00,Printing Press Operators,Equipment Maintenance,3.12,Skills,51,7,two_level_random_sample,EXP_20260413_101441
51-5112.00,Printing Press Operators,Troubleshooting,3.12,Skills,51,7,two_level_random_sample,EXP_20260413_101441
51-5112.00,Printing Press Operators,Repairing,3.12,Skills,51,7,two_level_random_sample,EXP_20260413_101441
51-5112.00,Printing Press Operators,Quality Control Analysis,3.88,Skills,51,7,two_level_random_sample,EXP_20260413_101441
51-5112.00,Printing Press Operators,Judgment and Decision Making,3.12,Skills,51,7,two_level_random_sample,EXP_20260413_101441
51-5112.00,Printing Press Operators,Systems Analysis,2.25,Skills,51,7,two_level_random_sample,EXP_20260413_101441
51-5112.00,Printing Press Operators,Systems Evaluation,2.25,Skills,51,7,two_level_random_sample,EXP_20260413_101441
51-5112.00,Printing Press Operators,Time Management,3.12,Skills,51,7,two_level_random_sample,EXP_20260413_101441
51-5112.00,Printing Press Operators,Management of Financial Resources,1.62,Skills,51,7,two_level_random_sample,EXP_20260413_101441
51-5112.00,Printing Press Operators,Management of Material Resources,2.12,Skills,51,7,two_level_random_sample,EXP_20260413_101441
51-5112.00,Printing Press Operators,Management of Personnel Resources,2.12,Skills,51,7,two_level_random_sample,EXP_20260413_101441
51-6061.00,Textile Bleaching and Dyeing Machine Operators and Tenders,Reading Comprehension,2.88,Skills,51,7,two_level_random_sample,EXP_20260413_101441
51-6061.00,Textile Bleaching and Dyeing Machine Operators and Tenders,Active Listening,3.0,Skills,51,7,two_level_random_sample,EXP_20260413_101441
51-6061.00,Textile Bleaching and Dyeing Machine Operators and Tenders,Writing,2.5,Skills,51,7,two_level_random_sample,EXP_20260413_101441
51-6061.00,Textile Bleaching and Dyeing Machine Operators and Tenders,Speaking,2.88,Skills,51,7,two_level_random_sample,EXP_20260413_101441
51-6061.00,Textile Bleaching and Dyeing Machine Operators and Tenders,Mathematics,2.5,Skills,51,7,two_level_random_sample,EXP_20260413_101441
51-6061.00,Textile Bleaching and Dyeing Machine Operators and Tenders,Science,1.62,Skills,51,7,two_level_random_sample,EXP_20260413_101441
51-6061.00,Textile Bleaching and Dyeing Machine Operators and Tenders,Critical Thinking,2.88,Skills,51,7,two_level_random_sample,EXP_20260413_101441
51-6061.00,Textile Bleaching and Dyeing Machine Operators and Tenders,Active Learning,2.12,Skills,51,7,two_level_random_sample,EXP_20260413_101441
51-6061.00,Textile Bleaching and Dyeing Machine Operators and Tenders,Learning Strategies,2.0,Skills,51,7,two_level_random_sample,EXP_20260413_101441
51-6061.00,Textile Bleaching and Dyeing Machine Operators and Tenders,Monitoring,3.0,Skills,51,7,two_level_random_sample,EXP_20260413_101441
51-6061.00,Textile Bleaching and Dyeing Machine Operators and Tenders,Social Perceptiveness,2.62,Skills,51,7,two_level_random_sample,EXP_20260413_101441
51-6061.00,Textile Bleaching and Dyeing Machine Operators and Tenders,Coordination,2.75,Skills,51,7,two_level_random_sample,EXP_20260413_101441
51-6061.00,Textile Bleaching and Dyeing Machine Operators and Tenders,Persuasion,2.0,Skills,51,7,two_level_random_sample,EXP_20260413_101441
51-6061.00,Textile Bleaching and Dyeing Machine Operators and Tenders,Negotiation,2.0,Skills,51,7,two_level_random_sample,EXP_20260413_101441
51-6061.00,Textile Bleaching and Dyeing Machine Operators and Tenders,Instructing,2.0,Skills,51,7,two_level_random_sample,EXP_20260413_101441
51-6061.00,Textile Bleaching and Dyeing Machine Operators and Tenders,Service Orientation,2.0,Skills,51,7,two_level_random_sample,EXP_20260413_101441
51-6061.00,Textile Bleaching and Dyeing Machine Operators and Tenders,Complex Problem Solving,2.62,Skills,51,7,two_level_random_sample,EXP_20260413_101441
51-6061.00,Textile Bleaching and Dyeing Machine Operators and Tenders,Operations Analysis,1.62,Skills,51,7,two_level_random_sample,EXP_20260413_101441
51-6061.00,Textile Bleaching and Dyeing Machine Operators and Tenders,Technology Design,1.62,Skills,51,7,two_level_random_sample,EXP_20260413_101441
51-6061.00,Textile Bleaching and Dyeing Machine Operators and Tenders,Equipment Selection,2.5,Skills,51,7,two_level_random_sample,EXP_20260413_101441
51-6061.00,Textile Bleaching and Dyeing Machine Operators and Tenders,Installation,1.75,Skills,51,7,two_level_random_sample,EXP_20260413_101441
51-6061.00,Textile Bleaching and Dyeing Machine Operators and Tenders,Programming,1.38,Skills,51,7,two_level_random_sample,EXP_20260413_101441
51-6061.00,Textile Bleaching and Dyeing Machine Operators and Tenders,Operations Monitoring,3.75,Skills,51,7,two_level_random_sample,EXP_20260413_101441
51-6061.00,Textile Bleaching and Dyeing Machine Operators and Tenders,Operation and Control,3.38,Skills,51,7,two_level_random_sample,EXP_20260413_101441
51-6061.00,Textile Bleaching and Dyeing Machine Operators and Tenders,Equipment Maintenance,2.62,Skills,51,7,two_level_random_sample,EXP_20260413_101441
51-6061.00,Textile Bleaching and Dyeing Machine Operators and Tenders,Troubleshooting,2.62,Skills,51,7,two_level_random_sample,EXP_20260413_101441
51-6061.00,Textile Bleaching and Dyeing Machine Operators and Tenders,Repairing,2.5,Skills,51,7,two_level_random_sample,EXP_20260413_101441
51-6061.00,Textile Bleaching and Dyeing Machine Operators and Tenders,Quality Control Analysis,2.88,Skills,51,7,two_level_random_sample,EXP_20260413_101441
51-6061.00,Textile Bleaching and Dyeing Machine Operators and Tenders,Judgment and Decision Making,2.88,Skills,51,7,two_level_random_sample,EXP_20260413_101441
51-6061.00,Textile Bleaching and Dyeing Machine Operators and Tenders,Systems Analysis,2.12,Skills,51,7,two_level_random_sample,EXP_20260413_101441
51-6061.00,Textile Bleaching and Dyeing Machine Operators and Tenders,Systems Evaluation,2.12,Skills,51,7,two_level_random_sample,EXP_20260413_101441
51-6061.00,Textile Bleaching and Dyeing Machine Operators and Tenders,Time Management,3.0,Skills,51,7,two_level_random_sample,EXP_20260413_101441
51-6061.00,Textile Bleaching and Dyeing Machine Operators and Tenders,Management of Financial Resources,1.62,Skills,51,7,two_level_random_sample,EXP_20260413_101441
51-6061.00,Textile Bleaching and Dyeing Machine Operators and Tenders,Management of Material Resources,1.75,Skills,51,7,two_level_random_sample,EXP_20260413_101441
51-6061.00,Textile Bleaching and Dyeing Machine Operators and Tenders,Management of Personnel Resources,2.0,Skills,51,7,two_level_random_sample,EXP_20260413_101441
51-8091.00,Chemical Plant and System Operators,Reading Comprehension,3.25,Skills,51,7,two_level_random_sample,EXP_20260413_101441
51-8091.00,Chemical Plant and System Operators,Active Listening,3.38,Skills,51,7,two_level_random_sample,EXP_20260413_101441
51-8091.00,Chemical Plant and System Operators,Writing,3.0,Skills,51,7,two_level_random_sample,EXP_20260413_101441
51-8091.00,Chemical Plant and System Operators,Speaking,3.12,Skills,51,7,two_level_random_sample,EXP_20260413_101441
51-8091.00,Chemical Plant and System Operators,Mathematics,2.62,Skills,51,7,two_level_random_sample,EXP_20260413_101441
51-8091.00,Chemical Plant and System Operators,Science,2.88,Skills,51,7,two_level_random_sample,EXP_20260413_101441
51-8091.00,Chemical Plant and System Operators,Critical Thinking,3.5,Skills,51,7,two_level_random_sample,EXP_20260413_101441
51-8091.00,Chemical Plant and System Operators,Active Learning,3.25,Skills,51,7,two_level_random_sample,EXP_20260413_101441
51-8091.00,Chemical Plant and System Operators,Learning Strategies,2.88,Skills,51,7,two_level_random_sample,EXP_20260413_101441
51-8091.00,Chemical Plant and System Operators,Monitoring,3.62,Skills,51,7,two_level_random_sample,EXP_20260413_101441
51-8091.00,Chemical Plant and System Operators,Social Perceptiveness,2.62,Skills,51,7,two_level_random_sample,EXP_20260413_101441
51-8091.00,Chemical Plant and System Operators,Coordination,2.88,Skills,51,7,two_level_random_sample,EXP_20260413_101441
51-8091.00,Chemical Plant and System Operators,Persuasion,2.38,Skills,51,7,two_level_random_sample,EXP_20260413_101441
51-8091.00,Chemical Plant and System Operators,Negotiation,2.25,Skills,51,7,two_level_random_sample,EXP_20260413_101441
51-8091.00,Chemical Plant and System Operators,Instructing,2.62,Skills,51,7,two_level_random_sample,EXP_20260413_101441
51-8091.00,Chemical Plant and System Operators,Service Orientation,2.5,Skills,51,7,two_level_random_sample,EXP_20260413_101441
51-8091.00,Chemical Plant and System Operators,Complex Problem Solving,3.25,Skills,51,7,two_level_random_sample,EXP_20260413_101441
51-8091.00,Chemical Plant and System Operators,Operations Analysis,2.12,Skills,51,7,two_level_random_sample,EXP_20260413_101441
51-8091.00,Chemical Plant and System Operators,Technology Design,1.0,Skills,51,7,two_level_random_sample,EXP_20260413_101441
51-8091.00,Chemical Plant and System Operators,Equipment Selection,2.12,Skills,51,7,two_level_random_sample,EXP_20260413_101441
51-8091.00,Chemical Plant and System Operators,Installation,1.0,Skills,51,7,two_level_random_sample,EXP_20260413_101441
51-8091.00,Chemical Plant and System Operators,Programming,1.75,Skills,51,7,two_level_random_sample,EXP_20260413_101441
51-8091.00,Chemical Plant and System Operators,Operations Monitoring,4.12,Skills,51,7,two_level_random_sample,EXP_20260413_101441
51-8091.00,Chemical Plant and System Operators,Operation and Control,4.0,Skills,51,7,two_level_random_sample,EXP_20260413_101441
51-8091.00,Chemical Plant and System Operators,Equipment Maintenance,2.75,Skills,51,7,two_level_random_sample,EXP_20260413_101441
51-8091.00,Chemical Plant and System Operators,Troubleshooting,2.88,Skills,51,7,two_level_random_sample,EXP_20260413_101441
51-8091.00,Chemical Plant and System Operators,Repairing,2.75,Skills,51,7,two_level_random_sample,EXP_20260413_101441
51-8091.00,Chemical Plant and System Operators,Quality Control Analysis,3.62,Skills,51,7,two_level_random_sample,EXP_20260413_101441
51-8091.00,Chemical Plant and System Operators,Judgment and Decision Making,3.25,Skills,51,7,two_level_random_sample,EXP_20260413_101441
51-8091.00,Chemical Plant and System Operators,Systems Analysis,2.62,Skills,51,7,two_level_random_sample,EXP_20260413_101441
51-8091.00,Chemical Plant and System Operators,Systems Evaluation,2.88,Skills,51,7,two_level_random_sample,EXP_20260413_101441
51-8091.00,Chemical Plant and System Operators,Time Management,3.25,Skills,51,7,two_level_random_sample,EXP_20260413_101441
51-8091.00,Chemical Plant and System Operators,Management of Financial Resources,1.88,Skills,51,7,two_level_random_sample,EXP_20260413_101441
51-8091.00,Chemical Plant and System Operators,Management of Material Resources,1.88,Skills,51,7,two_level_random_sample,EXP_20260413_101441
51-8091.00,Chemical Plant and System Operators,Management of Personnel Resources,2.75,Skills,51,7,two_level_random_sample,EXP_20260413_101441
51-9081.00,Dental Laboratory Technicians,Reading Comprehension,3.38,Skills,51,7,two_level_random_sample,EXP_20260413_101441
51-9081.00,Dental Laboratory Technicians,Active Listening,3.0,Skills,51,7,two_level_random_sample,EXP_20260413_101441
51-9081.00,Dental Laboratory Technicians,Writing,2.88,Skills,51,7,two_level_random_sample,EXP_20260413_101441
51-9081.00,Dental Laboratory Technicians,Speaking,3.0,Skills,51,7,two_level_random_sample,EXP_20260413_101441
51-9081.00,Dental Laboratory Technicians,Mathematics,2.0,Skills,51,7,two_level_random_sample,EXP_20260413_101441
51-9081.00,Dental Laboratory Technicians,Science,2.12,Skills,51,7,two_level_random_sample,EXP_20260413_101441
51-9081.00,Dental Laboratory Technicians,Critical Thinking,3.25,Skills,51,7,two_level_random_sample,EXP_20260413_101441
51-9081.00,Dental Laboratory Technicians,Active Learning,3.0,Skills,51,7,two_level_random_sample,EXP_20260413_101441
51-9081.00,Dental Laboratory Technicians,Learning Strategies,2.88,Skills,51,7,two_level_random_sample,EXP_20260413_101441
51-9081.00,Dental Laboratory Technicians,Monitoring,3.0,Skills,51,7,two_level_random_sample,EXP_20260413_101441
51-9081.00,Dental Laboratory Technicians,Social Perceptiveness,2.88,Skills,51,7,two_level_random_sample,EXP_20260413_101441
51-9081.00,Dental Laboratory Technicians,Coordination,2.75,Skills,51,7,two_level_random_sample,EXP_20260413_101441
51-9081.00,Dental Laboratory Technicians,Persuasion,2.38,Skills,51,7,two_level_random_sample,EXP_20260413_101441
51-9081.00,Dental Laboratory Technicians,Negotiation,2.38,Skills,51,7,two_level_random_sample,EXP_20260413_101441
51-9081.00,Dental Laboratory Technicians,Instructing,2.75,Skills,51,7,two_level_random_sample,EXP_20260413_101441
51-9081.00,Dental Laboratory Technicians,Service Orientation,2.38,Skills,51,7,two_level_random_sample,EXP_20260413_101441
51-9081.00,Dental Laboratory Technicians,Complex Problem Solving,3.0,Skills,51,7,two_level_random_sample,EXP_20260413_101441
51-9081.00,Dental Laboratory Technicians,Operations Analysis,1.75,Skills,51,7,two_level_random_sample,EXP_20260413_101441
51-9081.00,Dental Laboratory Technicians,Technology Design,1.88,Skills,51,7,two_level_random_sample,EXP_20260413_101441
51-9081.00,Dental Laboratory Technicians,Equipment Selection,2.38,Skills,51,7,two_level_random_sample,EXP_20260413_101441
51-9081.00,Dental Laboratory Technicians,Installation,1.0,Skills,51,7,two_level_random_sample,EXP_20260413_101441
51-9081.00,Dental Laboratory Technicians,Programming,1.25,Skills,51,7,two_level_random_sample,EXP_20260413_101441
51-9081.00,Dental Laboratory Technicians,Operations Monitoring,3.12,Skills,51,7,two_level_random_sample,EXP_20260413_101441
51-9081.00,Dental Laboratory Technicians,Operation and Control,2.75,Skills,51,7,two_level_random_sample,EXP_20260413_101441
51-9081.00,Dental Laboratory Technicians,Equipment Maintenance,2.25,Skills,51,7,two_level_random_sample,EXP_20260413_101441
51-9081.00,Dental Laboratory Technicians,Troubleshooting,2.25,Skills,51,7,two_level_random_sample,EXP_20260413_101441
51-9081.00,Dental Laboratory Technicians,Repairing,2.25,Skills,51,7,two_level_random_sample,EXP_20260413_101441
51-9081.00,Dental Laboratory Technicians,Quality Control Analysis,2.88,Skills,51,7,two_level_random_sample,EXP_20260413_101441
51-9081.00,Dental Laboratory Technicians,Judgment and Decision Making,3.12,Skills,51,7,two_level_random_sample,EXP_20260413_101441
51-9081.00,Dental Laboratory Technicians,Systems Analysis,2.25,Skills,51,7,two_level_random_sample,EXP_20260413_101441
51-9081.00,Dental Laboratory Technicians,Systems Evaluation,2.0,Skills,51,7,two_level_random_sample,EXP_20260413_101441
51-9081.00,Dental Laboratory Technicians,Time Management,3.25,Skills,51,7,two_level_random_sample,EXP_20260413_101441
51-9081.00,Dental Laboratory Technicians,Management of Financial Resources,1.88,Skills,51,7,two_level_random_sample,EXP_20260413_101441
51-9081.00,Dental Laboratory Technicians,Management of Material Resources,1.88,Skills,51,7,two_level_random_sample,EXP_20260413_101441
51-9081.00,Dental Laboratory Technicians,Management of Personnel Resources,2.38,Skills,51,7,two_level_random_sample,EXP_20260413_101441
13-1023.00,"Purchasing Agents, Except Wholesale, Retail, and Farm Products",Innovation,0.82,Work_Styles,13,7,two_level_random_sample,EXP_20260413_101441
13-1023.00,"Purchasing Agents, Except Wholesale, Retail, and Farm Products",Achievement Orientation,1.77,Work_Styles,13,7,two_level_random_sample,EXP_20260413_101441
13-1023.00,"Purchasing Agents, Except Wholesale, Retail, and Farm Products",Intellectual Curiosity,1.41,Work_Styles,13,7,two_level_random_sample,EXP_20260413_101441
13-1023.00,"Purchasing Agents, Except Wholesale, Retail, and Farm Products",Tolerance for Ambiguity,1.1,Work_Styles,13,7,two_level_random_sample,EXP_20260413_101441
13-1023.00,"Purchasing Agents, Except Wholesale, Retail, and Farm Products",Initiative,1.59,Work_Styles,13,7,two_level_random_sample,EXP_20260413_101441
13-1023.00,"Purchasing Agents, Except Wholesale, Retail, and Farm Products",Adaptability,1.35,Work_Styles,13,7,two_level_random_sample,EXP_20260413_101441
13-1023.00,"Purchasing Agents, Except Wholesale, Retail, and Farm Products",Self-Confidence,2.01,Work_Styles,13,7,two_level_random_sample,EXP_20260413_101441
13-1023.00,"Purchasing Agents, Except Wholesale, Retail, and Farm Products",Perseverance,1.74,Work_Styles,13,7,two_level_random_sample,EXP_20260413_101441
13-1023.00,"Purchasing Agents, Except Wholesale, Retail, and Farm Products",Leadership Orientation,1.26,Work_Styles,13,7,two_level_random_sample,EXP_20260413_101441
13-1023.00,"Purchasing Agents, Except Wholesale, Retail, and Farm Products",Humility,0.5,Work_Styles,13,7,two_level_random_sample,EXP_20260413_101441
13-1023.00,"Purchasing Agents, Except Wholesale, Retail, and Farm Products",Sincerity,0.86,Work_Styles,13,7,two_level_random_sample,EXP_20260413_101441
13-1023.00,"Purchasing Agents, Except Wholesale, Retail, and Farm Products",Empathy,0.62,Work_Styles,13,7,two_level_random_sample,EXP_20260413_101441
13-1023.00,"Purchasing Agents, Except Wholesale, Retail, and Farm Products",Cooperation,1.63,Work_Styles,13,7,two_level_random_sample,EXP_20260413_101441
13-1023.00,"Purchasing Agents, Except Wholesale, Retail, and Farm Products",Optimism,0.52,Work_Styles,13,7,two_level_random_sample,EXP_20260413_101441
13-1023.00,"Purchasing Agents, Except Wholesale, Retail, and Farm Products",Social Orientation,1.4,Work_Styles,13,7,two_level_random_sample,EXP_20260413_101441
13-1023.00,"Purchasing Agents, Except Wholesale, Retail, and Farm Products",Cautiousness,1.56,Work_Styles,13,7,two_level_random_sample,EXP_20260413_101441
13-1023.00,"Purchasing Agents, Except Wholesale, Retail, and Farm Products",Attention to Detail,2.37,Work_Styles,13,7,two_level_random_sample,EXP_20260413_101441
13-1023.00,"Purchasing Agents, Except Wholesale, Retail, and Farm Products",Dependability,2.59,Work_Styles,13,7,two_level_random_sample,EXP_20260413_101441
13-1023.00,"Purchasing Agents, Except Wholesale, Retail, and Farm Products",Integrity,2.28,Work_Styles,13,7,two_level_random_sample,EXP_20260413_101441
13-1023.00,"Purchasing Agents, Except Wholesale, Retail, and Farm Products",Stress Tolerance,1.32,Work_Styles,13,7,two_level_random_sample,EXP_20260413_101441
13-1023.00,"Purchasing Agents, Except Wholesale, Retail, and Farm Products",Self-Control,1.31,Work_Styles,13,7,two_level_random_sample,EXP_20260413_101441
13-1031.00,"Claims Adjusters, Examiners, and Investigators",Innovation,0.02,Work_Styles,13,7,two_level_random_sample,EXP_20260413_101441
13-1031.00,"Claims Adjusters, Examiners, and Investigators",Achievement Orientation,1.71,Work_Styles,13,7,two_level_random_sample,EXP_20260413_101441
13-1031.00,"Claims Adjusters, Examiners, and Investigators",Intellectual Curiosity,1.35,Work_Styles,13,7,two_level_random_sample,EXP_20260413_101441
13-1031.00,"Claims Adjusters, Examiners, and Investigators",Tolerance for Ambiguity,1.31,Work_Styles,13,7,two_level_random_sample,EXP_20260413_101441
13-1031.00,"Claims Adjusters, Examiners, and Investigators",Initiative,1.38,Work_Styles,13,7,two_level_random_sample,EXP_20260413_101441
13-1031.00,"Claims Adjusters, Examiners, and Investigators",Adaptability,1.26,Work_Styles,13,7,two_level_random_sample,EXP_20260413_101441
13-1031.00,"Claims Adjusters, Examiners, and Investigators",Self-Confidence,1.66,Work_Styles,13,7,two_level_random_sample,EXP_20260413_101441
13-1031.00,"Claims Adjusters, Examiners, and Investigators",Perseverance,1.8,Work_Styles,13,7,two_level_random_sample,EXP_20260413_101441
13-1031.00,"Claims Adjusters, Examiners, and Investigators",Leadership Orientation,0.66,Work_Styles,13,7,two_level_random_sample,EXP_20260413_101441
13-1031.00,"Claims Adjusters, Examiners, and Investigators",Humility,0.53,Work_Styles,13,7,two_level_random_sample,EXP_20260413_101441
13-1031.00,"Claims Adjusters, Examiners, and Investigators",Sincerity,0.96,Work_Styles,13,7,two_level_random_sample,EXP_20260413_101441
13-1031.00,"Claims Adjusters, Examiners, and Investigators",Empathy,1.17,Work_Styles,13,7,two_level_random_sample,EXP_20260413_101441
13-1031.00,"Claims Adjusters, Examiners, and Investigators",Cooperation,1.38,Work_Styles,13,7,two_level_random_sample,EXP_20260413_101441
13-1031.00,"Claims Adjusters, Examiners, and Investigators",Optimism,0.38,Work_Styles,13,7,two_level_random_sample,EXP_20260413_101441
13-1031.00,"Claims Adjusters, Examiners, and Investigators",Social Orientation,1.33,Work_Styles,13,7,two_level_random_sample,EXP_20260413_101441
13-1031.00,"Claims Adjusters, Examiners, and Investigators",Cautiousness,2.35,Work_Styles,13,7,two_level_random_sample,EXP_20260413_101441
13-1031.00,"Claims Adjusters, Examiners, and Investigators",Attention to Detail,2.67,Work_Styles,13,7,two_level_random_sample,EXP_20260413_101441
13-1031.00,"Claims Adjusters, Examiners, and Investigators",Dependability,2.53,Work_Styles,13,7,two_level_random_sample,EXP_20260413_101441
13-1031.00,"Claims Adjusters, Examiners, and Investigators",Integrity,2.51,Work_Styles,13,7,two_level_random_sample,EXP_20260413_101441
13-1031.00,"Claims Adjusters, Examiners, and Investigators",Stress Tolerance,1.8,Work_Styles,13,7,two_level_random_sample,EXP_20260413_101441
13-1031.00,"Claims Adjusters, Examiners, and Investigators",Self-Control,1.8,Work_Styles,13,7,two_level_random_sample,EXP_20260413_101441
13-1041.00,Compliance Officers,Innovation,-0.59,Work_Styles,13,7,two_level_random_sample,EXP_20260413_101441
13-1041.00,Compliance Officers,Achievement Orientation,1.09,Work_Styles,13,7,two_level_random_sample,EXP_20260413_101441
13-1041.00,Compliance Officers,Intellectual Curiosity,0.87,Work_Styles,13,7,two_level_random_sample,EXP_20260413_101441
13-1041.00,Compliance Officers,Tolerance for Ambiguity,0.44,Work_Styles,13,7,two_level_random_sample,EXP_20260413_101441
13-1041.00,Compliance Officers,Initiative,0.65,Work_Styles,13,7,two_level_random_sample,EXP_20260413_101441
13-1041.00,Compliance Officers,Adaptability,0.5,Work_Styles,13,7,two_level_random_sample,EXP_20260413_101441
13-1041.00,Compliance Officers,Self-Confidence,1.21,Work_Styles,13,7,two_level_random_sample,EXP_20260413_101441
13-1041.00,Compliance Officers,Perseverance,1.46,Work_Styles,13,7,two_level_random_sample,EXP_20260413_101441
13-1041.00,Compliance Officers,Leadership Orientation,0.98,Work_Styles,13,7,two_level_random_sample,EXP_20260413_101441
13-1041.00,Compliance Officers,Humility,0.64,Work_Styles,13,7,two_level_random_sample,EXP_20260413_101441
13-1041.00,Compliance Officers,Sincerity,1.28,Work_Styles,13,7,two_level_random_sample,EXP_20260413_101441
13-1041.00,Compliance Officers,Empathy,0.62,Work_Styles,13,7,two_level_random_sample,EXP_20260413_101441
13-1041.00,Compliance Officers,Cooperation,1.41,Work_Styles,13,7,two_level_random_sample,EXP_20260413_101441
13-1041.00,Compliance Officers,Optimism,0.38,Work_Styles,13,7,two_level_random_sample,EXP_20260413_101441
13-1041.00,Compliance Officers,Social Orientation,1.09,Work_Styles,13,7,two_level_random_sample,EXP_20260413_101441
13-1041.00,Compliance Officers,Cautiousness,2.24,Work_Styles,13,7,two_level_random_sample,EXP_20260413_101441
13-1041.00,Compliance Officers,Attention to Detail,2.57,Work_Styles,13,7,two_level_random_sample,EXP_20260413_101441
13-1041.00,Compliance Officers,Dependability,2.59,Work_Styles,13,7,two_level_random_sample,EXP_20260413_101441
13-1041.00,Compliance Officers,Integrity,2.93,Work_Styles,13,7,two_level_random_sample,EXP_20260413_101441
13-1041.00,Compliance Officers,Stress Tolerance,1.43,Work_Styles,13,7,two_level_random_sample,EXP_20260413_101441
13-1041.00,Compliance Officers,Self-Control,1.84,Work_Styles,13,7,two_level_random_sample,EXP_20260413_101441
13-1041.07,Regulatory Affairs Specialists,Innovation,0.24,Work_Styles,13,7,two_level_random_sample,EXP_20260413_101441
13-1041.07,Regulatory Affairs Specialists,Achievement Orientation,1.8,Work_Styles,13,7,two_level_random_sample,EXP_20260413_101441
13-1041.07,Regulatory Affairs Specialists,Intellectual Curiosity,2.2,Work_Styles,13,7,two_level_random_sample,EXP_20260413_101441
13-1041.07,Regulatory Affairs Specialists,Tolerance for Ambiguity,0.4,Work_Styles,13,7,two_level_random_sample,EXP_20260413_101441
13-1041.07,Regulatory Affairs Specialists,Initiative,1.44,Work_Styles,13,7,two_level_random_sample,EXP_20260413_101441
13-1041.07,Regulatory Affairs Specialists,Adaptability,1.22,Work_Styles,13,7,two_level_random_sample,EXP_20260413_101441
13-1041.07,Regulatory Affairs Specialists,Self-Confidence,1.44,Work_Styles,13,7,two_level_random_sample,EXP_20260413_101441
13-1041.07,Regulatory Affairs Specialists,Perseverance,1.61,Work_Styles,13,7,two_level_random_sample,EXP_20260413_101441
13-1041.07,Regulatory Affairs Specialists,Leadership Orientation,0.88,Work_Styles,13,7,two_level_random_sample,EXP_20260413_101441
13-1041.07,Regulatory Affairs Specialists,Humility,0.61,Work_Styles,13,7,two_level_random_sample,EXP_20260413_101441
13-1041.07,Regulatory Affairs Specialists,Sincerity,0.98,Work_Styles,13,7,two_level_random_sample,EXP_20260413_101441
13-1041.07,Regulatory Affairs Specialists,Empathy,0.34,Work_Styles,13,7,two_level_random_sample,EXP_20260413_101441
13-1041.07,Regulatory Affairs Specialists,Cooperation,1.67,Work_Styles,13,7,two_level_random_sample,EXP_20260413_101441
13-1041.07,Regulatory Affairs Specialists,Optimism,0.28,Work_Styles,13,7,two_level_random_sample,EXP_20260413_101441
13-1041.07,Regulatory Affairs Specialists,Social Orientation,0.88,Work_Styles,13,7,two_level_random_sample,EXP_20260413_101441
13-1041.07,Regulatory Affairs Specialists,Cautiousness,2.62,Work_Styles,13,7,two_level_random_sample,EXP_20260413_101441
13-1041.07,Regulatory Affairs Specialists,Attention to Detail,3.0,Work_Styles,13,7,two_level_random_sample,EXP_20260413_101441
13-1041.07,Regulatory Affairs Specialists,Dependability,2.65,Work_Styles,13,7,two_level_random_sample,EXP_20260413_101441
13-1041.07,Regulatory Affairs Specialists,Integrity,2.55,Work_Styles,13,7,two_level_random_sample,EXP_20260413_101441
13-1041.07,Regulatory Affairs Specialists,Stress Tolerance,1.43,Work_Styles,13,7,two_level_random_sample,EXP_20260413_101441
13-1041.07,Regulatory Affairs Specialists,Self-Control,1.37,Work_Styles,13,7,two_level_random_sample,EXP_20260413_101441
13-1131.00,Fundraisers,Innovation,1.25,Work_Styles,13,7,two_level_random_sample,EXP_20260413_101441
13-1131.00,Fundraisers,Achievement Orientation,2.79,Work_Styles,13,7,two_level_random_sample,EXP_20260413_101441
13-1131.00,Fundraisers,Intellectual Curiosity,1.17,Work_Styles,13,7,two_level_random_sample,EXP_20260413_101441
13-1131.00,Fundraisers,Tolerance for Ambiguity,1.47,Work_Styles,13,7,two_level_random_sample,EXP_20260413_101441
13-1131.00,Fundraisers,Initiative,2.18,Work_Styles,13,7,two_level_random_sample,EXP_20260413_101441
13-1131.00,Fundraisers,Adaptability,1.68,Work_Styles,13,7,two_level_random_sample,EXP_20260413_101441
13-1131.00,Fundraisers,Self-Confidence,1.7,Work_Styles,13,7,two_level_random_sample,EXP_20260413_101441
13-1131.00,Fundraisers,Perseverance,2.19,Work_Styles,13,7,two_level_random_sample,EXP_20260413_101441
13-1131.00,Fundraisers,Leadership Orientation,2.16,Work_Styles,13,7,two_level_random_sample,EXP_20260413_101441
13-1131.00,Fundraisers,Humility,0.34,Work_Styles,13,7,two_level_random_sample,EXP_20260413_101441
13-1131.00,Fundraisers,Sincerity,2.03,Work_Styles,13,7,two_level_random_sample,EXP_20260413_101441
13-1131.00,Fundraisers,Empathy,2.01,Work_Styles,13,7,two_level_random_sample,EXP_20260413_101441
13-1131.00,Fundraisers,Cooperation,2.34,Work_Styles,13,7,two_level_random_sample,EXP_20260413_101441
13-1131.00,Fundraisers,Optimism,2.49,Work_Styles,13,7,two_level_random_sample,EXP_20260413_101441
13-1131.00,Fundraisers,Social Orientation,2.81,Work_Styles,13,7,two_level_random_sample,EXP_20260413_101441
13-1131.00,Fundraisers,Cautiousness,0.13,Work_Styles,13,7,two_level_random_sample,EXP_20260413_101441
13-1131.00,Fundraisers,Attention to Detail,1.71,Work_Styles,13,7,two_level_random_sample,EXP_20260413_101441
13-1131.00,Fundraisers,Dependability,2.41,Work_Styles,13,7,two_level_random_sample,EXP_20260413_101441
13-1131.00,Fundraisers,Integrity,2.36,Work_Styles,13,7,two_level_random_sample,EXP_20260413_101441
13-1131.00,Fundraisers,Stress Tolerance,1.52,Work_Styles,13,7,two_level_random_sample,EXP_20260413_101441
13-1131.00,Fundraisers,Self-Control,1.7,Work_Styles,13,7,two_level_random_sample,EXP_20260413_101441
13-1161.00,Market Research Analysts and Marketing Specialists,Innovation,1.94,Work_Styles,13,7,two_level_random_sample,EXP_20260413_101441
13-1161.00,Market Research Analysts and Marketing Specialists,Achievement Orientation,2.01,Work_Styles,13,7,two_level_random_sample,EXP_20260413_101441
13-1161.00,Market Research Analysts and Marketing Specialists,Intellectual Curiosity,2.16,Work_Styles,13,7,two_level_random_sample,EXP_20260413_101441
13-1161.00,Market Research Analysts and Marketing Specialists,Tolerance for Ambiguity,1.64,Work_Styles,13,7,two_level_random_sample,EXP_20260413_101441
13-1161.00,Market Research Analysts and Marketing Specialists,Initiative,1.53,Work_Styles,13,7,two_level_random_sample,EXP_20260413_101441
13-1161.00,Market Research Analysts and Marketing Specialists,Adaptability,1.83,Work_Styles,13,7,two_level_random_sample,EXP_20260413_101441
13-1161.00,Market Research Analysts and Marketing Specialists,Self-Confidence,1.32,Work_Styles,13,7,two_level_random_sample,EXP_20260413_101441
13-1161.00,Market Research Analysts and Marketing Specialists,Perseverance,1.64,Work_Styles,13,7,two_level_random_sample,EXP_20260413_101441
13-1161.00,Market Research Analysts and Marketing Specialists,Leadership Orientation,0.93,Work_Styles,13,7,two_level_random_sample,EXP_20260413_101441
13-1161.00,Market Research Analysts and Marketing Specialists,Humility,0.22,Work_Styles,13,7,two_level_random_sample,EXP_20260413_101441
13-1161.00,Market Research Analysts and Marketing Specialists,Sincerity,0.72,Work_Styles,13,7,two_level_random_sample,EXP_20260413_101441
13-1161.00,Market Research Analysts and Marketing Specialists,Empathy,0.84,Work_Styles,13,7,two_level_random_sample,EXP_20260413_101441
13-1161.00,Market Research Analysts and Marketing Specialists,Cooperation,1.38,Work_Styles,13,7,two_level_random_sample,EXP_20260413_101441
13-1161.00,Market Research Analysts and Marketing Specialists,Optimism,0.56,Work_Styles,13,7,two_level_random_sample,EXP_20260413_101441
13-1161.00,Market Research Analysts and Marketing Specialists,Social Orientation,1.56,Work_Styles,13,7,two_level_random_sample,EXP_20260413_101441
13-1161.00,Market Research Analysts and Marketing Specialists,Cautiousness,0.92,Work_Styles,13,7,two_level_random_sample,EXP_20260413_101441
13-1161.00,Market Research Analysts and Marketing Specialists,Attention to Detail,2.31,Work_Styles,13,7,two_level_random_sample,EXP_20260413_101441
13-1161.00,Market Research Analysts and Marketing Specialists,Dependability,1.98,Work_Styles,13,7,two_level_random_sample,EXP_20260413_101441
13-1161.00,Market Research Analysts and Marketing Specialists,Integrity,1.48,Work_Styles,13,7,two_level_random_sample,EXP_20260413_101441
13-1161.00,Market Research Analysts and Marketing Specialists,Stress Tolerance,1.09,Work_Styles,13,7,two_level_random_sample,EXP_20260413_101441
13-1161.00,Market Research Analysts and Marketing Specialists,Self-Control,1.03,Work_Styles,13,7,two_level_random_sample,EXP_20260413_101441
13-1199.04,Business Continuity Planners,Innovation,1.6,Work_Styles,13,7,two_level_random_sample,EXP_20260413_101441
13-1199.04,Business Continuity Planners,Achievement Orientation,2.14,Work_Styles,13,7,two_level_random_sample,EXP_20260413_101441
13-1199.04,Business Continuity Planners,Intellectual Curiosity,2.2,Work_Styles,13,7,two_level_random_sample,EXP_20260413_101441
13-1199.04,Business Continuity Planners,Tolerance for Ambiguity,1.91,Work_Styles,13,7,two_level_random_sample,EXP_20260413_101441
13-1199.04,Business Continuity Planners,Initiative,2.03,Work_Styles,13,7,two_level_random_sample,EXP_20260413_101441
13-1199.04,Business Continuity Planners,Adaptability,2.42,Work_Styles,13,7,two_level_random_sample,EXP_20260413_101441
13-1199.04,Business Continuity Planners,Self-Confidence,1.7,Work_Styles,13,7,two_level_random_sample,EXP_20260413_101441
13-1199.04,Business Continuity Planners,Perseverance,2.12,Work_Styles,13,7,two_level_random_sample,EXP_20260413_101441
13-1199.04,Business Continuity Planners,Leadership Orientation,2.01,Work_Styles,13,7,two_level_random_sample,EXP_20260413_101441
13-1199.04,Business Continuity Planners,Humility,0.5,Work_Styles,13,7,two_level_random_sample,EXP_20260413_101441
13-1199.04,Business Continuity Planners,Sincerity,0.82,Work_Styles,13,7,two_level_random_sample,EXP_20260413_101441
13-1199.04,Business Continuity Planners,Empathy,0.47,Work_Styles,13,7,two_level_random_sample,EXP_20260413_101441
13-1199.04,Business Continuity Planners,Cooperation,1.63,Work_Styles,13,7,two_level_random_sample,EXP_20260413_101441
13-1199.04,Business Continuity Planners,Optimism,0.54,Work_Styles,13,7,two_level_random_sample,EXP_20260413_101441
13-1199.04,Business Continuity Planners,Social Orientation,1.13,Work_Styles,13,7,two_level_random_sample,EXP_20260413_101441
13-1199.04,Business Continuity Planners,Cautiousness,2.74,Work_Styles,13,7,two_level_random_sample,EXP_20260413_101441
13-1199.04,Business Continuity Planners,Attention to Detail,2.77,Work_Styles,13,7,two_level_random_sample,EXP_20260413_101441
13-1199.04,Business Continuity Planners,Dependability,2.93,Work_Styles,13,7,two_level_random_sample,EXP_20260413_101441
13-1199.04,Business Continuity Planners,Integrity,2.32,Work_Styles,13,7,two_level_random_sample,EXP_20260413_101441
13-1199.04,Business Continuity Planners,Stress Tolerance,2.21,Work_Styles,13,7,two_level_random_sample,EXP_20260413_101441
13-1199.04,Business Continuity Planners,Self-Control,1.8,Work_Styles,13,7,two_level_random_sample,EXP_20260413_101441
13-2053.00,Insurance Underwriters,Innovation,0.02,Work_Styles,13,7,two_level_random_sample,EXP_20260413_101441
13-2053.00,Insurance Underwriters,Achievement Orientation,1.77,Work_Styles,13,7,two_level_random_sample,EXP_20260413_101441
13-2053.00,Insurance Underwriters,Intellectual Curiosity,1.38,Work_Styles,13,7,two_level_random_sample,EXP_20260413_101441
13-2053.00,Insurance Underwriters,Tolerance for Ambiguity,0.91,Work_Styles,13,7,two_level_random_sample,EXP_20260413_101441
13-2053.00,Insurance Underwriters,Initiative,0.61,Work_Styles,13,7,two_level_random_sample,EXP_20260413_101441
13-2053.00,Insurance Underwriters,Adaptability,0.64,Work_Styles,13,7,two_level_random_sample,EXP_20260413_101441
13-2053.00,Insurance Underwriters,Self-Confidence,1.47,Work_Styles,13,7,two_level_random_sample,EXP_20260413_101441
13-2053.00,Insurance Underwriters,Perseverance,1.37,Work_Styles,13,7,two_level_random_sample,EXP_20260413_101441
13-2053.00,Insurance Underwriters,Leadership Orientation,0.02,Work_Styles,13,7,two_level_random_sample,EXP_20260413_101441
13-2053.00,Insurance Underwriters,Humility,-0.16,Work_Styles,13,7,two_level_random_sample,EXP_20260413_101441
13-2053.00,Insurance Underwriters,Sincerity,0.62,Work_Styles,13,7,two_level_random_sample,EXP_20260413_101441
13-2053.00,Insurance Underwriters,Empathy,0.2,Work_Styles,13,7,two_level_random_sample,EXP_20260413_101441
13-2053.00,Insurance Underwriters,Cooperation,0.62,Work_Styles,13,7,two_level_random_sample,EXP_20260413_101441
13-2053.00,Insurance Underwriters,Optimism,-0.32,Work_Styles,13,7,two_level_random_sample,EXP_20260413_101441
13-2053.00,Insurance Underwriters,Social Orientation,0.18,Work_Styles,13,7,two_level_random_sample,EXP_20260413_101441
13-2053.00,Insurance Underwriters,Cautiousness,2.74,Work_Styles,13,7,two_level_random_sample,EXP_20260413_101441
13-2053.00,Insurance Underwriters,Attention to Detail,2.67,Work_Styles,13,7,two_level_random_sample,EXP_20260413_101441
13-2053.00,Insurance Underwriters,Dependability,2.47,Work_Styles,13,7,two_level_random_sample,EXP_20260413_101441
13-2053.00,Insurance Underwriters,Integrity,2.21,Work_Styles,13,7,two_level_random_sample,EXP_20260413_101441
13-2053.00,Insurance Underwriters,Stress Tolerance,1.24,Work_Styles,13,7,two_level_random_sample,EXP_20260413_101441
13-2053.00,Insurance Underwriters,Self-Control,1.25,Work_Styles,13,7,two_level_random_sample,EXP_20260413_101441
19-1021.00,Biochemists and Biophysicists,Innovation,2.61,Work_Styles,19,7,two_level_random_sample,EXP_20260413_101441
19-1021.00,Biochemists and Biophysicists,Achievement Orientation,2.14,Work_Styles,19,7,two_level_random_sample,EXP_20260413_101441
19-1021.00,Biochemists and Biophysicists,Intellectual Curiosity,3.0,Work_Styles,19,7,two_level_random_sample,EXP_20260413_101441
19-1021.00,Biochemists and Biophysicists,Tolerance for Ambiguity,1.26,Work_Styles,19,7,two_level_random_sample,EXP_20260413_101441
19-1021.00,Biochemists and Biophysicists,Initiative,1.82,Work_Styles,19,7,two_level_random_sample,EXP_20260413_101441
19-1021.00,Biochemists and Biophysicists,Adaptability,1.79,Work_Styles,19,7,two_level_random_sample,EXP_20260413_101441
19-1021.00,Biochemists and Biophysicists,Self-Confidence,1.24,Work_Styles,19,7,two_level_random_sample,EXP_20260413_101441
19-1021.00,Biochemists and Biophysicists,Perseverance,1.58,Work_Styles,19,7,two_level_random_sample,EXP_20260413_101441
19-1021.00,Biochemists and Biophysicists,Leadership Orientation,1.24,Work_Styles,19,7,two_level_random_sample,EXP_20260413_101441
19-1021.00,Biochemists and Biophysicists,Humility,0.72,Work_Styles,19,7,two_level_random_sample,EXP_20260413_101441
19-1021.00,Biochemists and Biophysicists,Sincerity,0.84,Work_Styles,19,7,two_level_random_sample,EXP_20260413_101441
19-1021.00,Biochemists and Biophysicists,Empathy,0.27,Work_Styles,19,7,two_level_random_sample,EXP_20260413_101441
19-1021.00,Biochemists and Biophysicists,Cooperation,1.2,Work_Styles,19,7,two_level_random_sample,EXP_20260413_101441
19-1021.00,Biochemists and Biophysicists,Optimism,0.56,Work_Styles,19,7,two_level_random_sample,EXP_20260413_101441
19-1021.00,Biochemists and Biophysicists,Social Orientation,0.7,Work_Styles,19,7,two_level_random_sample,EXP_20260413_101441
19-1021.00,Biochemists and Biophysicists,Cautiousness,1.82,Work_Styles,19,7,two_level_random_sample,EXP_20260413_101441
19-1021.00,Biochemists and Biophysicists,Attention to Detail,3.0,Work_Styles,19,7,two_level_random_sample,EXP_20260413_101441
19-1021.00,Biochemists and Biophysicists,Dependability,2.36,Work_Styles,19,7,two_level_random_sample,EXP_20260413_101441
19-1021.00,Biochemists and Biophysicists,Integrity,2.21,Work_Styles,19,7,two_level_random_sample,EXP_20260413_101441
19-1021.00,Biochemists and Biophysicists,Stress Tolerance,1.32,Work_Styles,19,7,two_level_random_sample,EXP_20260413_101441
19-1021.00,Biochemists and Biophysicists,Self-Control,0.59,Work_Styles,19,7,two_level_random_sample,EXP_20260413_101441
19-1022.00,Microbiologists,Innovation,2.27,Work_Styles,19,7,two_level_random_sample,EXP_20260413_101441
19-1022.00,Microbiologists,Achievement Orientation,2.14,Work_Styles,19,7,two_level_random_sample,EXP_20260413_101441
19-1022.00,Microbiologists,Intellectual Curiosity,3.0,Work_Styles,19,7,two_level_random_sample,EXP_20260413_101441
19-1022.00,Microbiologists,Tolerance for Ambiguity,1.35,Work_Styles,19,7,two_level_random_sample,EXP_20260413_101441
19-1022.00,Microbiologists,Initiative,1.41,Work_Styles,19,7,two_level_random_sample,EXP_20260413_101441
19-1022.00,Microbiologists,Adaptability,1.35,Work_Styles,19,7,two_level_random_sample,EXP_20260413_101441
19-1022.00,Microbiologists,Self-Confidence,1.29,Work_Styles,19,7,two_level_random_sample,EXP_20260413_101441
19-1022.00,Microbiologists,Perseverance,1.67,Work_Styles,19,7,two_level_random_sample,EXP_20260413_101441
19-1022.00,Microbiologists,Leadership Orientation,1.08,Work_Styles,19,7,two_level_random_sample,EXP_20260413_101441
19-1022.00,Microbiologists,Humility,0.75,Work_Styles,19,7,two_level_random_sample,EXP_20260413_101441
19-1022.00,Microbiologists,Sincerity,0.6,Work_Styles,19,7,two_level_random_sample,EXP_20260413_101441
19-1022.00,Microbiologists,Empathy,-0.01,Work_Styles,19,7,two_level_random_sample,EXP_20260413_101441
19-1022.00,Microbiologists,Cooperation,1.17,Work_Styles,19,7,two_level_random_sample,EXP_20260413_101441
19-1022.00,Microbiologists,Optimism,0.22,Work_Styles,19,7,two_level_random_sample,EXP_20260413_101441
19-1022.00,Microbiologists,Social Orientation,0.16,Work_Styles,19,7,two_level_random_sample,EXP_20260413_101441
19-1022.00,Microbiologists,Cautiousness,2.39,Work_Styles,19,7,two_level_random_sample,EXP_20260413_101441
19-1022.00,Microbiologists,Attention to Detail,3.0,Work_Styles,19,7,two_level_random_sample,EXP_20260413_101441
19-1022.00,Microbiologists,Dependability,2.65,Work_Styles,19,7,two_level_random_sample,EXP_20260413_101441
19-1022.00,Microbiologists,Integrity,2.1,Work_Styles,19,7,two_level_random_sample,EXP_20260413_101441
19-1022.00,Microbiologists,Stress Tolerance,1.4,Work_Styles,19,7,two_level_random_sample,EXP_20260413_101441
19-1022.00,Microbiologists,Self-Control,0.77,Work_Styles,19,7,two_level_random_sample,EXP_20260413_101441
19-1029.01,Bioinformatics Scientists,Innovation,2.61,Work_Styles,19,7,two_level_random_sample,EXP_20260413_101441
19-1029.01,Bioinformatics Scientists,Achievement Orientation,2.14,Work_Styles,19,7,two_level_random_sample,EXP_20260413_101441
19-1029.01,Bioinformatics Scientists,Intellectual Curiosity,3.0,Work_Styles,19,7,two_level_random_sample,EXP_20260413_101441
19-1029.01,Bioinformatics Scientists,Tolerance for Ambiguity,1.93,Work_Styles,19,7,two_level_random_sample,EXP_20260413_101441
19-1029.01,Bioinformatics Scientists,Initiative,1.69,Work_Styles,19,7,two_level_random_sample,EXP_20260413_101441
19-1029.01,Bioinformatics Scientists,Adaptability,2.3,Work_Styles,19,7,two_level_random_sample,EXP_20260413_101441
19-1029.01,Bioinformatics Scientists,Self-Confidence,1.26,Work_Styles,19,7,two_level_random_sample,EXP_20260413_101441
19-1029.01,Bioinformatics Scientists,Perseverance,1.94,Work_Styles,19,7,two_level_random_sample,EXP_20260413_101441
19-1029.01,Bioinformatics Scientists,Leadership Orientation,0.81,Work_Styles,19,7,two_level_random_sample,EXP_20260413_101441
19-1029.01,Bioinformatics Scientists,Humility,0.58,Work_Styles,19,7,two_level_random_sample,EXP_20260413_101441
19-1029.01,Bioinformatics Scientists,Sincerity,0.47,Work_Styles,19,7,two_level_random_sample,EXP_20260413_101441
19-1029.01,Bioinformatics Scientists,Empathy,0.16,Work_Styles,19,7,two_level_random_sample,EXP_20260413_101441
19-1029.01,Bioinformatics Scientists,Cooperation,0.98,Work_Styles,19,7,two_level_random_sample,EXP_20260413_101441
19-1029.01,Bioinformatics Scientists,Optimism,0.24,Work_Styles,19,7,two_level_random_sample,EXP_20260413_101441
19-1029.01,Bioinformatics Scientists,Social Orientation,0.54,Work_Styles,19,7,two_level_random_sample,EXP_20260413_101441
19-1029.01,Bioinformatics Scientists,Cautiousness,1.47,Work_Styles,19,7,two_level_random_sample,EXP_20260413_101441
19-1029.01,Bioinformatics Scientists,Attention to Detail,2.77,Work_Styles,19,7,two_level_random_sample,EXP_20260413_101441
19-1029.01,Bioinformatics Scientists,Dependability,2.19,Work_Styles,19,7,two_level_random_sample,EXP_20260413_101441
19-1029.01,Bioinformatics Scientists,Integrity,1.96,Work_Styles,19,7,two_level_random_sample,EXP_20260413_101441
19-1029.01,Bioinformatics Scientists,Stress Tolerance,1.11,Work_Styles,19,7,two_level_random_sample,EXP_20260413_101441
19-1029.01,Bioinformatics Scientists,Self-Control,0.42,Work_Styles,19,7,two_level_random_sample,EXP_20260413_101441
19-1029.04,Biologists,Innovation,2.3,Work_Styles,19,7,two_level_random_sample,EXP_20260413_101441
19-1029.04,Biologists,Achievement Orientation,1.95,Work_Styles,19,7,two_level_random_sample,EXP_20260413_101441
19-1029.04,Biologists,Intellectual Curiosity,3.0,Work_Styles,19,7,two_level_random_sample,EXP_20260413_101441
19-1029.04,Biologists,Tolerance for Ambiguity,1.41,Work_Styles,19,7,two_level_random_sample,EXP_20260413_101441
19-1029.04,Biologists,Initiative,1.41,Work_Styles,19,7,two_level_random_sample,EXP_20260413_101441
19-1029.04,Biologists,Adaptability,1.29,Work_Styles,19,7,two_level_random_sample,EXP_20260413_101441
19-1029.04,Biologists,Self-Confidence,1.24,Work_Styles,19,7,two_level_random_sample,EXP_20260413_101441
19-1029.04,Biologists,Perseverance,1.58,Work_Styles,19,7,two_level_random_sample,EXP_20260413_101441
19-1029.04,Biologists,Leadership Orientation,1.29,Work_Styles,19,7,two_level_random_sample,EXP_20260413_101441
19-1029.04,Biologists,Humility,0.75,Work_Styles,19,7,two_level_random_sample,EXP_20260413_101441
19-1029.04,Biologists,Sincerity,0.92,Work_Styles,19,7,two_level_random_sample,EXP_20260413_101441
19-1029.04,Biologists,Empathy,0.43,Work_Styles,19,7,two_level_random_sample,EXP_20260413_101441
19-1029.04,Biologists,Cooperation,1.7,Work_Styles,19,7,two_level_random_sample,EXP_20260413_101441
19-1029.04,Biologists,Optimism,0.43,Work_Styles,19,7,two_level_random_sample,EXP_20260413_101441
19-1029.04,Biologists,Social Orientation,1.29,Work_Styles,19,7,two_level_random_sample,EXP_20260413_101441
19-1029.04,Biologists,Cautiousness,1.5,Work_Styles,19,7,two_level_random_sample,EXP_20260413_101441
19-1029.04,Biologists,Attention to Detail,2.53,Work_Styles,19,7,two_level_random_sample,EXP_20260413_101441
19-1029.04,Biologists,Dependability,2.08,Work_Styles,19,7,two_level_random_sample,EXP_20260413_101441
19-1029.04,Biologists,Integrity,2.03,Work_Styles,19,7,two_level_random_sample,EXP_20260413_101441
19-1029.04,Biologists,Stress Tolerance,0.95,Work_Styles,19,7,two_level_random_sample,EXP_20260413_101441
19-1029.04,Biologists,Self-Control,0.75,Work_Styles,19,7,two_level_random_sample,EXP_20260413_101441
19-2032.00,Materials Scientists,Innovation,2.48,Work_Styles,19,7,two_level_random_sample,EXP_20260413_101441
19-2032.00,Materials Scientists,Achievement Orientation,2.14,Work_Styles,19,7,two_level_random_sample,EXP_20260413_101441
19-2032.00,Materials Scientists,Intellectual Curiosity,3.0,Work_Styles,19,7,two_level_random_sample,EXP_20260413_101441
19-2032.00,Materials Scientists,Tolerance for Ambiguity,1.6,Work_Styles,19,7,two_level_random_sample,EXP_20260413_101441
19-2032.00,Materials Scientists,Initiative,1.5,Work_Styles,19,7,two_level_random_sample,EXP_20260413_101441
19-2032.00,Materials Scientists,Adaptability,1.65,Work_Styles,19,7,two_level_random_sample,EXP_20260413_101441
19-2032.00,Materials Scientists,Self-Confidence,1.41,Work_Styles,19,7,two_level_random_sample,EXP_20260413_101441
19-2032.00,Materials Scientists,Perseverance,1.77,Work_Styles,19,7,two_level_random_sample,EXP_20260413_101441
19-2032.00,Materials Scientists,Leadership Orientation,0.83,Work_Styles,19,7,two_level_random_sample,EXP_20260413_101441
19-2032.00,Materials Scientists,Humility,0.5,Work_Styles,19,7,two_level_random_sample,EXP_20260413_101441
19-2032.00,Materials Scientists,Sincerity,0.6,Work_Styles,19,7,two_level_random_sample,EXP_20260413_101441
19-2032.00,Materials Scientists,Empathy,-0.02,Work_Styles,19,7,two_level_random_sample,EXP_20260413_101441
19-2032.00,Materials Scientists,Cooperation,1.03,Work_Styles,19,7,two_level_random_sample,EXP_20260413_101441
19-2032.00,Materials Scientists,Optimism,0.4,Work_Styles,19,7,two_level_random_sample,EXP_20260413_101441
19-2032.00,Materials Scientists,Social Orientation,0.41,Work_Styles,19,7,two_level_random_sample,EXP_20260413_101441
19-2032.00,Materials Scientists,Cautiousness,1.99,Work_Styles,19,7,two_level_random_sample,EXP_20260413_101441
19-2032.00,Materials Scientists,Attention to Detail,2.67,Work_Styles,19,7,two_level_random_sample,EXP_20260413_101441
19-2032.00,Materials Scientists,Dependability,2.19,Work_Styles,19,7,two_level_random_sample,EXP_20260413_101441
19-2032.00,Materials Scientists,Integrity,1.86,Work_Styles,19,7,two_level_random_sample,EXP_20260413_101441
19-2032.00,Materials Scientists,Stress Tolerance,1.09,Work_Styles,19,7,two_level_random_sample,EXP_20260413_101441
19-2032.00,Materials Scientists,Self-Control,0.57,Work_Styles,19,7,two_level_random_sample,EXP_20260413_101441
19-3011.00,Economists,Innovation,1.89,Work_Styles,19,7,two_level_random_sample,EXP_20260413_101441
19-3011.00,Economists,Achievement Orientation,2.17,Work_Styles,19,7,two_level_random_sample,EXP_20260413_101441
19-3011.00,Economists,Intellectual Curiosity,3.0,Work_Styles,19,7,two_level_random_sample,EXP_20260413_101441
19-3011.00,Economists,Tolerance for Ambiguity,1.89,Work_Styles,19,7,two_level_random_sample,EXP_20260413_101441
19-3011.00,Economists,Initiative,1.53,Work_Styles,19,7,two_level_random_sample,EXP_20260413_101441
19-3011.00,Economists,Adaptability,1.44,Work_Styles,19,7,two_level_random_sample,EXP_20260413_101441
19-3011.00,Economists,Self-Confidence,1.7,Work_Styles,19,7,two_level_random_sample,EXP_20260413_101441
19-3011.00,Economists,Perseverance,1.58,Work_Styles,19,7,two_level_random_sample,EXP_20260413_101441
19-3011.00,Economists,Leadership Orientation,1.24,Work_Styles,19,7,two_level_random_sample,EXP_20260413_101441
19-3011.00,Economists,Humility,-0.23,Work_Styles,19,7,two_level_random_sample,EXP_20260413_101441
19-3011.00,Economists,Sincerity,0.53,Work_Styles,19,7,two_level_random_sample,EXP_20260413_101441
19-3011.00,Economists,Empathy,0.35,Work_Styles,19,7,two_level_random_sample,EXP_20260413_101441
19-3011.00,Economists,Cooperation,0.87,Work_Styles,19,7,two_level_random_sample,EXP_20260413_101441
19-3011.00,Economists,Optimism,0.22,Work_Styles,19,7,two_level_random_sample,EXP_20260413_101441
19-3011.00,Economists,Social Orientation,0.59,Work_Styles,19,7,two_level_random_sample,EXP_20260413_101441
19-3011.00,Economists,Cautiousness,1.76,Work_Styles,19,7,two_level_random_sample,EXP_20260413_101441
19-3011.00,Economists,Attention to Detail,2.53,Work_Styles,19,7,two_level_random_sample,EXP_20260413_101441
19-3011.00,Economists,Dependability,2.14,Work_Styles,19,7,two_level_random_sample,EXP_20260413_101441
19-3011.00,Economists,Integrity,2.13,Work_Styles,19,7,two_level_random_sample,EXP_20260413_101441
19-3011.00,Economists,Stress Tolerance,1.35,Work_Styles,19,7,two_level_random_sample,EXP_20260413_101441
19-3011.00,Economists,Self-Control,1.19,Work_Styles,19,7,two_level_random_sample,EXP_20260413_101441
19-3091.00,Anthropologists and Archeologists,Innovation,2.33,Work_Styles,19,7,two_level_random_sample,EXP_20260413_101441
19-3091.00,Anthropologists and Archeologists,Achievement Orientation,2.04,Work_Styles,19,7,two_level_random_sample,EXP_20260413_101441
19-3091.00,Anthropologists and Archeologists,Intellectual Curiosity,3.0,Work_Styles,19,7,two_level_random_sample,EXP_20260413_101441
19-3091.00,Anthropologists and Archeologists,Tolerance for Ambiguity,1.99,Work_Styles,19,7,two_level_random_sample,EXP_20260413_101441
19-3091.00,Anthropologists and Archeologists,Initiative,1.69,Work_Styles,19,7,two_level_random_sample,EXP_20260413_101441
19-3091.00,Anthropologists and Archeologists,Adaptability,2.09,Work_Styles,19,7,two_level_random_sample,EXP_20260413_101441
19-3091.00,Anthropologists and Archeologists,Self-Confidence,1.29,Work_Styles,19,7,two_level_random_sample,EXP_20260413_101441
19-3091.00,Anthropologists and Archeologists,Perseverance,1.67,Work_Styles,19,7,two_level_random_sample,EXP_20260413_101441
19-3091.00,Anthropologists and Archeologists,Leadership Orientation,1.03,Work_Styles,19,7,two_level_random_sample,EXP_20260413_101441
19-3091.00,Anthropologists and Archeologists,Humility,1.22,Work_Styles,19,7,two_level_random_sample,EXP_20260413_101441
19-3091.00,Anthropologists and Archeologists,Sincerity,1.39,Work_Styles,19,7,two_level_random_sample,EXP_20260413_101441
19-3091.00,Anthropologists and Archeologists,Empathy,1.54,Work_Styles,19,7,two_level_random_sample,EXP_20260413_101441
19-3091.00,Anthropologists and Archeologists,Cooperation,1.84,Work_Styles,19,7,two_level_random_sample,EXP_20260413_101441
19-3091.00,Anthropologists and Archeologists,Optimism,0.79,Work_Styles,19,7,two_level_random_sample,EXP_20260413_101441
19-3091.00,Anthropologists and Archeologists,Social Orientation,1.7,Work_Styles,19,7,two_level_random_sample,EXP_20260413_101441
19-3091.00,Anthropologists and Archeologists,Cautiousness,1.32,Work_Styles,19,7,two_level_random_sample,EXP_20260413_101441
19-3091.00,Anthropologists and Archeologists,Attention to Detail,2.14,Work_Styles,19,7,two_level_random_sample,EXP_20260413_101441
19-3091.00,Anthropologists and Archeologists,Dependability,1.98,Work_Styles,19,7,two_level_random_sample,EXP_20260413_101441
19-3091.00,Anthropologists and Archeologists,Integrity,1.92,Work_Styles,19,7,two_level_random_sample,EXP_20260413_101441
19-3091.00,Anthropologists and Archeologists,Stress Tolerance,1.02,Work_Styles,19,7,two_level_random_sample,EXP_20260413_101441
19-3091.00,Anthropologists and Archeologists,Self-Control,1.19,Work_Styles,19,7,two_level_random_sample,EXP_20260413_101441
19-4013.00,Food Science Technicians,Innovation,0.56,Work_Styles,19,7,two_level_random_sample,EXP_20260413_101441
19-4013.00,Food Science Technicians,Achievement Orientation,1.35,Work_Styles,19,7,two_level_random_sample,EXP_20260413_101441
19-4013.00,Food Science Technicians,Intellectual Curiosity,1.17,Work_Styles,19,7,two_level_random_sample,EXP_20260413_101441
19-4013.00,Food Science Technicians,Tolerance for Ambiguity,0.02,Work_Styles,19,7,two_level_random_sample,EXP_20260413_101441
19-4013.00,Food Science Technicians,Initiative,0.78,Work_Styles,19,7,two_level_random_sample,EXP_20260413_101441
19-4013.00,Food Science Technicians,Adaptability,1.11,Work_Styles,19,7,two_level_random_sample,EXP_20260413_101441
19-4013.00,Food Science Technicians,Self-Confidence,0.67,Work_Styles,19,7,two_level_random_sample,EXP_20260413_101441
19-4013.00,Food Science Technicians,Perseverance,1.18,Work_Styles,19,7,two_level_random_sample,EXP_20260413_101441
19-4013.00,Food Science Technicians,Leadership Orientation,0.64,Work_Styles,19,7,two_level_random_sample,EXP_20260413_101441
19-4013.00,Food Science Technicians,Humility,0.7,Work_Styles,19,7,two_level_random_sample,EXP_20260413_101441
19-4013.00,Food Science Technicians,Sincerity,0.6,Work_Styles,19,7,two_level_random_sample,EXP_20260413_101441
19-4013.00,Food Science Technicians,Empathy,0.05,Work_Styles,19,7,two_level_random_sample,EXP_20260413_101441
19-4013.00,Food Science Technicians,Cooperation,1.26,Work_Styles,19,7,two_level_random_sample,EXP_20260413_101441
19-4013.00,Food Science Technicians,Optimism,0.28,Work_Styles,19,7,two_level_random_sample,EXP_20260413_101441
19-4013.00,Food Science Technicians,Social Orientation,0.11,Work_Styles,19,7,two_level_random_sample,EXP_20260413_101441
19-4013.00,Food Science Technicians,Cautiousness,2.06,Work_Styles,19,7,two_level_random_sample,EXP_20260413_101441
19-4013.00,Food Science Technicians,Attention to Detail,2.77,Work_Styles,19,7,two_level_random_sample,EXP_20260413_101441
19-4013.00,Food Science Technicians,Dependability,2.47,Work_Styles,19,7,two_level_random_sample,EXP_20260413_101441
19-4013.00,Food Science Technicians,Integrity,1.82,Work_Styles,19,7,two_level_random_sample,EXP_20260413_101441
19-4013.00,Food Science Technicians,Stress Tolerance,0.93,Work_Styles,19,7,two_level_random_sample,EXP_20260413_101441
19-4013.00,Food Science Technicians,Self-Control,0.9,Work_Styles,19,7,two_level_random_sample,EXP_20260413_101441
31-1122.00,Personal Care Aides,Innovation,-0.24,Work_Styles,31,7,two_level_random_sample,EXP_20260413_101441
31-1122.00,Personal Care Aides,Achievement Orientation,0.63,Work_Styles,31,7,two_level_random_sample,EXP_20260413_101441
31-1122.00,Personal Care Aides,Intellectual Curiosity,-0.19,Work_Styles,31,7,two_level_random_sample,EXP_20260413_101441
31-1122.00,Personal Care Aides,Tolerance for Ambiguity,0.74,Work_Styles,31,7,two_level_random_sample,EXP_20260413_101441
31-1122.00,Personal Care Aides,Initiative,1.26,Work_Styles,31,7,two_level_random_sample,EXP_20260413_101441
31-1122.00,Personal Care Aides,Adaptability,0.73,Work_Styles,31,7,two_level_random_sample,EXP_20260413_101441
31-1122.00,Personal Care Aides,Self-Confidence,0.22,Work_Styles,31,7,two_level_random_sample,EXP_20260413_101441
31-1122.00,Personal Care Aides,Perseverance,1.83,Work_Styles,31,7,two_level_random_sample,EXP_20260413_101441
31-1122.00,Personal Care Aides,Leadership Orientation,-0.28,Work_Styles,31,7,two_level_random_sample,EXP_20260413_101441
31-1122.00,Personal Care Aides,Humility,1.49,Work_Styles,31,7,two_level_random_sample,EXP_20260413_101441
31-1122.00,Personal Care Aides,Sincerity,2.1,Work_Styles,31,7,two_level_random_sample,EXP_20260413_101441
31-1122.00,Personal Care Aides,Empathy,3.0,Work_Styles,31,7,two_level_random_sample,EXP_20260413_101441
31-1122.00,Personal Care Aides,Cooperation,2.82,Work_Styles,31,7,two_level_random_sample,EXP_20260413_101441
31-1122.00,Personal Care Aides,Optimism,2.53,Work_Styles,31,7,two_level_random_sample,EXP_20260413_101441
31-1122.00,Personal Care Aides,Social Orientation,2.2,Work_Styles,31,7,two_level_random_sample,EXP_20260413_101441
31-1122.00,Personal Care Aides,Cautiousness,1.53,Work_Styles,31,7,two_level_random_sample,EXP_20260413_101441
31-1122.00,Personal Care Aides,Attention to Detail,1.97,Work_Styles,31,7,two_level_random_sample,EXP_20260413_101441
31-1122.00,Personal Care Aides,Dependability,2.65,Work_Styles,31,7,two_level_random_sample,EXP_20260413_101441
31-1122.00,Personal Care Aides,Integrity,2.24,Work_Styles,31,7,two_level_random_sample,EXP_20260413_101441
31-1122.00,Personal Care Aides,Stress Tolerance,1.96,Work_Styles,31,7,two_level_random_sample,EXP_20260413_101441
31-1122.00,Personal Care Aides,Self-Control,2.14,Work_Styles,31,7,two_level_random_sample,EXP_20260413_101441
31-1133.00,Psychiatric Aides,Innovation,-0.1,Work_Styles,31,7,two_level_random_sample,EXP_20260413_101441
31-1133.00,Psychiatric Aides,Achievement Orientation,0.63,Work_Styles,31,7,two_level_random_sample,EXP_20260413_101441
31-1133.00,Psychiatric Aides,Intellectual Curiosity,0.35,Work_Styles,31,7,two_level_random_sample,EXP_20260413_101441
31-1133.00,Psychiatric Aides,Tolerance for Ambiguity,1.26,Work_Styles,31,7,two_level_random_sample,EXP_20260413_101441
31-1133.00,Psychiatric Aides,Initiative,0.92,Work_Styles,31,7,two_level_random_sample,EXP_20260413_101441
31-1133.00,Psychiatric Aides,Adaptability,1.79,Work_Styles,31,7,two_level_random_sample,EXP_20260413_101441
31-1133.00,Psychiatric Aides,Self-Confidence,1.05,Work_Styles,31,7,two_level_random_sample,EXP_20260413_101441
31-1133.00,Psychiatric Aides,Perseverance,1.94,Work_Styles,31,7,two_level_random_sample,EXP_20260413_101441
31-1133.00,Psychiatric Aides,Leadership Orientation,0.04,Work_Styles,31,7,two_level_random_sample,EXP_20260413_101441
31-1133.00,Psychiatric Aides,Humility,1.56,Work_Styles,31,7,two_level_random_sample,EXP_20260413_101441
31-1133.00,Psychiatric Aides,Sincerity,2.31,Work_Styles,31,7,two_level_random_sample,EXP_20260413_101441
31-1133.00,Psychiatric Aides,Empathy,3.0,Work_Styles,31,7,two_level_random_sample,EXP_20260413_101441
31-1133.00,Psychiatric Aides,Cooperation,2.64,Work_Styles,31,7,two_level_random_sample,EXP_20260413_101441
31-1133.00,Psychiatric Aides,Optimism,2.14,Work_Styles,31,7,two_level_random_sample,EXP_20260413_101441
31-1133.00,Psychiatric Aides,Social Orientation,2.26,Work_Styles,31,7,two_level_random_sample,EXP_20260413_101441
31-1133.00,Psychiatric Aides,Cautiousness,1.63,Work_Styles,31,7,two_level_random_sample,EXP_20260413_101441
31-1133.00,Psychiatric Aides,Attention to Detail,1.79,Work_Styles,31,7,two_level_random_sample,EXP_20260413_101441
31-1133.00,Psychiatric Aides,Dependability,2.65,Work_Styles,31,7,two_level_random_sample,EXP_20260413_101441
31-1133.00,Psychiatric Aides,Integrity,2.21,Work_Styles,31,7,two_level_random_sample,EXP_20260413_101441
31-1133.00,Psychiatric Aides,Stress Tolerance,2.63,Work_Styles,31,7,two_level_random_sample,EXP_20260413_101441
31-1133.00,Psychiatric Aides,Self-Control,2.63,Work_Styles,31,7,two_level_random_sample,EXP_20260413_101441
31-2022.00,Physical Therapist Aides,Innovation,-0.16,Work_Styles,31,7,two_level_random_sample,EXP_20260413_101441
31-2022.00,Physical Therapist Aides,Achievement Orientation,0.68,Work_Styles,31,7,two_level_random_sample,EXP_20260413_101441
31-2022.00,Physical Therapist Aides,Intellectual Curiosity,0.12,Work_Styles,31,7,two_level_random_sample,EXP_20260413_101441
31-2022.00,Physical Therapist Aides,Tolerance for Ambiguity,-0.19,Work_Styles,31,7,two_level_random_sample,EXP_20260413_101441
31-2022.00,Physical Therapist Aides,Initiative,0.43,Work_Styles,31,7,two_level_random_sample,EXP_20260413_101441
31-2022.00,Physical Therapist Aides,Adaptability,0.94,Work_Styles,31,7,two_level_random_sample,EXP_20260413_101441
31-2022.00,Physical Therapist Aides,Self-Confidence,0.5,Work_Styles,31,7,two_level_random_sample,EXP_20260413_101441
31-2022.00,Physical Therapist Aides,Perseverance,1.07,Work_Styles,31,7,two_level_random_sample,EXP_20260413_101441
31-2022.00,Physical Therapist Aides,Leadership Orientation,-0.22,Work_Styles,31,7,two_level_random_sample,EXP_20260413_101441
31-2022.00,Physical Therapist Aides,Humility,1.28,Work_Styles,31,7,two_level_random_sample,EXP_20260413_101441
31-2022.00,Physical Therapist Aides,Sincerity,1.72,Work_Styles,31,7,two_level_random_sample,EXP_20260413_101441
31-2022.00,Physical Therapist Aides,Empathy,2.23,Work_Styles,31,7,two_level_random_sample,EXP_20260413_101441
31-2022.00,Physical Therapist Aides,Cooperation,2.47,Work_Styles,31,7,two_level_random_sample,EXP_20260413_101441
31-2022.00,Physical Therapist Aides,Optimism,1.94,Work_Styles,31,7,two_level_random_sample,EXP_20260413_101441
31-2022.00,Physical Therapist Aides,Social Orientation,1.79,Work_Styles,31,7,two_level_random_sample,EXP_20260413_101441
31-2022.00,Physical Therapist Aides,Cautiousness,1.5,Work_Styles,31,7,two_level_random_sample,EXP_20260413_101441
31-2022.00,Physical Therapist Aides,Attention to Detail,2.0,Work_Styles,31,7,two_level_random_sample,EXP_20260413_101441
31-2022.00,Physical Therapist Aides,Dependability,2.47,Work_Styles,31,7,two_level_random_sample,EXP_20260413_101441
31-2022.00,Physical Therapist Aides,Integrity,1.7,Work_Styles,31,7,two_level_random_sample,EXP_20260413_101441
31-2022.00,Physical Therapist Aides,Stress Tolerance,1.19,Work_Styles,31,7,two_level_random_sample,EXP_20260413_101441
31-2022.00,Physical Therapist Aides,Self-Control,1.47,Work_Styles,31,7,two_level_random_sample,EXP_20260413_101441
31-9091.00,Dental Assistants,Innovation,0.02,Work_Styles,31,7,two_level_random_sample,EXP_20260413_101441
31-9091.00,Dental Assistants,Achievement Orientation,1.2,Work_Styles,31,7,two_level_random_sample,EXP_20260413_101441
31-9091.00,Dental Assistants,Intellectual Curiosity,0.49,Work_Styles,31,7,two_level_random_sample,EXP_20260413_101441
31-9091.00,Dental Assistants,Tolerance for Ambiguity,0.14,Work_Styles,31,7,two_level_random_sample,EXP_20260413_101441
31-9091.00,Dental Assistants,Initiative,0.92,Work_Styles,31,7,two_level_random_sample,EXP_20260413_101441
31-9091.00,Dental Assistants,Adaptability,0.99,Work_Styles,31,7,two_level_random_sample,EXP_20260413_101441
31-9091.00,Dental Assistants,Self-Confidence,1.02,Work_Styles,31,7,two_level_random_sample,EXP_20260413_101441
31-9091.00,Dental Assistants,Perseverance,1.18,Work_Styles,31,7,two_level_random_sample,EXP_20260413_101441
31-9091.00,Dental Assistants,Leadership Orientation,0.0,Work_Styles,31,7,two_level_random_sample,EXP_20260413_101441
31-9091.00,Dental Assistants,Humility,1.12,Work_Styles,31,7,two_level_random_sample,EXP_20260413_101441
31-9091.00,Dental Assistants,Sincerity,1.69,Work_Styles,31,7,two_level_random_sample,EXP_20260413_101441
31-9091.00,Dental Assistants,Empathy,1.86,Work_Styles,31,7,two_level_random_sample,EXP_20260413_101441
31-9091.00,Dental Assistants,Cooperation,2.43,Work_Styles,31,7,two_level_random_sample,EXP_20260413_101441
31-9091.00,Dental Assistants,Optimism,1.42,Work_Styles,31,7,two_level_random_sample,EXP_20260413_101441
31-9091.00,Dental Assistants,Social Orientation,1.79,Work_Styles,31,7,two_level_random_sample,EXP_20260413_101441
31-9091.00,Dental Assistants,Cautiousness,2.06,Work_Styles,31,7,two_level_random_sample,EXP_20260413_101441
31-9091.00,Dental Assistants,Attention to Detail,2.67,Work_Styles,31,7,two_level_random_sample,EXP_20260413_101441
31-9091.00,Dental Assistants,Dependability,2.5,Work_Styles,31,7,two_level_random_sample,EXP_20260413_101441
31-9091.00,Dental Assistants,Integrity,1.92,Work_Styles,31,7,two_level_random_sample,EXP_20260413_101441
31-9091.00,Dental Assistants,Stress Tolerance,1.52,Work_Styles,31,7,two_level_random_sample,EXP_20260413_101441
31-9091.00,Dental Assistants,Self-Control,1.7,Work_Styles,31,7,two_level_random_sample,EXP_20260413_101441
31-9093.00,Medical Equipment Preparers,Innovation,-0.39,Work_Styles,31,7,two_level_random_sample,EXP_20260413_101441
31-9093.00,Medical Equipment Preparers,Achievement Orientation,0.89,Work_Styles,31,7,two_level_random_sample,EXP_20260413_101441
31-9093.00,Medical Equipment Preparers,Intellectual Curiosity,0.45,Work_Styles,31,7,two_level_random_sample,EXP_20260413_101441
31-9093.00,Medical Equipment Preparers,Tolerance for Ambiguity,-0.21,Work_Styles,31,7,two_level_random_sample,EXP_20260413_101441
31-9093.00,Medical Equipment Preparers,Initiative,0.59,Work_Styles,31,7,two_level_random_sample,EXP_20260413_101441
31-9093.00,Medical Equipment Preparers,Adaptability,0.83,Work_Styles,31,7,two_level_random_sample,EXP_20260413_101441
31-9093.00,Medical Equipment Preparers,Self-Confidence,0.5,Work_Styles,31,7,two_level_random_sample,EXP_20260413_101441
31-9093.00,Medical Equipment Preparers,Perseverance,1.02,Work_Styles,31,7,two_level_random_sample,EXP_20260413_101441
31-9093.00,Medical Equipment Preparers,Leadership Orientation,-0.4,Work_Styles,31,7,two_level_random_sample,EXP_20260413_101441
31-9093.00,Medical Equipment Preparers,Humility,0.56,Work_Styles,31,7,two_level_random_sample,EXP_20260413_101441
31-9093.00,Medical Equipment Preparers,Sincerity,0.72,Work_Styles,31,7,two_level_random_sample,EXP_20260413_101441
31-9093.00,Medical Equipment Preparers,Empathy,0.3,Work_Styles,31,7,two_level_random_sample,EXP_20260413_101441
31-9093.00,Medical Equipment Preparers,Cooperation,1.5,Work_Styles,31,7,two_level_random_sample,EXP_20260413_101441
31-9093.00,Medical Equipment Preparers,Optimism,0.32,Work_Styles,31,7,two_level_random_sample,EXP_20260413_101441
31-9093.00,Medical Equipment Preparers,Social Orientation,0.0,Work_Styles,31,7,two_level_random_sample,EXP_20260413_101441
31-9093.00,Medical Equipment Preparers,Cautiousness,2.39,Work_Styles,31,7,two_level_random_sample,EXP_20260413_101441
31-9093.00,Medical Equipment Preparers,Attention to Detail,2.77,Work_Styles,31,7,two_level_random_sample,EXP_20260413_101441
31-9093.00,Medical Equipment Preparers,Dependability,2.65,Work_Styles,31,7,two_level_random_sample,EXP_20260413_101441
31-9093.00,Medical Equipment Preparers,Integrity,1.79,Work_Styles,31,7,two_level_random_sample,EXP_20260413_101441
31-9093.00,Medical Equipment Preparers,Stress Tolerance,1.11,Work_Styles,31,7,two_level_random_sample,EXP_20260413_101441
31-9093.00,Medical Equipment Preparers,Self-Control,1.19,Work_Styles,31,7,two_level_random_sample,EXP_20260413_101441
31-9094.00,Medical Transcriptionists,Innovation,-0.47,Work_Styles,31,7,two_level_random_sample,EXP_20260413_101441
31-9094.00,Medical Transcriptionists,Achievement Orientation,1.2,Work_Styles,31,7,two_level_random_sample,EXP_20260413_101441
31-9094.00,Medical Transcriptionists,Intellectual Curiosity,0.76,Work_Styles,31,7,two_level_random_sample,EXP_20260413_101441
31-9094.00,Medical Transcriptionists,Tolerance for Ambiguity,0.08,Work_Styles,31,7,two_level_random_sample,EXP_20260413_101441
31-9094.00,Medical Transcriptionists,Initiative,0.33,Work_Styles,31,7,two_level_random_sample,EXP_20260413_101441
31-9094.00,Medical Transcriptionists,Adaptability,0.59,Work_Styles,31,7,two_level_random_sample,EXP_20260413_101441
31-9094.00,Medical Transcriptionists,Self-Confidence,0.43,Work_Styles,31,7,two_level_random_sample,EXP_20260413_101441
31-9094.00,Medical Transcriptionists,Perseverance,1.15,Work_Styles,31,7,two_level_random_sample,EXP_20260413_101441
31-9094.00,Medical Transcriptionists,Leadership Orientation,-0.71,Work_Styles,31,7,two_level_random_sample,EXP_20260413_101441
31-9094.00,Medical Transcriptionists,Humility,0.72,Work_Styles,31,7,two_level_random_sample,EXP_20260413_101441
31-9094.00,Medical Transcriptionists,Sincerity,0.33,Work_Styles,31,7,two_level_random_sample,EXP_20260413_101441
31-9094.00,Medical Transcriptionists,Empathy,0.1,Work_Styles,31,7,two_level_random_sample,EXP_20260413_101441
31-9094.00,Medical Transcriptionists,Cooperation,0.85,Work_Styles,31,7,two_level_random_sample,EXP_20260413_101441
31-9094.00,Medical Transcriptionists,Optimism,0.06,Work_Styles,31,7,two_level_random_sample,EXP_20260413_101441
31-9094.00,Medical Transcriptionists,Social Orientation,-0.14,Work_Styles,31,7,two_level_random_sample,EXP_20260413_101441
31-9094.00,Medical Transcriptionists,Cautiousness,2.24,Work_Styles,31,7,two_level_random_sample,EXP_20260413_101441
31-9094.00,Medical Transcriptionists,Attention to Detail,3.0,Work_Styles,31,7,two_level_random_sample,EXP_20260413_101441
31-9094.00,Medical Transcriptionists,Dependability,2.65,Work_Styles,31,7,two_level_random_sample,EXP_20260413_101441
31-9094.00,Medical Transcriptionists,Integrity,2.17,Work_Styles,31,7,two_level_random_sample,EXP_20260413_101441
31-9094.00,Medical Transcriptionists,Stress Tolerance,1.04,Work_Styles,31,7,two_level_random_sample,EXP_20260413_101441
31-9094.00,Medical Transcriptionists,Self-Control,0.7,Work_Styles,31,7,two_level_random_sample,EXP_20260413_101441
31-9095.00,Pharmacy Aides,Innovation,-0.32,Work_Styles,31,7,two_level_random_sample,EXP_20260413_101441
31-9095.00,Pharmacy Aides,Achievement Orientation,0.57,Work_Styles,31,7,two_level_random_sample,EXP_20260413_101441
31-9095.00,Pharmacy Aides,Intellectual Curiosity,-0.07,Work_Styles,31,7,two_level_random_sample,EXP_20260413_101441
31-9095.00,Pharmacy Aides,Tolerance for Ambiguity,-0.3,Work_Styles,31,7,two_level_random_sample,EXP_20260413_101441
31-9095.00,Pharmacy Aides,Initiative,0.47,Work_Styles,31,7,two_level_random_sample,EXP_20260413_101441
31-9095.00,Pharmacy Aides,Adaptability,0.71,Work_Styles,31,7,two_level_random_sample,EXP_20260413_101441
31-9095.00,Pharmacy Aides,Self-Confidence,0.39,Work_Styles,31,7,two_level_random_sample,EXP_20260413_101441
31-9095.00,Pharmacy Aides,Perseverance,0.62,Work_Styles,31,7,two_level_random_sample,EXP_20260413_101441
31-9095.00,Pharmacy Aides,Leadership Orientation,-0.64,Work_Styles,31,7,two_level_random_sample,EXP_20260413_101441
31-9095.00,Pharmacy Aides,Humility,0.84,Work_Styles,31,7,two_level_random_sample,EXP_20260413_101441
31-9095.00,Pharmacy Aides,Sincerity,1.44,Work_Styles,31,7,two_level_random_sample,EXP_20260413_101441
31-9095.00,Pharmacy Aides,Empathy,1.43,Work_Styles,31,7,two_level_random_sample,EXP_20260413_101441
31-9095.00,Pharmacy Aides,Cooperation,1.88,Work_Styles,31,7,two_level_random_sample,EXP_20260413_101441
31-9095.00,Pharmacy Aides,Optimism,1.16,Work_Styles,31,7,two_level_random_sample,EXP_20260413_101441
31-9095.00,Pharmacy Aides,Social Orientation,1.65,Work_Styles,31,7,two_level_random_sample,EXP_20260413_101441
31-9095.00,Pharmacy Aides,Cautiousness,1.96,Work_Styles,31,7,two_level_random_sample,EXP_20260413_101441
31-9095.00,Pharmacy Aides,Attention to Detail,2.37,Work_Styles,31,7,two_level_random_sample,EXP_20260413_101441
31-9095.00,Pharmacy Aides,Dependability,2.39,Work_Styles,31,7,two_level_random_sample,EXP_20260413_101441
31-9095.00,Pharmacy Aides,Integrity,2.28,Work_Styles,31,7,two_level_random_sample,EXP_20260413_101441
31-9095.00,Pharmacy Aides,Stress Tolerance,1.19,Work_Styles,31,7,two_level_random_sample,EXP_20260413_101441
31-9095.00,Pharmacy Aides,Self-Control,1.28,Work_Styles,31,7,two_level_random_sample,EXP_20260413_101441
31-9096.00,Veterinary Assistants and Laboratory Animal Caretakers,Innovation,-0.06,Work_Styles,31,7,two_level_random_sample,EXP_20260413_101441
31-9096.00,Veterinary Assistants and Laboratory Animal Caretakers,Achievement Orientation,1.07,Work_Styles,31,7,two_level_random_sample,EXP_20260413_101441
31-9096.00,Veterinary Assistants and Laboratory Animal Caretakers,Intellectual Curiosity,0.72,Work_Styles,31,7,two_level_random_sample,EXP_20260413_101441
31-9096.00,Veterinary Assistants and Laboratory Animal Caretakers,Tolerance for Ambiguity,0.91,Work_Styles,31,7,two_level_random_sample,EXP_20260413_101441
31-9096.00,Veterinary Assistants and Laboratory Animal Caretakers,Initiative,1.13,Work_Styles,31,7,two_level_random_sample,EXP_20260413_101441
31-9096.00,Veterinary Assistants and Laboratory Animal Caretakers,Adaptability,1.26,Work_Styles,31,7,two_level_random_sample,EXP_20260413_101441
31-9096.00,Veterinary Assistants and Laboratory Animal Caretakers,Self-Confidence,1.02,Work_Styles,31,7,two_level_random_sample,EXP_20260413_101441
31-9096.00,Veterinary Assistants and Laboratory Animal Caretakers,Perseverance,1.67,Work_Styles,31,7,two_level_random_sample,EXP_20260413_101441
31-9096.00,Veterinary Assistants and Laboratory Animal Caretakers,Leadership Orientation,-0.02,Work_Styles,31,7,two_level_random_sample,EXP_20260413_101441
31-9096.00,Veterinary Assistants and Laboratory Animal Caretakers,Humility,1.12,Work_Styles,31,7,two_level_random_sample,EXP_20260413_101441
31-9096.00,Veterinary Assistants and Laboratory Animal Caretakers,Sincerity,1.6,Work_Styles,31,7,two_level_random_sample,EXP_20260413_101441
31-9096.00,Veterinary Assistants and Laboratory Animal Caretakers,Empathy,1.8,Work_Styles,31,7,two_level_random_sample,EXP_20260413_101441
31-9096.00,Veterinary Assistants and Laboratory Animal Caretakers,Cooperation,2.3,Work_Styles,31,7,two_level_random_sample,EXP_20260413_101441
31-9096.00,Veterinary Assistants and Laboratory Animal Caretakers,Optimism,1.56,Work_Styles,31,7,two_level_random_sample,EXP_20260413_101441
31-9096.00,Veterinary Assistants and Laboratory Animal Caretakers,Social Orientation,1.61,Work_Styles,31,7,two_level_random_sample,EXP_20260413_101441
31-9096.00,Veterinary Assistants and Laboratory Animal Caretakers,Cautiousness,1.96,Work_Styles,31,7,two_level_random_sample,EXP_20260413_101441
31-9096.00,Veterinary Assistants and Laboratory Animal Caretakers,Attention to Detail,2.31,Work_Styles,31,7,two_level_random_sample,EXP_20260413_101441
31-9096.00,Veterinary Assistants and Laboratory Animal Caretakers,Dependability,2.53,Work_Styles,31,7,two_level_random_sample,EXP_20260413_101441
31-9096.00,Veterinary Assistants and Laboratory Animal Caretakers,Integrity,2.06,Work_Styles,31,7,two_level_random_sample,EXP_20260413_101441
31-9096.00,Veterinary Assistants and Laboratory Animal Caretakers,Stress Tolerance,1.96,Work_Styles,31,7,two_level_random_sample,EXP_20260413_101441
31-9096.00,Veterinary Assistants and Laboratory Animal Caretakers,Self-Control,2.02,Work_Styles,31,7,two_level_random_sample,EXP_20260413_101441
35-1011.00,Chefs and Head Cooks,Innovation,1.97,Work_Styles,35,7,two_level_random_sample,EXP_20260413_101441
35-1011.00,Chefs and Head Cooks,Achievement Orientation,1.95,Work_Styles,35,7,two_level_random_sample,EXP_20260413_101441
35-1011.00,Chefs and Head Cooks,Intellectual Curiosity,1.35,Work_Styles,35,7,two_level_random_sample,EXP_20260413_101441
35-1011.00,Chefs and Head Cooks,Tolerance for Ambiguity,1.26,Work_Styles,35,7,two_level_random_sample,EXP_20260413_101441
35-1011.00,Chefs and Head Cooks,Initiative,1.89,Work_Styles,35,7,two_level_random_sample,EXP_20260413_101441
35-1011.00,Chefs and Head Cooks,Adaptability,1.86,Work_Styles,35,7,two_level_random_sample,EXP_20260413_101441
35-1011.00,Chefs and Head Cooks,Self-Confidence,1.8,Work_Styles,35,7,two_level_random_sample,EXP_20260413_101441
35-1011.00,Chefs and Head Cooks,Perseverance,1.7,Work_Styles,35,7,two_level_random_sample,EXP_20260413_101441
35-1011.00,Chefs and Head Cooks,Leadership Orientation,2.58,Work_Styles,35,7,two_level_random_sample,EXP_20260413_101441
35-1011.00,Chefs and Head Cooks,Humility,0.29,Work_Styles,35,7,two_level_random_sample,EXP_20260413_101441
35-1011.00,Chefs and Head Cooks,Sincerity,0.76,Work_Styles,35,7,two_level_random_sample,EXP_20260413_101441
35-1011.00,Chefs and Head Cooks,Empathy,0.67,Work_Styles,35,7,two_level_random_sample,EXP_20260413_101441
35-1011.00,Chefs and Head Cooks,Cooperation,1.88,Work_Styles,35,7,two_level_random_sample,EXP_20260413_101441
35-1011.00,Chefs and Head Cooks,Optimism,1.26,Work_Styles,35,7,two_level_random_sample,EXP_20260413_101441
35-1011.00,Chefs and Head Cooks,Social Orientation,1.7,Work_Styles,35,7,two_level_random_sample,EXP_20260413_101441
35-1011.00,Chefs and Head Cooks,Cautiousness,1.47,Work_Styles,35,7,two_level_random_sample,EXP_20260413_101441
35-1011.00,Chefs and Head Cooks,Attention to Detail,2.5,Work_Styles,35,7,two_level_random_sample,EXP_20260413_101441
35-1011.00,Chefs and Head Cooks,Dependability,2.65,Work_Styles,35,7,two_level_random_sample,EXP_20260413_101441
35-1011.00,Chefs and Head Cooks,Integrity,1.82,Work_Styles,35,7,two_level_random_sample,EXP_20260413_101441
35-1011.00,Chefs and Head Cooks,Stress Tolerance,2.13,Work_Styles,35,7,two_level_random_sample,EXP_20260413_101441
35-1011.00,Chefs and Head Cooks,Self-Control,1.95,Work_Styles,35,7,two_level_random_sample,EXP_20260413_101441
35-1012.00,First-Line Supervisors of Food Preparation and Serving Workers,Innovation,0.7,Work_Styles,35,7,two_level_random_sample,EXP_20260413_101441
35-1012.00,First-Line Supervisors of Food Preparation and Serving Workers,Achievement Orientation,1.42,Work_Styles,35,7,two_level_random_sample,EXP_20260413_101441
35-1012.00,First-Line Supervisors of Food Preparation and Serving Workers,Intellectual Curiosity,0.35,Work_Styles,35,7,two_level_random_sample,EXP_20260413_101441
35-1012.00,First-Line Supervisors of Food Preparation and Serving Workers,Tolerance for Ambiguity,0.66,Work_Styles,35,7,two_level_random_sample,EXP_20260413_101441
35-1012.00,First-Line Supervisors of Food Preparation and Serving Workers,Initiative,1.5,Work_Styles,35,7,two_level_random_sample,EXP_20260413_101441
35-1012.00,First-Line Supervisors of Food Preparation and Serving Workers,Adaptability,1.41,Work_Styles,35,7,two_level_random_sample,EXP_20260413_101441
35-1012.00,First-Line Supervisors of Food Preparation and Serving Workers,Self-Confidence,1.63,Work_Styles,35,7,two_level_random_sample,EXP_20260413_101441
35-1012.00,First-Line Supervisors of Food Preparation and Serving Workers,Perseverance,1.58,Work_Styles,35,7,two_level_random_sample,EXP_20260413_101441
35-1012.00,First-Line Supervisors of Food Preparation and Serving Workers,Leadership Orientation,2.49,Work_Styles,35,7,two_level_random_sample,EXP_20260413_101441
35-1012.00,First-Line Supervisors of Food Preparation and Serving Workers,Humility,0.96,Work_Styles,35,7,two_level_random_sample,EXP_20260413_101441
35-1012.00,First-Line Supervisors of Food Preparation and Serving Workers,Sincerity,1.0,Work_Styles,35,7,two_level_random_sample,EXP_20260413_101441
35-1012.00,First-Line Supervisors of Food Preparation and Serving Workers,Empathy,1.27,Work_Styles,35,7,two_level_random_sample,EXP_20260413_101441
35-1012.00,First-Line Supervisors of Food Preparation and Serving Workers,Cooperation,2.26,Work_Styles,35,7,two_level_random_sample,EXP_20260413_101441
35-1012.00,First-Line Supervisors of Food Preparation and Serving Workers,Optimism,1.49,Work_Styles,35,7,two_level_random_sample,EXP_20260413_101441
35-1012.00,First-Line Supervisors of Food Preparation and Serving Workers,Social Orientation,2.13,Work_Styles,35,7,two_level_random_sample,EXP_20260413_101441
35-1012.00,First-Line Supervisors of Food Preparation and Serving Workers,Cautiousness,1.2,Work_Styles,35,7,two_level_random_sample,EXP_20260413_101441
35-1012.00,First-Line Supervisors of Food Preparation and Serving Workers,Attention to Detail,1.97,Work_Styles,35,7,two_level_random_sample,EXP_20260413_101441
35-1012.00,First-Line Supervisors of Food Preparation and Serving Workers,Dependability,2.56,Work_Styles,35,7,two_level_random_sample,EXP_20260413_101441
35-1012.00,First-Line Supervisors of Food Preparation and Serving Workers,Integrity,1.92,Work_Styles,35,7,two_level_random_sample,EXP_20260413_101441
35-1012.00,First-Line Supervisors of Food Preparation and Serving Workers,Stress Tolerance,1.99,Work_Styles,35,7,two_level_random_sample,EXP_20260413_101441
35-1012.00,First-Line Supervisors of Food Preparation and Serving Workers,Self-Control,1.91,Work_Styles,35,7,two_level_random_sample,EXP_20260413_101441
35-2011.00,"Cooks, Fast Food",Innovation,-0.68,Work_Styles,35,7,two_level_random_sample,EXP_20260413_101441
35-2011.00,"Cooks, Fast Food",Achievement Orientation,0.54,Work_Styles,35,7,two_level_random_sample,EXP_20260413_101441
35-2011.00,"Cooks, Fast Food",Intellectual Curiosity,-0.2,Work_Styles,35,7,two_level_random_sample,EXP_20260413_101441
35-2011.00,"Cooks, Fast Food",Tolerance for Ambiguity,-0.75,Work_Styles,35,7,two_level_random_sample,EXP_20260413_101441
35-2011.00,"Cooks, Fast Food",Initiative,0.16,Work_Styles,35,7,two_level_random_sample,EXP_20260413_101441
35-2011.00,"Cooks, Fast Food",Adaptability,0.48,Work_Styles,35,7,two_level_random_sample,EXP_20260413_101441
35-2011.00,"Cooks, Fast Food",Self-Confidence,0.3,Work_Styles,35,7,two_level_random_sample,EXP_20260413_101441
35-2011.00,"Cooks, Fast Food",Perseverance,0.77,Work_Styles,35,7,two_level_random_sample,EXP_20260413_101441
35-2011.00,"Cooks, Fast Food",Leadership Orientation,-0.71,Work_Styles,35,7,two_level_random_sample,EXP_20260413_101441
35-2011.00,"Cooks, Fast Food",Humility,0.12,Work_Styles,35,7,two_level_random_sample,EXP_20260413_101441
35-2011.00,"Cooks, Fast Food",Sincerity,0.16,Work_Styles,35,7,two_level_random_sample,EXP_20260413_101441
35-2011.00,"Cooks, Fast Food",Empathy,0.05,Work_Styles,35,7,two_level_random_sample,EXP_20260413_101441
35-2011.00,"Cooks, Fast Food",Cooperation,1.14,Work_Styles,35,7,two_level_random_sample,EXP_20260413_101441
35-2011.00,"Cooks, Fast Food",Optimism,0.98,Work_Styles,35,7,two_level_random_sample,EXP_20260413_101441
35-2011.00,"Cooks, Fast Food",Social Orientation,0.36,Work_Styles,35,7,two_level_random_sample,EXP_20260413_101441
35-2011.00,"Cooks, Fast Food",Cautiousness,0.55,Work_Styles,35,7,two_level_random_sample,EXP_20260413_101441
35-2011.00,"Cooks, Fast Food",Attention to Detail,1.38,Work_Styles,35,7,two_level_random_sample,EXP_20260413_101441
35-2011.00,"Cooks, Fast Food",Dependability,2.06,Work_Styles,35,7,two_level_random_sample,EXP_20260413_101441
35-2011.00,"Cooks, Fast Food",Integrity,0.7,Work_Styles,35,7,two_level_random_sample,EXP_20260413_101441
35-2011.00,"Cooks, Fast Food",Stress Tolerance,1.29,Work_Styles,35,7,two_level_random_sample,EXP_20260413_101441
35-2011.00,"Cooks, Fast Food",Self-Control,1.05,Work_Styles,35,7,two_level_random_sample,EXP_20260413_101441
35-2015.00,"Cooks, Short Order",Innovation,-0.08,Work_Styles,35,7,two_level_random_sample,EXP_20260413_101441
35-2015.00,"Cooks, Short Order",Achievement Orientation,0.75,Work_Styles,35,7,two_level_random_sample,EXP_20260413_101441
35-2015.00,"Cooks, Short Order",Intellectual Curiosity,-0.02,Work_Styles,35,7,two_level_random_sample,EXP_20260413_101441
35-2015.00,"Cooks, Short Order",Tolerance for Ambiguity,-0.36,Work_Styles,35,7,two_level_random_sample,EXP_20260413_101441
35-2015.00,"Cooks, Short Order",Initiative,0.72,Work_Styles,35,7,two_level_random_sample,EXP_20260413_101441
35-2015.00,"Cooks, Short Order",Adaptability,1.11,Work_Styles,35,7,two_level_random_sample,EXP_20260413_101441
35-2015.00,"Cooks, Short Order",Self-Confidence,0.69,Work_Styles,35,7,two_level_random_sample,EXP_20260413_101441
35-2015.00,"Cooks, Short Order",Perseverance,0.95,Work_Styles,35,7,two_level_random_sample,EXP_20260413_101441
35-2015.00,"Cooks, Short Order",Leadership Orientation,-0.3,Work_Styles,35,7,two_level_random_sample,EXP_20260413_101441
35-2015.00,"Cooks, Short Order",Humility,0.4,Work_Styles,35,7,two_level_random_sample,EXP_20260413_101441
35-2015.00,"Cooks, Short Order",Sincerity,0.33,Work_Styles,35,7,two_level_random_sample,EXP_20260413_101441
35-2015.00,"Cooks, Short Order",Empathy,0.15,Work_Styles,35,7,two_level_random_sample,EXP_20260413_101441
35-2015.00,"Cooks, Short Order",Cooperation,1.28,Work_Styles,35,7,two_level_random_sample,EXP_20260413_101441
35-2015.00,"Cooks, Short Order",Optimism,1.16,Work_Styles,35,7,two_level_random_sample,EXP_20260413_101441
35-2015.00,"Cooks, Short Order",Social Orientation,1.27,Work_Styles,35,7,two_level_random_sample,EXP_20260413_101441
35-2015.00,"Cooks, Short Order",Cautiousness,0.5,Work_Styles,35,7,two_level_random_sample,EXP_20260413_101441
35-2015.00,"Cooks, Short Order",Attention to Detail,1.6,Work_Styles,35,7,two_level_random_sample,EXP_20260413_101441
35-2015.00,"Cooks, Short Order",Dependability,2.11,Work_Styles,35,7,two_level_random_sample,EXP_20260413_101441
35-2015.00,"Cooks, Short Order",Integrity,0.8,Work_Styles,35,7,two_level_random_sample,EXP_20260413_101441
35-2015.00,"Cooks, Short Order",Stress Tolerance,1.8,Work_Styles,35,7,two_level_random_sample,EXP_20260413_101441
35-2015.00,"Cooks, Short Order",Self-Control,1.47,Work_Styles,35,7,two_level_random_sample,EXP_20260413_101441
35-3011.00,Bartenders,Innovation,1.07,Work_Styles,35,7,two_level_random_sample,EXP_20260413_101441
35-3011.00,Bartenders,Achievement Orientation,0.71,Work_Styles,35,7,two_level_random_sample,EXP_20260413_101441
35-3011.00,Bartenders,Intellectual Curiosity,0.29,Work_Styles,35,7,two_level_random_sample,EXP_20260413_101441
35-3011.00,Bartenders,Tolerance for Ambiguity,0.85,Work_Styles,35,7,two_level_random_sample,EXP_20260413_101441
35-3011.00,Bartenders,Initiative,1.15,Work_Styles,35,7,two_level_random_sample,EXP_20260413_101441
35-3011.00,Bartenders,Adaptability,1.54,Work_Styles,35,7,two_level_random_sample,EXP_20260413_101441
35-3011.00,Bartenders,Self-Confidence,1.26,Work_Styles,35,7,two_level_random_sample,EXP_20260413_101441
35-3011.00,Bartenders,Perseverance,0.95,Work_Styles,35,7,two_level_random_sample,EXP_20260413_101441
35-3011.00,Bartenders,Leadership Orientation,1.11,Work_Styles,35,7,two_level_random_sample,EXP_20260413_101441
35-3011.00,Bartenders,Humility,0.67,Work_Styles,35,7,two_level_random_sample,EXP_20260413_101441
35-3011.00,Bartenders,Sincerity,1.05,Work_Styles,35,7,two_level_random_sample,EXP_20260413_101441
35-3011.00,Bartenders,Empathy,1.38,Work_Styles,35,7,two_level_random_sample,EXP_20260413_101441
35-3011.00,Bartenders,Cooperation,1.84,Work_Styles,35,7,two_level_random_sample,EXP_20260413_101441
35-3011.00,Bartenders,Optimism,1.94,Work_Styles,35,7,two_level_random_sample,EXP_20260413_101441
35-3011.00,Bartenders,Social Orientation,2.38,Work_Styles,35,7,two_level_random_sample,EXP_20260413_101441
35-3011.00,Bartenders,Cautiousness,1.23,Work_Styles,35,7,two_level_random_sample,EXP_20260413_101441
35-3011.00,Bartenders,Attention to Detail,1.64,Work_Styles,35,7,two_level_random_sample,EXP_20260413_101441
35-3011.00,Bartenders,Dependability,2.14,Work_Styles,35,7,two_level_random_sample,EXP_20260413_101441
35-3011.00,Bartenders,Integrity,1.89,Work_Styles,35,7,two_level_random_sample,EXP_20260413_101441
35-3011.00,Bartenders,Stress Tolerance,1.96,Work_Styles,35,7,two_level_random_sample,EXP_20260413_101441
35-3011.00,Bartenders,Self-Control,2.02,Work_Styles,35,7,two_level_random_sample,EXP_20260413_101441
35-3023.01,Baristas,Innovation,0.33,Work_Styles,35,7,two_level_random_sample,EXP_20260413_101441
35-3023.01,Baristas,Achievement Orientation,0.71,Work_Styles,35,7,two_level_random_sample,EXP_20260413_101441
35-3023.01,Baristas,Intellectual Curiosity,0.06,Work_Styles,35,7,two_level_random_sample,EXP_20260413_101441
35-3023.01,Baristas,Tolerance for Ambiguity,0.18,Work_Styles,35,7,two_level_random_sample,EXP_20260413_101441
35-3023.01,Baristas,Initiative,0.85,Work_Styles,35,7,two_level_random_sample,EXP_20260413_101441
35-3023.01,Baristas,Adaptability,1.17,Work_Styles,35,7,two_level_random_sample,EXP_20260413_101441
35-3023.01,Baristas,Self-Confidence,0.69,Work_Styles,35,7,two_level_random_sample,EXP_20260413_101441
35-3023.01,Baristas,Perseverance,0.77,Work_Styles,35,7,two_level_random_sample,EXP_20260413_101441
35-3023.01,Baristas,Leadership Orientation,-0.19,Work_Styles,35,7,two_level_random_sample,EXP_20260413_101441
35-3023.01,Baristas,Humility,1.12,Work_Styles,35,7,two_level_random_sample,EXP_20260413_101441
35-3023.01,Baristas,Sincerity,1.21,Work_Styles,35,7,two_level_random_sample,EXP_20260413_101441
35-3023.01,Baristas,Empathy,1.32,Work_Styles,35,7,two_level_random_sample,EXP_20260413_101441
35-3023.01,Baristas,Cooperation,2.07,Work_Styles,35,7,two_level_random_sample,EXP_20260413_101441
35-3023.01,Baristas,Optimism,1.74,Work_Styles,35,7,two_level_random_sample,EXP_20260413_101441
35-3023.01,Baristas,Social Orientation,2.2,Work_Styles,35,7,two_level_random_sample,EXP_20260413_101441
35-3023.01,Baristas,Cautiousness,0.45,Work_Styles,35,7,two_level_random_sample,EXP_20260413_101441
35-3023.01,Baristas,Attention to Detail,1.64,Work_Styles,35,7,two_level_random_sample,EXP_20260413_101441
35-3023.01,Baristas,Dependability,2.08,Work_Styles,35,7,two_level_random_sample,EXP_20260413_101441
35-3023.01,Baristas,Integrity,1.18,Work_Styles,35,7,two_level_random_sample,EXP_20260413_101441
35-3023.01,Baristas,Stress Tolerance,1.24,Work_Styles,35,7,two_level_random_sample,EXP_20260413_101441
35-3023.01,Baristas,Self-Control,1.5,Work_Styles,35,7,two_level_random_sample,EXP_20260413_101441
35-3041.00,"Food Servers, Nonrestaurant",Innovation,-0.3,Work_Styles,35,7,two_level_random_sample,EXP_20260413_101441
35-3041.00,"Food Servers, Nonrestaurant",Achievement Orientation,0.51,Work_Styles,35,7,two_level_random_sample,EXP_20260413_101441
35-3041.00,"Food Servers, Nonrestaurant",Intellectual Curiosity,-0.32,Work_Styles,35,7,two_level_random_sample,EXP_20260413_101441
35-3041.00,"Food Servers, Nonrestaurant",Tolerance for Ambiguity,0.0,Work_Styles,35,7,two_level_random_sample,EXP_20260413_101441
35-3041.00,"Food Servers, Nonrestaurant",Initiative,0.61,Work_Styles,35,7,two_level_random_sample,EXP_20260413_101441
35-3041.00,"Food Servers, Nonrestaurant",Adaptability,0.83,Work_Styles,35,7,two_level_random_sample,EXP_20260413_101441
35-3041.00,"Food Servers, Nonrestaurant",Self-Confidence,0.41,Work_Styles,35,7,two_level_random_sample,EXP_20260413_101441
35-3041.00,"Food Servers, Nonrestaurant",Perseverance,0.84,Work_Styles,35,7,two_level_random_sample,EXP_20260413_101441
35-3041.00,"Food Servers, Nonrestaurant",Leadership Orientation,-0.36,Work_Styles,35,7,two_level_random_sample,EXP_20260413_101441
35-3041.00,"Food Servers, Nonrestaurant",Humility,0.99,Work_Styles,35,7,two_level_random_sample,EXP_20260413_101441
35-3041.00,"Food Servers, Nonrestaurant",Sincerity,1.39,Work_Styles,35,7,two_level_random_sample,EXP_20260413_101441
35-3041.00,"Food Servers, Nonrestaurant",Empathy,1.48,Work_Styles,35,7,two_level_random_sample,EXP_20260413_101441
35-3041.00,"Food Servers, Nonrestaurant",Cooperation,2.03,Work_Styles,35,7,two_level_random_sample,EXP_20260413_101441
35-3041.00,"Food Servers, Nonrestaurant",Optimism,1.42,Work_Styles,35,7,two_level_random_sample,EXP_20260413_101441
35-3041.00,"Food Servers, Nonrestaurant",Social Orientation,1.65,Work_Styles,35,7,two_level_random_sample,EXP_20260413_101441
35-3041.00,"Food Servers, Nonrestaurant",Cautiousness,0.95,Work_Styles,35,7,two_level_random_sample,EXP_20260413_101441
35-3041.00,"Food Servers, Nonrestaurant",Attention to Detail,2.02,Work_Styles,35,7,two_level_random_sample,EXP_20260413_101441
35-3041.00,"Food Servers, Nonrestaurant",Dependability,2.16,Work_Styles,35,7,two_level_random_sample,EXP_20260413_101441
35-3041.00,"Food Servers, Nonrestaurant",Integrity,1.34,Work_Styles,35,7,two_level_random_sample,EXP_20260413_101441
35-3041.00,"Food Servers, Nonrestaurant",Stress Tolerance,1.27,Work_Styles,35,7,two_level_random_sample,EXP_20260413_101441
35-3041.00,"Food Servers, Nonrestaurant",Self-Control,1.25,Work_Styles,35,7,two_level_random_sample,EXP_20260413_101441
35-9031.00,"Hosts and Hostesses, Restaurant, Lounge, and Coffee Shop",Innovation,-0.47,Work_Styles,35,7,two_level_random_sample,EXP_20260413_101441
35-9031.00,"Hosts and Hostesses, Restaurant, Lounge, and Coffee Shop",Achievement Orientation,0.62,Work_Styles,35,7,two_level_random_sample,EXP_20260413_101441
35-9031.00,"Hosts and Hostesses, Restaurant, Lounge, and Coffee Shop",Intellectual Curiosity,-0.32,Work_Styles,35,7,two_level_random_sample,EXP_20260413_101441
35-9031.00,"Hosts and Hostesses, Restaurant, Lounge, and Coffee Shop",Tolerance for Ambiguity,0.41,Work_Styles,35,7,two_level_random_sample,EXP_20260413_101441
35-9031.00,"Hosts and Hostesses, Restaurant, Lounge, and Coffee Shop",Initiative,0.97,Work_Styles,35,7,two_level_random_sample,EXP_20260413_101441
35-9031.00,"Hosts and Hostesses, Restaurant, Lounge, and Coffee Shop",Adaptability,1.14,Work_Styles,35,7,two_level_random_sample,EXP_20260413_101441
35-9031.00,"Hosts and Hostesses, Restaurant, Lounge, and Coffee Shop",Self-Confidence,1.18,Work_Styles,35,7,two_level_random_sample,EXP_20260413_101441
35-9031.00,"Hosts and Hostesses, Restaurant, Lounge, and Coffee Shop",Perseverance,0.55,Work_Styles,35,7,two_level_random_sample,EXP_20260413_101441
35-9031.00,"Hosts and Hostesses, Restaurant, Lounge, and Coffee Shop",Leadership Orientation,0.25,Work_Styles,35,7,two_level_random_sample,EXP_20260413_101441
35-9031.00,"Hosts and Hostesses, Restaurant, Lounge, and Coffee Shop",Humility,1.12,Work_Styles,35,7,two_level_random_sample,EXP_20260413_101441
35-9031.00,"Hosts and Hostesses, Restaurant, Lounge, and Coffee Shop",Sincerity,1.55,Work_Styles,35,7,two_level_random_sample,EXP_20260413_101441
35-9031.00,"Hosts and Hostesses, Restaurant, Lounge, and Coffee Shop",Empathy,1.83,Work_Styles,35,7,two_level_random_sample,EXP_20260413_101441
35-9031.00,"Hosts and Hostesses, Restaurant, Lounge, and Coffee Shop",Cooperation,2.51,Work_Styles,35,7,two_level_random_sample,EXP_20260413_101441
35-9031.00,"Hosts and Hostesses, Restaurant, Lounge, and Coffee Shop",Optimism,2.14,Work_Styles,35,7,two_level_random_sample,EXP_20260413_101441
35-9031.00,"Hosts and Hostesses, Restaurant, Lounge, and Coffee Shop",Social Orientation,2.45,Work_Styles,35,7,two_level_random_sample,EXP_20260413_101441
35-9031.00,"Hosts and Hostesses, Restaurant, Lounge, and Coffee Shop",Cautiousness,0.24,Work_Styles,35,7,two_level_random_sample,EXP_20260413_101441
35-9031.00,"Hosts and Hostesses, Restaurant, Lounge, and Coffee Shop",Attention to Detail,1.4,Work_Styles,35,7,two_level_random_sample,EXP_20260413_101441
35-9031.00,"Hosts and Hostesses, Restaurant, Lounge, and Coffee Shop",Dependability,2.06,Work_Styles,35,7,two_level_random_sample,EXP_20260413_101441
35-9031.00,"Hosts and Hostesses, Restaurant, Lounge, and Coffee Shop",Integrity,1.06,Work_Styles,35,7,two_level_random_sample,EXP_20260413_101441
35-9031.00,"Hosts and Hostesses, Restaurant, Lounge, and Coffee Shop",Stress Tolerance,1.27,Work_Styles,35,7,two_level_random_sample,EXP_20260413_101441
35-9031.00,"Hosts and Hostesses, Restaurant, Lounge, and Coffee Shop",Self-Control,1.63,Work_Styles,35,7,two_level_random_sample,EXP_20260413_101441
51-2041.00,Structural Metal Fabricators and Fitters,Innovation,0.13,Work_Styles,51,7,two_level_random_sample,EXP_20260413_101441
51-2041.00,Structural Metal Fabricators and Fitters,Achievement Orientation,1.07,Work_Styles,51,7,two_level_random_sample,EXP_20260413_101441
51-2041.00,Structural Metal Fabricators and Fitters,Intellectual Curiosity,0.35,Work_Styles,51,7,two_level_random_sample,EXP_20260413_101441
51-2041.00,Structural Metal Fabricators and Fitters,Tolerance for Ambiguity,-0.71,Work_Styles,51,7,two_level_random_sample,EXP_20260413_101441
51-2041.00,Structural Metal Fabricators and Fitters,Initiative,0.26,Work_Styles,51,7,two_level_random_sample,EXP_20260413_101441
51-2041.00,Structural Metal Fabricators and Fitters,Adaptability,0.19,Work_Styles,51,7,two_level_random_sample,EXP_20260413_101441
51-2041.00,Structural Metal Fabricators and Fitters,Self-Confidence,0.67,Work_Styles,51,7,two_level_random_sample,EXP_20260413_101441
51-2041.00,Structural Metal Fabricators and Fitters,Perseverance,1.12,Work_Styles,51,7,two_level_random_sample,EXP_20260413_101441
51-2041.00,Structural Metal Fabricators and Fitters,Leadership Orientation,-0.3,Work_Styles,51,7,two_level_random_sample,EXP_20260413_101441
51-2041.00,Structural Metal Fabricators and Fitters,Humility,-0.28,Work_Styles,51,7,two_level_random_sample,EXP_20260413_101441
51-2041.00,Structural Metal Fabricators and Fitters,Sincerity,0.05,Work_Styles,51,7,two_level_random_sample,EXP_20260413_101441
51-2041.00,Structural Metal Fabricators and Fitters,Empathy,-0.16,Work_Styles,51,7,two_level_random_sample,EXP_20260413_101441
51-2041.00,Structural Metal Fabricators and Fitters,Cooperation,0.71,Work_Styles,51,7,two_level_random_sample,EXP_20260413_101441
51-2041.00,Structural Metal Fabricators and Fitters,Optimism,-0.07,Work_Styles,51,7,two_level_random_sample,EXP_20260413_101441
51-2041.00,Structural Metal Fabricators and Fitters,Social Orientation,-0.3,Work_Styles,51,7,two_level_random_sample,EXP_20260413_101441
51-2041.00,Structural Metal Fabricators and Fitters,Cautiousness,1.96,Work_Styles,51,7,two_level_random_sample,EXP_20260413_101441
51-2041.00,Structural Metal Fabricators and Fitters,Attention to Detail,2.47,Work_Styles,51,7,two_level_random_sample,EXP_20260413_101441
51-2041.00,Structural Metal Fabricators and Fitters,Dependability,2.37,Work_Styles,51,7,two_level_random_sample,EXP_20260413_101441
51-2041.00,Structural Metal Fabricators and Fitters,Integrity,1.08,Work_Styles,51,7,two_level_random_sample,EXP_20260413_101441
51-2041.00,Structural Metal Fabricators and Fitters,Stress Tolerance,1.09,Work_Styles,51,7,two_level_random_sample,EXP_20260413_101441
51-2041.00,Structural Metal Fabricators and Fitters,Self-Control,0.77,Work_Styles,51,7,two_level_random_sample,EXP_20260413_101441
51-2092.00,Team Assemblers,Innovation,0.07,Work_Styles,51,7,two_level_random_sample,EXP_20260413_101441
51-2092.00,Team Assemblers,Achievement Orientation,1.03,Work_Styles,51,7,two_level_random_sample,EXP_20260413_101441
51-2092.00,Team Assemblers,Intellectual Curiosity,0.17,Work_Styles,51,7,two_level_random_sample,EXP_20260413_101441
51-2092.00,Team Assemblers,Tolerance for Ambiguity,0.09,Work_Styles,51,7,two_level_random_sample,EXP_20260413_101441
51-2092.00,Team Assemblers,Initiative,0.8,Work_Styles,51,7,two_level_random_sample,EXP_20260413_101441
51-2092.00,Team Assemblers,Adaptability,1.26,Work_Styles,51,7,two_level_random_sample,EXP_20260413_101441
51-2092.00,Team Assemblers,Self-Confidence,0.78,Work_Styles,51,7,two_level_random_sample,EXP_20260413_101441
51-2092.00,Team Assemblers,Perseverance,1.15,Work_Styles,51,7,two_level_random_sample,EXP_20260413_101441
51-2092.00,Team Assemblers,Leadership Orientation,1.24,Work_Styles,51,7,two_level_random_sample,EXP_20260413_101441
51-2092.00,Team Assemblers,Humility,1.03,Work_Styles,51,7,two_level_random_sample,EXP_20260413_101441
51-2092.00,Team Assemblers,Sincerity,0.74,Work_Styles,51,7,two_level_random_sample,EXP_20260413_101441
51-2092.00,Team Assemblers,Empathy,0.75,Work_Styles,51,7,two_level_random_sample,EXP_20260413_101441
51-2092.00,Team Assemblers,Cooperation,2.07,Work_Styles,51,7,two_level_random_sample,EXP_20260413_101441
51-2092.00,Team Assemblers,Optimism,0.82,Work_Styles,51,7,two_level_random_sample,EXP_20260413_101441
51-2092.00,Team Assemblers,Social Orientation,1.38,Work_Styles,51,7,two_level_random_sample,EXP_20260413_101441
51-2092.00,Team Assemblers,Cautiousness,1.29,Work_Styles,51,7,two_level_random_sample,EXP_20260413_101441
51-2092.00,Team Assemblers,Attention to Detail,2.02,Work_Styles,51,7,two_level_random_sample,EXP_20260413_101441
51-2092.00,Team Assemblers,Dependability,2.33,Work_Styles,51,7,two_level_random_sample,EXP_20260413_101441
51-2092.00,Team Assemblers,Integrity,1.29,Work_Styles,51,7,two_level_random_sample,EXP_20260413_101441
51-2092.00,Team Assemblers,Stress Tolerance,1.16,Work_Styles,51,7,two_level_random_sample,EXP_20260413_101441
51-2092.00,Team Assemblers,Self-Control,1.03,Work_Styles,51,7,two_level_random_sample,EXP_20260413_101441
51-3022.00,"Meat, Poultry, and Fish Cutters and Trimmers",Innovation,-0.64,Work_Styles,51,7,two_level_random_sample,EXP_20260413_101441
51-3022.00,"Meat, Poultry, and Fish Cutters and Trimmers",Achievement Orientation,0.3,Work_Styles,51,7,two_level_random_sample,EXP_20260413_101441
51-3022.00,"Meat, Poultry, and Fish Cutters and Trimmers",Intellectual Curiosity,-0.32,Work_Styles,51,7,two_level_random_sample,EXP_20260413_101441
51-3022.00,"Meat, Poultry, and Fish Cutters and Trimmers",Tolerance for Ambiguity,-0.65,Work_Styles,51,7,two_level_random_sample,EXP_20260413_101441
51-3022.00,"Meat, Poultry, and Fish Cutters and Trimmers",Initiative,-0.22,Work_Styles,51,7,two_level_random_sample,EXP_20260413_101441
51-3022.00,"Meat, Poultry, and Fish Cutters and Trimmers",Adaptability,-0.2,Work_Styles,51,7,two_level_random_sample,EXP_20260413_101441
51-3022.00,"Meat, Poultry, and Fish Cutters and Trimmers",Self-Confidence,-0.03,Work_Styles,51,7,two_level_random_sample,EXP_20260413_101441
51-3022.00,"Meat, Poultry, and Fish Cutters and Trimmers",Perseverance,0.51,Work_Styles,51,7,two_level_random_sample,EXP_20260413_101441
51-3022.00,"Meat, Poultry, and Fish Cutters and Trimmers",Leadership Orientation,-0.56,Work_Styles,51,7,two_level_random_sample,EXP_20260413_101441
51-3022.00,"Meat, Poultry, and Fish Cutters and Trimmers",Humility,-0.43,Work_Styles,51,7,two_level_random_sample,EXP_20260413_101441
51-3022.00,"Meat, Poultry, and Fish Cutters and Trimmers",Sincerity,0.02,Work_Styles,51,7,two_level_random_sample,EXP_20260413_101441
51-3022.00,"Meat, Poultry, and Fish Cutters and Trimmers",Empathy,-0.18,Work_Styles,51,7,two_level_random_sample,EXP_20260413_101441
51-3022.00,"Meat, Poultry, and Fish Cutters and Trimmers",Cooperation,0.12,Work_Styles,51,7,two_level_random_sample,EXP_20260413_101441
51-3022.00,"Meat, Poultry, and Fish Cutters and Trimmers",Optimism,-0.13,Work_Styles,51,7,two_level_random_sample,EXP_20260413_101441
51-3022.00,"Meat, Poultry, and Fish Cutters and Trimmers",Social Orientation,-0.3,Work_Styles,51,7,two_level_random_sample,EXP_20260413_101441
51-3022.00,"Meat, Poultry, and Fish Cutters and Trimmers",Cautiousness,1.59,Work_Styles,51,7,two_level_random_sample,EXP_20260413_101441
51-3022.00,"Meat, Poultry, and Fish Cutters and Trimmers",Attention to Detail,2.0,Work_Styles,51,7,two_level_random_sample,EXP_20260413_101441
51-3022.00,"Meat, Poultry, and Fish Cutters and Trimmers",Dependability,2.16,Work_Styles,51,7,two_level_random_sample,EXP_20260413_101441
51-3022.00,"Meat, Poultry, and Fish Cutters and Trimmers",Integrity,0.82,Work_Styles,51,7,two_level_random_sample,EXP_20260413_101441
51-3022.00,"Meat, Poultry, and Fish Cutters and Trimmers",Stress Tolerance,1.0,Work_Styles,51,7,two_level_random_sample,EXP_20260413_101441
51-3022.00,"Meat, Poultry, and Fish Cutters and Trimmers",Self-Control,0.75,Work_Styles,51,7,two_level_random_sample,EXP_20260413_101441
51-4023.00,"Rolling Machine Setters, Operators, and Tenders, Metal and Plastic",Innovation,-0.34,Work_Styles,51,7,two_level_random_sample,EXP_20260413_101441
51-4023.00,"Rolling Machine Setters, Operators, and Tenders, Metal and Plastic",Achievement Orientation,1.14,Work_Styles,51,7,two_level_random_sample,EXP_20260413_101441
51-4023.00,"Rolling Machine Setters, Operators, and Tenders, Metal and Plastic",Intellectual Curiosity,0.37,Work_Styles,51,7,two_level_random_sample,EXP_20260413_101441
51-4023.00,"Rolling Machine Setters, Operators, and Tenders, Metal and Plastic",Tolerance for Ambiguity,-0.61,Work_Styles,51,7,two_level_random_sample,EXP_20260413_101441
51-4023.00,"Rolling Machine Setters, Operators, and Tenders, Metal and Plastic",Initiative,0.42,Work_Styles,51,7,two_level_random_sample,EXP_20260413_101441
51-4023.00,"Rolling Machine Setters, Operators, and Tenders, Metal and Plastic",Adaptability,0.55,Work_Styles,51,7,two_level_random_sample,EXP_20260413_101441
51-4023.00,"Rolling Machine Setters, Operators, and Tenders, Metal and Plastic",Self-Confidence,0.54,Work_Styles,51,7,two_level_random_sample,EXP_20260413_101441
51-4023.00,"Rolling Machine Setters, Operators, and Tenders, Metal and Plastic",Perseverance,0.86,Work_Styles,51,7,two_level_random_sample,EXP_20260413_101441
51-4023.00,"Rolling Machine Setters, Operators, and Tenders, Metal and Plastic",Leadership Orientation,0.25,Work_Styles,51,7,two_level_random_sample,EXP_20260413_101441
51-4023.00,"Rolling Machine Setters, Operators, and Tenders, Metal and Plastic",Humility,-0.12,Work_Styles,51,7,two_level_random_sample,EXP_20260413_101441
51-4023.00,"Rolling Machine Setters, Operators, and Tenders, Metal and Plastic",Sincerity,0.06,Work_Styles,51,7,two_level_random_sample,EXP_20260413_101441
51-4023.00,"Rolling Machine Setters, Operators, and Tenders, Metal and Plastic",Empathy,-0.08,Work_Styles,51,7,two_level_random_sample,EXP_20260413_101441
51-4023.00,"Rolling Machine Setters, Operators, and Tenders, Metal and Plastic",Cooperation,0.47,Work_Styles,51,7,two_level_random_sample,EXP_20260413_101441
51-4023.00,"Rolling Machine Setters, Operators, and Tenders, Metal and Plastic",Optimism,-0.09,Work_Styles,51,7,two_level_random_sample,EXP_20260413_101441
51-4023.00,"Rolling Machine Setters, Operators, and Tenders, Metal and Plastic",Social Orientation,-0.14,Work_Styles,51,7,two_level_random_sample,EXP_20260413_101441
51-4023.00,"Rolling Machine Setters, Operators, and Tenders, Metal and Plastic",Cautiousness,1.96,Work_Styles,51,7,two_level_random_sample,EXP_20260413_101441
51-4023.00,"Rolling Machine Setters, Operators, and Tenders, Metal and Plastic",Attention to Detail,2.34,Work_Styles,51,7,two_level_random_sample,EXP_20260413_101441
51-4023.00,"Rolling Machine Setters, Operators, and Tenders, Metal and Plastic",Dependability,2.39,Work_Styles,51,7,two_level_random_sample,EXP_20260413_101441
51-4023.00,"Rolling Machine Setters, Operators, and Tenders, Metal and Plastic",Integrity,0.7,Work_Styles,51,7,two_level_random_sample,EXP_20260413_101441
51-4023.00,"Rolling Machine Setters, Operators, and Tenders, Metal and Plastic",Stress Tolerance,0.95,Work_Styles,51,7,two_level_random_sample,EXP_20260413_101441
51-4023.00,"Rolling Machine Setters, Operators, and Tenders, Metal and Plastic",Self-Control,0.92,Work_Styles,51,7,two_level_random_sample,EXP_20260413_101441
51-5112.00,Printing Press Operators,Innovation,-0.24,Work_Styles,51,7,two_level_random_sample,EXP_20260413_101441
51-5112.00,Printing Press Operators,Achievement Orientation,1.12,Work_Styles,51,7,two_level_random_sample,EXP_20260413_101441
51-5112.00,Printing Press Operators,Intellectual Curiosity,0.43,Work_Styles,51,7,two_level_random_sample,EXP_20260413_101441
51-5112.00,Printing Press Operators,Tolerance for Ambiguity,-0.55,Work_Styles,51,7,two_level_random_sample,EXP_20260413_101441
51-5112.00,Printing Press Operators,Initiative,0.26,Work_Styles,51,7,two_level_random_sample,EXP_20260413_101441
51-5112.00,Printing Press Operators,Adaptability,0.69,Work_Styles,51,7,two_level_random_sample,EXP_20260413_101441
51-5112.00,Printing Press Operators,Self-Confidence,0.58,Work_Styles,51,7,two_level_random_sample,EXP_20260413_101441
51-5112.00,Printing Press Operators,Perseverance,1.07,Work_Styles,51,7,two_level_random_sample,EXP_20260413_101441
51-5112.00,Printing Press Operators,Leadership Orientation,-0.4,Work_Styles,51,7,two_level_random_sample,EXP_20260413_101441
51-5112.00,Printing Press Operators,Humility,-0.28,Work_Styles,51,7,two_level_random_sample,EXP_20260413_101441
51-5112.00,Printing Press Operators,Sincerity,0.09,Work_Styles,51,7,two_level_random_sample,EXP_20260413_101441
51-5112.00,Printing Press Operators,Empathy,-0.14,Work_Styles,51,7,two_level_random_sample,EXP_20260413_101441
51-5112.00,Printing Press Operators,Cooperation,0.53,Work_Styles,51,7,two_level_random_sample,EXP_20260413_101441
51-5112.00,Printing Press Operators,Optimism,-0.02,Work_Styles,51,7,two_level_random_sample,EXP_20260413_101441
51-5112.00,Printing Press Operators,Social Orientation,-0.09,Work_Styles,51,7,two_level_random_sample,EXP_20260413_101441
51-5112.00,Printing Press Operators,Cautiousness,1.96,Work_Styles,51,7,two_level_random_sample,EXP_20260413_101441
51-5112.00,Printing Press Operators,Attention to Detail,2.67,Work_Styles,51,7,two_level_random_sample,EXP_20260413_101441
51-5112.00,Printing Press Operators,Dependability,2.27,Work_Styles,51,7,two_level_random_sample,EXP_20260413_101441
51-5112.00,Printing Press Operators,Integrity,0.64,Work_Styles,51,7,two_level_random_sample,EXP_20260413_101441
51-5112.00,Printing Press Operators,Stress Tolerance,1.02,Work_Styles,51,7,two_level_random_sample,EXP_20260413_101441
51-5112.00,Printing Press Operators,Self-Control,0.61,Work_Styles,51,7,two_level_random_sample,EXP_20260413_101441
51-6061.00,Textile Bleaching and Dyeing Machine Operators and Tenders,Innovation,-0.5,Work_Styles,51,7,two_level_random_sample,EXP_20260413_101441
51-6061.00,Textile Bleaching and Dyeing Machine Operators and Tenders,Achievement Orientation,0.62,Work_Styles,51,7,two_level_random_sample,EXP_20260413_101441
51-6061.00,Textile Bleaching and Dyeing Machine Operators and Tenders,Intellectual Curiosity,-0.03,Work_Styles,51,7,two_level_random_sample,EXP_20260413_101441
51-6061.00,Textile Bleaching and Dyeing Machine Operators and Tenders,Tolerance for Ambiguity,-0.73,Work_Styles,51,7,two_level_random_sample,EXP_20260413_101441
51-6061.00,Textile Bleaching and Dyeing Machine Operators and Tenders,Initiative,0.25,Work_Styles,51,7,two_level_random_sample,EXP_20260413_101441
51-6061.00,Textile Bleaching and Dyeing Machine Operators and Tenders,Adaptability,0.5,Work_Styles,51,7,two_level_random_sample,EXP_20260413_101441
51-6061.00,Textile Bleaching and Dyeing Machine Operators and Tenders,Self-Confidence,0.29,Work_Styles,51,7,two_level_random_sample,EXP_20260413_101441
51-6061.00,Textile Bleaching and Dyeing Machine Operators and Tenders,Perseverance,0.73,Work_Styles,51,7,two_level_random_sample,EXP_20260413_101441
51-6061.00,Textile Bleaching and Dyeing Machine Operators and Tenders,Leadership Orientation,-0.45,Work_Styles,51,7,two_level_random_sample,EXP_20260413_101441
51-6061.00,Textile Bleaching and Dyeing Machine Operators and Tenders,Humility,-0.28,Work_Styles,51,7,two_level_random_sample,EXP_20260413_101441
51-6061.00,Textile Bleaching and Dyeing Machine Operators and Tenders,Sincerity,0.08,Work_Styles,51,7,two_level_random_sample,EXP_20260413_101441
51-6061.00,Textile Bleaching and Dyeing Machine Operators and Tenders,Empathy,-0.12,Work_Styles,51,7,two_level_random_sample,EXP_20260413_101441
51-6061.00,Textile Bleaching and Dyeing Machine Operators and Tenders,Cooperation,0.45,Work_Styles,51,7,two_level_random_sample,EXP_20260413_101441
51-6061.00,Textile Bleaching and Dyeing Machine Operators and Tenders,Optimism,-0.07,Work_Styles,51,7,two_level_random_sample,EXP_20260413_101441
51-6061.00,Textile Bleaching and Dyeing Machine Operators and Tenders,Social Orientation,-0.05,Work_Styles,51,7,two_level_random_sample,EXP_20260413_101441
51-6061.00,Textile Bleaching and Dyeing Machine Operators and Tenders,Cautiousness,1.99,Work_Styles,51,7,two_level_random_sample,EXP_20260413_101441
51-6061.00,Textile Bleaching and Dyeing Machine Operators and Tenders,Attention to Detail,2.11,Work_Styles,51,7,two_level_random_sample,EXP_20260413_101441
51-6061.00,Textile Bleaching and Dyeing Machine Operators and Tenders,Dependability,2.14,Work_Styles,51,7,two_level_random_sample,EXP_20260413_101441
51-6061.00,Textile Bleaching and Dyeing Machine Operators and Tenders,Integrity,0.64,Work_Styles,51,7,two_level_random_sample,EXP_20260413_101441
51-6061.00,Textile Bleaching and Dyeing Machine Operators and Tenders,Stress Tolerance,0.9,Work_Styles,51,7,two_level_random_sample,EXP_20260413_101441
51-6061.00,Textile Bleaching and Dyeing Machine Operators and Tenders,Self-Control,0.68,Work_Styles,51,7,two_level_random_sample,EXP_20260413_101441
51-8091.00,Chemical Plant and System Operators,Innovation,-0.24,Work_Styles,51,7,two_level_random_sample,EXP_20260413_101441
51-8091.00,Chemical Plant and System Operators,Achievement Orientation,1.63,Work_Styles,51,7,two_level_random_sample,EXP_20260413_101441
51-8091.00,Chemical Plant and System Operators,Intellectual Curiosity,0.84,Work_Styles,51,7,two_level_random_sample,EXP_20260413_101441
51-8091.00,Chemical Plant and System Operators,Tolerance for Ambiguity,0.38,Work_Styles,51,7,two_level_random_sample,EXP_20260413_101441
51-8091.00,Chemical Plant and System Operators,Initiative,0.83,Work_Styles,51,7,two_level_random_sample,EXP_20260413_101441
51-8091.00,Chemical Plant and System Operators,Adaptability,1.38,Work_Styles,51,7,two_level_random_sample,EXP_20260413_101441
51-8091.00,Chemical Plant and System Operators,Self-Confidence,1.15,Work_Styles,51,7,two_level_random_sample,EXP_20260413_101441
51-8091.00,Chemical Plant and System Operators,Perseverance,1.83,Work_Styles,51,7,two_level_random_sample,EXP_20260413_101441
51-8091.00,Chemical Plant and System Operators,Leadership Orientation,-0.09,Work_Styles,51,7,two_level_random_sample,EXP_20260413_101441
51-8091.00,Chemical Plant and System Operators,Humility,0.47,Work_Styles,51,7,two_level_random_sample,EXP_20260413_101441
51-8091.00,Chemical Plant and System Operators,Sincerity,0.49,Work_Styles,51,7,two_level_random_sample,EXP_20260413_101441
51-8091.00,Chemical Plant and System Operators,Empathy,-0.02,Work_Styles,51,7,two_level_random_sample,EXP_20260413_101441
51-8091.00,Chemical Plant and System Operators,Cooperation,1.03,Work_Styles,51,7,two_level_random_sample,EXP_20260413_101441
51-8091.00,Chemical Plant and System Operators,Optimism,0.11,Work_Styles,51,7,two_level_random_sample,EXP_20260413_101441
51-8091.00,Chemical Plant and System Operators,Social Orientation,-0.07,Work_Styles,51,7,two_level_random_sample,EXP_20260413_101441
51-8091.00,Chemical Plant and System Operators,Cautiousness,2.74,Work_Styles,51,7,two_level_random_sample,EXP_20260413_101441
51-8091.00,Chemical Plant and System Operators,Attention to Detail,2.57,Work_Styles,51,7,two_level_random_sample,EXP_20260413_101441
51-8091.00,Chemical Plant and System Operators,Dependability,2.65,Work_Styles,51,7,two_level_random_sample,EXP_20260413_101441
51-8091.00,Chemical Plant and System Operators,Integrity,2.13,Work_Styles,51,7,two_level_random_sample,EXP_20260413_101441
51-8091.00,Chemical Plant and System Operators,Stress Tolerance,2.17,Work_Styles,51,7,two_level_random_sample,EXP_20260413_101441
51-8091.00,Chemical Plant and System Operators,Self-Control,2.06,Work_Styles,51,7,two_level_random_sample,EXP_20260413_101441
51-9081.00,Dental Laboratory Technicians,Innovation,1.02,Work_Styles,51,7,two_level_random_sample,EXP_20260413_101441
51-9081.00,Dental Laboratory Technicians,Achievement Orientation,1.58,Work_Styles,51,7,two_level_random_sample,EXP_20260413_101441
51-9081.00,Dental Laboratory Technicians,Intellectual Curiosity,0.84,Work_Styles,51,7,two_level_random_sample,EXP_20260413_101441
51-9081.00,Dental Laboratory Technicians,Tolerance for Ambiguity,-0.27,Work_Styles,51,7,two_level_random_sample,EXP_20260413_101441
51-9081.00,Dental Laboratory Technicians,Initiative,0.61,Work_Styles,51,7,two_level_random_sample,EXP_20260413_101441
51-9081.00,Dental Laboratory Technicians,Adaptability,0.4,Work_Styles,51,7,two_level_random_sample,EXP_20260413_101441
51-9081.00,Dental Laboratory Technicians,Self-Confidence,0.71,Work_Styles,51,7,two_level_random_sample,EXP_20260413_101441
51-9081.00,Dental Laboratory Technicians,Perseverance,1.4,Work_Styles,51,7,two_level_random_sample,EXP_20260413_101441
51-9081.00,Dental Laboratory Technicians,Leadership Orientation,-0.17,Work_Styles,51,7,two_level_random_sample,EXP_20260413_101441
51-9081.00,Dental Laboratory Technicians,Humility,-0.04,Work_Styles,51,7,two_level_random_sample,EXP_20260413_101441
51-9081.00,Dental Laboratory Technicians,Sincerity,0.17,Work_Styles,51,7,two_level_random_sample,EXP_20260413_101441
51-9081.00,Dental Laboratory Technicians,Empathy,0.04,Work_Styles,51,7,two_level_random_sample,EXP_20260413_101441
51-9081.00,Dental Laboratory Technicians,Cooperation,0.73,Work_Styles,51,7,two_level_random_sample,EXP_20260413_101441
51-9081.00,Dental Laboratory Technicians,Optimism,0.02,Work_Styles,51,7,two_level_random_sample,EXP_20260413_101441
51-9081.00,Dental Laboratory Technicians,Social Orientation,-0.14,Work_Styles,51,7,two_level_random_sample,EXP_20260413_101441
51-9081.00,Dental Laboratory Technicians,Cautiousness,2.03,Work_Styles,51,7,two_level_random_sample,EXP_20260413_101441
51-9081.00,Dental Laboratory Technicians,Attention to Detail,3.0,Work_Styles,51,7,two_level_random_sample,EXP_20260413_101441
51-9081.00,Dental Laboratory Technicians,Dependability,2.59,Work_Styles,51,7,two_level_random_sample,EXP_20260413_101441
51-9081.00,Dental Laboratory Technicians,Integrity,1.45,Work_Styles,51,7,two_level_random_sample,EXP_20260413_101441
51-9081.00,Dental Laboratory Technicians,Stress Tolerance,0.95,Work_Styles,51,7,two_level_random_sample,EXP_20260413_101441
51-9081.00,Dental Laboratory Technicians,Self-Control,0.75,Work_Styles,51,7,two_level_random_sample,EXP_20260413_101441
