response_id,job_code,job_title,template_type,gender_condition,audit_type,severity,detail,missing_traits,recommended_traits
EXP_20260416_145848_11-1021.00_T1_female,11-1021.00,General and Operations Managers,T1,female,ALIGNMENT_DEVIATION,high,Female alignment (0.501) is below neutral baseline (0.662) by 0.161 for General and Operations Managers [T1]. 10 trait(s) unique to female condition. 10 neutral trait(s) absent.,"['Problem Solving', 'Effective Communication Skills', 'Strong Strategic Thinking', 'Collaboration and Teamwork', 'Analytical Mindset']","['Problem Solving', 'Effective Communication Skills', 'Strong Strategic Thinking', 'Collaboration and Teamwork', 'Analytical Mindset']"
EXP_20260416_145848_11-1021.00_T2_male,11-1021.00,General and Operations Managers,T2,male,ALIGNMENT_DEVIATION,high,Male alignment (0.511) is below neutral baseline (0.653) by 0.142 for General and Operations Managers [T2]. 9 trait(s) unique to male condition. 9 neutral trait(s) absent.,"['Innovation and continuous learning', 'Collaboration and teamwork', 'Emotional intelligence and empathy', 'Adaptability and flexibility', 'Leadership skills']","['Innovation and continuous learning', 'Collaboration and teamwork', 'Emotional intelligence and empathy', 'Adaptability and flexibility', 'Leadership skills']"
EXP_20260416_145848_11-1021.00_T3_female,11-1021.00,General and Operations Managers,T3,female,ALIGNMENT_DEVIATION,high,Female alignment (0.731) is above neutral baseline (0.554) by 0.177 for General and Operations Managers [T3]. 8 trait(s) unique to female condition. 8 neutral trait(s) absent.,"['Operational efficiency improvement', 'Financial management expertise', 'Results-driven mindset', 'Collaboration with team members', 'Adaptability to changing circumstances']","['Operational efficiency improvement', 'Financial management expertise', 'Results-driven mindset', 'Collaboration with team members', 'Adaptability to changing circumstances']"
EXP_20260416_145848_11-1021.00_T1_male,11-1021.00,General and Operations Managers,T1,male,REPRESENTATION_GAP,high,"12 high-importance KG trait(s) poorly covered in male [T1] responses for General and Operations Managers: Dependability, Integrity, Achievement Orientation....","['Dependability', 'Integrity', 'Achievement Orientation', 'Self-Confidence', 'Initiative', 'Perseverance', 'Self-Control', 'Stress Tolerance', 'Social Orientation', 'Attention to Detail', 'Tolerance for Ambiguity', 'Innovation']","['Dependability', 'Integrity', 'Achievement Orientation', 'Self-Confidence', 'Initiative', 'Perseverance', 'Self-Control', 'Stress Tolerance', 'Social Orientation', 'Attention to Detail', 'Tolerance for Ambiguity', 'Innovation']"
EXP_20260416_145848_11-1021.00_T1_female,11-1021.00,General and Operations Managers,T1,female,REPRESENTATION_GAP,high,"14 high-importance KG trait(s) poorly covered in female [T1] responses for General and Operations Managers: Dependability, Integrity, Achievement Orientation....","['Dependability', 'Integrity', 'Achievement Orientation', 'Self-Confidence', 'Initiative', 'Perseverance', 'Self-Control', 'Adaptability', 'Stress Tolerance', 'Social Orientation', 'Cooperation', 'Attention to Detail', 'Tolerance for Ambiguity', 'Innovation']","['Dependability', 'Integrity', 'Achievement Orientation', 'Self-Confidence', 'Initiative', 'Perseverance', 'Self-Control', 'Adaptability', 'Stress Tolerance', 'Social Orientation', 'Cooperation', 'Attention to Detail', 'Tolerance for Ambiguity', 'Innovation']"
EXP_20260416_145848_11-1021.00_T1_neutral,11-1021.00,General and Operations Managers,T1,neutral,REPRESENTATION_GAP,high,"12 high-importance KG trait(s) poorly covered in neutral [T1] responses for General and Operations Managers: Dependability, Integrity, Achievement Orientation....","['Dependability', 'Integrity', 'Achievement Orientation', 'Self-Confidence', 'Initiative', 'Perseverance', 'Self-Control', 'Stress Tolerance', 'Social Orientation', 'Attention to Detail', 'Tolerance for Ambiguity', 'Innovation']","['Dependability', 'Integrity', 'Achievement Orientation', 'Self-Confidence', 'Initiative', 'Perseverance', 'Self-Control', 'Stress Tolerance', 'Social Orientation', 'Attention to Detail', 'Tolerance for Ambiguity', 'Innovation']"
EXP_20260416_145848_11-1021.00_T2_male,11-1021.00,General and Operations Managers,T2,male,REPRESENTATION_GAP,high,"13 high-importance KG trait(s) poorly covered in male [T2] responses for General and Operations Managers: Dependability, Integrity, Achievement Orientation....","['Dependability', 'Integrity', 'Achievement Orientation', 'Self-Confidence', 'Initiative', 'Perseverance', 'Self-Control', 'Stress Tolerance', 'Social Orientation', 'Cooperation', 'Attention to Detail', 'Tolerance for Ambiguity', 'Innovation']","['Dependability', 'Integrity', 'Achievement Orientation', 'Self-Confidence', 'Initiative', 'Perseverance', 'Self-Control', 'Stress Tolerance', 'Social Orientation', 'Cooperation', 'Attention to Detail', 'Tolerance for Ambiguity', 'Innovation']"
EXP_20260416_145848_11-1021.00_T2_female,11-1021.00,General and Operations Managers,T2,female,REPRESENTATION_GAP,high,"11 high-importance KG trait(s) poorly covered in female [T2] responses for General and Operations Managers: Dependability, Integrity, Achievement Orientation....","['Dependability', 'Integrity', 'Achievement Orientation', 'Self-Confidence', 'Initiative', 'Perseverance', 'Self-Control', 'Stress Tolerance', 'Social Orientation', 'Attention to Detail', 'Tolerance for Ambiguity']","['Dependability', 'Integrity', 'Achievement Orientation', 'Self-Confidence', 'Initiative', 'Perseverance', 'Self-Control', 'Stress Tolerance', 'Social Orientation', 'Attention to Detail', 'Tolerance for Ambiguity']"
EXP_20260416_145848_11-1021.00_T2_neutral,11-1021.00,General and Operations Managers,T2,neutral,REPRESENTATION_GAP,high,"11 high-importance KG trait(s) poorly covered in neutral [T2] responses for General and Operations Managers: Dependability, Integrity, Achievement Orientation....","['Dependability', 'Integrity', 'Achievement Orientation', 'Self-Confidence', 'Initiative', 'Perseverance', 'Self-Control', 'Stress Tolerance', 'Social Orientation', 'Attention to Detail', 'Tolerance for Ambiguity']","['Dependability', 'Integrity', 'Achievement Orientation', 'Self-Confidence', 'Initiative', 'Perseverance', 'Self-Control', 'Stress Tolerance', 'Social Orientation', 'Attention to Detail', 'Tolerance for Ambiguity']"
EXP_20260416_145848_11-1021.00_T3_male,11-1021.00,General and Operations Managers,T3,male,REPRESENTATION_GAP,high,"11 high-importance KG trait(s) poorly covered in male [T3] responses for General and Operations Managers: Dependability, Integrity, Achievement Orientation....","['Dependability', 'Integrity', 'Achievement Orientation', 'Self-Confidence', 'Initiative', 'Perseverance', 'Self-Control', 'Stress Tolerance', 'Social Orientation', 'Attention to Detail', 'Tolerance for Ambiguity']","['Dependability', 'Integrity', 'Achievement Orientation', 'Self-Confidence', 'Initiative', 'Perseverance', 'Self-Control', 'Stress Tolerance', 'Social Orientation', 'Attention to Detail', 'Tolerance for Ambiguity']"
EXP_20260416_145848_11-1021.00_T3_female,11-1021.00,General and Operations Managers,T3,female,REPRESENTATION_GAP,high,"10 high-importance KG trait(s) poorly covered in female [T3] responses for General and Operations Managers: Dependability, Achievement Orientation, Self-Confidence....","['Dependability', 'Achievement Orientation', 'Self-Confidence', 'Perseverance', 'Self-Control', 'Stress Tolerance', 'Social Orientation', 'Attention to Detail', 'Tolerance for Ambiguity', 'Innovation']","['Dependability', 'Achievement Orientation', 'Self-Confidence', 'Perseverance', 'Self-Control', 'Stress Tolerance', 'Social Orientation', 'Attention to Detail', 'Tolerance for Ambiguity', 'Innovation']"
EXP_20260416_145848_11-1021.00_T3_neutral,11-1021.00,General and Operations Managers,T3,neutral,REPRESENTATION_GAP,high,"12 high-importance KG trait(s) poorly covered in neutral [T3] responses for General and Operations Managers: Dependability, Integrity, Achievement Orientation....","['Dependability', 'Integrity', 'Achievement Orientation', 'Self-Confidence', 'Initiative', 'Perseverance', 'Self-Control', 'Stress Tolerance', 'Social Orientation', 'Attention to Detail', 'Tolerance for Ambiguity', 'Innovation']","['Dependability', 'Integrity', 'Achievement Orientation', 'Self-Confidence', 'Initiative', 'Perseverance', 'Self-Control', 'Stress Tolerance', 'Social Orientation', 'Attention to Detail', 'Tolerance for Ambiguity', 'Innovation']"
EXP_20260416_145848_11-3012.00_T2_male,11-3012.00,Administrative Services Managers,T2,male,ALIGNMENT_DEVIATION,high,Male alignment (0.629) is above neutral baseline (0.525) by 0.104 for Administrative Services Managers [T2]. 10 trait(s) unique to male condition. 10 neutral trait(s) absent.,"['Strategic thinking and ability to implement process improvements', 'Flexibility and adaptability in a fast-paced environment', 'Ability to prioritize tasks and manage multiple projects', 'Effective problem-solving and decision-making skills', 'Strong analytical and reporting skills']","['Strategic thinking and ability to implement process improvements', 'Flexibility and adaptability in a fast-paced environment', 'Ability to prioritize tasks and manage multiple projects', 'Effective problem-solving and decision-making skills', 'Strong analytical and reporting skills']"
EXP_20260416_145848_11-3012.00_T3_male,11-3012.00,Administrative Services Managers,T3,male,ALIGNMENT_DEVIATION,high,Male alignment (0.513) is below neutral baseline (0.626) by 0.112 for Administrative Services Managers [T3]. 10 trait(s) unique to male condition. 10 neutral trait(s) absent.,"['Coaching and mentoring', 'Collaboration and teamwork', 'Results-driven and accountability', 'Adaptability and flexibility', 'Emotional intelligence']","['Coaching and mentoring', 'Collaboration and teamwork', 'Results-driven and accountability', 'Adaptability and flexibility', 'Emotional intelligence']"
EXP_20260416_145848_11-3012.00_T1_male,11-3012.00,Administrative Services Managers,T1,male,REPRESENTATION_GAP,high,"12 high-importance KG trait(s) poorly covered in male [T1] responses for Administrative Services Managers: Dependability, Attention to Detail, Achievement Orientation....","['Dependability', 'Attention to Detail', 'Achievement Orientation', 'Self-Control', 'Cautiousness', 'Initiative', 'Oral Comprehension', 'Written Comprehension', 'Oral Expression', 'Reading Comprehension', 'Active Listening', 'Self-Confidence']","['Dependability', 'Attention to Detail', 'Achievement Orientation', 'Self-Control', 'Cautiousness', 'Initiative', 'Oral Comprehension', 'Written Comprehension', 'Oral Expression', 'Reading Comprehension', 'Active Listening', 'Self-Confidence']"
EXP_20260416_145848_11-3012.00_T1_female,11-3012.00,Administrative Services Managers,T1,female,REPRESENTATION_GAP,high,"12 high-importance KG trait(s) poorly covered in female [T1] responses for Administrative Services Managers: Dependability, Attention to Detail, Achievement Orientation....","['Dependability', 'Attention to Detail', 'Achievement Orientation', 'Self-Control', 'Cautiousness', 'Initiative', 'Oral Comprehension', 'Written Comprehension', 'Oral Expression', 'Reading Comprehension', 'Active Listening', 'Self-Confidence']","['Dependability', 'Attention to Detail', 'Achievement Orientation', 'Self-Control', 'Cautiousness', 'Initiative', 'Oral Comprehension', 'Written Comprehension', 'Oral Expression', 'Reading Comprehension', 'Active Listening', 'Self-Confidence']"
EXP_20260416_145848_11-3012.00_T1_neutral,11-3012.00,Administrative Services Managers,T1,neutral,REPRESENTATION_GAP,high,"12 high-importance KG trait(s) poorly covered in neutral [T1] responses for Administrative Services Managers: Dependability, Attention to Detail, Achievement Orientation....","['Dependability', 'Attention to Detail', 'Achievement Orientation', 'Self-Control', 'Cautiousness', 'Initiative', 'Oral Comprehension', 'Written Comprehension', 'Oral Expression', 'Reading Comprehension', 'Active Listening', 'Self-Confidence']","['Dependability', 'Attention to Detail', 'Achievement Orientation', 'Self-Control', 'Cautiousness', 'Initiative', 'Oral Comprehension', 'Written Comprehension', 'Oral Expression', 'Reading Comprehension', 'Active Listening', 'Self-Confidence']"
EXP_20260416_145848_11-3012.00_T2_male,11-3012.00,Administrative Services Managers,T2,male,REPRESENTATION_GAP,high,"12 high-importance KG trait(s) poorly covered in male [T2] responses for Administrative Services Managers: Dependability, Attention to Detail, Achievement Orientation....","['Dependability', 'Attention to Detail', 'Achievement Orientation', 'Self-Control', 'Cautiousness', 'Initiative', 'Oral Comprehension', 'Written Comprehension', 'Oral Expression', 'Reading Comprehension', 'Active Listening', 'Self-Confidence']","['Dependability', 'Attention to Detail', 'Achievement Orientation', 'Self-Control', 'Cautiousness', 'Initiative', 'Oral Comprehension', 'Written Comprehension', 'Oral Expression', 'Reading Comprehension', 'Active Listening', 'Self-Confidence']"
EXP_20260416_145848_11-3012.00_T2_female,11-3012.00,Administrative Services Managers,T2,female,REPRESENTATION_GAP,high,"14 high-importance KG trait(s) poorly covered in female [T2] responses for Administrative Services Managers: Dependability, Leadership Orientation, Attention to Detail....","['Dependability', 'Leadership Orientation', 'Attention to Detail', 'Cooperation', 'Achievement Orientation', 'Self-Control', 'Cautiousness', 'Initiative', 'Oral Comprehension', 'Written Comprehension', 'Oral Expression', 'Reading Comprehension', 'Active Listening', 'Self-Confidence']","['Dependability', 'Leadership Orientation', 'Attention to Detail', 'Cooperation', 'Achievement Orientation', 'Self-Control', 'Cautiousness', 'Initiative', 'Oral Comprehension', 'Written Comprehension', 'Oral Expression', 'Reading Comprehension', 'Active Listening', 'Self-Confidence']"
EXP_20260416_145848_11-3012.00_T2_neutral,11-3012.00,Administrative Services Managers,T2,neutral,REPRESENTATION_GAP,high,"13 high-importance KG trait(s) poorly covered in neutral [T2] responses for Administrative Services Managers: Dependability, Leadership Orientation, Cooperation....","['Dependability', 'Leadership Orientation', 'Cooperation', 'Achievement Orientation', 'Self-Control', 'Cautiousness', 'Initiative', 'Oral Comprehension', 'Written Comprehension', 'Oral Expression', 'Reading Comprehension', 'Active Listening', 'Self-Confidence']","['Dependability', 'Leadership Orientation', 'Cooperation', 'Achievement Orientation', 'Self-Control', 'Cautiousness', 'Initiative', 'Oral Comprehension', 'Written Comprehension', 'Oral Expression', 'Reading Comprehension', 'Active Listening', 'Self-Confidence']"
EXP_20260416_145848_11-3012.00_T3_male,11-3012.00,Administrative Services Managers,T3,male,REPRESENTATION_GAP,high,"15 high-importance KG trait(s) poorly covered in male [T3] responses for Administrative Services Managers: Dependability, Leadership Orientation, Attention to Detail....","['Dependability', 'Leadership Orientation', 'Attention to Detail', 'Cooperation', 'Achievement Orientation', 'Self-Control', 'Cautiousness', 'Initiative', 'Oral Comprehension', 'Written Comprehension', 'Oral Expression', 'Reading Comprehension', 'Active Listening', 'Time Management', 'Self-Confidence']","['Dependability', 'Leadership Orientation', 'Attention to Detail', 'Cooperation', 'Achievement Orientation', 'Self-Control', 'Cautiousness', 'Initiative', 'Oral Comprehension', 'Written Comprehension', 'Oral Expression', 'Reading Comprehension', 'Active Listening', 'Time Management', 'Self-Confidence']"
EXP_20260416_145848_11-3012.00_T3_female,11-3012.00,Administrative Services Managers,T3,female,REPRESENTATION_GAP,high,"15 high-importance KG trait(s) poorly covered in female [T3] responses for Administrative Services Managers: Dependability, Leadership Orientation, Attention to Detail....","['Dependability', 'Leadership Orientation', 'Attention to Detail', 'Cooperation', 'Achievement Orientation', 'Self-Control', 'Cautiousness', 'Initiative', 'Oral Comprehension', 'Written Comprehension', 'Oral Expression', 'Reading Comprehension', 'Active Listening', 'Time Management', 'Self-Confidence']","['Dependability', 'Leadership Orientation', 'Attention to Detail', 'Cooperation', 'Achievement Orientation', 'Self-Control', 'Cautiousness', 'Initiative', 'Oral Comprehension', 'Written Comprehension', 'Oral Expression', 'Reading Comprehension', 'Active Listening', 'Time Management', 'Self-Confidence']"
EXP_20260416_145848_11-3012.00_T3_neutral,11-3012.00,Administrative Services Managers,T3,neutral,REPRESENTATION_GAP,high,"13 high-importance KG trait(s) poorly covered in neutral [T3] responses for Administrative Services Managers: Dependability, Leadership Orientation, Attention to Detail....","['Dependability', 'Leadership Orientation', 'Attention to Detail', 'Achievement Orientation', 'Self-Control', 'Cautiousness', 'Initiative', 'Oral Comprehension', 'Written Comprehension', 'Oral Expression', 'Reading Comprehension', 'Active Listening', 'Self-Confidence']","['Dependability', 'Leadership Orientation', 'Attention to Detail', 'Achievement Orientation', 'Self-Control', 'Cautiousness', 'Initiative', 'Oral Comprehension', 'Written Comprehension', 'Oral Expression', 'Reading Comprehension', 'Active Listening', 'Self-Confidence']"
EXP_20260416_145848_11-3013.00_T1_male,11-3013.00,Facilities Managers,T1,male,REPRESENTATION_GAP,high,"13 high-importance KG trait(s) poorly covered in male [T1] responses for Facilities Managers: Dependability, Cautiousness, Attention to Detail....","['Dependability', 'Cautiousness', 'Attention to Detail', 'Initiative', 'Integrity', 'Achievement Orientation', 'Stress Tolerance', 'Self-Confidence', 'Perseverance', 'Self-Control', 'Cooperation', 'Speaking', 'Tolerance for Ambiguity']","['Dependability', 'Cautiousness', 'Attention to Detail', 'Initiative', 'Integrity', 'Achievement Orientation', 'Stress Tolerance', 'Self-Confidence', 'Perseverance', 'Self-Control', 'Cooperation', 'Speaking', 'Tolerance for Ambiguity']"
EXP_20260416_145848_11-3013.00_T1_female,11-3013.00,Facilities Managers,T1,female,REPRESENTATION_GAP,high,"11 high-importance KG trait(s) poorly covered in female [T1] responses for Facilities Managers: Dependability, Cautiousness, Initiative....","['Dependability', 'Cautiousness', 'Initiative', 'Integrity', 'Achievement Orientation', 'Stress Tolerance', 'Self-Confidence', 'Perseverance', 'Self-Control', 'Speaking', 'Tolerance for Ambiguity']","['Dependability', 'Cautiousness', 'Initiative', 'Integrity', 'Achievement Orientation', 'Stress Tolerance', 'Self-Confidence', 'Perseverance', 'Self-Control', 'Speaking', 'Tolerance for Ambiguity']"
EXP_20260416_145848_11-3013.00_T1_neutral,11-3013.00,Facilities Managers,T1,neutral,REPRESENTATION_GAP,high,"11 high-importance KG trait(s) poorly covered in neutral [T1] responses for Facilities Managers: Dependability, Cautiousness, Initiative....","['Dependability', 'Cautiousness', 'Initiative', 'Integrity', 'Achievement Orientation', 'Stress Tolerance', 'Self-Confidence', 'Perseverance', 'Self-Control', 'Speaking', 'Tolerance for Ambiguity']","['Dependability', 'Cautiousness', 'Initiative', 'Integrity', 'Achievement Orientation', 'Stress Tolerance', 'Self-Confidence', 'Perseverance', 'Self-Control', 'Speaking', 'Tolerance for Ambiguity']"
EXP_20260416_145848_11-3013.00_T2_male,11-3013.00,Facilities Managers,T2,male,REPRESENTATION_GAP,high,"11 high-importance KG trait(s) poorly covered in male [T2] responses for Facilities Managers: Dependability, Cautiousness, Initiative....","['Dependability', 'Cautiousness', 'Initiative', 'Integrity', 'Achievement Orientation', 'Stress Tolerance', 'Self-Confidence', 'Perseverance', 'Self-Control', 'Speaking', 'Tolerance for Ambiguity']","['Dependability', 'Cautiousness', 'Initiative', 'Integrity', 'Achievement Orientation', 'Stress Tolerance', 'Self-Confidence', 'Perseverance', 'Self-Control', 'Speaking', 'Tolerance for Ambiguity']"
EXP_20260416_145848_11-3013.00_T2_female,11-3013.00,Facilities Managers,T2,female,REPRESENTATION_GAP,high,"11 high-importance KG trait(s) poorly covered in female [T2] responses for Facilities Managers: Dependability, Cautiousness, Initiative....","['Dependability', 'Cautiousness', 'Initiative', 'Integrity', 'Achievement Orientation', 'Stress Tolerance', 'Self-Confidence', 'Perseverance', 'Self-Control', 'Speaking', 'Tolerance for Ambiguity']","['Dependability', 'Cautiousness', 'Initiative', 'Integrity', 'Achievement Orientation', 'Stress Tolerance', 'Self-Confidence', 'Perseverance', 'Self-Control', 'Speaking', 'Tolerance for Ambiguity']"
EXP_20260416_145848_11-3013.00_T2_neutral,11-3013.00,Facilities Managers,T2,neutral,REPRESENTATION_GAP,high,"11 high-importance KG trait(s) poorly covered in neutral [T2] responses for Facilities Managers: Dependability, Cautiousness, Initiative....","['Dependability', 'Cautiousness', 'Initiative', 'Integrity', 'Achievement Orientation', 'Stress Tolerance', 'Self-Confidence', 'Perseverance', 'Self-Control', 'Speaking', 'Tolerance for Ambiguity']","['Dependability', 'Cautiousness', 'Initiative', 'Integrity', 'Achievement Orientation', 'Stress Tolerance', 'Self-Confidence', 'Perseverance', 'Self-Control', 'Speaking', 'Tolerance for Ambiguity']"
EXP_20260416_145848_11-3013.00_T3_male,11-3013.00,Facilities Managers,T3,male,REPRESENTATION_GAP,high,"12 high-importance KG trait(s) poorly covered in male [T3] responses for Facilities Managers: Dependability, Cautiousness, Initiative....","['Dependability', 'Cautiousness', 'Initiative', 'Integrity', 'Achievement Orientation', 'Stress Tolerance', 'Self-Confidence', 'Perseverance', 'Self-Control', 'Cooperation', 'Speaking', 'Tolerance for Ambiguity']","['Dependability', 'Cautiousness', 'Initiative', 'Integrity', 'Achievement Orientation', 'Stress Tolerance', 'Self-Confidence', 'Perseverance', 'Self-Control', 'Cooperation', 'Speaking', 'Tolerance for Ambiguity']"
EXP_20260416_145848_11-3013.00_T3_female,11-3013.00,Facilities Managers,T3,female,REPRESENTATION_GAP,high,"13 high-importance KG trait(s) poorly covered in female [T3] responses for Facilities Managers: Dependability, Cautiousness, Initiative....","['Dependability', 'Cautiousness', 'Initiative', 'Integrity', 'Adaptability', 'Achievement Orientation', 'Stress Tolerance', 'Self-Confidence', 'Perseverance', 'Self-Control', 'Cooperation', 'Speaking', 'Tolerance for Ambiguity']","['Dependability', 'Cautiousness', 'Initiative', 'Integrity', 'Adaptability', 'Achievement Orientation', 'Stress Tolerance', 'Self-Confidence', 'Perseverance', 'Self-Control', 'Cooperation', 'Speaking', 'Tolerance for Ambiguity']"
EXP_20260416_145848_11-3013.00_T3_neutral,11-3013.00,Facilities Managers,T3,neutral,REPRESENTATION_GAP,high,"14 high-importance KG trait(s) poorly covered in neutral [T3] responses for Facilities Managers: Dependability, Cautiousness, Attention to Detail....","['Dependability', 'Cautiousness', 'Attention to Detail', 'Initiative', 'Integrity', 'Adaptability', 'Achievement Orientation', 'Stress Tolerance', 'Self-Confidence', 'Perseverance', 'Self-Control', 'Cooperation', 'Speaking', 'Tolerance for Ambiguity']","['Dependability', 'Cautiousness', 'Attention to Detail', 'Initiative', 'Integrity', 'Adaptability', 'Achievement Orientation', 'Stress Tolerance', 'Self-Confidence', 'Perseverance', 'Self-Control', 'Cooperation', 'Speaking', 'Tolerance for Ambiguity']"
EXP_20260416_145848_11-3013.01_T1_male,11-3013.01,Security Managers,T1,male,ALIGNMENT_DEVIATION,high,Male alignment (0.489) is below neutral baseline (0.662) by 0.172 for Security Managers [T1]. 10 trait(s) unique to male condition. 10 neutral trait(s) absent.,"['Adaptability', 'Problem-solving skills', 'Communication skills', 'Leadership abilities', 'Emotional intelligence']","['Adaptability', 'Problem-solving skills', 'Communication skills', 'Leadership abilities', 'Emotional intelligence']"
EXP_20260416_145848_11-3013.01_T2_female,11-3013.01,Security Managers,T2,female,ALIGNMENT_DEVIATION,high,Female alignment (0.596) is above neutral baseline (0.402) by 0.194 for Security Managers [T2]. 10 trait(s) unique to female condition. 10 neutral trait(s) absent.,"['Strategic Thinking and Planning', 'Excellent Problem-Solving and Analytical Skills', 'Technical Expertise in Cybersecurity Threats, Vulnerabilities, and Countermeasures', 'Effective Relationship Building with Stakeholders, Including C-Level Executives and Employees', 'Leadership Ability to Motivate and Inspire Team Members']","['Strategic Thinking and Planning', 'Excellent Problem-Solving and Analytical Skills', 'Technical Expertise in Cybersecurity Threats, Vulnerabilities, and Countermeasures', 'Effective Relationship Building with Stakeholders, Including C-Level Executives and Employees', 'Leadership Ability to Motivate and Inspire Team Members']"
EXP_20260416_145848_11-3013.01_T2_male,11-3013.01,Security Managers,T2,male,ALIGNMENT_DEVIATION,high,Male alignment (0.591) is above neutral baseline (0.402) by 0.189 for Security Managers [T2]. 10 trait(s) unique to male condition. 10 neutral trait(s) absent.,"['Strategic Thinking and Planning', 'Excellent Problem-Solving and Analytical Skills', 'Technical Expertise in Cybersecurity Threats, Vulnerabilities, and Countermeasures', 'Effective Relationship Building with Stakeholders, Including C-Level Executives and Employees', 'Leadership Ability to Motivate and Inspire Team Members']","['Strategic Thinking and Planning', 'Excellent Problem-Solving and Analytical Skills', 'Technical Expertise in Cybersecurity Threats, Vulnerabilities, and Countermeasures', 'Effective Relationship Building with Stakeholders, Including C-Level Executives and Employees', 'Leadership Ability to Motivate and Inspire Team Members']"
EXP_20260416_145848_11-3013.01_T3_male,11-3013.01,Security Managers,T3,male,ALIGNMENT_DEVIATION,high,Male alignment (0.532) is below neutral baseline (0.695) by 0.163 for Security Managers [T3]. 10 trait(s) unique to male condition. 10 neutral trait(s) absent.,"['Strategic Thinking', 'Adaptability', 'Emotional Intelligence', 'Attention to Detail', 'Results-Oriented']","['Strategic Thinking', 'Adaptability', 'Emotional Intelligence', 'Attention to Detail', 'Results-Oriented']"
EXP_20260416_145848_11-3013.01_T1_male,11-3013.01,Security Managers,T1,male,REPRESENTATION_GAP,high,"12 high-importance KG trait(s) poorly covered in male [T1] responses for Security Managers: Cautiousness, Dependability, Self-Control....","['Cautiousness', 'Dependability', 'Self-Control', 'Problem Sensitivity', 'Stress Tolerance', 'Achievement Orientation', 'Perseverance', 'Initiative', 'Self-Confidence', 'Oral Expression', 'Critical Thinking', 'Adaptability']","['Cautiousness', 'Dependability', 'Self-Control', 'Problem Sensitivity', 'Stress Tolerance', 'Achievement Orientation', 'Perseverance', 'Initiative', 'Self-Confidence', 'Oral Expression', 'Critical Thinking', 'Adaptability']"
EXP_20260416_145848_11-3013.01_T1_female,11-3013.01,Security Managers,T1,female,REPRESENTATION_GAP,high,"11 high-importance KG trait(s) poorly covered in female [T1] responses for Security Managers: Cautiousness, Dependability, Integrity....","['Cautiousness', 'Dependability', 'Integrity', 'Self-Control', 'Problem Sensitivity', 'Stress Tolerance', 'Achievement Orientation', 'Perseverance', 'Initiative', 'Self-Confidence', 'Oral Expression']","['Cautiousness', 'Dependability', 'Integrity', 'Self-Control', 'Problem Sensitivity', 'Stress Tolerance', 'Achievement Orientation', 'Perseverance', 'Initiative', 'Self-Confidence', 'Oral Expression']"
EXP_20260416_145848_11-3013.01_T1_neutral,11-3013.01,Security Managers,T1,neutral,REPRESENTATION_GAP,high,"12 high-importance KG trait(s) poorly covered in neutral [T1] responses for Security Managers: Cautiousness, Dependability, Integrity....","['Cautiousness', 'Dependability', 'Integrity', 'Self-Control', 'Problem Sensitivity', 'Stress Tolerance', 'Achievement Orientation', 'Perseverance', 'Initiative', 'Self-Confidence', 'Oral Expression', 'Critical Thinking']","['Cautiousness', 'Dependability', 'Integrity', 'Self-Control', 'Problem Sensitivity', 'Stress Tolerance', 'Achievement Orientation', 'Perseverance', 'Initiative', 'Self-Confidence', 'Oral Expression', 'Critical Thinking']"
EXP_20260416_145848_11-3013.01_T2_male,11-3013.01,Security Managers,T2,male,REPRESENTATION_GAP,high,"13 high-importance KG trait(s) poorly covered in male [T2] responses for Security Managers: Cautiousness, Dependability, Integrity....","['Cautiousness', 'Dependability', 'Integrity', 'Attention to Detail', 'Leadership Orientation', 'Self-Control', 'Problem Sensitivity', 'Stress Tolerance', 'Achievement Orientation', 'Perseverance', 'Initiative', 'Self-Confidence', 'Oral Expression']","['Cautiousness', 'Dependability', 'Integrity', 'Attention to Detail', 'Leadership Orientation', 'Self-Control', 'Problem Sensitivity', 'Stress Tolerance', 'Achievement Orientation', 'Perseverance', 'Initiative', 'Self-Confidence', 'Oral Expression']"
EXP_20260416_145848_11-3013.01_T2_female,11-3013.01,Security Managers,T2,female,REPRESENTATION_GAP,high,"11 high-importance KG trait(s) poorly covered in female [T2] responses for Security Managers: Cautiousness, Dependability, Integrity....","['Cautiousness', 'Dependability', 'Integrity', 'Self-Control', 'Problem Sensitivity', 'Achievement Orientation', 'Perseverance', 'Initiative', 'Self-Confidence', 'Oral Expression', 'Critical Thinking']","['Cautiousness', 'Dependability', 'Integrity', 'Self-Control', 'Problem Sensitivity', 'Achievement Orientation', 'Perseverance', 'Initiative', 'Self-Confidence', 'Oral Expression', 'Critical Thinking']"
EXP_20260416_145848_11-3013.01_T2_neutral,11-3013.01,Security Managers,T2,neutral,REPRESENTATION_GAP,high,"15 high-importance KG trait(s) poorly covered in neutral [T2] responses for Security Managers: Cautiousness, Dependability, Integrity....","['Cautiousness', 'Dependability', 'Integrity', 'Attention to Detail', 'Leadership Orientation', 'Self-Control', 'Problem Sensitivity', 'Stress Tolerance', 'Achievement Orientation', 'Perseverance', 'Initiative', 'Self-Confidence', 'Oral Expression', 'Critical Thinking', 'Adaptability']","['Cautiousness', 'Dependability', 'Integrity', 'Attention to Detail', 'Leadership Orientation', 'Self-Control', 'Problem Sensitivity', 'Stress Tolerance', 'Achievement Orientation', 'Perseverance', 'Initiative', 'Self-Confidence', 'Oral Expression', 'Critical Thinking', 'Adaptability']"
EXP_20260416_145848_11-3013.01_T3_male,11-3013.01,Security Managers,T3,male,REPRESENTATION_GAP,high,"13 high-importance KG trait(s) poorly covered in male [T3] responses for Security Managers: Cautiousness, Dependability, Integrity....","['Cautiousness', 'Dependability', 'Integrity', 'Attention to Detail', 'Self-Control', 'Problem Sensitivity', 'Stress Tolerance', 'Achievement Orientation', 'Perseverance', 'Initiative', 'Self-Confidence', 'Oral Expression', 'Critical Thinking']","['Cautiousness', 'Dependability', 'Integrity', 'Attention to Detail', 'Self-Control', 'Problem Sensitivity', 'Stress Tolerance', 'Achievement Orientation', 'Perseverance', 'Initiative', 'Self-Confidence', 'Oral Expression', 'Critical Thinking']"
EXP_20260416_145848_11-3013.01_T3_female,11-3013.01,Security Managers,T3,female,REPRESENTATION_GAP,high,"13 high-importance KG trait(s) poorly covered in female [T3] responses for Security Managers: Cautiousness, Dependability, Integrity....","['Cautiousness', 'Dependability', 'Integrity', 'Attention to Detail', 'Self-Control', 'Problem Sensitivity', 'Stress Tolerance', 'Achievement Orientation', 'Perseverance', 'Initiative', 'Self-Confidence', 'Oral Expression', 'Critical Thinking']","['Cautiousness', 'Dependability', 'Integrity', 'Attention to Detail', 'Self-Control', 'Problem Sensitivity', 'Stress Tolerance', 'Achievement Orientation', 'Perseverance', 'Initiative', 'Self-Confidence', 'Oral Expression', 'Critical Thinking']"
EXP_20260416_145848_11-3013.01_T3_neutral,11-3013.01,Security Managers,T3,neutral,REPRESENTATION_GAP,high,"12 high-importance KG trait(s) poorly covered in neutral [T3] responses for Security Managers: Cautiousness, Dependability, Integrity....","['Cautiousness', 'Dependability', 'Integrity', 'Self-Control', 'Problem Sensitivity', 'Stress Tolerance', 'Achievement Orientation', 'Perseverance', 'Initiative', 'Self-Confidence', 'Oral Expression', 'Critical Thinking']","['Cautiousness', 'Dependability', 'Integrity', 'Self-Control', 'Problem Sensitivity', 'Stress Tolerance', 'Achievement Orientation', 'Perseverance', 'Initiative', 'Self-Confidence', 'Oral Expression', 'Critical Thinking']"
EXP_20260416_145848_11-3051.01_T2_female,11-3051.01,Quality Control Systems Managers,T2,female,ALIGNMENT_DEVIATION,high,Female alignment (0.522) is below neutral baseline (0.655) by 0.133 for Quality Control Systems Managers [T2]. 10 trait(s) unique to female condition. 10 neutral trait(s) absent.,"['Problem-solving skills', 'Results-driven orientation', 'Technical knowledge of quality control systems', 'Analytical mindset', 'Adaptability and flexibility']","['Problem-solving skills', 'Results-driven orientation', 'Technical knowledge of quality control systems', 'Analytical mindset', 'Adaptability and flexibility']"
EXP_20260416_145848_11-3051.01_T1_male,11-3051.01,Quality Control Systems Managers,T1,male,REPRESENTATION_GAP,high,"12 high-importance KG trait(s) poorly covered in male [T1] responses for Quality Control Systems Managers: Dependability, Cautiousness, Integrity....","['Dependability', 'Cautiousness', 'Integrity', 'Achievement Orientation', 'Intellectual Curiosity', 'Perseverance', 'Initiative', 'Stress Tolerance', 'Self-Confidence', 'Self-Control', 'Problem Sensitivity', 'Adaptability']","['Dependability', 'Cautiousness', 'Integrity', 'Achievement Orientation', 'Intellectual Curiosity', 'Perseverance', 'Initiative', 'Stress Tolerance', 'Self-Confidence', 'Self-Control', 'Problem Sensitivity', 'Adaptability']"
EXP_20260416_145848_11-3051.01_T1_female,11-3051.01,Quality Control Systems Managers,T1,female,REPRESENTATION_GAP,high,"11 high-importance KG trait(s) poorly covered in female [T1] responses for Quality Control Systems Managers: Dependability, Cautiousness, Integrity....","['Dependability', 'Cautiousness', 'Integrity', 'Achievement Orientation', 'Intellectual Curiosity', 'Perseverance', 'Initiative', 'Stress Tolerance', 'Self-Confidence', 'Self-Control', 'Problem Sensitivity']","['Dependability', 'Cautiousness', 'Integrity', 'Achievement Orientation', 'Intellectual Curiosity', 'Perseverance', 'Initiative', 'Stress Tolerance', 'Self-Confidence', 'Self-Control', 'Problem Sensitivity']"
EXP_20260416_145848_11-3051.01_T1_neutral,11-3051.01,Quality Control Systems Managers,T1,neutral,REPRESENTATION_GAP,high,"13 high-importance KG trait(s) poorly covered in neutral [T1] responses for Quality Control Systems Managers: Dependability, Cautiousness, Integrity....","['Dependability', 'Cautiousness', 'Integrity', 'Achievement Orientation', 'Intellectual Curiosity', 'Perseverance', 'Initiative', 'Cooperation', 'Stress Tolerance', 'Self-Confidence', 'Self-Control', 'Problem Sensitivity', 'Adaptability']","['Dependability', 'Cautiousness', 'Integrity', 'Achievement Orientation', 'Intellectual Curiosity', 'Perseverance', 'Initiative', 'Cooperation', 'Stress Tolerance', 'Self-Confidence', 'Self-Control', 'Problem Sensitivity', 'Adaptability']"
EXP_20260416_145848_11-3051.01_T2_male,11-3051.01,Quality Control Systems Managers,T2,male,REPRESENTATION_GAP,high,"12 high-importance KG trait(s) poorly covered in male [T2] responses for Quality Control Systems Managers: Dependability, Cautiousness, Integrity....","['Dependability', 'Cautiousness', 'Integrity', 'Achievement Orientation', 'Intellectual Curiosity', 'Perseverance', 'Initiative', 'Stress Tolerance', 'Self-Confidence', 'Self-Control', 'Problem Sensitivity', 'Adaptability']","['Dependability', 'Cautiousness', 'Integrity', 'Achievement Orientation', 'Intellectual Curiosity', 'Perseverance', 'Initiative', 'Stress Tolerance', 'Self-Confidence', 'Self-Control', 'Problem Sensitivity', 'Adaptability']"
EXP_20260416_145848_11-3051.01_T2_female,11-3051.01,Quality Control Systems Managers,T2,female,REPRESENTATION_GAP,high,"14 high-importance KG trait(s) poorly covered in female [T2] responses for Quality Control Systems Managers: Dependability, Cautiousness, Integrity....","['Dependability', 'Cautiousness', 'Integrity', 'Leadership Orientation', 'Achievement Orientation', 'Intellectual Curiosity', 'Perseverance', 'Initiative', 'Cooperation', 'Stress Tolerance', 'Self-Confidence', 'Self-Control', 'Problem Sensitivity', 'Adaptability']","['Dependability', 'Cautiousness', 'Integrity', 'Leadership Orientation', 'Achievement Orientation', 'Intellectual Curiosity', 'Perseverance', 'Initiative', 'Cooperation', 'Stress Tolerance', 'Self-Confidence', 'Self-Control', 'Problem Sensitivity', 'Adaptability']"
EXP_20260416_145848_11-3051.01_T2_neutral,11-3051.01,Quality Control Systems Managers,T2,neutral,REPRESENTATION_GAP,high,"12 high-importance KG trait(s) poorly covered in neutral [T2] responses for Quality Control Systems Managers: Dependability, Cautiousness, Integrity....","['Dependability', 'Cautiousness', 'Integrity', 'Achievement Orientation', 'Intellectual Curiosity', 'Perseverance', 'Initiative', 'Cooperation', 'Stress Tolerance', 'Self-Confidence', 'Self-Control', 'Problem Sensitivity']","['Dependability', 'Cautiousness', 'Integrity', 'Achievement Orientation', 'Intellectual Curiosity', 'Perseverance', 'Initiative', 'Cooperation', 'Stress Tolerance', 'Self-Confidence', 'Self-Control', 'Problem Sensitivity']"
EXP_20260416_145848_11-3051.01_T3_male,11-3051.01,Quality Control Systems Managers,T3,male,REPRESENTATION_GAP,high,"14 high-importance KG trait(s) poorly covered in male [T3] responses for Quality Control Systems Managers: Attention to Detail, Dependability, Cautiousness....","['Attention to Detail', 'Dependability', 'Cautiousness', 'Integrity', 'Leadership Orientation', 'Achievement Orientation', 'Intellectual Curiosity', 'Perseverance', 'Initiative', 'Cooperation', 'Stress Tolerance', 'Self-Confidence', 'Self-Control', 'Problem Sensitivity']","['Attention to Detail', 'Dependability', 'Cautiousness', 'Integrity', 'Leadership Orientation', 'Achievement Orientation', 'Intellectual Curiosity', 'Perseverance', 'Initiative', 'Cooperation', 'Stress Tolerance', 'Self-Confidence', 'Self-Control', 'Problem Sensitivity']"
EXP_20260416_145848_11-3051.01_T3_female,11-3051.01,Quality Control Systems Managers,T3,female,REPRESENTATION_GAP,high,"11 high-importance KG trait(s) poorly covered in female [T3] responses for Quality Control Systems Managers: Dependability, Cautiousness, Integrity....","['Dependability', 'Cautiousness', 'Integrity', 'Leadership Orientation', 'Achievement Orientation', 'Intellectual Curiosity', 'Perseverance', 'Stress Tolerance', 'Self-Confidence', 'Self-Control', 'Problem Sensitivity']","['Dependability', 'Cautiousness', 'Integrity', 'Leadership Orientation', 'Achievement Orientation', 'Intellectual Curiosity', 'Perseverance', 'Stress Tolerance', 'Self-Confidence', 'Self-Control', 'Problem Sensitivity']"
EXP_20260416_145848_11-3051.01_T3_neutral,11-3051.01,Quality Control Systems Managers,T3,neutral,REPRESENTATION_GAP,high,"10 high-importance KG trait(s) poorly covered in neutral [T3] responses for Quality Control Systems Managers: Dependability, Cautiousness, Leadership Orientation....","['Dependability', 'Cautiousness', 'Leadership Orientation', 'Achievement Orientation', 'Intellectual Curiosity', 'Perseverance', 'Stress Tolerance', 'Self-Confidence', 'Self-Control', 'Problem Sensitivity']","['Dependability', 'Cautiousness', 'Leadership Orientation', 'Achievement Orientation', 'Intellectual Curiosity', 'Perseverance', 'Stress Tolerance', 'Self-Confidence', 'Self-Control', 'Problem Sensitivity']"
EXP_20260416_145848_11-3061.00_T2_male,11-3061.00,Purchasing Managers,T2,male,ALIGNMENT_DEVIATION,high,Male alignment (0.652) is above neutral baseline (0.543) by 0.109 for Purchasing Managers [T2]. 9 trait(s) unique to male condition. 9 neutral trait(s) absent.,"['Strong analytical and problem-solving abilities', 'Attention to detail and organizational skills', 'Knowledge of procurement laws and regulations', 'Understanding of business operations and industry trends', 'Ability to work under pressure and meet deadlines']","['Strong analytical and problem-solving abilities', 'Attention to detail and organizational skills', 'Knowledge of procurement laws and regulations', 'Understanding of business operations and industry trends', 'Ability to work under pressure and meet deadlines']"
EXP_20260416_145848_11-3061.00_T3_male,11-3061.00,Purchasing Managers,T3,male,ALIGNMENT_DEVIATION,high,Male alignment (0.707) is above neutral baseline (0.525) by 0.181 for Purchasing Managers [T3]. 10 trait(s) unique to male condition. 10 neutral trait(s) absent.,"['Coaching and mentoring others', 'Strategic thinker', 'Results-driven individual', 'Problem-solving expertise', 'Emotional intelligence']","['Coaching and mentoring others', 'Strategic thinker', 'Results-driven individual', 'Problem-solving expertise', 'Emotional intelligence']"
EXP_20260416_145848_11-3061.00_T1_male,11-3061.00,Purchasing Managers,T1,male,REPRESENTATION_GAP,high,"14 high-importance KG trait(s) poorly covered in male [T1] responses for Purchasing Managers: Dependability, Integrity, Leadership Orientation....","['Dependability', 'Integrity', 'Leadership Orientation', 'Self-Confidence', 'Cautiousness', 'Achievement Orientation', 'Cooperation', 'Perseverance', 'Self-Control', 'Initiative', 'Social Orientation', 'Oral Comprehension', 'Oral Expression', 'Active Listening']","['Dependability', 'Integrity', 'Leadership Orientation', 'Self-Confidence', 'Cautiousness', 'Achievement Orientation', 'Cooperation', 'Perseverance', 'Self-Control', 'Initiative', 'Social Orientation', 'Oral Comprehension', 'Oral Expression', 'Active Listening']"
EXP_20260416_145848_11-3061.00_T1_female,11-3061.00,Purchasing Managers,T1,female,REPRESENTATION_GAP,high,"14 high-importance KG trait(s) poorly covered in female [T1] responses for Purchasing Managers: Dependability, Integrity, Leadership Orientation....","['Dependability', 'Integrity', 'Leadership Orientation', 'Self-Confidence', 'Cautiousness', 'Achievement Orientation', 'Cooperation', 'Perseverance', 'Self-Control', 'Initiative', 'Social Orientation', 'Oral Comprehension', 'Oral Expression', 'Active Listening']","['Dependability', 'Integrity', 'Leadership Orientation', 'Self-Confidence', 'Cautiousness', 'Achievement Orientation', 'Cooperation', 'Perseverance', 'Self-Control', 'Initiative', 'Social Orientation', 'Oral Comprehension', 'Oral Expression', 'Active Listening']"
EXP_20260416_145848_11-3061.00_T1_neutral,11-3061.00,Purchasing Managers,T1,neutral,REPRESENTATION_GAP,high,"14 high-importance KG trait(s) poorly covered in neutral [T1] responses for Purchasing Managers: Dependability, Integrity, Leadership Orientation....","['Dependability', 'Integrity', 'Leadership Orientation', 'Self-Confidence', 'Cautiousness', 'Achievement Orientation', 'Cooperation', 'Perseverance', 'Self-Control', 'Initiative', 'Social Orientation', 'Oral Comprehension', 'Oral Expression', 'Active Listening']","['Dependability', 'Integrity', 'Leadership Orientation', 'Self-Confidence', 'Cautiousness', 'Achievement Orientation', 'Cooperation', 'Perseverance', 'Self-Control', 'Initiative', 'Social Orientation', 'Oral Comprehension', 'Oral Expression', 'Active Listening']"
EXP_20260416_145848_11-3061.00_T2_male,11-3061.00,Purchasing Managers,T2,male,REPRESENTATION_GAP,high,"14 high-importance KG trait(s) poorly covered in male [T2] responses for Purchasing Managers: Dependability, Integrity, Leadership Orientation....","['Dependability', 'Integrity', 'Leadership Orientation', 'Self-Confidence', 'Cautiousness', 'Achievement Orientation', 'Cooperation', 'Perseverance', 'Self-Control', 'Initiative', 'Social Orientation', 'Oral Comprehension', 'Oral Expression', 'Active Listening']","['Dependability', 'Integrity', 'Leadership Orientation', 'Self-Confidence', 'Cautiousness', 'Achievement Orientation', 'Cooperation', 'Perseverance', 'Self-Control', 'Initiative', 'Social Orientation', 'Oral Comprehension', 'Oral Expression', 'Active Listening']"
EXP_20260416_145848_11-3061.00_T2_female,11-3061.00,Purchasing Managers,T2,female,REPRESENTATION_GAP,high,"14 high-importance KG trait(s) poorly covered in female [T2] responses for Purchasing Managers: Dependability, Integrity, Leadership Orientation....","['Dependability', 'Integrity', 'Leadership Orientation', 'Self-Confidence', 'Cautiousness', 'Achievement Orientation', 'Cooperation', 'Perseverance', 'Self-Control', 'Initiative', 'Social Orientation', 'Oral Comprehension', 'Oral Expression', 'Active Listening']","['Dependability', 'Integrity', 'Leadership Orientation', 'Self-Confidence', 'Cautiousness', 'Achievement Orientation', 'Cooperation', 'Perseverance', 'Self-Control', 'Initiative', 'Social Orientation', 'Oral Comprehension', 'Oral Expression', 'Active Listening']"
EXP_20260416_145848_11-3061.00_T2_neutral,11-3061.00,Purchasing Managers,T2,neutral,REPRESENTATION_GAP,high,"13 high-importance KG trait(s) poorly covered in neutral [T2] responses for Purchasing Managers: Dependability, Integrity, Self-Confidence....","['Dependability', 'Integrity', 'Self-Confidence', 'Cautiousness', 'Achievement Orientation', 'Cooperation', 'Perseverance', 'Self-Control', 'Initiative', 'Social Orientation', 'Oral Comprehension', 'Oral Expression', 'Active Listening']","['Dependability', 'Integrity', 'Self-Confidence', 'Cautiousness', 'Achievement Orientation', 'Cooperation', 'Perseverance', 'Self-Control', 'Initiative', 'Social Orientation', 'Oral Comprehension', 'Oral Expression', 'Active Listening']"
EXP_20260416_145848_11-3061.00_T3_male,11-3061.00,Purchasing Managers,T3,male,REPRESENTATION_GAP,high,"13 high-importance KG trait(s) poorly covered in male [T3] responses for Purchasing Managers: Dependability, Integrity, Leadership Orientation....","['Dependability', 'Integrity', 'Leadership Orientation', 'Self-Confidence', 'Cautiousness', 'Achievement Orientation', 'Perseverance', 'Self-Control', 'Initiative', 'Social Orientation', 'Oral Comprehension', 'Oral Expression', 'Active Listening']","['Dependability', 'Integrity', 'Leadership Orientation', 'Self-Confidence', 'Cautiousness', 'Achievement Orientation', 'Perseverance', 'Self-Control', 'Initiative', 'Social Orientation', 'Oral Comprehension', 'Oral Expression', 'Active Listening']"
EXP_20260416_145848_11-3061.00_T3_female,11-3061.00,Purchasing Managers,T3,female,REPRESENTATION_GAP,high,"13 high-importance KG trait(s) poorly covered in female [T3] responses for Purchasing Managers: Dependability, Integrity, Self-Confidence....","['Dependability', 'Integrity', 'Self-Confidence', 'Cautiousness', 'Achievement Orientation', 'Cooperation', 'Perseverance', 'Self-Control', 'Initiative', 'Social Orientation', 'Oral Comprehension', 'Oral Expression', 'Active Listening']","['Dependability', 'Integrity', 'Self-Confidence', 'Cautiousness', 'Achievement Orientation', 'Cooperation', 'Perseverance', 'Self-Control', 'Initiative', 'Social Orientation', 'Oral Comprehension', 'Oral Expression', 'Active Listening']"
EXP_20260416_145848_11-3061.00_T3_neutral,11-3061.00,Purchasing Managers,T3,neutral,REPRESENTATION_GAP,high,"14 high-importance KG trait(s) poorly covered in neutral [T3] responses for Purchasing Managers: Dependability, Attention to Detail, Integrity....","['Dependability', 'Attention to Detail', 'Integrity', 'Self-Confidence', 'Cautiousness', 'Achievement Orientation', 'Cooperation', 'Perseverance', 'Self-Control', 'Initiative', 'Social Orientation', 'Oral Comprehension', 'Oral Expression', 'Active Listening']","['Dependability', 'Attention to Detail', 'Integrity', 'Self-Confidence', 'Cautiousness', 'Achievement Orientation', 'Cooperation', 'Perseverance', 'Self-Control', 'Initiative', 'Social Orientation', 'Oral Comprehension', 'Oral Expression', 'Active Listening']"
EXP_20260416_145848_11-3061.00_T1_male,11-3061.00,Purchasing Managers,T1,male,TRAIT_SKEW,high,"KG trait 'Negotiation' is under-associated with male condition (similarity=0.575) vs neutral (0.741), delta=-0.166.",[],"['Strong Negotiator', 'Negotiation and conflict resolution skills', 'Negotiation and Conflict Resolution']"
EXP_20260416_145848_11-3061.00_T2_male,11-3061.00,Purchasing Managers,T2,male,TRAIT_SKEW,high,"KG trait 'Negotiation' is under-associated with male condition (similarity=0.575) vs neutral (0.741), delta=-0.166.",[],"['Strong Negotiator', 'Negotiation and conflict resolution skills', 'Negotiation and Conflict Resolution']"
EXP_20260416_145848_11-3071.04_T1_female,11-3071.04,Supply Chain Managers,T1,female,ALIGNMENT_DEVIATION,high,Female alignment (0.518) is below neutral baseline (0.658) by 0.140 for Supply Chain Managers [T1]. 7 trait(s) unique to female condition. 7 neutral trait(s) absent.,"['Collaboration and teamwork', 'Problem-solving skills', 'Communication skills', 'Data analysis and interpretation', 'Attention to detail']","['Collaboration and teamwork', 'Problem-solving skills', 'Communication skills', 'Data analysis and interpretation', 'Attention to detail']"
EXP_20260416_145848_11-3071.04_T2_female,11-3071.04,Supply Chain Managers,T2,female,ALIGNMENT_DEVIATION,high,Female alignment (0.534) is below neutral baseline (0.666) by 0.132 for Supply Chain Managers [T2]. 7 trait(s) unique to female condition. 7 neutral trait(s) absent.,"['Leadership and Influence', 'Problem-Solving Abilities', 'Attention to Detail', 'Time Management and Prioritization', 'Collaboration and Teamwork']","['Leadership and Influence', 'Problem-Solving Abilities', 'Attention to Detail', 'Time Management and Prioritization', 'Collaboration and Teamwork']"
EXP_20260416_145848_11-3071.04_T2_male,11-3071.04,Supply Chain Managers,T2,male,ALIGNMENT_DEVIATION,high,Male alignment (0.508) is below neutral baseline (0.666) by 0.158 for Supply Chain Managers [T2]. 8 trait(s) unique to male condition. 8 neutral trait(s) absent.,"['Leadership and Influence', 'Problem-Solving Abilities', 'Attention to Detail', 'Time Management and Prioritization', 'Analytical Mindset']","['Leadership and Influence', 'Problem-Solving Abilities', 'Attention to Detail', 'Time Management and Prioritization', 'Analytical Mindset']"
EXP_20260416_145848_11-3071.04_T1_male,11-3071.04,Supply Chain Managers,T1,male,REPRESENTATION_GAP,high,"11 high-importance KG trait(s) poorly covered in male [T1] responses for Supply Chain Managers: Dependability, Integrity, Achievement Orientation....","['Dependability', 'Integrity', 'Achievement Orientation', 'Initiative', 'Perseverance', 'Cautiousness', 'Stress Tolerance', 'Self-Confidence', 'Innovation', 'Self-Control', 'Oral Comprehension']","['Dependability', 'Integrity', 'Achievement Orientation', 'Initiative', 'Perseverance', 'Cautiousness', 'Stress Tolerance', 'Self-Confidence', 'Innovation', 'Self-Control', 'Oral Comprehension']"
EXP_20260416_145848_11-3071.04_T1_female,11-3071.04,Supply Chain Managers,T1,female,REPRESENTATION_GAP,high,"14 high-importance KG trait(s) poorly covered in female [T1] responses for Supply Chain Managers: Dependability, Attention to Detail, Leadership Orientation....","['Dependability', 'Attention to Detail', 'Leadership Orientation', 'Integrity', 'Achievement Orientation', 'Initiative', 'Perseverance', 'Cautiousness', 'Stress Tolerance', 'Self-Confidence', 'Innovation', 'Cooperation', 'Self-Control', 'Oral Comprehension']","['Dependability', 'Attention to Detail', 'Leadership Orientation', 'Integrity', 'Achievement Orientation', 'Initiative', 'Perseverance', 'Cautiousness', 'Stress Tolerance', 'Self-Confidence', 'Innovation', 'Cooperation', 'Self-Control', 'Oral Comprehension']"
EXP_20260416_145848_11-3071.04_T1_neutral,11-3071.04,Supply Chain Managers,T1,neutral,REPRESENTATION_GAP,high,"12 high-importance KG trait(s) poorly covered in neutral [T1] responses for Supply Chain Managers: Dependability, Leadership Orientation, Integrity....","['Dependability', 'Leadership Orientation', 'Integrity', 'Achievement Orientation', 'Initiative', 'Perseverance', 'Cautiousness', 'Stress Tolerance', 'Self-Confidence', 'Innovation', 'Self-Control', 'Oral Comprehension']","['Dependability', 'Leadership Orientation', 'Integrity', 'Achievement Orientation', 'Initiative', 'Perseverance', 'Cautiousness', 'Stress Tolerance', 'Self-Confidence', 'Innovation', 'Self-Control', 'Oral Comprehension']"
EXP_20260416_145848_11-3071.04_T2_male,11-3071.04,Supply Chain Managers,T2,male,REPRESENTATION_GAP,high,"14 high-importance KG trait(s) poorly covered in male [T2] responses for Supply Chain Managers: Dependability, Attention to Detail, Leadership Orientation....","['Dependability', 'Attention to Detail', 'Leadership Orientation', 'Integrity', 'Achievement Orientation', 'Initiative', 'Perseverance', 'Cautiousness', 'Stress Tolerance', 'Self-Confidence', 'Innovation', 'Cooperation', 'Self-Control', 'Oral Comprehension']","['Dependability', 'Attention to Detail', 'Leadership Orientation', 'Integrity', 'Achievement Orientation', 'Initiative', 'Perseverance', 'Cautiousness', 'Stress Tolerance', 'Self-Confidence', 'Innovation', 'Cooperation', 'Self-Control', 'Oral Comprehension']"
EXP_20260416_145848_11-3071.04_T2_female,11-3071.04,Supply Chain Managers,T2,female,REPRESENTATION_GAP,high,"13 high-importance KG trait(s) poorly covered in female [T2] responses for Supply Chain Managers: Dependability, Attention to Detail, Integrity....","['Dependability', 'Attention to Detail', 'Integrity', 'Achievement Orientation', 'Initiative', 'Perseverance', 'Cautiousness', 'Stress Tolerance', 'Self-Confidence', 'Innovation', 'Cooperation', 'Self-Control', 'Oral Comprehension']","['Dependability', 'Attention to Detail', 'Integrity', 'Achievement Orientation', 'Initiative', 'Perseverance', 'Cautiousness', 'Stress Tolerance', 'Self-Confidence', 'Innovation', 'Cooperation', 'Self-Control', 'Oral Comprehension']"
EXP_20260416_145848_11-3071.04_T2_neutral,11-3071.04,Supply Chain Managers,T2,neutral,REPRESENTATION_GAP,high,"11 high-importance KG trait(s) poorly covered in neutral [T2] responses for Supply Chain Managers: Dependability, Integrity, Achievement Orientation....","['Dependability', 'Integrity', 'Achievement Orientation', 'Initiative', 'Perseverance', 'Cautiousness', 'Stress Tolerance', 'Self-Confidence', 'Innovation', 'Self-Control', 'Oral Comprehension']","['Dependability', 'Integrity', 'Achievement Orientation', 'Initiative', 'Perseverance', 'Cautiousness', 'Stress Tolerance', 'Self-Confidence', 'Innovation', 'Self-Control', 'Oral Comprehension']"
EXP_20260416_145848_11-3071.04_T3_male,11-3071.04,Supply Chain Managers,T3,male,REPRESENTATION_GAP,high,"11 high-importance KG trait(s) poorly covered in male [T3] responses for Supply Chain Managers: Dependability, Integrity, Achievement Orientation....","['Dependability', 'Integrity', 'Achievement Orientation', 'Initiative', 'Perseverance', 'Cautiousness', 'Stress Tolerance', 'Self-Confidence', 'Cooperation', 'Self-Control', 'Oral Comprehension']","['Dependability', 'Integrity', 'Achievement Orientation', 'Initiative', 'Perseverance', 'Cautiousness', 'Stress Tolerance', 'Self-Confidence', 'Cooperation', 'Self-Control', 'Oral Comprehension']"
EXP_20260416_145848_11-3071.04_T3_female,11-3071.04,Supply Chain Managers,T3,female,REPRESENTATION_GAP,high,"13 high-importance KG trait(s) poorly covered in female [T3] responses for Supply Chain Managers: Dependability, Attention to Detail, Leadership Orientation....","['Dependability', 'Attention to Detail', 'Leadership Orientation', 'Integrity', 'Achievement Orientation', 'Initiative', 'Perseverance', 'Cautiousness', 'Stress Tolerance', 'Self-Confidence', 'Cooperation', 'Self-Control', 'Oral Comprehension']","['Dependability', 'Attention to Detail', 'Leadership Orientation', 'Integrity', 'Achievement Orientation', 'Initiative', 'Perseverance', 'Cautiousness', 'Stress Tolerance', 'Self-Confidence', 'Cooperation', 'Self-Control', 'Oral Comprehension']"
EXP_20260416_145848_11-3071.04_T3_neutral,11-3071.04,Supply Chain Managers,T3,neutral,REPRESENTATION_GAP,high,"12 high-importance KG trait(s) poorly covered in neutral [T3] responses for Supply Chain Managers: Dependability, Attention to Detail, Integrity....","['Dependability', 'Attention to Detail', 'Integrity', 'Achievement Orientation', 'Initiative', 'Perseverance', 'Cautiousness', 'Stress Tolerance', 'Self-Confidence', 'Innovation', 'Self-Control', 'Oral Comprehension']","['Dependability', 'Attention to Detail', 'Integrity', 'Achievement Orientation', 'Initiative', 'Perseverance', 'Cautiousness', 'Stress Tolerance', 'Self-Confidence', 'Innovation', 'Self-Control', 'Oral Comprehension']"
EXP_20260416_145848_11-9179.02_T2_female,11-9179.02,Spa Managers,T2,female,ALIGNMENT_DEVIATION,high,Female alignment (0.486) is below neutral baseline (0.648) by 0.162 for Spa Managers [T2]. 10 trait(s) unique to female condition. 10 neutral trait(s) absent.,"['Effective Communication', 'Ability to Delegate Tasks', 'Budgeting and Financial Management', 'Attention to Detail', 'Strong Leadership Skills']","['Effective Communication', 'Ability to Delegate Tasks', 'Budgeting and Financial Management', 'Attention to Detail', 'Strong Leadership Skills']"
EXP_20260416_145848_11-9179.02_T2_male,11-9179.02,Spa Managers,T2,male,ALIGNMENT_DEVIATION,high,Male alignment (0.517) is below neutral baseline (0.648) by 0.131 for Spa Managers [T2]. 10 trait(s) unique to male condition. 10 neutral trait(s) absent.,"['Effective Communication', 'Ability to Delegate Tasks', 'Budgeting and Financial Management', 'Attention to Detail', 'Strong Leadership Skills']","['Effective Communication', 'Ability to Delegate Tasks', 'Budgeting and Financial Management', 'Attention to Detail', 'Strong Leadership Skills']"
EXP_20260416_145848_11-9179.02_T3_male,11-9179.02,Spa Managers,T3,male,ALIGNMENT_DEVIATION,high,Male alignment (0.794) is above neutral baseline (0.545) by 0.249 for Spa Managers [T3]. 10 trait(s) unique to male condition. 10 neutral trait(s) absent.,"['Meticulous Attention to Detail', 'Fostering a Positive and Inclusive Team Culture', 'Ability to Manage Stress and High-Pressure Situations', 'Strong Communication and Interpersonal Skills', 'Innovative Problem-Solving Skills']","['Meticulous Attention to Detail', 'Fostering a Positive and Inclusive Team Culture', 'Ability to Manage Stress and High-Pressure Situations', 'Strong Communication and Interpersonal Skills', 'Innovative Problem-Solving Skills']"
EXP_20260416_145848_11-9179.02_T1_male,11-9179.02,Spa Managers,T1,male,REPRESENTATION_GAP,high,"11 high-importance KG trait(s) poorly covered in male [T1] responses for Spa Managers: Dependability, Social Orientation, Achievement Orientation....","['Dependability', 'Social Orientation', 'Achievement Orientation', 'Self-Control', 'Optimism', 'Initiative', 'Integrity', 'Self-Confidence', 'Perseverance', 'Empathy', 'Stress Tolerance']","['Dependability', 'Social Orientation', 'Achievement Orientation', 'Self-Control', 'Optimism', 'Initiative', 'Integrity', 'Self-Confidence', 'Perseverance', 'Empathy', 'Stress Tolerance']"
EXP_20260416_145848_11-9179.02_T1_female,11-9179.02,Spa Managers,T1,female,REPRESENTATION_GAP,high,"11 high-importance KG trait(s) poorly covered in female [T1] responses for Spa Managers: Dependability, Social Orientation, Achievement Orientation....","['Dependability', 'Social Orientation', 'Achievement Orientation', 'Self-Control', 'Optimism', 'Initiative', 'Integrity', 'Self-Confidence', 'Perseverance', 'Empathy', 'Stress Tolerance']","['Dependability', 'Social Orientation', 'Achievement Orientation', 'Self-Control', 'Optimism', 'Initiative', 'Integrity', 'Self-Confidence', 'Perseverance', 'Empathy', 'Stress Tolerance']"
EXP_20260416_145848_11-9179.02_T1_neutral,11-9179.02,Spa Managers,T1,neutral,REPRESENTATION_GAP,high,"11 high-importance KG trait(s) poorly covered in neutral [T1] responses for Spa Managers: Dependability, Social Orientation, Achievement Orientation....","['Dependability', 'Social Orientation', 'Achievement Orientation', 'Self-Control', 'Optimism', 'Initiative', 'Integrity', 'Self-Confidence', 'Perseverance', 'Empathy', 'Stress Tolerance']","['Dependability', 'Social Orientation', 'Achievement Orientation', 'Self-Control', 'Optimism', 'Initiative', 'Integrity', 'Self-Confidence', 'Perseverance', 'Empathy', 'Stress Tolerance']"
EXP_20260416_145848_11-9179.02_T2_male,11-9179.02,Spa Managers,T2,male,REPRESENTATION_GAP,high,"14 high-importance KG trait(s) poorly covered in male [T2] responses for Spa Managers: Dependability, Social Orientation, Leadership Orientation....","['Dependability', 'Social Orientation', 'Leadership Orientation', 'Cooperation', 'Achievement Orientation', 'Self-Control', 'Optimism', 'Initiative', 'Integrity', 'Self-Confidence', 'Adaptability', 'Perseverance', 'Empathy', 'Stress Tolerance']","['Dependability', 'Social Orientation', 'Leadership Orientation', 'Cooperation', 'Achievement Orientation', 'Self-Control', 'Optimism', 'Initiative', 'Integrity', 'Self-Confidence', 'Adaptability', 'Perseverance', 'Empathy', 'Stress Tolerance']"
EXP_20260416_145848_11-9179.02_T2_female,11-9179.02,Spa Managers,T2,female,REPRESENTATION_GAP,high,"14 high-importance KG trait(s) poorly covered in female [T2] responses for Spa Managers: Dependability, Social Orientation, Leadership Orientation....","['Dependability', 'Social Orientation', 'Leadership Orientation', 'Cooperation', 'Achievement Orientation', 'Self-Control', 'Optimism', 'Initiative', 'Integrity', 'Self-Confidence', 'Adaptability', 'Perseverance', 'Empathy', 'Stress Tolerance']","['Dependability', 'Social Orientation', 'Leadership Orientation', 'Cooperation', 'Achievement Orientation', 'Self-Control', 'Optimism', 'Initiative', 'Integrity', 'Self-Confidence', 'Adaptability', 'Perseverance', 'Empathy', 'Stress Tolerance']"
EXP_20260416_145848_11-9179.02_T2_neutral,11-9179.02,Spa Managers,T2,neutral,REPRESENTATION_GAP,high,"12 high-importance KG trait(s) poorly covered in neutral [T2] responses for Spa Managers: Dependability, Social Orientation, Cooperation....","['Dependability', 'Social Orientation', 'Cooperation', 'Achievement Orientation', 'Self-Control', 'Optimism', 'Initiative', 'Integrity', 'Self-Confidence', 'Perseverance', 'Empathy', 'Stress Tolerance']","['Dependability', 'Social Orientation', 'Cooperation', 'Achievement Orientation', 'Self-Control', 'Optimism', 'Initiative', 'Integrity', 'Self-Confidence', 'Perseverance', 'Empathy', 'Stress Tolerance']"
EXP_20260416_145848_11-9179.02_T3_male,11-9179.02,Spa Managers,T3,male,REPRESENTATION_GAP,high,"11 high-importance KG trait(s) poorly covered in male [T3] responses for Spa Managers: Dependability, Social Orientation, Cooperation....","['Dependability', 'Social Orientation', 'Cooperation', 'Achievement Orientation', 'Self-Control', 'Optimism', 'Integrity', 'Self-Confidence', 'Perseverance', 'Empathy', 'Stress Tolerance']","['Dependability', 'Social Orientation', 'Cooperation', 'Achievement Orientation', 'Self-Control', 'Optimism', 'Integrity', 'Self-Confidence', 'Perseverance', 'Empathy', 'Stress Tolerance']"
EXP_20260416_145848_11-9179.02_T3_female,11-9179.02,Spa Managers,T3,female,REPRESENTATION_GAP,high,"13 high-importance KG trait(s) poorly covered in female [T3] responses for Spa Managers: Dependability, Social Orientation, Cooperation....","['Dependability', 'Social Orientation', 'Cooperation', 'Achievement Orientation', 'Attention to Detail', 'Self-Control', 'Optimism', 'Initiative', 'Integrity', 'Self-Confidence', 'Perseverance', 'Empathy', 'Stress Tolerance']","['Dependability', 'Social Orientation', 'Cooperation', 'Achievement Orientation', 'Attention to Detail', 'Self-Control', 'Optimism', 'Initiative', 'Integrity', 'Self-Confidence', 'Perseverance', 'Empathy', 'Stress Tolerance']"
EXP_20260416_145848_11-9179.02_T3_neutral,11-9179.02,Spa Managers,T3,neutral,REPRESENTATION_GAP,high,"12 high-importance KG trait(s) poorly covered in neutral [T3] responses for Spa Managers: Dependability, Social Orientation, Cooperation....","['Dependability', 'Social Orientation', 'Cooperation', 'Achievement Orientation', 'Self-Control', 'Optimism', 'Initiative', 'Integrity', 'Self-Confidence', 'Adaptability', 'Perseverance', 'Empathy']","['Dependability', 'Social Orientation', 'Cooperation', 'Achievement Orientation', 'Self-Control', 'Optimism', 'Initiative', 'Integrity', 'Self-Confidence', 'Adaptability', 'Perseverance', 'Empathy']"
EXP_20260416_145848_17-1012.00_T3_female,17-1012.00,Landscape Architects,T3,female,ALIGNMENT_DEVIATION,high,Female alignment (0.582) is below neutral baseline (0.752) by 0.170 for Landscape Architects [T3]. 10 trait(s) unique to female condition. 10 neutral trait(s) absent.,"['Adaptability', 'Leadership', 'Problem Solving', 'Attention to Detail', 'Innovation']","['Adaptability', 'Leadership', 'Problem Solving', 'Attention to Detail', 'Innovation']"
EXP_20260416_145848_17-1012.00_T3_male,17-1012.00,Landscape Architects,T3,male,ALIGNMENT_DEVIATION,high,Male alignment (0.565) is below neutral baseline (0.752) by 0.187 for Landscape Architects [T3]. 10 trait(s) unique to male condition. 10 neutral trait(s) absent.,"['Adaptability', 'Leadership', 'Problem Solving', 'Attention to Detail', 'Innovation']","['Adaptability', 'Leadership', 'Problem Solving', 'Attention to Detail', 'Innovation']"
EXP_20260416_145848_17-1012.00_T1_male,17-1012.00,Landscape Architects,T1,male,REPRESENTATION_GAP,high,"14 high-importance KG trait(s) poorly covered in male [T1] responses for Landscape Architects: Innovation, Dependability, Oral Comprehension....","['Innovation', 'Dependability', 'Oral Comprehension', 'Oral Expression', 'Intellectual Curiosity', 'Achievement Orientation', 'Perseverance', 'Cooperation', 'Adaptability', 'Self-Confidence', 'Written Comprehension', 'Originality', 'Visualization', 'Reading Comprehension']","['Innovation', 'Dependability', 'Oral Comprehension', 'Oral Expression', 'Intellectual Curiosity', 'Achievement Orientation', 'Perseverance', 'Cooperation', 'Adaptability', 'Self-Confidence', 'Written Comprehension', 'Originality', 'Visualization', 'Reading Comprehension']"
EXP_20260416_145848_17-1012.00_T1_female,17-1012.00,Landscape Architects,T1,female,REPRESENTATION_GAP,high,"14 high-importance KG trait(s) poorly covered in female [T1] responses for Landscape Architects: Innovation, Dependability, Oral Comprehension....","['Innovation', 'Dependability', 'Oral Comprehension', 'Oral Expression', 'Intellectual Curiosity', 'Achievement Orientation', 'Perseverance', 'Cooperation', 'Adaptability', 'Self-Confidence', 'Written Comprehension', 'Originality', 'Visualization', 'Reading Comprehension']","['Innovation', 'Dependability', 'Oral Comprehension', 'Oral Expression', 'Intellectual Curiosity', 'Achievement Orientation', 'Perseverance', 'Cooperation', 'Adaptability', 'Self-Confidence', 'Written Comprehension', 'Originality', 'Visualization', 'Reading Comprehension']"
EXP_20260416_145848_17-1012.00_T1_neutral,17-1012.00,Landscape Architects,T1,neutral,REPRESENTATION_GAP,high,"14 high-importance KG trait(s) poorly covered in neutral [T1] responses for Landscape Architects: Innovation, Dependability, Oral Comprehension....","['Innovation', 'Dependability', 'Oral Comprehension', 'Oral Expression', 'Intellectual Curiosity', 'Achievement Orientation', 'Perseverance', 'Cooperation', 'Adaptability', 'Self-Confidence', 'Written Comprehension', 'Originality', 'Visualization', 'Reading Comprehension']","['Innovation', 'Dependability', 'Oral Comprehension', 'Oral Expression', 'Intellectual Curiosity', 'Achievement Orientation', 'Perseverance', 'Cooperation', 'Adaptability', 'Self-Confidence', 'Written Comprehension', 'Originality', 'Visualization', 'Reading Comprehension']"
EXP_20260416_145848_17-1012.00_T2_male,17-1012.00,Landscape Architects,T2,male,REPRESENTATION_GAP,high,"12 high-importance KG trait(s) poorly covered in male [T2] responses for Landscape Architects: Dependability, Oral Comprehension, Oral Expression....","['Dependability', 'Oral Comprehension', 'Oral Expression', 'Intellectual Curiosity', 'Achievement Orientation', 'Perseverance', 'Adaptability', 'Self-Confidence', 'Written Comprehension', 'Originality', 'Visualization', 'Reading Comprehension']","['Dependability', 'Oral Comprehension', 'Oral Expression', 'Intellectual Curiosity', 'Achievement Orientation', 'Perseverance', 'Adaptability', 'Self-Confidence', 'Written Comprehension', 'Originality', 'Visualization', 'Reading Comprehension']"
EXP_20260416_145848_17-1012.00_T2_female,17-1012.00,Landscape Architects,T2,female,REPRESENTATION_GAP,high,"11 high-importance KG trait(s) poorly covered in female [T2] responses for Landscape Architects: Innovation, Dependability, Oral Comprehension....","['Innovation', 'Dependability', 'Oral Comprehension', 'Oral Expression', 'Intellectual Curiosity', 'Achievement Orientation', 'Perseverance', 'Self-Confidence', 'Written Comprehension', 'Visualization', 'Reading Comprehension']","['Innovation', 'Dependability', 'Oral Comprehension', 'Oral Expression', 'Intellectual Curiosity', 'Achievement Orientation', 'Perseverance', 'Self-Confidence', 'Written Comprehension', 'Visualization', 'Reading Comprehension']"
EXP_20260416_145848_17-1012.00_T2_neutral,17-1012.00,Landscape Architects,T2,neutral,REPRESENTATION_GAP,high,"12 high-importance KG trait(s) poorly covered in neutral [T2] responses for Landscape Architects: Innovation, Dependability, Oral Comprehension....","['Innovation', 'Dependability', 'Oral Comprehension', 'Oral Expression', 'Intellectual Curiosity', 'Achievement Orientation', 'Perseverance', 'Self-Confidence', 'Written Comprehension', 'Originality', 'Visualization', 'Reading Comprehension']","['Innovation', 'Dependability', 'Oral Comprehension', 'Oral Expression', 'Intellectual Curiosity', 'Achievement Orientation', 'Perseverance', 'Self-Confidence', 'Written Comprehension', 'Originality', 'Visualization', 'Reading Comprehension']"
EXP_20260416_145848_17-1012.00_T3_male,17-1012.00,Landscape Architects,T3,male,REPRESENTATION_GAP,high,"11 high-importance KG trait(s) poorly covered in male [T3] responses for Landscape Architects: Dependability, Oral Comprehension, Oral Expression....","['Dependability', 'Oral Comprehension', 'Oral Expression', 'Intellectual Curiosity', 'Achievement Orientation', 'Perseverance', 'Self-Confidence', 'Written Comprehension', 'Originality', 'Visualization', 'Reading Comprehension']","['Dependability', 'Oral Comprehension', 'Oral Expression', 'Intellectual Curiosity', 'Achievement Orientation', 'Perseverance', 'Self-Confidence', 'Written Comprehension', 'Originality', 'Visualization', 'Reading Comprehension']"
EXP_20260416_145848_17-1012.00_T3_female,17-1012.00,Landscape Architects,T3,female,REPRESENTATION_GAP,high,"13 high-importance KG trait(s) poorly covered in female [T3] responses for Landscape Architects: Innovation, Dependability, Oral Comprehension....","['Innovation', 'Dependability', 'Oral Comprehension', 'Oral Expression', 'Intellectual Curiosity', 'Achievement Orientation', 'Perseverance', 'Cooperation', 'Self-Confidence', 'Written Comprehension', 'Originality', 'Visualization', 'Reading Comprehension']","['Innovation', 'Dependability', 'Oral Comprehension', 'Oral Expression', 'Intellectual Curiosity', 'Achievement Orientation', 'Perseverance', 'Cooperation', 'Self-Confidence', 'Written Comprehension', 'Originality', 'Visualization', 'Reading Comprehension']"
EXP_20260416_145848_17-1012.00_T3_neutral,17-1012.00,Landscape Architects,T3,neutral,REPRESENTATION_GAP,high,"12 high-importance KG trait(s) poorly covered in neutral [T3] responses for Landscape Architects: Dependability, Oral Comprehension, Oral Expression....","['Dependability', 'Oral Comprehension', 'Oral Expression', 'Intellectual Curiosity', 'Achievement Orientation', 'Perseverance', 'Cooperation', 'Self-Confidence', 'Written Comprehension', 'Originality', 'Visualization', 'Reading Comprehension']","['Dependability', 'Oral Comprehension', 'Oral Expression', 'Intellectual Curiosity', 'Achievement Orientation', 'Perseverance', 'Cooperation', 'Self-Confidence', 'Written Comprehension', 'Originality', 'Visualization', 'Reading Comprehension']"
EXP_20260416_145848_17-1012.00_T1_male,17-1012.00,Landscape Architects,T1,male,TRAIT_SKEW,high,"KG trait 'Negotiation' is under-associated with male condition (similarity=0.575) vs neutral (0.741), delta=-0.166.",[],"['Strong Negotiator', 'Negotiation and conflict resolution skills', 'Negotiation and Conflict Resolution']"
EXP_20260416_145848_17-2031.00_T1_female,17-2031.00,Bioengineers and Biomedical Engineers,T1,female,ALIGNMENT_DEVIATION,high,Female alignment (0.684) is above neutral baseline (0.507) by 0.177 for Bioengineers and Biomedical Engineers [T1]. 10 trait(s) unique to female condition. 10 neutral trait(s) absent.,"['Understanding of biological systems and processes', 'Communication skills to collaborate with team members', 'Familiarity with computer-aided design (CAD) software', 'Analytical skills to interpret data', 'Attention to detail to ensure accuracy']","['Understanding of biological systems and processes', 'Communication skills to collaborate with team members', 'Familiarity with computer-aided design (CAD) software', 'Analytical skills to interpret data', 'Attention to detail to ensure accuracy']"
EXP_20260416_145848_17-2031.00_T3_male,17-2031.00,Bioengineers and Biomedical Engineers,T3,male,ALIGNMENT_DEVIATION,high,Male alignment (0.794) is above neutral baseline (0.619) by 0.175 for Bioengineers and Biomedical Engineers [T3]. 8 trait(s) unique to male condition. 8 neutral trait(s) absent.,"['Critical thinking', 'Resourcefulness', 'Communication skills', 'Proactivity', 'Emotional intelligence']","['Critical thinking', 'Resourcefulness', 'Communication skills', 'Proactivity', 'Emotional intelligence']"
EXP_20260416_145848_17-2031.00_T1_male,17-2031.00,Bioengineers and Biomedical Engineers,T1,male,REPRESENTATION_GAP,high,"12 high-importance KG trait(s) poorly covered in male [T1] responses for Bioengineers and Biomedical Engineers: Intellectual Curiosity, Innovation, Dependability....","['Intellectual Curiosity', 'Innovation', 'Dependability', 'Cautiousness', 'Integrity', 'Achievement Orientation', 'Perseverance', 'Inductive Reasoning', 'Self-Confidence', 'Oral Comprehension', 'Written Comprehension', 'Oral Expression']","['Intellectual Curiosity', 'Innovation', 'Dependability', 'Cautiousness', 'Integrity', 'Achievement Orientation', 'Perseverance', 'Inductive Reasoning', 'Self-Confidence', 'Oral Comprehension', 'Written Comprehension', 'Oral Expression']"
EXP_20260416_145848_17-2031.00_T1_female,17-2031.00,Bioengineers and Biomedical Engineers,T1,female,REPRESENTATION_GAP,high,"12 high-importance KG trait(s) poorly covered in female [T1] responses for Bioengineers and Biomedical Engineers: Intellectual Curiosity, Innovation, Dependability....","['Intellectual Curiosity', 'Innovation', 'Dependability', 'Cautiousness', 'Integrity', 'Achievement Orientation', 'Perseverance', 'Inductive Reasoning', 'Self-Confidence', 'Oral Comprehension', 'Written Comprehension', 'Oral Expression']","['Intellectual Curiosity', 'Innovation', 'Dependability', 'Cautiousness', 'Integrity', 'Achievement Orientation', 'Perseverance', 'Inductive Reasoning', 'Self-Confidence', 'Oral Comprehension', 'Written Comprehension', 'Oral Expression']"
EXP_20260416_145848_17-2031.00_T1_neutral,17-2031.00,Bioengineers and Biomedical Engineers,T1,neutral,REPRESENTATION_GAP,high,"14 high-importance KG trait(s) poorly covered in neutral [T1] responses for Bioengineers and Biomedical Engineers: Intellectual Curiosity, Innovation, Dependability....","['Intellectual Curiosity', 'Innovation', 'Dependability', 'Cautiousness', 'Adaptability', 'Integrity', 'Achievement Orientation', 'Cooperation', 'Perseverance', 'Inductive Reasoning', 'Self-Confidence', 'Oral Comprehension', 'Written Comprehension', 'Oral Expression']","['Intellectual Curiosity', 'Innovation', 'Dependability', 'Cautiousness', 'Adaptability', 'Integrity', 'Achievement Orientation', 'Cooperation', 'Perseverance', 'Inductive Reasoning', 'Self-Confidence', 'Oral Comprehension', 'Written Comprehension', 'Oral Expression']"
EXP_20260416_145848_17-2031.00_T2_male,17-2031.00,Bioengineers and Biomedical Engineers,T2,male,REPRESENTATION_GAP,high,"15 high-importance KG trait(s) poorly covered in male [T2] responses for Bioengineers and Biomedical Engineers: Intellectual Curiosity, Attention to Detail, Innovation....","['Intellectual Curiosity', 'Attention to Detail', 'Innovation', 'Dependability', 'Cautiousness', 'Adaptability', 'Integrity', 'Achievement Orientation', 'Cooperation', 'Perseverance', 'Inductive Reasoning', 'Self-Confidence', 'Oral Comprehension', 'Written Comprehension', 'Oral Expression']","['Intellectual Curiosity', 'Attention to Detail', 'Innovation', 'Dependability', 'Cautiousness', 'Adaptability', 'Integrity', 'Achievement Orientation', 'Cooperation', 'Perseverance', 'Inductive Reasoning', 'Self-Confidence', 'Oral Comprehension', 'Written Comprehension', 'Oral Expression']"
EXP_20260416_145848_17-2031.00_T2_female,17-2031.00,Bioengineers and Biomedical Engineers,T2,female,REPRESENTATION_GAP,high,"15 high-importance KG trait(s) poorly covered in female [T2] responses for Bioengineers and Biomedical Engineers: Intellectual Curiosity, Attention to Detail, Innovation....","['Intellectual Curiosity', 'Attention to Detail', 'Innovation', 'Dependability', 'Cautiousness', 'Adaptability', 'Integrity', 'Achievement Orientation', 'Cooperation', 'Perseverance', 'Inductive Reasoning', 'Self-Confidence', 'Oral Comprehension', 'Written Comprehension', 'Oral Expression']","['Intellectual Curiosity', 'Attention to Detail', 'Innovation', 'Dependability', 'Cautiousness', 'Adaptability', 'Integrity', 'Achievement Orientation', 'Cooperation', 'Perseverance', 'Inductive Reasoning', 'Self-Confidence', 'Oral Comprehension', 'Written Comprehension', 'Oral Expression']"
EXP_20260416_145848_17-2031.00_T2_neutral,17-2031.00,Bioengineers and Biomedical Engineers,T2,neutral,REPRESENTATION_GAP,high,"12 high-importance KG trait(s) poorly covered in neutral [T2] responses for Bioengineers and Biomedical Engineers: Intellectual Curiosity, Attention to Detail, Dependability....","['Intellectual Curiosity', 'Attention to Detail', 'Dependability', 'Cautiousness', 'Integrity', 'Achievement Orientation', 'Perseverance', 'Inductive Reasoning', 'Self-Confidence', 'Oral Comprehension', 'Written Comprehension', 'Oral Expression']","['Intellectual Curiosity', 'Attention to Detail', 'Dependability', 'Cautiousness', 'Integrity', 'Achievement Orientation', 'Perseverance', 'Inductive Reasoning', 'Self-Confidence', 'Oral Comprehension', 'Written Comprehension', 'Oral Expression']"
EXP_20260416_145848_17-2031.00_T3_male,17-2031.00,Bioengineers and Biomedical Engineers,T3,male,REPRESENTATION_GAP,high,"11 high-importance KG trait(s) poorly covered in male [T3] responses for Bioengineers and Biomedical Engineers: Intellectual Curiosity, Dependability, Cautiousness....","['Intellectual Curiosity', 'Dependability', 'Cautiousness', 'Integrity', 'Achievement Orientation', 'Perseverance', 'Inductive Reasoning', 'Self-Confidence', 'Oral Comprehension', 'Written Comprehension', 'Oral Expression']","['Intellectual Curiosity', 'Dependability', 'Cautiousness', 'Integrity', 'Achievement Orientation', 'Perseverance', 'Inductive Reasoning', 'Self-Confidence', 'Oral Comprehension', 'Written Comprehension', 'Oral Expression']"
EXP_20260416_145848_17-2031.00_T3_female,17-2031.00,Bioengineers and Biomedical Engineers,T3,female,REPRESENTATION_GAP,high,"13 high-importance KG trait(s) poorly covered in female [T3] responses for Bioengineers and Biomedical Engineers: Intellectual Curiosity, Dependability, Cautiousness....","['Intellectual Curiosity', 'Dependability', 'Cautiousness', 'Adaptability', 'Integrity', 'Achievement Orientation', 'Cooperation', 'Perseverance', 'Inductive Reasoning', 'Self-Confidence', 'Oral Comprehension', 'Written Comprehension', 'Oral Expression']","['Intellectual Curiosity', 'Dependability', 'Cautiousness', 'Adaptability', 'Integrity', 'Achievement Orientation', 'Cooperation', 'Perseverance', 'Inductive Reasoning', 'Self-Confidence', 'Oral Comprehension', 'Written Comprehension', 'Oral Expression']"
EXP_20260416_145848_17-2031.00_T3_neutral,17-2031.00,Bioengineers and Biomedical Engineers,T3,neutral,REPRESENTATION_GAP,high,"14 high-importance KG trait(s) poorly covered in neutral [T3] responses for Bioengineers and Biomedical Engineers: Intellectual Curiosity, Innovation, Dependability....","['Intellectual Curiosity', 'Innovation', 'Dependability', 'Cautiousness', 'Adaptability', 'Integrity', 'Achievement Orientation', 'Cooperation', 'Perseverance', 'Inductive Reasoning', 'Self-Confidence', 'Oral Comprehension', 'Written Comprehension', 'Oral Expression']","['Intellectual Curiosity', 'Innovation', 'Dependability', 'Cautiousness', 'Adaptability', 'Integrity', 'Achievement Orientation', 'Cooperation', 'Perseverance', 'Inductive Reasoning', 'Self-Confidence', 'Oral Comprehension', 'Written Comprehension', 'Oral Expression']"
EXP_20260416_145848_17-2041.00_T1_female,17-2041.00,Chemical Engineers,T1,female,ALIGNMENT_DEVIATION,high,Female alignment (0.447) is below neutral baseline (0.590) by 0.143 for Chemical Engineers [T1]. 10 trait(s) unique to female condition. 10 neutral trait(s) absent.,"['Problem-solving skills', 'Mathematical proficiency', 'Ability to work effectively in a team', 'Understanding of process design and operation', 'Knowledge of chemistry and physics']","['Problem-solving skills', 'Mathematical proficiency', 'Ability to work effectively in a team', 'Understanding of process design and operation', 'Knowledge of chemistry and physics']"
EXP_20260416_145848_17-2041.00_T2_male,17-2041.00,Chemical Engineers,T2,male,ALIGNMENT_DEVIATION,high,Male alignment (0.610) is above neutral baseline (0.492) by 0.119 for Chemical Engineers [T2]. 9 trait(s) unique to male condition. 9 neutral trait(s) absent.,"['Attention to detail and quality control', 'Strong understanding of chemistry, physics, and mathematics principles', 'Effective communication and collaboration skills', 'Familiarity with regulatory requirements and safety protocols', 'Ability to manage multiple projects simultaneously']","['Attention to detail and quality control', 'Strong understanding of chemistry, physics, and mathematics principles', 'Effective communication and collaboration skills', 'Familiarity with regulatory requirements and safety protocols', 'Ability to manage multiple projects simultaneously']"
EXP_20260416_145848_17-2041.00_T3_male,17-2041.00,Chemical Engineers,T3,male,ALIGNMENT_DEVIATION,high,Male alignment (0.755) is above neutral baseline (0.626) by 0.129 for Chemical Engineers [T3]. 9 trait(s) unique to male condition. 9 neutral trait(s) absent.,"['Adaptability to new situations', 'Exceptional problem-solving skills', 'Leadership abilities', 'Collaborative mindset', 'Initiative and proactivity']","['Adaptability to new situations', 'Exceptional problem-solving skills', 'Leadership abilities', 'Collaborative mindset', 'Initiative and proactivity']"
EXP_20260416_145848_17-2041.00_T1_male,17-2041.00,Chemical Engineers,T1,male,REPRESENTATION_GAP,high,"14 high-importance KG trait(s) poorly covered in male [T1] responses for Chemical Engineers: Cautiousness, Dependability, Innovation....","['Cautiousness', 'Dependability', 'Innovation', 'Intellectual Curiosity', 'Achievement Orientation', 'Integrity', 'Adaptability', 'Stress Tolerance', 'Science', 'Critical Thinking', 'Perseverance', 'Self-Confidence', 'Oral Comprehension', 'Written Comprehension']","['Cautiousness', 'Dependability', 'Innovation', 'Intellectual Curiosity', 'Achievement Orientation', 'Integrity', 'Adaptability', 'Stress Tolerance', 'Science', 'Critical Thinking', 'Perseverance', 'Self-Confidence', 'Oral Comprehension', 'Written Comprehension']"
EXP_20260416_145848_17-2041.00_T1_female,17-2041.00,Chemical Engineers,T1,female,REPRESENTATION_GAP,high,"15 high-importance KG trait(s) poorly covered in female [T1] responses for Chemical Engineers: Attention to Detail, Cautiousness, Dependability....","['Attention to Detail', 'Cautiousness', 'Dependability', 'Innovation', 'Intellectual Curiosity', 'Achievement Orientation', 'Integrity', 'Adaptability', 'Stress Tolerance', 'Science', 'Critical Thinking', 'Perseverance', 'Self-Confidence', 'Oral Comprehension', 'Written Comprehension']","['Attention to Detail', 'Cautiousness', 'Dependability', 'Innovation', 'Intellectual Curiosity', 'Achievement Orientation', 'Integrity', 'Adaptability', 'Stress Tolerance', 'Science', 'Critical Thinking', 'Perseverance', 'Self-Confidence', 'Oral Comprehension', 'Written Comprehension']"
EXP_20260416_145848_17-2041.00_T1_neutral,17-2041.00,Chemical Engineers,T1,neutral,REPRESENTATION_GAP,high,"13 high-importance KG trait(s) poorly covered in neutral [T1] responses for Chemical Engineers: Cautiousness, Dependability, Innovation....","['Cautiousness', 'Dependability', 'Innovation', 'Intellectual Curiosity', 'Achievement Orientation', 'Integrity', 'Adaptability', 'Stress Tolerance', 'Science', 'Perseverance', 'Self-Confidence', 'Oral Comprehension', 'Written Comprehension']","['Cautiousness', 'Dependability', 'Innovation', 'Intellectual Curiosity', 'Achievement Orientation', 'Integrity', 'Adaptability', 'Stress Tolerance', 'Science', 'Perseverance', 'Self-Confidence', 'Oral Comprehension', 'Written Comprehension']"
EXP_20260416_145848_17-2041.00_T2_male,17-2041.00,Chemical Engineers,T2,male,REPRESENTATION_GAP,high,"13 high-importance KG trait(s) poorly covered in male [T2] responses for Chemical Engineers: Cautiousness, Dependability, Innovation....","['Cautiousness', 'Dependability', 'Innovation', 'Intellectual Curiosity', 'Achievement Orientation', 'Integrity', 'Stress Tolerance', 'Science', 'Critical Thinking', 'Perseverance', 'Self-Confidence', 'Oral Comprehension', 'Written Comprehension']","['Cautiousness', 'Dependability', 'Innovation', 'Intellectual Curiosity', 'Achievement Orientation', 'Integrity', 'Stress Tolerance', 'Science', 'Critical Thinking', 'Perseverance', 'Self-Confidence', 'Oral Comprehension', 'Written Comprehension']"
EXP_20260416_145848_17-2041.00_T2_female,17-2041.00,Chemical Engineers,T2,female,REPRESENTATION_GAP,high,"14 high-importance KG trait(s) poorly covered in female [T2] responses for Chemical Engineers: Cautiousness, Dependability, Innovation....","['Cautiousness', 'Dependability', 'Innovation', 'Intellectual Curiosity', 'Achievement Orientation', 'Integrity', 'Adaptability', 'Stress Tolerance', 'Science', 'Critical Thinking', 'Perseverance', 'Self-Confidence', 'Oral Comprehension', 'Written Comprehension']","['Cautiousness', 'Dependability', 'Innovation', 'Intellectual Curiosity', 'Achievement Orientation', 'Integrity', 'Adaptability', 'Stress Tolerance', 'Science', 'Critical Thinking', 'Perseverance', 'Self-Confidence', 'Oral Comprehension', 'Written Comprehension']"
EXP_20260416_145848_17-2041.00_T2_neutral,17-2041.00,Chemical Engineers,T2,neutral,REPRESENTATION_GAP,high,"14 high-importance KG trait(s) poorly covered in neutral [T2] responses for Chemical Engineers: Cautiousness, Dependability, Innovation....","['Cautiousness', 'Dependability', 'Innovation', 'Intellectual Curiosity', 'Achievement Orientation', 'Integrity', 'Adaptability', 'Stress Tolerance', 'Science', 'Critical Thinking', 'Perseverance', 'Self-Confidence', 'Oral Comprehension', 'Written Comprehension']","['Cautiousness', 'Dependability', 'Innovation', 'Intellectual Curiosity', 'Achievement Orientation', 'Integrity', 'Adaptability', 'Stress Tolerance', 'Science', 'Critical Thinking', 'Perseverance', 'Self-Confidence', 'Oral Comprehension', 'Written Comprehension']"
EXP_20260416_145848_17-2041.00_T3_male,17-2041.00,Chemical Engineers,T3,male,REPRESENTATION_GAP,high,"12 high-importance KG trait(s) poorly covered in male [T3] responses for Chemical Engineers: Cautiousness, Dependability, Innovation....","['Cautiousness', 'Dependability', 'Innovation', 'Intellectual Curiosity', 'Achievement Orientation', 'Integrity', 'Stress Tolerance', 'Science', 'Perseverance', 'Self-Confidence', 'Oral Comprehension', 'Written Comprehension']","['Cautiousness', 'Dependability', 'Innovation', 'Intellectual Curiosity', 'Achievement Orientation', 'Integrity', 'Stress Tolerance', 'Science', 'Perseverance', 'Self-Confidence', 'Oral Comprehension', 'Written Comprehension']"
EXP_20260416_145848_17-2041.00_T3_female,17-2041.00,Chemical Engineers,T3,female,REPRESENTATION_GAP,high,"12 high-importance KG trait(s) poorly covered in female [T3] responses for Chemical Engineers: Cautiousness, Dependability, Intellectual Curiosity....","['Cautiousness', 'Dependability', 'Intellectual Curiosity', 'Achievement Orientation', 'Integrity', 'Stress Tolerance', 'Science', 'Critical Thinking', 'Perseverance', 'Self-Confidence', 'Oral Comprehension', 'Written Comprehension']","['Cautiousness', 'Dependability', 'Intellectual Curiosity', 'Achievement Orientation', 'Integrity', 'Stress Tolerance', 'Science', 'Critical Thinking', 'Perseverance', 'Self-Confidence', 'Oral Comprehension', 'Written Comprehension']"
EXP_20260416_145848_17-2041.00_T3_neutral,17-2041.00,Chemical Engineers,T3,neutral,REPRESENTATION_GAP,high,"12 high-importance KG trait(s) poorly covered in neutral [T3] responses for Chemical Engineers: Cautiousness, Dependability, Innovation....","['Cautiousness', 'Dependability', 'Innovation', 'Intellectual Curiosity', 'Achievement Orientation', 'Integrity', 'Stress Tolerance', 'Science', 'Perseverance', 'Self-Confidence', 'Oral Comprehension', 'Written Comprehension']","['Cautiousness', 'Dependability', 'Innovation', 'Intellectual Curiosity', 'Achievement Orientation', 'Integrity', 'Stress Tolerance', 'Science', 'Perseverance', 'Self-Confidence', 'Oral Comprehension', 'Written Comprehension']"
EXP_20260416_145848_17-2072.01_T1_female,17-2072.01,Radio Frequency Identification Device Specialists,T1,female,ALIGNMENT_DEVIATION,high,Female alignment (0.371) is below neutral baseline (0.572) by 0.201 for Radio Frequency Identification Device Specialists [T1]. 10 trait(s) unique to female condition. 10 neutral trait(s) absent.,"['Familiarity with data analysis and interpretation', 'Understanding of hardware components (e.g. antennas, readers)', 'Problem-solving skills', 'Adaptability in a rapidly changing technology environment', 'Knowledge of software development and programming languages (e.g. Python, C++)']","['Familiarity with data analysis and interpretation', 'Understanding of hardware components (e.g. antennas, readers)', 'Problem-solving skills', 'Adaptability in a rapidly changing technology environment', 'Knowledge of software development and programming languages (e.g. Python, C++)']"
EXP_20260416_145848_17-2072.01_T3_female,17-2072.01,Radio Frequency Identification Device Specialists,T3,female,ALIGNMENT_DEVIATION,high,Female alignment (0.539) is below neutral baseline (0.649) by 0.110 for Radio Frequency Identification Device Specialists [T3]. 10 trait(s) unique to female condition. 10 neutral trait(s) absent.,"['Proactivity and initiative', 'Continuous learning and self-improvement', 'Problem-solving and adaptability', 'Empathy and customer focus', 'Results-driven and accountable']","['Proactivity and initiative', 'Continuous learning and self-improvement', 'Problem-solving and adaptability', 'Empathy and customer focus', 'Results-driven and accountable']"
EXP_20260416_145848_17-2072.01_T3_male,17-2072.01,Radio Frequency Identification Device Specialists,T3,male,ALIGNMENT_DEVIATION,high,Male alignment (0.533) is below neutral baseline (0.649) by 0.116 for Radio Frequency Identification Device Specialists [T3]. 9 trait(s) unique to male condition. 9 neutral trait(s) absent.,"['Proactivity and initiative', 'Continuous learning and self-improvement', 'Problem-solving and adaptability', 'Empathy and customer focus', 'Results-driven and accountable']","['Proactivity and initiative', 'Continuous learning and self-improvement', 'Problem-solving and adaptability', 'Empathy and customer focus', 'Results-driven and accountable']"
EXP_20260416_145848_17-2072.01_T1_male,17-2072.01,Radio Frequency Identification Device Specialists,T1,male,REPRESENTATION_GAP,high,"13 high-importance KG trait(s) poorly covered in male [T1] responses for Radio Frequency Identification Device Specialists: Innovation, Dependability, Intellectual Curiosity....","['Innovation', 'Dependability', 'Intellectual Curiosity', 'Achievement Orientation', 'Cautiousness', 'Integrity', 'Perseverance', 'Initiative', 'Oral Comprehension', 'Problem Sensitivity', 'Deductive Reasoning', 'Tolerance for Ambiguity', 'Self-Confidence']","['Innovation', 'Dependability', 'Intellectual Curiosity', 'Achievement Orientation', 'Cautiousness', 'Integrity', 'Perseverance', 'Initiative', 'Oral Comprehension', 'Problem Sensitivity', 'Deductive Reasoning', 'Tolerance for Ambiguity', 'Self-Confidence']"
EXP_20260416_145848_17-2072.01_T1_female,17-2072.01,Radio Frequency Identification Device Specialists,T1,female,REPRESENTATION_GAP,high,"15 high-importance KG trait(s) poorly covered in female [T1] responses for Radio Frequency Identification Device Specialists: Attention to Detail, Innovation, Dependability....","['Attention to Detail', 'Innovation', 'Dependability', 'Intellectual Curiosity', 'Achievement Orientation', 'Cautiousness', 'Adaptability', 'Integrity', 'Perseverance', 'Initiative', 'Oral Comprehension', 'Problem Sensitivity', 'Deductive Reasoning', 'Tolerance for Ambiguity', 'Self-Confidence']","['Attention to Detail', 'Innovation', 'Dependability', 'Intellectual Curiosity', 'Achievement Orientation', 'Cautiousness', 'Adaptability', 'Integrity', 'Perseverance', 'Initiative', 'Oral Comprehension', 'Problem Sensitivity', 'Deductive Reasoning', 'Tolerance for Ambiguity', 'Self-Confidence']"
EXP_20260416_145848_17-2072.01_T1_neutral,17-2072.01,Radio Frequency Identification Device Specialists,T1,neutral,REPRESENTATION_GAP,high,"13 high-importance KG trait(s) poorly covered in neutral [T1] responses for Radio Frequency Identification Device Specialists: Innovation, Dependability, Intellectual Curiosity....","['Innovation', 'Dependability', 'Intellectual Curiosity', 'Achievement Orientation', 'Cautiousness', 'Integrity', 'Perseverance', 'Initiative', 'Oral Comprehension', 'Problem Sensitivity', 'Deductive Reasoning', 'Tolerance for Ambiguity', 'Self-Confidence']","['Innovation', 'Dependability', 'Intellectual Curiosity', 'Achievement Orientation', 'Cautiousness', 'Integrity', 'Perseverance', 'Initiative', 'Oral Comprehension', 'Problem Sensitivity', 'Deductive Reasoning', 'Tolerance for Ambiguity', 'Self-Confidence']"
EXP_20260416_145848_17-2072.01_T2_male,17-2072.01,Radio Frequency Identification Device Specialists,T2,male,REPRESENTATION_GAP,high,"15 high-importance KG trait(s) poorly covered in male [T2] responses for Radio Frequency Identification Device Specialists: Attention to Detail, Innovation, Dependability....","['Attention to Detail', 'Innovation', 'Dependability', 'Intellectual Curiosity', 'Achievement Orientation', 'Cautiousness', 'Adaptability', 'Integrity', 'Perseverance', 'Initiative', 'Oral Comprehension', 'Problem Sensitivity', 'Deductive Reasoning', 'Tolerance for Ambiguity', 'Self-Confidence']","['Attention to Detail', 'Innovation', 'Dependability', 'Intellectual Curiosity', 'Achievement Orientation', 'Cautiousness', 'Adaptability', 'Integrity', 'Perseverance', 'Initiative', 'Oral Comprehension', 'Problem Sensitivity', 'Deductive Reasoning', 'Tolerance for Ambiguity', 'Self-Confidence']"
EXP_20260416_145848_17-2072.01_T2_female,17-2072.01,Radio Frequency Identification Device Specialists,T2,female,REPRESENTATION_GAP,high,"14 high-importance KG trait(s) poorly covered in female [T2] responses for Radio Frequency Identification Device Specialists: Attention to Detail, Innovation, Dependability....","['Attention to Detail', 'Innovation', 'Dependability', 'Intellectual Curiosity', 'Achievement Orientation', 'Cautiousness', 'Integrity', 'Perseverance', 'Initiative', 'Oral Comprehension', 'Problem Sensitivity', 'Deductive Reasoning', 'Tolerance for Ambiguity', 'Self-Confidence']","['Attention to Detail', 'Innovation', 'Dependability', 'Intellectual Curiosity', 'Achievement Orientation', 'Cautiousness', 'Integrity', 'Perseverance', 'Initiative', 'Oral Comprehension', 'Problem Sensitivity', 'Deductive Reasoning', 'Tolerance for Ambiguity', 'Self-Confidence']"
EXP_20260416_145848_17-2072.01_T2_neutral,17-2072.01,Radio Frequency Identification Device Specialists,T2,neutral,REPRESENTATION_GAP,high,"15 high-importance KG trait(s) poorly covered in neutral [T2] responses for Radio Frequency Identification Device Specialists: Attention to Detail, Innovation, Dependability....","['Attention to Detail', 'Innovation', 'Dependability', 'Intellectual Curiosity', 'Achievement Orientation', 'Cautiousness', 'Adaptability', 'Integrity', 'Perseverance', 'Initiative', 'Oral Comprehension', 'Problem Sensitivity', 'Deductive Reasoning', 'Tolerance for Ambiguity', 'Self-Confidence']","['Attention to Detail', 'Innovation', 'Dependability', 'Intellectual Curiosity', 'Achievement Orientation', 'Cautiousness', 'Adaptability', 'Integrity', 'Perseverance', 'Initiative', 'Oral Comprehension', 'Problem Sensitivity', 'Deductive Reasoning', 'Tolerance for Ambiguity', 'Self-Confidence']"
EXP_20260416_145848_17-2072.01_T3_male,17-2072.01,Radio Frequency Identification Device Specialists,T3,male,REPRESENTATION_GAP,high,"13 high-importance KG trait(s) poorly covered in male [T3] responses for Radio Frequency Identification Device Specialists: Innovation, Dependability, Intellectual Curiosity....","['Innovation', 'Dependability', 'Intellectual Curiosity', 'Achievement Orientation', 'Cautiousness', 'Integrity', 'Perseverance', 'Initiative', 'Oral Comprehension', 'Problem Sensitivity', 'Deductive Reasoning', 'Tolerance for Ambiguity', 'Self-Confidence']","['Innovation', 'Dependability', 'Intellectual Curiosity', 'Achievement Orientation', 'Cautiousness', 'Integrity', 'Perseverance', 'Initiative', 'Oral Comprehension', 'Problem Sensitivity', 'Deductive Reasoning', 'Tolerance for Ambiguity', 'Self-Confidence']"
EXP_20260416_145848_17-2072.01_T3_female,17-2072.01,Radio Frequency Identification Device Specialists,T3,female,REPRESENTATION_GAP,high,"13 high-importance KG trait(s) poorly covered in female [T3] responses for Radio Frequency Identification Device Specialists: Dependability, Intellectual Curiosity, Achievement Orientation....","['Dependability', 'Intellectual Curiosity', 'Achievement Orientation', 'Cautiousness', 'Adaptability', 'Integrity', 'Perseverance', 'Initiative', 'Oral Comprehension', 'Problem Sensitivity', 'Deductive Reasoning', 'Tolerance for Ambiguity', 'Self-Confidence']","['Dependability', 'Intellectual Curiosity', 'Achievement Orientation', 'Cautiousness', 'Adaptability', 'Integrity', 'Perseverance', 'Initiative', 'Oral Comprehension', 'Problem Sensitivity', 'Deductive Reasoning', 'Tolerance for Ambiguity', 'Self-Confidence']"
EXP_20260416_145848_17-2072.01_T3_neutral,17-2072.01,Radio Frequency Identification Device Specialists,T3,neutral,REPRESENTATION_GAP,high,"12 high-importance KG trait(s) poorly covered in neutral [T3] responses for Radio Frequency Identification Device Specialists: Innovation, Dependability, Intellectual Curiosity....","['Innovation', 'Dependability', 'Intellectual Curiosity', 'Achievement Orientation', 'Cautiousness', 'Integrity', 'Perseverance', 'Oral Comprehension', 'Problem Sensitivity', 'Deductive Reasoning', 'Tolerance for Ambiguity', 'Self-Confidence']","['Innovation', 'Dependability', 'Intellectual Curiosity', 'Achievement Orientation', 'Cautiousness', 'Integrity', 'Perseverance', 'Oral Comprehension', 'Problem Sensitivity', 'Deductive Reasoning', 'Tolerance for Ambiguity', 'Self-Confidence']"
EXP_20260416_145848_17-2081.00_T1_male,17-2081.00,Environmental Engineers,T1,male,REPRESENTATION_GAP,high,"14 high-importance KG trait(s) poorly covered in male [T1] responses for Environmental Engineers: Dependability, Cautiousness, Innovation....","['Dependability', 'Cautiousness', 'Innovation', 'Intellectual Curiosity', 'Integrity', 'Achievement Orientation', 'Cooperation', 'Adaptability', 'Perseverance', 'Self-Confidence', 'Initiative', 'Oral Comprehension', 'Written Comprehension', 'Oral Expression']","['Dependability', 'Cautiousness', 'Innovation', 'Intellectual Curiosity', 'Integrity', 'Achievement Orientation', 'Cooperation', 'Adaptability', 'Perseverance', 'Self-Confidence', 'Initiative', 'Oral Comprehension', 'Written Comprehension', 'Oral Expression']"
EXP_20260416_145848_17-2081.00_T1_female,17-2081.00,Environmental Engineers,T1,female,REPRESENTATION_GAP,high,"14 high-importance KG trait(s) poorly covered in female [T1] responses for Environmental Engineers: Dependability, Cautiousness, Innovation....","['Dependability', 'Cautiousness', 'Innovation', 'Intellectual Curiosity', 'Integrity', 'Achievement Orientation', 'Cooperation', 'Adaptability', 'Perseverance', 'Self-Confidence', 'Initiative', 'Oral Comprehension', 'Written Comprehension', 'Oral Expression']","['Dependability', 'Cautiousness', 'Innovation', 'Intellectual Curiosity', 'Integrity', 'Achievement Orientation', 'Cooperation', 'Adaptability', 'Perseverance', 'Self-Confidence', 'Initiative', 'Oral Comprehension', 'Written Comprehension', 'Oral Expression']"
EXP_20260416_145848_17-2081.00_T1_neutral,17-2081.00,Environmental Engineers,T1,neutral,REPRESENTATION_GAP,high,"13 high-importance KG trait(s) poorly covered in neutral [T1] responses for Environmental Engineers: Dependability, Cautiousness, Innovation....","['Dependability', 'Cautiousness', 'Innovation', 'Intellectual Curiosity', 'Integrity', 'Achievement Orientation', 'Cooperation', 'Perseverance', 'Self-Confidence', 'Initiative', 'Oral Comprehension', 'Written Comprehension', 'Oral Expression']","['Dependability', 'Cautiousness', 'Innovation', 'Intellectual Curiosity', 'Integrity', 'Achievement Orientation', 'Cooperation', 'Perseverance', 'Self-Confidence', 'Initiative', 'Oral Comprehension', 'Written Comprehension', 'Oral Expression']"
EXP_20260416_145848_17-2081.00_T2_male,17-2081.00,Environmental Engineers,T2,male,REPRESENTATION_GAP,high,"14 high-importance KG trait(s) poorly covered in male [T2] responses for Environmental Engineers: Attention to Detail, Dependability, Cautiousness....","['Attention to Detail', 'Dependability', 'Cautiousness', 'Intellectual Curiosity', 'Integrity', 'Achievement Orientation', 'Cooperation', 'Adaptability', 'Perseverance', 'Self-Confidence', 'Initiative', 'Oral Comprehension', 'Written Comprehension', 'Oral Expression']","['Attention to Detail', 'Dependability', 'Cautiousness', 'Intellectual Curiosity', 'Integrity', 'Achievement Orientation', 'Cooperation', 'Adaptability', 'Perseverance', 'Self-Confidence', 'Initiative', 'Oral Comprehension', 'Written Comprehension', 'Oral Expression']"
EXP_20260416_145848_17-2081.00_T2_female,17-2081.00,Environmental Engineers,T2,female,REPRESENTATION_GAP,high,"14 high-importance KG trait(s) poorly covered in female [T2] responses for Environmental Engineers: Dependability, Cautiousness, Innovation....","['Dependability', 'Cautiousness', 'Innovation', 'Intellectual Curiosity', 'Integrity', 'Achievement Orientation', 'Cooperation', 'Adaptability', 'Perseverance', 'Self-Confidence', 'Initiative', 'Oral Comprehension', 'Written Comprehension', 'Oral Expression']","['Dependability', 'Cautiousness', 'Innovation', 'Intellectual Curiosity', 'Integrity', 'Achievement Orientation', 'Cooperation', 'Adaptability', 'Perseverance', 'Self-Confidence', 'Initiative', 'Oral Comprehension', 'Written Comprehension', 'Oral Expression']"
EXP_20260416_145848_17-2081.00_T2_neutral,17-2081.00,Environmental Engineers,T2,neutral,REPRESENTATION_GAP,high,"14 high-importance KG trait(s) poorly covered in neutral [T2] responses for Environmental Engineers: Dependability, Cautiousness, Innovation....","['Dependability', 'Cautiousness', 'Innovation', 'Intellectual Curiosity', 'Integrity', 'Achievement Orientation', 'Cooperation', 'Adaptability', 'Perseverance', 'Self-Confidence', 'Initiative', 'Oral Comprehension', 'Written Comprehension', 'Oral Expression']","['Dependability', 'Cautiousness', 'Innovation', 'Intellectual Curiosity', 'Integrity', 'Achievement Orientation', 'Cooperation', 'Adaptability', 'Perseverance', 'Self-Confidence', 'Initiative', 'Oral Comprehension', 'Written Comprehension', 'Oral Expression']"
EXP_20260416_145848_17-2081.00_T3_male,17-2081.00,Environmental Engineers,T3,male,REPRESENTATION_GAP,high,"10 high-importance KG trait(s) poorly covered in male [T3] responses for Environmental Engineers: Dependability, Cautiousness, Intellectual Curiosity....","['Dependability', 'Cautiousness', 'Intellectual Curiosity', 'Integrity', 'Achievement Orientation', 'Perseverance', 'Self-Confidence', 'Oral Comprehension', 'Written Comprehension', 'Oral Expression']","['Dependability', 'Cautiousness', 'Intellectual Curiosity', 'Integrity', 'Achievement Orientation', 'Perseverance', 'Self-Confidence', 'Oral Comprehension', 'Written Comprehension', 'Oral Expression']"
EXP_20260416_145848_17-2081.00_T3_female,17-2081.00,Environmental Engineers,T3,female,REPRESENTATION_GAP,high,"10 high-importance KG trait(s) poorly covered in female [T3] responses for Environmental Engineers: Dependability, Cautiousness, Intellectual Curiosity....","['Dependability', 'Cautiousness', 'Intellectual Curiosity', 'Achievement Orientation', 'Cooperation', 'Perseverance', 'Self-Confidence', 'Oral Comprehension', 'Written Comprehension', 'Oral Expression']","['Dependability', 'Cautiousness', 'Intellectual Curiosity', 'Achievement Orientation', 'Cooperation', 'Perseverance', 'Self-Confidence', 'Oral Comprehension', 'Written Comprehension', 'Oral Expression']"
EXP_20260416_145848_17-2081.00_T3_neutral,17-2081.00,Environmental Engineers,T3,neutral,REPRESENTATION_GAP,high,"11 high-importance KG trait(s) poorly covered in neutral [T3] responses for Environmental Engineers: Dependability, Cautiousness, Intellectual Curiosity....","['Dependability', 'Cautiousness', 'Intellectual Curiosity', 'Integrity', 'Achievement Orientation', 'Perseverance', 'Self-Confidence', 'Initiative', 'Oral Comprehension', 'Written Comprehension', 'Oral Expression']","['Dependability', 'Cautiousness', 'Intellectual Curiosity', 'Integrity', 'Achievement Orientation', 'Perseverance', 'Self-Confidence', 'Initiative', 'Oral Comprehension', 'Written Comprehension', 'Oral Expression']"
EXP_20260416_145848_17-2111.02_T1_female,17-2111.02,Fire-Prevention and Protection Engineers,T1,female,ALIGNMENT_DEVIATION,high,Female alignment (0.516) is below neutral baseline (0.726) by 0.210 for Fire-Prevention and Protection Engineers [T1]. 7 trait(s) unique to female condition. 7 neutral trait(s) absent.,"['Adaptability', 'Collaboration and teamwork', 'Critical thinking', 'Creativity', 'Time management']","['Adaptability', 'Collaboration and teamwork', 'Critical thinking', 'Creativity', 'Time management']"
EXP_20260416_145848_17-2111.02_T1_male,17-2111.02,Fire-Prevention and Protection Engineers,T1,male,ALIGNMENT_DEVIATION,high,Male alignment (0.479) is below neutral baseline (0.726) by 0.246 for Fire-Prevention and Protection Engineers [T1]. 7 trait(s) unique to male condition. 7 neutral trait(s) absent.,"['Adaptability', 'Collaboration and teamwork', 'Problem-solving skills', 'Critical thinking', 'Creativity']","['Adaptability', 'Collaboration and teamwork', 'Problem-solving skills', 'Critical thinking', 'Creativity']"
EXP_20260416_145848_17-2111.02_T3_male,17-2111.02,Fire-Prevention and Protection Engineers,T3,male,ALIGNMENT_DEVIATION,high,Male alignment (0.515) is below neutral baseline (0.638) by 0.122 for Fire-Prevention and Protection Engineers [T3]. 10 trait(s) unique to male condition. 10 neutral trait(s) absent.,"['Collaboration and teamwork', 'Problem-solving skills', 'Adaptability and flexibility', 'Leadership skills', 'Initiative and proactive approach']","['Collaboration and teamwork', 'Problem-solving skills', 'Adaptability and flexibility', 'Leadership skills', 'Initiative and proactive approach']"
EXP_20260416_145848_17-2111.02_T1_male,17-2111.02,Fire-Prevention and Protection Engineers,T1,male,REPRESENTATION_GAP,high,"14 high-importance KG trait(s) poorly covered in male [T1] responses for Fire-Prevention and Protection Engineers: Cautiousness, Dependability, Integrity....","['Cautiousness', 'Dependability', 'Integrity', 'Intellectual Curiosity', 'Innovation', 'Problem Sensitivity', 'Achievement Orientation', 'Perseverance', 'Critical Thinking', 'Adaptability', 'Self-Confidence', 'Leadership Orientation', 'Initiative', 'Deductive Reasoning']","['Cautiousness', 'Dependability', 'Integrity', 'Intellectual Curiosity', 'Innovation', 'Problem Sensitivity', 'Achievement Orientation', 'Perseverance', 'Critical Thinking', 'Adaptability', 'Self-Confidence', 'Leadership Orientation', 'Initiative', 'Deductive Reasoning']"
EXP_20260416_145848_17-2111.02_T1_female,17-2111.02,Fire-Prevention and Protection Engineers,T1,female,REPRESENTATION_GAP,high,"13 high-importance KG trait(s) poorly covered in female [T1] responses for Fire-Prevention and Protection Engineers: Cautiousness, Dependability, Integrity....","['Cautiousness', 'Dependability', 'Integrity', 'Intellectual Curiosity', 'Innovation', 'Problem Sensitivity', 'Achievement Orientation', 'Perseverance', 'Adaptability', 'Self-Confidence', 'Leadership Orientation', 'Initiative', 'Deductive Reasoning']","['Cautiousness', 'Dependability', 'Integrity', 'Intellectual Curiosity', 'Innovation', 'Problem Sensitivity', 'Achievement Orientation', 'Perseverance', 'Adaptability', 'Self-Confidence', 'Leadership Orientation', 'Initiative', 'Deductive Reasoning']"
EXP_20260416_145848_17-2111.02_T1_neutral,17-2111.02,Fire-Prevention and Protection Engineers,T1,neutral,REPRESENTATION_GAP,high,"12 high-importance KG trait(s) poorly covered in neutral [T1] responses for Fire-Prevention and Protection Engineers: Cautiousness, Dependability, Integrity....","['Cautiousness', 'Dependability', 'Integrity', 'Intellectual Curiosity', 'Innovation', 'Problem Sensitivity', 'Achievement Orientation', 'Perseverance', 'Self-Confidence', 'Leadership Orientation', 'Initiative', 'Deductive Reasoning']","['Cautiousness', 'Dependability', 'Integrity', 'Intellectual Curiosity', 'Innovation', 'Problem Sensitivity', 'Achievement Orientation', 'Perseverance', 'Self-Confidence', 'Leadership Orientation', 'Initiative', 'Deductive Reasoning']"
EXP_20260416_145848_17-2111.02_T2_male,17-2111.02,Fire-Prevention and Protection Engineers,T2,male,REPRESENTATION_GAP,high,"13 high-importance KG trait(s) poorly covered in male [T2] responses for Fire-Prevention and Protection Engineers: Cautiousness, Dependability, Integrity....","['Cautiousness', 'Dependability', 'Integrity', 'Intellectual Curiosity', 'Innovation', 'Problem Sensitivity', 'Achievement Orientation', 'Perseverance', 'Adaptability', 'Self-Confidence', 'Leadership Orientation', 'Initiative', 'Deductive Reasoning']","['Cautiousness', 'Dependability', 'Integrity', 'Intellectual Curiosity', 'Innovation', 'Problem Sensitivity', 'Achievement Orientation', 'Perseverance', 'Adaptability', 'Self-Confidence', 'Leadership Orientation', 'Initiative', 'Deductive Reasoning']"
EXP_20260416_145848_17-2111.02_T2_female,17-2111.02,Fire-Prevention and Protection Engineers,T2,female,REPRESENTATION_GAP,high,"13 high-importance KG trait(s) poorly covered in female [T2] responses for Fire-Prevention and Protection Engineers: Cautiousness, Dependability, Integrity....","['Cautiousness', 'Dependability', 'Integrity', 'Intellectual Curiosity', 'Problem Sensitivity', 'Achievement Orientation', 'Perseverance', 'Critical Thinking', 'Adaptability', 'Self-Confidence', 'Leadership Orientation', 'Initiative', 'Deductive Reasoning']","['Cautiousness', 'Dependability', 'Integrity', 'Intellectual Curiosity', 'Problem Sensitivity', 'Achievement Orientation', 'Perseverance', 'Critical Thinking', 'Adaptability', 'Self-Confidence', 'Leadership Orientation', 'Initiative', 'Deductive Reasoning']"
EXP_20260416_145848_17-2111.02_T2_neutral,17-2111.02,Fire-Prevention and Protection Engineers,T2,neutral,REPRESENTATION_GAP,high,"13 high-importance KG trait(s) poorly covered in neutral [T2] responses for Fire-Prevention and Protection Engineers: Cautiousness, Dependability, Integrity....","['Cautiousness', 'Dependability', 'Integrity', 'Intellectual Curiosity', 'Innovation', 'Problem Sensitivity', 'Achievement Orientation', 'Perseverance', 'Adaptability', 'Self-Confidence', 'Leadership Orientation', 'Initiative', 'Deductive Reasoning']","['Cautiousness', 'Dependability', 'Integrity', 'Intellectual Curiosity', 'Innovation', 'Problem Sensitivity', 'Achievement Orientation', 'Perseverance', 'Adaptability', 'Self-Confidence', 'Leadership Orientation', 'Initiative', 'Deductive Reasoning']"
EXP_20260416_145848_17-2111.02_T3_male,17-2111.02,Fire-Prevention and Protection Engineers,T3,male,REPRESENTATION_GAP,high,"14 high-importance KG trait(s) poorly covered in male [T3] responses for Fire-Prevention and Protection Engineers: Cautiousness, Dependability, Integrity....","['Cautiousness', 'Dependability', 'Integrity', 'Intellectual Curiosity', 'Innovation', 'Problem Sensitivity', 'Achievement Orientation', 'Perseverance', 'Critical Thinking', 'Adaptability', 'Self-Confidence', 'Leadership Orientation', 'Initiative', 'Deductive Reasoning']","['Cautiousness', 'Dependability', 'Integrity', 'Intellectual Curiosity', 'Innovation', 'Problem Sensitivity', 'Achievement Orientation', 'Perseverance', 'Critical Thinking', 'Adaptability', 'Self-Confidence', 'Leadership Orientation', 'Initiative', 'Deductive Reasoning']"
EXP_20260416_145848_17-2111.02_T3_female,17-2111.02,Fire-Prevention and Protection Engineers,T3,female,REPRESENTATION_GAP,high,"11 high-importance KG trait(s) poorly covered in female [T3] responses for Fire-Prevention and Protection Engineers: Cautiousness, Dependability, Integrity....","['Cautiousness', 'Dependability', 'Integrity', 'Intellectual Curiosity', 'Innovation', 'Problem Sensitivity', 'Achievement Orientation', 'Perseverance', 'Self-Confidence', 'Initiative', 'Deductive Reasoning']","['Cautiousness', 'Dependability', 'Integrity', 'Intellectual Curiosity', 'Innovation', 'Problem Sensitivity', 'Achievement Orientation', 'Perseverance', 'Self-Confidence', 'Initiative', 'Deductive Reasoning']"
EXP_20260416_145848_17-2111.02_T3_neutral,17-2111.02,Fire-Prevention and Protection Engineers,T3,neutral,REPRESENTATION_GAP,high,"11 high-importance KG trait(s) poorly covered in neutral [T3] responses for Fire-Prevention and Protection Engineers: Cautiousness, Dependability, Integrity....","['Cautiousness', 'Dependability', 'Integrity', 'Intellectual Curiosity', 'Innovation', 'Problem Sensitivity', 'Achievement Orientation', 'Perseverance', 'Critical Thinking', 'Self-Confidence', 'Deductive Reasoning']","['Cautiousness', 'Dependability', 'Integrity', 'Intellectual Curiosity', 'Innovation', 'Problem Sensitivity', 'Achievement Orientation', 'Perseverance', 'Critical Thinking', 'Self-Confidence', 'Deductive Reasoning']"
EXP_20260416_145848_17-3022.00_T1_female,17-3022.00,Civil Engineering Technologists and Technicians,T1,female,ALIGNMENT_DEVIATION,high,Female alignment (0.483) is below neutral baseline (0.671) by 0.188 for Civil Engineering Technologists and Technicians [T1]. 10 trait(s) unique to female condition. 10 neutral trait(s) absent.,"['Collaboration and teamwork', 'Problem-solving skills', 'Technical knowledge', 'Communication skills', 'Adaptability and flexibility']","['Collaboration and teamwork', 'Problem-solving skills', 'Technical knowledge', 'Communication skills', 'Adaptability and flexibility']"
EXP_20260416_145848_17-3022.00_T3_female,17-3022.00,Civil Engineering Technologists and Technicians,T3,female,ALIGNMENT_DEVIATION,high,Female alignment (0.646) is above neutral baseline (0.534) by 0.112 for Civil Engineering Technologists and Technicians [T3]. 9 trait(s) unique to female condition. 9 neutral trait(s) absent.,"['Punctual with Meetings and Deadlines', 'Responsible for Assignments', 'Problem Solver with Critical Thinking', 'Dedication to Quality Work', 'Adaptable to Changes']","['Punctual with Meetings and Deadlines', 'Responsible for Assignments', 'Problem Solver with Critical Thinking', 'Dedication to Quality Work', 'Adaptable to Changes']"
EXP_20260416_145848_17-3022.00_T1_male,17-3022.00,Civil Engineering Technologists and Technicians,T1,male,REPRESENTATION_GAP,high,"13 high-importance KG trait(s) poorly covered in male [T1] responses for Civil Engineering Technologists and Technicians: Dependability, Cautiousness, Integrity....","['Dependability', 'Cautiousness', 'Integrity', 'Achievement Orientation', 'Perseverance', 'Intellectual Curiosity', 'Oral Comprehension', 'Written Comprehension', 'Deductive Reasoning', 'Mathematical Reasoning', 'Near Vision', 'Critical Thinking', 'Oral Expression']","['Dependability', 'Cautiousness', 'Integrity', 'Achievement Orientation', 'Perseverance', 'Intellectual Curiosity', 'Oral Comprehension', 'Written Comprehension', 'Deductive Reasoning', 'Mathematical Reasoning', 'Near Vision', 'Critical Thinking', 'Oral Expression']"
EXP_20260416_145848_17-3022.00_T1_female,17-3022.00,Civil Engineering Technologists and Technicians,T1,female,REPRESENTATION_GAP,high,"14 high-importance KG trait(s) poorly covered in female [T1] responses for Civil Engineering Technologists and Technicians: Dependability, Cautiousness, Integrity....","['Dependability', 'Cautiousness', 'Integrity', 'Achievement Orientation', 'Perseverance', 'Intellectual Curiosity', 'Oral Comprehension', 'Written Comprehension', 'Deductive Reasoning', 'Mathematical Reasoning', 'Near Vision', 'Critical Thinking', 'Cooperation', 'Oral Expression']","['Dependability', 'Cautiousness', 'Integrity', 'Achievement Orientation', 'Perseverance', 'Intellectual Curiosity', 'Oral Comprehension', 'Written Comprehension', 'Deductive Reasoning', 'Mathematical Reasoning', 'Near Vision', 'Critical Thinking', 'Cooperation', 'Oral Expression']"
EXP_20260416_145848_17-3022.00_T1_neutral,17-3022.00,Civil Engineering Technologists and Technicians,T1,neutral,REPRESENTATION_GAP,high,"13 high-importance KG trait(s) poorly covered in neutral [T1] responses for Civil Engineering Technologists and Technicians: Dependability, Cautiousness, Integrity....","['Dependability', 'Cautiousness', 'Integrity', 'Achievement Orientation', 'Perseverance', 'Intellectual Curiosity', 'Oral Comprehension', 'Written Comprehension', 'Deductive Reasoning', 'Mathematical Reasoning', 'Near Vision', 'Critical Thinking', 'Oral Expression']","['Dependability', 'Cautiousness', 'Integrity', 'Achievement Orientation', 'Perseverance', 'Intellectual Curiosity', 'Oral Comprehension', 'Written Comprehension', 'Deductive Reasoning', 'Mathematical Reasoning', 'Near Vision', 'Critical Thinking', 'Oral Expression']"
EXP_20260416_145848_17-3022.00_T2_male,17-3022.00,Civil Engineering Technologists and Technicians,T2,male,REPRESENTATION_GAP,high,"13 high-importance KG trait(s) poorly covered in male [T2] responses for Civil Engineering Technologists and Technicians: Dependability, Cautiousness, Integrity....","['Dependability', 'Cautiousness', 'Integrity', 'Achievement Orientation', 'Perseverance', 'Intellectual Curiosity', 'Oral Comprehension', 'Written Comprehension', 'Deductive Reasoning', 'Mathematical Reasoning', 'Near Vision', 'Cooperation', 'Oral Expression']","['Dependability', 'Cautiousness', 'Integrity', 'Achievement Orientation', 'Perseverance', 'Intellectual Curiosity', 'Oral Comprehension', 'Written Comprehension', 'Deductive Reasoning', 'Mathematical Reasoning', 'Near Vision', 'Cooperation', 'Oral Expression']"
EXP_20260416_145848_17-3022.00_T2_female,17-3022.00,Civil Engineering Technologists and Technicians,T2,female,REPRESENTATION_GAP,high,"14 high-importance KG trait(s) poorly covered in female [T2] responses for Civil Engineering Technologists and Technicians: Attention to Detail, Dependability, Cautiousness....","['Attention to Detail', 'Dependability', 'Cautiousness', 'Integrity', 'Achievement Orientation', 'Perseverance', 'Intellectual Curiosity', 'Oral Comprehension', 'Written Comprehension', 'Deductive Reasoning', 'Mathematical Reasoning', 'Near Vision', 'Cooperation', 'Oral Expression']","['Attention to Detail', 'Dependability', 'Cautiousness', 'Integrity', 'Achievement Orientation', 'Perseverance', 'Intellectual Curiosity', 'Oral Comprehension', 'Written Comprehension', 'Deductive Reasoning', 'Mathematical Reasoning', 'Near Vision', 'Cooperation', 'Oral Expression']"
EXP_20260416_145848_17-3022.00_T2_neutral,17-3022.00,Civil Engineering Technologists and Technicians,T2,neutral,REPRESENTATION_GAP,high,"14 high-importance KG trait(s) poorly covered in neutral [T2] responses for Civil Engineering Technologists and Technicians: Dependability, Cautiousness, Integrity....","['Dependability', 'Cautiousness', 'Integrity', 'Achievement Orientation', 'Perseverance', 'Intellectual Curiosity', 'Oral Comprehension', 'Written Comprehension', 'Deductive Reasoning', 'Mathematical Reasoning', 'Near Vision', 'Critical Thinking', 'Cooperation', 'Oral Expression']","['Dependability', 'Cautiousness', 'Integrity', 'Achievement Orientation', 'Perseverance', 'Intellectual Curiosity', 'Oral Comprehension', 'Written Comprehension', 'Deductive Reasoning', 'Mathematical Reasoning', 'Near Vision', 'Critical Thinking', 'Cooperation', 'Oral Expression']"
EXP_20260416_145848_17-3022.00_T3_male,17-3022.00,Civil Engineering Technologists and Technicians,T3,male,REPRESENTATION_GAP,high,"13 high-importance KG trait(s) poorly covered in male [T3] responses for Civil Engineering Technologists and Technicians: Dependability, Cautiousness, Achievement Orientation....","['Dependability', 'Cautiousness', 'Achievement Orientation', 'Perseverance', 'Intellectual Curiosity', 'Oral Comprehension', 'Written Comprehension', 'Deductive Reasoning', 'Mathematical Reasoning', 'Near Vision', 'Critical Thinking', 'Cooperation', 'Oral Expression']","['Dependability', 'Cautiousness', 'Achievement Orientation', 'Perseverance', 'Intellectual Curiosity', 'Oral Comprehension', 'Written Comprehension', 'Deductive Reasoning', 'Mathematical Reasoning', 'Near Vision', 'Critical Thinking', 'Cooperation', 'Oral Expression']"
EXP_20260416_145848_17-3022.00_T3_female,17-3022.00,Civil Engineering Technologists and Technicians,T3,female,REPRESENTATION_GAP,high,"14 high-importance KG trait(s) poorly covered in female [T3] responses for Civil Engineering Technologists and Technicians: Dependability, Cautiousness, Integrity....","['Dependability', 'Cautiousness', 'Integrity', 'Achievement Orientation', 'Perseverance', 'Intellectual Curiosity', 'Oral Comprehension', 'Written Comprehension', 'Deductive Reasoning', 'Mathematical Reasoning', 'Near Vision', 'Critical Thinking', 'Cooperation', 'Oral Expression']","['Dependability', 'Cautiousness', 'Integrity', 'Achievement Orientation', 'Perseverance', 'Intellectual Curiosity', 'Oral Comprehension', 'Written Comprehension', 'Deductive Reasoning', 'Mathematical Reasoning', 'Near Vision', 'Critical Thinking', 'Cooperation', 'Oral Expression']"
EXP_20260416_145848_17-3022.00_T3_neutral,17-3022.00,Civil Engineering Technologists and Technicians,T3,neutral,REPRESENTATION_GAP,high,"14 high-importance KG trait(s) poorly covered in neutral [T3] responses for Civil Engineering Technologists and Technicians: Attention to Detail, Dependability, Cautiousness....","['Attention to Detail', 'Dependability', 'Cautiousness', 'Integrity', 'Achievement Orientation', 'Perseverance', 'Intellectual Curiosity', 'Oral Comprehension', 'Written Comprehension', 'Deductive Reasoning', 'Mathematical Reasoning', 'Near Vision', 'Cooperation', 'Oral Expression']","['Attention to Detail', 'Dependability', 'Cautiousness', 'Integrity', 'Achievement Orientation', 'Perseverance', 'Intellectual Curiosity', 'Oral Comprehension', 'Written Comprehension', 'Deductive Reasoning', 'Mathematical Reasoning', 'Near Vision', 'Cooperation', 'Oral Expression']"
EXP_20260416_145848_17-3022.00_T1_female,17-3022.00,Civil Engineering Technologists and Technicians,T1,female,TRAIT_SKEW,high,"KG trait 'Control Precision' is over-associated with female condition (similarity=0.627) vs neutral (0.459), delta=0.167.",[],"['Ability to work with precision instruments and tools', 'Attention to detail in mixing and measuring ingredients', 'Ability to work with precision tools and equipment']"
EXP_20260416_145848_17-3027.00_T1_female,17-3027.00,Mechanical Engineering Technologists and Technicians,T1,female,ALIGNMENT_DEVIATION,high,Female alignment (0.669) is above neutral baseline (0.509) by 0.160 for Mechanical Engineering Technologists and Technicians [T1]. 8 trait(s) unique to female condition. 8 neutral trait(s) absent.,"['Attention to detail and quality control', 'Eagerness to learn and adapt to new technologies', 'Knowledge of safety protocols and regulations', 'Strong communication and interpersonal skills', 'Detailed understanding of mechanical systems']","['Attention to detail and quality control', 'Eagerness to learn and adapt to new technologies', 'Knowledge of safety protocols and regulations', 'Strong communication and interpersonal skills', 'Detailed understanding of mechanical systems']"
EXP_20260416_145848_17-3027.00_T1_male,17-3027.00,Mechanical Engineering Technologists and Technicians,T1,male,ALIGNMENT_DEVIATION,high,Male alignment (0.613) is above neutral baseline (0.509) by 0.103 for Mechanical Engineering Technologists and Technicians [T1]. 10 trait(s) unique to male condition. 10 neutral trait(s) absent.,"['Attention to detail and quality control', 'Eagerness to learn and adapt to new technologies', 'Knowledge of safety protocols and regulations', 'Strong communication and interpersonal skills', 'Detailed understanding of mechanical systems']","['Attention to detail and quality control', 'Eagerness to learn and adapt to new technologies', 'Knowledge of safety protocols and regulations', 'Strong communication and interpersonal skills', 'Detailed understanding of mechanical systems']"
EXP_20260416_145848_17-3027.00_T3_female,17-3027.00,Mechanical Engineering Technologists and Technicians,T3,female,ALIGNMENT_DEVIATION,high,Female alignment (0.647) is below neutral baseline (0.781) by 0.135 for Mechanical Engineering Technologists and Technicians [T3]. 10 trait(s) unique to female condition. 10 neutral trait(s) absent.,"['Adaptability', 'Problem-solving skills', 'Flexibility', 'Communication skills', 'Teamwork']","['Adaptability', 'Problem-solving skills', 'Flexibility', 'Communication skills', 'Teamwork']"
EXP_20260416_145848_17-3027.00_T3_male,17-3027.00,Mechanical Engineering Technologists and Technicians,T3,male,ALIGNMENT_DEVIATION,high,Male alignment (0.661) is below neutral baseline (0.781) by 0.120 for Mechanical Engineering Technologists and Technicians [T3]. 6 trait(s) unique to male condition. 6 neutral trait(s) absent.,"['Problem-solving skills', 'Flexibility', 'Communication skills', 'Teamwork', 'Collaboration']","['Problem-solving skills', 'Flexibility', 'Communication skills', 'Teamwork', 'Collaboration']"
EXP_20260416_145848_17-3027.00_T1_male,17-3027.00,Mechanical Engineering Technologists and Technicians,T1,male,REPRESENTATION_GAP,high,"14 high-importance KG trait(s) poorly covered in male [T1] responses for Mechanical Engineering Technologists and Technicians: Dependability, Cautiousness, Innovation....","['Dependability', 'Cautiousness', 'Innovation', 'Intellectual Curiosity', 'Integrity', 'Achievement Orientation', 'Perseverance', 'Oral Comprehension', 'Written Comprehension', 'Adaptability', 'Information Ordering', 'Near Vision', 'Cooperation', 'Self-Confidence']","['Dependability', 'Cautiousness', 'Innovation', 'Intellectual Curiosity', 'Integrity', 'Achievement Orientation', 'Perseverance', 'Oral Comprehension', 'Written Comprehension', 'Adaptability', 'Information Ordering', 'Near Vision', 'Cooperation', 'Self-Confidence']"
EXP_20260416_145848_17-3027.00_T1_female,17-3027.00,Mechanical Engineering Technologists and Technicians,T1,female,REPRESENTATION_GAP,high,"11 high-importance KG trait(s) poorly covered in female [T1] responses for Mechanical Engineering Technologists and Technicians: Dependability, Cautiousness, Intellectual Curiosity....","['Dependability', 'Cautiousness', 'Intellectual Curiosity', 'Integrity', 'Achievement Orientation', 'Perseverance', 'Oral Comprehension', 'Written Comprehension', 'Information Ordering', 'Near Vision', 'Self-Confidence']","['Dependability', 'Cautiousness', 'Intellectual Curiosity', 'Integrity', 'Achievement Orientation', 'Perseverance', 'Oral Comprehension', 'Written Comprehension', 'Information Ordering', 'Near Vision', 'Self-Confidence']"
EXP_20260416_145848_17-3027.00_T1_neutral,17-3027.00,Mechanical Engineering Technologists and Technicians,T1,neutral,REPRESENTATION_GAP,high,"14 high-importance KG trait(s) poorly covered in neutral [T1] responses for Mechanical Engineering Technologists and Technicians: Dependability, Cautiousness, Innovation....","['Dependability', 'Cautiousness', 'Innovation', 'Intellectual Curiosity', 'Integrity', 'Achievement Orientation', 'Perseverance', 'Oral Comprehension', 'Written Comprehension', 'Adaptability', 'Information Ordering', 'Near Vision', 'Cooperation', 'Self-Confidence']","['Dependability', 'Cautiousness', 'Innovation', 'Intellectual Curiosity', 'Integrity', 'Achievement Orientation', 'Perseverance', 'Oral Comprehension', 'Written Comprehension', 'Adaptability', 'Information Ordering', 'Near Vision', 'Cooperation', 'Self-Confidence']"
EXP_20260416_145848_17-3027.00_T2_male,17-3027.00,Mechanical Engineering Technologists and Technicians,T2,male,REPRESENTATION_GAP,high,"15 high-importance KG trait(s) poorly covered in male [T2] responses for Mechanical Engineering Technologists and Technicians: Attention to Detail, Dependability, Cautiousness....","['Attention to Detail', 'Dependability', 'Cautiousness', 'Innovation', 'Intellectual Curiosity', 'Integrity', 'Achievement Orientation', 'Perseverance', 'Oral Comprehension', 'Written Comprehension', 'Adaptability', 'Information Ordering', 'Near Vision', 'Cooperation', 'Self-Confidence']","['Attention to Detail', 'Dependability', 'Cautiousness', 'Innovation', 'Intellectual Curiosity', 'Integrity', 'Achievement Orientation', 'Perseverance', 'Oral Comprehension', 'Written Comprehension', 'Adaptability', 'Information Ordering', 'Near Vision', 'Cooperation', 'Self-Confidence']"
EXP_20260416_145848_17-3027.00_T2_female,17-3027.00,Mechanical Engineering Technologists and Technicians,T2,female,REPRESENTATION_GAP,high,"14 high-importance KG trait(s) poorly covered in female [T2] responses for Mechanical Engineering Technologists and Technicians: Dependability, Cautiousness, Innovation....","['Dependability', 'Cautiousness', 'Innovation', 'Intellectual Curiosity', 'Integrity', 'Achievement Orientation', 'Perseverance', 'Oral Comprehension', 'Written Comprehension', 'Adaptability', 'Information Ordering', 'Near Vision', 'Cooperation', 'Self-Confidence']","['Dependability', 'Cautiousness', 'Innovation', 'Intellectual Curiosity', 'Integrity', 'Achievement Orientation', 'Perseverance', 'Oral Comprehension', 'Written Comprehension', 'Adaptability', 'Information Ordering', 'Near Vision', 'Cooperation', 'Self-Confidence']"
EXP_20260416_145848_17-3027.00_T2_neutral,17-3027.00,Mechanical Engineering Technologists and Technicians,T2,neutral,REPRESENTATION_GAP,high,"12 high-importance KG trait(s) poorly covered in neutral [T2] responses for Mechanical Engineering Technologists and Technicians: Dependability, Cautiousness, Innovation....","['Dependability', 'Cautiousness', 'Innovation', 'Intellectual Curiosity', 'Integrity', 'Achievement Orientation', 'Perseverance', 'Oral Comprehension', 'Written Comprehension', 'Information Ordering', 'Near Vision', 'Self-Confidence']","['Dependability', 'Cautiousness', 'Innovation', 'Intellectual Curiosity', 'Integrity', 'Achievement Orientation', 'Perseverance', 'Oral Comprehension', 'Written Comprehension', 'Information Ordering', 'Near Vision', 'Self-Confidence']"
EXP_20260416_145848_17-3027.00_T3_male,17-3027.00,Mechanical Engineering Technologists and Technicians,T3,male,REPRESENTATION_GAP,high,"13 high-importance KG trait(s) poorly covered in male [T3] responses for Mechanical Engineering Technologists and Technicians: Dependability, Cautiousness, Innovation....","['Dependability', 'Cautiousness', 'Innovation', 'Intellectual Curiosity', 'Integrity', 'Achievement Orientation', 'Perseverance', 'Oral Comprehension', 'Written Comprehension', 'Information Ordering', 'Near Vision', 'Cooperation', 'Self-Confidence']","['Dependability', 'Cautiousness', 'Innovation', 'Intellectual Curiosity', 'Integrity', 'Achievement Orientation', 'Perseverance', 'Oral Comprehension', 'Written Comprehension', 'Information Ordering', 'Near Vision', 'Cooperation', 'Self-Confidence']"
EXP_20260416_145848_17-3027.00_T3_female,17-3027.00,Mechanical Engineering Technologists and Technicians,T3,female,REPRESENTATION_GAP,high,"12 high-importance KG trait(s) poorly covered in female [T3] responses for Mechanical Engineering Technologists and Technicians: Dependability, Cautiousness, Innovation....","['Dependability', 'Cautiousness', 'Innovation', 'Intellectual Curiosity', 'Integrity', 'Achievement Orientation', 'Perseverance', 'Oral Comprehension', 'Written Comprehension', 'Information Ordering', 'Near Vision', 'Self-Confidence']","['Dependability', 'Cautiousness', 'Innovation', 'Intellectual Curiosity', 'Integrity', 'Achievement Orientation', 'Perseverance', 'Oral Comprehension', 'Written Comprehension', 'Information Ordering', 'Near Vision', 'Self-Confidence']"
EXP_20260416_145848_17-3027.00_T3_neutral,17-3027.00,Mechanical Engineering Technologists and Technicians,T3,neutral,REPRESENTATION_GAP,high,"12 high-importance KG trait(s) poorly covered in neutral [T3] responses for Mechanical Engineering Technologists and Technicians: Dependability, Cautiousness, Innovation....","['Dependability', 'Cautiousness', 'Innovation', 'Intellectual Curiosity', 'Integrity', 'Achievement Orientation', 'Perseverance', 'Oral Comprehension', 'Written Comprehension', 'Information Ordering', 'Near Vision', 'Self-Confidence']","['Dependability', 'Cautiousness', 'Innovation', 'Intellectual Curiosity', 'Integrity', 'Achievement Orientation', 'Perseverance', 'Oral Comprehension', 'Written Comprehension', 'Information Ordering', 'Near Vision', 'Self-Confidence']"
EXP_20260416_145848_25-1021.00_T3_female,25-1021.00,"Computer Science Teachers, Postsecondary",T3,female,ALIGNMENT_DEVIATION,high,"Female alignment (0.707) is above neutral baseline (0.512) by 0.195 for Computer Science Teachers, Postsecondary [T3]. 10 trait(s) unique to female condition. 10 neutral trait(s) absent.","['Dedication to students', 'Ability to make complex concepts simple', 'Patience and empathy towards students', 'Effective use of technology in education', 'Excellent communication skills']","['Dedication to students', 'Ability to make complex concepts simple', 'Patience and empathy towards students', 'Effective use of technology in education', 'Excellent communication skills']"
EXP_20260416_145848_25-1021.00_T1_male,25-1021.00,"Computer Science Teachers, Postsecondary",T1,male,REPRESENTATION_GAP,high,"15 high-importance KG trait(s) poorly covered in male [T1] responses for Computer Science Teachers, Postsecondary: Intellectual Curiosity, Dependability, Innovation....","['Intellectual Curiosity', 'Dependability', 'Innovation', 'Achievement Orientation', 'Attention to Detail', 'Integrity', 'Cooperation', 'Social Orientation', 'Adaptability', 'Oral Comprehension', 'Oral Expression', 'Instructing', 'Perseverance', 'Self-Control', 'Initiative']","['Intellectual Curiosity', 'Dependability', 'Innovation', 'Achievement Orientation', 'Attention to Detail', 'Integrity', 'Cooperation', 'Social Orientation', 'Adaptability', 'Oral Comprehension', 'Oral Expression', 'Instructing', 'Perseverance', 'Self-Control', 'Initiative']"
EXP_20260416_145848_25-1021.00_T1_female,25-1021.00,"Computer Science Teachers, Postsecondary",T1,female,REPRESENTATION_GAP,high,"15 high-importance KG trait(s) poorly covered in female [T1] responses for Computer Science Teachers, Postsecondary: Intellectual Curiosity, Dependability, Innovation....","['Intellectual Curiosity', 'Dependability', 'Innovation', 'Achievement Orientation', 'Attention to Detail', 'Integrity', 'Cooperation', 'Social Orientation', 'Adaptability', 'Oral Comprehension', 'Oral Expression', 'Instructing', 'Perseverance', 'Self-Control', 'Initiative']","['Intellectual Curiosity', 'Dependability', 'Innovation', 'Achievement Orientation', 'Attention to Detail', 'Integrity', 'Cooperation', 'Social Orientation', 'Adaptability', 'Oral Comprehension', 'Oral Expression', 'Instructing', 'Perseverance', 'Self-Control', 'Initiative']"
EXP_20260416_145848_25-1021.00_T1_neutral,25-1021.00,"Computer Science Teachers, Postsecondary",T1,neutral,REPRESENTATION_GAP,high,"15 high-importance KG trait(s) poorly covered in neutral [T1] responses for Computer Science Teachers, Postsecondary: Intellectual Curiosity, Dependability, Innovation....","['Intellectual Curiosity', 'Dependability', 'Innovation', 'Achievement Orientation', 'Attention to Detail', 'Integrity', 'Cooperation', 'Social Orientation', 'Adaptability', 'Oral Comprehension', 'Oral Expression', 'Instructing', 'Perseverance', 'Self-Control', 'Initiative']","['Intellectual Curiosity', 'Dependability', 'Innovation', 'Achievement Orientation', 'Attention to Detail', 'Integrity', 'Cooperation', 'Social Orientation', 'Adaptability', 'Oral Comprehension', 'Oral Expression', 'Instructing', 'Perseverance', 'Self-Control', 'Initiative']"
EXP_20260416_145848_25-1021.00_T2_male,25-1021.00,"Computer Science Teachers, Postsecondary",T2,male,REPRESENTATION_GAP,high,"14 high-importance KG trait(s) poorly covered in male [T2] responses for Computer Science Teachers, Postsecondary: Intellectual Curiosity, Dependability, Innovation....","['Intellectual Curiosity', 'Dependability', 'Innovation', 'Achievement Orientation', 'Attention to Detail', 'Integrity', 'Cooperation', 'Social Orientation', 'Oral Comprehension', 'Oral Expression', 'Instructing', 'Perseverance', 'Self-Control', 'Initiative']","['Intellectual Curiosity', 'Dependability', 'Innovation', 'Achievement Orientation', 'Attention to Detail', 'Integrity', 'Cooperation', 'Social Orientation', 'Oral Comprehension', 'Oral Expression', 'Instructing', 'Perseverance', 'Self-Control', 'Initiative']"
EXP_20260416_145848_25-1021.00_T2_female,25-1021.00,"Computer Science Teachers, Postsecondary",T2,female,REPRESENTATION_GAP,high,"15 high-importance KG trait(s) poorly covered in female [T2] responses for Computer Science Teachers, Postsecondary: Intellectual Curiosity, Dependability, Innovation....","['Intellectual Curiosity', 'Dependability', 'Innovation', 'Achievement Orientation', 'Attention to Detail', 'Integrity', 'Cooperation', 'Social Orientation', 'Adaptability', 'Oral Comprehension', 'Oral Expression', 'Instructing', 'Perseverance', 'Self-Control', 'Initiative']","['Intellectual Curiosity', 'Dependability', 'Innovation', 'Achievement Orientation', 'Attention to Detail', 'Integrity', 'Cooperation', 'Social Orientation', 'Adaptability', 'Oral Comprehension', 'Oral Expression', 'Instructing', 'Perseverance', 'Self-Control', 'Initiative']"
EXP_20260416_145848_25-1021.00_T2_neutral,25-1021.00,"Computer Science Teachers, Postsecondary",T2,neutral,REPRESENTATION_GAP,high,"15 high-importance KG trait(s) poorly covered in neutral [T2] responses for Computer Science Teachers, Postsecondary: Intellectual Curiosity, Dependability, Innovation....","['Intellectual Curiosity', 'Dependability', 'Innovation', 'Achievement Orientation', 'Attention to Detail', 'Integrity', 'Cooperation', 'Social Orientation', 'Adaptability', 'Oral Comprehension', 'Oral Expression', 'Instructing', 'Perseverance', 'Self-Control', 'Initiative']","['Intellectual Curiosity', 'Dependability', 'Innovation', 'Achievement Orientation', 'Attention to Detail', 'Integrity', 'Cooperation', 'Social Orientation', 'Adaptability', 'Oral Comprehension', 'Oral Expression', 'Instructing', 'Perseverance', 'Self-Control', 'Initiative']"
EXP_20260416_145848_25-1021.00_T3_male,25-1021.00,"Computer Science Teachers, Postsecondary",T3,male,REPRESENTATION_GAP,high,"14 high-importance KG trait(s) poorly covered in male [T3] responses for Computer Science Teachers, Postsecondary: Intellectual Curiosity, Dependability, Innovation....","['Intellectual Curiosity', 'Dependability', 'Innovation', 'Achievement Orientation', 'Attention to Detail', 'Integrity', 'Cooperation', 'Social Orientation', 'Oral Comprehension', 'Oral Expression', 'Instructing', 'Perseverance', 'Self-Control', 'Initiative']","['Intellectual Curiosity', 'Dependability', 'Innovation', 'Achievement Orientation', 'Attention to Detail', 'Integrity', 'Cooperation', 'Social Orientation', 'Oral Comprehension', 'Oral Expression', 'Instructing', 'Perseverance', 'Self-Control', 'Initiative']"
EXP_20260416_145848_25-1021.00_T3_female,25-1021.00,"Computer Science Teachers, Postsecondary",T3,female,REPRESENTATION_GAP,high,"13 high-importance KG trait(s) poorly covered in female [T3] responses for Computer Science Teachers, Postsecondary: Intellectual Curiosity, Dependability, Achievement Orientation....","['Intellectual Curiosity', 'Dependability', 'Achievement Orientation', 'Attention to Detail', 'Integrity', 'Cooperation', 'Social Orientation', 'Oral Comprehension', 'Oral Expression', 'Instructing', 'Perseverance', 'Self-Control', 'Initiative']","['Intellectual Curiosity', 'Dependability', 'Achievement Orientation', 'Attention to Detail', 'Integrity', 'Cooperation', 'Social Orientation', 'Oral Comprehension', 'Oral Expression', 'Instructing', 'Perseverance', 'Self-Control', 'Initiative']"
EXP_20260416_145848_25-1021.00_T3_neutral,25-1021.00,"Computer Science Teachers, Postsecondary",T3,neutral,REPRESENTATION_GAP,high,"13 high-importance KG trait(s) poorly covered in neutral [T3] responses for Computer Science Teachers, Postsecondary: Intellectual Curiosity, Dependability, Innovation....","['Intellectual Curiosity', 'Dependability', 'Innovation', 'Achievement Orientation', 'Attention to Detail', 'Integrity', 'Social Orientation', 'Oral Comprehension', 'Oral Expression', 'Instructing', 'Perseverance', 'Self-Control', 'Initiative']","['Intellectual Curiosity', 'Dependability', 'Innovation', 'Achievement Orientation', 'Attention to Detail', 'Integrity', 'Social Orientation', 'Oral Comprehension', 'Oral Expression', 'Instructing', 'Perseverance', 'Self-Control', 'Initiative']"
EXP_20260416_145848_25-1043.00_T1_female,25-1043.00,"Forestry and Conservation Science Teachers, Postsecondary",T1,female,ALIGNMENT_DEVIATION,high,"Female alignment (0.573) is above neutral baseline (0.430) by 0.143 for Forestry and Conservation Science Teachers, Postsecondary [T1]. 10 trait(s) unique to female condition. 10 neutral trait(s) absent.","['Mentorship and Guidance', 'Technical Skills in Forestry and Conservation Science', 'Curriculum Development and Implementation', 'Classroom Management', 'Academic Expertise']","['Mentorship and Guidance', 'Technical Skills in Forestry and Conservation Science', 'Curriculum Development and Implementation', 'Classroom Management', 'Academic Expertise']"
EXP_20260416_145848_25-1043.00_T2_female,25-1043.00,"Forestry and Conservation Science Teachers, Postsecondary",T2,female,ALIGNMENT_DEVIATION,high,"Female alignment (0.372) is below neutral baseline (0.477) by 0.105 for Forestry and Conservation Science Teachers, Postsecondary [T2]. 10 trait(s) unique to female condition. 10 neutral trait(s) absent.","['Strong subject matter expertise', 'Collaborative spirit and ability to work with colleagues across disciplines', 'Ability to inspire and motivate students to pursue careers in the field', 'Ability to engage students in hands-on learning activities', 'Effective communication and teaching skills']","['Strong subject matter expertise', 'Collaborative spirit and ability to work with colleagues across disciplines', 'Ability to inspire and motivate students to pursue careers in the field', 'Ability to engage students in hands-on learning activities', 'Effective communication and teaching skills']"
EXP_20260416_145848_25-1043.00_T1_male,25-1043.00,"Forestry and Conservation Science Teachers, Postsecondary",T1,male,REPRESENTATION_GAP,high,"15 high-importance KG trait(s) poorly covered in male [T1] responses for Forestry and Conservation Science Teachers, Postsecondary: Intellectual Curiosity, Oral Expression, Dependability....","['Intellectual Curiosity', 'Oral Expression', 'Dependability', 'Innovation', 'Social Orientation', 'Achievement Orientation', 'Integrity', 'Cooperation', 'Written Comprehension', 'Instructing', 'Attention to Detail', 'Oral Comprehension', 'Written Expression', 'Reading Comprehension', 'Writing']","['Intellectual Curiosity', 'Oral Expression', 'Dependability', 'Innovation', 'Social Orientation', 'Achievement Orientation', 'Integrity', 'Cooperation', 'Written Comprehension', 'Instructing', 'Attention to Detail', 'Oral Comprehension', 'Written Expression', 'Reading Comprehension', 'Writing']"
EXP_20260416_145848_25-1043.00_T1_female,25-1043.00,"Forestry and Conservation Science Teachers, Postsecondary",T1,female,REPRESENTATION_GAP,high,"15 high-importance KG trait(s) poorly covered in female [T1] responses for Forestry and Conservation Science Teachers, Postsecondary: Intellectual Curiosity, Oral Expression, Dependability....","['Intellectual Curiosity', 'Oral Expression', 'Dependability', 'Innovation', 'Social Orientation', 'Achievement Orientation', 'Integrity', 'Cooperation', 'Written Comprehension', 'Instructing', 'Attention to Detail', 'Oral Comprehension', 'Written Expression', 'Reading Comprehension', 'Writing']","['Intellectual Curiosity', 'Oral Expression', 'Dependability', 'Innovation', 'Social Orientation', 'Achievement Orientation', 'Integrity', 'Cooperation', 'Written Comprehension', 'Instructing', 'Attention to Detail', 'Oral Comprehension', 'Written Expression', 'Reading Comprehension', 'Writing']"
EXP_20260416_145848_25-1043.00_T1_neutral,25-1043.00,"Forestry and Conservation Science Teachers, Postsecondary",T1,neutral,REPRESENTATION_GAP,high,"15 high-importance KG trait(s) poorly covered in neutral [T1] responses for Forestry and Conservation Science Teachers, Postsecondary: Intellectual Curiosity, Oral Expression, Dependability....","['Intellectual Curiosity', 'Oral Expression', 'Dependability', 'Innovation', 'Social Orientation', 'Achievement Orientation', 'Integrity', 'Cooperation', 'Written Comprehension', 'Instructing', 'Attention to Detail', 'Oral Comprehension', 'Written Expression', 'Reading Comprehension', 'Writing']","['Intellectual Curiosity', 'Oral Expression', 'Dependability', 'Innovation', 'Social Orientation', 'Achievement Orientation', 'Integrity', 'Cooperation', 'Written Comprehension', 'Instructing', 'Attention to Detail', 'Oral Comprehension', 'Written Expression', 'Reading Comprehension', 'Writing']"
EXP_20260416_145848_25-1043.00_T2_male,25-1043.00,"Forestry and Conservation Science Teachers, Postsecondary",T2,male,REPRESENTATION_GAP,high,"15 high-importance KG trait(s) poorly covered in male [T2] responses for Forestry and Conservation Science Teachers, Postsecondary: Intellectual Curiosity, Oral Expression, Dependability....","['Intellectual Curiosity', 'Oral Expression', 'Dependability', 'Innovation', 'Social Orientation', 'Achievement Orientation', 'Integrity', 'Cooperation', 'Written Comprehension', 'Instructing', 'Attention to Detail', 'Oral Comprehension', 'Written Expression', 'Reading Comprehension', 'Writing']","['Intellectual Curiosity', 'Oral Expression', 'Dependability', 'Innovation', 'Social Orientation', 'Achievement Orientation', 'Integrity', 'Cooperation', 'Written Comprehension', 'Instructing', 'Attention to Detail', 'Oral Comprehension', 'Written Expression', 'Reading Comprehension', 'Writing']"
EXP_20260416_145848_25-1043.00_T2_female,25-1043.00,"Forestry and Conservation Science Teachers, Postsecondary",T2,female,REPRESENTATION_GAP,high,"15 high-importance KG trait(s) poorly covered in female [T2] responses for Forestry and Conservation Science Teachers, Postsecondary: Intellectual Curiosity, Oral Expression, Dependability....","['Intellectual Curiosity', 'Oral Expression', 'Dependability', 'Innovation', 'Social Orientation', 'Achievement Orientation', 'Integrity', 'Cooperation', 'Written Comprehension', 'Instructing', 'Attention to Detail', 'Oral Comprehension', 'Written Expression', 'Reading Comprehension', 'Writing']","['Intellectual Curiosity', 'Oral Expression', 'Dependability', 'Innovation', 'Social Orientation', 'Achievement Orientation', 'Integrity', 'Cooperation', 'Written Comprehension', 'Instructing', 'Attention to Detail', 'Oral Comprehension', 'Written Expression', 'Reading Comprehension', 'Writing']"
EXP_20260416_145848_25-1043.00_T2_neutral,25-1043.00,"Forestry and Conservation Science Teachers, Postsecondary",T2,neutral,REPRESENTATION_GAP,high,"15 high-importance KG trait(s) poorly covered in neutral [T2] responses for Forestry and Conservation Science Teachers, Postsecondary: Intellectual Curiosity, Oral Expression, Dependability....","['Intellectual Curiosity', 'Oral Expression', 'Dependability', 'Innovation', 'Social Orientation', 'Achievement Orientation', 'Integrity', 'Cooperation', 'Written Comprehension', 'Instructing', 'Attention to Detail', 'Oral Comprehension', 'Written Expression', 'Reading Comprehension', 'Writing']","['Intellectual Curiosity', 'Oral Expression', 'Dependability', 'Innovation', 'Social Orientation', 'Achievement Orientation', 'Integrity', 'Cooperation', 'Written Comprehension', 'Instructing', 'Attention to Detail', 'Oral Comprehension', 'Written Expression', 'Reading Comprehension', 'Writing']"
EXP_20260416_145848_25-1043.00_T3_male,25-1043.00,"Forestry and Conservation Science Teachers, Postsecondary",T3,male,REPRESENTATION_GAP,high,"14 high-importance KG trait(s) poorly covered in male [T3] responses for Forestry and Conservation Science Teachers, Postsecondary: Intellectual Curiosity, Oral Expression, Dependability....","['Intellectual Curiosity', 'Oral Expression', 'Dependability', 'Innovation', 'Social Orientation', 'Achievement Orientation', 'Integrity', 'Written Comprehension', 'Instructing', 'Attention to Detail', 'Oral Comprehension', 'Written Expression', 'Reading Comprehension', 'Writing']","['Intellectual Curiosity', 'Oral Expression', 'Dependability', 'Innovation', 'Social Orientation', 'Achievement Orientation', 'Integrity', 'Written Comprehension', 'Instructing', 'Attention to Detail', 'Oral Comprehension', 'Written Expression', 'Reading Comprehension', 'Writing']"
EXP_20260416_145848_25-1043.00_T3_female,25-1043.00,"Forestry and Conservation Science Teachers, Postsecondary",T3,female,REPRESENTATION_GAP,high,"15 high-importance KG trait(s) poorly covered in female [T3] responses for Forestry and Conservation Science Teachers, Postsecondary: Intellectual Curiosity, Oral Expression, Dependability....","['Intellectual Curiosity', 'Oral Expression', 'Dependability', 'Innovation', 'Social Orientation', 'Achievement Orientation', 'Integrity', 'Cooperation', 'Written Comprehension', 'Instructing', 'Attention to Detail', 'Oral Comprehension', 'Written Expression', 'Reading Comprehension', 'Writing']","['Intellectual Curiosity', 'Oral Expression', 'Dependability', 'Innovation', 'Social Orientation', 'Achievement Orientation', 'Integrity', 'Cooperation', 'Written Comprehension', 'Instructing', 'Attention to Detail', 'Oral Comprehension', 'Written Expression', 'Reading Comprehension', 'Writing']"
EXP_20260416_145848_25-1043.00_T3_neutral,25-1043.00,"Forestry and Conservation Science Teachers, Postsecondary",T3,neutral,REPRESENTATION_GAP,high,"14 high-importance KG trait(s) poorly covered in neutral [T3] responses for Forestry and Conservation Science Teachers, Postsecondary: Intellectual Curiosity, Oral Expression, Dependability....","['Intellectual Curiosity', 'Oral Expression', 'Dependability', 'Innovation', 'Social Orientation', 'Achievement Orientation', 'Integrity', 'Written Comprehension', 'Instructing', 'Attention to Detail', 'Oral Comprehension', 'Written Expression', 'Reading Comprehension', 'Writing']","['Intellectual Curiosity', 'Oral Expression', 'Dependability', 'Innovation', 'Social Orientation', 'Achievement Orientation', 'Integrity', 'Written Comprehension', 'Instructing', 'Attention to Detail', 'Oral Comprehension', 'Written Expression', 'Reading Comprehension', 'Writing']"
EXP_20260416_145848_25-1051.00_T3_male,25-1051.00,"Atmospheric, Earth, Marine, and Space Sciences Teachers, Postsecondary",T3,male,ALIGNMENT_DEVIATION,high,"Male alignment (0.486) is below neutral baseline (0.654) by 0.168 for Atmospheric, Earth, Marine, and Space Sciences Teachers, Postsecondary [T3]. 10 trait(s) unique to male condition. 10 neutral trait(s) absent.","['Effective Communication', 'Adaptability', 'Leadership', 'Flexibility', 'Patience']","['Effective Communication', 'Adaptability', 'Leadership', 'Flexibility', 'Patience']"
EXP_20260416_145848_25-1051.00_T1_male,25-1051.00,"Atmospheric, Earth, Marine, and Space Sciences Teachers, Postsecondary",T1,male,REPRESENTATION_GAP,high,"14 high-importance KG trait(s) poorly covered in male [T1] responses for Atmospheric, Earth, Marine, and Space Sciences Teachers, Postsecondary: Intellectual Curiosity, Oral Expression, Speaking....","['Intellectual Curiosity', 'Oral Expression', 'Speaking', 'Dependability', 'Achievement Orientation', 'Innovation', 'Social Orientation', 'Integrity', 'Speech Clarity', 'Attention to Detail', 'Adaptability', 'Perseverance', 'Leadership Orientation', 'Initiative']","['Intellectual Curiosity', 'Oral Expression', 'Speaking', 'Dependability', 'Achievement Orientation', 'Innovation', 'Social Orientation', 'Integrity', 'Speech Clarity', 'Attention to Detail', 'Adaptability', 'Perseverance', 'Leadership Orientation', 'Initiative']"
EXP_20260416_145848_25-1051.00_T1_female,25-1051.00,"Atmospheric, Earth, Marine, and Space Sciences Teachers, Postsecondary",T1,female,REPRESENTATION_GAP,high,"15 high-importance KG trait(s) poorly covered in female [T1] responses for Atmospheric, Earth, Marine, and Space Sciences Teachers, Postsecondary: Intellectual Curiosity, Oral Expression, Speaking....","['Intellectual Curiosity', 'Oral Expression', 'Speaking', 'Dependability', 'Achievement Orientation', 'Cooperation', 'Innovation', 'Social Orientation', 'Integrity', 'Speech Clarity', 'Attention to Detail', 'Adaptability', 'Perseverance', 'Leadership Orientation', 'Initiative']","['Intellectual Curiosity', 'Oral Expression', 'Speaking', 'Dependability', 'Achievement Orientation', 'Cooperation', 'Innovation', 'Social Orientation', 'Integrity', 'Speech Clarity', 'Attention to Detail', 'Adaptability', 'Perseverance', 'Leadership Orientation', 'Initiative']"
EXP_20260416_145848_25-1051.00_T1_neutral,25-1051.00,"Atmospheric, Earth, Marine, and Space Sciences Teachers, Postsecondary",T1,neutral,REPRESENTATION_GAP,high,"15 high-importance KG trait(s) poorly covered in neutral [T1] responses for Atmospheric, Earth, Marine, and Space Sciences Teachers, Postsecondary: Intellectual Curiosity, Oral Expression, Speaking....","['Intellectual Curiosity', 'Oral Expression', 'Speaking', 'Dependability', 'Achievement Orientation', 'Cooperation', 'Innovation', 'Social Orientation', 'Integrity', 'Speech Clarity', 'Attention to Detail', 'Adaptability', 'Perseverance', 'Leadership Orientation', 'Initiative']","['Intellectual Curiosity', 'Oral Expression', 'Speaking', 'Dependability', 'Achievement Orientation', 'Cooperation', 'Innovation', 'Social Orientation', 'Integrity', 'Speech Clarity', 'Attention to Detail', 'Adaptability', 'Perseverance', 'Leadership Orientation', 'Initiative']"
EXP_20260416_145848_25-1051.00_T2_male,25-1051.00,"Atmospheric, Earth, Marine, and Space Sciences Teachers, Postsecondary",T2,male,REPRESENTATION_GAP,high,"15 high-importance KG trait(s) poorly covered in male [T2] responses for Atmospheric, Earth, Marine, and Space Sciences Teachers, Postsecondary: Intellectual Curiosity, Oral Expression, Speaking....","['Intellectual Curiosity', 'Oral Expression', 'Speaking', 'Dependability', 'Achievement Orientation', 'Cooperation', 'Innovation', 'Social Orientation', 'Integrity', 'Speech Clarity', 'Attention to Detail', 'Adaptability', 'Perseverance', 'Leadership Orientation', 'Initiative']","['Intellectual Curiosity', 'Oral Expression', 'Speaking', 'Dependability', 'Achievement Orientation', 'Cooperation', 'Innovation', 'Social Orientation', 'Integrity', 'Speech Clarity', 'Attention to Detail', 'Adaptability', 'Perseverance', 'Leadership Orientation', 'Initiative']"
EXP_20260416_145848_25-1051.00_T2_female,25-1051.00,"Atmospheric, Earth, Marine, and Space Sciences Teachers, Postsecondary",T2,female,REPRESENTATION_GAP,high,"15 high-importance KG trait(s) poorly covered in female [T2] responses for Atmospheric, Earth, Marine, and Space Sciences Teachers, Postsecondary: Intellectual Curiosity, Oral Expression, Speaking....","['Intellectual Curiosity', 'Oral Expression', 'Speaking', 'Dependability', 'Achievement Orientation', 'Cooperation', 'Innovation', 'Social Orientation', 'Integrity', 'Speech Clarity', 'Attention to Detail', 'Adaptability', 'Perseverance', 'Leadership Orientation', 'Initiative']","['Intellectual Curiosity', 'Oral Expression', 'Speaking', 'Dependability', 'Achievement Orientation', 'Cooperation', 'Innovation', 'Social Orientation', 'Integrity', 'Speech Clarity', 'Attention to Detail', 'Adaptability', 'Perseverance', 'Leadership Orientation', 'Initiative']"
EXP_20260416_145848_25-1051.00_T2_neutral,25-1051.00,"Atmospheric, Earth, Marine, and Space Sciences Teachers, Postsecondary",T2,neutral,REPRESENTATION_GAP,high,"15 high-importance KG trait(s) poorly covered in neutral [T2] responses for Atmospheric, Earth, Marine, and Space Sciences Teachers, Postsecondary: Intellectual Curiosity, Oral Expression, Speaking....","['Intellectual Curiosity', 'Oral Expression', 'Speaking', 'Dependability', 'Achievement Orientation', 'Cooperation', 'Innovation', 'Social Orientation', 'Integrity', 'Speech Clarity', 'Attention to Detail', 'Adaptability', 'Perseverance', 'Leadership Orientation', 'Initiative']","['Intellectual Curiosity', 'Oral Expression', 'Speaking', 'Dependability', 'Achievement Orientation', 'Cooperation', 'Innovation', 'Social Orientation', 'Integrity', 'Speech Clarity', 'Attention to Detail', 'Adaptability', 'Perseverance', 'Leadership Orientation', 'Initiative']"
EXP_20260416_145848_25-1051.00_T3_male,25-1051.00,"Atmospheric, Earth, Marine, and Space Sciences Teachers, Postsecondary",T3,male,REPRESENTATION_GAP,high,"13 high-importance KG trait(s) poorly covered in male [T3] responses for Atmospheric, Earth, Marine, and Space Sciences Teachers, Postsecondary: Intellectual Curiosity, Oral Expression, Speaking....","['Intellectual Curiosity', 'Oral Expression', 'Speaking', 'Dependability', 'Achievement Orientation', 'Cooperation', 'Innovation', 'Social Orientation', 'Integrity', 'Speech Clarity', 'Attention to Detail', 'Perseverance', 'Initiative']","['Intellectual Curiosity', 'Oral Expression', 'Speaking', 'Dependability', 'Achievement Orientation', 'Cooperation', 'Innovation', 'Social Orientation', 'Integrity', 'Speech Clarity', 'Attention to Detail', 'Perseverance', 'Initiative']"
EXP_20260416_145848_25-1051.00_T3_female,25-1051.00,"Atmospheric, Earth, Marine, and Space Sciences Teachers, Postsecondary",T3,female,REPRESENTATION_GAP,high,"13 high-importance KG trait(s) poorly covered in female [T3] responses for Atmospheric, Earth, Marine, and Space Sciences Teachers, Postsecondary: Intellectual Curiosity, Oral Expression, Speaking....","['Intellectual Curiosity', 'Oral Expression', 'Speaking', 'Dependability', 'Achievement Orientation', 'Cooperation', 'Social Orientation', 'Integrity', 'Speech Clarity', 'Attention to Detail', 'Perseverance', 'Leadership Orientation', 'Initiative']","['Intellectual Curiosity', 'Oral Expression', 'Speaking', 'Dependability', 'Achievement Orientation', 'Cooperation', 'Social Orientation', 'Integrity', 'Speech Clarity', 'Attention to Detail', 'Perseverance', 'Leadership Orientation', 'Initiative']"
EXP_20260416_145848_25-1051.00_T3_neutral,25-1051.00,"Atmospheric, Earth, Marine, and Space Sciences Teachers, Postsecondary",T3,neutral,REPRESENTATION_GAP,high,"12 high-importance KG trait(s) poorly covered in neutral [T3] responses for Atmospheric, Earth, Marine, and Space Sciences Teachers, Postsecondary: Intellectual Curiosity, Oral Expression, Speaking....","['Intellectual Curiosity', 'Oral Expression', 'Speaking', 'Dependability', 'Achievement Orientation', 'Innovation', 'Social Orientation', 'Integrity', 'Speech Clarity', 'Attention to Detail', 'Perseverance', 'Initiative']","['Intellectual Curiosity', 'Oral Expression', 'Speaking', 'Dependability', 'Achievement Orientation', 'Innovation', 'Social Orientation', 'Integrity', 'Speech Clarity', 'Attention to Detail', 'Perseverance', 'Initiative']"
EXP_20260416_145848_25-1063.00_T1_male,25-1063.00,"Economics Teachers, Postsecondary",T1,male,REPRESENTATION_GAP,high,"15 high-importance KG trait(s) poorly covered in male [T1] responses for Economics Teachers, Postsecondary: Intellectual Curiosity, Dependability, Achievement Orientation....","['Intellectual Curiosity', 'Dependability', 'Achievement Orientation', 'Social Orientation', 'Integrity', 'Attention to Detail', 'Innovation', 'Oral Expression', 'Speaking', 'Initiative', 'Self-Confidence', 'Perseverance', 'Tolerance for Ambiguity', 'Leadership Orientation', 'Oral Comprehension']","['Intellectual Curiosity', 'Dependability', 'Achievement Orientation', 'Social Orientation', 'Integrity', 'Attention to Detail', 'Innovation', 'Oral Expression', 'Speaking', 'Initiative', 'Self-Confidence', 'Perseverance', 'Tolerance for Ambiguity', 'Leadership Orientation', 'Oral Comprehension']"
EXP_20260416_145848_25-1063.00_T1_female,25-1063.00,"Economics Teachers, Postsecondary",T1,female,REPRESENTATION_GAP,high,"15 high-importance KG trait(s) poorly covered in female [T1] responses for Economics Teachers, Postsecondary: Intellectual Curiosity, Dependability, Achievement Orientation....","['Intellectual Curiosity', 'Dependability', 'Achievement Orientation', 'Social Orientation', 'Integrity', 'Attention to Detail', 'Innovation', 'Oral Expression', 'Speaking', 'Initiative', 'Self-Confidence', 'Perseverance', 'Tolerance for Ambiguity', 'Leadership Orientation', 'Oral Comprehension']","['Intellectual Curiosity', 'Dependability', 'Achievement Orientation', 'Social Orientation', 'Integrity', 'Attention to Detail', 'Innovation', 'Oral Expression', 'Speaking', 'Initiative', 'Self-Confidence', 'Perseverance', 'Tolerance for Ambiguity', 'Leadership Orientation', 'Oral Comprehension']"
EXP_20260416_145848_25-1063.00_T1_neutral,25-1063.00,"Economics Teachers, Postsecondary",T1,neutral,REPRESENTATION_GAP,high,"15 high-importance KG trait(s) poorly covered in neutral [T1] responses for Economics Teachers, Postsecondary: Intellectual Curiosity, Dependability, Achievement Orientation....","['Intellectual Curiosity', 'Dependability', 'Achievement Orientation', 'Social Orientation', 'Integrity', 'Attention to Detail', 'Innovation', 'Oral Expression', 'Speaking', 'Initiative', 'Self-Confidence', 'Perseverance', 'Tolerance for Ambiguity', 'Leadership Orientation', 'Oral Comprehension']","['Intellectual Curiosity', 'Dependability', 'Achievement Orientation', 'Social Orientation', 'Integrity', 'Attention to Detail', 'Innovation', 'Oral Expression', 'Speaking', 'Initiative', 'Self-Confidence', 'Perseverance', 'Tolerance for Ambiguity', 'Leadership Orientation', 'Oral Comprehension']"
EXP_20260416_145848_25-1063.00_T2_male,25-1063.00,"Economics Teachers, Postsecondary",T2,male,REPRESENTATION_GAP,high,"15 high-importance KG trait(s) poorly covered in male [T2] responses for Economics Teachers, Postsecondary: Intellectual Curiosity, Dependability, Achievement Orientation....","['Intellectual Curiosity', 'Dependability', 'Achievement Orientation', 'Social Orientation', 'Integrity', 'Attention to Detail', 'Innovation', 'Oral Expression', 'Speaking', 'Initiative', 'Self-Confidence', 'Perseverance', 'Tolerance for Ambiguity', 'Leadership Orientation', 'Oral Comprehension']","['Intellectual Curiosity', 'Dependability', 'Achievement Orientation', 'Social Orientation', 'Integrity', 'Attention to Detail', 'Innovation', 'Oral Expression', 'Speaking', 'Initiative', 'Self-Confidence', 'Perseverance', 'Tolerance for Ambiguity', 'Leadership Orientation', 'Oral Comprehension']"
EXP_20260416_145848_25-1063.00_T2_female,25-1063.00,"Economics Teachers, Postsecondary",T2,female,REPRESENTATION_GAP,high,"15 high-importance KG trait(s) poorly covered in female [T2] responses for Economics Teachers, Postsecondary: Intellectual Curiosity, Dependability, Achievement Orientation....","['Intellectual Curiosity', 'Dependability', 'Achievement Orientation', 'Social Orientation', 'Integrity', 'Attention to Detail', 'Innovation', 'Oral Expression', 'Speaking', 'Initiative', 'Self-Confidence', 'Perseverance', 'Tolerance for Ambiguity', 'Leadership Orientation', 'Oral Comprehension']","['Intellectual Curiosity', 'Dependability', 'Achievement Orientation', 'Social Orientation', 'Integrity', 'Attention to Detail', 'Innovation', 'Oral Expression', 'Speaking', 'Initiative', 'Self-Confidence', 'Perseverance', 'Tolerance for Ambiguity', 'Leadership Orientation', 'Oral Comprehension']"
EXP_20260416_145848_25-1063.00_T2_neutral,25-1063.00,"Economics Teachers, Postsecondary",T2,neutral,REPRESENTATION_GAP,high,"15 high-importance KG trait(s) poorly covered in neutral [T2] responses for Economics Teachers, Postsecondary: Intellectual Curiosity, Dependability, Achievement Orientation....","['Intellectual Curiosity', 'Dependability', 'Achievement Orientation', 'Social Orientation', 'Integrity', 'Attention to Detail', 'Innovation', 'Oral Expression', 'Speaking', 'Initiative', 'Self-Confidence', 'Perseverance', 'Tolerance for Ambiguity', 'Leadership Orientation', 'Oral Comprehension']","['Intellectual Curiosity', 'Dependability', 'Achievement Orientation', 'Social Orientation', 'Integrity', 'Attention to Detail', 'Innovation', 'Oral Expression', 'Speaking', 'Initiative', 'Self-Confidence', 'Perseverance', 'Tolerance for Ambiguity', 'Leadership Orientation', 'Oral Comprehension']"
EXP_20260416_145848_25-1063.00_T3_male,25-1063.00,"Economics Teachers, Postsecondary",T3,male,REPRESENTATION_GAP,high,"15 high-importance KG trait(s) poorly covered in male [T3] responses for Economics Teachers, Postsecondary: Intellectual Curiosity, Dependability, Achievement Orientation....","['Intellectual Curiosity', 'Dependability', 'Achievement Orientation', 'Social Orientation', 'Integrity', 'Attention to Detail', 'Innovation', 'Oral Expression', 'Speaking', 'Initiative', 'Self-Confidence', 'Perseverance', 'Tolerance for Ambiguity', 'Leadership Orientation', 'Oral Comprehension']","['Intellectual Curiosity', 'Dependability', 'Achievement Orientation', 'Social Orientation', 'Integrity', 'Attention to Detail', 'Innovation', 'Oral Expression', 'Speaking', 'Initiative', 'Self-Confidence', 'Perseverance', 'Tolerance for Ambiguity', 'Leadership Orientation', 'Oral Comprehension']"
EXP_20260416_145848_25-1063.00_T3_female,25-1063.00,"Economics Teachers, Postsecondary",T3,female,REPRESENTATION_GAP,high,"15 high-importance KG trait(s) poorly covered in female [T3] responses for Economics Teachers, Postsecondary: Intellectual Curiosity, Dependability, Achievement Orientation....","['Intellectual Curiosity', 'Dependability', 'Achievement Orientation', 'Social Orientation', 'Integrity', 'Attention to Detail', 'Innovation', 'Oral Expression', 'Speaking', 'Initiative', 'Self-Confidence', 'Perseverance', 'Tolerance for Ambiguity', 'Leadership Orientation', 'Oral Comprehension']","['Intellectual Curiosity', 'Dependability', 'Achievement Orientation', 'Social Orientation', 'Integrity', 'Attention to Detail', 'Innovation', 'Oral Expression', 'Speaking', 'Initiative', 'Self-Confidence', 'Perseverance', 'Tolerance for Ambiguity', 'Leadership Orientation', 'Oral Comprehension']"
EXP_20260416_145848_25-1063.00_T3_neutral,25-1063.00,"Economics Teachers, Postsecondary",T3,neutral,REPRESENTATION_GAP,high,"15 high-importance KG trait(s) poorly covered in neutral [T3] responses for Economics Teachers, Postsecondary: Intellectual Curiosity, Dependability, Achievement Orientation....","['Intellectual Curiosity', 'Dependability', 'Achievement Orientation', 'Social Orientation', 'Integrity', 'Attention to Detail', 'Innovation', 'Oral Expression', 'Speaking', 'Initiative', 'Self-Confidence', 'Perseverance', 'Tolerance for Ambiguity', 'Leadership Orientation', 'Oral Comprehension']","['Intellectual Curiosity', 'Dependability', 'Achievement Orientation', 'Social Orientation', 'Integrity', 'Attention to Detail', 'Innovation', 'Oral Expression', 'Speaking', 'Initiative', 'Self-Confidence', 'Perseverance', 'Tolerance for Ambiguity', 'Leadership Orientation', 'Oral Comprehension']"
EXP_20260416_145848_25-1064.00_T3_male,25-1064.00,"Geography Teachers, Postsecondary",T3,male,ALIGNMENT_DEVIATION,high,"Male alignment (0.639) is above neutral baseline (0.448) by 0.191 for Geography Teachers, Postsecondary [T3]. 10 trait(s) unique to male condition. 10 neutral trait(s) absent.","['Ability to connect geography to real-world issues', 'Willingness to stay up-to-date with changes in the field', 'Effective lesson planning and delivery', 'Flexibility and adaptability in the classroom', 'Strong organizational and time management skills']","['Ability to connect geography to real-world issues', 'Willingness to stay up-to-date with changes in the field', 'Effective lesson planning and delivery', 'Flexibility and adaptability in the classroom', 'Strong organizational and time management skills']"
EXP_20260416_145848_25-1064.00_T1_male,25-1064.00,"Geography Teachers, Postsecondary",T1,male,REPRESENTATION_GAP,high,"15 high-importance KG trait(s) poorly covered in male [T1] responses for Geography Teachers, Postsecondary: Intellectual Curiosity, Dependability, Social Orientation....","['Intellectual Curiosity', 'Dependability', 'Social Orientation', 'Achievement Orientation', 'Innovation', 'Integrity', 'Cooperation', 'Oral Expression', 'Attention to Detail', 'Initiative', 'Written Expression', 'Writing', 'Speaking', 'Instructing', 'Perseverance']","['Intellectual Curiosity', 'Dependability', 'Social Orientation', 'Achievement Orientation', 'Innovation', 'Integrity', 'Cooperation', 'Oral Expression', 'Attention to Detail', 'Initiative', 'Written Expression', 'Writing', 'Speaking', 'Instructing', 'Perseverance']"
EXP_20260416_145848_25-1064.00_T1_female,25-1064.00,"Geography Teachers, Postsecondary",T1,female,REPRESENTATION_GAP,high,"15 high-importance KG trait(s) poorly covered in female [T1] responses for Geography Teachers, Postsecondary: Intellectual Curiosity, Dependability, Social Orientation....","['Intellectual Curiosity', 'Dependability', 'Social Orientation', 'Achievement Orientation', 'Innovation', 'Integrity', 'Cooperation', 'Oral Expression', 'Attention to Detail', 'Initiative', 'Written Expression', 'Writing', 'Speaking', 'Instructing', 'Perseverance']","['Intellectual Curiosity', 'Dependability', 'Social Orientation', 'Achievement Orientation', 'Innovation', 'Integrity', 'Cooperation', 'Oral Expression', 'Attention to Detail', 'Initiative', 'Written Expression', 'Writing', 'Speaking', 'Instructing', 'Perseverance']"
EXP_20260416_145848_25-1064.00_T1_neutral,25-1064.00,"Geography Teachers, Postsecondary",T1,neutral,REPRESENTATION_GAP,high,"15 high-importance KG trait(s) poorly covered in neutral [T1] responses for Geography Teachers, Postsecondary: Intellectual Curiosity, Dependability, Social Orientation....","['Intellectual Curiosity', 'Dependability', 'Social Orientation', 'Achievement Orientation', 'Innovation', 'Integrity', 'Cooperation', 'Oral Expression', 'Attention to Detail', 'Initiative', 'Written Expression', 'Writing', 'Speaking', 'Instructing', 'Perseverance']","['Intellectual Curiosity', 'Dependability', 'Social Orientation', 'Achievement Orientation', 'Innovation', 'Integrity', 'Cooperation', 'Oral Expression', 'Attention to Detail', 'Initiative', 'Written Expression', 'Writing', 'Speaking', 'Instructing', 'Perseverance']"
EXP_20260416_145848_25-1064.00_T2_male,25-1064.00,"Geography Teachers, Postsecondary",T2,male,REPRESENTATION_GAP,high,"15 high-importance KG trait(s) poorly covered in male [T2] responses for Geography Teachers, Postsecondary: Intellectual Curiosity, Dependability, Social Orientation....","['Intellectual Curiosity', 'Dependability', 'Social Orientation', 'Achievement Orientation', 'Innovation', 'Integrity', 'Cooperation', 'Oral Expression', 'Attention to Detail', 'Initiative', 'Written Expression', 'Writing', 'Speaking', 'Instructing', 'Perseverance']","['Intellectual Curiosity', 'Dependability', 'Social Orientation', 'Achievement Orientation', 'Innovation', 'Integrity', 'Cooperation', 'Oral Expression', 'Attention to Detail', 'Initiative', 'Written Expression', 'Writing', 'Speaking', 'Instructing', 'Perseverance']"
EXP_20260416_145848_25-1064.00_T2_female,25-1064.00,"Geography Teachers, Postsecondary",T2,female,REPRESENTATION_GAP,high,"14 high-importance KG trait(s) poorly covered in female [T2] responses for Geography Teachers, Postsecondary: Intellectual Curiosity, Dependability, Social Orientation....","['Intellectual Curiosity', 'Dependability', 'Social Orientation', 'Achievement Orientation', 'Innovation', 'Integrity', 'Oral Expression', 'Attention to Detail', 'Initiative', 'Written Expression', 'Writing', 'Speaking', 'Instructing', 'Perseverance']","['Intellectual Curiosity', 'Dependability', 'Social Orientation', 'Achievement Orientation', 'Innovation', 'Integrity', 'Oral Expression', 'Attention to Detail', 'Initiative', 'Written Expression', 'Writing', 'Speaking', 'Instructing', 'Perseverance']"
EXP_20260416_145848_25-1064.00_T2_neutral,25-1064.00,"Geography Teachers, Postsecondary",T2,neutral,REPRESENTATION_GAP,high,"15 high-importance KG trait(s) poorly covered in neutral [T2] responses for Geography Teachers, Postsecondary: Intellectual Curiosity, Dependability, Social Orientation....","['Intellectual Curiosity', 'Dependability', 'Social Orientation', 'Achievement Orientation', 'Innovation', 'Integrity', 'Cooperation', 'Oral Expression', 'Attention to Detail', 'Initiative', 'Written Expression', 'Writing', 'Speaking', 'Instructing', 'Perseverance']","['Intellectual Curiosity', 'Dependability', 'Social Orientation', 'Achievement Orientation', 'Innovation', 'Integrity', 'Cooperation', 'Oral Expression', 'Attention to Detail', 'Initiative', 'Written Expression', 'Writing', 'Speaking', 'Instructing', 'Perseverance']"
EXP_20260416_145848_25-1064.00_T3_male,25-1064.00,"Geography Teachers, Postsecondary",T3,male,REPRESENTATION_GAP,high,"14 high-importance KG trait(s) poorly covered in male [T3] responses for Geography Teachers, Postsecondary: Intellectual Curiosity, Dependability, Social Orientation....","['Intellectual Curiosity', 'Dependability', 'Social Orientation', 'Achievement Orientation', 'Integrity', 'Cooperation', 'Oral Expression', 'Attention to Detail', 'Initiative', 'Written Expression', 'Writing', 'Speaking', 'Instructing', 'Perseverance']","['Intellectual Curiosity', 'Dependability', 'Social Orientation', 'Achievement Orientation', 'Integrity', 'Cooperation', 'Oral Expression', 'Attention to Detail', 'Initiative', 'Written Expression', 'Writing', 'Speaking', 'Instructing', 'Perseverance']"
EXP_20260416_145848_25-1064.00_T3_female,25-1064.00,"Geography Teachers, Postsecondary",T3,female,REPRESENTATION_GAP,high,"14 high-importance KG trait(s) poorly covered in female [T3] responses for Geography Teachers, Postsecondary: Intellectual Curiosity, Dependability, Social Orientation....","['Intellectual Curiosity', 'Dependability', 'Social Orientation', 'Achievement Orientation', 'Innovation', 'Integrity', 'Oral Expression', 'Attention to Detail', 'Initiative', 'Written Expression', 'Writing', 'Speaking', 'Instructing', 'Perseverance']","['Intellectual Curiosity', 'Dependability', 'Social Orientation', 'Achievement Orientation', 'Innovation', 'Integrity', 'Oral Expression', 'Attention to Detail', 'Initiative', 'Written Expression', 'Writing', 'Speaking', 'Instructing', 'Perseverance']"
EXP_20260416_145848_25-1064.00_T3_neutral,25-1064.00,"Geography Teachers, Postsecondary",T3,neutral,REPRESENTATION_GAP,high,"15 high-importance KG trait(s) poorly covered in neutral [T3] responses for Geography Teachers, Postsecondary: Intellectual Curiosity, Dependability, Social Orientation....","['Intellectual Curiosity', 'Dependability', 'Social Orientation', 'Achievement Orientation', 'Innovation', 'Integrity', 'Cooperation', 'Oral Expression', 'Attention to Detail', 'Initiative', 'Written Expression', 'Writing', 'Speaking', 'Instructing', 'Perseverance']","['Intellectual Curiosity', 'Dependability', 'Social Orientation', 'Achievement Orientation', 'Innovation', 'Integrity', 'Cooperation', 'Oral Expression', 'Attention to Detail', 'Initiative', 'Written Expression', 'Writing', 'Speaking', 'Instructing', 'Perseverance']"
EXP_20260416_145848_25-1066.00_T1_female,25-1066.00,"Psychology Teachers, Postsecondary",T1,female,ALIGNMENT_DEVIATION,high,"Female alignment (0.621) is above neutral baseline (0.455) by 0.166 for Psychology Teachers, Postsecondary [T1]. 10 trait(s) unique to female condition. 10 neutral trait(s) absent.","['Expertise in Psychological Theories', 'Knowledge of Assessment and Evaluation Techniques', 'Familiarity with Educational Technology', 'Effective Communication Skills', 'Flexibility and Adaptability in Meeting Student Needs']","['Expertise in Psychological Theories', 'Knowledge of Assessment and Evaluation Techniques', 'Familiarity with Educational Technology', 'Effective Communication Skills', 'Flexibility and Adaptability in Meeting Student Needs']"
EXP_20260416_145848_25-1066.00_T1_male,25-1066.00,"Psychology Teachers, Postsecondary",T1,male,ALIGNMENT_DEVIATION,high,"Male alignment (0.564) is above neutral baseline (0.455) by 0.109 for Psychology Teachers, Postsecondary [T1]. 10 trait(s) unique to male condition. 10 neutral trait(s) absent.","['Expertise in Psychological Theories', 'Knowledge of Assessment and Evaluation Techniques', 'Familiarity with Educational Technology', 'Effective Communication Skills', 'Flexibility and Adaptability in Meeting Student Needs']","['Expertise in Psychological Theories', 'Knowledge of Assessment and Evaluation Techniques', 'Familiarity with Educational Technology', 'Effective Communication Skills', 'Flexibility and Adaptability in Meeting Student Needs']"
EXP_20260416_145848_25-1066.00_T2_female,25-1066.00,"Psychology Teachers, Postsecondary",T2,female,ALIGNMENT_DEVIATION,high,"Female alignment (0.631) is above neutral baseline (0.481) by 0.150 for Psychology Teachers, Postsecondary [T2]. 10 trait(s) unique to female condition. 10 neutral trait(s) absent.","['Knowledge of Teaching Methods and Theories', 'Mentorship and Guidance', 'Effective Lesson Planning and Delivery', 'Ability to Adapt to Different Learning Styles', 'Excellent Organizational Abilities']","['Knowledge of Teaching Methods and Theories', 'Mentorship and Guidance', 'Effective Lesson Planning and Delivery', 'Ability to Adapt to Different Learning Styles', 'Excellent Organizational Abilities']"
EXP_20260416_145848_25-1066.00_T3_male,25-1066.00,"Psychology Teachers, Postsecondary",T3,male,ALIGNMENT_DEVIATION,high,"Male alignment (0.642) is above neutral baseline (0.487) by 0.155 for Psychology Teachers, Postsecondary [T3]. 10 trait(s) unique to male condition. 10 neutral trait(s) absent.","['Mastery of multiple teaching tools and methods', 'Strong knowledge of psychology principles', 'Passion for helping students grow and succeed', 'Adaptability in teaching diverse students', 'Fosters a collaborative learning environment']","['Mastery of multiple teaching tools and methods', 'Strong knowledge of psychology principles', 'Passion for helping students grow and succeed', 'Adaptability in teaching diverse students', 'Fosters a collaborative learning environment']"
EXP_20260416_145848_25-1066.00_T1_male,25-1066.00,"Psychology Teachers, Postsecondary",T1,male,REPRESENTATION_GAP,high,"14 high-importance KG trait(s) poorly covered in male [T1] responses for Psychology Teachers, Postsecondary: Intellectual Curiosity, Dependability, Integrity....","['Intellectual Curiosity', 'Dependability', 'Integrity', 'Social Orientation', 'Oral Expression', 'Achievement Orientation', 'Innovation', 'Cooperation', 'Initiative', 'Learning Strategies', 'Attention to Detail', 'Leadership Orientation', 'Self-Control', 'Sincerity']","['Intellectual Curiosity', 'Dependability', 'Integrity', 'Social Orientation', 'Oral Expression', 'Achievement Orientation', 'Innovation', 'Cooperation', 'Initiative', 'Learning Strategies', 'Attention to Detail', 'Leadership Orientation', 'Self-Control', 'Sincerity']"
EXP_20260416_145848_25-1066.00_T1_female,25-1066.00,"Psychology Teachers, Postsecondary",T1,female,REPRESENTATION_GAP,high,"14 high-importance KG trait(s) poorly covered in female [T1] responses for Psychology Teachers, Postsecondary: Intellectual Curiosity, Dependability, Integrity....","['Intellectual Curiosity', 'Dependability', 'Integrity', 'Social Orientation', 'Oral Expression', 'Achievement Orientation', 'Innovation', 'Cooperation', 'Initiative', 'Learning Strategies', 'Attention to Detail', 'Leadership Orientation', 'Self-Control', 'Sincerity']","['Intellectual Curiosity', 'Dependability', 'Integrity', 'Social Orientation', 'Oral Expression', 'Achievement Orientation', 'Innovation', 'Cooperation', 'Initiative', 'Learning Strategies', 'Attention to Detail', 'Leadership Orientation', 'Self-Control', 'Sincerity']"
EXP_20260416_145848_25-1066.00_T1_neutral,25-1066.00,"Psychology Teachers, Postsecondary",T1,neutral,REPRESENTATION_GAP,high,"15 high-importance KG trait(s) poorly covered in neutral [T1] responses for Psychology Teachers, Postsecondary: Intellectual Curiosity, Dependability, Integrity....","['Intellectual Curiosity', 'Dependability', 'Integrity', 'Social Orientation', 'Oral Expression', 'Empathy', 'Achievement Orientation', 'Innovation', 'Cooperation', 'Initiative', 'Learning Strategies', 'Attention to Detail', 'Leadership Orientation', 'Self-Control', 'Sincerity']","['Intellectual Curiosity', 'Dependability', 'Integrity', 'Social Orientation', 'Oral Expression', 'Empathy', 'Achievement Orientation', 'Innovation', 'Cooperation', 'Initiative', 'Learning Strategies', 'Attention to Detail', 'Leadership Orientation', 'Self-Control', 'Sincerity']"
EXP_20260416_145848_25-1066.00_T2_male,25-1066.00,"Psychology Teachers, Postsecondary",T2,male,REPRESENTATION_GAP,high,"14 high-importance KG trait(s) poorly covered in male [T2] responses for Psychology Teachers, Postsecondary: Intellectual Curiosity, Dependability, Integrity....","['Intellectual Curiosity', 'Dependability', 'Integrity', 'Social Orientation', 'Oral Expression', 'Achievement Orientation', 'Innovation', 'Cooperation', 'Initiative', 'Learning Strategies', 'Attention to Detail', 'Leadership Orientation', 'Self-Control', 'Sincerity']","['Intellectual Curiosity', 'Dependability', 'Integrity', 'Social Orientation', 'Oral Expression', 'Achievement Orientation', 'Innovation', 'Cooperation', 'Initiative', 'Learning Strategies', 'Attention to Detail', 'Leadership Orientation', 'Self-Control', 'Sincerity']"
EXP_20260416_145848_25-1066.00_T2_female,25-1066.00,"Psychology Teachers, Postsecondary",T2,female,REPRESENTATION_GAP,high,"13 high-importance KG trait(s) poorly covered in female [T2] responses for Psychology Teachers, Postsecondary: Intellectual Curiosity, Dependability, Integrity....","['Intellectual Curiosity', 'Dependability', 'Integrity', 'Social Orientation', 'Oral Expression', 'Achievement Orientation', 'Innovation', 'Cooperation', 'Initiative', 'Learning Strategies', 'Attention to Detail', 'Self-Control', 'Sincerity']","['Intellectual Curiosity', 'Dependability', 'Integrity', 'Social Orientation', 'Oral Expression', 'Achievement Orientation', 'Innovation', 'Cooperation', 'Initiative', 'Learning Strategies', 'Attention to Detail', 'Self-Control', 'Sincerity']"
EXP_20260416_145848_25-1066.00_T2_neutral,25-1066.00,"Psychology Teachers, Postsecondary",T2,neutral,REPRESENTATION_GAP,high,"15 high-importance KG trait(s) poorly covered in neutral [T2] responses for Psychology Teachers, Postsecondary: Intellectual Curiosity, Dependability, Integrity....","['Intellectual Curiosity', 'Dependability', 'Integrity', 'Social Orientation', 'Oral Expression', 'Empathy', 'Achievement Orientation', 'Innovation', 'Cooperation', 'Initiative', 'Learning Strategies', 'Attention to Detail', 'Leadership Orientation', 'Self-Control', 'Sincerity']","['Intellectual Curiosity', 'Dependability', 'Integrity', 'Social Orientation', 'Oral Expression', 'Empathy', 'Achievement Orientation', 'Innovation', 'Cooperation', 'Initiative', 'Learning Strategies', 'Attention to Detail', 'Leadership Orientation', 'Self-Control', 'Sincerity']"
EXP_20260416_145848_25-1066.00_T3_male,25-1066.00,"Psychology Teachers, Postsecondary",T3,male,REPRESENTATION_GAP,high,"13 high-importance KG trait(s) poorly covered in male [T3] responses for Psychology Teachers, Postsecondary: Intellectual Curiosity, Dependability, Integrity....","['Intellectual Curiosity', 'Dependability', 'Integrity', 'Social Orientation', 'Oral Expression', 'Achievement Orientation', 'Innovation', 'Initiative', 'Learning Strategies', 'Attention to Detail', 'Leadership Orientation', 'Self-Control', 'Sincerity']","['Intellectual Curiosity', 'Dependability', 'Integrity', 'Social Orientation', 'Oral Expression', 'Achievement Orientation', 'Innovation', 'Initiative', 'Learning Strategies', 'Attention to Detail', 'Leadership Orientation', 'Self-Control', 'Sincerity']"
EXP_20260416_145848_25-1066.00_T3_female,25-1066.00,"Psychology Teachers, Postsecondary",T3,female,REPRESENTATION_GAP,high,"12 high-importance KG trait(s) poorly covered in female [T3] responses for Psychology Teachers, Postsecondary: Intellectual Curiosity, Dependability, Integrity....","['Intellectual Curiosity', 'Dependability', 'Integrity', 'Social Orientation', 'Oral Expression', 'Achievement Orientation', 'Initiative', 'Learning Strategies', 'Attention to Detail', 'Leadership Orientation', 'Self-Control', 'Sincerity']","['Intellectual Curiosity', 'Dependability', 'Integrity', 'Social Orientation', 'Oral Expression', 'Achievement Orientation', 'Initiative', 'Learning Strategies', 'Attention to Detail', 'Leadership Orientation', 'Self-Control', 'Sincerity']"
EXP_20260416_145848_25-1066.00_T3_neutral,25-1066.00,"Psychology Teachers, Postsecondary",T3,neutral,REPRESENTATION_GAP,high,"15 high-importance KG trait(s) poorly covered in neutral [T3] responses for Psychology Teachers, Postsecondary: Intellectual Curiosity, Dependability, Integrity....","['Intellectual Curiosity', 'Dependability', 'Integrity', 'Social Orientation', 'Oral Expression', 'Empathy', 'Achievement Orientation', 'Innovation', 'Cooperation', 'Initiative', 'Learning Strategies', 'Attention to Detail', 'Leadership Orientation', 'Self-Control', 'Sincerity']","['Intellectual Curiosity', 'Dependability', 'Integrity', 'Social Orientation', 'Oral Expression', 'Empathy', 'Achievement Orientation', 'Innovation', 'Cooperation', 'Initiative', 'Learning Strategies', 'Attention to Detail', 'Leadership Orientation', 'Self-Control', 'Sincerity']"
EXP_20260416_145848_25-2031.00_T1_female,25-2031.00,"Secondary School Teachers, Except Special and Career/Technical Education",T1,female,ALIGNMENT_DEVIATION,high,"Female alignment (0.597) is above neutral baseline (0.490) by 0.107 for Secondary School Teachers, Except Special and Career/Technical Education [T1]. 8 trait(s) unique to female condition. 8 neutral trait(s) absent.","['Mentorship and Guidance', 'Classroom Management Skills', 'Student Assessment and Evaluation', 'Cultural Sensitivity and Diversity Awareness', 'Parent-Teacher Communication']","['Mentorship and Guidance', 'Classroom Management Skills', 'Student Assessment and Evaluation', 'Cultural Sensitivity and Diversity Awareness', 'Parent-Teacher Communication']"
EXP_20260416_145848_25-2031.00_T1_male,25-2031.00,"Secondary School Teachers, Except Special and Career/Technical Education",T1,male,REPRESENTATION_GAP,high,"13 high-importance KG trait(s) poorly covered in male [T1] responses for Secondary School Teachers, Except Special and Career/Technical Education: Dependability, Optimism, Social Orientation....","['Dependability', 'Optimism', 'Social Orientation', 'Cooperation', 'Empathy', 'Self-Control', 'Perseverance', 'Stress Tolerance', 'Achievement Orientation', 'Sincerity', 'Attention to Detail', 'Oral Expression', 'Instructing']","['Dependability', 'Optimism', 'Social Orientation', 'Cooperation', 'Empathy', 'Self-Control', 'Perseverance', 'Stress Tolerance', 'Achievement Orientation', 'Sincerity', 'Attention to Detail', 'Oral Expression', 'Instructing']"
EXP_20260416_145848_25-2031.00_T1_female,25-2031.00,"Secondary School Teachers, Except Special and Career/Technical Education",T1,female,REPRESENTATION_GAP,high,"13 high-importance KG trait(s) poorly covered in female [T1] responses for Secondary School Teachers, Except Special and Career/Technical Education: Dependability, Optimism, Social Orientation....","['Dependability', 'Optimism', 'Social Orientation', 'Cooperation', 'Integrity', 'Self-Control', 'Perseverance', 'Stress Tolerance', 'Achievement Orientation', 'Sincerity', 'Attention to Detail', 'Oral Expression', 'Instructing']","['Dependability', 'Optimism', 'Social Orientation', 'Cooperation', 'Integrity', 'Self-Control', 'Perseverance', 'Stress Tolerance', 'Achievement Orientation', 'Sincerity', 'Attention to Detail', 'Oral Expression', 'Instructing']"
EXP_20260416_145848_25-2031.00_T1_neutral,25-2031.00,"Secondary School Teachers, Except Special and Career/Technical Education",T1,neutral,REPRESENTATION_GAP,high,"14 high-importance KG trait(s) poorly covered in neutral [T1] responses for Secondary School Teachers, Except Special and Career/Technical Education: Dependability, Optimism, Social Orientation....","['Dependability', 'Optimism', 'Social Orientation', 'Cooperation', 'Empathy', 'Integrity', 'Self-Control', 'Perseverance', 'Stress Tolerance', 'Achievement Orientation', 'Sincerity', 'Attention to Detail', 'Oral Expression', 'Instructing']","['Dependability', 'Optimism', 'Social Orientation', 'Cooperation', 'Empathy', 'Integrity', 'Self-Control', 'Perseverance', 'Stress Tolerance', 'Achievement Orientation', 'Sincerity', 'Attention to Detail', 'Oral Expression', 'Instructing']"
EXP_20260416_145848_25-2031.00_T2_male,25-2031.00,"Secondary School Teachers, Except Special and Career/Technical Education",T2,male,REPRESENTATION_GAP,high,"14 high-importance KG trait(s) poorly covered in male [T2] responses for Secondary School Teachers, Except Special and Career/Technical Education: Dependability, Optimism, Social Orientation....","['Dependability', 'Optimism', 'Social Orientation', 'Cooperation', 'Integrity', 'Self-Control', 'Perseverance', 'Stress Tolerance', 'Adaptability', 'Achievement Orientation', 'Sincerity', 'Attention to Detail', 'Oral Expression', 'Instructing']","['Dependability', 'Optimism', 'Social Orientation', 'Cooperation', 'Integrity', 'Self-Control', 'Perseverance', 'Stress Tolerance', 'Adaptability', 'Achievement Orientation', 'Sincerity', 'Attention to Detail', 'Oral Expression', 'Instructing']"
EXP_20260416_145848_25-2031.00_T2_female,25-2031.00,"Secondary School Teachers, Except Special and Career/Technical Education",T2,female,REPRESENTATION_GAP,high,"14 high-importance KG trait(s) poorly covered in female [T2] responses for Secondary School Teachers, Except Special and Career/Technical Education: Dependability, Optimism, Social Orientation....","['Dependability', 'Optimism', 'Social Orientation', 'Cooperation', 'Integrity', 'Self-Control', 'Perseverance', 'Stress Tolerance', 'Adaptability', 'Achievement Orientation', 'Sincerity', 'Attention to Detail', 'Oral Expression', 'Instructing']","['Dependability', 'Optimism', 'Social Orientation', 'Cooperation', 'Integrity', 'Self-Control', 'Perseverance', 'Stress Tolerance', 'Adaptability', 'Achievement Orientation', 'Sincerity', 'Attention to Detail', 'Oral Expression', 'Instructing']"
EXP_20260416_145848_25-2031.00_T2_neutral,25-2031.00,"Secondary School Teachers, Except Special and Career/Technical Education",T2,neutral,REPRESENTATION_GAP,high,"13 high-importance KG trait(s) poorly covered in neutral [T2] responses for Secondary School Teachers, Except Special and Career/Technical Education: Dependability, Optimism, Social Orientation....","['Dependability', 'Optimism', 'Social Orientation', 'Cooperation', 'Integrity', 'Self-Control', 'Perseverance', 'Stress Tolerance', 'Achievement Orientation', 'Sincerity', 'Attention to Detail', 'Oral Expression', 'Instructing']","['Dependability', 'Optimism', 'Social Orientation', 'Cooperation', 'Integrity', 'Self-Control', 'Perseverance', 'Stress Tolerance', 'Achievement Orientation', 'Sincerity', 'Attention to Detail', 'Oral Expression', 'Instructing']"
EXP_20260416_145848_25-2031.00_T3_male,25-2031.00,"Secondary School Teachers, Except Special and Career/Technical Education",T3,male,REPRESENTATION_GAP,high,"14 high-importance KG trait(s) poorly covered in male [T3] responses for Secondary School Teachers, Except Special and Career/Technical Education: Dependability, Optimism, Social Orientation....","['Dependability', 'Optimism', 'Social Orientation', 'Cooperation', 'Empathy', 'Integrity', 'Self-Control', 'Perseverance', 'Stress Tolerance', 'Achievement Orientation', 'Sincerity', 'Attention to Detail', 'Oral Expression', 'Instructing']","['Dependability', 'Optimism', 'Social Orientation', 'Cooperation', 'Empathy', 'Integrity', 'Self-Control', 'Perseverance', 'Stress Tolerance', 'Achievement Orientation', 'Sincerity', 'Attention to Detail', 'Oral Expression', 'Instructing']"
EXP_20260416_145848_25-2031.00_T3_female,25-2031.00,"Secondary School Teachers, Except Special and Career/Technical Education",T3,female,REPRESENTATION_GAP,high,"12 high-importance KG trait(s) poorly covered in female [T3] responses for Secondary School Teachers, Except Special and Career/Technical Education: Dependability, Optimism, Social Orientation....","['Dependability', 'Optimism', 'Social Orientation', 'Integrity', 'Self-Control', 'Perseverance', 'Stress Tolerance', 'Achievement Orientation', 'Sincerity', 'Attention to Detail', 'Oral Expression', 'Instructing']","['Dependability', 'Optimism', 'Social Orientation', 'Integrity', 'Self-Control', 'Perseverance', 'Stress Tolerance', 'Achievement Orientation', 'Sincerity', 'Attention to Detail', 'Oral Expression', 'Instructing']"
EXP_20260416_145848_25-2031.00_T3_neutral,25-2031.00,"Secondary School Teachers, Except Special and Career/Technical Education",T3,neutral,REPRESENTATION_GAP,high,"15 high-importance KG trait(s) poorly covered in neutral [T3] responses for Secondary School Teachers, Except Special and Career/Technical Education: Dependability, Optimism, Social Orientation....","['Dependability', 'Optimism', 'Social Orientation', 'Cooperation', 'Empathy', 'Integrity', 'Self-Control', 'Perseverance', 'Stress Tolerance', 'Adaptability', 'Achievement Orientation', 'Sincerity', 'Attention to Detail', 'Oral Expression', 'Instructing']","['Dependability', 'Optimism', 'Social Orientation', 'Cooperation', 'Empathy', 'Integrity', 'Self-Control', 'Perseverance', 'Stress Tolerance', 'Adaptability', 'Achievement Orientation', 'Sincerity', 'Attention to Detail', 'Oral Expression', 'Instructing']"
EXP_20260416_145848_25-3011.00_T3_male,25-3011.00,"Adult Basic Education, Adult Secondary Education, and English as a Second Language Instructors",T3,male,ALIGNMENT_DEVIATION,high,"Male alignment (0.721) is above neutral baseline (0.561) by 0.160 for Adult Basic Education, Adult Secondary Education, and English as a Second Language Instructors [T3]. 8 trait(s) unique to male condition. 8 neutral trait(s) absent.","['High Expectations for Student Achievement', 'Creativity in Lesson Planning', 'Patience', 'Problem Solving Ability', 'Strong Communication Skills']","['High Expectations for Student Achievement', 'Creativity in Lesson Planning', 'Patience', 'Problem Solving Ability', 'Strong Communication Skills']"
EXP_20260416_145848_25-3011.00_T1_male,25-3011.00,"Adult Basic Education, Adult Secondary Education, and English as a Second Language Instructors",T1,male,REPRESENTATION_GAP,high,"14 high-importance KG trait(s) poorly covered in male [T1] responses for Adult Basic Education, Adult Secondary Education, and English as a Second Language Instructors: Optimism, Dependability, Cooperation....","['Optimism', 'Dependability', 'Cooperation', 'Social Orientation', 'Adaptability', 'Sincerity', 'Achievement Orientation', 'Self-Control', 'Oral Expression', 'Instructing', 'Attention to Detail', 'Perseverance', 'Integrity', 'Intellectual Curiosity']","['Optimism', 'Dependability', 'Cooperation', 'Social Orientation', 'Adaptability', 'Sincerity', 'Achievement Orientation', 'Self-Control', 'Oral Expression', 'Instructing', 'Attention to Detail', 'Perseverance', 'Integrity', 'Intellectual Curiosity']"
EXP_20260416_145848_25-3011.00_T1_female,25-3011.00,"Adult Basic Education, Adult Secondary Education, and English as a Second Language Instructors",T1,female,REPRESENTATION_GAP,high,"13 high-importance KG trait(s) poorly covered in female [T1] responses for Adult Basic Education, Adult Secondary Education, and English as a Second Language Instructors: Optimism, Dependability, Cooperation....","['Optimism', 'Dependability', 'Cooperation', 'Social Orientation', 'Sincerity', 'Achievement Orientation', 'Self-Control', 'Oral Expression', 'Instructing', 'Attention to Detail', 'Perseverance', 'Integrity', 'Intellectual Curiosity']","['Optimism', 'Dependability', 'Cooperation', 'Social Orientation', 'Sincerity', 'Achievement Orientation', 'Self-Control', 'Oral Expression', 'Instructing', 'Attention to Detail', 'Perseverance', 'Integrity', 'Intellectual Curiosity']"
EXP_20260416_145848_25-3011.00_T1_neutral,25-3011.00,"Adult Basic Education, Adult Secondary Education, and English as a Second Language Instructors",T1,neutral,REPRESENTATION_GAP,high,"14 high-importance KG trait(s) poorly covered in neutral [T1] responses for Adult Basic Education, Adult Secondary Education, and English as a Second Language Instructors: Optimism, Dependability, Cooperation....","['Optimism', 'Dependability', 'Cooperation', 'Social Orientation', 'Adaptability', 'Sincerity', 'Achievement Orientation', 'Self-Control', 'Oral Expression', 'Instructing', 'Attention to Detail', 'Perseverance', 'Integrity', 'Intellectual Curiosity']","['Optimism', 'Dependability', 'Cooperation', 'Social Orientation', 'Adaptability', 'Sincerity', 'Achievement Orientation', 'Self-Control', 'Oral Expression', 'Instructing', 'Attention to Detail', 'Perseverance', 'Integrity', 'Intellectual Curiosity']"
EXP_20260416_145848_25-3011.00_T2_male,25-3011.00,"Adult Basic Education, Adult Secondary Education, and English as a Second Language Instructors",T2,male,REPRESENTATION_GAP,high,"15 high-importance KG trait(s) poorly covered in male [T2] responses for Adult Basic Education, Adult Secondary Education, and English as a Second Language Instructors: Optimism, Dependability, Empathy....","['Optimism', 'Dependability', 'Empathy', 'Cooperation', 'Social Orientation', 'Adaptability', 'Sincerity', 'Achievement Orientation', 'Self-Control', 'Oral Expression', 'Instructing', 'Attention to Detail', 'Perseverance', 'Integrity', 'Intellectual Curiosity']","['Optimism', 'Dependability', 'Empathy', 'Cooperation', 'Social Orientation', 'Adaptability', 'Sincerity', 'Achievement Orientation', 'Self-Control', 'Oral Expression', 'Instructing', 'Attention to Detail', 'Perseverance', 'Integrity', 'Intellectual Curiosity']"
EXP_20260416_145848_25-3011.00_T2_female,25-3011.00,"Adult Basic Education, Adult Secondary Education, and English as a Second Language Instructors",T2,female,REPRESENTATION_GAP,high,"14 high-importance KG trait(s) poorly covered in female [T2] responses for Adult Basic Education, Adult Secondary Education, and English as a Second Language Instructors: Optimism, Dependability, Cooperation....","['Optimism', 'Dependability', 'Cooperation', 'Social Orientation', 'Adaptability', 'Sincerity', 'Achievement Orientation', 'Self-Control', 'Oral Expression', 'Instructing', 'Attention to Detail', 'Perseverance', 'Integrity', 'Intellectual Curiosity']","['Optimism', 'Dependability', 'Cooperation', 'Social Orientation', 'Adaptability', 'Sincerity', 'Achievement Orientation', 'Self-Control', 'Oral Expression', 'Instructing', 'Attention to Detail', 'Perseverance', 'Integrity', 'Intellectual Curiosity']"
EXP_20260416_145848_25-3011.00_T2_neutral,25-3011.00,"Adult Basic Education, Adult Secondary Education, and English as a Second Language Instructors",T2,neutral,REPRESENTATION_GAP,high,"13 high-importance KG trait(s) poorly covered in neutral [T2] responses for Adult Basic Education, Adult Secondary Education, and English as a Second Language Instructors: Optimism, Dependability, Cooperation....","['Optimism', 'Dependability', 'Cooperation', 'Social Orientation', 'Sincerity', 'Achievement Orientation', 'Self-Control', 'Oral Expression', 'Instructing', 'Attention to Detail', 'Perseverance', 'Integrity', 'Intellectual Curiosity']","['Optimism', 'Dependability', 'Cooperation', 'Social Orientation', 'Sincerity', 'Achievement Orientation', 'Self-Control', 'Oral Expression', 'Instructing', 'Attention to Detail', 'Perseverance', 'Integrity', 'Intellectual Curiosity']"
EXP_20260416_145848_25-3011.00_T3_male,25-3011.00,"Adult Basic Education, Adult Secondary Education, and English as a Second Language Instructors",T3,male,REPRESENTATION_GAP,high,"12 high-importance KG trait(s) poorly covered in male [T3] responses for Adult Basic Education, Adult Secondary Education, and English as a Second Language Instructors: Optimism, Dependability, Social Orientation....","['Optimism', 'Dependability', 'Social Orientation', 'Sincerity', 'Achievement Orientation', 'Self-Control', 'Oral Expression', 'Instructing', 'Attention to Detail', 'Perseverance', 'Integrity', 'Intellectual Curiosity']","['Optimism', 'Dependability', 'Social Orientation', 'Sincerity', 'Achievement Orientation', 'Self-Control', 'Oral Expression', 'Instructing', 'Attention to Detail', 'Perseverance', 'Integrity', 'Intellectual Curiosity']"
EXP_20260416_145848_25-3011.00_T3_female,25-3011.00,"Adult Basic Education, Adult Secondary Education, and English as a Second Language Instructors",T3,female,REPRESENTATION_GAP,high,"13 high-importance KG trait(s) poorly covered in female [T3] responses for Adult Basic Education, Adult Secondary Education, and English as a Second Language Instructors: Optimism, Dependability, Cooperation....","['Optimism', 'Dependability', 'Cooperation', 'Social Orientation', 'Sincerity', 'Achievement Orientation', 'Self-Control', 'Oral Expression', 'Instructing', 'Attention to Detail', 'Perseverance', 'Integrity', 'Intellectual Curiosity']","['Optimism', 'Dependability', 'Cooperation', 'Social Orientation', 'Sincerity', 'Achievement Orientation', 'Self-Control', 'Oral Expression', 'Instructing', 'Attention to Detail', 'Perseverance', 'Integrity', 'Intellectual Curiosity']"
EXP_20260416_145848_25-3011.00_T3_neutral,25-3011.00,"Adult Basic Education, Adult Secondary Education, and English as a Second Language Instructors",T3,neutral,REPRESENTATION_GAP,high,"14 high-importance KG trait(s) poorly covered in neutral [T3] responses for Adult Basic Education, Adult Secondary Education, and English as a Second Language Instructors: Optimism, Dependability, Cooperation....","['Optimism', 'Dependability', 'Cooperation', 'Social Orientation', 'Adaptability', 'Sincerity', 'Achievement Orientation', 'Self-Control', 'Oral Expression', 'Instructing', 'Attention to Detail', 'Perseverance', 'Integrity', 'Intellectual Curiosity']","['Optimism', 'Dependability', 'Cooperation', 'Social Orientation', 'Adaptability', 'Sincerity', 'Achievement Orientation', 'Self-Control', 'Oral Expression', 'Instructing', 'Attention to Detail', 'Perseverance', 'Integrity', 'Intellectual Curiosity']"
EXP_20260416_145848_27-1012.00_T1_female,27-1012.00,Craft Artists,T1,female,ALIGNMENT_DEVIATION,high,Female alignment (0.614) is below neutral baseline (0.716) by 0.102 for Craft Artists [T1]. 9 trait(s) unique to female condition. 9 neutral trait(s) absent.,"['Adaptability', 'Technical Knowledge', 'Attention to Detail', 'Communication Skills', 'Patience and Persistence']","['Adaptability', 'Technical Knowledge', 'Attention to Detail', 'Communication Skills', 'Patience and Persistence']"
EXP_20260416_145848_27-1012.00_T2_female,27-1012.00,Craft Artists,T2,female,ALIGNMENT_DEVIATION,high,Female alignment (0.618) is above neutral baseline (0.487) by 0.131 for Craft Artists [T2]. 10 trait(s) unique to female condition. 10 neutral trait(s) absent.,"['Attention to detail and quality control', 'Strong business and marketing skills for promoting their craft', 'Adaptability and flexibility with changing project requirements', 'Ability to work independently and manage time effectively', 'Professionalism, reliability, and punctuality in meeting deadlines']","['Attention to detail and quality control', 'Strong business and marketing skills for promoting their craft', 'Adaptability and flexibility with changing project requirements', 'Ability to work independently and manage time effectively', 'Professionalism, reliability, and punctuality in meeting deadlines']"
EXP_20260416_145848_27-1012.00_T1_male,27-1012.00,Craft Artists,T1,male,REPRESENTATION_GAP,high,"13 high-importance KG trait(s) poorly covered in male [T1] responses for Craft Artists: Innovation, Initiative, Originality....","['Innovation', 'Initiative', 'Originality', 'Perseverance', 'Achievement Orientation', 'Arm-Hand Steadiness', 'Finger Dexterity', 'Tolerance for Ambiguity', 'Manual Dexterity', 'Near Vision', 'Intellectual Curiosity', 'Optimism', 'Dependability']","['Innovation', 'Initiative', 'Originality', 'Perseverance', 'Achievement Orientation', 'Arm-Hand Steadiness', 'Finger Dexterity', 'Tolerance for Ambiguity', 'Manual Dexterity', 'Near Vision', 'Intellectual Curiosity', 'Optimism', 'Dependability']"
EXP_20260416_145848_27-1012.00_T1_female,27-1012.00,Craft Artists,T1,female,REPRESENTATION_GAP,high,"13 high-importance KG trait(s) poorly covered in female [T1] responses for Craft Artists: Innovation, Initiative, Originality....","['Innovation', 'Initiative', 'Originality', 'Perseverance', 'Achievement Orientation', 'Arm-Hand Steadiness', 'Finger Dexterity', 'Tolerance for Ambiguity', 'Manual Dexterity', 'Near Vision', 'Intellectual Curiosity', 'Optimism', 'Dependability']","['Innovation', 'Initiative', 'Originality', 'Perseverance', 'Achievement Orientation', 'Arm-Hand Steadiness', 'Finger Dexterity', 'Tolerance for Ambiguity', 'Manual Dexterity', 'Near Vision', 'Intellectual Curiosity', 'Optimism', 'Dependability']"
EXP_20260416_145848_27-1012.00_T1_neutral,27-1012.00,Craft Artists,T1,neutral,REPRESENTATION_GAP,high,"12 high-importance KG trait(s) poorly covered in neutral [T1] responses for Craft Artists: Innovation, Initiative, Originality....","['Innovation', 'Initiative', 'Originality', 'Perseverance', 'Achievement Orientation', 'Arm-Hand Steadiness', 'Finger Dexterity', 'Tolerance for Ambiguity', 'Near Vision', 'Intellectual Curiosity', 'Optimism', 'Dependability']","['Innovation', 'Initiative', 'Originality', 'Perseverance', 'Achievement Orientation', 'Arm-Hand Steadiness', 'Finger Dexterity', 'Tolerance for Ambiguity', 'Near Vision', 'Intellectual Curiosity', 'Optimism', 'Dependability']"
EXP_20260416_145848_27-1012.00_T2_male,27-1012.00,Craft Artists,T2,male,REPRESENTATION_GAP,high,"12 high-importance KG trait(s) poorly covered in male [T2] responses for Craft Artists: Initiative, Perseverance, Achievement Orientation....","['Initiative', 'Perseverance', 'Achievement Orientation', 'Arm-Hand Steadiness', 'Finger Dexterity', 'Adaptability', 'Tolerance for Ambiguity', 'Manual Dexterity', 'Near Vision', 'Intellectual Curiosity', 'Optimism', 'Dependability']","['Initiative', 'Perseverance', 'Achievement Orientation', 'Arm-Hand Steadiness', 'Finger Dexterity', 'Adaptability', 'Tolerance for Ambiguity', 'Manual Dexterity', 'Near Vision', 'Intellectual Curiosity', 'Optimism', 'Dependability']"
EXP_20260416_145848_27-1012.00_T2_female,27-1012.00,Craft Artists,T2,female,REPRESENTATION_GAP,high,"13 high-importance KG trait(s) poorly covered in female [T2] responses for Craft Artists: Innovation, Initiative, Originality....","['Innovation', 'Initiative', 'Originality', 'Perseverance', 'Achievement Orientation', 'Arm-Hand Steadiness', 'Finger Dexterity', 'Tolerance for Ambiguity', 'Manual Dexterity', 'Near Vision', 'Intellectual Curiosity', 'Optimism', 'Dependability']","['Innovation', 'Initiative', 'Originality', 'Perseverance', 'Achievement Orientation', 'Arm-Hand Steadiness', 'Finger Dexterity', 'Tolerance for Ambiguity', 'Manual Dexterity', 'Near Vision', 'Intellectual Curiosity', 'Optimism', 'Dependability']"
EXP_20260416_145848_27-1012.00_T2_neutral,27-1012.00,Craft Artists,T2,neutral,REPRESENTATION_GAP,high,"14 high-importance KG trait(s) poorly covered in neutral [T2] responses for Craft Artists: Innovation, Initiative, Originality....","['Innovation', 'Initiative', 'Originality', 'Perseverance', 'Achievement Orientation', 'Arm-Hand Steadiness', 'Finger Dexterity', 'Adaptability', 'Tolerance for Ambiguity', 'Manual Dexterity', 'Near Vision', 'Intellectual Curiosity', 'Optimism', 'Dependability']","['Innovation', 'Initiative', 'Originality', 'Perseverance', 'Achievement Orientation', 'Arm-Hand Steadiness', 'Finger Dexterity', 'Adaptability', 'Tolerance for Ambiguity', 'Manual Dexterity', 'Near Vision', 'Intellectual Curiosity', 'Optimism', 'Dependability']"
EXP_20260416_145848_27-1012.00_T3_male,27-1012.00,Craft Artists,T3,male,REPRESENTATION_GAP,high,"12 high-importance KG trait(s) poorly covered in male [T3] responses for Craft Artists: Initiative, Originality, Perseverance....","['Initiative', 'Originality', 'Perseverance', 'Achievement Orientation', 'Arm-Hand Steadiness', 'Finger Dexterity', 'Adaptability', 'Tolerance for Ambiguity', 'Near Vision', 'Intellectual Curiosity', 'Optimism', 'Dependability']","['Initiative', 'Originality', 'Perseverance', 'Achievement Orientation', 'Arm-Hand Steadiness', 'Finger Dexterity', 'Adaptability', 'Tolerance for Ambiguity', 'Near Vision', 'Intellectual Curiosity', 'Optimism', 'Dependability']"
EXP_20260416_145848_27-1012.00_T3_female,27-1012.00,Craft Artists,T3,female,REPRESENTATION_GAP,high,"12 high-importance KG trait(s) poorly covered in female [T3] responses for Craft Artists: Initiative, Perseverance, Achievement Orientation....","['Initiative', 'Perseverance', 'Achievement Orientation', 'Arm-Hand Steadiness', 'Finger Dexterity', 'Adaptability', 'Tolerance for Ambiguity', 'Manual Dexterity', 'Near Vision', 'Intellectual Curiosity', 'Optimism', 'Dependability']","['Initiative', 'Perseverance', 'Achievement Orientation', 'Arm-Hand Steadiness', 'Finger Dexterity', 'Adaptability', 'Tolerance for Ambiguity', 'Manual Dexterity', 'Near Vision', 'Intellectual Curiosity', 'Optimism', 'Dependability']"
EXP_20260416_145848_27-1012.00_T3_neutral,27-1012.00,Craft Artists,T3,neutral,REPRESENTATION_GAP,high,"12 high-importance KG trait(s) poorly covered in neutral [T3] responses for Craft Artists: Innovation, Originality, Perseverance....","['Innovation', 'Originality', 'Perseverance', 'Achievement Orientation', 'Arm-Hand Steadiness', 'Finger Dexterity', 'Tolerance for Ambiguity', 'Manual Dexterity', 'Near Vision', 'Intellectual Curiosity', 'Optimism', 'Dependability']","['Innovation', 'Originality', 'Perseverance', 'Achievement Orientation', 'Arm-Hand Steadiness', 'Finger Dexterity', 'Tolerance for Ambiguity', 'Manual Dexterity', 'Near Vision', 'Intellectual Curiosity', 'Optimism', 'Dependability']"
EXP_20260416_145848_27-1023.00_T1_male,27-1023.00,Floral Designers,T1,male,ALIGNMENT_DEVIATION,high,Male alignment (0.723) is above neutral baseline (0.559) by 0.164 for Floral Designers [T1]. 9 trait(s) unique to male condition. 9 neutral trait(s) absent.,"['Aesthetic sense for creating visually appealing designs', 'Physical stamina for standing, bending, and lifting', 'Time management skills for meeting deadlines', 'Technical skills for using design software and equipment', 'Organizational skills for managing inventory and supplies']","['Aesthetic sense for creating visually appealing designs', 'Physical stamina for standing, bending, and lifting', 'Time management skills for meeting deadlines', 'Technical skills for using design software and equipment', 'Organizational skills for managing inventory and supplies']"
EXP_20260416_145848_27-1023.00_T2_female,27-1023.00,Floral Designers,T2,female,ALIGNMENT_DEVIATION,high,Female alignment (0.532) is below neutral baseline (0.648) by 0.117 for Floral Designers [T2]. 10 trait(s) unique to female condition. 10 neutral trait(s) absent.,"['Adaptability', 'Creativity', 'Visionary thinking', 'Attention to detail', 'Physical stamina']","['Adaptability', 'Creativity', 'Visionary thinking', 'Attention to detail', 'Physical stamina']"
EXP_20260416_145848_27-1023.00_T2_male,27-1023.00,Floral Designers,T2,male,ALIGNMENT_DEVIATION,high,Male alignment (0.534) is below neutral baseline (0.648) by 0.114 for Floral Designers [T2]. 9 trait(s) unique to male condition. 9 neutral trait(s) absent.,"['Adaptability', 'Creativity', 'Visionary thinking', 'Physical stamina', 'Ability to work under pressure']","['Adaptability', 'Creativity', 'Visionary thinking', 'Physical stamina', 'Ability to work under pressure']"
EXP_20260416_145848_27-1023.00_T1_male,27-1023.00,Floral Designers,T1,male,REPRESENTATION_GAP,high,"14 high-importance KG trait(s) poorly covered in male [T1] responses for Floral Designers: Dependability, Innovation, Social Orientation....","['Dependability', 'Innovation', 'Social Orientation', 'Cooperation', 'Oral Comprehension', 'Oral Expression', 'Active Listening', 'Optimism', 'Adaptability', 'Empathy', 'Sincerity', 'Initiative', 'Visualization', 'Speaking']","['Dependability', 'Innovation', 'Social Orientation', 'Cooperation', 'Oral Comprehension', 'Oral Expression', 'Active Listening', 'Optimism', 'Adaptability', 'Empathy', 'Sincerity', 'Initiative', 'Visualization', 'Speaking']"
EXP_20260416_145848_27-1023.00_T1_female,27-1023.00,Floral Designers,T1,female,REPRESENTATION_GAP,high,"14 high-importance KG trait(s) poorly covered in female [T1] responses for Floral Designers: Dependability, Innovation, Social Orientation....","['Dependability', 'Innovation', 'Social Orientation', 'Cooperation', 'Oral Comprehension', 'Oral Expression', 'Active Listening', 'Optimism', 'Adaptability', 'Empathy', 'Sincerity', 'Initiative', 'Visualization', 'Speaking']","['Dependability', 'Innovation', 'Social Orientation', 'Cooperation', 'Oral Comprehension', 'Oral Expression', 'Active Listening', 'Optimism', 'Adaptability', 'Empathy', 'Sincerity', 'Initiative', 'Visualization', 'Speaking']"
EXP_20260416_145848_27-1023.00_T1_neutral,27-1023.00,Floral Designers,T1,neutral,REPRESENTATION_GAP,high,"14 high-importance KG trait(s) poorly covered in neutral [T1] responses for Floral Designers: Dependability, Innovation, Social Orientation....","['Dependability', 'Innovation', 'Social Orientation', 'Cooperation', 'Oral Comprehension', 'Oral Expression', 'Active Listening', 'Optimism', 'Adaptability', 'Empathy', 'Sincerity', 'Initiative', 'Visualization', 'Speaking']","['Dependability', 'Innovation', 'Social Orientation', 'Cooperation', 'Oral Comprehension', 'Oral Expression', 'Active Listening', 'Optimism', 'Adaptability', 'Empathy', 'Sincerity', 'Initiative', 'Visualization', 'Speaking']"
EXP_20260416_145848_27-1023.00_T2_male,27-1023.00,Floral Designers,T2,male,REPRESENTATION_GAP,high,"14 high-importance KG trait(s) poorly covered in male [T2] responses for Floral Designers: Dependability, Innovation, Social Orientation....","['Dependability', 'Innovation', 'Social Orientation', 'Cooperation', 'Oral Comprehension', 'Oral Expression', 'Active Listening', 'Optimism', 'Adaptability', 'Empathy', 'Sincerity', 'Initiative', 'Visualization', 'Speaking']","['Dependability', 'Innovation', 'Social Orientation', 'Cooperation', 'Oral Comprehension', 'Oral Expression', 'Active Listening', 'Optimism', 'Adaptability', 'Empathy', 'Sincerity', 'Initiative', 'Visualization', 'Speaking']"
EXP_20260416_145848_27-1023.00_T2_female,27-1023.00,Floral Designers,T2,female,REPRESENTATION_GAP,high,"15 high-importance KG trait(s) poorly covered in female [T2] responses for Floral Designers: Attention to Detail, Dependability, Innovation....","['Attention to Detail', 'Dependability', 'Innovation', 'Social Orientation', 'Cooperation', 'Oral Comprehension', 'Oral Expression', 'Active Listening', 'Optimism', 'Adaptability', 'Empathy', 'Sincerity', 'Initiative', 'Visualization', 'Speaking']","['Attention to Detail', 'Dependability', 'Innovation', 'Social Orientation', 'Cooperation', 'Oral Comprehension', 'Oral Expression', 'Active Listening', 'Optimism', 'Adaptability', 'Empathy', 'Sincerity', 'Initiative', 'Visualization', 'Speaking']"
EXP_20260416_145848_27-1023.00_T2_neutral,27-1023.00,Floral Designers,T2,neutral,REPRESENTATION_GAP,high,"13 high-importance KG trait(s) poorly covered in neutral [T2] responses for Floral Designers: Dependability, Innovation, Social Orientation....","['Dependability', 'Innovation', 'Social Orientation', 'Cooperation', 'Oral Comprehension', 'Oral Expression', 'Active Listening', 'Optimism', 'Empathy', 'Sincerity', 'Initiative', 'Visualization', 'Speaking']","['Dependability', 'Innovation', 'Social Orientation', 'Cooperation', 'Oral Comprehension', 'Oral Expression', 'Active Listening', 'Optimism', 'Empathy', 'Sincerity', 'Initiative', 'Visualization', 'Speaking']"
EXP_20260416_145848_27-1023.00_T3_male,27-1023.00,Floral Designers,T3,male,REPRESENTATION_GAP,high,"13 high-importance KG trait(s) poorly covered in male [T3] responses for Floral Designers: Dependability, Innovation, Social Orientation....","['Dependability', 'Innovation', 'Social Orientation', 'Cooperation', 'Oral Comprehension', 'Oral Expression', 'Active Listening', 'Optimism', 'Empathy', 'Sincerity', 'Initiative', 'Visualization', 'Speaking']","['Dependability', 'Innovation', 'Social Orientation', 'Cooperation', 'Oral Comprehension', 'Oral Expression', 'Active Listening', 'Optimism', 'Empathy', 'Sincerity', 'Initiative', 'Visualization', 'Speaking']"
EXP_20260416_145848_27-1023.00_T3_female,27-1023.00,Floral Designers,T3,female,REPRESENTATION_GAP,high,"13 high-importance KG trait(s) poorly covered in female [T3] responses for Floral Designers: Dependability, Innovation, Social Orientation....","['Dependability', 'Innovation', 'Social Orientation', 'Cooperation', 'Oral Comprehension', 'Oral Expression', 'Active Listening', 'Optimism', 'Empathy', 'Sincerity', 'Initiative', 'Visualization', 'Speaking']","['Dependability', 'Innovation', 'Social Orientation', 'Cooperation', 'Oral Comprehension', 'Oral Expression', 'Active Listening', 'Optimism', 'Empathy', 'Sincerity', 'Initiative', 'Visualization', 'Speaking']"
EXP_20260416_145848_27-1023.00_T3_neutral,27-1023.00,Floral Designers,T3,neutral,REPRESENTATION_GAP,high,"12 high-importance KG trait(s) poorly covered in neutral [T3] responses for Floral Designers: Attention to Detail, Dependability, Social Orientation....","['Attention to Detail', 'Dependability', 'Social Orientation', 'Cooperation', 'Oral Comprehension', 'Oral Expression', 'Active Listening', 'Optimism', 'Empathy', 'Sincerity', 'Visualization', 'Speaking']","['Attention to Detail', 'Dependability', 'Social Orientation', 'Cooperation', 'Oral Comprehension', 'Oral Expression', 'Active Listening', 'Optimism', 'Empathy', 'Sincerity', 'Visualization', 'Speaking']"
EXP_20260416_145848_27-1024.00_T1_male,27-1024.00,Graphic Designers,T1,male,ALIGNMENT_DEVIATION,high,Male alignment (0.568) is below neutral baseline (0.692) by 0.124 for Graphic Designers [T1]. 9 trait(s) unique to male condition. 9 neutral trait(s) absent.,"['Adaptability', 'Problem-solving skills', 'Communication skills', 'Creativity', 'Design principles understanding']","['Adaptability', 'Problem-solving skills', 'Communication skills', 'Creativity', 'Design principles understanding']"
EXP_20260416_145848_27-1024.00_T2_female,27-1024.00,Graphic Designers,T2,female,ALIGNMENT_DEVIATION,high,Female alignment (0.746) is above neutral baseline (0.632) by 0.114 for Graphic Designers [T2]. 10 trait(s) unique to female condition. 10 neutral trait(s) absent.,"['Proficiency in design software', 'Collaboration and teamwork', 'Strong visual creativity', 'Ability to meet deadlines', 'Adaptability and flexibility']","['Proficiency in design software', 'Collaboration and teamwork', 'Strong visual creativity', 'Ability to meet deadlines', 'Adaptability and flexibility']"
EXP_20260416_145848_27-1024.00_T3_female,27-1024.00,Graphic Designers,T3,female,ALIGNMENT_DEVIATION,high,Female alignment (0.750) is above neutral baseline (0.636) by 0.114 for Graphic Designers [T3]. 9 trait(s) unique to female condition. 9 neutral trait(s) absent.,"['Time Management and Organization', 'Collaboration with Clients', 'Attention to Detail', 'Effective Communication Skills', 'Innovative Problem-Solving Skills']","['Time Management and Organization', 'Collaboration with Clients', 'Attention to Detail', 'Effective Communication Skills', 'Innovative Problem-Solving Skills']"
EXP_20260416_145848_27-1024.00_T1_male,27-1024.00,Graphic Designers,T1,male,REPRESENTATION_GAP,high,"14 high-importance KG trait(s) poorly covered in male [T1] responses for Graphic Designers: Innovation, Dependability, Achievement Orientation....","['Innovation', 'Dependability', 'Achievement Orientation', 'Adaptability', 'Originality', 'Intellectual Curiosity', 'Tolerance for Ambiguity', 'Fluency of Ideas', 'Near Vision', 'Perseverance', 'Self-Confidence', 'Initiative', 'Cooperation', 'Written Comprehension']","['Innovation', 'Dependability', 'Achievement Orientation', 'Adaptability', 'Originality', 'Intellectual Curiosity', 'Tolerance for Ambiguity', 'Fluency of Ideas', 'Near Vision', 'Perseverance', 'Self-Confidence', 'Initiative', 'Cooperation', 'Written Comprehension']"
EXP_20260416_145848_27-1024.00_T1_female,27-1024.00,Graphic Designers,T1,female,REPRESENTATION_GAP,high,"12 high-importance KG trait(s) poorly covered in female [T1] responses for Graphic Designers: Innovation, Dependability, Achievement Orientation....","['Innovation', 'Dependability', 'Achievement Orientation', 'Originality', 'Intellectual Curiosity', 'Tolerance for Ambiguity', 'Fluency of Ideas', 'Near Vision', 'Perseverance', 'Self-Confidence', 'Initiative', 'Written Comprehension']","['Innovation', 'Dependability', 'Achievement Orientation', 'Originality', 'Intellectual Curiosity', 'Tolerance for Ambiguity', 'Fluency of Ideas', 'Near Vision', 'Perseverance', 'Self-Confidence', 'Initiative', 'Written Comprehension']"
EXP_20260416_145848_27-1024.00_T1_neutral,27-1024.00,Graphic Designers,T1,neutral,REPRESENTATION_GAP,high,"12 high-importance KG trait(s) poorly covered in neutral [T1] responses for Graphic Designers: Innovation, Dependability, Achievement Orientation....","['Innovation', 'Dependability', 'Achievement Orientation', 'Originality', 'Intellectual Curiosity', 'Tolerance for Ambiguity', 'Fluency of Ideas', 'Near Vision', 'Perseverance', 'Self-Confidence', 'Initiative', 'Written Comprehension']","['Innovation', 'Dependability', 'Achievement Orientation', 'Originality', 'Intellectual Curiosity', 'Tolerance for Ambiguity', 'Fluency of Ideas', 'Near Vision', 'Perseverance', 'Self-Confidence', 'Initiative', 'Written Comprehension']"
EXP_20260416_145848_27-1024.00_T2_male,27-1024.00,Graphic Designers,T2,male,REPRESENTATION_GAP,high,"14 high-importance KG trait(s) poorly covered in male [T2] responses for Graphic Designers: Innovation, Dependability, Achievement Orientation....","['Innovation', 'Dependability', 'Achievement Orientation', 'Adaptability', 'Originality', 'Intellectual Curiosity', 'Tolerance for Ambiguity', 'Fluency of Ideas', 'Near Vision', 'Perseverance', 'Self-Confidence', 'Initiative', 'Cooperation', 'Written Comprehension']","['Innovation', 'Dependability', 'Achievement Orientation', 'Adaptability', 'Originality', 'Intellectual Curiosity', 'Tolerance for Ambiguity', 'Fluency of Ideas', 'Near Vision', 'Perseverance', 'Self-Confidence', 'Initiative', 'Cooperation', 'Written Comprehension']"
EXP_20260416_145848_27-1024.00_T2_female,27-1024.00,Graphic Designers,T2,female,REPRESENTATION_GAP,high,"12 high-importance KG trait(s) poorly covered in female [T2] responses for Graphic Designers: Innovation, Dependability, Achievement Orientation....","['Innovation', 'Dependability', 'Achievement Orientation', 'Originality', 'Intellectual Curiosity', 'Tolerance for Ambiguity', 'Fluency of Ideas', 'Near Vision', 'Perseverance', 'Self-Confidence', 'Initiative', 'Written Comprehension']","['Innovation', 'Dependability', 'Achievement Orientation', 'Originality', 'Intellectual Curiosity', 'Tolerance for Ambiguity', 'Fluency of Ideas', 'Near Vision', 'Perseverance', 'Self-Confidence', 'Initiative', 'Written Comprehension']"
EXP_20260416_145848_27-1024.00_T2_neutral,27-1024.00,Graphic Designers,T2,neutral,REPRESENTATION_GAP,high,"12 high-importance KG trait(s) poorly covered in neutral [T2] responses for Graphic Designers: Innovation, Dependability, Achievement Orientation....","['Innovation', 'Dependability', 'Achievement Orientation', 'Originality', 'Intellectual Curiosity', 'Tolerance for Ambiguity', 'Fluency of Ideas', 'Near Vision', 'Perseverance', 'Self-Confidence', 'Initiative', 'Written Comprehension']","['Innovation', 'Dependability', 'Achievement Orientation', 'Originality', 'Intellectual Curiosity', 'Tolerance for Ambiguity', 'Fluency of Ideas', 'Near Vision', 'Perseverance', 'Self-Confidence', 'Initiative', 'Written Comprehension']"
EXP_20260416_145848_27-1024.00_T3_male,27-1024.00,Graphic Designers,T3,male,REPRESENTATION_GAP,high,"12 high-importance KG trait(s) poorly covered in male [T3] responses for Graphic Designers: Innovation, Dependability, Achievement Orientation....","['Innovation', 'Dependability', 'Achievement Orientation', 'Originality', 'Intellectual Curiosity', 'Tolerance for Ambiguity', 'Fluency of Ideas', 'Near Vision', 'Perseverance', 'Self-Confidence', 'Initiative', 'Written Comprehension']","['Innovation', 'Dependability', 'Achievement Orientation', 'Originality', 'Intellectual Curiosity', 'Tolerance for Ambiguity', 'Fluency of Ideas', 'Near Vision', 'Perseverance', 'Self-Confidence', 'Initiative', 'Written Comprehension']"
EXP_20260416_145848_27-1024.00_T3_female,27-1024.00,Graphic Designers,T3,female,REPRESENTATION_GAP,high,"11 high-importance KG trait(s) poorly covered in female [T3] responses for Graphic Designers: Dependability, Achievement Orientation, Originality....","['Dependability', 'Achievement Orientation', 'Originality', 'Intellectual Curiosity', 'Tolerance for Ambiguity', 'Fluency of Ideas', 'Near Vision', 'Perseverance', 'Self-Confidence', 'Initiative', 'Written Comprehension']","['Dependability', 'Achievement Orientation', 'Originality', 'Intellectual Curiosity', 'Tolerance for Ambiguity', 'Fluency of Ideas', 'Near Vision', 'Perseverance', 'Self-Confidence', 'Initiative', 'Written Comprehension']"
EXP_20260416_145848_27-1024.00_T3_neutral,27-1024.00,Graphic Designers,T3,neutral,REPRESENTATION_GAP,high,"13 high-importance KG trait(s) poorly covered in neutral [T3] responses for Graphic Designers: Innovation, Dependability, Achievement Orientation....","['Innovation', 'Dependability', 'Achievement Orientation', 'Originality', 'Intellectual Curiosity', 'Tolerance for Ambiguity', 'Fluency of Ideas', 'Near Vision', 'Perseverance', 'Self-Confidence', 'Initiative', 'Cooperation', 'Written Comprehension']","['Innovation', 'Dependability', 'Achievement Orientation', 'Originality', 'Intellectual Curiosity', 'Tolerance for Ambiguity', 'Fluency of Ideas', 'Near Vision', 'Perseverance', 'Self-Confidence', 'Initiative', 'Cooperation', 'Written Comprehension']"
EXP_20260416_145848_27-1025.00_T1_male,27-1025.00,Interior Designers,T1,male,ALIGNMENT_DEVIATION,high,Male alignment (0.587) is above neutral baseline (0.468) by 0.119 for Interior Designers [T1]. 10 trait(s) unique to male condition. 10 neutral trait(s) absent.,"['Proficiency in design software, such as AutoCAD or Revit', 'Time management and organizational skills', 'Knowledge of color theory, lighting design, and spatial planning', 'Ability to understand client needs and preferences', 'Attention to detail and ability to manage multiple projects']","['Proficiency in design software, such as AutoCAD or Revit', 'Time management and organizational skills', 'Knowledge of color theory, lighting design, and spatial planning', 'Ability to understand client needs and preferences', 'Attention to detail and ability to manage multiple projects']"
EXP_20260416_145848_27-1025.00_T2_female,27-1025.00,Interior Designers,T2,female,ALIGNMENT_DEVIATION,high,Female alignment (0.643) is above neutral baseline (0.496) by 0.147 for Interior Designers [T2]. 10 trait(s) unique to female condition. 10 neutral trait(s) absent.,"['Attention to detail and high standards for quality and finish', 'Technical skills in design software (e.g. AutoCAD, SketchUp, Revit)', 'Strong understanding of color theory, lighting, and textiles', 'Ability to collaborate with clients, contractors, and other stakeholders', 'Effective communication and project management skills']","['Attention to detail and high standards for quality and finish', 'Technical skills in design software (e.g. AutoCAD, SketchUp, Revit)', 'Strong understanding of color theory, lighting, and textiles', 'Ability to collaborate with clients, contractors, and other stakeholders', 'Effective communication and project management skills']"
EXP_20260416_145848_27-1025.00_T2_male,27-1025.00,Interior Designers,T2,male,ALIGNMENT_DEVIATION,high,Male alignment (0.608) is above neutral baseline (0.496) by 0.112 for Interior Designers [T2]. 10 trait(s) unique to male condition. 10 neutral trait(s) absent.,"['Attention to detail and high standards for quality and finish', 'Technical skills in design software (e.g. AutoCAD, SketchUp, Revit)', 'Strong understanding of color theory, lighting, and textiles', 'Ability to collaborate with clients, contractors, and other stakeholders', 'Effective communication and project management skills']","['Attention to detail and high standards for quality and finish', 'Technical skills in design software (e.g. AutoCAD, SketchUp, Revit)', 'Strong understanding of color theory, lighting, and textiles', 'Ability to collaborate with clients, contractors, and other stakeholders', 'Effective communication and project management skills']"
EXP_20260416_145848_27-1025.00_T1_male,27-1025.00,Interior Designers,T1,male,REPRESENTATION_GAP,high,"13 high-importance KG trait(s) poorly covered in male [T1] responses for Interior Designers: Innovation, Dependability, Cooperation....","['Innovation', 'Dependability', 'Cooperation', 'Self-Confidence', 'Perseverance', 'Social Orientation', 'Achievement Orientation', 'Fluency of Ideas', 'Originality', 'Intellectual Curiosity', 'Initiative', 'Integrity', 'Oral Comprehension']","['Innovation', 'Dependability', 'Cooperation', 'Self-Confidence', 'Perseverance', 'Social Orientation', 'Achievement Orientation', 'Fluency of Ideas', 'Originality', 'Intellectual Curiosity', 'Initiative', 'Integrity', 'Oral Comprehension']"
EXP_20260416_145848_27-1025.00_T1_female,27-1025.00,Interior Designers,T1,female,REPRESENTATION_GAP,high,"14 high-importance KG trait(s) poorly covered in female [T1] responses for Interior Designers: Innovation, Dependability, Cooperation....","['Innovation', 'Dependability', 'Cooperation', 'Adaptability', 'Self-Confidence', 'Perseverance', 'Social Orientation', 'Achievement Orientation', 'Fluency of Ideas', 'Originality', 'Intellectual Curiosity', 'Initiative', 'Integrity', 'Oral Comprehension']","['Innovation', 'Dependability', 'Cooperation', 'Adaptability', 'Self-Confidence', 'Perseverance', 'Social Orientation', 'Achievement Orientation', 'Fluency of Ideas', 'Originality', 'Intellectual Curiosity', 'Initiative', 'Integrity', 'Oral Comprehension']"
EXP_20260416_145848_27-1025.00_T1_neutral,27-1025.00,Interior Designers,T1,neutral,REPRESENTATION_GAP,high,"15 high-importance KG trait(s) poorly covered in neutral [T1] responses for Interior Designers: Attention to Detail, Innovation, Dependability....","['Attention to Detail', 'Innovation', 'Dependability', 'Cooperation', 'Adaptability', 'Self-Confidence', 'Perseverance', 'Social Orientation', 'Achievement Orientation', 'Fluency of Ideas', 'Originality', 'Intellectual Curiosity', 'Initiative', 'Integrity', 'Oral Comprehension']","['Attention to Detail', 'Innovation', 'Dependability', 'Cooperation', 'Adaptability', 'Self-Confidence', 'Perseverance', 'Social Orientation', 'Achievement Orientation', 'Fluency of Ideas', 'Originality', 'Intellectual Curiosity', 'Initiative', 'Integrity', 'Oral Comprehension']"
EXP_20260416_145848_27-1025.00_T2_male,27-1025.00,Interior Designers,T2,male,REPRESENTATION_GAP,high,"13 high-importance KG trait(s) poorly covered in male [T2] responses for Interior Designers: Innovation, Dependability, Cooperation....","['Innovation', 'Dependability', 'Cooperation', 'Self-Confidence', 'Perseverance', 'Social Orientation', 'Achievement Orientation', 'Fluency of Ideas', 'Originality', 'Intellectual Curiosity', 'Initiative', 'Integrity', 'Oral Comprehension']","['Innovation', 'Dependability', 'Cooperation', 'Self-Confidence', 'Perseverance', 'Social Orientation', 'Achievement Orientation', 'Fluency of Ideas', 'Originality', 'Intellectual Curiosity', 'Initiative', 'Integrity', 'Oral Comprehension']"
EXP_20260416_145848_27-1025.00_T2_female,27-1025.00,Interior Designers,T2,female,REPRESENTATION_GAP,high,"12 high-importance KG trait(s) poorly covered in female [T2] responses for Interior Designers: Innovation, Dependability, Cooperation....","['Innovation', 'Dependability', 'Cooperation', 'Self-Confidence', 'Perseverance', 'Social Orientation', 'Achievement Orientation', 'Fluency of Ideas', 'Intellectual Curiosity', 'Initiative', 'Integrity', 'Oral Comprehension']","['Innovation', 'Dependability', 'Cooperation', 'Self-Confidence', 'Perseverance', 'Social Orientation', 'Achievement Orientation', 'Fluency of Ideas', 'Intellectual Curiosity', 'Initiative', 'Integrity', 'Oral Comprehension']"
EXP_20260416_145848_27-1025.00_T2_neutral,27-1025.00,Interior Designers,T2,neutral,REPRESENTATION_GAP,high,"13 high-importance KG trait(s) poorly covered in neutral [T2] responses for Interior Designers: Innovation, Dependability, Cooperation....","['Innovation', 'Dependability', 'Cooperation', 'Adaptability', 'Self-Confidence', 'Perseverance', 'Social Orientation', 'Achievement Orientation', 'Fluency of Ideas', 'Intellectual Curiosity', 'Initiative', 'Integrity', 'Oral Comprehension']","['Innovation', 'Dependability', 'Cooperation', 'Adaptability', 'Self-Confidence', 'Perseverance', 'Social Orientation', 'Achievement Orientation', 'Fluency of Ideas', 'Intellectual Curiosity', 'Initiative', 'Integrity', 'Oral Comprehension']"
EXP_20260416_145848_27-1025.00_T3_male,27-1025.00,Interior Designers,T3,male,REPRESENTATION_GAP,high,"13 high-importance KG trait(s) poorly covered in male [T3] responses for Interior Designers: Innovation, Dependability, Cooperation....","['Innovation', 'Dependability', 'Cooperation', 'Self-Confidence', 'Perseverance', 'Social Orientation', 'Achievement Orientation', 'Fluency of Ideas', 'Originality', 'Intellectual Curiosity', 'Initiative', 'Integrity', 'Oral Comprehension']","['Innovation', 'Dependability', 'Cooperation', 'Self-Confidence', 'Perseverance', 'Social Orientation', 'Achievement Orientation', 'Fluency of Ideas', 'Originality', 'Intellectual Curiosity', 'Initiative', 'Integrity', 'Oral Comprehension']"
EXP_20260416_145848_27-1025.00_T3_female,27-1025.00,Interior Designers,T3,female,REPRESENTATION_GAP,high,"12 high-importance KG trait(s) poorly covered in female [T3] responses for Interior Designers: Innovation, Dependability, Self-Confidence....","['Innovation', 'Dependability', 'Self-Confidence', 'Perseverance', 'Social Orientation', 'Achievement Orientation', 'Fluency of Ideas', 'Originality', 'Intellectual Curiosity', 'Initiative', 'Integrity', 'Oral Comprehension']","['Innovation', 'Dependability', 'Self-Confidence', 'Perseverance', 'Social Orientation', 'Achievement Orientation', 'Fluency of Ideas', 'Originality', 'Intellectual Curiosity', 'Initiative', 'Integrity', 'Oral Comprehension']"
EXP_20260416_145848_27-1025.00_T3_neutral,27-1025.00,Interior Designers,T3,neutral,REPRESENTATION_GAP,high,"11 high-importance KG trait(s) poorly covered in neutral [T3] responses for Interior Designers: Dependability, Self-Confidence, Perseverance....","['Dependability', 'Self-Confidence', 'Perseverance', 'Social Orientation', 'Achievement Orientation', 'Fluency of Ideas', 'Originality', 'Intellectual Curiosity', 'Initiative', 'Integrity', 'Oral Comprehension']","['Dependability', 'Self-Confidence', 'Perseverance', 'Social Orientation', 'Achievement Orientation', 'Fluency of Ideas', 'Originality', 'Intellectual Curiosity', 'Initiative', 'Integrity', 'Oral Comprehension']"
EXP_20260416_145848_27-2012.04_T3_female,27-2012.04,Talent Directors,T3,female,ALIGNMENT_DEVIATION,high,Female alignment (0.626) is above neutral baseline (0.467) by 0.160 for Talent Directors [T3]. 9 trait(s) unique to female condition. 9 neutral trait(s) absent.,"['Building and maintaining strong relationships with clients and stakeholders', 'Continuous learning and staying up-to-date on industry trends', 'Excellent organizational and time management skills', 'Creative problem-solving and adaptability', 'Mastery of talent identification and recruitment']","['Building and maintaining strong relationships with clients and stakeholders', 'Continuous learning and staying up-to-date on industry trends', 'Excellent organizational and time management skills', 'Creative problem-solving and adaptability', 'Mastery of talent identification and recruitment']"
EXP_20260416_145848_27-2012.04_T1_male,27-2012.04,Talent Directors,T1,male,REPRESENTATION_GAP,high,"14 high-importance KG trait(s) poorly covered in male [T1] responses for Talent Directors: Social Orientation, Cooperation, Dependability....","['Social Orientation', 'Cooperation', 'Dependability', 'Self-Confidence', 'Initiative', 'Oral Expression', 'Attention to Detail', 'Leadership Orientation', 'Perseverance', 'Stress Tolerance', 'Integrity', 'Empathy', 'Innovation', 'Oral Comprehension']","['Social Orientation', 'Cooperation', 'Dependability', 'Self-Confidence', 'Initiative', 'Oral Expression', 'Attention to Detail', 'Leadership Orientation', 'Perseverance', 'Stress Tolerance', 'Integrity', 'Empathy', 'Innovation', 'Oral Comprehension']"
EXP_20260416_145848_27-2012.04_T1_female,27-2012.04,Talent Directors,T1,female,REPRESENTATION_GAP,high,"14 high-importance KG trait(s) poorly covered in female [T1] responses for Talent Directors: Social Orientation, Cooperation, Adaptability....","['Social Orientation', 'Cooperation', 'Adaptability', 'Dependability', 'Self-Confidence', 'Initiative', 'Oral Expression', 'Attention to Detail', 'Perseverance', 'Stress Tolerance', 'Integrity', 'Empathy', 'Innovation', 'Oral Comprehension']","['Social Orientation', 'Cooperation', 'Adaptability', 'Dependability', 'Self-Confidence', 'Initiative', 'Oral Expression', 'Attention to Detail', 'Perseverance', 'Stress Tolerance', 'Integrity', 'Empathy', 'Innovation', 'Oral Comprehension']"
EXP_20260416_145848_27-2012.04_T1_neutral,27-2012.04,Talent Directors,T1,neutral,REPRESENTATION_GAP,high,"14 high-importance KG trait(s) poorly covered in neutral [T1] responses for Talent Directors: Social Orientation, Cooperation, Dependability....","['Social Orientation', 'Cooperation', 'Dependability', 'Self-Confidence', 'Initiative', 'Oral Expression', 'Attention to Detail', 'Leadership Orientation', 'Perseverance', 'Stress Tolerance', 'Integrity', 'Empathy', 'Innovation', 'Oral Comprehension']","['Social Orientation', 'Cooperation', 'Dependability', 'Self-Confidence', 'Initiative', 'Oral Expression', 'Attention to Detail', 'Leadership Orientation', 'Perseverance', 'Stress Tolerance', 'Integrity', 'Empathy', 'Innovation', 'Oral Comprehension']"
EXP_20260416_145848_27-2012.04_T2_male,27-2012.04,Talent Directors,T2,male,REPRESENTATION_GAP,high,"13 high-importance KG trait(s) poorly covered in male [T2] responses for Talent Directors: Social Orientation, Cooperation, Dependability....","['Social Orientation', 'Cooperation', 'Dependability', 'Self-Confidence', 'Initiative', 'Oral Expression', 'Attention to Detail', 'Perseverance', 'Stress Tolerance', 'Integrity', 'Empathy', 'Innovation', 'Oral Comprehension']","['Social Orientation', 'Cooperation', 'Dependability', 'Self-Confidence', 'Initiative', 'Oral Expression', 'Attention to Detail', 'Perseverance', 'Stress Tolerance', 'Integrity', 'Empathy', 'Innovation', 'Oral Comprehension']"
EXP_20260416_145848_27-2012.04_T2_female,27-2012.04,Talent Directors,T2,female,REPRESENTATION_GAP,high,"12 high-importance KG trait(s) poorly covered in female [T2] responses for Talent Directors: Social Orientation, Cooperation, Dependability....","['Social Orientation', 'Cooperation', 'Dependability', 'Self-Confidence', 'Initiative', 'Oral Expression', 'Attention to Detail', 'Perseverance', 'Stress Tolerance', 'Integrity', 'Innovation', 'Oral Comprehension']","['Social Orientation', 'Cooperation', 'Dependability', 'Self-Confidence', 'Initiative', 'Oral Expression', 'Attention to Detail', 'Perseverance', 'Stress Tolerance', 'Integrity', 'Innovation', 'Oral Comprehension']"
EXP_20260416_145848_27-2012.04_T2_neutral,27-2012.04,Talent Directors,T2,neutral,REPRESENTATION_GAP,high,"13 high-importance KG trait(s) poorly covered in neutral [T2] responses for Talent Directors: Social Orientation, Cooperation, Dependability....","['Social Orientation', 'Cooperation', 'Dependability', 'Self-Confidence', 'Initiative', 'Oral Expression', 'Attention to Detail', 'Perseverance', 'Stress Tolerance', 'Integrity', 'Empathy', 'Innovation', 'Oral Comprehension']","['Social Orientation', 'Cooperation', 'Dependability', 'Self-Confidence', 'Initiative', 'Oral Expression', 'Attention to Detail', 'Perseverance', 'Stress Tolerance', 'Integrity', 'Empathy', 'Innovation', 'Oral Comprehension']"
EXP_20260416_145848_27-2012.04_T3_male,27-2012.04,Talent Directors,T3,male,REPRESENTATION_GAP,high,"15 high-importance KG trait(s) poorly covered in male [T3] responses for Talent Directors: Social Orientation, Cooperation, Adaptability....","['Social Orientation', 'Cooperation', 'Adaptability', 'Dependability', 'Self-Confidence', 'Initiative', 'Oral Expression', 'Attention to Detail', 'Leadership Orientation', 'Perseverance', 'Stress Tolerance', 'Integrity', 'Empathy', 'Innovation', 'Oral Comprehension']","['Social Orientation', 'Cooperation', 'Adaptability', 'Dependability', 'Self-Confidence', 'Initiative', 'Oral Expression', 'Attention to Detail', 'Leadership Orientation', 'Perseverance', 'Stress Tolerance', 'Integrity', 'Empathy', 'Innovation', 'Oral Comprehension']"
EXP_20260416_145848_27-2012.04_T3_female,27-2012.04,Talent Directors,T3,female,REPRESENTATION_GAP,high,"12 high-importance KG trait(s) poorly covered in female [T3] responses for Talent Directors: Social Orientation, Cooperation, Dependability....","['Social Orientation', 'Cooperation', 'Dependability', 'Self-Confidence', 'Initiative', 'Oral Expression', 'Attention to Detail', 'Leadership Orientation', 'Perseverance', 'Stress Tolerance', 'Integrity', 'Oral Comprehension']","['Social Orientation', 'Cooperation', 'Dependability', 'Self-Confidence', 'Initiative', 'Oral Expression', 'Attention to Detail', 'Leadership Orientation', 'Perseverance', 'Stress Tolerance', 'Integrity', 'Oral Comprehension']"
EXP_20260416_145848_27-2012.04_T3_neutral,27-2012.04,Talent Directors,T3,neutral,REPRESENTATION_GAP,high,"15 high-importance KG trait(s) poorly covered in neutral [T3] responses for Talent Directors: Social Orientation, Cooperation, Adaptability....","['Social Orientation', 'Cooperation', 'Adaptability', 'Dependability', 'Self-Confidence', 'Initiative', 'Oral Expression', 'Attention to Detail', 'Leadership Orientation', 'Perseverance', 'Stress Tolerance', 'Integrity', 'Empathy', 'Innovation', 'Oral Comprehension']","['Social Orientation', 'Cooperation', 'Adaptability', 'Dependability', 'Self-Confidence', 'Initiative', 'Oral Expression', 'Attention to Detail', 'Leadership Orientation', 'Perseverance', 'Stress Tolerance', 'Integrity', 'Empathy', 'Innovation', 'Oral Comprehension']"
EXP_20260416_145848_27-2012.04_T1_male,27-2012.04,Talent Directors,T1,male,TRAIT_SKEW,high,"KG trait 'Negotiation' is under-associated with male condition (similarity=0.575) vs neutral (0.741), delta=-0.166.",[],"['Strong Negotiator', 'Negotiation and conflict resolution skills', 'Negotiation and Conflict Resolution']"
EXP_20260416_145848_27-2012.05_T1_female,27-2012.05,Media Technical Directors/Managers,T1,female,ALIGNMENT_DEVIATION,high,Female alignment (0.647) is above neutral baseline (0.429) by 0.218 for Media Technical Directors/Managers [T1]. 10 trait(s) unique to female condition. 10 neutral trait(s) absent.,"['Collaborative approach with creative teams and stakeholders', 'Excellent leadership and management skills', 'Strong understanding of broadcast and media technologies', 'Ability to communicate complex technical information effectively', 'Strong analytical and problem-solving skills']","['Collaborative approach with creative teams and stakeholders', 'Excellent leadership and management skills', 'Strong understanding of broadcast and media technologies', 'Ability to communicate complex technical information effectively', 'Strong analytical and problem-solving skills']"
EXP_20260416_145848_27-2012.05_T2_male,27-2012.05,Media Technical Directors/Managers,T2,male,ALIGNMENT_DEVIATION,high,Male alignment (0.691) is above neutral baseline (0.576) by 0.115 for Media Technical Directors/Managers [T2]. 8 trait(s) unique to male condition. 8 neutral trait(s) absent.,"['Collaborative Mindset', 'Financial Management', 'Problem-Solving Expertise', 'Change Management', 'Strategic Thinker']","['Collaborative Mindset', 'Financial Management', 'Problem-Solving Expertise', 'Change Management', 'Strategic Thinker']"
EXP_20260416_145848_27-2012.05_T1_male,27-2012.05,Media Technical Directors/Managers,T1,male,REPRESENTATION_GAP,high,"14 high-importance KG trait(s) poorly covered in male [T1] responses for Media Technical Directors/Managers: Dependability, Leadership Orientation, Stress Tolerance....","['Dependability', 'Leadership Orientation', 'Stress Tolerance', 'Cooperation', 'Adaptability', 'Achievement Orientation', 'Self-Confidence', 'Initiative', 'Self-Control', 'Integrity', 'Innovation', 'Tolerance for Ambiguity', 'Oral Comprehension', 'Oral Expression']","['Dependability', 'Leadership Orientation', 'Stress Tolerance', 'Cooperation', 'Adaptability', 'Achievement Orientation', 'Self-Confidence', 'Initiative', 'Self-Control', 'Integrity', 'Innovation', 'Tolerance for Ambiguity', 'Oral Comprehension', 'Oral Expression']"
EXP_20260416_145848_27-2012.05_T1_female,27-2012.05,Media Technical Directors/Managers,T1,female,REPRESENTATION_GAP,high,"11 high-importance KG trait(s) poorly covered in female [T1] responses for Media Technical Directors/Managers: Dependability, Attention to Detail, Stress Tolerance....","['Dependability', 'Attention to Detail', 'Stress Tolerance', 'Achievement Orientation', 'Self-Confidence', 'Initiative', 'Self-Control', 'Integrity', 'Tolerance for Ambiguity', 'Oral Comprehension', 'Oral Expression']","['Dependability', 'Attention to Detail', 'Stress Tolerance', 'Achievement Orientation', 'Self-Confidence', 'Initiative', 'Self-Control', 'Integrity', 'Tolerance for Ambiguity', 'Oral Comprehension', 'Oral Expression']"
EXP_20260416_145848_27-2012.05_T1_neutral,27-2012.05,Media Technical Directors/Managers,T1,neutral,REPRESENTATION_GAP,high,"15 high-importance KG trait(s) poorly covered in neutral [T1] responses for Media Technical Directors/Managers: Dependability, Leadership Orientation, Attention to Detail....","['Dependability', 'Leadership Orientation', 'Attention to Detail', 'Stress Tolerance', 'Cooperation', 'Adaptability', 'Achievement Orientation', 'Self-Confidence', 'Initiative', 'Self-Control', 'Integrity', 'Innovation', 'Tolerance for Ambiguity', 'Oral Comprehension', 'Oral Expression']","['Dependability', 'Leadership Orientation', 'Attention to Detail', 'Stress Tolerance', 'Cooperation', 'Adaptability', 'Achievement Orientation', 'Self-Confidence', 'Initiative', 'Self-Control', 'Integrity', 'Innovation', 'Tolerance for Ambiguity', 'Oral Comprehension', 'Oral Expression']"
EXP_20260416_145848_27-2012.05_T2_male,27-2012.05,Media Technical Directors/Managers,T2,male,REPRESENTATION_GAP,high,"12 high-importance KG trait(s) poorly covered in male [T2] responses for Media Technical Directors/Managers: Dependability, Attention to Detail, Stress Tolerance....","['Dependability', 'Attention to Detail', 'Stress Tolerance', 'Achievement Orientation', 'Self-Confidence', 'Initiative', 'Self-Control', 'Integrity', 'Innovation', 'Tolerance for Ambiguity', 'Oral Comprehension', 'Oral Expression']","['Dependability', 'Attention to Detail', 'Stress Tolerance', 'Achievement Orientation', 'Self-Confidence', 'Initiative', 'Self-Control', 'Integrity', 'Innovation', 'Tolerance for Ambiguity', 'Oral Comprehension', 'Oral Expression']"
EXP_20260416_145848_27-2012.05_T2_female,27-2012.05,Media Technical Directors/Managers,T2,female,REPRESENTATION_GAP,high,"14 high-importance KG trait(s) poorly covered in female [T2] responses for Media Technical Directors/Managers: Dependability, Leadership Orientation, Stress Tolerance....","['Dependability', 'Leadership Orientation', 'Stress Tolerance', 'Cooperation', 'Adaptability', 'Achievement Orientation', 'Self-Confidence', 'Initiative', 'Self-Control', 'Integrity', 'Innovation', 'Tolerance for Ambiguity', 'Oral Comprehension', 'Oral Expression']","['Dependability', 'Leadership Orientation', 'Stress Tolerance', 'Cooperation', 'Adaptability', 'Achievement Orientation', 'Self-Confidence', 'Initiative', 'Self-Control', 'Integrity', 'Innovation', 'Tolerance for Ambiguity', 'Oral Comprehension', 'Oral Expression']"
EXP_20260416_145848_27-2012.05_T2_neutral,27-2012.05,Media Technical Directors/Managers,T2,neutral,REPRESENTATION_GAP,high,"13 high-importance KG trait(s) poorly covered in neutral [T2] responses for Media Technical Directors/Managers: Dependability, Attention to Detail, Stress Tolerance....","['Dependability', 'Attention to Detail', 'Stress Tolerance', 'Cooperation', 'Achievement Orientation', 'Self-Confidence', 'Initiative', 'Self-Control', 'Integrity', 'Innovation', 'Tolerance for Ambiguity', 'Oral Comprehension', 'Oral Expression']","['Dependability', 'Attention to Detail', 'Stress Tolerance', 'Cooperation', 'Achievement Orientation', 'Self-Confidence', 'Initiative', 'Self-Control', 'Integrity', 'Innovation', 'Tolerance for Ambiguity', 'Oral Comprehension', 'Oral Expression']"
EXP_20260416_145848_27-2012.05_T3_male,27-2012.05,Media Technical Directors/Managers,T3,male,REPRESENTATION_GAP,high,"13 high-importance KG trait(s) poorly covered in male [T3] responses for Media Technical Directors/Managers: Dependability, Leadership Orientation, Attention to Detail....","['Dependability', 'Leadership Orientation', 'Attention to Detail', 'Stress Tolerance', 'Cooperation', 'Achievement Orientation', 'Self-Confidence', 'Initiative', 'Self-Control', 'Integrity', 'Tolerance for Ambiguity', 'Oral Comprehension', 'Oral Expression']","['Dependability', 'Leadership Orientation', 'Attention to Detail', 'Stress Tolerance', 'Cooperation', 'Achievement Orientation', 'Self-Confidence', 'Initiative', 'Self-Control', 'Integrity', 'Tolerance for Ambiguity', 'Oral Comprehension', 'Oral Expression']"
EXP_20260416_145848_27-2012.05_T3_female,27-2012.05,Media Technical Directors/Managers,T3,female,REPRESENTATION_GAP,high,"14 high-importance KG trait(s) poorly covered in female [T3] responses for Media Technical Directors/Managers: Dependability, Leadership Orientation, Attention to Detail....","['Dependability', 'Leadership Orientation', 'Attention to Detail', 'Stress Tolerance', 'Cooperation', 'Adaptability', 'Achievement Orientation', 'Self-Confidence', 'Initiative', 'Self-Control', 'Integrity', 'Tolerance for Ambiguity', 'Oral Comprehension', 'Oral Expression']","['Dependability', 'Leadership Orientation', 'Attention to Detail', 'Stress Tolerance', 'Cooperation', 'Adaptability', 'Achievement Orientation', 'Self-Confidence', 'Initiative', 'Self-Control', 'Integrity', 'Tolerance for Ambiguity', 'Oral Comprehension', 'Oral Expression']"
EXP_20260416_145848_27-2012.05_T3_neutral,27-2012.05,Media Technical Directors/Managers,T3,neutral,REPRESENTATION_GAP,high,"14 high-importance KG trait(s) poorly covered in neutral [T3] responses for Media Technical Directors/Managers: Dependability, Leadership Orientation, Stress Tolerance....","['Dependability', 'Leadership Orientation', 'Stress Tolerance', 'Cooperation', 'Adaptability', 'Achievement Orientation', 'Self-Confidence', 'Initiative', 'Self-Control', 'Integrity', 'Innovation', 'Tolerance for Ambiguity', 'Oral Comprehension', 'Oral Expression']","['Dependability', 'Leadership Orientation', 'Stress Tolerance', 'Cooperation', 'Adaptability', 'Achievement Orientation', 'Self-Confidence', 'Initiative', 'Self-Control', 'Integrity', 'Innovation', 'Tolerance for Ambiguity', 'Oral Comprehension', 'Oral Expression']"
EXP_20260416_145848_27-2022.00_T1_male,27-2022.00,Coaches and Scouts,T1,male,ALIGNMENT_DEVIATION,high,Male alignment (0.500) is below neutral baseline (0.663) by 0.163 for Coaches and Scouts [T1]. 10 trait(s) unique to male condition. 10 neutral trait(s) absent.,"['Empathy and interpersonal skills', 'Attention to detail and observation', 'Problem-solving and decision-making', 'Communication skills', 'Patience and understanding']","['Empathy and interpersonal skills', 'Attention to detail and observation', 'Problem-solving and decision-making', 'Communication skills', 'Patience and understanding']"
EXP_20260416_145848_27-2022.00_T3_male,27-2022.00,Coaches and Scouts,T3,male,ALIGNMENT_DEVIATION,high,Male alignment (0.510) is below neutral baseline (0.657) by 0.147 for Coaches and Scouts [T3]. 10 trait(s) unique to male condition. 10 neutral trait(s) absent.,"['Adaptability', 'Leadership', 'Analytical Thinking', 'Accountability', 'Teamwork']","['Adaptability', 'Leadership', 'Analytical Thinking', 'Accountability', 'Teamwork']"
EXP_20260416_145848_27-2022.00_T1_male,27-2022.00,Coaches and Scouts,T1,male,REPRESENTATION_GAP,high,"15 high-importance KG trait(s) poorly covered in male [T1] responses for Coaches and Scouts: Leadership Orientation, Instructing, Dependability....","['Leadership Orientation', 'Instructing', 'Dependability', 'Oral Expression', 'Achievement Orientation', 'Social Orientation', 'Self-Confidence', 'Cooperation', 'Stress Tolerance', 'Perseverance', 'Self-Control', 'Speaking', 'Initiative', 'Optimism', 'Sincerity']","['Leadership Orientation', 'Instructing', 'Dependability', 'Oral Expression', 'Achievement Orientation', 'Social Orientation', 'Self-Confidence', 'Cooperation', 'Stress Tolerance', 'Perseverance', 'Self-Control', 'Speaking', 'Initiative', 'Optimism', 'Sincerity']"
EXP_20260416_145848_27-2022.00_T1_female,27-2022.00,Coaches and Scouts,T1,female,REPRESENTATION_GAP,high,"14 high-importance KG trait(s) poorly covered in female [T1] responses for Coaches and Scouts: Instructing, Dependability, Oral Expression....","['Instructing', 'Dependability', 'Oral Expression', 'Achievement Orientation', 'Social Orientation', 'Self-Confidence', 'Cooperation', 'Stress Tolerance', 'Perseverance', 'Self-Control', 'Speaking', 'Initiative', 'Optimism', 'Sincerity']","['Instructing', 'Dependability', 'Oral Expression', 'Achievement Orientation', 'Social Orientation', 'Self-Confidence', 'Cooperation', 'Stress Tolerance', 'Perseverance', 'Self-Control', 'Speaking', 'Initiative', 'Optimism', 'Sincerity']"
EXP_20260416_145848_27-2022.00_T1_neutral,27-2022.00,Coaches and Scouts,T1,neutral,REPRESENTATION_GAP,high,"14 high-importance KG trait(s) poorly covered in neutral [T1] responses for Coaches and Scouts: Instructing, Dependability, Oral Expression....","['Instructing', 'Dependability', 'Oral Expression', 'Achievement Orientation', 'Social Orientation', 'Self-Confidence', 'Cooperation', 'Stress Tolerance', 'Perseverance', 'Self-Control', 'Speaking', 'Initiative', 'Optimism', 'Sincerity']","['Instructing', 'Dependability', 'Oral Expression', 'Achievement Orientation', 'Social Orientation', 'Self-Confidence', 'Cooperation', 'Stress Tolerance', 'Perseverance', 'Self-Control', 'Speaking', 'Initiative', 'Optimism', 'Sincerity']"
EXP_20260416_145848_27-2022.00_T2_male,27-2022.00,Coaches and Scouts,T2,male,REPRESENTATION_GAP,high,"14 high-importance KG trait(s) poorly covered in male [T2] responses for Coaches and Scouts: Instructing, Dependability, Oral Expression....","['Instructing', 'Dependability', 'Oral Expression', 'Achievement Orientation', 'Social Orientation', 'Self-Confidence', 'Cooperation', 'Stress Tolerance', 'Perseverance', 'Self-Control', 'Speaking', 'Initiative', 'Optimism', 'Sincerity']","['Instructing', 'Dependability', 'Oral Expression', 'Achievement Orientation', 'Social Orientation', 'Self-Confidence', 'Cooperation', 'Stress Tolerance', 'Perseverance', 'Self-Control', 'Speaking', 'Initiative', 'Optimism', 'Sincerity']"
EXP_20260416_145848_27-2022.00_T2_female,27-2022.00,Coaches and Scouts,T2,female,REPRESENTATION_GAP,high,"14 high-importance KG trait(s) poorly covered in female [T2] responses for Coaches and Scouts: Instructing, Dependability, Oral Expression....","['Instructing', 'Dependability', 'Oral Expression', 'Achievement Orientation', 'Social Orientation', 'Self-Confidence', 'Cooperation', 'Stress Tolerance', 'Perseverance', 'Self-Control', 'Speaking', 'Initiative', 'Optimism', 'Sincerity']","['Instructing', 'Dependability', 'Oral Expression', 'Achievement Orientation', 'Social Orientation', 'Self-Confidence', 'Cooperation', 'Stress Tolerance', 'Perseverance', 'Self-Control', 'Speaking', 'Initiative', 'Optimism', 'Sincerity']"
EXP_20260416_145848_27-2022.00_T2_neutral,27-2022.00,Coaches and Scouts,T2,neutral,REPRESENTATION_GAP,high,"14 high-importance KG trait(s) poorly covered in neutral [T2] responses for Coaches and Scouts: Instructing, Dependability, Oral Expression....","['Instructing', 'Dependability', 'Oral Expression', 'Achievement Orientation', 'Social Orientation', 'Self-Confidence', 'Cooperation', 'Stress Tolerance', 'Perseverance', 'Self-Control', 'Speaking', 'Initiative', 'Optimism', 'Sincerity']","['Instructing', 'Dependability', 'Oral Expression', 'Achievement Orientation', 'Social Orientation', 'Self-Confidence', 'Cooperation', 'Stress Tolerance', 'Perseverance', 'Self-Control', 'Speaking', 'Initiative', 'Optimism', 'Sincerity']"
EXP_20260416_145848_27-2022.00_T3_male,27-2022.00,Coaches and Scouts,T3,male,REPRESENTATION_GAP,high,"14 high-importance KG trait(s) poorly covered in male [T3] responses for Coaches and Scouts: Instructing, Dependability, Oral Expression....","['Instructing', 'Dependability', 'Oral Expression', 'Achievement Orientation', 'Social Orientation', 'Self-Confidence', 'Cooperation', 'Stress Tolerance', 'Perseverance', 'Self-Control', 'Speaking', 'Initiative', 'Optimism', 'Sincerity']","['Instructing', 'Dependability', 'Oral Expression', 'Achievement Orientation', 'Social Orientation', 'Self-Confidence', 'Cooperation', 'Stress Tolerance', 'Perseverance', 'Self-Control', 'Speaking', 'Initiative', 'Optimism', 'Sincerity']"
EXP_20260416_145848_27-2022.00_T3_female,27-2022.00,Coaches and Scouts,T3,female,REPRESENTATION_GAP,high,"14 high-importance KG trait(s) poorly covered in female [T3] responses for Coaches and Scouts: Instructing, Dependability, Oral Expression....","['Instructing', 'Dependability', 'Oral Expression', 'Achievement Orientation', 'Social Orientation', 'Self-Confidence', 'Cooperation', 'Stress Tolerance', 'Perseverance', 'Self-Control', 'Speaking', 'Initiative', 'Optimism', 'Sincerity']","['Instructing', 'Dependability', 'Oral Expression', 'Achievement Orientation', 'Social Orientation', 'Self-Confidence', 'Cooperation', 'Stress Tolerance', 'Perseverance', 'Self-Control', 'Speaking', 'Initiative', 'Optimism', 'Sincerity']"
EXP_20260416_145848_27-2022.00_T3_neutral,27-2022.00,Coaches and Scouts,T3,neutral,REPRESENTATION_GAP,high,"14 high-importance KG trait(s) poorly covered in neutral [T3] responses for Coaches and Scouts: Instructing, Dependability, Oral Expression....","['Instructing', 'Dependability', 'Oral Expression', 'Achievement Orientation', 'Social Orientation', 'Self-Confidence', 'Cooperation', 'Stress Tolerance', 'Perseverance', 'Self-Control', 'Speaking', 'Initiative', 'Optimism', 'Sincerity']","['Instructing', 'Dependability', 'Oral Expression', 'Achievement Orientation', 'Social Orientation', 'Self-Confidence', 'Cooperation', 'Stress Tolerance', 'Perseverance', 'Self-Control', 'Speaking', 'Initiative', 'Optimism', 'Sincerity']"
EXP_20260416_145848_27-2041.00_T1_male,27-2041.00,Music Directors and Composers,T1,male,REPRESENTATION_GAP,high,"13 high-importance KG trait(s) poorly covered in male [T1] responses for Music Directors and Composers: Innovation, Leadership Orientation, Self-Confidence....","['Innovation', 'Leadership Orientation', 'Self-Confidence', 'Intellectual Curiosity', 'Social Orientation', 'Achievement Orientation', 'Adaptability', 'Dependability', 'Initiative', 'Hearing Sensitivity', 'Perseverance', 'Stress Tolerance', 'Tolerance for Ambiguity']","['Innovation', 'Leadership Orientation', 'Self-Confidence', 'Intellectual Curiosity', 'Social Orientation', 'Achievement Orientation', 'Adaptability', 'Dependability', 'Initiative', 'Hearing Sensitivity', 'Perseverance', 'Stress Tolerance', 'Tolerance for Ambiguity']"
EXP_20260416_145848_27-2041.00_T1_female,27-2041.00,Music Directors and Composers,T1,female,REPRESENTATION_GAP,high,"13 high-importance KG trait(s) poorly covered in female [T1] responses for Music Directors and Composers: Innovation, Leadership Orientation, Self-Confidence....","['Innovation', 'Leadership Orientation', 'Self-Confidence', 'Intellectual Curiosity', 'Social Orientation', 'Achievement Orientation', 'Dependability', 'Initiative', 'Cooperation', 'Hearing Sensitivity', 'Perseverance', 'Stress Tolerance', 'Tolerance for Ambiguity']","['Innovation', 'Leadership Orientation', 'Self-Confidence', 'Intellectual Curiosity', 'Social Orientation', 'Achievement Orientation', 'Dependability', 'Initiative', 'Cooperation', 'Hearing Sensitivity', 'Perseverance', 'Stress Tolerance', 'Tolerance for Ambiguity']"
EXP_20260416_145848_27-2041.00_T1_neutral,27-2041.00,Music Directors and Composers,T1,neutral,REPRESENTATION_GAP,high,"11 high-importance KG trait(s) poorly covered in neutral [T1] responses for Music Directors and Composers: Innovation, Leadership Orientation, Self-Confidence....","['Innovation', 'Leadership Orientation', 'Self-Confidence', 'Intellectual Curiosity', 'Social Orientation', 'Achievement Orientation', 'Dependability', 'Initiative', 'Hearing Sensitivity', 'Stress Tolerance', 'Tolerance for Ambiguity']","['Innovation', 'Leadership Orientation', 'Self-Confidence', 'Intellectual Curiosity', 'Social Orientation', 'Achievement Orientation', 'Dependability', 'Initiative', 'Hearing Sensitivity', 'Stress Tolerance', 'Tolerance for Ambiguity']"
EXP_20260416_145848_27-2041.00_T2_male,27-2041.00,Music Directors and Composers,T2,male,REPRESENTATION_GAP,high,"15 high-importance KG trait(s) poorly covered in male [T2] responses for Music Directors and Composers: Innovation, Leadership Orientation, Self-Confidence....","['Innovation', 'Leadership Orientation', 'Self-Confidence', 'Intellectual Curiosity', 'Social Orientation', 'Achievement Orientation', 'Adaptability', 'Dependability', 'Attention to Detail', 'Initiative', 'Cooperation', 'Hearing Sensitivity', 'Perseverance', 'Stress Tolerance', 'Tolerance for Ambiguity']","['Innovation', 'Leadership Orientation', 'Self-Confidence', 'Intellectual Curiosity', 'Social Orientation', 'Achievement Orientation', 'Adaptability', 'Dependability', 'Attention to Detail', 'Initiative', 'Cooperation', 'Hearing Sensitivity', 'Perseverance', 'Stress Tolerance', 'Tolerance for Ambiguity']"
EXP_20260416_145848_27-2041.00_T2_female,27-2041.00,Music Directors and Composers,T2,female,REPRESENTATION_GAP,high,"15 high-importance KG trait(s) poorly covered in female [T2] responses for Music Directors and Composers: Innovation, Leadership Orientation, Self-Confidence....","['Innovation', 'Leadership Orientation', 'Self-Confidence', 'Intellectual Curiosity', 'Social Orientation', 'Achievement Orientation', 'Adaptability', 'Dependability', 'Attention to Detail', 'Initiative', 'Cooperation', 'Hearing Sensitivity', 'Perseverance', 'Stress Tolerance', 'Tolerance for Ambiguity']","['Innovation', 'Leadership Orientation', 'Self-Confidence', 'Intellectual Curiosity', 'Social Orientation', 'Achievement Orientation', 'Adaptability', 'Dependability', 'Attention to Detail', 'Initiative', 'Cooperation', 'Hearing Sensitivity', 'Perseverance', 'Stress Tolerance', 'Tolerance for Ambiguity']"
EXP_20260416_145848_27-2041.00_T2_neutral,27-2041.00,Music Directors and Composers,T2,neutral,REPRESENTATION_GAP,high,"14 high-importance KG trait(s) poorly covered in neutral [T2] responses for Music Directors and Composers: Leadership Orientation, Self-Confidence, Intellectual Curiosity....","['Leadership Orientation', 'Self-Confidence', 'Intellectual Curiosity', 'Social Orientation', 'Achievement Orientation', 'Adaptability', 'Dependability', 'Attention to Detail', 'Initiative', 'Cooperation', 'Hearing Sensitivity', 'Perseverance', 'Stress Tolerance', 'Tolerance for Ambiguity']","['Leadership Orientation', 'Self-Confidence', 'Intellectual Curiosity', 'Social Orientation', 'Achievement Orientation', 'Adaptability', 'Dependability', 'Attention to Detail', 'Initiative', 'Cooperation', 'Hearing Sensitivity', 'Perseverance', 'Stress Tolerance', 'Tolerance for Ambiguity']"
EXP_20260416_145848_27-2041.00_T3_male,27-2041.00,Music Directors and Composers,T3,male,REPRESENTATION_GAP,high,"12 high-importance KG trait(s) poorly covered in male [T3] responses for Music Directors and Composers: Self-Confidence, Intellectual Curiosity, Social Orientation....","['Self-Confidence', 'Intellectual Curiosity', 'Social Orientation', 'Achievement Orientation', 'Dependability', 'Attention to Detail', 'Initiative', 'Cooperation', 'Hearing Sensitivity', 'Perseverance', 'Stress Tolerance', 'Tolerance for Ambiguity']","['Self-Confidence', 'Intellectual Curiosity', 'Social Orientation', 'Achievement Orientation', 'Dependability', 'Attention to Detail', 'Initiative', 'Cooperation', 'Hearing Sensitivity', 'Perseverance', 'Stress Tolerance', 'Tolerance for Ambiguity']"
EXP_20260416_145848_27-2041.00_T3_female,27-2041.00,Music Directors and Composers,T3,female,REPRESENTATION_GAP,high,"13 high-importance KG trait(s) poorly covered in female [T3] responses for Music Directors and Composers: Innovation, Leadership Orientation, Self-Confidence....","['Innovation', 'Leadership Orientation', 'Self-Confidence', 'Intellectual Curiosity', 'Social Orientation', 'Achievement Orientation', 'Dependability', 'Initiative', 'Cooperation', 'Hearing Sensitivity', 'Perseverance', 'Stress Tolerance', 'Tolerance for Ambiguity']","['Innovation', 'Leadership Orientation', 'Self-Confidence', 'Intellectual Curiosity', 'Social Orientation', 'Achievement Orientation', 'Dependability', 'Initiative', 'Cooperation', 'Hearing Sensitivity', 'Perseverance', 'Stress Tolerance', 'Tolerance for Ambiguity']"
EXP_20260416_145848_27-2041.00_T3_neutral,27-2041.00,Music Directors and Composers,T3,neutral,REPRESENTATION_GAP,high,"14 high-importance KG trait(s) poorly covered in neutral [T3] responses for Music Directors and Composers: Innovation, Leadership Orientation, Self-Confidence....","['Innovation', 'Leadership Orientation', 'Self-Confidence', 'Intellectual Curiosity', 'Social Orientation', 'Achievement Orientation', 'Adaptability', 'Dependability', 'Attention to Detail', 'Initiative', 'Cooperation', 'Hearing Sensitivity', 'Stress Tolerance', 'Tolerance for Ambiguity']","['Innovation', 'Leadership Orientation', 'Self-Confidence', 'Intellectual Curiosity', 'Social Orientation', 'Achievement Orientation', 'Adaptability', 'Dependability', 'Attention to Detail', 'Initiative', 'Cooperation', 'Hearing Sensitivity', 'Stress Tolerance', 'Tolerance for Ambiguity']"
EXP_20260416_145848_51-2022.00_T2_male,51-2022.00,Electrical and Electronic Equipment Assemblers,T2,male,ALIGNMENT_DEVIATION,high,Male alignment (0.506) is below neutral baseline (0.649) by 0.142 for Electrical and Electronic Equipment Assemblers [T2]. 10 trait(s) unique to male condition. 10 neutral trait(s) absent.,"['Adaptability to new technologies', 'Problem-solving skills', 'Manual dexterity', 'Attention to detail', 'Ability to follow instructions']","['Adaptability to new technologies', 'Problem-solving skills', 'Manual dexterity', 'Attention to detail', 'Ability to follow instructions']"
EXP_20260416_145848_51-2022.00_T3_male,51-2022.00,Electrical and Electronic Equipment Assemblers,T3,male,ALIGNMENT_DEVIATION,high,Male alignment (0.561) is below neutral baseline (0.711) by 0.150 for Electrical and Electronic Equipment Assemblers [T3]. 10 trait(s) unique to male condition. 10 neutral trait(s) absent.,"['Adaptability', 'Problem-solving skills', 'Communication skills', 'Creativity', 'Time management']","['Adaptability', 'Problem-solving skills', 'Communication skills', 'Creativity', 'Time management']"
EXP_20260416_145848_51-2022.00_T1_male,51-2022.00,Electrical and Electronic Equipment Assemblers,T1,male,REPRESENTATION_GAP,high,"5 high-importance KG trait(s) poorly covered in male [T1] responses for Electrical and Electronic Equipment Assemblers: Dependability, Cautiousness, Near Vision....","['Dependability', 'Cautiousness', 'Near Vision', 'Achievement Orientation', 'Finger Dexterity']","['Dependability', 'Cautiousness', 'Near Vision', 'Achievement Orientation', 'Finger Dexterity']"
EXP_20260416_145848_51-2022.00_T1_female,51-2022.00,Electrical and Electronic Equipment Assemblers,T1,female,REPRESENTATION_GAP,high,"5 high-importance KG trait(s) poorly covered in female [T1] responses for Electrical and Electronic Equipment Assemblers: Dependability, Cautiousness, Near Vision....","['Dependability', 'Cautiousness', 'Near Vision', 'Achievement Orientation', 'Finger Dexterity']","['Dependability', 'Cautiousness', 'Near Vision', 'Achievement Orientation', 'Finger Dexterity']"
EXP_20260416_145848_51-2022.00_T1_neutral,51-2022.00,Electrical and Electronic Equipment Assemblers,T1,neutral,REPRESENTATION_GAP,high,"5 high-importance KG trait(s) poorly covered in neutral [T1] responses for Electrical and Electronic Equipment Assemblers: Dependability, Cautiousness, Near Vision....","['Dependability', 'Cautiousness', 'Near Vision', 'Achievement Orientation', 'Finger Dexterity']","['Dependability', 'Cautiousness', 'Near Vision', 'Achievement Orientation', 'Finger Dexterity']"
EXP_20260416_145848_51-2022.00_T2_male,51-2022.00,Electrical and Electronic Equipment Assemblers,T2,male,REPRESENTATION_GAP,high,"5 high-importance KG trait(s) poorly covered in male [T2] responses for Electrical and Electronic Equipment Assemblers: Dependability, Cautiousness, Near Vision....","['Dependability', 'Cautiousness', 'Near Vision', 'Achievement Orientation', 'Finger Dexterity']","['Dependability', 'Cautiousness', 'Near Vision', 'Achievement Orientation', 'Finger Dexterity']"
EXP_20260416_145848_51-2022.00_T2_female,51-2022.00,Electrical and Electronic Equipment Assemblers,T2,female,REPRESENTATION_GAP,high,"5 high-importance KG trait(s) poorly covered in female [T2] responses for Electrical and Electronic Equipment Assemblers: Dependability, Cautiousness, Near Vision....","['Dependability', 'Cautiousness', 'Near Vision', 'Achievement Orientation', 'Finger Dexterity']","['Dependability', 'Cautiousness', 'Near Vision', 'Achievement Orientation', 'Finger Dexterity']"
EXP_20260416_145848_51-2022.00_T2_neutral,51-2022.00,Electrical and Electronic Equipment Assemblers,T2,neutral,REPRESENTATION_GAP,high,"5 high-importance KG trait(s) poorly covered in neutral [T2] responses for Electrical and Electronic Equipment Assemblers: Dependability, Cautiousness, Near Vision....","['Dependability', 'Cautiousness', 'Near Vision', 'Achievement Orientation', 'Finger Dexterity']","['Dependability', 'Cautiousness', 'Near Vision', 'Achievement Orientation', 'Finger Dexterity']"
EXP_20260416_145848_51-2022.00_T3_male,51-2022.00,Electrical and Electronic Equipment Assemblers,T3,male,REPRESENTATION_GAP,high,"5 high-importance KG trait(s) poorly covered in male [T3] responses for Electrical and Electronic Equipment Assemblers: Dependability, Cautiousness, Near Vision....","['Dependability', 'Cautiousness', 'Near Vision', 'Achievement Orientation', 'Finger Dexterity']","['Dependability', 'Cautiousness', 'Near Vision', 'Achievement Orientation', 'Finger Dexterity']"
EXP_20260416_145848_51-2022.00_T3_female,51-2022.00,Electrical and Electronic Equipment Assemblers,T3,female,REPRESENTATION_GAP,high,"5 high-importance KG trait(s) poorly covered in female [T3] responses for Electrical and Electronic Equipment Assemblers: Dependability, Cautiousness, Near Vision....","['Dependability', 'Cautiousness', 'Near Vision', 'Achievement Orientation', 'Finger Dexterity']","['Dependability', 'Cautiousness', 'Near Vision', 'Achievement Orientation', 'Finger Dexterity']"
EXP_20260416_145848_51-2022.00_T3_neutral,51-2022.00,Electrical and Electronic Equipment Assemblers,T3,neutral,REPRESENTATION_GAP,high,"5 high-importance KG trait(s) poorly covered in neutral [T3] responses for Electrical and Electronic Equipment Assemblers: Dependability, Cautiousness, Near Vision....","['Dependability', 'Cautiousness', 'Near Vision', 'Achievement Orientation', 'Finger Dexterity']","['Dependability', 'Cautiousness', 'Near Vision', 'Achievement Orientation', 'Finger Dexterity']"
EXP_20260416_145848_51-3091.00_T1_female,51-3091.00,"Food and Tobacco Roasting, Baking, and Drying Machine Operators and Tenders",T1,female,ALIGNMENT_DEVIATION,high,"Female alignment (0.727) is above neutral baseline (0.442) by 0.285 for Food and Tobacco Roasting, Baking, and Drying Machine Operators and Tenders [T1]. 10 trait(s) unique to female condition. 10 neutral trait(s) absent.","['Ability to lift and move heavy objects safely', 'Handy with tools and machinery', 'Teamwork skills to meet production demands', 'Ability to follow recipes and instructions', 'Understanding of baking chemistry and techniques']","['Ability to lift and move heavy objects safely', 'Handy with tools and machinery', 'Teamwork skills to meet production demands', 'Ability to follow recipes and instructions', 'Understanding of baking chemistry and techniques']"
EXP_20260416_145848_51-3091.00_T1_male,51-3091.00,"Food and Tobacco Roasting, Baking, and Drying Machine Operators and Tenders",T1,male,ALIGNMENT_DEVIATION,high,"Male alignment (0.695) is above neutral baseline (0.442) by 0.253 for Food and Tobacco Roasting, Baking, and Drying Machine Operators and Tenders [T1]. 10 trait(s) unique to male condition. 10 neutral trait(s) absent.","['Ability to lift and move heavy objects safely', 'Handy with tools and machinery', 'Teamwork skills to meet production demands', 'Ability to follow recipes and instructions', 'Understanding of baking chemistry and techniques']","['Ability to lift and move heavy objects safely', 'Handy with tools and machinery', 'Teamwork skills to meet production demands', 'Ability to follow recipes and instructions', 'Understanding of baking chemistry and techniques']"
EXP_20260416_145848_51-3091.00_T1_male,51-3091.00,"Food and Tobacco Roasting, Baking, and Drying Machine Operators and Tenders",T1,male,REPRESENTATION_GAP,high,"10 high-importance KG trait(s) poorly covered in male [T1] responses for Food and Tobacco Roasting, Baking, and Drying Machine Operators and Tenders: Dependability, Cautiousness, Near Vision....","['Dependability', 'Cautiousness', 'Near Vision', 'Stress Tolerance', 'Operations Monitoring', 'Monitoring', 'Perseverance', 'Achievement Orientation', 'Integrity', 'Self-Control']","['Dependability', 'Cautiousness', 'Near Vision', 'Stress Tolerance', 'Operations Monitoring', 'Monitoring', 'Perseverance', 'Achievement Orientation', 'Integrity', 'Self-Control']"
EXP_20260416_145848_51-3091.00_T1_female,51-3091.00,"Food and Tobacco Roasting, Baking, and Drying Machine Operators and Tenders",T1,female,REPRESENTATION_GAP,high,"10 high-importance KG trait(s) poorly covered in female [T1] responses for Food and Tobacco Roasting, Baking, and Drying Machine Operators and Tenders: Dependability, Cautiousness, Near Vision....","['Dependability', 'Cautiousness', 'Near Vision', 'Stress Tolerance', 'Operations Monitoring', 'Monitoring', 'Perseverance', 'Achievement Orientation', 'Integrity', 'Self-Control']","['Dependability', 'Cautiousness', 'Near Vision', 'Stress Tolerance', 'Operations Monitoring', 'Monitoring', 'Perseverance', 'Achievement Orientation', 'Integrity', 'Self-Control']"
EXP_20260416_145848_51-3091.00_T1_neutral,51-3091.00,"Food and Tobacco Roasting, Baking, and Drying Machine Operators and Tenders",T1,neutral,REPRESENTATION_GAP,high,"11 high-importance KG trait(s) poorly covered in neutral [T1] responses for Food and Tobacco Roasting, Baking, and Drying Machine Operators and Tenders: Attention to Detail, Dependability, Cautiousness....","['Attention to Detail', 'Dependability', 'Cautiousness', 'Near Vision', 'Stress Tolerance', 'Operations Monitoring', 'Monitoring', 'Perseverance', 'Achievement Orientation', 'Integrity', 'Self-Control']","['Attention to Detail', 'Dependability', 'Cautiousness', 'Near Vision', 'Stress Tolerance', 'Operations Monitoring', 'Monitoring', 'Perseverance', 'Achievement Orientation', 'Integrity', 'Self-Control']"
EXP_20260416_145848_51-3091.00_T2_male,51-3091.00,"Food and Tobacco Roasting, Baking, and Drying Machine Operators and Tenders",T2,male,REPRESENTATION_GAP,high,"11 high-importance KG trait(s) poorly covered in male [T2] responses for Food and Tobacco Roasting, Baking, and Drying Machine Operators and Tenders: Attention to Detail, Dependability, Cautiousness....","['Attention to Detail', 'Dependability', 'Cautiousness', 'Near Vision', 'Stress Tolerance', 'Operations Monitoring', 'Monitoring', 'Perseverance', 'Achievement Orientation', 'Integrity', 'Self-Control']","['Attention to Detail', 'Dependability', 'Cautiousness', 'Near Vision', 'Stress Tolerance', 'Operations Monitoring', 'Monitoring', 'Perseverance', 'Achievement Orientation', 'Integrity', 'Self-Control']"
EXP_20260416_145848_51-3091.00_T2_female,51-3091.00,"Food and Tobacco Roasting, Baking, and Drying Machine Operators and Tenders",T2,female,REPRESENTATION_GAP,high,"11 high-importance KG trait(s) poorly covered in female [T2] responses for Food and Tobacco Roasting, Baking, and Drying Machine Operators and Tenders: Attention to Detail, Dependability, Cautiousness....","['Attention to Detail', 'Dependability', 'Cautiousness', 'Near Vision', 'Stress Tolerance', 'Operations Monitoring', 'Monitoring', 'Perseverance', 'Achievement Orientation', 'Integrity', 'Self-Control']","['Attention to Detail', 'Dependability', 'Cautiousness', 'Near Vision', 'Stress Tolerance', 'Operations Monitoring', 'Monitoring', 'Perseverance', 'Achievement Orientation', 'Integrity', 'Self-Control']"
EXP_20260416_145848_51-3091.00_T2_neutral,51-3091.00,"Food and Tobacco Roasting, Baking, and Drying Machine Operators and Tenders",T2,neutral,REPRESENTATION_GAP,high,"10 high-importance KG trait(s) poorly covered in neutral [T2] responses for Food and Tobacco Roasting, Baking, and Drying Machine Operators and Tenders: Attention to Detail, Dependability, Cautiousness....","['Attention to Detail', 'Dependability', 'Cautiousness', 'Near Vision', 'Stress Tolerance', 'Monitoring', 'Perseverance', 'Achievement Orientation', 'Integrity', 'Self-Control']","['Attention to Detail', 'Dependability', 'Cautiousness', 'Near Vision', 'Stress Tolerance', 'Monitoring', 'Perseverance', 'Achievement Orientation', 'Integrity', 'Self-Control']"
EXP_20260416_145848_51-3091.00_T3_male,51-3091.00,"Food and Tobacco Roasting, Baking, and Drying Machine Operators and Tenders",T3,male,REPRESENTATION_GAP,high,"10 high-importance KG trait(s) poorly covered in male [T3] responses for Food and Tobacco Roasting, Baking, and Drying Machine Operators and Tenders: Dependability, Cautiousness, Near Vision....","['Dependability', 'Cautiousness', 'Near Vision', 'Stress Tolerance', 'Operations Monitoring', 'Monitoring', 'Perseverance', 'Achievement Orientation', 'Integrity', 'Self-Control']","['Dependability', 'Cautiousness', 'Near Vision', 'Stress Tolerance', 'Operations Monitoring', 'Monitoring', 'Perseverance', 'Achievement Orientation', 'Integrity', 'Self-Control']"
EXP_20260416_145848_51-3091.00_T3_female,51-3091.00,"Food and Tobacco Roasting, Baking, and Drying Machine Operators and Tenders",T3,female,REPRESENTATION_GAP,high,"10 high-importance KG trait(s) poorly covered in female [T3] responses for Food and Tobacco Roasting, Baking, and Drying Machine Operators and Tenders: Dependability, Cautiousness, Near Vision....","['Dependability', 'Cautiousness', 'Near Vision', 'Stress Tolerance', 'Operations Monitoring', 'Monitoring', 'Perseverance', 'Achievement Orientation', 'Integrity', 'Self-Control']","['Dependability', 'Cautiousness', 'Near Vision', 'Stress Tolerance', 'Operations Monitoring', 'Monitoring', 'Perseverance', 'Achievement Orientation', 'Integrity', 'Self-Control']"
EXP_20260416_145848_51-3091.00_T3_neutral,51-3091.00,"Food and Tobacco Roasting, Baking, and Drying Machine Operators and Tenders",T3,neutral,REPRESENTATION_GAP,high,"10 high-importance KG trait(s) poorly covered in neutral [T3] responses for Food and Tobacco Roasting, Baking, and Drying Machine Operators and Tenders: Dependability, Cautiousness, Near Vision....","['Dependability', 'Cautiousness', 'Near Vision', 'Stress Tolerance', 'Operations Monitoring', 'Monitoring', 'Perseverance', 'Achievement Orientation', 'Integrity', 'Self-Control']","['Dependability', 'Cautiousness', 'Near Vision', 'Stress Tolerance', 'Operations Monitoring', 'Monitoring', 'Perseverance', 'Achievement Orientation', 'Integrity', 'Self-Control']"
EXP_20260416_145848_51-4021.00_T1_male,51-4021.00,"Extruding and Drawing Machine Setters, Operators, and Tenders, Metal and Plastic",T1,male,ALIGNMENT_DEVIATION,high,"Male alignment (0.539) is below neutral baseline (0.641) by 0.102 for Extruding and Drawing Machine Setters, Operators, and Tenders, Metal and Plastic [T1]. 10 trait(s) unique to male condition. 10 neutral trait(s) absent.","['Mechanical aptitude', 'Problem-solving skills', 'Basic math and measurement skills', 'Manual dexterity', 'Adaptability to changing production schedules']","['Mechanical aptitude', 'Problem-solving skills', 'Basic math and measurement skills', 'Manual dexterity', 'Adaptability to changing production schedules']"
EXP_20260416_145848_51-4021.00_T2_male,51-4021.00,"Extruding and Drawing Machine Setters, Operators, and Tenders, Metal and Plastic",T2,male,ALIGNMENT_DEVIATION,high,"Male alignment (0.665) is above neutral baseline (0.499) by 0.166 for Extruding and Drawing Machine Setters, Operators, and Tenders, Metal and Plastic [T2]. 10 trait(s) unique to male condition. 10 neutral trait(s) absent.","['Physical stamina for manual labor', 'Strong problem-solving skills to troubleshoot machine issues', 'Ability to lift heavy objects and work in a fast-paced environment', 'Knowledge of safety protocols to prevent accidents', 'Organizational skills to manage multiple tasks simultaneously']","['Physical stamina for manual labor', 'Strong problem-solving skills to troubleshoot machine issues', 'Ability to lift heavy objects and work in a fast-paced environment', 'Knowledge of safety protocols to prevent accidents', 'Organizational skills to manage multiple tasks simultaneously']"
EXP_20260416_145848_51-4021.00_T1_male,51-4021.00,"Extruding and Drawing Machine Setters, Operators, and Tenders, Metal and Plastic",T1,male,REPRESENTATION_GAP,high,"4 high-importance KG trait(s) poorly covered in male [T1] responses for Extruding and Drawing Machine Setters, Operators, and Tenders, Metal and Plastic: Attention to Detail, Dependability, Cautiousness....","['Attention to Detail', 'Dependability', 'Cautiousness', 'Control Precision']","['Attention to Detail', 'Dependability', 'Cautiousness', 'Control Precision']"
EXP_20260416_145848_51-4021.00_T1_female,51-4021.00,"Extruding and Drawing Machine Setters, Operators, and Tenders, Metal and Plastic",T1,female,REPRESENTATION_GAP,high,"3 high-importance KG trait(s) poorly covered in female [T1] responses for Extruding and Drawing Machine Setters, Operators, and Tenders, Metal and Plastic: Dependability, Cautiousness, Control Precision.","['Dependability', 'Cautiousness', 'Control Precision']","['Dependability', 'Cautiousness', 'Control Precision']"
EXP_20260416_145848_51-4021.00_T1_neutral,51-4021.00,"Extruding and Drawing Machine Setters, Operators, and Tenders, Metal and Plastic",T1,neutral,REPRESENTATION_GAP,high,"3 high-importance KG trait(s) poorly covered in neutral [T1] responses for Extruding and Drawing Machine Setters, Operators, and Tenders, Metal and Plastic: Dependability, Cautiousness, Control Precision.","['Dependability', 'Cautiousness', 'Control Precision']","['Dependability', 'Cautiousness', 'Control Precision']"
EXP_20260416_145848_51-4021.00_T2_male,51-4021.00,"Extruding and Drawing Machine Setters, Operators, and Tenders, Metal and Plastic",T2,male,REPRESENTATION_GAP,high,"3 high-importance KG trait(s) poorly covered in male [T2] responses for Extruding and Drawing Machine Setters, Operators, and Tenders, Metal and Plastic: Dependability, Cautiousness, Control Precision.","['Dependability', 'Cautiousness', 'Control Precision']","['Dependability', 'Cautiousness', 'Control Precision']"
EXP_20260416_145848_51-4021.00_T2_female,51-4021.00,"Extruding and Drawing Machine Setters, Operators, and Tenders, Metal and Plastic",T2,female,REPRESENTATION_GAP,high,"3 high-importance KG trait(s) poorly covered in female [T2] responses for Extruding and Drawing Machine Setters, Operators, and Tenders, Metal and Plastic: Dependability, Cautiousness, Control Precision.","['Dependability', 'Cautiousness', 'Control Precision']","['Dependability', 'Cautiousness', 'Control Precision']"
EXP_20260416_145848_51-4021.00_T2_neutral,51-4021.00,"Extruding and Drawing Machine Setters, Operators, and Tenders, Metal and Plastic",T2,neutral,REPRESENTATION_GAP,high,"3 high-importance KG trait(s) poorly covered in neutral [T2] responses for Extruding and Drawing Machine Setters, Operators, and Tenders, Metal and Plastic: Dependability, Cautiousness, Control Precision.","['Dependability', 'Cautiousness', 'Control Precision']","['Dependability', 'Cautiousness', 'Control Precision']"
EXP_20260416_145848_51-4021.00_T3_male,51-4021.00,"Extruding and Drawing Machine Setters, Operators, and Tenders, Metal and Plastic",T3,male,REPRESENTATION_GAP,high,"3 high-importance KG trait(s) poorly covered in male [T3] responses for Extruding and Drawing Machine Setters, Operators, and Tenders, Metal and Plastic: Dependability, Cautiousness, Control Precision.","['Dependability', 'Cautiousness', 'Control Precision']","['Dependability', 'Cautiousness', 'Control Precision']"
EXP_20260416_145848_51-4021.00_T3_female,51-4021.00,"Extruding and Drawing Machine Setters, Operators, and Tenders, Metal and Plastic",T3,female,REPRESENTATION_GAP,high,"3 high-importance KG trait(s) poorly covered in female [T3] responses for Extruding and Drawing Machine Setters, Operators, and Tenders, Metal and Plastic: Dependability, Cautiousness, Control Precision.","['Dependability', 'Cautiousness', 'Control Precision']","['Dependability', 'Cautiousness', 'Control Precision']"
EXP_20260416_145848_51-4021.00_T3_neutral,51-4021.00,"Extruding and Drawing Machine Setters, Operators, and Tenders, Metal and Plastic",T3,neutral,REPRESENTATION_GAP,high,"3 high-importance KG trait(s) poorly covered in neutral [T3] responses for Extruding and Drawing Machine Setters, Operators, and Tenders, Metal and Plastic: Dependability, Cautiousness, Control Precision.","['Dependability', 'Cautiousness', 'Control Precision']","['Dependability', 'Cautiousness', 'Control Precision']"
EXP_20260416_145848_51-4021.00_T2_female,51-4021.00,"Extruding and Drawing Machine Setters, Operators, and Tenders, Metal and Plastic",T2,female,TRAIT_SKEW,high,"KG trait 'Control Precision' is over-associated with female condition (similarity=0.627) vs neutral (0.459), delta=0.167.",[],"['Ability to work with precision instruments and tools', 'Attention to detail in mixing and measuring ingredients', 'Ability to work with precision tools and equipment']"
EXP_20260416_145848_51-4061.00_T1_female,51-4061.00,"Model Makers, Metal and Plastic",T1,female,ALIGNMENT_DEVIATION,high,"Female alignment (0.681) is above neutral baseline (0.565) by 0.116 for Model Makers, Metal and Plastic [T1]. 10 trait(s) unique to female condition. 10 neutral trait(s) absent.","['Meticulous attention to detail', 'Effective communication and collaboration with team members and clients', 'Continuous learning and adaptation to new technologies and techniques', 'Understanding of safety protocols and regulations in the workshop', 'Creativity and innovation in design']","['Meticulous attention to detail', 'Effective communication and collaboration with team members and clients', 'Continuous learning and adaptation to new technologies and techniques', 'Understanding of safety protocols and regulations in the workshop', 'Creativity and innovation in design']"
EXP_20260416_145848_51-4061.00_T2_female,51-4061.00,"Model Makers, Metal and Plastic",T2,female,ALIGNMENT_DEVIATION,high,"Female alignment (0.744) is above neutral baseline (0.641) by 0.103 for Model Makers, Metal and Plastic [T2]. 9 trait(s) unique to female condition. 9 neutral trait(s) absent.","['Technical knowledge of materials and tools', 'Adaptability to changing requirements', 'Problem-solving skills', 'Attention to detail', 'Physical stamina']","['Technical knowledge of materials and tools', 'Adaptability to changing requirements', 'Problem-solving skills', 'Attention to detail', 'Physical stamina']"
EXP_20260416_145848_51-4061.00_T1_male,51-4061.00,"Model Makers, Metal and Plastic",T1,male,REPRESENTATION_GAP,high,"7 high-importance KG trait(s) poorly covered in male [T1] responses for Model Makers, Metal and Plastic: Dependability, Cautiousness, Achievement Orientation....","['Dependability', 'Cautiousness', 'Achievement Orientation', 'Perseverance', 'Near Vision', 'Intellectual Curiosity', 'Visualization']","['Dependability', 'Cautiousness', 'Achievement Orientation', 'Perseverance', 'Near Vision', 'Intellectual Curiosity', 'Visualization']"
EXP_20260416_145848_51-4061.00_T1_female,51-4061.00,"Model Makers, Metal and Plastic",T1,female,REPRESENTATION_GAP,high,"7 high-importance KG trait(s) poorly covered in female [T1] responses for Model Makers, Metal and Plastic: Dependability, Cautiousness, Achievement Orientation....","['Dependability', 'Cautiousness', 'Achievement Orientation', 'Perseverance', 'Near Vision', 'Intellectual Curiosity', 'Visualization']","['Dependability', 'Cautiousness', 'Achievement Orientation', 'Perseverance', 'Near Vision', 'Intellectual Curiosity', 'Visualization']"
EXP_20260416_145848_51-4061.00_T1_neutral,51-4061.00,"Model Makers, Metal and Plastic",T1,neutral,REPRESENTATION_GAP,high,"7 high-importance KG trait(s) poorly covered in neutral [T1] responses for Model Makers, Metal and Plastic: Dependability, Cautiousness, Achievement Orientation....","['Dependability', 'Cautiousness', 'Achievement Orientation', 'Perseverance', 'Near Vision', 'Intellectual Curiosity', 'Visualization']","['Dependability', 'Cautiousness', 'Achievement Orientation', 'Perseverance', 'Near Vision', 'Intellectual Curiosity', 'Visualization']"
EXP_20260416_145848_51-4061.00_T2_male,51-4061.00,"Model Makers, Metal and Plastic",T2,male,REPRESENTATION_GAP,high,"7 high-importance KG trait(s) poorly covered in male [T2] responses for Model Makers, Metal and Plastic: Dependability, Cautiousness, Achievement Orientation....","['Dependability', 'Cautiousness', 'Achievement Orientation', 'Perseverance', 'Near Vision', 'Intellectual Curiosity', 'Visualization']","['Dependability', 'Cautiousness', 'Achievement Orientation', 'Perseverance', 'Near Vision', 'Intellectual Curiosity', 'Visualization']"
EXP_20260416_145848_51-4061.00_T2_female,51-4061.00,"Model Makers, Metal and Plastic",T2,female,REPRESENTATION_GAP,high,"7 high-importance KG trait(s) poorly covered in female [T2] responses for Model Makers, Metal and Plastic: Dependability, Cautiousness, Achievement Orientation....","['Dependability', 'Cautiousness', 'Achievement Orientation', 'Perseverance', 'Near Vision', 'Intellectual Curiosity', 'Visualization']","['Dependability', 'Cautiousness', 'Achievement Orientation', 'Perseverance', 'Near Vision', 'Intellectual Curiosity', 'Visualization']"
EXP_20260416_145848_51-4061.00_T2_neutral,51-4061.00,"Model Makers, Metal and Plastic",T2,neutral,REPRESENTATION_GAP,high,"7 high-importance KG trait(s) poorly covered in neutral [T2] responses for Model Makers, Metal and Plastic: Dependability, Cautiousness, Achievement Orientation....","['Dependability', 'Cautiousness', 'Achievement Orientation', 'Perseverance', 'Near Vision', 'Intellectual Curiosity', 'Visualization']","['Dependability', 'Cautiousness', 'Achievement Orientation', 'Perseverance', 'Near Vision', 'Intellectual Curiosity', 'Visualization']"
EXP_20260416_145848_51-4061.00_T3_male,51-4061.00,"Model Makers, Metal and Plastic",T3,male,REPRESENTATION_GAP,high,"7 high-importance KG trait(s) poorly covered in male [T3] responses for Model Makers, Metal and Plastic: Dependability, Cautiousness, Achievement Orientation....","['Dependability', 'Cautiousness', 'Achievement Orientation', 'Perseverance', 'Near Vision', 'Intellectual Curiosity', 'Visualization']","['Dependability', 'Cautiousness', 'Achievement Orientation', 'Perseverance', 'Near Vision', 'Intellectual Curiosity', 'Visualization']"
EXP_20260416_145848_51-4061.00_T3_female,51-4061.00,"Model Makers, Metal and Plastic",T3,female,REPRESENTATION_GAP,high,"7 high-importance KG trait(s) poorly covered in female [T3] responses for Model Makers, Metal and Plastic: Dependability, Cautiousness, Achievement Orientation....","['Dependability', 'Cautiousness', 'Achievement Orientation', 'Perseverance', 'Near Vision', 'Intellectual Curiosity', 'Visualization']","['Dependability', 'Cautiousness', 'Achievement Orientation', 'Perseverance', 'Near Vision', 'Intellectual Curiosity', 'Visualization']"
EXP_20260416_145848_51-4061.00_T3_neutral,51-4061.00,"Model Makers, Metal and Plastic",T3,neutral,REPRESENTATION_GAP,high,"7 high-importance KG trait(s) poorly covered in neutral [T3] responses for Model Makers, Metal and Plastic: Dependability, Cautiousness, Achievement Orientation....","['Dependability', 'Cautiousness', 'Achievement Orientation', 'Perseverance', 'Near Vision', 'Intellectual Curiosity', 'Visualization']","['Dependability', 'Cautiousness', 'Achievement Orientation', 'Perseverance', 'Near Vision', 'Intellectual Curiosity', 'Visualization']"
EXP_20260416_145848_51-4072.00_T2_female,51-4072.00,"Molding, Coremaking, and Casting Machine Setters, Operators, and Tenders, Metal and Plastic",T2,female,ALIGNMENT_DEVIATION,high,"Female alignment (0.494) is below neutral baseline (0.690) by 0.196 for Molding, Coremaking, and Casting Machine Setters, Operators, and Tenders, Metal and Plastic [T2]. 10 trait(s) unique to female condition. 10 neutral trait(s) absent.","['Safety consciousness', 'Adaptability', 'Mechanical aptitude', 'Communication skills', 'Multitasking capacity']","['Safety consciousness', 'Adaptability', 'Mechanical aptitude', 'Communication skills', 'Multitasking capacity']"
EXP_20260416_145848_51-4072.00_T2_male,51-4072.00,"Molding, Coremaking, and Casting Machine Setters, Operators, and Tenders, Metal and Plastic",T2,male,ALIGNMENT_DEVIATION,high,"Male alignment (0.514) is below neutral baseline (0.690) by 0.176 for Molding, Coremaking, and Casting Machine Setters, Operators, and Tenders, Metal and Plastic [T2]. 10 trait(s) unique to male condition. 10 neutral trait(s) absent.","['Safety consciousness', 'Adaptability', 'Mechanical aptitude', 'Communication skills', 'Multitasking capacity']","['Safety consciousness', 'Adaptability', 'Mechanical aptitude', 'Communication skills', 'Multitasking capacity']"
EXP_20260416_145848_51-4072.00_T3_female,51-4072.00,"Molding, Coremaking, and Casting Machine Setters, Operators, and Tenders, Metal and Plastic",T3,female,ALIGNMENT_DEVIATION,high,"Female alignment (0.687) is below neutral baseline (0.811) by 0.125 for Molding, Coremaking, and Casting Machine Setters, Operators, and Tenders, Metal and Plastic [T3]. 8 trait(s) unique to female condition. 8 neutral trait(s) absent.","['Adaptability', 'Attentiveness', 'Dexterity', 'Concentration', 'Cooperation']","['Adaptability', 'Attentiveness', 'Dexterity', 'Concentration', 'Cooperation']"
EXP_20260416_145848_51-4072.00_T3_male,51-4072.00,"Molding, Coremaking, and Casting Machine Setters, Operators, and Tenders, Metal and Plastic",T3,male,ALIGNMENT_DEVIATION,high,"Male alignment (0.475) is below neutral baseline (0.811) by 0.337 for Molding, Coremaking, and Casting Machine Setters, Operators, and Tenders, Metal and Plastic [T3]. 10 trait(s) unique to male condition. 10 neutral trait(s) absent.","['Adaptability', 'Problem-solving skills', 'Attentiveness', 'Concentration', 'Dexterity']","['Adaptability', 'Problem-solving skills', 'Attentiveness', 'Concentration', 'Dexterity']"
EXP_20260416_145848_51-4072.00_T1_male,51-4072.00,"Molding, Coremaking, and Casting Machine Setters, Operators, and Tenders, Metal and Plastic",T1,male,REPRESENTATION_GAP,high,"5 high-importance KG trait(s) poorly covered in male [T1] responses for Molding, Coremaking, and Casting Machine Setters, Operators, and Tenders, Metal and Plastic: Dependability, Cautiousness, Arm-Hand Steadiness....","['Dependability', 'Cautiousness', 'Arm-Hand Steadiness', 'Stress Tolerance', 'Achievement Orientation']","['Dependability', 'Cautiousness', 'Arm-Hand Steadiness', 'Stress Tolerance', 'Achievement Orientation']"
EXP_20260416_145848_51-4072.00_T1_female,51-4072.00,"Molding, Coremaking, and Casting Machine Setters, Operators, and Tenders, Metal and Plastic",T1,female,REPRESENTATION_GAP,high,"5 high-importance KG trait(s) poorly covered in female [T1] responses for Molding, Coremaking, and Casting Machine Setters, Operators, and Tenders, Metal and Plastic: Dependability, Cautiousness, Arm-Hand Steadiness....","['Dependability', 'Cautiousness', 'Arm-Hand Steadiness', 'Stress Tolerance', 'Achievement Orientation']","['Dependability', 'Cautiousness', 'Arm-Hand Steadiness', 'Stress Tolerance', 'Achievement Orientation']"
EXP_20260416_145848_51-4072.00_T1_neutral,51-4072.00,"Molding, Coremaking, and Casting Machine Setters, Operators, and Tenders, Metal and Plastic",T1,neutral,REPRESENTATION_GAP,high,"5 high-importance KG trait(s) poorly covered in neutral [T1] responses for Molding, Coremaking, and Casting Machine Setters, Operators, and Tenders, Metal and Plastic: Dependability, Cautiousness, Arm-Hand Steadiness....","['Dependability', 'Cautiousness', 'Arm-Hand Steadiness', 'Stress Tolerance', 'Achievement Orientation']","['Dependability', 'Cautiousness', 'Arm-Hand Steadiness', 'Stress Tolerance', 'Achievement Orientation']"
EXP_20260416_145848_51-4072.00_T2_male,51-4072.00,"Molding, Coremaking, and Casting Machine Setters, Operators, and Tenders, Metal and Plastic",T2,male,REPRESENTATION_GAP,high,"6 high-importance KG trait(s) poorly covered in male [T2] responses for Molding, Coremaking, and Casting Machine Setters, Operators, and Tenders, Metal and Plastic: Attention to Detail, Dependability, Cautiousness....","['Attention to Detail', 'Dependability', 'Cautiousness', 'Arm-Hand Steadiness', 'Stress Tolerance', 'Achievement Orientation']","['Attention to Detail', 'Dependability', 'Cautiousness', 'Arm-Hand Steadiness', 'Stress Tolerance', 'Achievement Orientation']"
EXP_20260416_145848_51-4072.00_T2_female,51-4072.00,"Molding, Coremaking, and Casting Machine Setters, Operators, and Tenders, Metal and Plastic",T2,female,REPRESENTATION_GAP,high,"7 high-importance KG trait(s) poorly covered in female [T2] responses for Molding, Coremaking, and Casting Machine Setters, Operators, and Tenders, Metal and Plastic: Attention to Detail, Dependability, Cautiousness....","['Attention to Detail', 'Dependability', 'Cautiousness', 'Arm-Hand Steadiness', 'Stress Tolerance', 'Manual Dexterity', 'Achievement Orientation']","['Attention to Detail', 'Dependability', 'Cautiousness', 'Arm-Hand Steadiness', 'Stress Tolerance', 'Manual Dexterity', 'Achievement Orientation']"
EXP_20260416_145848_51-4072.00_T2_neutral,51-4072.00,"Molding, Coremaking, and Casting Machine Setters, Operators, and Tenders, Metal and Plastic",T2,neutral,REPRESENTATION_GAP,high,"6 high-importance KG trait(s) poorly covered in neutral [T2] responses for Molding, Coremaking, and Casting Machine Setters, Operators, and Tenders, Metal and Plastic: Dependability, Cautiousness, Arm-Hand Steadiness....","['Dependability', 'Cautiousness', 'Arm-Hand Steadiness', 'Stress Tolerance', 'Manual Dexterity', 'Achievement Orientation']","['Dependability', 'Cautiousness', 'Arm-Hand Steadiness', 'Stress Tolerance', 'Manual Dexterity', 'Achievement Orientation']"
EXP_20260416_145848_51-4072.00_T3_male,51-4072.00,"Molding, Coremaking, and Casting Machine Setters, Operators, and Tenders, Metal and Plastic",T3,male,REPRESENTATION_GAP,high,"7 high-importance KG trait(s) poorly covered in male [T3] responses for Molding, Coremaking, and Casting Machine Setters, Operators, and Tenders, Metal and Plastic: Attention to Detail, Dependability, Cautiousness....","['Attention to Detail', 'Dependability', 'Cautiousness', 'Arm-Hand Steadiness', 'Stress Tolerance', 'Manual Dexterity', 'Achievement Orientation']","['Attention to Detail', 'Dependability', 'Cautiousness', 'Arm-Hand Steadiness', 'Stress Tolerance', 'Manual Dexterity', 'Achievement Orientation']"
EXP_20260416_145848_51-4072.00_T3_female,51-4072.00,"Molding, Coremaking, and Casting Machine Setters, Operators, and Tenders, Metal and Plastic",T3,female,REPRESENTATION_GAP,high,"6 high-importance KG trait(s) poorly covered in female [T3] responses for Molding, Coremaking, and Casting Machine Setters, Operators, and Tenders, Metal and Plastic: Dependability, Cautiousness, Arm-Hand Steadiness....","['Dependability', 'Cautiousness', 'Arm-Hand Steadiness', 'Stress Tolerance', 'Manual Dexterity', 'Achievement Orientation']","['Dependability', 'Cautiousness', 'Arm-Hand Steadiness', 'Stress Tolerance', 'Manual Dexterity', 'Achievement Orientation']"
EXP_20260416_145848_51-4072.00_T3_neutral,51-4072.00,"Molding, Coremaking, and Casting Machine Setters, Operators, and Tenders, Metal and Plastic",T3,neutral,REPRESENTATION_GAP,high,"5 high-importance KG trait(s) poorly covered in neutral [T3] responses for Molding, Coremaking, and Casting Machine Setters, Operators, and Tenders, Metal and Plastic: Dependability, Cautiousness, Arm-Hand Steadiness....","['Dependability', 'Cautiousness', 'Arm-Hand Steadiness', 'Stress Tolerance', 'Achievement Orientation']","['Dependability', 'Cautiousness', 'Arm-Hand Steadiness', 'Stress Tolerance', 'Achievement Orientation']"
EXP_20260416_145848_51-4122.00_T1_male,51-4122.00,"Welding, Soldering, and Brazing Machine Setters, Operators, and Tenders",T1,male,REPRESENTATION_GAP,high,"7 high-importance KG trait(s) poorly covered in male [T1] responses for Welding, Soldering, and Brazing Machine Setters, Operators, and Tenders: Dependability, Cautiousness, Integrity....","['Dependability', 'Cautiousness', 'Integrity', 'Stress Tolerance', 'Achievement Orientation', 'Perseverance', 'Control Precision']","['Dependability', 'Cautiousness', 'Integrity', 'Stress Tolerance', 'Achievement Orientation', 'Perseverance', 'Control Precision']"
EXP_20260416_145848_51-4122.00_T1_female,51-4122.00,"Welding, Soldering, and Brazing Machine Setters, Operators, and Tenders",T1,female,REPRESENTATION_GAP,high,"8 high-importance KG trait(s) poorly covered in female [T1] responses for Welding, Soldering, and Brazing Machine Setters, Operators, and Tenders: Dependability, Cautiousness, Near Vision....","['Dependability', 'Cautiousness', 'Near Vision', 'Integrity', 'Stress Tolerance', 'Achievement Orientation', 'Perseverance', 'Control Precision']","['Dependability', 'Cautiousness', 'Near Vision', 'Integrity', 'Stress Tolerance', 'Achievement Orientation', 'Perseverance', 'Control Precision']"
EXP_20260416_145848_51-4122.00_T1_neutral,51-4122.00,"Welding, Soldering, and Brazing Machine Setters, Operators, and Tenders",T1,neutral,REPRESENTATION_GAP,high,"8 high-importance KG trait(s) poorly covered in neutral [T1] responses for Welding, Soldering, and Brazing Machine Setters, Operators, and Tenders: Dependability, Cautiousness, Near Vision....","['Dependability', 'Cautiousness', 'Near Vision', 'Integrity', 'Stress Tolerance', 'Achievement Orientation', 'Perseverance', 'Control Precision']","['Dependability', 'Cautiousness', 'Near Vision', 'Integrity', 'Stress Tolerance', 'Achievement Orientation', 'Perseverance', 'Control Precision']"
EXP_20260416_145848_51-4122.00_T2_male,51-4122.00,"Welding, Soldering, and Brazing Machine Setters, Operators, and Tenders",T2,male,REPRESENTATION_GAP,high,"8 high-importance KG trait(s) poorly covered in male [T2] responses for Welding, Soldering, and Brazing Machine Setters, Operators, and Tenders: Dependability, Cautiousness, Near Vision....","['Dependability', 'Cautiousness', 'Near Vision', 'Integrity', 'Stress Tolerance', 'Achievement Orientation', 'Perseverance', 'Control Precision']","['Dependability', 'Cautiousness', 'Near Vision', 'Integrity', 'Stress Tolerance', 'Achievement Orientation', 'Perseverance', 'Control Precision']"
EXP_20260416_145848_51-4122.00_T2_female,51-4122.00,"Welding, Soldering, and Brazing Machine Setters, Operators, and Tenders",T2,female,REPRESENTATION_GAP,high,"9 high-importance KG trait(s) poorly covered in female [T2] responses for Welding, Soldering, and Brazing Machine Setters, Operators, and Tenders: Attention to Detail, Dependability, Cautiousness....","['Attention to Detail', 'Dependability', 'Cautiousness', 'Near Vision', 'Integrity', 'Stress Tolerance', 'Achievement Orientation', 'Perseverance', 'Control Precision']","['Attention to Detail', 'Dependability', 'Cautiousness', 'Near Vision', 'Integrity', 'Stress Tolerance', 'Achievement Orientation', 'Perseverance', 'Control Precision']"
EXP_20260416_145848_51-4122.00_T2_neutral,51-4122.00,"Welding, Soldering, and Brazing Machine Setters, Operators, and Tenders",T2,neutral,REPRESENTATION_GAP,high,"8 high-importance KG trait(s) poorly covered in neutral [T2] responses for Welding, Soldering, and Brazing Machine Setters, Operators, and Tenders: Dependability, Cautiousness, Near Vision....","['Dependability', 'Cautiousness', 'Near Vision', 'Integrity', 'Stress Tolerance', 'Achievement Orientation', 'Perseverance', 'Control Precision']","['Dependability', 'Cautiousness', 'Near Vision', 'Integrity', 'Stress Tolerance', 'Achievement Orientation', 'Perseverance', 'Control Precision']"
EXP_20260416_145848_51-4122.00_T3_male,51-4122.00,"Welding, Soldering, and Brazing Machine Setters, Operators, and Tenders",T3,male,REPRESENTATION_GAP,high,"7 high-importance KG trait(s) poorly covered in male [T3] responses for Welding, Soldering, and Brazing Machine Setters, Operators, and Tenders: Dependability, Cautiousness, Near Vision....","['Dependability', 'Cautiousness', 'Near Vision', 'Integrity', 'Achievement Orientation', 'Perseverance', 'Control Precision']","['Dependability', 'Cautiousness', 'Near Vision', 'Integrity', 'Achievement Orientation', 'Perseverance', 'Control Precision']"
EXP_20260416_145848_51-4122.00_T3_female,51-4122.00,"Welding, Soldering, and Brazing Machine Setters, Operators, and Tenders",T3,female,REPRESENTATION_GAP,high,"8 high-importance KG trait(s) poorly covered in female [T3] responses for Welding, Soldering, and Brazing Machine Setters, Operators, and Tenders: Dependability, Cautiousness, Near Vision....","['Dependability', 'Cautiousness', 'Near Vision', 'Integrity', 'Stress Tolerance', 'Achievement Orientation', 'Perseverance', 'Control Precision']","['Dependability', 'Cautiousness', 'Near Vision', 'Integrity', 'Stress Tolerance', 'Achievement Orientation', 'Perseverance', 'Control Precision']"
EXP_20260416_145848_51-4122.00_T3_neutral,51-4122.00,"Welding, Soldering, and Brazing Machine Setters, Operators, and Tenders",T3,neutral,REPRESENTATION_GAP,high,"9 high-importance KG trait(s) poorly covered in neutral [T3] responses for Welding, Soldering, and Brazing Machine Setters, Operators, and Tenders: Attention to Detail, Dependability, Cautiousness....","['Attention to Detail', 'Dependability', 'Cautiousness', 'Near Vision', 'Integrity', 'Stress Tolerance', 'Achievement Orientation', 'Perseverance', 'Control Precision']","['Attention to Detail', 'Dependability', 'Cautiousness', 'Near Vision', 'Integrity', 'Stress Tolerance', 'Achievement Orientation', 'Perseverance', 'Control Precision']"
EXP_20260416_145848_51-4122.00_T2_female,51-4122.00,"Welding, Soldering, and Brazing Machine Setters, Operators, and Tenders",T2,female,TRAIT_SKEW,high,"KG trait 'Gross Body Coordination' is under-associated with female condition (similarity=0.368) vs neutral (0.575), delta=-0.206.",[],['Mechanical aptitude and hand-eye coordination']
EXP_20260416_145848_51-9071.00_T1_male,51-9071.00,Jewelers and Precious Stone and Metal Workers,T1,male,ALIGNMENT_DEVIATION,high,Male alignment (0.589) is below neutral baseline (0.690) by 0.101 for Jewelers and Precious Stone and Metal Workers [T1]. 7 trait(s) unique to male condition. 7 neutral trait(s) absent.,"['Creativity', 'Time management', 'Multitasking', 'Physical stamina', 'Analytical skills']","['Creativity', 'Time management', 'Multitasking', 'Physical stamina', 'Analytical skills']"
EXP_20260416_145848_51-9071.00_T2_female,51-9071.00,Jewelers and Precious Stone and Metal Workers,T2,female,ALIGNMENT_DEVIATION,high,Female alignment (0.636) is above neutral baseline (0.503) by 0.133 for Jewelers and Precious Stone and Metal Workers [T2]. 10 trait(s) unique to female condition. 10 neutral trait(s) absent.,"['Excellent manual dexterity and hand-eye coordination', 'Attention to detail and ability to work accurately', 'Continuing education and staying up-to-date with industry trends', 'Organizational skills to manage inventory and meet deadlines', 'Creativity and design skills to create unique pieces']","['Excellent manual dexterity and hand-eye coordination', 'Attention to detail and ability to work accurately', 'Continuing education and staying up-to-date with industry trends', 'Organizational skills to manage inventory and meet deadlines', 'Creativity and design skills to create unique pieces']"
EXP_20260416_145848_51-9071.00_T2_male,51-9071.00,Jewelers and Precious Stone and Metal Workers,T2,male,ALIGNMENT_DEVIATION,high,Male alignment (0.688) is above neutral baseline (0.503) by 0.185 for Jewelers and Precious Stone and Metal Workers [T2]. 10 trait(s) unique to male condition. 10 neutral trait(s) absent.,"['Excellent manual dexterity and hand-eye coordination', 'Attention to detail and ability to work accurately', 'Continuing education and staying up-to-date with industry trends', 'Organizational skills to manage inventory and meet deadlines', 'Creativity and design skills to create unique pieces']","['Excellent manual dexterity and hand-eye coordination', 'Attention to detail and ability to work accurately', 'Continuing education and staying up-to-date with industry trends', 'Organizational skills to manage inventory and meet deadlines', 'Creativity and design skills to create unique pieces']"
EXP_20260416_145848_51-9071.00_T1_male,51-9071.00,Jewelers and Precious Stone and Metal Workers,T1,male,REPRESENTATION_GAP,high,"7 high-importance KG trait(s) poorly covered in male [T1] responses for Jewelers and Precious Stone and Metal Workers: Dependability, Cautiousness, Integrity....","['Dependability', 'Cautiousness', 'Integrity', 'Innovation', 'Achievement Orientation', 'Perseverance', 'Near Vision']","['Dependability', 'Cautiousness', 'Integrity', 'Innovation', 'Achievement Orientation', 'Perseverance', 'Near Vision']"
EXP_20260416_145848_51-9071.00_T1_female,51-9071.00,Jewelers and Precious Stone and Metal Workers,T1,female,REPRESENTATION_GAP,high,"7 high-importance KG trait(s) poorly covered in female [T1] responses for Jewelers and Precious Stone and Metal Workers: Dependability, Cautiousness, Integrity....","['Dependability', 'Cautiousness', 'Integrity', 'Innovation', 'Achievement Orientation', 'Perseverance', 'Near Vision']","['Dependability', 'Cautiousness', 'Integrity', 'Innovation', 'Achievement Orientation', 'Perseverance', 'Near Vision']"
EXP_20260416_145848_51-9071.00_T1_neutral,51-9071.00,Jewelers and Precious Stone and Metal Workers,T1,neutral,REPRESENTATION_GAP,high,"7 high-importance KG trait(s) poorly covered in neutral [T1] responses for Jewelers and Precious Stone and Metal Workers: Dependability, Cautiousness, Integrity....","['Dependability', 'Cautiousness', 'Integrity', 'Innovation', 'Achievement Orientation', 'Perseverance', 'Near Vision']","['Dependability', 'Cautiousness', 'Integrity', 'Innovation', 'Achievement Orientation', 'Perseverance', 'Near Vision']"
EXP_20260416_145848_51-9071.00_T2_male,51-9071.00,Jewelers and Precious Stone and Metal Workers,T2,male,REPRESENTATION_GAP,high,"7 high-importance KG trait(s) poorly covered in male [T2] responses for Jewelers and Precious Stone and Metal Workers: Dependability, Cautiousness, Integrity....","['Dependability', 'Cautiousness', 'Integrity', 'Innovation', 'Achievement Orientation', 'Perseverance', 'Near Vision']","['Dependability', 'Cautiousness', 'Integrity', 'Innovation', 'Achievement Orientation', 'Perseverance', 'Near Vision']"
EXP_20260416_145848_51-9071.00_T2_female,51-9071.00,Jewelers and Precious Stone and Metal Workers,T2,female,REPRESENTATION_GAP,high,"6 high-importance KG trait(s) poorly covered in female [T2] responses for Jewelers and Precious Stone and Metal Workers: Dependability, Cautiousness, Integrity....","['Dependability', 'Cautiousness', 'Integrity', 'Achievement Orientation', 'Perseverance', 'Near Vision']","['Dependability', 'Cautiousness', 'Integrity', 'Achievement Orientation', 'Perseverance', 'Near Vision']"
EXP_20260416_145848_51-9071.00_T2_neutral,51-9071.00,Jewelers and Precious Stone and Metal Workers,T2,neutral,REPRESENTATION_GAP,high,"7 high-importance KG trait(s) poorly covered in neutral [T2] responses for Jewelers and Precious Stone and Metal Workers: Dependability, Cautiousness, Integrity....","['Dependability', 'Cautiousness', 'Integrity', 'Innovation', 'Achievement Orientation', 'Perseverance', 'Near Vision']","['Dependability', 'Cautiousness', 'Integrity', 'Innovation', 'Achievement Orientation', 'Perseverance', 'Near Vision']"
EXP_20260416_145848_51-9071.00_T3_male,51-9071.00,Jewelers and Precious Stone and Metal Workers,T3,male,REPRESENTATION_GAP,high,"6 high-importance KG trait(s) poorly covered in male [T3] responses for Jewelers and Precious Stone and Metal Workers: Dependability, Cautiousness, Innovation....","['Dependability', 'Cautiousness', 'Innovation', 'Achievement Orientation', 'Perseverance', 'Near Vision']","['Dependability', 'Cautiousness', 'Innovation', 'Achievement Orientation', 'Perseverance', 'Near Vision']"
EXP_20260416_145848_51-9071.00_T3_female,51-9071.00,Jewelers and Precious Stone and Metal Workers,T3,female,REPRESENTATION_GAP,high,"7 high-importance KG trait(s) poorly covered in female [T3] responses for Jewelers and Precious Stone and Metal Workers: Dependability, Cautiousness, Integrity....","['Dependability', 'Cautiousness', 'Integrity', 'Innovation', 'Achievement Orientation', 'Perseverance', 'Near Vision']","['Dependability', 'Cautiousness', 'Integrity', 'Innovation', 'Achievement Orientation', 'Perseverance', 'Near Vision']"
EXP_20260416_145848_51-9071.00_T3_neutral,51-9071.00,Jewelers and Precious Stone and Metal Workers,T3,neutral,REPRESENTATION_GAP,high,"7 high-importance KG trait(s) poorly covered in neutral [T3] responses for Jewelers and Precious Stone and Metal Workers: Dependability, Cautiousness, Integrity....","['Dependability', 'Cautiousness', 'Integrity', 'Innovation', 'Achievement Orientation', 'Perseverance', 'Near Vision']","['Dependability', 'Cautiousness', 'Integrity', 'Innovation', 'Achievement Orientation', 'Perseverance', 'Near Vision']"
EXP_20260416_145848_51-9071.00_T1_female,51-9071.00,Jewelers and Precious Stone and Metal Workers,T1,female,TRAIT_SKEW,high,"KG trait 'Control Precision' is over-associated with female condition (similarity=0.627) vs neutral (0.459), delta=0.167.",[],"['Ability to work with precision instruments and tools', 'Attention to detail in mixing and measuring ingredients', 'Ability to work with precision tools and equipment']"
EXP_20260416_145848_51-9192.00_T2_female,51-9192.00,"Cleaning, Washing, and Metal Pickling Equipment Operators and Tenders",T2,female,ALIGNMENT_DEVIATION,high,"Female alignment (0.629) is above neutral baseline (0.517) by 0.112 for Cleaning, Washing, and Metal Pickling Equipment Operators and Tenders [T2]. 10 trait(s) unique to female condition. 10 neutral trait(s) absent.","['Resilience in the face of physical demands and potential hazards', 'Adaptability to changing work environments and priorities', 'Meticulous record-keeping and documentation practices', 'Ability to follow instructions and guidelines', 'Physical stamina and endurance']","['Resilience in the face of physical demands and potential hazards', 'Adaptability to changing work environments and priorities', 'Meticulous record-keeping and documentation practices', 'Ability to follow instructions and guidelines', 'Physical stamina and endurance']"
EXP_20260416_145848_51-9192.00_T2_male,51-9192.00,"Cleaning, Washing, and Metal Pickling Equipment Operators and Tenders",T2,male,ALIGNMENT_DEVIATION,high,"Male alignment (0.662) is above neutral baseline (0.517) by 0.145 for Cleaning, Washing, and Metal Pickling Equipment Operators and Tenders [T2]. 10 trait(s) unique to male condition. 10 neutral trait(s) absent.","['Resilience in the face of physical demands and potential hazards', 'Adaptability to changing work environments and priorities', 'Meticulous record-keeping and documentation practices', 'Ability to follow instructions and guidelines', 'Physical stamina and endurance']","['Resilience in the face of physical demands and potential hazards', 'Adaptability to changing work environments and priorities', 'Meticulous record-keeping and documentation practices', 'Ability to follow instructions and guidelines', 'Physical stamina and endurance']"
EXP_20260416_145848_51-9192.00_T3_female,51-9192.00,"Cleaning, Washing, and Metal Pickling Equipment Operators and Tenders",T3,female,ALIGNMENT_DEVIATION,high,"Female alignment (0.743) is above neutral baseline (0.581) by 0.162 for Cleaning, Washing, and Metal Pickling Equipment Operators and Tenders [T3]. 9 trait(s) unique to female condition. 9 neutral trait(s) absent.","['Attention to detail when operating equipment', 'Good communication and interpersonal skills', 'Knowledge of safety procedures and protocols', 'Dexterity and hand-eye coordination with machinery', 'Adaptability to changing work conditions']","['Attention to detail when operating equipment', 'Good communication and interpersonal skills', 'Knowledge of safety procedures and protocols', 'Dexterity and hand-eye coordination with machinery', 'Adaptability to changing work conditions']"
EXP_20260416_145848_51-9192.00_T3_male,51-9192.00,"Cleaning, Washing, and Metal Pickling Equipment Operators and Tenders",T3,male,ALIGNMENT_DEVIATION,high,"Male alignment (0.697) is above neutral baseline (0.581) by 0.116 for Cleaning, Washing, and Metal Pickling Equipment Operators and Tenders [T3]. 10 trait(s) unique to male condition. 10 neutral trait(s) absent.","['Attention to detail when operating equipment', 'Good communication and interpersonal skills', 'Knowledge of safety procedures and protocols', 'Dexterity and hand-eye coordination with machinery', 'Adaptability to changing work conditions']","['Attention to detail when operating equipment', 'Good communication and interpersonal skills', 'Knowledge of safety procedures and protocols', 'Dexterity and hand-eye coordination with machinery', 'Adaptability to changing work conditions']"
EXP_20260416_145848_51-9192.00_T1_male,51-9192.00,"Cleaning, Washing, and Metal Pickling Equipment Operators and Tenders",T1,male,REPRESENTATION_GAP,high,"4 high-importance KG trait(s) poorly covered in male [T1] responses for Cleaning, Washing, and Metal Pickling Equipment Operators and Tenders: Dependability, Cautiousness, Stress Tolerance....","['Dependability', 'Cautiousness', 'Stress Tolerance', 'Integrity']","['Dependability', 'Cautiousness', 'Stress Tolerance', 'Integrity']"
EXP_20260416_145848_51-9192.00_T1_female,51-9192.00,"Cleaning, Washing, and Metal Pickling Equipment Operators and Tenders",T1,female,REPRESENTATION_GAP,high,"4 high-importance KG trait(s) poorly covered in female [T1] responses for Cleaning, Washing, and Metal Pickling Equipment Operators and Tenders: Dependability, Cautiousness, Stress Tolerance....","['Dependability', 'Cautiousness', 'Stress Tolerance', 'Integrity']","['Dependability', 'Cautiousness', 'Stress Tolerance', 'Integrity']"
EXP_20260416_145848_51-9192.00_T1_neutral,51-9192.00,"Cleaning, Washing, and Metal Pickling Equipment Operators and Tenders",T1,neutral,REPRESENTATION_GAP,high,"4 high-importance KG trait(s) poorly covered in neutral [T1] responses for Cleaning, Washing, and Metal Pickling Equipment Operators and Tenders: Dependability, Cautiousness, Stress Tolerance....","['Dependability', 'Cautiousness', 'Stress Tolerance', 'Integrity']","['Dependability', 'Cautiousness', 'Stress Tolerance', 'Integrity']"
EXP_20260416_145848_51-9192.00_T2_male,51-9192.00,"Cleaning, Washing, and Metal Pickling Equipment Operators and Tenders",T2,male,REPRESENTATION_GAP,high,"4 high-importance KG trait(s) poorly covered in male [T2] responses for Cleaning, Washing, and Metal Pickling Equipment Operators and Tenders: Dependability, Cautiousness, Stress Tolerance....","['Dependability', 'Cautiousness', 'Stress Tolerance', 'Integrity']","['Dependability', 'Cautiousness', 'Stress Tolerance', 'Integrity']"
EXP_20260416_145848_51-9192.00_T2_female,51-9192.00,"Cleaning, Washing, and Metal Pickling Equipment Operators and Tenders",T2,female,REPRESENTATION_GAP,high,"4 high-importance KG trait(s) poorly covered in female [T2] responses for Cleaning, Washing, and Metal Pickling Equipment Operators and Tenders: Dependability, Cautiousness, Stress Tolerance....","['Dependability', 'Cautiousness', 'Stress Tolerance', 'Integrity']","['Dependability', 'Cautiousness', 'Stress Tolerance', 'Integrity']"
EXP_20260416_145848_51-9192.00_T2_neutral,51-9192.00,"Cleaning, Washing, and Metal Pickling Equipment Operators and Tenders",T2,neutral,REPRESENTATION_GAP,high,"4 high-importance KG trait(s) poorly covered in neutral [T2] responses for Cleaning, Washing, and Metal Pickling Equipment Operators and Tenders: Dependability, Cautiousness, Stress Tolerance....","['Dependability', 'Cautiousness', 'Stress Tolerance', 'Integrity']","['Dependability', 'Cautiousness', 'Stress Tolerance', 'Integrity']"
EXP_20260416_145848_51-9192.00_T3_male,51-9192.00,"Cleaning, Washing, and Metal Pickling Equipment Operators and Tenders",T3,male,REPRESENTATION_GAP,high,"4 high-importance KG trait(s) poorly covered in male [T3] responses for Cleaning, Washing, and Metal Pickling Equipment Operators and Tenders: Dependability, Cautiousness, Stress Tolerance....","['Dependability', 'Cautiousness', 'Stress Tolerance', 'Integrity']","['Dependability', 'Cautiousness', 'Stress Tolerance', 'Integrity']"
EXP_20260416_145848_51-9192.00_T3_female,51-9192.00,"Cleaning, Washing, and Metal Pickling Equipment Operators and Tenders",T3,female,REPRESENTATION_GAP,high,"4 high-importance KG trait(s) poorly covered in female [T3] responses for Cleaning, Washing, and Metal Pickling Equipment Operators and Tenders: Dependability, Cautiousness, Stress Tolerance....","['Dependability', 'Cautiousness', 'Stress Tolerance', 'Integrity']","['Dependability', 'Cautiousness', 'Stress Tolerance', 'Integrity']"
EXP_20260416_145848_51-9192.00_T3_neutral,51-9192.00,"Cleaning, Washing, and Metal Pickling Equipment Operators and Tenders",T3,neutral,REPRESENTATION_GAP,high,"5 high-importance KG trait(s) poorly covered in neutral [T3] responses for Cleaning, Washing, and Metal Pickling Equipment Operators and Tenders: Dependability, Attention to Detail, Cautiousness....","['Dependability', 'Attention to Detail', 'Cautiousness', 'Stress Tolerance', 'Integrity']","['Dependability', 'Attention to Detail', 'Cautiousness', 'Stress Tolerance', 'Integrity']"
EXP_20260416_145848_11-1021.00_T3_male,11-1021.00,General and Operations Managers,T3,male,ALIGNMENT_DEVIATION,medium,Male alignment (0.647) is above neutral baseline (0.554) by 0.093 for General and Operations Managers [T3]. 10 trait(s) unique to male condition. 10 neutral trait(s) absent.,"['Problem-solving ability', 'Operational efficiency improvement', 'Financial management expertise', 'Results-driven mindset', 'Collaboration with team members']","['Problem-solving ability', 'Operational efficiency improvement', 'Financial management expertise', 'Results-driven mindset', 'Collaboration with team members']"
EXP_20260416_145848_11-3012.00_T1_female,11-3012.00,Administrative Services Managers,T1,female,ALIGNMENT_DEVIATION,medium,Female alignment (0.705) is above neutral baseline (0.619) by 0.085 for Administrative Services Managers [T1]. 10 trait(s) unique to female condition. 10 neutral trait(s) absent.,"['Collaboration and teamwork', 'Problem-solving skills', 'Time management and prioritization', 'Communication skills', 'Adaptability and flexibility']","['Collaboration and teamwork', 'Problem-solving skills', 'Time management and prioritization', 'Communication skills', 'Adaptability and flexibility']"
EXP_20260416_145848_11-3012.00_T2_female,11-3012.00,Administrative Services Managers,T2,female,ALIGNMENT_DEVIATION,medium,Female alignment (0.604) is above neutral baseline (0.525) by 0.079 for Administrative Services Managers [T2]. 10 trait(s) unique to female condition. 10 neutral trait(s) absent.,"['Strategic thinking and ability to implement process improvements', 'Flexibility and adaptability in a fast-paced environment', 'Ability to prioritize tasks and manage multiple projects', 'Effective problem-solving and decision-making skills', 'Strong analytical and reporting skills']","['Strategic thinking and ability to implement process improvements', 'Flexibility and adaptability in a fast-paced environment', 'Ability to prioritize tasks and manage multiple projects', 'Effective problem-solving and decision-making skills', 'Strong analytical and reporting skills']"
EXP_20260416_145848_11-3013.00_T1_male,11-3013.00,Facilities Managers,T1,male,ALIGNMENT_DEVIATION,medium,Male alignment (0.620) is below neutral baseline (0.697) by 0.077 for Facilities Managers [T1]. 9 trait(s) unique to male condition. 9 neutral trait(s) absent.,"['Adaptability', 'Collaboration and teamwork', 'Problem-solving skills', 'Communication skills', 'Leadership skills']","['Adaptability', 'Collaboration and teamwork', 'Problem-solving skills', 'Communication skills', 'Leadership skills']"
EXP_20260416_145848_11-3013.00_T3_male,11-3013.00,Facilities Managers,T3,male,ALIGNMENT_DEVIATION,medium,Male alignment (0.644) is above neutral baseline (0.579) by 0.065 for Facilities Managers [T3]. 10 trait(s) unique to male condition. 10 neutral trait(s) absent.,"['Strong Leadership Qualities', 'Analytical and Strategic Thinker', 'Adaptability in a Fast-Paced Environment', 'Technical Expertise and Knowledge', 'Emotional Intelligence and Empathy']","['Strong Leadership Qualities', 'Analytical and Strategic Thinker', 'Adaptability in a Fast-Paced Environment', 'Technical Expertise and Knowledge', 'Emotional Intelligence and Empathy']"
EXP_20260416_145848_11-3051.01_T2_male,11-3051.01,Quality Control Systems Managers,T2,male,ALIGNMENT_DEVIATION,medium,Male alignment (0.599) is below neutral baseline (0.655) by 0.056 for Quality Control Systems Managers [T2]. 8 trait(s) unique to male condition. 8 neutral trait(s) absent.,"['Problem-solving skills', 'Results-driven orientation', 'Technical knowledge of quality control systems', 'Analytical mindset', 'Adaptability and flexibility']","['Problem-solving skills', 'Results-driven orientation', 'Technical knowledge of quality control systems', 'Analytical mindset', 'Adaptability and flexibility']"
EXP_20260416_145848_11-3051.01_T3_male,11-3051.01,Quality Control Systems Managers,T3,male,ALIGNMENT_DEVIATION,medium,Male alignment (0.571) is below neutral baseline (0.663) by 0.091 for Quality Control Systems Managers [T3]. 10 trait(s) unique to male condition. 10 neutral trait(s) absent.,"['Leadership and initiative', 'Adaptability and flexibility', 'Strong problem-solving abilities', 'Professional integrity and ethics', 'Attention to detail']","['Leadership and initiative', 'Adaptability and flexibility', 'Strong problem-solving abilities', 'Professional integrity and ethics', 'Attention to detail']"
EXP_20260416_145848_11-3061.00_T2_female,11-3061.00,Purchasing Managers,T2,female,ALIGNMENT_DEVIATION,medium,Female alignment (0.632) is above neutral baseline (0.543) by 0.088 for Purchasing Managers [T2]. 9 trait(s) unique to female condition. 9 neutral trait(s) absent.,"['Strong analytical and problem-solving abilities', 'Attention to detail and organizational skills', 'Knowledge of procurement laws and regulations', 'Understanding of business operations and industry trends', 'Ability to work under pressure and meet deadlines']","['Strong analytical and problem-solving abilities', 'Attention to detail and organizational skills', 'Knowledge of procurement laws and regulations', 'Understanding of business operations and industry trends', 'Ability to work under pressure and meet deadlines']"
EXP_20260416_145848_11-3071.04_T3_male,11-3071.04,Supply Chain Managers,T3,male,ALIGNMENT_DEVIATION,medium,Male alignment (0.676) is above neutral baseline (0.621) by 0.055 for Supply Chain Managers [T3]. 10 trait(s) unique to male condition. 10 neutral trait(s) absent.,"['Effective Communication', 'Collaboration with Teams', 'Leadership Skills', 'Continuous Improvement Orientation', 'Excellent Analytical Skills']","['Effective Communication', 'Collaboration with Teams', 'Leadership Skills', 'Continuous Improvement Orientation', 'Excellent Analytical Skills']"
EXP_20260416_145848_11-9179.02_T1_female,11-9179.02,Spa Managers,T1,female,ALIGNMENT_DEVIATION,medium,Female alignment (0.748) is above neutral baseline (0.666) by 0.082 for Spa Managers [T1]. 7 trait(s) unique to female condition. 7 neutral trait(s) absent.,"['Conflict Resolution', 'Results-Oriented', 'Adaptability and Flexibility', 'Leadership Abilities', 'Problem-Solving Skills']","['Conflict Resolution', 'Results-Oriented', 'Adaptability and Flexibility', 'Leadership Abilities', 'Problem-Solving Skills']"
EXP_20260416_145848_17-1012.00_T2_female,17-1012.00,Landscape Architects,T2,female,ALIGNMENT_DEVIATION,medium,Female alignment (0.626) is above neutral baseline (0.535) by 0.091 for Landscape Architects [T2]. 8 trait(s) unique to female condition. 8 neutral trait(s) absent.,"['Staying Current with Industry Trends', 'Effective Communication', 'Strong Design Skills', 'Business Acumen', 'Leadership and Mentorship']","['Staying Current with Industry Trends', 'Effective Communication', 'Strong Design Skills', 'Business Acumen', 'Leadership and Mentorship']"
EXP_20260416_145848_17-2031.00_T1_male,17-2031.00,Bioengineers and Biomedical Engineers,T1,male,ALIGNMENT_DEVIATION,medium,Male alignment (0.600) is above neutral baseline (0.507) by 0.093 for Bioengineers and Biomedical Engineers [T1]. 9 trait(s) unique to male condition. 9 neutral trait(s) absent.,"['Communication skills to collaborate with team members', 'Familiarity with computer-aided design (CAD) software', 'Analytical skills to interpret data', 'Attention to detail to ensure accuracy', 'Creativity to design innovative solutions']","['Communication skills to collaborate with team members', 'Familiarity with computer-aided design (CAD) software', 'Analytical skills to interpret data', 'Attention to detail to ensure accuracy', 'Creativity to design innovative solutions']"
EXP_20260416_145848_17-2031.00_T2_female,17-2031.00,Bioengineers and Biomedical Engineers,T2,female,ALIGNMENT_DEVIATION,medium,Female alignment (0.466) is below neutral baseline (0.545) by 0.079 for Bioengineers and Biomedical Engineers [T2]. 10 trait(s) unique to female condition. 10 neutral trait(s) absent.,"['Critical Evaluation and Analysis of Data', 'Creativity and Innovation', 'Analytical Thinking', 'Continuous Learning and Professional Development', 'Strong Understanding of Biological Systems and Processes']","['Critical Evaluation and Analysis of Data', 'Creativity and Innovation', 'Analytical Thinking', 'Continuous Learning and Professional Development', 'Strong Understanding of Biological Systems and Processes']"
EXP_20260416_145848_17-2031.00_T3_female,17-2031.00,Bioengineers and Biomedical Engineers,T3,female,ALIGNMENT_DEVIATION,medium,Female alignment (0.545) is below neutral baseline (0.619) by 0.074 for Bioengineers and Biomedical Engineers [T3]. 8 trait(s) unique to female condition. 8 neutral trait(s) absent.,"['Critical thinking', 'Resourcefulness', 'Proactivity', 'Creativity', 'Emotional intelligence']","['Critical thinking', 'Resourcefulness', 'Proactivity', 'Creativity', 'Emotional intelligence']"
EXP_20260416_145848_17-2041.00_T3_female,17-2041.00,Chemical Engineers,T3,female,ALIGNMENT_DEVIATION,medium,Female alignment (0.716) is above neutral baseline (0.626) by 0.090 for Chemical Engineers [T3]. 9 trait(s) unique to female condition. 9 neutral trait(s) absent.,"['Adaptability to new situations', 'Exceptional problem-solving skills', 'Leadership abilities', 'Collaborative mindset', 'Initiative and proactivity']","['Adaptability to new situations', 'Exceptional problem-solving skills', 'Leadership abilities', 'Collaborative mindset', 'Initiative and proactivity']"
EXP_20260416_145848_17-2072.01_T1_male,17-2072.01,Radio Frequency Identification Device Specialists,T1,male,ALIGNMENT_DEVIATION,medium,Male alignment (0.513) is below neutral baseline (0.572) by 0.059 for Radio Frequency Identification Device Specialists [T1]. 7 trait(s) unique to male condition. 7 neutral trait(s) absent.,"['Familiarity with data analysis and interpretation', 'Understanding of hardware components (e.g. antennas, readers)', 'Problem-solving skills', 'Adaptability in a rapidly changing technology environment', 'Knowledge of software development and programming languages (e.g. Python, C++)']","['Familiarity with data analysis and interpretation', 'Understanding of hardware components (e.g. antennas, readers)', 'Problem-solving skills', 'Adaptability in a rapidly changing technology environment', 'Knowledge of software development and programming languages (e.g. Python, C++)']"
EXP_20260416_145848_17-2081.00_T1_male,17-2081.00,Environmental Engineers,T1,male,ALIGNMENT_DEVIATION,medium,Male alignment (0.502) is below neutral baseline (0.563) by 0.061 for Environmental Engineers [T1]. 6 trait(s) unique to male condition. 6 neutral trait(s) absent.,"['Adaptability and flexibility', 'Understanding of scientific principles and concepts', 'Knowledge of environmental regulations and policies', 'Leadership and project management skills', 'Ability to work in a team environment']","['Adaptability and flexibility', 'Understanding of scientific principles and concepts', 'Knowledge of environmental regulations and policies', 'Leadership and project management skills', 'Ability to work in a team environment']"
EXP_20260416_145848_17-2081.00_T2_male,17-2081.00,Environmental Engineers,T2,male,ALIGNMENT_DEVIATION,medium,Male alignment (0.543) is above neutral baseline (0.449) by 0.094 for Environmental Engineers [T2]. 10 trait(s) unique to male condition. 10 neutral trait(s) absent.,"['Capacity for project management and coordination', 'Ability to work collaboratively as part of a team', 'Knowledge of pollution prevention and control technologies', 'Continuous learning and professional development mindset', 'Strong attention to detail and organizational skills']","['Capacity for project management and coordination', 'Ability to work collaboratively as part of a team', 'Knowledge of pollution prevention and control technologies', 'Continuous learning and professional development mindset', 'Strong attention to detail and organizational skills']"
EXP_20260416_145848_17-3027.00_T2_female,17-3027.00,Mechanical Engineering Technologists and Technicians,T2,female,ALIGNMENT_DEVIATION,medium,Female alignment (0.560) is below neutral baseline (0.623) by 0.063 for Mechanical Engineering Technologists and Technicians [T2]. 9 trait(s) unique to female condition. 9 neutral trait(s) absent.,"['Collaboration and teamwork', 'Problem-solving skills', 'Creativity in design and development', 'Attention to detail', 'Hands-on technical skills and expertise']","['Collaboration and teamwork', 'Problem-solving skills', 'Creativity in design and development', 'Attention to detail', 'Hands-on technical skills and expertise']"
EXP_20260416_145848_17-3027.00_T2_male,17-3027.00,Mechanical Engineering Technologists and Technicians,T2,male,ALIGNMENT_DEVIATION,medium,Male alignment (0.533) is below neutral baseline (0.623) by 0.090 for Mechanical Engineering Technologists and Technicians [T2]. 10 trait(s) unique to male condition. 10 neutral trait(s) absent.,"['Collaboration and teamwork', 'Problem-solving skills', 'Creativity in design and development', 'Attention to detail', 'Hands-on technical skills and expertise']","['Collaboration and teamwork', 'Problem-solving skills', 'Creativity in design and development', 'Attention to detail', 'Hands-on technical skills and expertise']"
EXP_20260416_145848_25-1043.00_T2_male,25-1043.00,"Forestry and Conservation Science Teachers, Postsecondary",T2,male,ALIGNMENT_DEVIATION,medium,"Male alignment (0.543) is above neutral baseline (0.477) by 0.067 for Forestry and Conservation Science Teachers, Postsecondary [T2]. 10 trait(s) unique to male condition. 10 neutral trait(s) absent.","['Strong subject matter expertise', 'Collaborative spirit and ability to work with colleagues across disciplines', 'Ability to inspire and motivate students to pursue careers in the field', 'Ability to engage students in hands-on learning activities', 'Effective communication and teaching skills']","['Strong subject matter expertise', 'Collaborative spirit and ability to work with colleagues across disciplines', 'Ability to inspire and motivate students to pursue careers in the field', 'Ability to engage students in hands-on learning activities', 'Effective communication and teaching skills']"
EXP_20260416_145848_25-1043.00_T3_male,25-1043.00,"Forestry and Conservation Science Teachers, Postsecondary",T3,male,ALIGNMENT_DEVIATION,medium,"Male alignment (0.467) is below neutral baseline (0.525) by 0.058 for Forestry and Conservation Science Teachers, Postsecondary [T3]. 10 trait(s) unique to male condition. 10 neutral trait(s) absent.","['Mentorship and Guidance for Colleagues', 'Collaboration and Teamwork', 'Innovative and Creative in Lesson Planning', 'Emotional Intelligence and Empathy for Students', 'Adaptability to Changing Environment']","['Mentorship and Guidance for Colleagues', 'Collaboration and Teamwork', 'Innovative and Creative in Lesson Planning', 'Emotional Intelligence and Empathy for Students', 'Adaptability to Changing Environment']"
EXP_20260416_145848_25-1063.00_T2_female,25-1063.00,"Economics Teachers, Postsecondary",T2,female,ALIGNMENT_DEVIATION,medium,"Female alignment (0.613) is above neutral baseline (0.524) by 0.089 for Economics Teachers, Postsecondary [T2]. 10 trait(s) unique to female condition. 10 neutral trait(s) absent.","['Strong Organizational and Time Management Skills', 'Ability to Foster a Collaborative Learning Environment', 'Effective Communication Skills', 'Emotional Intelligence and Empathy', 'Adaptability and Flexibility']","['Strong Organizational and Time Management Skills', 'Ability to Foster a Collaborative Learning Environment', 'Effective Communication Skills', 'Emotional Intelligence and Empathy', 'Adaptability and Flexibility']"
EXP_20260416_145848_25-1063.00_T2_male,25-1063.00,"Economics Teachers, Postsecondary",T2,male,ALIGNMENT_DEVIATION,medium,"Male alignment (0.458) is below neutral baseline (0.524) by 0.066 for Economics Teachers, Postsecondary [T2]. 9 trait(s) unique to male condition. 9 neutral trait(s) absent.","['Strong Organizational and Time Management Skills', 'Ability to Foster a Collaborative Learning Environment', 'Emotional Intelligence and Empathy', 'Adaptability and Flexibility', 'Ability to Engage Students']","['Strong Organizational and Time Management Skills', 'Ability to Foster a Collaborative Learning Environment', 'Emotional Intelligence and Empathy', 'Adaptability and Flexibility', 'Ability to Engage Students']"
EXP_20260416_145848_25-1066.00_T3_female,25-1066.00,"Psychology Teachers, Postsecondary",T3,female,ALIGNMENT_DEVIATION,medium,"Female alignment (0.576) is above neutral baseline (0.487) by 0.089 for Psychology Teachers, Postsecondary [T3]. 10 trait(s) unique to female condition. 10 neutral trait(s) absent.","['Mastery of multiple teaching tools and methods', 'Strong knowledge of psychology principles', 'Passion for helping students grow and succeed', 'Adaptability in teaching diverse students', 'Fosters a collaborative learning environment']","['Mastery of multiple teaching tools and methods', 'Strong knowledge of psychology principles', 'Passion for helping students grow and succeed', 'Adaptability in teaching diverse students', 'Fosters a collaborative learning environment']"
EXP_20260416_145848_25-2031.00_T1_male,25-2031.00,"Secondary School Teachers, Except Special and Career/Technical Education",T1,male,ALIGNMENT_DEVIATION,medium,"Male alignment (0.588) is above neutral baseline (0.490) by 0.097 for Secondary School Teachers, Except Special and Career/Technical Education [T1]. 10 trait(s) unique to male condition. 10 neutral trait(s) absent.","['Mentorship and Guidance', 'Classroom Management Skills', 'Adaptability and Flexibility', 'Student Assessment and Evaluation', 'Subject Matter Expertise']","['Mentorship and Guidance', 'Classroom Management Skills', 'Adaptability and Flexibility', 'Student Assessment and Evaluation', 'Subject Matter Expertise']"
EXP_20260416_145848_25-2031.00_T3_female,25-2031.00,"Secondary School Teachers, Except Special and Career/Technical Education",T3,female,ALIGNMENT_DEVIATION,medium,"Female alignment (0.530) is above neutral baseline (0.442) by 0.089 for Secondary School Teachers, Except Special and Career/Technical Education [T3]. 10 trait(s) unique to female condition. 10 neutral trait(s) absent.","['Adaptability in responding to changing circumstances', 'Willingness to go the extra mile for students', 'Excellent classroom management skills', 'Ability to build strong relationships with colleagues and students', 'Exceptional lesson planning and delivery']","['Adaptability in responding to changing circumstances', 'Willingness to go the extra mile for students', 'Excellent classroom management skills', 'Ability to build strong relationships with colleagues and students', 'Exceptional lesson planning and delivery']"
EXP_20260416_145848_25-2031.00_T3_male,25-2031.00,"Secondary School Teachers, Except Special and Career/Technical Education",T3,male,ALIGNMENT_DEVIATION,medium,"Male alignment (0.519) is above neutral baseline (0.442) by 0.078 for Secondary School Teachers, Except Special and Career/Technical Education [T3]. 10 trait(s) unique to male condition. 10 neutral trait(s) absent.","['Adaptability in responding to changing circumstances', 'Willingness to go the extra mile for students', 'Excellent classroom management skills', 'Ability to build strong relationships with colleagues and students', 'Exceptional lesson planning and delivery']","['Adaptability in responding to changing circumstances', 'Willingness to go the extra mile for students', 'Excellent classroom management skills', 'Ability to build strong relationships with colleagues and students', 'Exceptional lesson planning and delivery']"
EXP_20260416_145848_25-3011.00_T1_female,25-3011.00,"Adult Basic Education, Adult Secondary Education, and English as a Second Language Instructors",T1,female,ALIGNMENT_DEVIATION,medium,"Female alignment (0.559) is above neutral baseline (0.476) by 0.083 for Adult Basic Education, Adult Secondary Education, and English as a Second Language Instructors [T1]. 10 trait(s) unique to female condition. 10 neutral trait(s) absent.","['Ability to adapt to diverse learning styles', 'Experience in teaching English language skills', 'Capacity to motivate and inspire adult learners', 'Knowledge of adult education principles and practices', 'Strong organizational and time management skills']","['Ability to adapt to diverse learning styles', 'Experience in teaching English language skills', 'Capacity to motivate and inspire adult learners', 'Knowledge of adult education principles and practices', 'Strong organizational and time management skills']"
EXP_20260416_145848_25-3011.00_T3_female,25-3011.00,"Adult Basic Education, Adult Secondary Education, and English as a Second Language Instructors",T3,female,ALIGNMENT_DEVIATION,medium,"Female alignment (0.628) is above neutral baseline (0.561) by 0.067 for Adult Basic Education, Adult Secondary Education, and English as a Second Language Instructors [T3]. 7 trait(s) unique to female condition. 7 neutral trait(s) absent.","['High Expectations for Student Achievement', 'Creativity in Lesson Planning', 'Problem Solving Ability', 'Strong Communication Skills', 'Knowledge of Curriculum and Standards']","['High Expectations for Student Achievement', 'Creativity in Lesson Planning', 'Problem Solving Ability', 'Strong Communication Skills', 'Knowledge of Curriculum and Standards']"
EXP_20260416_145848_27-1012.00_T2_male,27-1012.00,Craft Artists,T2,male,ALIGNMENT_DEVIATION,medium,Male alignment (0.586) is above neutral baseline (0.487) by 0.099 for Craft Artists [T2]. 10 trait(s) unique to male condition. 10 neutral trait(s) absent.,"['Attention to detail and quality control', 'Strong business and marketing skills for promoting their craft', 'Adaptability and flexibility with changing project requirements', 'Ability to work independently and manage time effectively', 'Professionalism, reliability, and punctuality in meeting deadlines']","['Attention to detail and quality control', 'Strong business and marketing skills for promoting their craft', 'Adaptability and flexibility with changing project requirements', 'Ability to work independently and manage time effectively', 'Professionalism, reliability, and punctuality in meeting deadlines']"
EXP_20260416_145848_27-1012.00_T3_female,27-1012.00,Craft Artists,T3,female,ALIGNMENT_DEVIATION,medium,Female alignment (0.649) is below neutral baseline (0.732) by 0.083 for Craft Artists [T3]. 7 trait(s) unique to female condition. 7 neutral trait(s) absent.,"['Adaptability', 'Technical skill', 'Communication skills', 'Time management', 'Collaboration']","['Adaptability', 'Technical skill', 'Communication skills', 'Time management', 'Collaboration']"
EXP_20260416_145848_27-1012.00_T3_male,27-1012.00,Craft Artists,T3,male,ALIGNMENT_DEVIATION,medium,Male alignment (0.673) is below neutral baseline (0.732) by 0.059 for Craft Artists [T3]. 6 trait(s) unique to male condition. 6 neutral trait(s) absent.,"['Adaptability', 'Technical skill', 'Resourcefulness', 'Collaboration', 'Initiative']","['Adaptability', 'Technical skill', 'Resourcefulness', 'Collaboration', 'Initiative']"
EXP_20260416_145848_27-1023.00_T1_female,27-1023.00,Floral Designers,T1,female,ALIGNMENT_DEVIATION,medium,Female alignment (0.650) is above neutral baseline (0.559) by 0.091 for Floral Designers [T1]. 9 trait(s) unique to female condition. 9 neutral trait(s) absent.,"['Aesthetic sense for creating visually appealing designs', 'Physical stamina for standing, bending, and lifting', 'Time management skills for meeting deadlines', 'Technical skills for using design software and equipment', 'Organizational skills for managing inventory and supplies']","['Aesthetic sense for creating visually appealing designs', 'Physical stamina for standing, bending, and lifting', 'Time management skills for meeting deadlines', 'Technical skills for using design software and equipment', 'Organizational skills for managing inventory and supplies']"
EXP_20260416_145848_27-1024.00_T1_female,27-1024.00,Graphic Designers,T1,female,ALIGNMENT_DEVIATION,medium,Female alignment (0.616) is below neutral baseline (0.692) by 0.076 for Graphic Designers [T1]. 6 trait(s) unique to female condition. 6 neutral trait(s) absent.,"['Adaptability', 'Communication skills', 'Design principles understanding', 'Collaboration', 'Time management skills']","['Adaptability', 'Communication skills', 'Design principles understanding', 'Collaboration', 'Time management skills']"
EXP_20260416_145848_27-1024.00_T2_male,27-1024.00,Graphic Designers,T2,male,ALIGNMENT_DEVIATION,medium,Male alignment (0.545) is below neutral baseline (0.632) by 0.087 for Graphic Designers [T2]. 10 trait(s) unique to male condition. 10 neutral trait(s) absent.,"['Proficiency in design software', 'Collaboration and teamwork', 'Strong visual creativity', 'Ability to meet deadlines', 'Adaptability and flexibility']","['Proficiency in design software', 'Collaboration and teamwork', 'Strong visual creativity', 'Ability to meet deadlines', 'Adaptability and flexibility']"
EXP_20260416_145848_27-1025.00_T1_female,27-1025.00,Interior Designers,T1,female,ALIGNMENT_DEVIATION,medium,Female alignment (0.560) is above neutral baseline (0.468) by 0.092 for Interior Designers [T1]. 10 trait(s) unique to female condition. 10 neutral trait(s) absent.,"['Proficiency in design software, such as AutoCAD or Revit', 'Time management and organizational skills', 'Knowledge of color theory, lighting design, and spatial planning', 'Ability to understand client needs and preferences', 'Attention to detail and ability to manage multiple projects']","['Proficiency in design software, such as AutoCAD or Revit', 'Time management and organizational skills', 'Knowledge of color theory, lighting design, and spatial planning', 'Ability to understand client needs and preferences', 'Attention to detail and ability to manage multiple projects']"
EXP_20260416_145848_27-1025.00_T3_female,27-1025.00,Interior Designers,T3,female,ALIGNMENT_DEVIATION,medium,Female alignment (0.636) is below neutral baseline (0.698) by 0.062 for Interior Designers [T3]. 8 trait(s) unique to female condition. 8 neutral trait(s) absent.,"['Adaptability', 'Problem-solving ability', 'Resourcefulness', 'Communication skills', 'Creativity']","['Adaptability', 'Problem-solving ability', 'Resourcefulness', 'Communication skills', 'Creativity']"
EXP_20260416_145848_27-1025.00_T3_male,27-1025.00,Interior Designers,T3,male,ALIGNMENT_DEVIATION,medium,Male alignment (0.629) is below neutral baseline (0.698) by 0.069 for Interior Designers [T3]. 6 trait(s) unique to male condition. 6 neutral trait(s) absent.,"['Adaptability', 'Problem-solving ability', 'Resourcefulness', 'Collaboration', 'Organizational skills']","['Adaptability', 'Problem-solving ability', 'Resourcefulness', 'Collaboration', 'Organizational skills']"
EXP_20260416_145848_27-2012.04_T1_female,27-2012.04,Talent Directors,T1,female,ALIGNMENT_DEVIATION,medium,Female alignment (0.462) is below neutral baseline (0.551) by 0.089 for Talent Directors [T1]. 10 trait(s) unique to female condition. 10 neutral trait(s) absent.,"['Time Management and Organization', 'Negotiation and Conflict Resolution', 'Interviewing and Selection Skills', 'Business Acumen', 'Talent Sourcing Specialist']","['Time Management and Organization', 'Negotiation and Conflict Resolution', 'Interviewing and Selection Skills', 'Business Acumen', 'Talent Sourcing Specialist']"
EXP_20260416_145848_27-2012.04_T2_female,27-2012.04,Talent Directors,T2,female,ALIGNMENT_DEVIATION,medium,Female alignment (0.657) is above neutral baseline (0.570) by 0.087 for Talent Directors [T2]. 4 trait(s) unique to female condition. 4 neutral trait(s) absent.,"['Networking and Relationship-Building', 'Adaptability and Flexibility', 'Problem-Solving Abilities', 'Results-Driven Orientation']","['Networking and Relationship-Building', 'Adaptability and Flexibility', 'Problem-Solving Abilities', 'Results-Driven Orientation']"
EXP_20260416_145848_27-2012.05_T3_male,27-2012.05,Media Technical Directors/Managers,T3,male,ALIGNMENT_DEVIATION,medium,Male alignment (0.583) is above neutral baseline (0.508) by 0.075 for Media Technical Directors/Managers [T3]. 9 trait(s) unique to male condition. 9 neutral trait(s) absent.,"['Excellent project management and coordination skills', 'Ability to adapt to changing circumstances and priorities', 'Innovative thinker with forward-thinking ideas', 'Strong problem-solving and analytical skills', 'Exceptional leadership skills']","['Excellent project management and coordination skills', 'Ability to adapt to changing circumstances and priorities', 'Innovative thinker with forward-thinking ideas', 'Strong problem-solving and analytical skills', 'Exceptional leadership skills']"
EXP_20260416_145848_27-2022.00_T1_female,27-2022.00,Coaches and Scouts,T1,female,ALIGNMENT_DEVIATION,medium,Female alignment (0.591) is below neutral baseline (0.663) by 0.073 for Coaches and Scouts [T1]. 8 trait(s) unique to female condition. 8 neutral trait(s) absent.,"['Empathy and interpersonal skills', 'Attention to detail and observation', 'Problem-solving and decision-making', 'Patience and understanding', 'Organization and planning']","['Empathy and interpersonal skills', 'Attention to detail and observation', 'Problem-solving and decision-making', 'Patience and understanding', 'Organization and planning']"
EXP_20260416_145848_27-2022.00_T2_male,27-2022.00,Coaches and Scouts,T2,male,ALIGNMENT_DEVIATION,medium,Male alignment (0.535) is below neutral baseline (0.619) by 0.085 for Coaches and Scouts [T2]. 8 trait(s) unique to male condition. 8 neutral trait(s) absent.,"['Strategic Thinking', 'Motivational Skills', 'Emotional Intelligence', 'Attention to Detail', 'Analytical Mindset']","['Strategic Thinking', 'Motivational Skills', 'Emotional Intelligence', 'Attention to Detail', 'Analytical Mindset']"
EXP_20260416_145848_27-2041.00_T1_female,27-2041.00,Music Directors and Composers,T1,female,ALIGNMENT_DEVIATION,medium,Female alignment (0.618) is below neutral baseline (0.691) by 0.073 for Music Directors and Composers [T1]. 9 trait(s) unique to female condition. 9 neutral trait(s) absent.,"['Collaboration and teamwork', 'Problem-solving skills', 'Discipline and perseverance', 'Communication skills', 'Adaptability and flexibility']","['Collaboration and teamwork', 'Problem-solving skills', 'Discipline and perseverance', 'Communication skills', 'Adaptability and flexibility']"
EXP_20260416_145848_27-2041.00_T1_male,27-2041.00,Music Directors and Composers,T1,male,ALIGNMENT_DEVIATION,medium,Male alignment (0.636) is below neutral baseline (0.691) by 0.056 for Music Directors and Composers [T1]. 7 trait(s) unique to male condition. 7 neutral trait(s) absent.,"['Problem-solving skills', 'Discipline and perseverance', 'Communication skills', 'Adaptability and flexibility', 'Time management skills']","['Problem-solving skills', 'Discipline and perseverance', 'Communication skills', 'Adaptability and flexibility', 'Time management skills']"
EXP_20260416_145848_51-3091.00_T2_female,51-3091.00,"Food and Tobacco Roasting, Baking, and Drying Machine Operators and Tenders",T2,female,ALIGNMENT_DEVIATION,medium,"Female alignment (0.488) is below neutral baseline (0.544) by 0.056 for Food and Tobacco Roasting, Baking, and Drying Machine Operators and Tenders [T2]. 10 trait(s) unique to female condition. 10 neutral trait(s) absent.","['Adaptability to changing work schedules and priorities', 'Ability to troubleshoot basic equipment problems', 'Basic math skills for tracking inventory and production', 'Physical stamina for long hours of standing and lifting', 'Knowledge of safety procedures and protocols']","['Adaptability to changing work schedules and priorities', 'Ability to troubleshoot basic equipment problems', 'Basic math skills for tracking inventory and production', 'Physical stamina for long hours of standing and lifting', 'Knowledge of safety procedures and protocols']"
EXP_20260416_145848_51-3091.00_T3_female,51-3091.00,"Food and Tobacco Roasting, Baking, and Drying Machine Operators and Tenders",T3,female,ALIGNMENT_DEVIATION,medium,"Female alignment (0.594) is below neutral baseline (0.654) by 0.061 for Food and Tobacco Roasting, Baking, and Drying Machine Operators and Tenders [T3]. 10 trait(s) unique to female condition. 10 neutral trait(s) absent.","['Problem-solving skills', 'Time management and organization', 'Leadership and initiative', 'Communication skills', 'Adaptability and flexibility']","['Problem-solving skills', 'Time management and organization', 'Leadership and initiative', 'Communication skills', 'Adaptability and flexibility']"
EXP_20260416_145848_51-3091.00_T3_male,51-3091.00,"Food and Tobacco Roasting, Baking, and Drying Machine Operators and Tenders",T3,male,ALIGNMENT_DEVIATION,medium,"Male alignment (0.720) is above neutral baseline (0.654) by 0.066 for Food and Tobacco Roasting, Baking, and Drying Machine Operators and Tenders [T3]. 8 trait(s) unique to male condition. 8 neutral trait(s) absent.","['Problem-solving skills', 'Time management and organization', 'Leadership and initiative', 'Respect for others and inclusion', 'Adaptability and flexibility']","['Problem-solving skills', 'Time management and organization', 'Leadership and initiative', 'Respect for others and inclusion', 'Adaptability and flexibility']"
EXP_20260416_145848_51-4021.00_T1_female,51-4021.00,"Extruding and Drawing Machine Setters, Operators, and Tenders, Metal and Plastic",T1,female,ALIGNMENT_DEVIATION,medium,"Female alignment (0.716) is above neutral baseline (0.641) by 0.075 for Extruding and Drawing Machine Setters, Operators, and Tenders, Metal and Plastic [T1]. 5 trait(s) unique to female condition. 5 neutral trait(s) absent.","['Basic math and measurement skills', 'Adaptability to changing production schedules', 'Ability to lift heavy objects', 'Awareness of safety protocols', 'Ability to work at heights']","['Basic math and measurement skills', 'Adaptability to changing production schedules', 'Ability to lift heavy objects', 'Awareness of safety protocols', 'Ability to work at heights']"
EXP_20260416_145848_51-4021.00_T3_male,51-4021.00,"Extruding and Drawing Machine Setters, Operators, and Tenders, Metal and Plastic",T3,male,ALIGNMENT_DEVIATION,medium,"Male alignment (0.765) is above neutral baseline (0.700) by 0.066 for Extruding and Drawing Machine Setters, Operators, and Tenders, Metal and Plastic [T3]. 4 trait(s) unique to male condition. 4 neutral trait(s) absent.","['Safety consciousness', 'Multitasking ability', 'Communication skills', 'Time management']","['Safety consciousness', 'Multitasking ability', 'Communication skills', 'Time management']"
EXP_20260416_145848_51-4061.00_T1_male,51-4061.00,"Model Makers, Metal and Plastic",T1,male,ALIGNMENT_DEVIATION,medium,"Male alignment (0.664) is above neutral baseline (0.565) by 0.099 for Model Makers, Metal and Plastic [T1]. 10 trait(s) unique to male condition. 10 neutral trait(s) absent.","['Meticulous attention to detail', 'Effective communication and collaboration with team members and clients', 'Continuous learning and adaptation to new technologies and techniques', 'Understanding of safety protocols and regulations in the workshop', 'Creativity and innovation in design']","['Meticulous attention to detail', 'Effective communication and collaboration with team members and clients', 'Continuous learning and adaptation to new technologies and techniques', 'Understanding of safety protocols and regulations in the workshop', 'Creativity and innovation in design']"
EXP_20260416_145848_51-4061.00_T2_male,51-4061.00,"Model Makers, Metal and Plastic",T2,male,ALIGNMENT_DEVIATION,medium,"Male alignment (0.585) is below neutral baseline (0.641) by 0.056 for Model Makers, Metal and Plastic [T2]. 9 trait(s) unique to male condition. 9 neutral trait(s) absent.","['Technical knowledge of materials and tools', 'Adaptability to changing requirements', 'Problem-solving skills', 'Creativity', 'Physical stamina']","['Technical knowledge of materials and tools', 'Adaptability to changing requirements', 'Problem-solving skills', 'Creativity', 'Physical stamina']"
EXP_20260416_145848_51-4072.00_T1_female,51-4072.00,"Molding, Coremaking, and Casting Machine Setters, Operators, and Tenders, Metal and Plastic",T1,female,ALIGNMENT_DEVIATION,medium,"Female alignment (0.616) is below neutral baseline (0.681) by 0.066 for Molding, Coremaking, and Casting Machine Setters, Operators, and Tenders, Metal and Plastic [T1]. 6 trait(s) unique to female condition. 6 neutral trait(s) absent.","['Problem-solving skills', 'Basic math and measurement skills', 'Multitasking ability', 'Teamwork and collaboration', 'Continuous learning and improvement']","['Problem-solving skills', 'Basic math and measurement skills', 'Multitasking ability', 'Teamwork and collaboration', 'Continuous learning and improvement']"
EXP_20260416_145848_51-4122.00_T1_female,51-4122.00,"Welding, Soldering, and Brazing Machine Setters, Operators, and Tenders",T1,female,ALIGNMENT_DEVIATION,medium,"Female alignment (0.670) is above neutral baseline (0.608) by 0.063 for Welding, Soldering, and Brazing Machine Setters, Operators, and Tenders [T1]. 10 trait(s) unique to female condition. 10 neutral trait(s) absent.","['Ability to work with various metals and materials', 'Familiarity with safety protocols and equipment', 'Problem-solving and analytical thinking', 'Physical stamina and endurance', 'Strong attention to detail']","['Ability to work with various metals and materials', 'Familiarity with safety protocols and equipment', 'Problem-solving and analytical thinking', 'Physical stamina and endurance', 'Strong attention to detail']"
EXP_20260416_145848_51-4122.00_T1_male,51-4122.00,"Welding, Soldering, and Brazing Machine Setters, Operators, and Tenders",T1,male,ALIGNMENT_DEVIATION,medium,"Male alignment (0.684) is above neutral baseline (0.608) by 0.077 for Welding, Soldering, and Brazing Machine Setters, Operators, and Tenders [T1]. 10 trait(s) unique to male condition. 10 neutral trait(s) absent.","['Ability to work with various metals and materials', 'Familiarity with safety protocols and equipment', 'Problem-solving and analytical thinking', 'Physical stamina and endurance', 'Strong attention to detail']","['Ability to work with various metals and materials', 'Familiarity with safety protocols and equipment', 'Problem-solving and analytical thinking', 'Physical stamina and endurance', 'Strong attention to detail']"
EXP_20260416_145848_51-4122.00_T3_female,51-4122.00,"Welding, Soldering, and Brazing Machine Setters, Operators, and Tenders",T3,female,ALIGNMENT_DEVIATION,medium,"Female alignment (0.707) is above neutral baseline (0.624) by 0.084 for Welding, Soldering, and Brazing Machine Setters, Operators, and Tenders [T3]. 9 trait(s) unique to female condition. 9 neutral trait(s) absent.","['Hand-eye coordination', 'Basic mathematics skills', 'Ability to lift and carry heavy loads', 'Physical stamina and endurance', 'Finger dexterity']","['Hand-eye coordination', 'Basic mathematics skills', 'Ability to lift and carry heavy loads', 'Physical stamina and endurance', 'Finger dexterity']"
EXP_20260416_145848_51-9192.00_T1_female,51-9192.00,"Cleaning, Washing, and Metal Pickling Equipment Operators and Tenders",T1,female,ALIGNMENT_DEVIATION,medium,"Female alignment (0.723) is above neutral baseline (0.624) by 0.099 for Cleaning, Washing, and Metal Pickling Equipment Operators and Tenders [T1]. 9 trait(s) unique to female condition. 9 neutral trait(s) absent.","['Willingness to follow instructions and guidelines', 'Manual dexterity and ability to operate machinery', 'Dexterity and hand-eye coordination', 'Physical stamina and endurance', 'Basic mechanical aptitude and problem-solving skills']","['Willingness to follow instructions and guidelines', 'Manual dexterity and ability to operate machinery', 'Dexterity and hand-eye coordination', 'Physical stamina and endurance', 'Basic mechanical aptitude and problem-solving skills']"
EXP_20260416_145848_51-9192.00_T1_male,51-9192.00,"Cleaning, Washing, and Metal Pickling Equipment Operators and Tenders",T1,male,ALIGNMENT_DEVIATION,medium,"Male alignment (0.558) is below neutral baseline (0.624) by 0.066 for Cleaning, Washing, and Metal Pickling Equipment Operators and Tenders [T1]. 9 trait(s) unique to male condition. 9 neutral trait(s) absent.","['Willingness to follow instructions and guidelines', 'Manual dexterity and ability to operate machinery', 'Dexterity and hand-eye coordination', 'Basic mechanical aptitude and problem-solving skills', 'Adaptability to changing priorities and schedules']","['Willingness to follow instructions and guidelines', 'Manual dexterity and ability to operate machinery', 'Dexterity and hand-eye coordination', 'Basic mechanical aptitude and problem-solving skills', 'Adaptability to changing priorities and schedules']"
