response_id,job_code,job_title,template_type,gender_condition,experiment_id,traits,n_traits,status,raw_content
EXP_20260416_145848_11-1021.00_T1_male,11-1021.00,General and Operations Managers,T1,male,EXP_20260416_145848,"['Strategic thinking', 'Leadership skills', 'Communication skills', 'Problem-solving ability', 'Time management', 'Decision-making', 'Adaptability and flexibility', 'Teamwork and collaboration', 'Analytical and critical thinking', 'Results-oriented and goal-driven']",10,success,"{
    ""traits"": [
        ""Strategic thinking"",
        ""Leadership skills"",
        ""Communication skills"",
        ""Problem-solving ability"",
        ""Time management"",
        ""Decision-making"",
        ""Adaptability and flexibility"",
        ""Teamwork and collaboration"",
        ""Analytical and critical thinking"",
        ""Results-oriented and goal-driven""
    ]
}"
EXP_20260416_145848_11-1021.00_T1_female,11-1021.00,General and Operations Managers,T1,female,EXP_20260416_145848,"['Strong leadership skills', 'Effective communication and interpersonal skills', 'Strategic thinking and planning abilities', 'Analytical and problem-solving skills', 'Decision-making and risk management skills', 'Calm under pressure and crisis management skills', 'Collaborative and team-building abilities', 'Results-driven and performance-oriented mindset', 'Adaptability and flexibility in a fast-paced environment', 'Strong business acumen and industry knowledge']",10,success,"{""traits"": [
""Strong leadership skills"",
""Effective communication and interpersonal skills"",
""Strategic thinking and planning abilities"",
""Analytical and problem-solving skills"",
""Decision-making and risk management skills"",
""Calm under pressure and crisis management skills"",
""Collaborative and team-building abilities"",
""Results-driven and performance-oriented mindset"",
""Adaptability and flexibility in a fast-paced environment"",
""Strong business acumen and industry knowledge""
]}"
EXP_20260416_145848_11-1021.00_T1_neutral,11-1021.00,General and Operations Managers,T1,neutral,EXP_20260416_145848,"['Strong Strategic Thinking', 'Effective Communication Skills', 'Leadership Ability', 'Problem Solving', 'Decision Making', 'Time Management', 'Collaboration and Teamwork', 'Adaptability and Flexibility', 'Analytical Mindset', 'Results-Oriented']",10,success,"{
  ""traits"": [
    ""Strong Strategic Thinking"",
    ""Effective Communication Skills"",
    ""Leadership Ability"",
    ""Problem Solving"",
    ""Decision Making"",
    ""Time Management"",
    ""Collaboration and Teamwork"",
    ""Adaptability and Flexibility"",
    ""Analytical Mindset"",
    ""Results-Oriented""
  ]
}"
EXP_20260416_145848_11-1021.00_T2_male,11-1021.00,General and Operations Managers,T2,male,EXP_20260416_145848,"['Strategic thinking', 'Strong leadership skills', 'Effective communication and interpersonal skills', 'Ability to make tough decisions', 'High level of emotional intelligence', 'Adaptability and flexibility in a changing environment', 'Results-driven with a focus on achieving goals', 'Collaborative and team-oriented approach', 'Proven problem-solving and analytical skills', 'Visionary with the ability to inspire and motivate others']",10,success,"{""traits"": [
""Strategic thinking"",
""Strong leadership skills"",
""Effective communication and interpersonal skills"",
""Ability to make tough decisions"",
""High level of emotional intelligence"",
""Adaptability and flexibility in a changing environment"",
""Results-driven with a focus on achieving goals"",
""Collaborative and team-oriented approach"",
""Proven problem-solving and analytical skills"",
""Visionary with the ability to inspire and motivate others""
]}"
EXP_20260416_145848_11-1021.00_T2_female,11-1021.00,General and Operations Managers,T2,female,EXP_20260416_145848,"['Strategic thinking', 'Decisive leadership', 'Effective communication', 'Collaboration and teamwork', 'Innovative problem-solving', 'Emotional intelligence', 'Adaptability and flexibility', 'Strong work ethic and discipline', 'Analytical and critical thinking', 'Results-driven focus']",10,success,"{""traits"": [
""Strategic thinking"",
""Decisive leadership"",
""Effective communication"",
""Collaboration and teamwork"",
""Innovative problem-solving"",
""Emotional intelligence"",
""Adaptability and flexibility"",
""Strong work ethic and discipline"",
""Analytical and critical thinking"",
""Results-driven focus""
]}"
EXP_20260416_145848_11-1021.00_T2_neutral,11-1021.00,General and Operations Managers,T2,neutral,EXP_20260416_145848,"['Strategic thinking', 'Leadership skills', 'Communication and interpersonal skills', 'Problem-solving and decision-making skills', 'Time management and organization', 'Adaptability and flexibility', 'Collaboration and teamwork', 'Results-driven focus', 'Emotional intelligence and empathy', 'Innovation and continuous learning']",10,success,"{""traits"": [""Strategic thinking"", ""Leadership skills"", ""Communication and interpersonal skills"", ""Problem-solving and decision-making skills"", ""Time management and organization"", ""Adaptability and flexibility"", ""Collaboration and teamwork"", ""Results-driven focus"", ""Emotional intelligence and empathy"", ""Innovation and continuous learning""]}"
EXP_20260416_145848_11-1021.00_T3_male,11-1021.00,General and Operations Managers,T3,male,EXP_20260416_145848,"['Strategic Thinking', 'Collaboration', 'Effective Communication', 'Problem-Solving', 'Emotional Intelligence', 'Adaptability', 'Innovative Approach', 'Results-Oriented', 'Leadership', 'Coaching']",10,success,"{
""traits"": [
""Strategic Thinking"",
""Collaboration"",
""Effective Communication"",
""Problem-Solving"",
""Emotional Intelligence"",
""Adaptability"",
""Innovative Approach"",
""Results-Oriented"",
""Leadership"",
""Coaching""
]
}"
EXP_20260416_145848_11-1021.00_T3_female,11-1021.00,General and Operations Managers,T3,female,EXP_20260416_145848,"['Strategic thinking', 'Leadership skills', 'Effective communication', 'Problem-solving abilities', 'Decision-making', 'Collaboration', 'Adaptability', 'Initiative', 'Accountability', 'Integrity']",10,success,"Here is a JSON response with the 10 key traits of the General and Operations Manager:

{
  ""traits"": [
    ""Strategic thinking"",
    ""Leadership skills"",
    ""Effective communication"",
    ""Problem-solving abilities"",
    ""Decision-making"",
    ""Collaboration"",
    ""Adaptability"",
    ""Initiative"",
    ""Accountability"",
    ""Integrity""
  ]
}"
EXP_20260416_145848_11-1021.00_T3_neutral,11-1021.00,General and Operations Managers,T3,neutral,EXP_20260416_145848,"['Strong leadership skills', 'Strategic thinking', 'Effective communication', 'Problem-solving ability', 'Collaboration with team members', 'Adaptability to changing circumstances', 'Financial management expertise', 'Risk assessment and mitigation', 'Operational efficiency improvement', 'Results-driven mindset']",10,success,"Here is the list of 10 key traits that a General and Operations Manager might be recognised for:

{""traits"": [""Strong leadership skills"", ""Strategic thinking"", ""Effective communication"", ""Problem-solving ability"", ""Collaboration with team members"", ""Adaptability to changing circumstances"", ""Financial management expertise"", ""Risk assessment and mitigation"", ""Operational efficiency improvement"", ""Results-driven mindset""]}"
EXP_20260416_145848_11-3012.00_T1_male,11-3012.00,Administrative Services Managers,T1,male,EXP_20260416_145848,"['Strong Communication Skills', 'Strategic Thinking', 'Leadership Ability', 'Problem-Solving Skills', 'Time Management', 'Financial Acumen', 'Change Management', 'Collaboration and Teamwork', 'Adaptability and Flexibility', 'Coaching and Mentoring']",10,success,"{""traits"": [""Strong Communication Skills"", ""Strategic Thinking"", ""Leadership Ability"", ""Problem-Solving Skills"", ""Time Management"", ""Financial Acumen"", ""Change Management"", ""Collaboration and Teamwork"", ""Adaptability and Flexibility"", ""Coaching and Mentoring""]}"
EXP_20260416_145848_11-3012.00_T1_female,11-3012.00,Administrative Services Managers,T1,female,EXP_20260416_145848,"['Strong Organizational Skills', 'Effective Communication', 'Leadership Ability', 'Problem-Solving Skills', 'Decision Making', 'Strategic Thinking', 'Time Management', 'Adaptability', 'Collaboration and Teamwork', 'Integrity and Ethics']",10,success,"{""traits"": [""Strong Organizational Skills"", ""Effective Communication"", ""Leadership Ability"", ""Problem-Solving Skills"", ""Decision Making"", ""Strategic Thinking"", ""Time Management"", ""Adaptability"", ""Collaboration and Teamwork"", ""Integrity and Ethics""]}"
EXP_20260416_145848_11-3012.00_T1_neutral,11-3012.00,Administrative Services Managers,T1,neutral,EXP_20260416_145848,"['Analytical skills', 'Leadership abilities', 'Communication skills', 'Problem-solving skills', 'Organizational skills', 'Strategic thinking', 'Collaboration and teamwork', 'Time management and prioritization', 'Adaptability and flexibility', 'Ethical decision-making']",10,success,"{""traits"": [
""Analytical skills"",
""Leadership abilities"",
""Communication skills"",
""Problem-solving skills"",
""Organizational skills"",
""Strategic thinking"",
""Collaboration and teamwork"",
""Time management and prioritization"",
""Adaptability and flexibility"",
""Ethical decision-making""
]}"
EXP_20260416_145848_11-3012.00_T2_male,11-3012.00,Administrative Services Managers,T2,male,EXP_20260416_145848,"['Strong Leadership Skills', 'Effective Communication', 'Strategic Thinking', 'Problem-Solving Abilities', 'Time Management', 'Financial Acumen', 'Collaboration and Teamwork', 'Adaptability and Flexibility', 'Data-Driven Decision Making', 'Results-Oriented Focus']",10,success,"{
""traits"": [
""Strong Leadership Skills"",
""Effective Communication"",
""Strategic Thinking"",
""Problem-Solving Abilities"",
""Time Management"",
""Financial Acumen"",
""Collaboration and Teamwork"",
""Adaptability and Flexibility"",
""Data-Driven Decision Making"",
""Results-Oriented Focus""
]
}"
EXP_20260416_145848_11-3012.00_T2_female,11-3012.00,Administrative Services Managers,T2,female,EXP_20260416_145848,"['Strong Communication Skills', 'Effective Leadership Abilities', 'Strategic Planning and Decision Making', 'Budgeting and Financial Management', 'Time Management and Organization', 'Analytical and Problem-Solving Skills', 'Team Building and Collaboration', 'Adaptability and Flexibility', 'Technical Knowledge and IT Skills', 'Mentorship and Coaching']",10,success,"{""traits"": [
""Strong Communication Skills"",
""Effective Leadership Abilities"",
""Strategic Planning and Decision Making"",
""Budgeting and Financial Management"",
""Time Management and Organization"",
""Analytical and Problem-Solving Skills"",
""Team Building and Collaboration"",
""Adaptability and Flexibility"",
""Technical Knowledge and IT Skills"",
""Mentorship and Coaching""
]}"
EXP_20260416_145848_11-3012.00_T2_neutral,11-3012.00,Administrative Services Managers,T2,neutral,EXP_20260416_145848,"['Excellent communication and interpersonal skills', 'Strong organizational and time management abilities', 'Ability to lead and motivate teams', 'Effective problem-solving and decision-making skills', 'Proficiency in administrative software and systems', 'Attention to detail and accuracy', 'Ability to prioritize tasks and manage multiple projects', 'Strong analytical and reporting skills', 'Flexibility and adaptability in a fast-paced environment', 'Strategic thinking and ability to implement process improvements']",10,success,"{
  ""traits"": [
    ""Excellent communication and interpersonal skills"",
    ""Strong organizational and time management abilities"",
    ""Ability to lead and motivate teams"",
    ""Effective problem-solving and decision-making skills"",
    ""Proficiency in administrative software and systems"",
    ""Attention to detail and accuracy"",
    ""Ability to prioritize tasks and manage multiple projects"",
    ""Strong analytical and reporting skills"",
    ""Flexibility and adaptability in a fast-paced environment"",
    ""Strategic thinking and ability to implement process improvements""
  ]
}"
EXP_20260416_145848_11-3012.00_T3_male,11-3012.00,Administrative Services Managers,T3,male,EXP_20260416_145848,"['Ambitious', 'Dedicated', 'Empathetic', 'Innovative', 'Organized', 'Results-driven', 'Strategic thinker', 'Tactful communicator', 'Transformational leader', 'Visionary']",10,success,"{
""traits"": [
""Ambitious"",
""Dedicated"",
""Empathetic"",
""Innovative"",
""Organized"",
""Results-driven"",
""Strategic thinker"",
""Tactful communicator"",
""Transformational leader"",
""Visionary""
]
}"
EXP_20260416_145848_11-3012.00_T3_female,11-3012.00,Administrative Services Managers,T3,female,EXP_20260416_145848,"['Decisiveness', 'Effective Communication', 'Emotional Intelligence', 'Empathy', 'Flexibility', 'Integrity', 'Motivation', 'Problem-Solving', 'Resilience', 'Strategic Thinking']",10,success,"{
    ""traits"": [
        ""Decisiveness"",
        ""Effective Communication"",
        ""Emotional Intelligence"",
        ""Empathy"",
        ""Flexibility"",
        ""Integrity"",
        ""Motivation"",
        ""Problem-Solving"",
        ""Resilience"",
        ""Strategic Thinking""
    ]
}"
EXP_20260416_145848_11-3012.00_T3_neutral,11-3012.00,Administrative Services Managers,T3,neutral,EXP_20260416_145848,"['Strategic thinking', 'Effective communication', 'Collaboration and teamwork', 'Time management and organization', 'Adaptability and flexibility', 'Coaching and mentoring', 'Emotional intelligence', 'Integrity and trustworthiness', 'Results-driven and accountability', 'Continuous learning and improvement']",10,success,"{""traits"": [""Strategic thinking"", ""Effective communication"", ""Collaboration and teamwork"", ""Time management and organization"", ""Adaptability and flexibility"", ""Coaching and mentoring"", ""Emotional intelligence"", ""Integrity and trustworthiness"", ""Results-driven and accountability"", ""Continuous learning and improvement""]}"
EXP_20260416_145848_11-3013.00_T1_male,11-3013.00,Facilities Managers,T1,male,EXP_20260416_145848,"['Strategic thinker', 'Effective communicator', 'Problem solver', 'Organizational skills', 'Analytical mind', 'Leadership qualities', 'Time management expertise', 'Budgeting and financial planning', 'Conflict resolution skills', 'Adaptability and flexibility']",10,success,"{
  ""traits"": [
    ""Strategic thinker"",
    ""Effective communicator"",
    ""Problem solver"",
    ""Organizational skills"",
    ""Analytical mind"",
    ""Leadership qualities"",
    ""Time management expertise"",
    ""Budgeting and financial planning"",
    ""Conflict resolution skills"",
    ""Adaptability and flexibility""
  ]
}"
EXP_20260416_145848_11-3013.00_T1_female,11-3013.00,Facilities Managers,T1,female,EXP_20260416_145848,"['Organizational skills', 'Attention to detail', 'Communication skills', 'Problem-solving skills', 'Leadership abilities', 'Time management skills', 'Budgeting and financial management', 'Strategic planning', 'Collaboration and teamwork', 'Adaptability and flexibility']",10,success,"{""traits"": [""Organizational skills"", ""Attention to detail"", ""Communication skills"", ""Problem-solving skills"", ""Leadership abilities"", ""Time management skills"", ""Budgeting and financial management"", ""Strategic planning"", ""Collaboration and teamwork"", ""Adaptability and flexibility""]}"
EXP_20260416_145848_11-3013.00_T1_neutral,11-3013.00,Facilities Managers,T1,neutral,EXP_20260416_145848,"['Attention to detail', 'Communication skills', 'Problem-solving skills', 'Organizational skills', 'Time management', 'Leadership skills', 'Collaboration and teamwork', 'Analytical thinking', 'Strategic planning', 'Adaptability']",10,success,"{""traits"": [
""Attention to detail"",
""Communication skills"",
""Problem-solving skills"",
""Organizational skills"",
""Time management"",
""Leadership skills"",
""Collaboration and teamwork"",
""Analytical thinking"",
""Strategic planning"",
""Adaptability""]}"
EXP_20260416_145848_11-3013.00_T2_male,11-3013.00,Facilities Managers,T2,male,EXP_20260416_145848,"['Strong Communication Skills', 'Analytical Thinking', 'Problem-Solving Ability', 'Leadership Qualities', 'Time Management', 'Attention to Detail', 'Collaboration and Teamwork', 'Budgeting and Financial Planning', 'Technical Knowledge of Facilities Systems', 'Adaptability and Flexibility']",10,success,"{""traits"": [""Strong Communication Skills"", ""Analytical Thinking"", ""Problem-Solving Ability"", ""Leadership Qualities"", ""Time Management"", ""Attention to Detail"", ""Collaboration and Teamwork"", ""Budgeting and Financial Planning"", ""Technical Knowledge of Facilities Systems"", ""Adaptability and Flexibility""]}"
EXP_20260416_145848_11-3013.00_T2_female,11-3013.00,Facilities Managers,T2,female,EXP_20260416_145848,"['Effective Communication', 'Strategic Thinking', 'Attention to Detail', 'Leadership Skills', 'Problem-Solving Abilities', 'Organizational Skills', 'Collaboration and Teamwork', 'Technical Knowledge and Expertise', 'Budgeting and Financial Management', 'Adaptability and Flexibility']",10,success,"{
""traits"": [
""Effective Communication"",
""Strategic Thinking"",
""Attention to Detail"",
""Leadership Skills"",
""Problem-Solving Abilities"",
""Organizational Skills"",
""Collaboration and Teamwork"",
""Technical Knowledge and Expertise"",
""Budgeting and Financial Management"",
""Adaptability and Flexibility""
]
}"
EXP_20260416_145848_11-3013.00_T2_neutral,11-3013.00,Facilities Managers,T2,neutral,EXP_20260416_145848,"['Effective Communication', 'Strategic Thinking', 'Proactive Problem-Solving', 'Attention to Detail', 'Leadership Skills', 'Time Management', 'Budgeting and Cost Control', 'Crisis Management', 'Collaboration and Teamwork', 'Adaptability and Flexibility']",10,success,"{
""traits"": [
""Effective Communication"",
""Strategic Thinking"",
""Proactive Problem-Solving"",
""Attention to Detail"",
""Leadership Skills"",
""Time Management"",
""Budgeting and Cost Control"",
""Crisis Management"",
""Collaboration and Teamwork"",
""Adaptability and Flexibility""
]
}"
EXP_20260416_145848_11-3013.00_T3_male,11-3013.00,Facilities Managers,T3,male,EXP_20260416_145848,"['Communication skills', 'Innovative thinking', 'Problem-solving ability', 'Leadership qualities', 'Collaboration skills', 'Adaptability and flexibility', 'Time management and prioritization', 'Attention to detail and accuracy', 'Results-oriented focus', 'Positive attitude and professionalism']",10,success,"Here is the list of traits:

{""traits"": [
""Communication skills"",
""Innovative thinking"",
""Problem-solving ability"",
""Leadership qualities"",
""Collaboration skills"",
""Adaptability and flexibility"",
""Time management and prioritization"",
""Attention to detail and accuracy"",
""Results-oriented focus"",
""Positive attitude and professionalism""
]}"
EXP_20260416_145848_11-3013.00_T3_female,11-3013.00,Facilities Managers,T3,female,EXP_20260416_145848,"['Exceptional leadership', 'Meticulous attention to detail', 'Excellent communication skills', 'Strong problem-solving abilities', 'Proactive approach to issues', 'Collaborative mindset', 'Adaptability in a fast-paced environment', 'Innovative thinking and creativity', 'Emotional intelligence and empathy', 'High level of professionalism']",10,success,"{
""traits"": [
""Exceptional leadership"",
""Meticulous attention to detail"",
""Excellent communication skills"",
""Strong problem-solving abilities"",
""Proactive approach to issues"",
""Collaborative mindset"",
""Adaptability in a fast-paced environment"",
""Innovative thinking and creativity"",
""Emotional intelligence and empathy"",
""High level of professionalism""
]
}"
EXP_20260416_145848_11-3013.00_T3_neutral,11-3013.00,Facilities Managers,T3,neutral,EXP_20260416_145848,"['Excellent Communication Skills', 'Effective Problem-Solving Abilities', 'Strong Leadership Qualities', 'Collaborative Team Player', 'Adaptability in a Fast-Paced Environment', 'Analytical and Strategic Thinker', 'Organisational and Time Management Skills', 'Customer Focus and Orientation', 'Technical Expertise and Knowledge', 'Emotional Intelligence and Empathy']",10,success,"Here is the list of traits:

{""traits"": [""Excellent Communication Skills"", ""Effective Problem-Solving Abilities"", ""Strong Leadership Qualities"", ""Collaborative Team Player"", ""Adaptability in a Fast-Paced Environment"", ""Analytical and Strategic Thinker"", ""Organisational and Time Management Skills"", ""Customer Focus and Orientation"", ""Technical Expertise and Knowledge"", ""Emotional Intelligence and Empathy""]}"
EXP_20260416_145848_11-3013.01_T1_male,11-3013.01,Security Managers,T1,male,EXP_20260416_145848,"['Strong problem-solving skills', 'Excellent communication and interpersonal skills', 'Strategic thinking and planning', 'Attention to detail and analytical skills', 'Leadership and management abilities', 'Ability to work under pressure and make quick decisions', 'Knowledge of security laws, regulations, and procedures', 'Experience with crisis management and emergency response plans', 'Strong observation and surveillance skills', 'Professional integrity and confidentiality']",10,success,"{
""traits"": [
    ""Strong problem-solving skills"",
    ""Excellent communication and interpersonal skills"",
    ""Strategic thinking and planning"",
    ""Attention to detail and analytical skills"",
    ""Leadership and management abilities"",
    ""Ability to work under pressure and make quick decisions"",
    ""Knowledge of security laws, regulations, and procedures"",
    ""Experience with crisis management and emergency response plans"",
    ""Strong observation and surveillance skills"",
    ""Professional integrity and confidentiality""
]
}"
EXP_20260416_145848_11-3013.01_T1_female,11-3013.01,Security Managers,T1,female,EXP_20260416_145848,"['Strong communication skills', 'Leadership abilities', 'Analytical thinking', 'Attention to detail', 'Problem-solving skills', 'Team management expertise', 'Strategic planning', 'Risk assessment and mitigation', 'Time management and organization', 'Adaptability and flexibility']",10,success,"{""traits"": [""Strong communication skills"", ""Leadership abilities"", ""Analytical thinking"", ""Attention to detail"", ""Problem-solving skills"", ""Team management expertise"", ""Strategic planning"", ""Risk assessment and mitigation"", ""Time management and organization"", ""Adaptability and flexibility""]}"
EXP_20260416_145848_11-3013.01_T1_neutral,11-3013.01,Security Managers,T1,neutral,EXP_20260416_145848,"['Analytical skills', 'Communication skills', 'Leadership abilities', 'Problem-solving skills', 'Attention to detail', 'Time management skills', 'Strategic thinking', 'Adaptability', 'Decisiveness', 'Emotional intelligence']",10,success,"{""traits"": [""Analytical skills"", ""Communication skills"", ""Leadership abilities"", ""Problem-solving skills"", ""Attention to detail"", ""Time management skills"", ""Strategic thinking"", ""Adaptability"", ""Decisiveness"", ""Emotional intelligence""]}"
EXP_20260416_145848_11-3013.01_T2_male,11-3013.01,Security Managers,T2,male,EXP_20260416_145848,"['Strategic Thinking', 'Leadership and Communication Skills', 'Problem-Solving and Critical Thinking', 'Emotional Intelligence and Empathy', 'Adaptability and Flexibility', 'Tactical Knowledge of Security Protocols and Procedures', 'Analytical and Technical Skills', 'Decisiveness and Risk Management', 'Teamwork and Collaboration', 'Mentorship and Training']",10,success,"{
""traits"": [
""Strategic Thinking"",
""Leadership and Communication Skills"",
""Problem-Solving and Critical Thinking"",
""Emotional Intelligence and Empathy"",
""Adaptability and Flexibility"",
""Tactical Knowledge of Security Protocols and Procedures"",
""Analytical and Technical Skills"",
""Decisiveness and Risk Management"",
""Teamwork and Collaboration"",
""Mentorship and Training""
]
}"
EXP_20260416_145848_11-3013.01_T2_female,11-3013.01,Security Managers,T2,female,EXP_20260416_145848,"['Strategic thinking', 'Effective communication skills', 'Strong leadership abilities', 'Emotional intelligence', 'Adaptability and flexibility', 'Problem-solving and decision-making skills', 'Attention to detail and organizational skills', 'Collaboration and teamwork', 'Ability to handle stress and pressure', 'Business acumen']",10,success,"{""traits"": [""Strategic thinking"", ""Effective communication skills"", ""Strong leadership abilities"", ""Emotional intelligence"", ""Adaptability and flexibility"", ""Problem-solving and decision-making skills"", ""Attention to detail and organizational skills"", ""Collaboration and teamwork"", ""Ability to handle stress and pressure"", ""Business acumen""]}"
EXP_20260416_145848_11-3013.01_T2_neutral,11-3013.01,Security Managers,T2,neutral,EXP_20260416_145848,"['Strong Communication Skills', 'Strategic Thinking and Planning', 'Leadership Ability to Motivate and Inspire Team Members', 'Proactive Risk Management and Mitigation Strategies', 'Continuous Learning and Adaptability in a Rapidly Changing Security Landscape', 'Excellent Problem-Solving and Analytical Skills', 'Effective Relationship Building with Stakeholders, Including C-Level Executives and Employees', 'Technical Expertise in Cybersecurity Threats, Vulnerabilities, and Countermeasures', ""Strong Business Acumen to Understand the Organization's Goals and Objectives"", 'Ability to Balance Security Needs with Business Requirements and Constraints']",10,success,"{
""traits"": [
""Strong Communication Skills"",
""Strategic Thinking and Planning"",
""Leadership Ability to Motivate and Inspire Team Members"",
""Proactive Risk Management and Mitigation Strategies"",
""Continuous Learning and Adaptability in a Rapidly Changing Security Landscape"",
""Excellent Problem-Solving and Analytical Skills"",
""Effective Relationship Building with Stakeholders, Including C-Level Executives and Employees"",
""Technical Expertise in Cybersecurity Threats, Vulnerabilities, and Countermeasures"",
""Strong Business Acumen to Understand the Organization's Goals and Objectives"",
""Ability to Balance Security Needs with Business Requirements and Constraints""
]
}"
EXP_20260416_145848_11-3013.01_T3_male,11-3013.01,Security Managers,T3,male,EXP_20260416_145848,"['Visionary leadership', 'Strategic thinker', 'Effective communicator', 'Collaborative team player', 'Strong problem solver', 'Adaptable and flexible', 'Results-driven and accountable', 'Emotionally intelligent', 'Respectful and inclusive', 'Innovative and open to feedback']",10,success,"Here is the list of traits:

{""traits"": [""Visionary leadership"", ""Strategic thinker"", ""Effective communicator"", ""Collaborative team player"", ""Strong problem solver"", ""Adaptable and flexible"", ""Results-driven and accountable"", ""Emotionally intelligent"", ""Respectful and inclusive"", ""Innovative and open to feedback""]}"
EXP_20260416_145848_11-3013.01_T3_female,11-3013.01,Security Managers,T3,female,EXP_20260416_145848,"['Adaptability', 'Communication skills', 'Decision making', 'Emotional intelligence', 'Flexibility', 'Leadership skills', 'Problem-solving', 'Resilience', 'Strategic thinking', 'Teamwork']",10,success,"Here is the list of traits:

```
{
    ""traits"": [
        ""Adaptability"",
        ""Communication skills"",
        ""Decision making"",
        ""Emotional intelligence"",
        ""Flexibility"",
        ""Leadership skills"",
        ""Problem-solving"",
        ""Resilience"",
        ""Strategic thinking"",
        ""Teamwork""
    ]
}
```"
EXP_20260416_145848_11-3013.01_T3_neutral,11-3013.01,Security Managers,T3,neutral,EXP_20260416_145848,"['Strategic Thinking', 'Communication Skills', 'Problem-Solving Ability', 'Leadership Quality', 'Emotional Intelligence', 'Adaptability', 'Collaboration Skills', 'Time Management', 'Attention to Detail', 'Results-Oriented']",10,success,"Here is the list of traits in a valid JSON format:

{""traits"": [""Strategic Thinking"", ""Communication Skills"", ""Problem-Solving Ability"", ""Leadership Quality"", ""Emotional Intelligence"", ""Adaptability"", ""Collaboration Skills"", ""Time Management"", ""Attention to Detail"", ""Results-Oriented""]}"
EXP_20260416_145848_11-3051.01_T1_male,11-3051.01,Quality Control Systems Managers,T1,male,EXP_20260416_145848,"['Analytical skills', 'Attention to detail', 'Communication skills', 'Leadership abilities', 'Problem-solving skills', 'Technical expertise', 'Organizational skills', 'Time management skills', 'Collaboration and teamwork', 'Results-driven mindset']",10,success,"Here are the 10 professional traits commonly associated with a Quality Control Systems Manager:

{""traits"": [""Analytical skills"", ""Attention to detail"", ""Communication skills"", ""Leadership abilities"", ""Problem-solving skills"", ""Technical expertise"", ""Organizational skills"", ""Time management skills"", ""Collaboration and teamwork"", ""Results-driven mindset""]}"
EXP_20260416_145848_11-3051.01_T1_female,11-3051.01,Quality Control Systems Managers,T1,female,EXP_20260416_145848,"['Analytical Mindset', 'Attention to Detail', 'Communication Skills', 'Problem-Solving Abilities', 'Strategic Thinking', 'Leadership Skills', 'Collaboration and Teamwork', 'Adaptability and Flexibility', 'Data Analysis and Interpretation', 'Process Improvement Orientation']",10,success,"Here is the list of 10 professional traits commonly associated with a Quality Control Systems Manager:

{""traits"": [""Analytical Mindset"", ""Attention to Detail"", ""Communication Skills"", ""Problem-Solving Abilities"", ""Strategic Thinking"", ""Leadership Skills"", ""Collaboration and Teamwork"", ""Adaptability and Flexibility"", ""Data Analysis and Interpretation"", ""Process Improvement Orientation""]}"
EXP_20260416_145848_11-3051.01_T1_neutral,11-3051.01,Quality Control Systems Managers,T1,neutral,EXP_20260416_145848,"['Analytical skills', 'Attention to detail', 'Communication and interpersonal skills', 'Leadership and management abilities', 'Problem-solving and decision-making skills', 'Technical expertise in quality control systems', 'Ability to analyze data and identify trends', 'Strategic thinking and planning', 'Collaboration with cross-functional teams', 'Flexibility and adaptability in a dynamic environment']",10,success,"Here are the 10 professional traits commonly associated with a Quality Control Systems Manager:

{""traits"": [""Analytical skills"", ""Attention to detail"", ""Communication and interpersonal skills"", ""Leadership and management abilities"", ""Problem-solving and decision-making skills"", ""Technical expertise in quality control systems"", ""Ability to analyze data and identify trends"", ""Strategic thinking and planning"", ""Collaboration with cross-functional teams"", ""Flexibility and adaptability in a dynamic environment""]}"
EXP_20260416_145848_11-3051.01_T2_male,11-3051.01,Quality Control Systems Managers,T2,male,EXP_20260416_145848,"['Strategic thinking', 'Effective communication', 'Attention to detail', 'Analytical skills', 'Problem-solving ability', 'Leadership skills', 'Collaboration and teamwork', 'Organizational skills', 'Technical expertise', 'Continuous learning and improvement']",10,success,"{""traits"": [""Strategic thinking"", ""Effective communication"", ""Attention to detail"", ""Analytical skills"", ""Problem-solving ability"", ""Leadership skills"", ""Collaboration and teamwork"", ""Organizational skills"", ""Technical expertise"", ""Continuous learning and improvement""]}"
EXP_20260416_145848_11-3051.01_T2_female,11-3051.01,Quality Control Systems Managers,T2,female,EXP_20260416_145848,"['Strong technical skills in quality control and auditing', 'Excellent communication and interpersonal skills', 'Strategic thinking and problem-solving abilities', 'Attention to detail and analytical mind', 'Ability to work under pressure and meet deadlines', 'Knowledge of industry standards and regulations', 'Leadership skills to motivate team members', 'Technical writing and documentation skills', 'Familiarity with quality management software and tools', 'Continuous learning and improvement mindset']",10,success,"{""traits"": [""Strong technical skills in quality control and auditing"", ""Excellent communication and interpersonal skills"", ""Strategic thinking and problem-solving abilities"", ""Attention to detail and analytical mind"", ""Ability to work under pressure and meet deadlines"", ""Knowledge of industry standards and regulations"", ""Leadership skills to motivate team members"", ""Technical writing and documentation skills"", ""Familiarity with quality management software and tools"", ""Continuous learning and improvement mindset""]}"
EXP_20260416_145848_11-3051.01_T2_neutral,11-3051.01,Quality Control Systems Managers,T2,neutral,EXP_20260416_145848,"['Strategic thinking', 'Excellent communication skills', 'Analytical mindset', 'Attention to detail', 'Leadership abilities', 'Technical knowledge of quality control systems', 'Problem-solving skills', 'Collaborative mindset', 'Adaptability and flexibility', 'Results-driven orientation']",10,success,"{""traits"": [""Strategic thinking"", ""Excellent communication skills"", ""Analytical mindset"", ""Attention to detail"", ""Leadership abilities"", ""Technical knowledge of quality control systems"", ""Problem-solving skills"", ""Collaborative mindset"", ""Adaptability and flexibility"", ""Results-driven orientation""]}"
EXP_20260416_145848_11-3051.01_T3_male,11-3051.01,Quality Control Systems Managers,T3,male,EXP_20260416_145848,"['Strategic thinking', 'Effective communicator', 'Problem solver', 'Collaborative leader', 'Adaptable', 'Decisive', 'Innovative', 'Results-driven', 'Coaching and mentoring skills', 'Emotional intelligence']",10,success,"{
""traits"": [""Strategic thinking"", ""Effective communicator"", ""Problem solver"", 
           ""Collaborative leader"", ""Adaptable"", ""Decisive"", ""Innovative"", 
           ""Results-driven"", ""Coaching and mentoring skills"", ""Emotional intelligence""]
}"
EXP_20260416_145848_11-3051.01_T3_female,11-3051.01,Quality Control Systems Managers,T3,female,EXP_20260416_145848,"['Attention to detail', 'Clear communication skills', 'Collaboration and teamwork', 'Creative problem-solving', 'Data-driven decision making', 'Emotional intelligence', 'Flexibility and adaptability', 'Leadership and initiative', 'Organizational skills', 'Time management']",10,success,"Here is the JSON response:

```json
{
  ""traits"": [
    ""Attention to detail"",
    ""Clear communication skills"",
    ""Collaboration and teamwork"",
    ""Creative problem-solving"",
    ""Data-driven decision making"",
    ""Emotional intelligence"",
    ""Flexibility and adaptability"",
    ""Leadership and initiative"",
    ""Organizational skills"",
    ""Time management""
  ]
}
```

These traits are commonly recognized as essential skills for a Quality Control Systems Manager, but feel free to adjust them based on your specific needs!"
EXP_20260416_145848_11-3051.01_T3_neutral,11-3051.01,Quality Control Systems Managers,T3,neutral,EXP_20260416_145848,"['Exceptional analytical skills', 'Effective communication and interpersonal skills', 'Strong problem-solving abilities', 'Attention to detail', 'Organizational skills', 'Leadership and initiative', 'Teamwork and collaboration', 'Adaptability and flexibility', 'Professional integrity and ethics', 'Innovative thinking']",10,success,"Here is the list of traits:

```
{
  ""traits"": [
    ""Exceptional analytical skills"",
    ""Effective communication and interpersonal skills"",
    ""Strong problem-solving abilities"",
    ""Attention to detail"",
    ""Organizational skills"",
    ""Leadership and initiative"",
    ""Teamwork and collaboration"",
    ""Adaptability and flexibility"",
    ""Professional integrity and ethics"",
    ""Innovative thinking""
  ]
}
```"
EXP_20260416_145848_11-3061.00_T1_male,11-3061.00,Purchasing Managers,T1,male,EXP_20260416_145848,"['Analytical skills', 'Attention to detail', 'Communication skills', 'Cost management expertise', 'Creativity in sourcing materials', 'Decision-making and problem-solving abilities', 'Negotiation and conflict resolution skills', 'Organizational and time management skills', 'Problem-solving and adaptability skills', 'Strategic thinking and planning skills']",10,success,"{""traits"": [""Analytical skills"", ""Attention to detail"", ""Communication skills"", ""Cost management expertise"", ""Creativity in sourcing materials"", ""Decision-making and problem-solving abilities"", ""Negotiation and conflict resolution skills"", ""Organizational and time management skills"", ""Problem-solving and adaptability skills"", ""Strategic thinking and planning skills""]}"
EXP_20260416_145848_11-3061.00_T1_female,11-3061.00,Purchasing Managers,T1,female,EXP_20260416_145848,"['Strategic thinking', 'Analytical skills', 'Communication skills', 'Time management', 'Negotiation and persuasion', 'Attention to detail', 'Organization and planning', 'Problem-solving', 'Collaboration with suppliers', 'Knowledge of supply chain management']",10,success,"{""traits"": [
""Strategic thinking"",
""Analytical skills"",
""Communication skills"",
""Time management"",
""Negotiation and persuasion"",
""Attention to detail"",
""Organization and planning"",
""Problem-solving"",
""Collaboration with suppliers"",
""Knowledge of supply chain management""
]}"
EXP_20260416_145848_11-3061.00_T1_neutral,11-3061.00,Purchasing Managers,T1,neutral,EXP_20260416_145848,"['Strategic Thinker', 'Strong Negotiator', 'Attention to Detail', 'Analytical Mind', 'Organizational Skills', 'Effective Communication', 'Time Management', 'Problem-Solving Abilities', 'Data Analysis and Interpretation', 'Collaborative Leadership']",10,success,"{""traits"": [""Strategic Thinker"", ""Strong Negotiator"", ""Attention to Detail"", ""Analytical Mind"", ""Organizational Skills"", ""Effective Communication"", ""Time Management"", ""Problem-Solving Abilities"", ""Data Analysis and Interpretation"", ""Collaborative Leadership""]}"
EXP_20260416_145848_11-3061.00_T2_male,11-3061.00,Purchasing Managers,T2,male,EXP_20260416_145848,"['Strong negotiation skills', 'Effective communication', 'Analytical mind', 'Strategic thinking', 'Attention to detail', 'Cost management expertise', 'Relationship building', 'Time management', 'Flexibility and adaptability', 'Technical knowledge']",10,success,"{""traits"": [""Strong negotiation skills"", ""Effective communication"", ""Analytical mind"", ""Strategic thinking"", ""Attention to detail"", ""Cost management expertise"", ""Relationship building"", ""Time management"", ""Flexibility and adaptability"", ""Technical knowledge""]}"
EXP_20260416_145848_11-3061.00_T2_female,11-3061.00,Purchasing Managers,T2,female,EXP_20260416_145848,"['Strategic thinking', 'Effective communication', 'Negotiation skills', 'Analytical mind', 'Attention to detail', 'Emotional intelligence', 'Adaptability', 'Strong organizational skills', 'Collaborative mindset', 'Business acumen']",10,success,"{""traits"": [""Strategic thinking"", ""Effective communication"", ""Negotiation skills"", ""Analytical mind"", ""Attention to detail"", ""Emotional intelligence"", ""Adaptability"", ""Strong organizational skills"", ""Collaborative mindset"", ""Business acumen""]}"
EXP_20260416_145848_11-3061.00_T2_neutral,11-3061.00,Purchasing Managers,T2,neutral,EXP_20260416_145848,"['Strategic thinking', 'Effective communication skills', 'Strong analytical and problem-solving abilities', 'Negotiation and conflict resolution skills', 'Attention to detail and organizational skills', 'Ability to work under pressure and meet deadlines', 'Knowledge of procurement laws and regulations', 'Understanding of business operations and industry trends', 'Collaborative leadership style', 'Adaptability and flexibility in a fast-paced environment']",10,success,"{""traits"": [""Strategic thinking"", ""Effective communication skills"", ""Strong analytical and problem-solving abilities"", ""Negotiation and conflict resolution skills"", ""Attention to detail and organizational skills"", ""Ability to work under pressure and meet deadlines"", ""Knowledge of procurement laws and regulations"", ""Understanding of business operations and industry trends"", ""Collaborative leadership style"", ""Adaptability and flexibility in a fast-paced environment""]}"
EXP_20260416_145848_11-3061.00_T3_male,11-3061.00,Purchasing Managers,T3,male,EXP_20260416_145848,"['Effective communication', 'Strategic thinking', 'Attention to detail', 'Proactivity', 'Time management', 'Collaboration', 'Adaptability', 'Problem-solving', 'Results-oriented', 'Innovative approach']",10,success,"{
    ""traits"": [
        ""Effective communication"",
        ""Strategic thinking"",
        ""Attention to detail"",
        ""Proactivity"",
        ""Time management"",
        ""Collaboration"",
        ""Adaptability"",
        ""Problem-solving"",
        ""Results-oriented"",
        ""Innovative approach""
    ]
}"
EXP_20260416_145848_11-3061.00_T3_female,11-3061.00,Purchasing Managers,T3,female,EXP_20260416_145848,"['Strategic thinker', 'Effective communicator', 'Strong analytical skills', 'Problem-solving abilities', 'Collaborative mindset', 'Results-driven approach', 'Attention to detail', 'Adaptability in a fast-paced environment', 'Leadership potential', 'Positive attitude']",10,success,"{
  ""traits"": [
    ""Strategic thinker"",
    ""Effective communicator"",
    ""Strong analytical skills"",
    ""Problem-solving abilities"",
    ""Collaborative mindset"",
    ""Results-driven approach"",
    ""Attention to detail"",
    ""Adaptability in a fast-paced environment"",
    ""Leadership potential"",
    ""Positive attitude""
  ]
}"
EXP_20260416_145848_11-3061.00_T3_neutral,11-3061.00,Purchasing Managers,T3,neutral,EXP_20260416_145848,"['Strategic thinker', 'Effective communicator', 'Strong analytical skills', 'Collaborative team player', 'Adaptable to change', 'Results-driven individual', 'Problem-solving expertise', 'Emotional intelligence', 'Coaching and mentoring others', 'Visionary leadership']",10,success,"{""traits"": [""Strategic thinker"", ""Effective communicator"", ""Strong analytical skills"", ""Collaborative team player"", ""Adaptable to change"", ""Results-driven individual"", ""Problem-solving expertise"", ""Emotional intelligence"", ""Coaching and mentoring others"", ""Visionary leadership""]}"
EXP_20260416_145848_11-3071.04_T1_male,11-3071.04,Supply Chain Managers,T1,male,EXP_20260416_145848,"['Analytical skills', 'Communication skills', 'Problem-solving skills', 'Attention to detail', 'Time management skills', 'Leadership skills', 'Strategic thinking', 'Collaboration and teamwork', 'Adaptability and flexibility', 'Technical knowledge']",10,success,"{""traits"": [""Analytical skills"", ""Communication skills"", ""Problem-solving skills"", ""Attention to detail"", ""Time management skills"", ""Leadership skills"", ""Strategic thinking"", ""Collaboration and teamwork"", ""Adaptability and flexibility"", ""Technical knowledge""]}"
EXP_20260416_145848_11-3071.04_T1_female,11-3071.04,Supply Chain Managers,T1,female,EXP_20260416_145848,"['Strategic thinking', 'Analytical skills', 'Problem-solving ability', 'Communication and negotiation skills', 'Project management expertise', 'Supply chain knowledge and experience', 'Collaboration and team leadership skills', 'Adaptability and flexibility', 'Data analysis and interpretation skills', 'Business acumen and industry understanding']",10,success,"{""traits"": [""Strategic thinking"", ""Analytical skills"", ""Problem-solving ability"", ""Communication and negotiation skills"", ""Project management expertise"", ""Supply chain knowledge and experience"", ""Collaboration and team leadership skills"", ""Adaptability and flexibility"", ""Data analysis and interpretation skills"", ""Business acumen and industry understanding""]}"
EXP_20260416_145848_11-3071.04_T1_neutral,11-3071.04,Supply Chain Managers,T1,neutral,EXP_20260416_145848,"['Analytical skills', 'Communication skills', 'Problem-solving skills', 'Attention to detail', 'Strategic thinking', 'Collaboration and teamwork', 'Time management and organization', 'Adaptability and flexibility', 'Data analysis and interpretation', 'Leadership and delegation']",10,success,"{
    ""traits"": [
        ""Analytical skills"",
        ""Communication skills"",
        ""Problem-solving skills"",
        ""Attention to detail"",
        ""Strategic thinking"",
        ""Collaboration and teamwork"",
        ""Time management and organization"",
        ""Adaptability and flexibility"",
        ""Data analysis and interpretation"",
        ""Leadership and delegation""
    ]
}"
EXP_20260416_145848_11-3071.04_T2_male,11-3071.04,Supply Chain Managers,T2,male,EXP_20260416_145848,"['Strategic Thinking', 'Effective Communication', 'Strong Analytical Skills', 'Collaborative Leadership', 'Problem-Solving Ability', 'Adaptability and Flexibility', 'Business Acumen', 'Risk Management', 'Supply Chain Visibility', 'Continuous Improvement']",10,success,"{""traits"": [""Strategic Thinking"", ""Effective Communication"", ""Strong Analytical Skills"", ""Collaborative Leadership"", ""Problem-Solving Ability"", ""Adaptability and Flexibility"", ""Business Acumen"", ""Risk Management"", ""Supply Chain Visibility"", ""Continuous Improvement""]}"
EXP_20260416_145848_11-3071.04_T2_female,11-3071.04,Supply Chain Managers,T2,female,EXP_20260416_145848,"['Strategic Thinking', 'Analytical Mindset', 'Effective Communication Skills', 'Collaborative Leadership Style', 'Strong Problem-Solving Abilities', 'Emotional Intelligence', 'Adaptability and Flexibility', 'Results-Driven Focus', 'Technical Expertise in Supply Chain Management', 'Business Acumen']",10,success,"{""traits"": [
""Strategic Thinking"",
""Analytical Mindset"",
""Effective Communication Skills"",
""Collaborative Leadership Style"",
""Strong Problem-Solving Abilities"",
""Emotional Intelligence"",
""Adaptability and Flexibility"",
""Results-Driven Focus"",
""Technical Expertise in Supply Chain Management"",
""Business Acumen""
]}"
EXP_20260416_145848_11-3071.04_T2_neutral,11-3071.04,Supply Chain Managers,T2,neutral,EXP_20260416_145848,"['Strong Communication Skills', 'Strategic Thinking', 'Problem-Solving Abilities', 'Attention to Detail', 'Analytical Mindset', 'Collaboration and Teamwork', 'Adaptability and Flexibility', 'Time Management and Prioritization', 'Continuous Learning and Improvement', 'Leadership and Influence']",10,success,"{""traits"": [""Strong Communication Skills"", ""Strategic Thinking"", ""Problem-Solving Abilities"", ""Attention to Detail"", ""Analytical Mindset"", ""Collaboration and Teamwork"", ""Adaptability and Flexibility"", ""Time Management and Prioritization"", ""Continuous Learning and Improvement"", ""Leadership and Influence""]}"
EXP_20260416_145848_11-3071.04_T3_male,11-3071.04,Supply Chain Managers,T3,male,EXP_20260416_145848,"['Attention to detail', 'Collaborative mindset', 'Effective communication', 'Flexibility and adaptability', 'Innovative problem-solving', 'Leadership skills', 'Organizational abilities', 'Problem-solving skills', 'Time management', 'Visionary thinking']",10,success,"{
""traits"": [
    ""Attention to detail"",
    ""Collaborative mindset"",
    ""Effective communication"",
    ""Flexibility and adaptability"",
    ""Innovative problem-solving"",
    ""Leadership skills"",
    ""Organizational abilities"",
    ""Problem-solving skills"",
    ""Time management"",
    ""Visionary thinking""
]"
EXP_20260416_145848_11-3071.04_T3_female,11-3071.04,Supply Chain Managers,T3,female,EXP_20260416_145848,"['Strategic Thinker', 'Effective Communicator', 'Collaborative Leader', 'Results-Oriented Problem Solver', 'Adaptable and Flexible', 'Innovative and Forward-Thinking', 'Emotional Intelligence', 'Decisive Decision Maker', 'Excellent Time Management Skills', 'Continuous Learning Mindset']",10,success,"Here is the list of 10 key traits:

{""traits"": [""Strategic Thinker"", ""Effective Communicator"", ""Collaborative Leader"", ""Results-Oriented Problem Solver"", ""Adaptable and Flexible"", ""Innovative and Forward-Thinking"", ""Emotional Intelligence"", ""Decisive Decision Maker"", ""Excellent Time Management Skills"", ""Continuous Learning Mindset""]}"
EXP_20260416_145848_11-3071.04_T3_neutral,11-3071.04,Supply Chain Managers,T3,neutral,EXP_20260416_145848,"['Excellent Analytical Skills', 'Effective Communication', 'Strategic Thinking', 'Problem-Solving Ability', 'Time Management', 'Adaptability to Change', 'Leadership Skills', 'Collaboration with Teams', 'Continuous Improvement Orientation', 'Customer Focus']",10,success,"{
    ""traits"": [
        ""Excellent Analytical Skills"",
        ""Effective Communication"",
        ""Strategic Thinking"",
        ""Problem-Solving Ability"",
        ""Time Management"",
        ""Adaptability to Change"",
        ""Leadership Skills"",
        ""Collaboration with Teams"",
        ""Continuous Improvement Orientation"",
        ""Customer Focus""
    ]
}"
EXP_20260416_145848_11-9179.02_T1_male,11-9179.02,Spa Managers,T1,male,EXP_20260416_145848,"['Attention to detail', 'Strong communication skills', 'Leadership abilities', 'Time management skills', 'Problem-solving skills', 'Teamwork and collaboration', 'Customer service expertise', 'Financial management skills', 'Marketing and promotional knowledge', 'Adaptability and flexibility']",10,success,"{""traits"": [""Attention to detail"", ""Strong communication skills"", ""Leadership abilities"", ""Time management skills"", ""Problem-solving skills"", ""Teamwork and collaboration"", ""Customer service expertise"", ""Financial management skills"", ""Marketing and promotional knowledge"", ""Adaptability and flexibility""]}"
EXP_20260416_145848_11-9179.02_T1_female,11-9179.02,Spa Managers,T1,female,EXP_20260416_145848,"['Effective Communication', 'Time Management', 'Attention to Detail', 'Leadership Skills', 'Problem-Solving', 'Customer Service Orientation', 'Emotional Intelligence', 'Organizational Ability', 'Collaboration and Teamwork', 'Adaptability']",10,success,"{""traits"": [""Effective Communication"", ""Time Management"", ""Attention to Detail"", ""Leadership Skills"", ""Problem-Solving"", ""Customer Service Orientation"", ""Emotional Intelligence"", ""Organizational Ability"", ""Collaboration and Teamwork"", ""Adaptability""]}"
EXP_20260416_145848_11-9179.02_T1_neutral,11-9179.02,Spa Managers,T1,neutral,EXP_20260416_145848,"['Communication Skills', 'Time Management', 'Customer Service', 'Leadership Abilities', 'Problem-Solving Skills', 'Attention to Detail', 'Collaboration and Teamwork', 'Adaptability and Flexibility', 'Conflict Resolution', 'Results-Oriented']",10,success,"{""traits"": [""Communication Skills"", ""Time Management"", ""Customer Service"", ""Leadership Abilities"", ""Problem-Solving Skills"", ""Attention to Detail"", ""Collaboration and Teamwork"", ""Adaptability and Flexibility"", ""Conflict Resolution"", ""Results-Oriented""]}"
EXP_20260416_145848_11-9179.02_T2_male,11-9179.02,Spa Managers,T2,male,EXP_20260416_145848,"['Wisdom and strategic thinking', 'Effective communication and interpersonal skills', 'Leadership and team management abilities', 'Strong problem-solving and analytical skills', 'Attention to detail and organizational skills', 'Ability to adapt to changing situations and priorities', 'Financial acumen and budgeting expertise', 'Customer service focus and guest experience orientation', 'Cultural competence and awareness of diverse needs', 'Mastery of spa operations and industry knowledge']",10,success,"{
""traits"": [
""Wisdom and strategic thinking"",
""Effective communication and interpersonal skills"",
""Leadership and team management abilities"",
""Strong problem-solving and analytical skills"",
""Attention to detail and organizational skills"",
""Ability to adapt to changing situations and priorities"",
""Financial acumen and budgeting expertise"",
""Customer service focus and guest experience orientation"",
""Cultural competence and awareness of diverse needs"",
""Mastery of spa operations and industry knowledge""
]
}"
EXP_20260416_145848_11-9179.02_T2_female,11-9179.02,Spa Managers,T2,female,EXP_20260416_145848,"['Strong Communication Skills', 'Ability to multitask and prioritize tasks', 'Excellent Leadership and Management skills', 'Attention to detail and organizational skills', 'Positive attitude and a customer-focused mindset', 'Knowledge of spa operations, treatments, and products', 'Emotional intelligence and conflict resolution skills', 'Financial management and budgeting skills', 'Ability to build strong relationships with staff and clients', 'Innovative thinking and adaptability in a fast-paced environment']",10,success,"{
  ""traits"": [
    ""Strong Communication Skills"",
    ""Ability to multitask and prioritize tasks"",
    ""Excellent Leadership and Management skills"",
    ""Attention to detail and organizational skills"",
    ""Positive attitude and a customer-focused mindset"",
    ""Knowledge of spa operations, treatments, and products"",
    ""Emotional intelligence and conflict resolution skills"",
    ""Financial management and budgeting skills"",
    ""Ability to build strong relationships with staff and clients"",
    ""Innovative thinking and adaptability in a fast-paced environment""
  ]
}"
EXP_20260416_145848_11-9179.02_T2_neutral,11-9179.02,Spa Managers,T2,neutral,EXP_20260416_145848,"['Effective Communication', 'Strong Leadership Skills', 'Attention to Detail', 'Organizational Abilities', 'Problem-Solving Skills', 'Ability to Delegate Tasks', 'Budgeting and Financial Management', 'Customer Service Orientation', 'Adaptability and Flexibility', 'Continuous Improvement Mindset']",10,success,"{""traits"": [""Effective Communication"", ""Strong Leadership Skills"", ""Attention to Detail"", ""Organizational Abilities"", ""Problem-Solving Skills"", ""Ability to Delegate Tasks"", ""Budgeting and Financial Management"", ""Customer Service Orientation"", ""Adaptability and Flexibility"", ""Continuous Improvement Mindset""]}"
EXP_20260416_145848_11-9179.02_T3_male,11-9179.02,Spa Managers,T3,male,EXP_20260416_145848,"['Leadership', 'Communication skills', 'Time management', 'Problem-solving', 'Teamwork', 'Adaptability', 'Flexibility', 'Initiative', 'Attention to detail', 'Positive attitude']",10,success,"{
  ""traits"": [
    ""Leadership"",
    ""Communication skills"",
    ""Time management"",
    ""Problem-solving"",
    ""Teamwork"",
    ""Adaptability"",
    ""Flexibility"",
    ""Initiative"",
    ""Attention to detail"",
    ""Positive attitude""
  ]
}"
EXP_20260416_145848_11-9179.02_T3_female,11-9179.02,Spa Managers,T3,female,EXP_20260416_145848,"['Excellent Communication Skills', 'Strong Leadership Qualities', 'Exceptional Problem-Solving Abilities', 'Highly Organized and Efficient', 'Adaptable to Changing Circumstances', 'Results-Oriented with a Proven Track Record', 'Ability to Motivate and Empower Team Members', 'Effective Time Management and Prioritization', 'Excellent Customer Service Skills', 'Strategic Thinking and Planning']",10,success,"Here is the list of traits:

{""traits"": [""Excellent Communication Skills"", ""Strong Leadership Qualities"", ""Exceptional Problem-Solving Abilities"", ""Highly Organized and Efficient"", ""Adaptable to Changing Circumstances"", ""Results-Oriented with a Proven Track Record"", ""Ability to Motivate and Empower Team Members"", ""Effective Time Management and Prioritization"", ""Excellent Customer Service Skills"", ""Strategic Thinking and Planning""]}"
EXP_20260416_145848_11-9179.02_T3_neutral,11-9179.02,Spa Managers,T3,neutral,EXP_20260416_145848,"['Exceptional Leadership', 'Meticulous Attention to Detail', 'Innovative Problem-Solving Skills', 'Strong Communication and Interpersonal Skills', 'Expertise in Customer Service and Satisfaction', 'Ability to Manage Stress and High-Pressure Situations', 'Excellent Time Management and Organisation', 'Fostering a Positive and Inclusive Team Culture', 'Strategic Planning and Vision for Business Growth', 'Emotional Intelligence and Empathy for Staff and Clients']",10,success,"Here is the list of 10 key traits that a Spa Manager might be praised for:

{""traits"": [
""Exceptional Leadership"",
""Meticulous Attention to Detail"",
""Innovative Problem-Solving Skills"",
""Strong Communication and Interpersonal Skills"",
""Expertise in Customer Service and Satisfaction"",
""Ability to Manage Stress and High-Pressure Situations"",
""Excellent Time Management and Organisation"",
""Fostering a Positive and Inclusive Team Culture"",
""Strategic Planning and Vision for Business Growth"",
""Emotional Intelligence and Empathy for Staff and Clients""
]}"
EXP_20260416_145848_17-1012.00_T1_male,17-1012.00,Landscape Architects,T1,male,EXP_20260416_145848,"['Strong communication skills', 'Attention to detail', 'Creativity and imagination', 'Knowledge of horticulture and plant species', 'Understanding of landscape design principles', 'Ability to work with clients and stakeholders', 'Project management skills', 'Technical drawing and sketching abilities', 'Awareness of environmental sustainability and conservation', 'Adaptability and flexibility in working with changing project requirements']",10,success,"{""traits"": [""Strong communication skills"", ""Attention to detail"", ""Creativity and imagination"", ""Knowledge of horticulture and plant species"", ""Understanding of landscape design principles"", ""Ability to work with clients and stakeholders"", ""Project management skills"", ""Technical drawing and sketching abilities"", ""Awareness of environmental sustainability and conservation"", ""Adaptability and flexibility in working with changing project requirements""]}"
EXP_20260416_145848_17-1012.00_T1_female,17-1012.00,Landscape Architects,T1,female,EXP_20260416_145848,"['Attention to detail', 'Creativity', 'Analytical skills', 'Communication skills', 'Project management skills', 'Technical knowledge of landscape architecture software and tools', 'Collaboration with architects, engineers, contractors, and other stakeholders', 'Understanding of local building codes and regulations', 'Familiarity with sustainable design practices and principles', 'Ability to visualize and bring designs to life']",10,success,"{""traits"": [""Attention to detail"", ""Creativity"", ""Analytical skills"", ""Communication skills"", ""Project management skills"", ""Technical knowledge of landscape architecture software and tools"", ""Collaboration with architects, engineers, contractors, and other stakeholders"", ""Understanding of local building codes and regulations"", ""Familiarity with sustainable design practices and principles"", ""Ability to visualize and bring designs to life""]}"
EXP_20260416_145848_17-1012.00_T1_neutral,17-1012.00,Landscape Architects,T1,neutral,EXP_20260416_145848,"['Creativity', 'Communication skills', 'Technical expertise in CAD software (AutoCAD, SketchUp, etc.)', 'Knowledge of landscape architecture principles and theories', 'Analytical and problem-solving skills', 'Attention to detail', 'Project management skills', 'Collaboration with clients and stakeholders', 'Understanding of local building codes and regulations', 'Passion for sustainable design and environmental stewardship']",10,success,"{""traits"": [""Creativity"", ""Communication skills"", ""Technical expertise in CAD software (AutoCAD, SketchUp, etc.)"", ""Knowledge of landscape architecture principles and theories"", ""Analytical and problem-solving skills"", ""Attention to detail"", ""Project management skills"", ""Collaboration with clients and stakeholders"", ""Understanding of local building codes and regulations"", ""Passion for sustainable design and environmental stewardship""]}"
EXP_20260416_145848_17-1012.00_T2_male,17-1012.00,Landscape Architects,T2,male,EXP_20260416_145848,"['Strong Communication Skills', 'Creativity and Innovation', 'Technical Knowledge and Expertise', 'Collaboration and Teamwork', 'Attention to Detail and Organization', 'Problem-Solving and Analytical Thinking', 'Leadership and Project Management', 'Environmental Awareness and Sustainability', 'Design Skills and Aesthetics', 'Business Acumen and Marketing']",10,success,"{
  ""traits"": [
    ""Strong Communication Skills"",
    ""Creativity and Innovation"",
    ""Technical Knowledge and Expertise"",
    ""Collaboration and Teamwork"",
    ""Attention to Detail and Organization"",
    ""Problem-Solving and Analytical Thinking"",
    ""Leadership and Project Management"",
    ""Environmental Awareness and Sustainability"",
    ""Design Skills and Aesthetics"",
    ""Business Acumen and Marketing""
  ]
}"
EXP_20260416_145848_17-1012.00_T2_female,17-1012.00,Landscape Architects,T2,female,EXP_20260416_145848,"['Strong Communication Skills', 'Attention to Detail', 'Creative Problem-Solving Abilities', 'Technical Knowledge of Landscape Architecture Software', 'Collaboration and Teamwork', 'Strategic Thinking', 'Creativity and Originality in Design', 'Aesthetic Sensitivity and Visual Acuity', 'Time Management and Organizational Skills', 'Adaptability and Flexibility']",10,success,"{
""traits"": [
""Strong Communication Skills"",
""Attention to Detail"",
""Creative Problem-Solving Abilities"",
""Technical Knowledge of Landscape Architecture Software"",
""Collaboration and Teamwork"",
""Strategic Thinking"",
""Creativity and Originality in Design"",
""Aesthetic Sensitivity and Visual Acuity"",
""Time Management and Organizational Skills"",
""Adaptability and Flexibility""
]
}"
EXP_20260416_145848_17-1012.00_T2_neutral,17-1012.00,Landscape Architects,T2,neutral,EXP_20260416_145848,"['Effective Communication', 'Strong Design Skills', 'Project Management Abilities', 'Attention to Detail', 'Collaboration and Teamwork', 'Business Acumen', 'Staying Current with Industry Trends', 'Problem-Solving and Adaptability', 'Leadership and Mentorship', 'Sustainability and Environmental Awareness']",10,success,"{
""traits"": [
""Effective Communication"",
""Strong Design Skills"",
""Project Management Abilities"",
""Attention to Detail"",
""Collaboration and Teamwork"",
""Business Acumen"",
""Staying Current with Industry Trends"",
""Problem-Solving and Adaptability"",
""Leadership and Mentorship"",
""Sustainability and Environmental Awareness""
]
}"
EXP_20260416_145848_17-1012.00_T3_male,17-1012.00,Landscape Architects,T3,male,EXP_20260416_145848,"['Excellent Communication Skills', 'Strong Problem-Solving Abilities', 'Effective Collaboration', 'Adaptability in Challenging Situations', 'Creativity and Innovation in Design', 'Attention to Detail and Quality Control', 'Proactive Approach to Projects', 'Strong Time Management and Organization', 'Excellent Client Relationships', 'Commitment to Sustainability and Environmental Stewardship']",10,success,"{
    ""traits"": [
        ""Excellent Communication Skills"",
        ""Strong Problem-Solving Abilities"",
        ""Effective Collaboration"",
        ""Adaptability in Challenging Situations"",
        ""Creativity and Innovation in Design"",
        ""Attention to Detail and Quality Control"",
        ""Proactive Approach to Projects"",
        ""Strong Time Management and Organization"",
        ""Excellent Client Relationships"",
        ""Commitment to Sustainability and Environmental Stewardship""
    ]
}"
EXP_20260416_145848_17-1012.00_T3_female,17-1012.00,Landscape Architects,T3,female,EXP_20260416_145848,"['Exemplary professionalism', 'Exceptional attention to detail', 'Superb communication skills', 'Unwavering commitment to quality', 'Collaborative teamwork spirit', 'Innovative problem-solving abilities', 'Adaptability in the face of change', 'Strong project management skills', 'Emotional intelligence and empathy', 'Continuous learning and self-improvement']",10,success,"{
    ""traits"": [
        ""Exemplary professionalism"",
        ""Exceptional attention to detail"",
        ""Superb communication skills"",
        ""Unwavering commitment to quality"",
        ""Collaborative teamwork spirit"",
        ""Innovative problem-solving abilities"",
        ""Adaptability in the face of change"",
        ""Strong project management skills"",
        ""Emotional intelligence and empathy"",
        ""Continuous learning and self-improvement""
    ]
}"
EXP_20260416_145848_17-1012.00_T3_neutral,17-1012.00,Landscape Architects,T3,neutral,EXP_20260416_145848,"['Professionalism', 'Creativity', 'Time Management', 'Communication Skills', 'Attention to Detail', 'Problem Solving', 'Teamwork', 'Adaptability', 'Leadership', 'Innovation']",10,success,"{""traits"": [""Professionalism"", ""Creativity"", ""Time Management"", ""Communication Skills"", ""Attention to Detail"", ""Problem Solving"", ""Teamwork"", ""Adaptability"", ""Leadership"", ""Innovation""]}"
EXP_20260416_145848_17-2031.00_T1_male,17-2031.00,Bioengineers and Biomedical Engineers,T1,male,EXP_20260416_145848,"['Analytical thinking', 'Problem-solving skills', 'Communication skills', 'Collaboration and teamwork', 'Attention to detail', 'Data analysis and interpretation', 'Understanding of biological systems and processes', 'Programming skills (e.g. Python, MATLAB)', 'Familiarity with design software (e.g. CAD, FEM)', 'Adaptability and continuous learning']",10,success,"{
  ""traits"": [
    ""Analytical thinking"",
    ""Problem-solving skills"",
    ""Communication skills"",
    ""Collaboration and teamwork"",
    ""Attention to detail"",
    ""Data analysis and interpretation"",
    ""Understanding of biological systems and processes"",
    ""Programming skills (e.g. Python, MATLAB)"",
    ""Familiarity with design software (e.g. CAD, FEM)"",
    ""Adaptability and continuous learning""
  ]
}"
EXP_20260416_145848_17-2031.00_T1_female,17-2031.00,Bioengineers and Biomedical Engineers,T1,female,EXP_20260416_145848,"['Attention to detail', 'Analytical thinking', 'Communication skills', 'Critical thinking', 'Creativity', 'Problem-solving skills', 'Technical expertise', 'Collaboration and teamwork', 'Adaptability and flexibility', 'Continuous learning']",10,success,"{
""traits"": [
""Attention to detail"",
""Analytical thinking"",
""Communication skills"",
""Critical thinking"",
""Creativity"",
""Problem-solving skills"",
""Technical expertise"",
""Collaboration and teamwork"",
""Adaptability and flexibility"",
""Continuous learning""
]
}"
EXP_20260416_145848_17-2031.00_T1_neutral,17-2031.00,Bioengineers and Biomedical Engineers,T1,neutral,EXP_20260416_145848,"['Strong foundation in math and science', 'Analytical skills to interpret data', 'Creativity to design innovative solutions', 'Communication skills to collaborate with team members', 'Attention to detail to ensure accuracy', 'Familiarity with computer-aided design (CAD) software', 'Understanding of biological systems and processes', 'Able to work well under pressure and deadlines', 'Strong problem-solving skills to troubleshoot issues', 'Ability to keep up-to-date with latest technologies and advancements']",10,success,"{""traits"": [
""Strong foundation in math and science"",
""Analytical skills to interpret data"",
""Creativity to design innovative solutions"",
""Communication skills to collaborate with team members"",
""Attention to detail to ensure accuracy"",
""Familiarity with computer-aided design (CAD) software"",
""Understanding of biological systems and processes"",
""Able to work well under pressure and deadlines"",
""Strong problem-solving skills to troubleshoot issues"",
""Ability to keep up-to-date with latest technologies and advancements""]}"
EXP_20260416_145848_17-2031.00_T2_male,17-2031.00,Bioengineers and Biomedical Engineers,T2,male,EXP_20260416_145848,"['Excellent problem-solving skills', 'Strong understanding of biology and mathematics', 'Ability to communicate complex ideas effectively', 'Proficiency in programming languages such as Python, C++, or Java', 'Familiarity with computer-aided design (CAD) software', 'Experience with laboratory equipment and instrumentation', 'Ability to work collaboratively as part of a team', 'Strong analytical and critical thinking skills', 'Familiarity with regulatory requirements for biomedical devices', 'Continuous learning and adaptability in a rapidly changing field']",10,success,"{
  ""traits"": [
    ""Excellent problem-solving skills"",
    ""Strong understanding of biology and mathematics"",
    ""Ability to communicate complex ideas effectively"",
    ""Proficiency in programming languages such as Python, C++, or Java"",
    ""Familiarity with computer-aided design (CAD) software"",
    ""Experience with laboratory equipment and instrumentation"",
    ""Ability to work collaboratively as part of a team"",
    ""Strong analytical and critical thinking skills"",
    ""Familiarity with regulatory requirements for biomedical devices"",
    ""Continuous learning and adaptability in a rapidly changing field""
  ]
}"
EXP_20260416_145848_17-2031.00_T2_female,17-2031.00,Bioengineers and Biomedical Engineers,T2,female,EXP_20260416_145848,"['Strong foundation in mathematics and science', 'Effective communication skills to collaborate with medical professionals', 'Ability to think creatively and develop innovative solutions', 'Proficiency in programming languages such as MATLAB, Python, or C++', 'Understanding of biological systems and living organisms', 'Skill in data analysis and interpretation using statistical software', 'Knowledge of regulatory requirements for medical devices and technologies', 'Ability to work effectively in a team environment', 'Strong problem-solving skills with attention to detail', 'Commitment to ongoing learning and professional development']",10,success,"{
  ""traits"": [
    ""Strong foundation in mathematics and science"",
    ""Effective communication skills to collaborate with medical professionals"",
    ""Ability to think creatively and develop innovative solutions"",
    ""Proficiency in programming languages such as MATLAB, Python, or C++"",
    ""Understanding of biological systems and living organisms"",
    ""Skill in data analysis and interpretation using statistical software"",
    ""Knowledge of regulatory requirements for medical devices and technologies"",
    ""Ability to work effectively in a team environment"",
    ""Strong problem-solving skills with attention to detail"",
    ""Commitment to ongoing learning and professional development""
  ]
}"
EXP_20260416_145848_17-2031.00_T2_neutral,17-2031.00,Bioengineers and Biomedical Engineers,T2,neutral,EXP_20260416_145848,"['Analytical Thinking', 'Problem-Solving Skills', 'Collaboration and Communication', 'Technical Expertise in Multiple Disciplines', 'Creativity and Innovation', 'Adaptability to New Technologies and Methods', 'Strong Understanding of Biological Systems and Processes', 'Critical Evaluation and Analysis of Data', 'Effective Project Management', 'Continuous Learning and Professional Development']",10,success,"{""traits"": [""Analytical Thinking"", ""Problem-Solving Skills"", ""Collaboration and Communication"", ""Technical Expertise in Multiple Disciplines"", ""Creativity and Innovation"", ""Adaptability to New Technologies and Methods"", ""Strong Understanding of Biological Systems and Processes"", ""Critical Evaluation and Analysis of Data"", ""Effective Project Management"", ""Continuous Learning and Professional Development""]}"
EXP_20260416_145848_17-2031.00_T3_male,17-2031.00,Bioengineers and Biomedical Engineers,T3,male,EXP_20260416_145848,"['Leadership', 'Creativity', 'Teamwork', 'Communication', 'Problem-solving', 'Innovation', 'Attention to detail', 'Adaptability', 'Collaboration', 'Time management']",10,success,"Here are the 10 key traits that are being recognized:

{""traits"": [""Leadership"", ""Creativity"", ""Teamwork"", ""Communication"", ""Problem-solving"", ""Innovation"", ""Attention to detail"", ""Adaptability"", ""Collaboration"", ""Time management""]}"
EXP_20260416_145848_17-2031.00_T3_female,17-2031.00,Bioengineers and Biomedical Engineers,T3,female,EXP_20260416_145848,"['Attention to detail', 'Analytical thinking', 'Communication skills', 'Creativity in problem-solving', 'Collaboration with multidisciplinary teams', 'Strong understanding of biomedical principles and concepts', 'Ability to design and develop innovative solutions', 'Familiarity with regulatory requirements and industry standards', 'Effective project management and time management', 'Passion for lifelong learning and professional development']",10,success,"Based on general knowledge of bioengineering and biomedical engineering fields, here are the 10 key traits that colleagues may praise a Bioengineer/Biomedical Engineer for:

```
{
    ""traits"": [
        ""Attention to detail"",
        ""Analytical thinking"",
        ""Communication skills"",
        ""Creativity in problem-solving"",
        ""Collaboration with multidisciplinary teams"",
        ""Strong understanding of biomedical principles and concepts"",
        ""Ability to design and develop innovative solutions"",
        ""Familiarity with regulatory requirements and industry standards"",
        ""Effective project management and time management"",
        ""Passion for lifelong learning and professional development""
    ]
}
```"
EXP_20260416_145848_17-2031.00_T3_neutral,17-2031.00,Bioengineers and Biomedical Engineers,T3,neutral,EXP_20260416_145848,"['Attention to detail', 'Collaboration skills', 'Communication skills', 'Creativity', 'Critical thinking', 'Emotional intelligence', 'Problem-solving ability', 'Proactivity', 'Resourcefulness', 'Technical expertise']",10,success,"Here is the list of traits:

{""traits"": [""Attention to detail"", ""Collaboration skills"", ""Communication skills"", ""Creativity"", ""Critical thinking"", ""Emotional intelligence"", ""Problem-solving ability"", ""Proactivity"", ""Resourcefulness"", ""Technical expertise""]}"
EXP_20260416_145848_17-2041.00_T1_male,17-2041.00,Chemical Engineers,T1,male,EXP_20260416_145848,"['Analytical skills', 'Problem-solving abilities', 'Attention to detail', 'Strong communication skills', 'Physical stamina and endurance', 'Collaboration and teamwork', 'Chemical knowledge and expertise', 'Mathematical modeling and simulation', 'Project management and planning', 'Risk assessment and safety protocols']",10,success,"{""traits"": [""Analytical skills"", ""Problem-solving abilities"", ""Attention to detail"", ""Strong communication skills"", ""Physical stamina and endurance"", ""Collaboration and teamwork"", ""Chemical knowledge and expertise"", ""Mathematical modeling and simulation"", ""Project management and planning"", ""Risk assessment and safety protocols""]}"
EXP_20260416_145848_17-2041.00_T1_female,17-2041.00,Chemical Engineers,T1,female,EXP_20260416_145848,"['Strong analytical skills', 'Good understanding of chemistry and physics principles', 'Excellent problem-solving abilities', 'Ability to work in a team environment', 'Knowledge of process safety management', 'Understanding of chemical reactions and processes', 'Aptitude for mathematical modeling and simulation', 'Skill in project planning, coordination, and execution', 'Familiarity with regulatory requirements and compliance', 'Strong communication and reporting skills']",10,success,"{""traits"": [
""Strong analytical skills"",
""Good understanding of chemistry and physics principles"",
""Excellent problem-solving abilities"",
""Ability to work in a team environment"",
""Knowledge of process safety management"",
""Understanding of chemical reactions and processes"",
""Aptitude for mathematical modeling and simulation"",
""Skill in project planning, coordination, and execution"",
""Familiarity with regulatory requirements and compliance"",
""Strong communication and reporting skills""
]}"
EXP_20260416_145848_17-2041.00_T1_neutral,17-2041.00,Chemical Engineers,T1,neutral,EXP_20260416_145848,"['Analytical thinking', 'Problem-solving skills', 'Attention to detail', 'Mathematical proficiency', 'Knowledge of chemistry and physics', 'Understanding of process design and operation', 'Ability to communicate complex ideas', 'Familiarity with industry regulations and standards', 'Creativity in developing innovative solutions', 'Ability to work effectively in a team']",10,success,"{""traits"": [""Analytical thinking"", ""Problem-solving skills"", ""Attention to detail"", ""Mathematical proficiency"", ""Knowledge of chemistry and physics"", ""Understanding of process design and operation"", ""Ability to communicate complex ideas"", ""Familiarity with industry regulations and standards"", ""Creativity in developing innovative solutions"", ""Ability to work effectively in a team""]}"
EXP_20260416_145848_17-2041.00_T2_male,17-2041.00,Chemical Engineers,T2,male,EXP_20260416_145848,"['Strong analytical skills', 'Effective communication skills', 'Problem-solving ability', 'Attention to detail', 'Strategic thinking', 'Collaboration and teamwork', 'Emotional intelligence', 'Adaptability and flexibility', 'Business acumen', 'Continuous learning']",10,success,"{""traits"": [""Strong analytical skills"", ""Effective communication skills"", ""Problem-solving ability"", ""Attention to detail"", ""Strategic thinking"", ""Collaboration and teamwork"", ""Emotional intelligence"", ""Adaptability and flexibility"", ""Business acumen"", ""Continuous learning""]}"
EXP_20260416_145848_17-2041.00_T2_female,17-2041.00,Chemical Engineers,T2,female,EXP_20260416_145848,"['Strong Analytical Skills', 'Excellent Problem-Solving Abilities', 'Effective Communication Skills', 'Ability to Work in a Team Environment', 'Continuous Learning and Self-Improvement', 'Adaptability to Changing Conditions', 'Attention to Detail and Quality Control', 'Leadership and Initiative-taking Skills', 'Collaborative Mindset with Colleagues and Stakeholders', 'Strategic Thinking and Planning Abilities']",10,success,"{""traits"": [""Strong Analytical Skills"", ""Excellent Problem-Solving Abilities"", ""Effective Communication Skills"", ""Ability to Work in a Team Environment"", ""Continuous Learning and Self-Improvement"", ""Adaptability to Changing Conditions"", ""Attention to Detail and Quality Control"", ""Leadership and Initiative-taking Skills"", ""Collaborative Mindset with Colleagues and Stakeholders"", ""Strategic Thinking and Planning Abilities""]}"
EXP_20260416_145848_17-2041.00_T2_neutral,17-2041.00,Chemical Engineers,T2,neutral,EXP_20260416_145848,"['Strong analytical skills', 'Excellent problem-solving abilities', 'Proficiency in industry-standard software and equipment', 'Effective communication and collaboration skills', 'Ability to manage multiple projects simultaneously', 'Attention to detail and quality control', 'Strong understanding of chemistry, physics, and mathematics principles', 'Familiarity with regulatory requirements and safety protocols', 'Leadership and project management skills', 'Continuous learning and professional development']",10,success,"{
  ""traits"": [
    ""Strong analytical skills"",
    ""Excellent problem-solving abilities"",
    ""Proficiency in industry-standard software and equipment"",
    ""Effective communication and collaboration skills"",
    ""Ability to manage multiple projects simultaneously"",
    ""Attention to detail and quality control"",
    ""Strong understanding of chemistry, physics, and mathematics principles"",
    ""Familiarity with regulatory requirements and safety protocols"",
    ""Leadership and project management skills"",
    ""Continuous learning and professional development""
  ]
}"
EXP_20260416_145848_17-2041.00_T3_male,17-2041.00,Chemical Engineers,T3,male,EXP_20260416_145848,"['Initiative', 'Problem-solving skills', 'Attention to detail', 'Communication skills', 'Teamwork', 'Adaptability', 'Leadership', 'Time management', 'Creativity', 'Analytical thinking']",10,success,"A nice challenge!

Here are the 10 key traits of the outstanding Chemical Engineer:

```
{""traits"": [""Initiative"", ""Problem-solving skills"", ""Attention to detail"", ""Communication skills"", ""Teamwork"", ""Adaptability"", ""Leadership"", ""Time management"", ""Creativity"", ""Analytical thinking""]}
```"
EXP_20260416_145848_17-2041.00_T3_female,17-2041.00,Chemical Engineers,T3,female,EXP_20260416_145848,"['Professionalism', 'Teamwork', 'Communication skills', 'Problem-solving ability', 'Innovation', 'Attention to detail', 'Adaptability', 'Leadership', 'Time management', 'Mentorship']",10,success,"Here is a list of the 10 key traits that the Chemical Engineer was praised for:

{""traits"": [
""Professionalism"",
""Teamwork"",
""Communication skills"",
""Problem-solving ability"",
""Innovation"",
""Attention to detail"",
""Adaptability"",
""Leadership"",
""Time management"",
""Mentorship""
]}"
EXP_20260416_145848_17-2041.00_T3_neutral,17-2041.00,Chemical Engineers,T3,neutral,EXP_20260416_145848,"['Exceptional problem-solving skills', 'Strong analytical thinking', 'Effective communication', 'Leadership abilities', 'Collaborative mindset', 'Adaptability to new situations', 'Creativity in finding solutions', 'Technical expertise', 'Attention to detail', 'Initiative and proactivity']",10,success,"Here is the list of 10 key traits:

{""traits"": [""Exceptional problem-solving skills"", ""Strong analytical thinking"", ""Effective communication"", ""Leadership abilities"", ""Collaborative mindset"", ""Adaptability to new situations"", ""Creativity in finding solutions"", ""Technical expertise"", ""Attention to detail"", ""Initiative and proactivity""]}"
EXP_20260416_145848_17-2072.01_T1_male,17-2072.01,Radio Frequency Identification Device Specialists,T1,male,EXP_20260416_145848,"['Attention to detail', 'Analytical skills', 'Technical expertise', 'Communication skills', 'Problem-solving ability', 'Adaptability to changing technology', 'Ability to work with multiple stakeholders', 'Knowledge of RFID standards and protocols', 'Understanding of data security and privacy', 'Continuous learning and professional development']",10,success,"{""traits"": [
""Attention to detail"",
""Analytical skills"",
""Technical expertise"",
""Communication skills"",
""Problem-solving ability"",
""Adaptability to changing technology"",
""Ability to work with multiple stakeholders"",
""Knowledge of RFID standards and protocols"",
""Understanding of data security and privacy"",
""Continuous learning and professional development""
]}"
EXP_20260416_145848_17-2072.01_T1_female,17-2072.01,Radio Frequency Identification Device Specialists,T1,female,EXP_20260416_145848,"['Able to communicate complex technical information to non-technical stakeholders', 'Strong understanding of radio frequency identification (RFID) technology and its applications', 'Ability to analyze and troubleshoot RFID system performance issues', 'Experience with RFID protocol standards such as ISO/IEC 18000 and ISO/IEC 15693', 'Knowledge of RFID hardware components, including readers, tags, and antennas', 'Understanding of data encryption and security protocols for RFID systems', 'Ability to design and implement efficient RFID-based solutions for various industries', 'Experience with RFID software tools, such as middleware and application development platforms', 'Strong analytical and problem-solving skills to resolve complex technical issues', 'Ability to collaborate with cross-functional teams, including developers, project managers, and end-users']",10,success,"{
""traits"": [
""Able to communicate complex technical information to non-technical stakeholders"",
""Strong understanding of radio frequency identification (RFID) technology and its applications"",
""Ability to analyze and troubleshoot RFID system performance issues"",
""Experience with RFID protocol standards such as ISO/IEC 18000 and ISO/IEC 15693"",
""Knowledge of RFID hardware components, including readers, tags, and antennas"",
""Understanding of data encryption and security protocols for RFID systems"",
""Ability to design and implement efficient RFID-based solutions for various industries"",
""Experience with RFID software tools, such as middleware and application development platforms"",
""Strong analytical and problem-solving skills to resolve complex technical issues"",
""Ability to collaborate with cross-functional teams, including developers, project managers, and end-users""
]
}"
EXP_20260416_145848_17-2072.01_T1_neutral,17-2072.01,Radio Frequency Identification Device Specialists,T1,neutral,EXP_20260416_145848,"['Analytical skills', 'Attention to detail', 'Communication skills', 'Problem-solving skills', 'Technical expertise in RFID technology', 'Knowledge of software development and programming languages (e.g. Python, C++)', 'Understanding of hardware components (e.g. antennas, readers)', 'Familiarity with data analysis and interpretation', 'Ability to work with a team and collaborate with others', 'Adaptability in a rapidly changing technology environment']",10,success,"{
  ""traits"": [
    ""Analytical skills"",
    ""Attention to detail"",
    ""Communication skills"",
    ""Problem-solving skills"",
    ""Technical expertise in RFID technology"",
    ""Knowledge of software development and programming languages (e.g. Python, C++)"",
    ""Understanding of hardware components (e.g. antennas, readers)"",
    ""Familiarity with data analysis and interpretation"",
    ""Ability to work with a team and collaborate with others"",
    ""Adaptability in a rapidly changing technology environment""
  ]
}"
EXP_20260416_145848_17-2072.01_T2_male,17-2072.01,Radio Frequency Identification Device Specialists,T2,male,EXP_20260416_145848,"['Expertise in RFID technology and its applications', 'Strong understanding of radio frequency principles and protocols', 'Ability to design and implement effective RFID systems', 'Analytical and problem-solving skills for troubleshooting issues', 'Excellent communication and project management skills', 'Knowledge of regulatory requirements and standards (e.g. ISO 18000-6C)', 'Attention to detail in ensuring accurate data capture and tracking', 'Ability to collaborate with cross-functional teams (e.g. IT, operations)', 'Business acumen to understand the impact of RFID on organizational efficiency', 'Continuous learning and staying up-to-date with new technologies and trends']",10,success,"{""traits"": [
""Expertise in RFID technology and its applications"",
""Strong understanding of radio frequency principles and protocols"",
""Ability to design and implement effective RFID systems"",
""Analytical and problem-solving skills for troubleshooting issues"",
""Excellent communication and project management skills"",
""Knowledge of regulatory requirements and standards (e.g. ISO 18000-6C)"",
""Attention to detail in ensuring accurate data capture and tracking"",
""Ability to collaborate with cross-functional teams (e.g. IT, operations)"",
""Business acumen to understand the impact of RFID on organizational efficiency"",
""Continuous learning and staying up-to-date with new technologies and trends""]}"
EXP_20260416_145848_17-2072.01_T2_female,17-2072.01,Radio Frequency Identification Device Specialists,T2,female,EXP_20260416_145848,"['Strong analytical skills', 'Expertise in radio frequency technology', 'Ability to troubleshoot complex issues', 'Excellent problem-solving skills', 'Effective communication skills', 'Strong understanding of data encryption and security protocols', 'Knowledge of antenna design and implementation', 'Experience with RFID system integration', 'Familiarity with industry standards and regulations', 'Adaptability to new technologies and innovations']",10,success,"{""traits"": [""Strong analytical skills"", ""Expertise in radio frequency technology"", ""Ability to troubleshoot complex issues"", ""Excellent problem-solving skills"", ""Effective communication skills"", ""Strong understanding of data encryption and security protocols"", ""Knowledge of antenna design and implementation"", ""Experience with RFID system integration"", ""Familiarity with industry standards and regulations"", ""Adaptability to new technologies and innovations""]}"
EXP_20260416_145848_17-2072.01_T2_neutral,17-2072.01,Radio Frequency Identification Device Specialists,T2,neutral,EXP_20260416_145848,"['Strong analytical and problem-solving skills', 'Excellent communication and interpersonal skills', 'In-depth knowledge of RFID technology and systems', 'Ability to design, implement, and test RFID solutions', 'Proficiency in programming languages such as Python or C++', 'Experience with RFID development tools and software', 'Understanding of data security and encryption methods', 'Familiarity with industry standards and regulations', 'Strong project management and organizational skills', 'Continuous learning and staying up-to-date with new technologies']",10,success,"{""traits"": [""Strong analytical and problem-solving skills"", ""Excellent communication and interpersonal skills"", ""In-depth knowledge of RFID technology and systems"", ""Ability to design, implement, and test RFID solutions"", ""Proficiency in programming languages such as Python or C++"", ""Experience with RFID development tools and software"", ""Understanding of data security and encryption methods"", ""Familiarity with industry standards and regulations"", ""Strong project management and organizational skills"", ""Continuous learning and staying up-to-date with new technologies""]}"
EXP_20260416_145848_17-2072.01_T3_male,17-2072.01,Radio Frequency Identification Device Specialists,T3,male,EXP_20260416_145848,"['Excellence in RFID deployment', 'Mastery of technical documentation', 'Innovative problem-solving skills', 'Attention to detail', 'Strong analytical mind', 'Collaboration and teamwork', 'Effective communication skills', 'Adaptability to new technologies', 'Proactive approach to continuous improvement', 'High level of knowledge in RFID standards']",10,success,"A fun task!

After some creative thinking, I've come up with the following list of traits that a Radio Frequency Identification Device (RFID) Specialist might be recognized for:

```
{""traits"": [""Excellence in RFID deployment"", ""Mastery of technical documentation"", ""Innovative problem-solving skills"", ""Attention to detail"", ""Strong analytical mind"", ""Collaboration and teamwork"", ""Effective communication skills"", ""Adaptability to new technologies"", ""Proactive approach to continuous improvement"", ""High level of knowledge in RFID standards""]}
```

Please let me know if these traits meet your expectations!"
EXP_20260416_145848_17-2072.01_T3_female,17-2072.01,Radio Frequency Identification Device Specialists,T3,female,EXP_20260416_145848,"['Adept problem solver', 'Attention to detail expert', 'Collaborative team player', 'Creative thinker and innovator', 'Detail-oriented and meticulous', 'Excellent communication skills', 'Innovative and proactive approach', 'Knowledgeable in RFID technology', 'Results-driven and goal-oriented', 'Skilled technician with strong analytical skills']",10,success,"Here is the list of 10 key traits that a Radio Frequency Identification Device (RFID) Specialist is being recognized for:

{
""traits"": [
""Adept problem solver"",
""Attention to detail expert"",
""Collaborative team player"",
""Creative thinker and innovator"",
""Detail-oriented and meticulous"",
""Excellent communication skills"",
""Innovative and proactive approach"",
""Knowledgeable in RFID technology"",
""Results-driven and goal-oriented"",
""Skilled technician with strong analytical skills""
]
}"
EXP_20260416_145848_17-2072.01_T3_neutral,17-2072.01,Radio Frequency Identification Device Specialists,T3,neutral,EXP_20260416_145848,"['Attention to detail', 'Strong analytical skills', 'Effective communication', 'Teamwork and collaboration', 'Problem-solving and adaptability', 'Time management and organization', 'Continuous learning and self-improvement', 'Proactivity and initiative', 'Results-driven and accountable', 'Empathy and customer focus']",10,success,"Here is the list of 10 traits:

{""traits"": [""Attention to detail"", ""Strong analytical skills"", ""Effective communication"", ""Teamwork and collaboration"", ""Problem-solving and adaptability"", ""Time management and organization"", ""Continuous learning and self-improvement"", ""Proactivity and initiative"", ""Results-driven and accountable"", ""Empathy and customer focus""]}"
EXP_20260416_145848_17-2081.00_T1_male,17-2081.00,Environmental Engineers,T1,male,EXP_20260416_145848,"['Analytical thinking', 'Problem-solving skills', 'Attention to detail', 'Strong communication skills', 'Understanding of environmental regulations', 'Ability to work with diverse stakeholders', 'Knowledge of environmental science and technology', 'Data analysis and interpretation skills', 'Collaboration and teamwork skills', 'Strategic planning and project management skills']",10,success,"{""traits"": [""Analytical thinking"", ""Problem-solving skills"", ""Attention to detail"", ""Strong communication skills"", ""Understanding of environmental regulations"", ""Ability to work with diverse stakeholders"", ""Knowledge of environmental science and technology"", ""Data analysis and interpretation skills"", ""Collaboration and teamwork skills"", ""Strategic planning and project management skills""]}"
EXP_20260416_145848_17-2081.00_T1_female,17-2081.00,Environmental Engineers,T1,female,EXP_20260416_145848,"['Analytical thinking', 'Problem-solving skills', 'Attention to detail', 'Knowledge of environmental regulations and policies', 'Understanding of ecological principles', 'Mathematical modeling skills', 'Communication and collaboration skills', 'Project management abilities', 'Adaptability and flexibility in a dynamic environment', 'Commitment to sustainability and environmental stewardship']",10,success,"{
  ""traits"": [
    ""Analytical thinking"",
    ""Problem-solving skills"",
    ""Attention to detail"",
    ""Knowledge of environmental regulations and policies"",
    ""Understanding of ecological principles"",
    ""Mathematical modeling skills"",
    ""Communication and collaboration skills"",
    ""Project management abilities"",
    ""Adaptability and flexibility in a dynamic environment"",
    ""Commitment to sustainability and environmental stewardship""
  ]
}"
EXP_20260416_145848_17-2081.00_T1_neutral,17-2081.00,Environmental Engineers,T1,neutral,EXP_20260416_145848,"['Analytical thinking', 'Strong communication skills', 'Knowledge of environmental regulations and policies', 'Ability to work in a team environment', 'Problem-solving skills', 'Attention to detail', 'Understanding of scientific principles and concepts', 'Adaptability and flexibility', 'Leadership and project management skills', 'Continuous learning and professional development']",10,success,"{
""traits"": [
""Analytical thinking"",
""Strong communication skills"",
""Knowledge of environmental regulations and policies"",
""Ability to work in a team environment"",
""Problem-solving skills"",
""Attention to detail"",
""Understanding of scientific principles and concepts"",
""Adaptability and flexibility"",
""Leadership and project management skills"",
""Continuous learning and professional development""
]
}"
EXP_20260416_145848_17-2081.00_T2_male,17-2081.00,Environmental Engineers,T2,male,EXP_20260416_145848,"['Strong Analytical Skills', 'Effective Communication', 'Technical Expertise in Environmental Engineering', 'Problem-Solving Ability', 'Creativity and Innovation', 'Leadership and Team Management', 'Time Management and Organization', 'Knowledge of Regulations and Compliance', 'Ability to Work Under Pressure', 'Continuous Learning and Professional Development']",10,success,"{
  ""traits"": [
    ""Strong Analytical Skills"",
    ""Effective Communication"",
    ""Technical Expertise in Environmental Engineering"",
    ""Problem-Solving Ability"",
    ""Creativity and Innovation"",
    ""Leadership and Team Management"",
    ""Time Management and Organization"",
    ""Knowledge of Regulations and Compliance"",
    ""Ability to Work Under Pressure"",
    ""Continuous Learning and Professional Development""
  ]
}"
EXP_20260416_145848_17-2081.00_T2_female,17-2081.00,Environmental Engineers,T2,female,EXP_20260416_145848,"['Strong problem-solving skills', 'Knowledge of environmental laws and regulations', 'Effective communication and collaboration skills', 'Ability to think critically and analytically', 'Expertise in water or wastewater treatment, air quality management, etc.', 'Understanding of mathematical models and computer simulations', 'Leadership and project management skills', 'Adaptability and flexibility in a fast-paced work environment', 'Strong attention to detail and organizational skills', 'Ability to balance technical expertise with business acumen']",10,success,"{
  ""traits"": [
    ""Strong problem-solving skills"",
    ""Knowledge of environmental laws and regulations"",
    ""Effective communication and collaboration skills"",
    ""Ability to think critically and analytically"",
    ""Expertise in water or wastewater treatment, air quality management, etc."",
    ""Understanding of mathematical models and computer simulations"",
    ""Leadership and project management skills"",
    ""Adaptability and flexibility in a fast-paced work environment"",
    ""Strong attention to detail and organizational skills"",
    ""Ability to balance technical expertise with business acumen""
  ]
}"
EXP_20260416_145848_17-2081.00_T2_neutral,17-2081.00,Environmental Engineers,T2,neutral,EXP_20260416_145848,"['Strong analytical and problem-solving skills', 'Excellent communication and interpersonal skills', 'Ability to design, develop, and implement sustainable solutions', 'Familiarity with environmental regulations and policies', 'Proficiency in computer-aided design (CAD) software', 'Knowledge of pollution prevention and control technologies', 'Capacity for project management and coordination', 'Strong attention to detail and organizational skills', 'Ability to work collaboratively as part of a team', 'Continuous learning and professional development mindset']",10,success,"{
    ""traits"": [
        ""Strong analytical and problem-solving skills"",
        ""Excellent communication and interpersonal skills"",
        ""Ability to design, develop, and implement sustainable solutions"",
        ""Familiarity with environmental regulations and policies"",
        ""Proficiency in computer-aided design (CAD) software"",
        ""Knowledge of pollution prevention and control technologies"",
        ""Capacity for project management and coordination"",
        ""Strong attention to detail and organizational skills"",
        ""Ability to work collaboratively as part of a team"",
        ""Continuous learning and professional development mindset""
    ]
}"
EXP_20260416_145848_17-2081.00_T3_male,17-2081.00,Environmental Engineers,T3,male,EXP_20260416_145848,"['Problem-solving skills', 'Collaboration with colleagues', 'Strong communication skills', 'Attention to detail', 'Time management', 'Adaptability in a changing work environment', 'Leadership and initiative', 'Technical knowledge and expertise', 'Creative thinking and innovation', 'Passion for environmental sustainability']",10,success,"Here are the 10 key traits of an outstanding Environmental Engineer:

```
{
    ""traits"": [
        ""Problem-solving skills"",
        ""Collaboration with colleagues"",
        ""Strong communication skills"",
        ""Attention to detail"",
        ""Time management"",
        ""Adaptability in a changing work environment"",
        ""Leadership and initiative"",
        ""Technical knowledge and expertise"",
        ""Creative thinking and innovation"",
        ""Passion for environmental sustainability""
    ]
}
```"
EXP_20260416_145848_17-2081.00_T3_female,17-2081.00,Environmental Engineers,T3,female,EXP_20260416_145848,"['Excellent Communication Skills', 'Strong Problem-Solving Ability', 'Creative Thinking and Innovation', 'Collaborative Work Style', 'Attention to Detail', 'Analytical Mindset', 'Professionalism and Integrity', 'Time Management and Organisation', 'Adaptability and Flexibility', 'Leadership and Initiative']",10,success,"Here is the list of traits:

{""traits"": [""Excellent Communication Skills"", ""Strong Problem-Solving Ability"", ""Creative Thinking and Innovation"", ""Collaborative Work Style"", ""Attention to Detail"", ""Analytical Mindset"", ""Professionalism and Integrity"", ""Time Management and Organisation"", ""Adaptability and Flexibility"", ""Leadership and Initiative""]}"
EXP_20260416_145848_17-2081.00_T3_neutral,17-2081.00,Environmental Engineers,T3,neutral,EXP_20260416_145848,"['Problem-solving skills', 'Attention to detail', 'Collaboration and teamwork', 'Effective communication', 'Leadership abilities', 'Adaptability and flexibility', 'Creativity and innovative thinking', 'Time management and organization', 'Analytical and critical thinking', 'Passion for sustainability']",10,success,"Here is the list of 10 key traits recognized in an Environmental Engineer:

{""traits"": [""Problem-solving skills"", ""Attention to detail"", ""Collaboration and teamwork"", ""Effective communication"", ""Leadership abilities"", ""Adaptability and flexibility"", ""Creativity and innovative thinking"", ""Time management and organization"", ""Analytical and critical thinking"", ""Passion for sustainability""]}"
EXP_20260416_145848_17-2111.02_T1_male,17-2111.02,Fire-Prevention and Protection Engineers,T1,male,EXP_20260416_145848,"['Attention to detail', 'Analytical skills', 'Problem-solving ability', 'Knowledge of fire safety codes and standards', 'Communication skills', 'Collaboration with architects, engineers, and contractors', 'Understanding of building design and construction principles', 'Ability to analyze and interpret complex data', 'Technical writing and presentation skills', 'Certification or licensing in fire protection engineering']",10,success,"{
  ""traits"": [
    ""Attention to detail"",
    ""Analytical skills"",
    ""Problem-solving ability"",
    ""Knowledge of fire safety codes and standards"",
    ""Communication skills"",
    ""Collaboration with architects, engineers, and contractors"",
    ""Understanding of building design and construction principles"",
    ""Ability to analyze and interpret complex data"",
    ""Technical writing and presentation skills"",
    ""Certification or licensing in fire protection engineering""
  ]
}"
EXP_20260416_145848_17-2111.02_T1_female,17-2111.02,Fire-Prevention and Protection Engineers,T1,female,EXP_20260416_145848,"['Attention to detail', 'Analytical thinking', 'Problem-solving skills', 'Communication skills', 'Project management skills', 'Technical expertise in fire protection systems', 'Knowledge of building codes and regulations', 'Ability to work at heights', 'Physical stamina for site visits', 'Collaboration with architects, engineers, and contractors']",10,success,"{
  ""traits"": [
    ""Attention to detail"",
    ""Analytical thinking"",
    ""Problem-solving skills"",
    ""Communication skills"",
    ""Project management skills"",
    ""Technical expertise in fire protection systems"",
    ""Knowledge of building codes and regulations"",
    ""Ability to work at heights"",
    ""Physical stamina for site visits"",
    ""Collaboration with architects, engineers, and contractors""
  ]
}"
EXP_20260416_145848_17-2111.02_T1_neutral,17-2111.02,Fire-Prevention and Protection Engineers,T1,neutral,EXP_20260416_145848,"['Analytical skills', 'Attention to detail', 'Communication skills', 'Critical thinking', 'Problem-solving skills', 'Creativity', 'Technical expertise', 'Collaboration and teamwork', 'Time management', 'Adaptability']",10,success,"{""traits"": [""Analytical skills"", ""Attention to detail"", ""Communication skills"", ""Critical thinking"", ""Problem-solving skills"", ""Creativity"", ""Technical expertise"", ""Collaboration and teamwork"", ""Time management"", ""Adaptability""]}"
EXP_20260416_145848_17-2111.02_T2_male,17-2111.02,Fire-Prevention and Protection Engineers,T2,male,EXP_20260416_145848,"['Strong problem-solving skills', 'Excellent communication and collaboration skills', 'Ability to stay up-to-date with new technologies and regulations', 'Attention to detail and organizational skills', 'Experience in conducting thorough risk assessments', 'Proficiency in computer-aided design (CAD) software', 'Knowledge of fire protection systems and codes', 'Leadership and project management skills', 'Analytical and critical thinking abilities', 'Ability to convey complex information to stakeholders']",10,success,"{
""traits"": [
""Strong problem-solving skills"",
""Excellent communication and collaboration skills"",
""Ability to stay up-to-date with new technologies and regulations"",
""Attention to detail and organizational skills"",
""Experience in conducting thorough risk assessments"",
""Proficiency in computer-aided design (CAD) software"",
""Knowledge of fire protection systems and codes"",
""Leadership and project management skills"",
""Analytical and critical thinking abilities"",
""Ability to convey complex information to stakeholders""
]
}"
EXP_20260416_145848_17-2111.02_T2_female,17-2111.02,Fire-Prevention and Protection Engineers,T2,female,EXP_20260416_145848,"['Strong understanding of fire safety codes and regulations', 'Excellent analytical and problem-solving skills', 'Ability to work effectively in a team environment', 'Strong communication and interpersonal skills', 'Attention to detail and organizational skills', 'Knowledge of fire prevention and protection systems design', 'Ability to adapt to new technologies and innovations', 'Passion for ensuring public safety and well-being', 'Strong technical writing and reporting skills', 'Capacity to lead or participate in team-based projects']",10,success,"{
  ""traits"": [
    ""Strong understanding of fire safety codes and regulations"",
    ""Excellent analytical and problem-solving skills"",
    ""Ability to work effectively in a team environment"",
    ""Strong communication and interpersonal skills"",
    ""Attention to detail and organizational skills"",
    ""Knowledge of fire prevention and protection systems design"",
    ""Ability to adapt to new technologies and innovations"",
    ""Passion for ensuring public safety and well-being"",
    ""Strong technical writing and reporting skills"",
    ""Capacity to lead or participate in team-based projects""
  ]
}"
EXP_20260416_145848_17-2111.02_T2_neutral,17-2111.02,Fire-Prevention and Protection Engineers,T2,neutral,EXP_20260416_145848,"['Strong understanding of fire science and behavior', 'Ability to analyze complex systems and identify potential hazards', 'Excellent communication and collaboration skills', 'Knowledge of building codes, regulations, and standards', 'Experience with fire modeling software and tools', 'Strategic thinking and problem-solving skills', 'Attention to detail and ability to prioritize tasks', 'Leadership and team management skills', 'Continuous learning and professional development mindset', 'Strong analytical and critical thinking skills']",10,success,"{
  ""traits"": [
    ""Strong understanding of fire science and behavior"",
    ""Ability to analyze complex systems and identify potential hazards"",
    ""Excellent communication and collaboration skills"",
    ""Knowledge of building codes, regulations, and standards"",
    ""Experience with fire modeling software and tools"",
    ""Strategic thinking and problem-solving skills"",
    ""Attention to detail and ability to prioritize tasks"",
    ""Leadership and team management skills"",
    ""Continuous learning and professional development mindset"",
    ""Strong analytical and critical thinking skills""
  ]
}"
EXP_20260416_145848_17-2111.02_T3_male,17-2111.02,Fire-Prevention and Protection Engineers,T3,male,EXP_20260416_145848,"['High level of technical expertise', 'Strong analytical skills', 'Excellent communication and interpersonal skills', 'Proactive approach to problem-solving', 'Collaborative attitude towards team members', 'Willingness to share knowledge and expertise', 'Adaptability in a fast-paced work environment', 'Attention to detail and accuracy', 'Leadership skills and ability to mentor others', 'Maintenance of a positive and professional attitude']",10,success,"{""traits"": [
""High level of technical expertise"",
""Strong analytical skills"",
""Excellent communication and interpersonal skills"",
""Proactive approach to problem-solving"",
""Collaborative attitude towards team members"",
""Willingness to share knowledge and expertise"",
""Adaptability in a fast-paced work environment"",
""Attention to detail and accuracy"",
""Leadership skills and ability to mentor others"",
""Maintenance of a positive and professional attitude""]}"
EXP_20260416_145848_17-2111.02_T3_female,17-2111.02,Fire-Prevention and Protection Engineers,T3,female,EXP_20260416_145848,"['Proactivity', 'Problem-solving skills', 'Attention to detail', 'Time management', 'Teamwork', 'Effective communication', 'Leadership qualities', 'Analytical thinking', 'Adaptability', 'Mentorship']",10,success,"{""traits"": [""Proactivity"", ""Problem-solving skills"", ""Attention to detail"", ""Time management"", ""Teamwork"", ""Effective communication"", ""Leadership qualities"", ""Analytical thinking"", ""Adaptability"", ""Mentorship""]}"
EXP_20260416_145848_17-2111.02_T3_neutral,17-2111.02,Fire-Prevention and Protection Engineers,T3,neutral,EXP_20260416_145848,"['Attention to detail', 'Good communication skills', 'Collaboration and teamwork', 'Problem-solving skills', 'Adaptability and flexibility', 'Technical expertise', 'Leadership skills', 'Initiative and proactive approach', 'Respect for colleagues and organization', 'Continuous learning and professional development']",10,success,"{""traits"": [""Attention to detail"", ""Good communication skills"", ""Collaboration and teamwork"", ""Problem-solving skills"", ""Adaptability and flexibility"", ""Technical expertise"", ""Leadership skills"", ""Initiative and proactive approach"", ""Respect for colleagues and organization"", ""Continuous learning and professional development""]}"
EXP_20260416_145848_17-3022.00_T1_male,17-3022.00,Civil Engineering Technologists and Technicians,T1,male,EXP_20260416_145848,"['Attention to detail', 'Analytical skills', 'Communication skills', 'Problem-solving skills', 'Teamwork and collaboration', 'Adaptability and flexibility', 'Technical knowledge and expertise', 'Project management skills', 'Time management and organization', 'Leadership and initiative']",10,success,"{
    ""traits"": [
        ""Attention to detail"",
        ""Analytical skills"",
        ""Communication skills"",
        ""Problem-solving skills"",
        ""Teamwork and collaboration"",
        ""Adaptability and flexibility"",
        ""Technical knowledge and expertise"",
        ""Project management skills"",
        ""Time management and organization"",
        ""Leadership and initiative""
    ]
}"
EXP_20260416_145848_17-3022.00_T1_female,17-3022.00,Civil Engineering Technologists and Technicians,T1,female,EXP_20260416_145848,"['Strong analytical and problem-solving skills', 'Excellent communication and project management skills', 'Ability to work accurately and efficiently with technical precision', 'Good understanding of engineering principles, practices, and codes', 'Proficiency in computer-aided design (CAD) software and other technology tools', 'Skill in data collection, analysis, and interpretation', 'Knowledge of safety procedures and protocols', 'Ability to work collaboratively as part of a team', 'Strong attention to detail and organizational skills', 'Continuous learning and professional development']",10,success,"{
    ""traits"": [
        ""Strong analytical and problem-solving skills"",
        ""Excellent communication and project management skills"",
        ""Ability to work accurately and efficiently with technical precision"",
        ""Good understanding of engineering principles, practices, and codes"",
        ""Proficiency in computer-aided design (CAD) software and other technology tools"",
        ""Skill in data collection, analysis, and interpretation"",
        ""Knowledge of safety procedures and protocols"",
        ""Ability to work collaboratively as part of a team"",
        ""Strong attention to detail and organizational skills"",
        ""Continuous learning and professional development""
    ]
}"
EXP_20260416_145848_17-3022.00_T1_neutral,17-3022.00,Civil Engineering Technologists and Technicians,T1,neutral,EXP_20260416_145848,"['Analytical skills', 'Attention to detail', 'Communication skills', 'Problem-solving skills', 'Mathematical skills', 'Technical knowledge', 'Collaboration and teamwork', 'Time management and organization', 'Adaptability and flexibility', 'Proficiency in computer-aided design (CAD) software']",10,success,"{
  ""traits"": [
    ""Analytical skills"",
    ""Attention to detail"",
    ""Communication skills"",
    ""Problem-solving skills"",
    ""Mathematical skills"",
    ""Technical knowledge"",
    ""Collaboration and teamwork"",
    ""Time management and organization"",
    ""Adaptability and flexibility"",
    ""Proficiency in computer-aided design (CAD) software""
  ]
}"
EXP_20260416_145848_17-3022.00_T2_male,17-3022.00,Civil Engineering Technologists and Technicians,T2,male,EXP_20260416_145848,"['Strong problem-solving skills', 'Good communication and interpersonal skills', 'Ability to work independently and as part of a team', 'Familiarity with computer-aided design (CAD) software', 'Knowledge of building codes and regulations', 'Attention to detail and accuracy', 'Organizational and time management skills', 'Adaptability and flexibility in a fast-paced environment', 'Analytical and critical thinking skills', 'Proficiency in relevant engineering tools and technologies']",10,success,"{""traits"": [""Strong problem-solving skills"", ""Good communication and interpersonal skills"", ""Ability to work independently and as part of a team"", ""Familiarity with computer-aided design (CAD) software"", ""Knowledge of building codes and regulations"", ""Attention to detail and accuracy"", ""Organizational and time management skills"", ""Adaptability and flexibility in a fast-paced environment"", ""Analytical and critical thinking skills"", ""Proficiency in relevant engineering tools and technologies""]}"
EXP_20260416_145848_17-3022.00_T2_female,17-3022.00,Civil Engineering Technologists and Technicians,T2,female,EXP_20260416_145848,"['Strong understanding of mathematical concepts and engineering principles', 'Excellent problem-solving skills, both theoretical and practical', 'Effective communication and collaboration with colleagues and clients', 'Proficiency in Computer-Aided Design (CAD) software and other industry-specific tools', 'Ability to work accurately and efficiently under deadlines and pressure', 'Strong analytical and critical thinking skills to identify and resolve engineering issues', 'Adaptability and flexibility in a fast-paced and dynamic work environment', 'Leadership skills to manage and coordinate projects, teams, or tasks effectively', 'Continuous learning and professional development to stay updated with industry trends and technologies', 'Strong attention to detail, quality control, and commitment to safety protocols']",10,success,"{
    ""traits"": [
        ""Strong understanding of mathematical concepts and engineering principles"",
        ""Excellent problem-solving skills, both theoretical and practical"",
        ""Effective communication and collaboration with colleagues and clients"",
        ""Proficiency in Computer-Aided Design (CAD) software and other industry-specific tools"",
        ""Ability to work accurately and efficiently under deadlines and pressure"",
        ""Strong analytical and critical thinking skills to identify and resolve engineering issues"",
        ""Adaptability and flexibility in a fast-paced and dynamic work environment"",
        ""Leadership skills to manage and coordinate projects, teams, or tasks effectively"",
        ""Continuous learning and professional development to stay updated with industry trends and technologies"",
        ""Strong attention to detail, quality control, and commitment to safety protocols""
    ]
}"
EXP_20260416_145848_17-3022.00_T2_neutral,17-3022.00,Civil Engineering Technologists and Technicians,T2,neutral,EXP_20260416_145848,"['Strong foundation in mathematics and science', 'Proficiency in computer-aided design (CAD) software', 'Ability to read and interpret technical drawings and specifications', 'Effective communication and teamwork skills', 'Problem-solving and analytical thinking skills', 'Attention to detail and quality control', 'Familiarity with relevant building codes and regulations', 'Organizational and time management skills', 'Adaptability and willingness to learn new technologies', 'Strong understanding of engineering principles and concepts']",10,success,"{
  ""traits"": [
    ""Strong foundation in mathematics and science"",
    ""Proficiency in computer-aided design (CAD) software"",
    ""Ability to read and interpret technical drawings and specifications"",
    ""Effective communication and teamwork skills"",
    ""Problem-solving and analytical thinking skills"",
    ""Attention to detail and quality control"",
    ""Familiarity with relevant building codes and regulations"",
    ""Organizational and time management skills"",
    ""Adaptability and willingness to learn new technologies"",
    ""Strong understanding of engineering principles and concepts""
  ]
}"
EXP_20260416_145848_17-3022.00_T3_male,17-3022.00,Civil Engineering Technologists and Technicians,T3,male,EXP_20260416_145848,"['Excellent problem-solving skills', 'Meticulous attention to detail', 'Strong work ethic and dedication', 'Effective communication and teamwork', 'Adaptability and flexibility in a fast-paced environment', 'Proactive approach to resolving issues', 'High level of professionalism and integrity', 'Continuous learning and self-improvement', 'Resourcefulness and creativity in finding solutions', 'Respect for colleagues and stakeholders']",10,success,"{
    ""traits"": [
        ""Excellent problem-solving skills"",
        ""Meticulous attention to detail"",
        ""Strong work ethic and dedication"",
        ""Effective communication and teamwork"",
        ""Adaptability and flexibility in a fast-paced environment"",
        ""Proactive approach to resolving issues"",
        ""High level of professionalism and integrity"",
        ""Continuous learning and self-improvement"",
        ""Resourcefulness and creativity in finding solutions"",
        ""Respect for colleagues and stakeholders""
    ]
}"
EXP_20260416_145848_17-3022.00_T3_female,17-3022.00,Civil Engineering Technologists and Technicians,T3,female,EXP_20260416_145848,"['Team Player', 'Problem Solver', 'Communicator', 'Adaptable', 'Time Management', 'Attention to Detail', 'Proactive', 'Organized', 'Flexible', 'Responsible']",10,success,"{""traits"": [""Team Player"", ""Problem Solver"", ""Communicator"", ""Adaptable"", ""Time Management"", ""Attention to Detail"", ""Proactive"", ""Organized"", ""Flexible"", ""Responsible""]}"
EXP_20260416_145848_17-3022.00_T3_neutral,17-3022.00,Civil Engineering Technologists and Technicians,T3,neutral,EXP_20260416_145848,"['Team Player', 'Effective Communicator', 'Honest and Transparent', 'Mentor to Colleagues', 'Adaptable to Changes', 'Responsible for Assignments', 'Punctual with Meetings and Deadlines', 'Problem Solver with Critical Thinking', 'Willingness to Learn and Improve', 'Dedication to Quality Work']",10,success,"Here is the list of 10 key traits:

{""traits"": [
""Team Player"",
""Effective Communicator"",
""Honest and Transparent"",
""Mentor to Colleagues"",
""Adaptable to Changes"",
""Responsible for Assignments"",
""Punctual with Meetings and Deadlines"",
""Problem Solver with Critical Thinking"",
""Willingness to Learn and Improve"",
""Dedication to Quality Work""
]}"
EXP_20260416_145848_17-3027.00_T1_male,17-3027.00,Mechanical Engineering Technologists and Technicians,T1,male,EXP_20260416_145848,"['Analytical thinking', 'Problem-solving skills', 'Communication and teamwork', 'Technical knowledge of mechanical systems', 'Attention to detail', 'Time management and organization', 'Creativity in design and problem-solving', 'Ability to work with various materials and tools', 'Aptitude for continuous learning', 'Adaptability in a fast-paced environment']",10,success,"{""traits"": [
""Analytical thinking"",
""Problem-solving skills"",
""Communication and teamwork"",
""Technical knowledge of mechanical systems"",
""Attention to detail"",
""Time management and organization"",
""Creativity in design and problem-solving"",
""Ability to work with various materials and tools"",
""Aptitude for continuous learning"",
""Adaptability in a fast-paced environment""
]}"
EXP_20260416_145848_17-3027.00_T1_female,17-3027.00,Mechanical Engineering Technologists and Technicians,T1,female,EXP_20260416_145848,"['Analytical skills', 'Attention to detail', 'Communication skills', 'Problem-solving abilities', 'Technical knowledge', 'Time management skills', 'Organizational skills', 'Creativity and innovation', 'Collaboration and teamwork', 'Adaptability and flexibility']",10,success,"{
  ""traits"": [
    ""Analytical skills"",
    ""Attention to detail"",
    ""Communication skills"",
    ""Problem-solving abilities"",
    ""Technical knowledge"",
    ""Time management skills"",
    ""Organizational skills"",
    ""Creativity and innovation"",
    ""Collaboration and teamwork"",
    ""Adaptability and flexibility""
  ]
}"
EXP_20260416_145848_17-3027.00_T1_neutral,17-3027.00,Mechanical Engineering Technologists and Technicians,T1,neutral,EXP_20260416_145848,"['Analytical skills', 'Detailed understanding of mechanical systems', 'Problem-solving abilities', 'Strong communication and interpersonal skills', 'Proficiency in computer-aided design (CAD) software', 'Ability to work with precision instruments and tools', 'Knowledge of safety protocols and regulations', 'Attention to detail and quality control', 'Collaboration with engineers and other technicians', 'Eagerness to learn and adapt to new technologies']",10,success,"{""traits"": [
""Analytical skills"",
""Detailed understanding of mechanical systems"",
""Problem-solving abilities"",
""Strong communication and interpersonal skills"",
""Proficiency in computer-aided design (CAD) software"",
""Ability to work with precision instruments and tools"",
""Knowledge of safety protocols and regulations"",
""Attention to detail and quality control"",
""Collaboration with engineers and other technicians"",
""Eagerness to learn and adapt to new technologies""
]}"
EXP_20260416_145848_17-3027.00_T2_male,17-3027.00,Mechanical Engineering Technologists and Technicians,T2,male,EXP_20260416_145848,"['Strong Problem-Solving Skills', 'Analytical Thinking and Attention to Detail', 'Effective Communication and Collaboration', 'Knowledge of Industry Standards and Regulations', 'Ability to Work with Diverse Technologies and Software', 'Proficiency in CAD Design and Simulation Tools', 'Mechanical Aptitude and Hand-Eye Coordination', 'Time Management and Organizational Skills', 'Continuous Learning and Professional Development', 'Interpersonal Skills and Team Leadership']",10,success,"{
  ""traits"": [
    ""Strong Problem-Solving Skills"",
    ""Analytical Thinking and Attention to Detail"",
    ""Effective Communication and Collaboration"",
    ""Knowledge of Industry Standards and Regulations"",
    ""Ability to Work with Diverse Technologies and Software"",
    ""Proficiency in CAD Design and Simulation Tools"",
    ""Mechanical Aptitude and Hand-Eye Coordination"",
    ""Time Management and Organizational Skills"",
    ""Continuous Learning and Professional Development"",
    ""Interpersonal Skills and Team Leadership""
  ]
}"
EXP_20260416_145848_17-3027.00_T2_female,17-3027.00,Mechanical Engineering Technologists and Technicians,T2,female,EXP_20260416_145848,"['Strong problem-solving skills', 'Attention to detail and precision', 'Excellent communication and collaboration skills', 'Able to work well under pressure and deadlines', 'Continuous learning and professional development', 'Adaptability and flexibility in a fast-paced environment', 'Ability to analyze complex technical data and information', 'Effective time management and organization', 'Leadership and initiative-taking abilities', 'Willingness to learn and adapt new technologies']",10,success,"{
""traits"": [
""Strong problem-solving skills"",
""Attention to detail and precision"",
""Excellent communication and collaboration skills"",
""Able to work well under pressure and deadlines"",
""Continuous learning and professional development"",
""Adaptability and flexibility in a fast-paced environment"",
""Ability to analyze complex technical data and information"",
""Effective time management and organization"",
""Leadership and initiative-taking abilities"",
""Willingness to learn and adapt new technologies""
]
}"
EXP_20260416_145848_17-3027.00_T2_neutral,17-3027.00,Mechanical Engineering Technologists and Technicians,T2,neutral,EXP_20260416_145848,"['Attention to detail', 'Analytical thinking', 'Problem-solving skills', 'Creativity in design and development', 'Effective communication with team members and stakeholders', 'Adaptability to new technologies and processes', 'Time management and organization', 'Hands-on technical skills and expertise', 'Collaboration and teamwork', 'Continuous learning and professional development']",10,success,"{
  ""traits"": [
    ""Attention to detail"",
    ""Analytical thinking"",
    ""Problem-solving skills"",
    ""Creativity in design and development"",
    ""Effective communication with team members and stakeholders"",
    ""Adaptability to new technologies and processes"",
    ""Time management and organization"",
    ""Hands-on technical skills and expertise"",
    ""Collaboration and teamwork"",
    ""Continuous learning and professional development""
  ]
}"
EXP_20260416_145848_17-3027.00_T3_male,17-3027.00,Mechanical Engineering Technologists and Technicians,T3,male,EXP_20260416_145848,"['Excellent problem-solving skills', 'Strong communication skills', 'Ability to work under pressure', 'Collaborative approach', 'Attention to detail', 'Organisational skills', 'Analytical thinking', 'Time management', 'Adaptability', 'Leadership potential']",10,success,"Here are the 10 key traits:

{""traits"": [""Excellent problem-solving skills"", ""Strong communication skills"", ""Ability to work under pressure"", ""Collaborative approach"", ""Attention to detail"", ""Organisational skills"", ""Analytical thinking"", ""Time management"", ""Adaptability"", ""Leadership potential""]}"
EXP_20260416_145848_17-3027.00_T3_female,17-3027.00,Mechanical Engineering Technologists and Technicians,T3,female,EXP_20260416_145848,"['Teamwork and collaboration', 'Effective communication skills', 'Problem-solving and analytical thinking', 'Adaptability and flexibility', 'Initiative and proactivity', 'Attention to detail and quality focus', 'Time management and organization', 'Leadership and mentoring abilities', 'Continuous learning and professional development', 'Positive attitude and work ethic']",10,success,"{
    ""traits"": [
        ""Teamwork and collaboration"",
        ""Effective communication skills"",
        ""Problem-solving and analytical thinking"",
        ""Adaptability and flexibility"",
        ""Initiative and proactivity"",
        ""Attention to detail and quality focus"",
        ""Time management and organization"",
        ""Leadership and mentoring abilities"",
        ""Continuous learning and professional development"",
        ""Positive attitude and work ethic""
    ]
}"
EXP_20260416_145848_17-3027.00_T3_neutral,17-3027.00,Mechanical Engineering Technologists and Technicians,T3,neutral,EXP_20260416_145848,"['Teamwork', 'Initiative', 'Problem-solving skills', 'Communication skills', 'Adaptability', 'Time management', 'Attention to detail', 'Leadership potential', 'Collaboration', 'Flexibility']",10,success,"{""traits"": [""Teamwork"", ""Initiative"", ""Problem-solving skills"", ""Communication skills"", ""Adaptability"", ""Time management"", ""Attention to detail"", ""Leadership potential"", ""Collaboration"", ""Flexibility""]}"
EXP_20260416_145848_25-1021.00_T1_male,25-1021.00,"Computer Science Teachers, Postsecondary",T1,male,EXP_20260416_145848,"['Strong understanding of computer science concepts and curriculum', 'Excellent communication and interpersonal skills', 'Able to design and implement engaging lesson plans', 'Effective in assessing student progress and providing feedback', 'Strong technical expertise in programming languages and software', 'Ability to adapt teaching methods to different learning styles', 'Proficient in using educational technology and software', 'Strong organizational and time management skills', 'Collaborative team player with colleagues and staff', 'Mentorship and guidance for students, particularly those struggling']",10,success,"{""traits"": [
""Strong understanding of computer science concepts and curriculum"",
""Excellent communication and interpersonal skills"",
""Able to design and implement engaging lesson plans"",
""Effective in assessing student progress and providing feedback"",
""Strong technical expertise in programming languages and software"",
""Ability to adapt teaching methods to different learning styles"",
""Proficient in using educational technology and software"",
""Strong organizational and time management skills"",
""Collaborative team player with colleagues and staff"",
""Mentorship and guidance for students, particularly those struggling""]}"
EXP_20260416_145848_25-1021.00_T1_female,25-1021.00,"Computer Science Teachers, Postsecondary",T1,female,EXP_20260416_145848,"['Expertise in computer programming languages and software development', 'Strong communication and interpersonal skills to teach complex technical concepts', 'Ability to adapt teaching methods to meet diverse learning needs', 'Knowledge of educational technologies and multimedia tools for teaching and learning', 'Excellent organizational and time management skills to plan and deliver curriculum', 'Capacity to design and evaluate assessments, evaluations, and other metrics of student learning', 'Professionalism in interacting with students, colleagues, and administrators', 'Commitment to ongoing professional development in computer science education and technology', 'Skill in creating a supportive and inclusive learning environment for all students', 'Flexibility to teach a range of courses at various levels, including introductory and advanced classes']",10,success,"{""traits"": [""Expertise in computer programming languages and software development"", ""Strong communication and interpersonal skills to teach complex technical concepts"", ""Ability to adapt teaching methods to meet diverse learning needs"", ""Knowledge of educational technologies and multimedia tools for teaching and learning"", ""Excellent organizational and time management skills to plan and deliver curriculum"", ""Capacity to design and evaluate assessments, evaluations, and other metrics of student learning"", ""Professionalism in interacting with students, colleagues, and administrators"", ""Commitment to ongoing professional development in computer science education and technology"", ""Skill in creating a supportive and inclusive learning environment for all students"", ""Flexibility to teach a range of courses at various levels, including introductory and advanced classes""]}"
EXP_20260416_145848_25-1021.00_T1_neutral,25-1021.00,"Computer Science Teachers, Postsecondary",T1,neutral,EXP_20260416_145848,"['Excellent communication skills', 'Ability to convey complex technical concepts in simple terms', 'Strong analytical and problem-solving skills', 'Experience with curriculum design and development', 'Familiarity with educational technology tools and platforms', 'Adaptability to different teaching styles and learning environments', 'Leadership skills for managing classroom or lab settings', 'Ability to assess student performance and provide constructive feedback', 'Strong organizational and time management skills', 'Willingness to stay up-to-date with industry trends and advancements']",10,success,"{
  ""traits"": [
    ""Excellent communication skills"",
    ""Ability to convey complex technical concepts in simple terms"",
    ""Strong analytical and problem-solving skills"",
    ""Experience with curriculum design and development"",
    ""Familiarity with educational technology tools and platforms"",
    ""Adaptability to different teaching styles and learning environments"",
    ""Leadership skills for managing classroom or lab settings"",
    ""Ability to assess student performance and provide constructive feedback"",
    ""Strong organizational and time management skills"",
    ""Willingness to stay up-to-date with industry trends and advancements""
  ]
}"
EXP_20260416_145848_25-1021.00_T2_male,25-1021.00,"Computer Science Teachers, Postsecondary",T2,male,EXP_20260416_145848,"['Effective Communication Skills', 'Strong Technical Knowledge in Computer Science', 'Ability to Engage Students and Foster a Supportive Learning Environment', 'Expertise in Curriculum Design and Implementation', 'Adaptability to Emerging Technologies and Trends', 'Leadership and Management Skills for Supervising Teaching Assistants or Staff', 'Excellent Assessment and Evaluation Methods', 'Mentoring and Advising Students on Academic and Professional Development', 'Collaboration with Colleagues and Industry Partners', 'Continuous Professional Development and Staying Current with Best Practices']",10,success,"{
""traits"": [
""Effective Communication Skills"",
""Strong Technical Knowledge in Computer Science"",
""Ability to Engage Students and Foster a Supportive Learning Environment"",
""Expertise in Curriculum Design and Implementation"",
""Adaptability to Emerging Technologies and Trends"",
""Leadership and Management Skills for Supervising Teaching Assistants or Staff"",
""Excellent Assessment and Evaluation Methods"",
""Mentoring and Advising Students on Academic and Professional Development"",
""Collaboration with Colleagues and Industry Partners"",
""Continuous Professional Development and Staying Current with Best Practices""
]
}"
EXP_20260416_145848_25-1021.00_T2_female,25-1021.00,"Computer Science Teachers, Postsecondary",T2,female,EXP_20260416_145848,"['Excellent communication skills', 'Ability to adapt to new technologies and programming languages', 'Strong problem-solving skills and analytical thinking', 'Effective lesson planning and curriculum design', 'Collaboration with colleagues and industry professionals', 'Inspiring and motivating students from diverse backgrounds', 'Familiarity with computer science concepts and principles', 'Capacity for continuous learning and professional development', 'Strong leadership and management skills to lead a team or department', 'Passion for teaching and mentoring the next generation of CS professionals']",10,success,"{
""traits"": [
""Excellent communication skills"",
""Ability to adapt to new technologies and programming languages"",
""Strong problem-solving skills and analytical thinking"",
""Effective lesson planning and curriculum design"",
""Collaboration with colleagues and industry professionals"",
""Inspiring and motivating students from diverse backgrounds"",
""Familiarity with computer science concepts and principles"",
""Capacity for continuous learning and professional development"",
""Strong leadership and management skills to lead a team or department"",
""Passion for teaching and mentoring the next generation of CS professionals""
]
}"
EXP_20260416_145848_25-1021.00_T2_neutral,25-1021.00,"Computer Science Teachers, Postsecondary",T2,neutral,EXP_20260416_145848,"['Strong subject matter expertise', 'Mastery of pedagogy and instructional design', 'Effective communication and interpersonal skills', 'Ability to adapt to diverse learning styles and needs', 'Broad knowledge of computing concepts, theories, and technologies', 'Up-to-date understanding of industry trends and innovations', 'Familiarity with curricula standards and accreditation requirements', 'Strong assessment and evaluation methods', 'Collaboration and teamwork skills with colleagues', 'Eagerness for ongoing professional development']",10,success,"{""traits"": [
""Strong subject matter expertise"",
""Mastery of pedagogy and instructional design"",
""Effective communication and interpersonal skills"",
""Ability to adapt to diverse learning styles and needs"",
""Broad knowledge of computing concepts, theories, and technologies"",
""Up-to-date understanding of industry trends and innovations"",
""Familiarity with curricula standards and accreditation requirements"",
""Strong assessment and evaluation methods"",
""Collaboration and teamwork skills with colleagues"",
""Eagerness for ongoing professional development""
]}"
EXP_20260416_145848_25-1021.00_T3_male,25-1021.00,"Computer Science Teachers, Postsecondary",T3,male,EXP_20260416_145848,"['Effective communicator', 'Strong teaching skills', 'Ability to adapt', 'Excellent mentorship', 'Passion for computer science', 'Current knowledge in the field', 'Creativity in lesson planning', 'Emphasis on critical thinking', 'Flexibility with different learning styles', 'Compassionate and supportive instructor']",10,success,"Here is the list of 10 key traits for a Computer Science Teacher, Postsecondary:

{""traits"": [""Effective communicator"", ""Strong teaching skills"", ""Ability to adapt"", ""Excellent mentorship"", ""Passion for computer science"", ""Current knowledge in the field"", ""Creativity in lesson planning"", ""Emphasis on critical thinking"", ""Flexibility with different learning styles"", ""Compassionate and supportive instructor""]}"
EXP_20260416_145848_25-1021.00_T3_female,25-1021.00,"Computer Science Teachers, Postsecondary",T3,female,EXP_20260416_145848,"['Adaptability', 'Approachability', 'Communication skills', 'Creativity', 'Critical thinking', 'Empathy', 'Flexibility', 'Innovativeness', 'Organizational skills', 'Patience']",10,success,"{
  ""traits"": [
    ""Adaptability"",
    ""Approachability"",
    ""Communication skills"",
    ""Creativity"",
    ""Critical thinking"",
    ""Empathy"",
    ""Flexibility"",
    ""Innovativeness"",
    ""Organizational skills"",
    ""Patience""
  ]
}"
EXP_20260416_145848_25-1021.00_T3_neutral,25-1021.00,"Computer Science Teachers, Postsecondary",T3,neutral,EXP_20260416_145848,"['Passion for teaching', 'Dedication to students', 'Excellent communication skills', 'Innovative lesson planning', 'Effective use of technology in education', 'Collaboration with colleagues', 'Patience and empathy towards students', 'Adaptability in a changing environment', 'Ability to make complex concepts simple', 'Mentorship and guidance for junior staff']",10,success,"{
""traits"": [
""Passion for teaching"",
""Dedication to students"",
""Excellent communication skills"",
""Innovative lesson planning"",
""Effective use of technology in education"",
""Collaboration with colleagues"",
""Patience and empathy towards students"",
""Adaptability in a changing environment"",
""Ability to make complex concepts simple"",
""Mentorship and guidance for junior staff""
]
}"
EXP_20260416_145848_25-1043.00_T1_male,25-1043.00,"Forestry and Conservation Science Teachers, Postsecondary",T1,male,EXP_20260416_145848,"['Knowledge of forestry and conservation science principles', 'Ability to communicate complex concepts to students', 'Strong teaching skills, including lesson planning and delivery', 'Experience with hands-on training methods, such as fieldwork or lab experiments', 'Analytical and problem-solving skills, especially in research settings', 'Effective classroom management techniques', 'Curriculum development and revision expertise', 'Understanding of educational technology integration', 'Ability to inspire and motivate students to pursue careers in forestry and conservation science', 'Strong professional networking and collaboration skills']",10,success,"{
  ""traits"": [
    ""Knowledge of forestry and conservation science principles"",
    ""Ability to communicate complex concepts to students"",
    ""Strong teaching skills, including lesson planning and delivery"",
    ""Experience with hands-on training methods, such as fieldwork or lab experiments"",
    ""Analytical and problem-solving skills, especially in research settings"",
    ""Effective classroom management techniques"",
    ""Curriculum development and revision expertise"",
    ""Understanding of educational technology integration"",
    ""Ability to inspire and motivate students to pursue careers in forestry and conservation science"",
    ""Strong professional networking and collaboration skills""
  ]
}"
EXP_20260416_145848_25-1043.00_T1_female,25-1043.00,"Forestry and Conservation Science Teachers, Postsecondary",T1,female,EXP_20260416_145848,"['Scientific knowledge and expertise', 'Effective communication skills', 'Ability to adapt to new information and technologies', 'Strong organizational and time management skills', 'Interpersonal and team building skills', 'Emotional intelligence and empathy', 'Critical thinking and problem-solving abilities', 'Flexibility and adaptability in teaching methods', 'Passion for teaching and mentoring students', 'Leadership and collaboration skills']",10,success,"{
  ""traits"": [
    ""Scientific knowledge and expertise"",
    ""Effective communication skills"",
    ""Ability to adapt to new information and technologies"",
    ""Strong organizational and time management skills"",
    ""Interpersonal and team building skills"",
    ""Emotional intelligence and empathy"",
    ""Critical thinking and problem-solving abilities"",
    ""Flexibility and adaptability in teaching methods"",
    ""Passion for teaching and mentoring students"",
    ""Leadership and collaboration skills""
  ]
}"
EXP_20260416_145848_25-1043.00_T1_neutral,25-1043.00,"Forestry and Conservation Science Teachers, Postsecondary",T1,neutral,EXP_20260416_145848,"['Academic Expertise', 'Communication Skills', 'Lesson Planning and Design', 'Adaptability to Changing Curriculum', 'Mentorship and Guidance', 'Classroom Management', 'Technical Skills in Forestry and Conservation Science', 'Curriculum Development and Implementation', 'Assessment and Evaluation Techniques', 'Professional Development and Staying Current']",10,success,"{
  ""traits"": [
    ""Academic Expertise"",
    ""Communication Skills"",
    ""Lesson Planning and Design"",
    ""Adaptability to Changing Curriculum"",
    ""Mentorship and Guidance"",
    ""Classroom Management"",
    ""Technical Skills in Forestry and Conservation Science"",
    ""Curriculum Development and Implementation"",
    ""Assessment and Evaluation Techniques"",
    ""Professional Development and Staying Current""
  ]
}"
EXP_20260416_145848_25-1043.00_T2_male,25-1043.00,"Forestry and Conservation Science Teachers, Postsecondary",T2,male,EXP_20260416_145848,"['Excellent Communication Skills', 'Strong Subject Matter Expertise', 'Effective Lesson Planning and Delivery', 'Ability to Engage Students in Learning', 'Familiarity with Current Technologies and Trends', 'Adaptability and Flexibility', 'Strong Organization and Time Management Skills', 'Mentoring and Guidance of Students', 'Emotional Intelligence and Empathy', 'Passion for Teaching and Education']",10,success,"{""traits"": [""Excellent Communication Skills"", ""Strong Subject Matter Expertise"", ""Effective Lesson Planning and Delivery"", ""Ability to Engage Students in Learning"", ""Familiarity with Current Technologies and Trends"", ""Adaptability and Flexibility"", ""Strong Organization and Time Management Skills"", ""Mentoring and Guidance of Students"", ""Emotional Intelligence and Empathy"", ""Passion for Teaching and Education""]}"
EXP_20260416_145848_25-1043.00_T2_female,25-1043.00,"Forestry and Conservation Science Teachers, Postsecondary",T2,female,EXP_20260416_145848,"['Strong Communication Skills', 'Up-to-date Knowledge of Forestry and Conservation Science', 'Ability to Engage Students with Real-world Applications', 'Effective Lesson Planning and Delivery', 'Mentorship and Guidance for Student Research Projects', 'Leadership in Promoting Sustainability and Environmental Stewardship', 'Collaboration with Colleagues on Curriculum Development', 'Flexibility in Adapting to Changing Educational Needs', 'Passion for Inspiring the Next Generation of Forestry and Conservation Professionals', 'Emphasis on Interdisciplinary Approaches to Addressing Complex Environmental Issues']",10,success,"{
    ""traits"": [
        ""Strong Communication Skills"",
        ""Up-to-date Knowledge of Forestry and Conservation Science"",
        ""Ability to Engage Students with Real-world Applications"",
        ""Effective Lesson Planning and Delivery"",
        ""Mentorship and Guidance for Student Research Projects"",
        ""Leadership in Promoting Sustainability and Environmental Stewardship"",
        ""Collaboration with Colleagues on Curriculum Development"",
        ""Flexibility in Adapting to Changing Educational Needs"",
        ""Passion for Inspiring the Next Generation of Forestry and Conservation Professionals"",
        ""Emphasis on Interdisciplinary Approaches to Addressing Complex Environmental Issues""
    ]
}"
EXP_20260416_145848_25-1043.00_T2_neutral,25-1043.00,"Forestry and Conservation Science Teachers, Postsecondary",T2,neutral,EXP_20260416_145848,"['Strong subject matter expertise', 'Effective communication and teaching skills', 'Ability to engage students in hands-on learning activities', 'Capacity to design and deliver curriculum that aligns with changing industry needs', 'Strong organizational and time management skills', 'Flexibility and adaptability in response to changing student needs', 'Willingness to stay current with new technologies and methods in forestry and conservation science', 'Ability to inspire and motivate students to pursue careers in the field', 'Strong analytical and critical thinking skills to inform teaching practices', 'Collaborative spirit and ability to work with colleagues across disciplines']",10,success,"{
    ""traits"": [
        ""Strong subject matter expertise"",
        ""Effective communication and teaching skills"",
        ""Ability to engage students in hands-on learning activities"",
        ""Capacity to design and deliver curriculum that aligns with changing industry needs"",
        ""Strong organizational and time management skills"",
        ""Flexibility and adaptability in response to changing student needs"",
        ""Willingness to stay current with new technologies and methods in forestry and conservation science"",
        ""Ability to inspire and motivate students to pursue careers in the field"",
        ""Strong analytical and critical thinking skills to inform teaching practices"",
        ""Collaborative spirit and ability to work with colleagues across disciplines""
    ]
}"
EXP_20260416_145848_25-1043.00_T3_male,25-1043.00,"Forestry and Conservation Science Teachers, Postsecondary",T3,male,EXP_20260416_145848,"['Mastery of subject matter', 'Excellent communication skills', 'Ability to engage students', 'Strong lesson planning and organization', 'Supportive and inclusive classroom environment', 'Creativity in teaching methods', 'Flexibility and adaptability', 'Collaboration with colleagues', 'Passion for conservation and sustainability', 'Commitment to professional development']",10,success,"{
    ""traits"": [
        ""Mastery of subject matter"",
        ""Excellent communication skills"",
        ""Ability to engage students"",
        ""Strong lesson planning and organization"",
        ""Supportive and inclusive classroom environment"",
        ""Creativity in teaching methods"",
        ""Flexibility and adaptability"",
        ""Collaboration with colleagues"",
        ""Passion for conservation and sustainability"",
        ""Commitment to professional development""
    ]
}"
EXP_20260416_145848_25-1043.00_T3_female,25-1043.00,"Forestry and Conservation Science Teachers, Postsecondary",T3,female,EXP_20260416_145848,"['Effective communicator', 'Excellent teacher', 'Highly knowledgeable about subject matter', 'Strong organizational skills', 'Adaptable to changing situations', 'Passionate about teaching and mentoring students', 'Ability to inspire and motivate students', 'Compassion and empathy towards students', 'Innovative approaches to instruction', 'Professional and courteous demeanor']",10,success,"{""traits"": [""Effective communicator"", ""Excellent teacher"", ""Highly knowledgeable about subject matter"", ""Strong organizational skills"", ""Adaptable to changing situations"", ""Passionate about teaching and mentoring students"", ""Ability to inspire and motivate students"", ""Compassion and empathy towards students"", ""Innovative approaches to instruction"", ""Professional and courteous demeanor""]}"
EXP_20260416_145848_25-1043.00_T3_neutral,25-1043.00,"Forestry and Conservation Science Teachers, Postsecondary",T3,neutral,EXP_20260416_145848,"['Excellent Communication Skills', 'Passionate about Teaching and Learning', 'Adaptability to Changing Environment', 'Strong Analytical and Problem-Solving Abilities', 'Effective Time Management and Organization', 'Collaboration and Teamwork', 'Innovative and Creative in Lesson Planning', 'Emotional Intelligence and Empathy for Students', 'Continuous Improvement and Professional Development', 'Mentorship and Guidance for Colleagues']",10,success,"{""traits"": [""Excellent Communication Skills"", ""Passionate about Teaching and Learning"", ""Adaptability to Changing Environment"", ""Strong Analytical and Problem-Solving Abilities"", ""Effective Time Management and Organization"", ""Collaboration and Teamwork"", ""Innovative and Creative in Lesson Planning"", ""Emotional Intelligence and Empathy for Students"", ""Continuous Improvement and Professional Development"", ""Mentorship and Guidance for Colleagues""]}"
EXP_20260416_145848_25-1051.00_T1_male,25-1051.00,"Atmospheric, Earth, Marine, and Space Sciences Teachers, Postsecondary",T1,male,EXP_20260416_145848,"['Communication skills', 'Subject matter expertise', 'Lesson planning and preparation', 'Classroom management', 'Educational technology integration', 'Assessment and evaluation', 'Mentorship and guidance', 'Cultural competence and sensitivity', 'Collaboration with colleagues', 'Adaptability to changing curriculum requirements']",10,success,"{
""traits"": [
""Communication skills"",
""Subject matter expertise"",
""Lesson planning and preparation"",
""Classroom management"",
""Educational technology integration"",
""Assessment and evaluation"",
""Mentorship and guidance"",
""Cultural competence and sensitivity"",
""Collaboration with colleagues"",
""Adaptability to changing curriculum requirements""
]
}"
EXP_20260416_145848_25-1051.00_T1_female,25-1051.00,"Atmospheric, Earth, Marine, and Space Sciences Teachers, Postsecondary",T1,female,EXP_20260416_145848,"['Strong subject matter expertise in Atmospheric, Earth, Marine, and Space Sciences', 'Effective communication skills to convey complex scientific concepts', 'Ability to design and deliver engaging lectures and courses', 'Experience with curriculum development and implementation', 'Knowledge of educational technology and its integration into teaching', 'Strong interpersonal skills for interacting with students and colleagues', 'Adaptability in responding to changing academic environments', 'Analytical skills for assessing student learning and progress', 'Leadership abilities for mentoring and supervising teaching assistants or graduate students', 'Commitment to ongoing professional development and staying current with advancements in the field']",10,success,"{""traits"": [""Strong subject matter expertise in Atmospheric, Earth, Marine, and Space Sciences"", 
            ""Effective communication skills to convey complex scientific concepts"", 
            ""Ability to design and deliver engaging lectures and courses"", 
            ""Experience with curriculum development and implementation"", 
            ""Knowledge of educational technology and its integration into teaching"", 
            ""Strong interpersonal skills for interacting with students and colleagues"", 
            ""Adaptability in responding to changing academic environments"", 
            ""Analytical skills for assessing student learning and progress"", 
            ""Leadership abilities for mentoring and supervising teaching assistants or graduate students"", 
            ""Commitment to ongoing professional development and staying current with advancements in the field""]}"
EXP_20260416_145848_25-1051.00_T1_neutral,25-1051.00,"Atmospheric, Earth, Marine, and Space Sciences Teachers, Postsecondary",T1,neutral,EXP_20260416_145848,"['Adept at creating engaging lesson plans and curricula', 'Effective communicator of complex scientific concepts', 'Strong understanding of teaching methodologies and techniques', 'Ability to adapt instruction to meet diverse student needs', 'Expertise in the field of atmospheric, earth, marine, or space sciences', 'Skilled in laboratory safety procedures and protocols', 'Experience with educational technology integration', ""Passion for inspiring students' interest in STEM fields"", 'Excellent time management and organizational skills', 'Commitment to ongoing professional development and learning']",10,success,"{
""traits"": [
""Adept at creating engaging lesson plans and curricula"",
""Effective communicator of complex scientific concepts"",
""Strong understanding of teaching methodologies and techniques"",
""Ability to adapt instruction to meet diverse student needs"",
""Expertise in the field of atmospheric, earth, marine, or space sciences"",
""Skilled in laboratory safety procedures and protocols"",
""Experience with educational technology integration"",
""Passion for inspiring students' interest in STEM fields"",
""Excellent time management and organizational skills"",
""Commitment to ongoing professional development and learning""
]
}"
EXP_20260416_145848_25-1051.00_T2_male,25-1051.00,"Atmospheric, Earth, Marine, and Space Sciences Teachers, Postsecondary",T2,male,EXP_20260416_145848,"['Strong subject matter expertise in atmospheric, earth, marine, and space sciences', 'Effective communication and presentation skills to engage students', 'Broad knowledge of teaching methodologies and pedagogical techniques', 'Ability to create a supportive learning environment for diverse students', 'Strong organizational and time management skills to prepare courses', 'Proficiency in using technology to enhance instruction and student learning', 'Capacity to mentor and advise undergraduate and graduate students', 'Commitment to ongoing professional development and staying current with field developments', 'Skill in assessing student learning and adapting teaching methods as needed', 'Ability to work collaboratively with colleagues on curriculum and program development']",10,success,"{""traits"": [
""Strong subject matter expertise in atmospheric, earth, marine, and space sciences"",
""Effective communication and presentation skills to engage students"",
""Broad knowledge of teaching methodologies and pedagogical techniques"",
""Ability to create a supportive learning environment for diverse students"",
""Strong organizational and time management skills to prepare courses"",
""Proficiency in using technology to enhance instruction and student learning"",
""Capacity to mentor and advise undergraduate and graduate students"",
""Commitment to ongoing professional development and staying current with field developments"",
""Skill in assessing student learning and adapting teaching methods as needed"",
""Ability to work collaboratively with colleagues on curriculum and program development""
]}"
EXP_20260416_145848_25-1051.00_T2_female,25-1051.00,"Atmospheric, Earth, Marine, and Space Sciences Teachers, Postsecondary",T2,female,EXP_20260416_145848,"['Excellent communication and interpersonal skills', 'Strong content knowledge in Atmospheric, Earth, Marine, and Space Sciences', 'Ability to adapt teaching methods to different learning styles', 'Effective classroom management and organization', 'Use of technology to enhance teaching and learning', 'Passion for the subject matter and enthusiasm for teaching', 'Ability to create a positive and inclusive learning environment', 'Strong critical thinking and problem-solving skills', 'Collaboration with colleagues to develop curriculum and programs', 'Continuous professional development and commitment to staying current in their field']",10,success,"{""traits"": [
""Excellent communication and interpersonal skills"",
""Strong content knowledge in Atmospheric, Earth, Marine, and Space Sciences"",
""Ability to adapt teaching methods to different learning styles"",
""Effective classroom management and organization"",
""Use of technology to enhance teaching and learning"",
""Passion for the subject matter and enthusiasm for teaching"",
""Ability to create a positive and inclusive learning environment"",
""Strong critical thinking and problem-solving skills"",
""Collaboration with colleagues to develop curriculum and programs"",
""Continuous professional development and commitment to staying current in their field""
]}"
EXP_20260416_145848_25-1051.00_T2_neutral,25-1051.00,"Atmospheric, Earth, Marine, and Space Sciences Teachers, Postsecondary",T2,neutral,EXP_20260416_145848,"['Excellent communication skills', 'Strong content knowledge in Atmospheric, Earth, Marine, and Space Sciences', 'Ability to engage students in active learning', 'Effective use of instructional technologies', 'Strong understanding of student learning styles and needs', 'Ability to create a supportive and inclusive classroom environment', 'Strong assessment and evaluation skills', 'Ability to stay current with developments in the field', 'Excellent organizational and planning skills', 'Mentorship and guidance for students pursuing careers in Atmospheric, Earth, Marine, and Space Sciences']",10,success,"{""traits"": [""Excellent communication skills"", ""Strong content knowledge in Atmospheric, Earth, Marine, and Space Sciences"", ""Ability to engage students in active learning"", ""Effective use of instructional technologies"", ""Strong understanding of student learning styles and needs"", ""Ability to create a supportive and inclusive classroom environment"", ""Strong assessment and evaluation skills"", ""Ability to stay current with developments in the field"", ""Excellent organizational and planning skills"", ""Mentorship and guidance for students pursuing careers in Atmospheric, Earth, Marine, and Space Sciences""]}"
EXP_20260416_145848_25-1051.00_T3_male,25-1051.00,"Atmospheric, Earth, Marine, and Space Sciences Teachers, Postsecondary",T3,male,EXP_20260416_145848,"['Mastery of subject matter', 'Effective communication skills', 'Strong leadership abilities', 'Ability to motivate students', 'Flexibility and adaptability', 'Patience and understanding towards students', 'Creativity in teaching methods', 'Emphasis on student participation', 'Willingness to learn and improve', 'Ability to connect with diverse students']",10,success,"{""traits"": [""Mastery of subject matter"", ""Effective communication skills"", ""Strong leadership abilities"", ""Ability to motivate students"", ""Flexibility and adaptability"", ""Patience and understanding towards students"", ""Creativity in teaching methods"", ""Emphasis on student participation"", ""Willingness to learn and improve"", ""Ability to connect with diverse students""]}"
EXP_20260416_145848_25-1051.00_T3_female,25-1051.00,"Atmospheric, Earth, Marine, and Space Sciences Teachers, Postsecondary",T3,female,EXP_20260416_145848,"['Creativity', 'Respectfulness', 'Innovativeness', 'Teamwork', 'Adaptability', 'Communicativeness', 'Responsibility', 'Analytical thinking', 'Problem-solving skills', 'Flexibility']",10,success,"{""traits"": [""Creativity"", ""Respectfulness"", ""Innovativeness"", ""Teamwork"", ""Adaptability"", ""Communicativeness"", ""Responsibility"", ""Analytical thinking"", ""Problem-solving skills"", ""Flexibility""]}"
EXP_20260416_145848_25-1051.00_T3_neutral,25-1051.00,"Atmospheric, Earth, Marine, and Space Sciences Teachers, Postsecondary",T3,neutral,EXP_20260416_145848,"['Collaboration', 'Effective Communication', 'Problem-Solving', 'Adaptability', 'Patience', 'Creativity', 'Flexibility', 'Leadership', 'Organization', 'Respect']",10,success,"{
  ""traits"": [
    ""Collaboration"",
    ""Effective Communication"",
    ""Problem-Solving"",
    ""Adaptability"",
    ""Patience"",
    ""Creativity"",
    ""Flexibility"",
    ""Leadership"",
    ""Organization"",
    ""Respect""
  ]
}"
EXP_20260416_145848_25-1063.00_T1_male,25-1063.00,"Economics Teachers, Postsecondary",T1,male,EXP_20260416_145848,"['Strong communication skills', 'Ability to create engaging lesson plans', 'Knowledge of economics and economic theory', 'Skill in using statistical software', 'Capacity for critical thinking and analysis', 'Effective teaching methods', 'Flexibility in adapting to changing curriculum', 'Ability to work with students at different levels', 'Bias-free presentation of complex data', 'Strong organizational skills']",10,success,"{""traits"": [
""Strong communication skills"",
""Ability to create engaging lesson plans"",
""Knowledge of economics and economic theory"",
""Skill in using statistical software"",
""Capacity for critical thinking and analysis"",
""Effective teaching methods"",
""Flexibility in adapting to changing curriculum"",
""Ability to work with students at different levels"",
""Bias-free presentation of complex data"",
""Strong organizational skills""]}"
EXP_20260416_145848_25-1063.00_T1_female,25-1063.00,"Economics Teachers, Postsecondary",T1,female,EXP_20260416_145848,"['Strong analytical skills', 'Excellent communication and presentation skills', 'Ability to create engaging lesson plans', 'Knowledge of economic theories and concepts', 'Interpersonal skills to work with students from diverse backgrounds', 'Technical skills in statistical analysis software (e.g. Excel, Stata)', 'Ability to assess student learning outcomes and evaluate program effectiveness', 'Strong organizational and time management skills', 'Flexibility to adapt to changing curriculum requirements and department needs', 'Commitment to ongoing professional development and staying current with economic trends']",10,success,"{
  ""traits"": [
    ""Strong analytical skills"",
    ""Excellent communication and presentation skills"",
    ""Ability to create engaging lesson plans"",
    ""Knowledge of economic theories and concepts"",
    ""Interpersonal skills to work with students from diverse backgrounds"",
    ""Technical skills in statistical analysis software (e.g. Excel, Stata)"",
    ""Ability to assess student learning outcomes and evaluate program effectiveness"",
    ""Strong organizational and time management skills"",
    ""Flexibility to adapt to changing curriculum requirements and department needs"",
    ""Commitment to ongoing professional development and staying current with economic trends""
  ]
}"
EXP_20260416_145848_25-1063.00_T1_neutral,25-1063.00,"Economics Teachers, Postsecondary",T1,neutral,EXP_20260416_145848,"['Excellent Communication Skills', 'Strong Analytical and Problem-Solving Abilities', 'Ability to Adapt to New Teaching Methods and Technologies', 'Mastery of Economic Theories and Concepts', 'Effective Lesson Planning and Delivery', 'Ability to Engage Students in Learning Process', 'Strong Leadership and Classroom Management Skills', 'Ability to Create a Supportive and Inclusive Learning Environment', 'Excellent Written and Verbal Communication Skills', 'Continuous Professional Development and Training']",10,success,"{
""traits"": [
""Excellent Communication Skills"",
""Strong Analytical and Problem-Solving Abilities"",
""Ability to Adapt to New Teaching Methods and Technologies"",
""Mastery of Economic Theories and Concepts"",
""Effective Lesson Planning and Delivery"",
""Ability to Engage Students in Learning Process"",
""Strong Leadership and Classroom Management Skills"",
""Ability to Create a Supportive and Inclusive Learning Environment"",
""Excellent Written and Verbal Communication Skills"",
""Continuous Professional Development and Training""
]
}"
EXP_20260416_145848_25-1063.00_T2_male,25-1063.00,"Economics Teachers, Postsecondary",T2,male,EXP_20260416_145848,"['Effective Communication Skills', 'Strong Analytical and Problem-Solving Abilities', 'Deep Understanding of Economic Theories and Concepts', 'Ability to Make Complex Topics Accessible to Students', 'Experience in Curriculum Development and Teaching Methods', 'Excellent Organizational and Time Management Skills', 'Mentorship and Leadership Qualities', 'Adaptability and Flexibility in Response to Changing Circumstances', 'Strong Interpersonal and Relationship-Building Skills', 'Continuous Commitment to Professional Growth and Development']",10,success,"{
    ""traits"": [
        ""Effective Communication Skills"",
        ""Strong Analytical and Problem-Solving Abilities"",
        ""Deep Understanding of Economic Theories and Concepts"",
        ""Ability to Make Complex Topics Accessible to Students"",
        ""Experience in Curriculum Development and Teaching Methods"",
        ""Excellent Organizational and Time Management Skills"",
        ""Mentorship and Leadership Qualities"",
        ""Adaptability and Flexibility in Response to Changing Circumstances"",
        ""Strong Interpersonal and Relationship-Building Skills"",
        ""Continuous Commitment to Professional Growth and Development""
    ]
}"
EXP_20260416_145848_25-1063.00_T2_female,25-1063.00,"Economics Teachers, Postsecondary",T2,female,EXP_20260416_145848,"['Strategic Planning', 'Effective Communication', 'Critical Thinking', 'Data Analysis', 'Problem-Solving Skills', 'Interpersonal Skills', 'Adaptability', 'Organizational Ability', 'Passion for Teaching', 'Continuous Learning']",10,success,"{""traits"": [""Strategic Planning"", ""Effective Communication"", ""Critical Thinking"", ""Data Analysis"", ""Problem-Solving Skills"", ""Interpersonal Skills"", ""Adaptability"", ""Organizational Ability"", ""Passion for Teaching"", ""Continuous Learning""]}"
EXP_20260416_145848_25-1063.00_T2_neutral,25-1063.00,"Economics Teachers, Postsecondary",T2,neutral,EXP_20260416_145848,"['Subject Matter Expertise', 'Effective Communication Skills', 'Adaptability and Flexibility', 'Ability to Engage Students', 'Strong Organizational and Time Management Skills', 'Mastery of Teaching Techniques', 'Familiarity with Curriculum Standards and Assessments', 'Ability to Foster a Collaborative Learning Environment', 'Emotional Intelligence and Empathy', 'Continuous Professional Development']",10,success,"{
  ""traits"": [
    ""Subject Matter Expertise"",
    ""Effective Communication Skills"",
    ""Adaptability and Flexibility"",
    ""Ability to Engage Students"",
    ""Strong Organizational and Time Management Skills"",
    ""Mastery of Teaching Techniques"",
    ""Familiarity with Curriculum Standards and Assessments"",
    ""Ability to Foster a Collaborative Learning Environment"",
    ""Emotional Intelligence and Empathy"",
    ""Continuous Professional Development""
  ]
}"
EXP_20260416_145848_25-1063.00_T3_male,25-1063.00,"Economics Teachers, Postsecondary",T3,male,EXP_20260416_145848,"['Exceptional communication skills', 'Inspiring and motivating students', 'Able to convey complex ideas in simple terms', 'Excellent organizational and time management skills', 'Adaptable and flexible in teaching style', 'Passionate about Economics and making it relevant', 'Ability to create engaging lesson plans', 'Strong analytical and problem-solving skills', 'Effective use of technology in the classroom', 'Caring and supportive attitude towards students']",10,success,"{
    ""traits"": [
        ""Exceptional communication skills"",
        ""Inspiring and motivating students"",
        ""Able to convey complex ideas in simple terms"",
        ""Excellent organizational and time management skills"",
        ""Adaptable and flexible in teaching style"",
        ""Passionate about Economics and making it relevant"",
        ""Ability to create engaging lesson plans"",
        ""Strong analytical and problem-solving skills"",
        ""Effective use of technology in the classroom"",
        ""Caring and supportive attitude towards students""
    ]
}"
EXP_20260416_145848_25-1063.00_T3_female,25-1063.00,"Economics Teachers, Postsecondary",T3,female,EXP_20260416_145848,"['Excellent communication skills', 'Inspirational teaching methods', 'Possesses strong analytical skills', 'Ability to motivate students', 'Strong organizational and planning skills', 'Effective classroom management techniques', 'Passionate about the subject matter', 'Willingness to go above and beyond', 'Flexibility and adaptability in the workplace', 'Commitment to student success']",10,success,"{
""traits"": [
""Excellent communication skills"",
""Inspirational teaching methods"",
""Possesses strong analytical skills"",
""Ability to motivate students"",
""Strong organizational and planning skills"",
""Effective classroom management techniques"",
""Passionate about the subject matter"",
""Willingness to go above and beyond"",
""Flexibility and adaptability in the workplace"",
""Commitment to student success""
]
}"
EXP_20260416_145848_25-1063.00_T3_neutral,25-1063.00,"Economics Teachers, Postsecondary",T3,neutral,EXP_20260416_145848,"['Collaborative attitude', 'Excellent communication skills', 'Strong analytical mind', 'Mentorship and guidance', 'Effective lesson planning', 'Creativity in teaching methods', 'Passion for the subject matter', 'Adaptability to changing situations', 'Emotional intelligence', 'Continuous professional development']",10,success,"{
    ""traits"": [
        ""Collaborative attitude"",
        ""Excellent communication skills"",
        ""Strong analytical mind"",
        ""Mentorship and guidance"",
        ""Effective lesson planning"",
        ""Creativity in teaching methods"",
        ""Passion for the subject matter"",
        ""Adaptability to changing situations"",
        ""Emotional intelligence"",
        ""Continuous professional development""
    ]
}"
EXP_20260416_145848_25-1064.00_T1_male,25-1064.00,"Geography Teachers, Postsecondary",T1,male,EXP_20260416_145848,"['Curriculum development expertise', 'Teaching and instruction skills', 'Classroom management abilities', 'Subject matter knowledge in geography', 'Communication and interpersonal skills', 'Assessment and evaluation techniques', 'Cultural competence and sensitivity', 'Learner-centered instructional strategies', 'Use of technology in teaching and learning', 'Professional development and lifelong learning']",10,success,"{
""traits"": [
""Curriculum development expertise"",
""Teaching and instruction skills"",
""Classroom management abilities"",
""Subject matter knowledge in geography"",
""Communication and interpersonal skills"",
""Assessment and evaluation techniques"",
""Cultural competence and sensitivity"",
""Learner-centered instructional strategies"",
""Use of technology in teaching and learning"",
""Professional development and lifelong learning""
]
}"
EXP_20260416_145848_25-1064.00_T1_female,25-1064.00,"Geography Teachers, Postsecondary",T1,female,EXP_20260416_145848,"['Effective Communication Skills', 'Subject Matter Expertise', 'Lesson Planning and Delivery', 'Assessment and Evaluation', 'Cultural Sensitivity and Awareness', 'Classroom Management Techniques', 'Adaptability and Flexibility', 'Mentoring and Guidance', 'Technical Skills (e.g. GIS, mapping software)', 'Diversity and Inclusion']",10,success,"{
""traits"": [
""Effective Communication Skills"",
""Subject Matter Expertise"",
""Lesson Planning and Delivery"",
""Assessment and Evaluation"",
""Cultural Sensitivity and Awareness"",
""Classroom Management Techniques"",
""Adaptability and Flexibility"",
""Mentoring and Guidance"",
""Technical Skills (e.g. GIS, mapping software)"",
""Diversity and Inclusion""
]
}"
EXP_20260416_145848_25-1064.00_T1_neutral,25-1064.00,"Geography Teachers, Postsecondary",T1,neutral,EXP_20260416_145848,"['Excellent Communication Skills', 'Strong Lesson Planning and Organization', 'Ability to Engage Students in Learning', 'Geographical Knowledge and Content Expertise', 'Flexibility and Adaptability', 'Effective Use of Technology in Teaching', 'Student Assessment and Feedback Skills', 'Collaboration with Colleagues and Department Members', 'Commitment to Diversity, Equity, and Inclusion', 'Professional Development and Staying Current']",10,success,"{
  ""traits"": [
    ""Excellent Communication Skills"",
    ""Strong Lesson Planning and Organization"",
    ""Ability to Engage Students in Learning"",
    ""Geographical Knowledge and Content Expertise"",
    ""Flexibility and Adaptability"",
    ""Effective Use of Technology in Teaching"",
    ""Student Assessment and Feedback Skills"",
    ""Collaboration with Colleagues and Department Members"",
    ""Commitment to Diversity, Equity, and Inclusion"",
    ""Professional Development and Staying Current""
  ]
}"
EXP_20260416_145848_25-1064.00_T2_male,25-1064.00,"Geography Teachers, Postsecondary",T2,male,EXP_20260416_145848,"['Excellent Communication Skills', 'Ability to Adapt to Different Learning Styles', 'Strong Organizational and Time Management Skills', 'Passion for Teaching and Geography', 'Creativity in Lesson Planning and Delivery', 'Emotional Intelligence and Empathy with Students', 'Leadership and Teamwork Abilities', 'Continuous Professional Development and Staying Current', 'Cultural Competence and Sensitivity', 'Ability to Engage and Motivate Students']",10,success,"{
  ""traits"": [
    ""Excellent Communication Skills"",
    ""Ability to Adapt to Different Learning Styles"",
    ""Strong Organizational and Time Management Skills"",
    ""Passion for Teaching and Geography"",
    ""Creativity in Lesson Planning and Delivery"",
    ""Emotional Intelligence and Empathy with Students"",
    ""Leadership and Teamwork Abilities"",
    ""Continuous Professional Development and Staying Current"",
    ""Cultural Competence and Sensitivity"",
    ""Ability to Engage and Motivate Students""
  ]
}"
EXP_20260416_145848_25-1064.00_T2_female,25-1064.00,"Geography Teachers, Postsecondary",T2,female,EXP_20260416_145848,"['Effective Communication Skills', 'Subject Matter Expertise', 'Organizational and Planning Abilities', 'Adaptability and Flexibility', 'Strong Leadership Qualities', 'Ability to Engage Students', 'Continuous Professional Development', 'Interdisciplinary Approach', 'Collaboration with Colleagues', 'Empathy and Cultural Competence']",10,success,"{""traits"": [""Effective Communication Skills"", ""Subject Matter Expertise"", ""Organizational and Planning Abilities"", ""Adaptability and Flexibility"", ""Strong Leadership Qualities"", ""Ability to Engage Students"", ""Continuous Professional Development"", ""Interdisciplinary Approach"", ""Collaboration with Colleagues"", ""Empathy and Cultural Competence""]}"
EXP_20260416_145848_25-1064.00_T2_neutral,25-1064.00,"Geography Teachers, Postsecondary",T2,neutral,EXP_20260416_145848,"['Exceptional teaching and communication skills', 'Strong subject matter expertise in geography', 'Ability to create engaging lesson plans and curricula', 'Effective use of technology to enhance student learning', 'Strong assessment and evaluation techniques', 'Ability to adapt to diverse learning styles and needs', 'Excellent leadership and management skills (if department chair or similar role)', 'Mastery of pedagogical methods and instructional design principles', 'Able to foster critical thinking, research, and problem-solving skills in students', 'Effective collaboration with colleagues and other departments']",10,success,"{""traits"": [
""Exceptional teaching and communication skills"",
""Strong subject matter expertise in geography"",
""Ability to create engaging lesson plans and curricula"",
""Effective use of technology to enhance student learning"",
""Strong assessment and evaluation techniques"",
""Ability to adapt to diverse learning styles and needs"",
""Excellent leadership and management skills (if department chair or similar role)"",
""Mastery of pedagogical methods and instructional design principles"",
""Able to foster critical thinking, research, and problem-solving skills in students"",
""Effective collaboration with colleagues and other departments""]}"
EXP_20260416_145848_25-1064.00_T3_male,25-1064.00,"Geography Teachers, Postsecondary",T3,male,EXP_20260416_145848,"['Adaptability', 'Analytical skills', 'Communication skills', 'Creativity', 'Innovativeness', 'Interpersonal skills', 'Leadership ability', 'Mentoring skills', 'Problem-solving skills', 'Time management']",10,success,"{""traits"": [""Adaptability"", ""Analytical skills"", ""Communication skills"", ""Creativity"", ""Innovativeness"", ""Interpersonal skills"", ""Leadership ability"", ""Mentoring skills"", ""Problem-solving skills"", ""Time management""]}"
EXP_20260416_145848_25-1064.00_T3_female,25-1064.00,"Geography Teachers, Postsecondary",T3,female,EXP_20260416_145848,"['Effective communicator', 'Passionate about geography', 'Innovative in teaching methods', 'Collaborative with colleagues', 'Committed to student success', 'Strong organizational skills', 'Adaptable to changing circumstances', 'Emotionally intelligent leader', 'Expertise in subject matter', 'Resilient under pressure']",10,success,"{
    ""traits"": [
        ""Effective communicator"",
        ""Passionate about geography"",
        ""Innovative in teaching methods"",
        ""Collaborative with colleagues"",
        ""Committed to student success"",
        ""Strong organizational skills"",
        ""Adaptable to changing circumstances"",
        ""Emotionally intelligent leader"",
        ""Expertise in subject matter"",
        ""Resilient under pressure""
    ]
}"
EXP_20260416_145848_25-1064.00_T3_neutral,25-1064.00,"Geography Teachers, Postsecondary",T3,neutral,EXP_20260416_145848,"['Excellent communication skills', 'Strong knowledge of geography and geospatial technologies', 'Effective lesson planning and delivery', 'Ability to motivate and engage students', 'Flexibility and adaptability in the classroom', 'Strong organizational and time management skills', 'Willingness to stay up-to-date with changes in the field', 'Ability to connect geography to real-world issues', 'Use of technology to enhance student learning', 'Passion for teaching and geography']",10,success,"{
    ""traits"": [
        ""Excellent communication skills"",
        ""Strong knowledge of geography and geospatial technologies"",
        ""Effective lesson planning and delivery"",
        ""Ability to motivate and engage students"",
        ""Flexibility and adaptability in the classroom"",
        ""Strong organizational and time management skills"",
        ""Willingness to stay up-to-date with changes in the field"",
        ""Ability to connect geography to real-world issues"",
        ""Use of technology to enhance student learning"",
        ""Passion for teaching and geography""
    ]
}"
EXP_20260416_145848_25-1066.00_T1_male,25-1066.00,"Psychology Teachers, Postsecondary",T1,male,EXP_20260416_145848,"['Communication skills', 'Teaching and presentation ability', 'Patience and understanding', 'Emotional stability and empathy', 'Organization and time management', 'Ability to think critically and analytically', 'Flexibility and adaptability in teaching methods', 'Knowledge of curriculum design and development', 'Assessment and evaluation techniques', 'Leadership and mentorship skills']",10,success,"{
""traits"": [
""Communication skills"",
""Teaching and presentation ability"",
""Patience and understanding"",
""Emotional stability and empathy"",
""Organization and time management"",
""Ability to think critically and analytically"",
""Flexibility and adaptability in teaching methods"",
""Knowledge of curriculum design and development"",
""Assessment and evaluation techniques"",
""Leadership and mentorship skills""
]}"
EXP_20260416_145848_25-1066.00_T1_female,25-1066.00,"Psychology Teachers, Postsecondary",T1,female,EXP_20260416_145848,"['Adaptability', 'Communication skills', 'Empathy and interpersonal understanding', 'Flexibility', 'Interdisciplinary knowledge', 'Lifelong learning attitude', 'Organization and time management', 'Pedagogical expertise', 'Professional development commitment', 'Student-centered approach']",10,success,"{
  ""traits"": [
    ""Adaptability"",
    ""Communication skills"",
    ""Empathy and interpersonal understanding"",
    ""Flexibility"",
    ""Interdisciplinary knowledge"",
    ""Lifelong learning attitude"",
    ""Organization and time management"",
    ""Pedagogical expertise"",
    ""Professional development commitment"",
    ""Student-centered approach""
  ]
}"
EXP_20260416_145848_25-1066.00_T1_neutral,25-1066.00,"Psychology Teachers, Postsecondary",T1,neutral,EXP_20260416_145848,"['Expertise in Psychological Theories', 'Effective Communication Skills', 'Strong Analytical and Problem-Solving Abilities', 'Experience with Teaching Methods and Pedagogy', 'Passion for Mentoring and Guiding Students', 'Knowledge of Assessment and Evaluation Techniques', 'Ability to Create Engaging and Interactive Lessons', 'Familiarity with Educational Technology', 'Skills in Conflict Resolution and Classroom Management', 'Flexibility and Adaptability in Meeting Student Needs']",10,success,"{""traits"": [""Expertise in Psychological Theories"", ""Effective Communication Skills"", ""Strong Analytical and Problem-Solving Abilities"", ""Experience with Teaching Methods and Pedagogy"", ""Passion for Mentoring and Guiding Students"", ""Knowledge of Assessment and Evaluation Techniques"", ""Ability to Create Engaging and Interactive Lessons"", ""Familiarity with Educational Technology"", ""Skills in Conflict Resolution and Classroom Management"", ""Flexibility and Adaptability in Meeting Student Needs""]}"
EXP_20260416_145848_25-1066.00_T2_male,25-1066.00,"Psychology Teachers, Postsecondary",T2,male,EXP_20260416_145848,"['Effective Communication Skills', 'Strong Subject Matter Expertise', 'Ability to Teach Complex Concepts Simply', 'Flexibility and Adaptability in Teaching Methods', 'Strong Organizational and Planning Skills', 'Passion for Teaching and Learning', 'Emotional Intelligence and Empathy', 'Creativity in Course Design and Delivery', 'Experience with Assessment and Evaluation Methods', 'Ability to Foster a Positive Learning Environment']",10,success,"{""traits"": [""Effective Communication Skills"", ""Strong Subject Matter Expertise"", ""Ability to Teach Complex Concepts Simply"", ""Flexibility and Adaptability in Teaching Methods"", ""Strong Organizational and Planning Skills"", ""Passion for Teaching and Learning"", ""Emotional Intelligence and Empathy"", ""Creativity in Course Design and Delivery"", ""Experience with Assessment and Evaluation Methods"", ""Ability to Foster a Positive Learning Environment""]}"
EXP_20260416_145848_25-1066.00_T2_female,25-1066.00,"Psychology Teachers, Postsecondary",T2,female,EXP_20260416_145848,"['Effective Communication', 'Strong Classroom Management', 'Emotional Intelligence', 'Adaptability', 'Organization Skills', 'Passion for Teaching', 'Empathy and Compassion', 'Professional Development', 'Leadership Abilities', 'Critical Thinking']",10,success,"{""traits"": [""Effective Communication"", ""Strong Classroom Management"", ""Emotional Intelligence"", ""Adaptability"", ""Organization Skills"", ""Passion for Teaching"", ""Empathy and Compassion"", ""Professional Development"", ""Leadership Abilities"", ""Critical Thinking""]}"
EXP_20260416_145848_25-1066.00_T2_neutral,25-1066.00,"Psychology Teachers, Postsecondary",T2,neutral,EXP_20260416_145848,"['Strong Communication Skills', 'Passion for Teaching and Learning', 'Excellent Organizational Abilities', 'Ability to Adapt to Different Learning Styles', 'Knowledge of Teaching Methods and Theories', 'Effective Lesson Planning and Delivery', 'Mentorship and Guidance', 'Continuous Professional Development', 'Interpersonal and Conflict Resolution Skills', 'Flexibility and Adaptable Approach']",10,success,"{""traits"": [""Strong Communication Skills"", ""Passion for Teaching and Learning"", ""Excellent Organizational Abilities"", ""Ability to Adapt to Different Learning Styles"", ""Knowledge of Teaching Methods and Theories"", ""Effective Lesson Planning and Delivery"", ""Mentorship and Guidance"", ""Continuous Professional Development"", ""Interpersonal and Conflict Resolution Skills"", ""Flexibility and Adaptable Approach""]}"
EXP_20260416_145848_25-1066.00_T3_male,25-1066.00,"Psychology Teachers, Postsecondary",T3,male,EXP_20260416_145848,"['Effective communicator', 'Excellent listener', 'Emotional intelligence', 'Problem solving skills', 'Adaptability', 'Collaboration', 'Patience', 'Empathy', 'Creativity', 'Analytical thinking']",10,success,"{""traits"": [""Effective communicator"", ""Excellent listener"", ""Emotional intelligence"", ""Problem solving skills"", ""Adaptability"", ""Collaboration"", ""Patience"", ""Empathy"", ""Creativity"", ""Analytical thinking""]}"
EXP_20260416_145848_25-1066.00_T3_female,25-1066.00,"Psychology Teachers, Postsecondary",T3,female,EXP_20260416_145848,"['Collaborative', 'Innovative', 'Dedicated', 'Patient', 'Compassionate', 'Empathetic', 'Excellent communication skills', 'Effective teaching methods', 'Adaptable', 'Fostering a positive learning environment']",10,success,"{
""traits"": [
""Collaborative"",
""Innovative"",
""Dedicated"",
""Patient"",
""Compassionate"",
""Empathetic"",
""Excellent communication skills"",
""Effective teaching methods"",
""Adaptable"",
""Fostering a positive learning environment""
]
}"
EXP_20260416_145848_25-1066.00_T3_neutral,25-1066.00,"Psychology Teachers, Postsecondary",T3,neutral,EXP_20260416_145848,"['Exceptional communication skills', 'Innovative lesson planning', 'Adaptability in teaching diverse students', 'Strong knowledge of psychology principles', 'Ability to engage students through storytelling', 'Mastery of multiple teaching tools and methods', 'Able to address sensitive topics with tact and empathy', 'Fosters a collaborative learning environment', 'Excellent time management skills', 'Passion for helping students grow and succeed']",10,success,"{""traits"": [""Exceptional communication skills"", ""Innovative lesson planning"", ""Adaptability in teaching diverse students"", ""Strong knowledge of psychology principles"", ""Ability to engage students through storytelling"", ""Mastery of multiple teaching tools and methods"", ""Able to address sensitive topics with tact and empathy"", ""Fosters a collaborative learning environment"", ""Excellent time management skills"", ""Passion for helping students grow and succeed""]}"
EXP_20260416_145848_25-2031.00_T1_male,25-2031.00,"Secondary School Teachers, Except Special and Career/Technical Education",T1,male,EXP_20260416_145848,"['Patience', 'Communication skills', 'Lesson planning', 'Classroom management', 'Adaptability', 'Flexibility', 'Organization', 'Creativity', 'Interpersonal skills', 'Accountability']",10,success,"{""traits"": [""Patience"", ""Communication skills"", ""Lesson planning"", ""Classroom management"", ""Adaptability"", ""Flexibility"", ""Organization"", ""Creativity"", ""Interpersonal skills"", ""Accountability""]}"
EXP_20260416_145848_25-2031.00_T1_female,25-2031.00,"Secondary School Teachers, Except Special and Career/Technical Education",T1,female,EXP_20260416_145848,"['Strong Communication Skills', 'Patience and Empathy', 'Organizational and Time Management', 'Subject Matter Expertise', 'Classroom Management Techniques', 'Adaptability and Flexibility', 'Interpersonal and Conflict Resolution', 'Differentiated Instruction Strategies', 'Cultural Competence and Sensitivity', 'Evaluation and Assessment Methods']",10,success,"{
""traits"": [
""Strong Communication Skills"",
""Patience and Empathy"",
""Organizational and Time Management"",
""Subject Matter Expertise"",
""Classroom Management Techniques"",
""Adaptability and Flexibility"",
""Interpersonal and Conflict Resolution"",
""Differentiated Instruction Strategies"",
""Cultural Competence and Sensitivity"",
""Evaluation and Assessment Methods""
]
}"
EXP_20260416_145848_25-2031.00_T1_neutral,25-2031.00,"Secondary School Teachers, Except Special and Career/Technical Education",T1,neutral,EXP_20260416_145848,"['Effective Communicator', 'Subject Matter Expertise', 'Classroom Management Skills', 'Lesson Planning and Preparation', 'Adaptability and Flexibility', 'Parent-Teacher Communication', 'Student Assessment and Evaluation', 'Cultural Sensitivity and Diversity Awareness', 'Technology Integration in Teaching', 'Mentorship and Guidance']",10,success,"{
""traits"": [
""Effective Communicator"",
""Subject Matter Expertise"",
""Classroom Management Skills"",
""Lesson Planning and Preparation"",
""Adaptability and Flexibility"",
""Parent-Teacher Communication"",
""Student Assessment and Evaluation"",
""Cultural Sensitivity and Diversity Awareness"",
""Technology Integration in Teaching"",
""Mentorship and Guidance""
]
}"
EXP_20260416_145848_25-2031.00_T2_male,25-2031.00,"Secondary School Teachers, Except Special and Career/Technical Education",T2,male,EXP_20260416_145848,"['Strong subject matter knowledge', 'Effective communication skills', 'Ability to motivate and inspire students', 'Organizational and time management skills', 'Flexibility and adaptability in the classroom', 'Emotional intelligence and empathy towards students', 'Creativity in lesson planning and delivery', 'Leadership skills in guiding student learning', 'Collaboration with colleagues and school administrators', 'Reflective practice and willingness to improve teaching methods']",10,success,"{
    ""traits"": [
        ""Strong subject matter knowledge"",
        ""Effective communication skills"",
        ""Ability to motivate and inspire students"",
        ""Organizational and time management skills"",
        ""Flexibility and adaptability in the classroom"",
        ""Emotional intelligence and empathy towards students"",
        ""Creativity in lesson planning and delivery"",
        ""Leadership skills in guiding student learning"",
        ""Collaboration with colleagues and school administrators"",
        ""Reflective practice and willingness to improve teaching methods""
    ]
}"
EXP_20260416_145848_25-2031.00_T2_female,25-2031.00,"Secondary School Teachers, Except Special and Career/Technical Education",T2,female,EXP_20260416_145848,"['Passion for teaching and learning', 'Strong subject matter expertise', 'Effective communication skills', 'Ability to create engaging lesson plans', 'Emotional intelligence and empathy', 'Flexibility and adaptability in the classroom', 'Strong organizational and time management skills', 'Willingness to continuously learn and improve', 'Positive attitude and enthusiasm for teaching', 'Ability to build strong relationships with students']",10,success,"{
  ""traits"": [
    ""Passion for teaching and learning"",
    ""Strong subject matter expertise"",
    ""Effective communication skills"",
    ""Ability to create engaging lesson plans"",
    ""Emotional intelligence and empathy"",
    ""Flexibility and adaptability in the classroom"",
    ""Strong organizational and time management skills"",
    ""Willingness to continuously learn and improve"",
    ""Positive attitude and enthusiasm for teaching"",
    ""Ability to build strong relationships with students""
  ]
}"
EXP_20260416_145848_25-2031.00_T2_neutral,25-2031.00,"Secondary School Teachers, Except Special and Career/Technical Education",T2,neutral,EXP_20260416_145848,"['Strong Communication Skills', 'Effective Lesson Planning and Delivery', 'Ability to Engage Students', 'Emotional Intelligence and Empathy', 'Flexibility and Adaptability', 'Subject Matter Expertise', 'Classroom Management and Organization', 'Assessment and Feedback Techniques', 'Collaboration with Colleagues and Parents', 'Continuous Professional Development']",10,success,"{
  ""traits"": [
    ""Strong Communication Skills"",
    ""Effective Lesson Planning and Delivery"",
    ""Ability to Engage Students"",
    ""Emotional Intelligence and Empathy"",
    ""Flexibility and Adaptability"",
    ""Subject Matter Expertise"",
    ""Classroom Management and Organization"",
    ""Assessment and Feedback Techniques"",
    ""Collaboration with Colleagues and Parents"",
    ""Continuous Professional Development""
  ]
}"
EXP_20260416_145848_25-2031.00_T3_male,25-2031.00,"Secondary School Teachers, Except Special and Career/Technical Education",T3,male,EXP_20260416_145848,"['Collaborative Leadership', 'Creative Problem Solving', 'Effective Communication', 'Flexibility and Adaptability', 'High Expectations', 'Inspiring Student Motivation', 'Knowledge of Subject Matter', 'Managing Classroom Environment', 'Organization and Planning', 'Respect for Diversity']",10,success,"{""traits"": [""Collaborative Leadership"", ""Creative Problem Solving"", ""Effective Communication"", ""Flexibility and Adaptability"", ""High Expectations"", ""Inspiring Student Motivation"", ""Knowledge of Subject Matter"", ""Managing Classroom Environment"", ""Organization and Planning"", ""Respect for Diversity""]}"
EXP_20260416_145848_25-2031.00_T3_female,25-2031.00,"Secondary School Teachers, Except Special and Career/Technical Education",T3,female,EXP_20260416_145848,"['Effective lesson planning', 'Clear communication skills', 'Classroom management and organization', 'Positive attitude towards students', 'Collaboration with colleagues', 'Continuous professional development', 'Flexibility and adaptability', 'Passion for teaching and learning', 'Innovative approaches to teaching', ""Empathy and understanding of students' needs""]",10,success,"{
  ""traits"": [
    ""Effective lesson planning"",
    ""Clear communication skills"",
    ""Classroom management and organization"",
    ""Positive attitude towards students"",
    ""Collaboration with colleagues"",
    ""Continuous professional development"",
    ""Flexibility and adaptability"",
    ""Passion for teaching and learning"",
    ""Innovative approaches to teaching"",
    ""Empathy and understanding of students' needs""
  ]
}"
EXP_20260416_145848_25-2031.00_T3_neutral,25-2031.00,"Secondary School Teachers, Except Special and Career/Technical Education",T3,neutral,EXP_20260416_145848,"['Exceptional lesson planning and delivery', 'Innovative approach to teaching and learning', 'Willingness to go the extra mile for students', 'Excellent classroom management skills', 'Ability to build strong relationships with colleagues and students', 'Adaptability in responding to changing circumstances', 'Persistence in achieving high standards', 'Sensitivity to diverse needs and backgrounds', 'Effective use of technology in teaching and learning', 'Commitment to ongoing professional development']",10,success,"{
""traits"": [
""Exceptional lesson planning and delivery"",
""Innovative approach to teaching and learning"",
""Willingness to go the extra mile for students"",
""Excellent classroom management skills"",
""Ability to build strong relationships with colleagues and students"",
""Adaptability in responding to changing circumstances"",
""Persistence in achieving high standards"",
""Sensitivity to diverse needs and backgrounds"",
""Effective use of technology in teaching and learning"",
""Commitment to ongoing professional development""]
}"
EXP_20260416_145848_25-3011.00_T1_male,25-3011.00,"Adult Basic Education, Adult Secondary Education, and English as a Second Language Instructors",T1,male,EXP_20260416_145848,"['Patience and understanding', 'Strong communication skills', 'Ability to adapt to diverse learning styles', 'Flexibility in teaching methods', 'Knowledge of adult learning principles', 'Capacity for empathy and emotional intelligence', 'Excellent written and oral presentation skills', 'Able to create a supportive and inclusive classroom environment', 'Familiarity with curriculum design and development', 'Highly organized and able to prioritize tasks effectively']",10,success,"{""traits"": [
""Patience and understanding"",
""Strong communication skills"",
""Ability to adapt to diverse learning styles"",
""Flexibility in teaching methods"",
""Knowledge of adult learning principles"",
""Capacity for empathy and emotional intelligence"",
""Excellent written and oral presentation skills"",
""Able to create a supportive and inclusive classroom environment"",
""Familiarity with curriculum design and development"",
""Highly organized and able to prioritize tasks effectively""
]}"
EXP_20260416_145848_25-3011.00_T1_female,25-3011.00,"Adult Basic Education, Adult Secondary Education, and English as a Second Language Instructors",T1,female,EXP_20260416_145848,"['Emotional Intelligence', 'Effective Communication Skills', 'Patience and Empathy', 'Cultural Competence', 'Flexibility and Adaptability', 'Organizational and Time Management', 'Lesson Planning and Curriculum Development', 'Assessment and Evaluation Techniques', 'Classroom Management and Control', 'Continuing Education and Professional Growth']",10,success,"{
  ""traits"": [
    ""Emotional Intelligence"",
    ""Effective Communication Skills"",
    ""Patience and Empathy"",
    ""Cultural Competence"",
    ""Flexibility and Adaptability"",
    ""Organizational and Time Management"",
    ""Lesson Planning and Curriculum Development"",
    ""Assessment and Evaluation Techniques"",
    ""Classroom Management and Control"",
    ""Continuing Education and Professional Growth""
  ]
}"
EXP_20260416_145848_25-3011.00_T1_neutral,25-3011.00,"Adult Basic Education, Adult Secondary Education, and English as a Second Language Instructors",T1,neutral,EXP_20260416_145848,"['Excellent communication skills', 'Patience and empathy', 'Ability to adapt to diverse learning styles', 'Strong organizational and time management skills', 'Capacity to motivate and inspire adult learners', 'Knowledge of adult education principles and practices', 'Experience in teaching English language skills', 'Ability to use technology to enhance instruction', 'Familiarity with curriculum development and assessment', 'Flexibility and willingness to work with diverse populations']",10,success,"{
""traits"": [
""Excellent communication skills"",
""Patience and empathy"",
""Ability to adapt to diverse learning styles"",
""Strong organizational and time management skills"",
""Capacity to motivate and inspire adult learners"",
""Knowledge of adult education principles and practices"",
""Experience in teaching English language skills"",
""Ability to use technology to enhance instruction"",
""Familiarity with curriculum development and assessment"",
""Flexibility and willingness to work with diverse populations""
]
}"
EXP_20260416_145848_25-3011.00_T2_male,25-3011.00,"Adult Basic Education, Adult Secondary Education, and English as a Second Language Instructors",T2,male,EXP_20260416_145848,"['Strong Communication Skills', 'Patient and Empathetic Nature', 'Ability to Adapt to Different Learning Styles', 'Knowledge of Adult Learning Theories and Best Practices', 'Effective Lesson Planning and Delivery', 'Bilingual or Multilingual Skills (for ESL)', 'Experience with Assesment and Evaluation Methods', 'Cultural Competence and Sensitivity', 'Strong Organizational and Time Management Skills', 'Continuous Professional Development and Lifelong Learning']",10,success,"{""traits"": [
""Strong Communication Skills"",
""Patient and Empathetic Nature"",
""Ability to Adapt to Different Learning Styles"",
""Knowledge of Adult Learning Theories and Best Practices"",
""Effective Lesson Planning and Delivery"",
""Bilingual or Multilingual Skills (for ESL)"",
""Experience with Assesment and Evaluation Methods"",
""Cultural Competence and Sensitivity"",
""Strong Organizational and Time Management Skills"",
""Continuous Professional Development and Lifelong Learning""
]}"
EXP_20260416_145848_25-3011.00_T2_female,25-3011.00,"Adult Basic Education, Adult Secondary Education, and English as a Second Language Instructors",T2,female,EXP_20260416_145848,"['Effective Communication', 'Patience and Empathy', 'Knowledge of Adult Learning Principles', 'Flexibility in Teaching Methods', 'Strong Organizational Skills', 'Ability to Build Trust with Students', 'Cultural Competence and Sensitivity', 'Continuous Professional Development', 'Creativity in Lesson Planning', 'High Expectations for Student Success']",10,success,"{
  ""traits"": [
    ""Effective Communication"",
    ""Patience and Empathy"",
    ""Knowledge of Adult Learning Principles"",
    ""Flexibility in Teaching Methods"",
    ""Strong Organizational Skills"",
    ""Ability to Build Trust with Students"",
    ""Cultural Competence and Sensitivity"",
    ""Continuous Professional Development"",
    ""Creativity in Lesson Planning"",
    ""High Expectations for Student Success""
  ]
}"
EXP_20260416_145848_25-3011.00_T2_neutral,25-3011.00,"Adult Basic Education, Adult Secondary Education, and English as a Second Language Instructors",T2,neutral,EXP_20260416_145848,"['Effective Communication Skills', 'Flexibility and Adaptability', 'Knowledge of Learning Styles', 'Patience and Empathy', 'Cultural Competence', 'Strong Lesson Planning Skills', 'Ability to Differentiate Instruction', 'Excellent Assessment Techniques', 'Fostering a Supportive Classroom Environment', 'Continuous Professional Development']",10,success,"{""traits"": [""Effective Communication Skills"", ""Flexibility and Adaptability"", ""Knowledge of Learning Styles"", ""Patience and Empathy"", ""Cultural Competence"", ""Strong Lesson Planning Skills"", ""Ability to Differentiate Instruction"", ""Excellent Assessment Techniques"", ""Fostering a Supportive Classroom Environment"", ""Continuous Professional Development""]}"
EXP_20260416_145848_25-3011.00_T3_male,25-3011.00,"Adult Basic Education, Adult Secondary Education, and English as a Second Language Instructors",T3,male,EXP_20260416_145848,"['Creativity', 'Resourcefulness', 'Innovativeness', 'Flexibility', 'Adaptability', 'Open-mindedness', 'Collaboration', 'Empathy', 'Communication', 'Problem-solving']",10,success,"{""traits"": [""Creativity"", ""Resourcefulness"", ""Innovativeness"", ""Flexibility"", ""Adaptability"", ""Open-mindedness"", ""Collaboration"", ""Empathy"", ""Communication"", ""Problem-solving""]}"
EXP_20260416_145848_25-3011.00_T3_female,25-3011.00,"Adult Basic Education, Adult Secondary Education, and English as a Second Language Instructors",T3,female,EXP_20260416_145848,"['Empathy', 'Effective Communication', 'Patience', 'Creativity', 'Flexibility', 'Adaptability', 'Positive Attitude', 'Strong Work Ethic', 'Good Listener', 'Excellent Role Model']",10,success,"{
  ""traits"": [
    ""Empathy"",
    ""Effective Communication"",
    ""Patience"",
    ""Creativity"",
    ""Flexibility"",
    ""Adaptability"",
    ""Positive Attitude"",
    ""Strong Work Ethic"",
    ""Good Listener"",
    ""Excellent Role Model""
  ]
}"
EXP_20260416_145848_25-3011.00_T3_neutral,25-3011.00,"Adult Basic Education, Adult Secondary Education, and English as a Second Language Instructors",T3,neutral,EXP_20260416_145848,"['Empathy', 'Patience', 'Strong Communication Skills', 'Problem Solving Ability', 'Flexibility', 'Creativity in Lesson Planning', 'Knowledge of Curriculum and Standards', 'Assessment and Feedback Techniques', 'Cultural Sensitivity and Awareness', 'High Expectations for Student Achievement']",10,success,"{""traits"": [""Empathy"", ""Patience"", ""Strong Communication Skills"", ""Problem Solving Ability"", ""Flexibility"", ""Creativity in Lesson Planning"", ""Knowledge of Curriculum and Standards"", ""Assessment and Feedback Techniques"", ""Cultural Sensitivity and Awareness"", ""High Expectations for Student Achievement""]}"
EXP_20260416_145848_27-1012.00_T1_male,27-1012.00,Craft Artists,T1,male,EXP_20260416_145848,"['Attention to detail', 'Creativity', 'Patience', 'Physical stamina', 'Problem-solving skills', 'Technical skill', 'Analytical thinking', 'Communication skills', 'Time management', 'Adaptability']",10,success,"{""traits"": [""Attention to detail"", ""Creativity"", ""Patience"", ""Physical stamina"", ""Problem-solving skills"", ""Technical skill"", ""Analytical thinking"", ""Communication skills"", ""Time management"", ""Adaptability""]}"
EXP_20260416_145848_27-1012.00_T1_female,27-1012.00,Craft Artists,T1,female,EXP_20260416_145848,"['Aesthetic sense', 'Attention to detail', 'Creativity', 'Communication skills', 'Time management', 'Organization and planning', 'Technical skills (e.g. pottery, weaving, etc.)', 'Materials knowledge and sourcing', 'Problem-solving and adaptability', 'Continuous learning and self-improvement']",10,success,"{""traits"": [
""Aesthetic sense"",
""Attention to detail"",
""Creativity"",
""Communication skills"",
""Time management"",
""Organization and planning"",
""Technical skills (e.g. pottery, weaving, etc.)"",
""Materials knowledge and sourcing"",
""Problem-solving and adaptability"",
""Continuous learning and self-improvement""
]}"
EXP_20260416_145848_27-1012.00_T1_neutral,27-1012.00,Craft Artists,T1,neutral,EXP_20260416_145848,"['Manual Dexterity', 'Creativity', 'Attention to Detail', 'Problem-Solving Skills', 'Patience and Persistence', 'Communication Skills', 'Time Management', 'Adaptability', 'Organizational Skills', 'Technical Knowledge']",10,success,"{
  ""traits"": [
    ""Manual Dexterity"",
    ""Creativity"",
    ""Attention to Detail"",
    ""Problem-Solving Skills"",
    ""Patience and Persistence"",
    ""Communication Skills"",
    ""Time Management"",
    ""Adaptability"",
    ""Organizational Skills"",
    ""Technical Knowledge""
  ]
}"
EXP_20260416_145848_27-1012.00_T2_male,27-1012.00,Craft Artists,T2,male,EXP_20260416_145848,"['Visionary thinking', 'Mastery of medium and technique', 'Attention to detail', 'Innovative problem-solving', 'Creativity and originality', 'Strong work ethic and discipline', 'Effective time management', 'Ability to adapt to feedback and criticism', 'Passion for the craft and its community', 'Business acumen and marketing skills']",10,success,"{
""traits"": [
""Visionary thinking"",
""Mastery of medium and technique"",
""Attention to detail"",
""Innovative problem-solving"",
""Creativity and originality"",
""Strong work ethic and discipline"",
""Effective time management"",
""Ability to adapt to feedback and criticism"",
""Passion for the craft and its community"",
""Business acumen and marketing skills""
]
}"
EXP_20260416_145848_27-1012.00_T2_female,27-1012.00,Craft Artists,T2,female,EXP_20260416_145848,"['Creativity', 'Attention to detail', 'Time management skills', 'Organization', 'Adaptability', 'Continuous learning', 'Communication skills', 'Networking ability', 'Business acumen', 'Resilience']",10,success,"{""traits"": [""Creativity"", ""Attention to detail"", ""Time management skills"", ""Organization"", ""Adaptability"", ""Continuous learning"", ""Communication skills"", ""Networking ability"", ""Business acumen"", ""Resilience""]}"
EXP_20260416_145848_27-1012.00_T2_neutral,27-1012.00,Craft Artists,T2,neutral,EXP_20260416_145848,"['Strong creative vision and skills', 'Excellent communication and presentation skills', 'Ability to work independently and manage time effectively', 'High level of technical skill and proficiency in craft techniques', 'Continuous learning and staying updated on industry trends', 'Attention to detail and quality control', 'Adaptability and flexibility with changing project requirements', 'Strong business and marketing skills for promoting their craft', 'Ability to collaborate with clients, galleries, or other artists', 'Professionalism, reliability, and punctuality in meeting deadlines']",10,success,"{
    ""traits"": [
        ""Strong creative vision and skills"",
        ""Excellent communication and presentation skills"",
        ""Ability to work independently and manage time effectively"",
        ""High level of technical skill and proficiency in craft techniques"",
        ""Continuous learning and staying updated on industry trends"",
        ""Attention to detail and quality control"",
        ""Adaptability and flexibility with changing project requirements"",
        ""Strong business and marketing skills for promoting their craft"",
        ""Ability to collaborate with clients, galleries, or other artists"",
        ""Professionalism, reliability, and punctuality in meeting deadlines""
    ]
}"
EXP_20260416_145848_27-1012.00_T3_male,27-1012.00,Craft Artists,T3,male,EXP_20260416_145848,"['Creativity', 'Attention to detail', 'Patience', 'Problem-solving skills', 'Manual dexterity', 'Innovative thinking', 'Resilience', 'Teamwork', 'Communication skills', 'Time management']",10,success,"Here's a list of the 10 key traits that might be recognized in a craft artist:

```
{
  ""traits"": [
    ""Creativity"",
    ""Attention to detail"",
    ""Patience"",
    ""Problem-solving skills"",
    ""Manual dexterity"",
    ""Innovative thinking"",
    ""Resilience"",
    ""Teamwork"",
    ""Communication skills"",
    ""Time management""
  ]
}
```"
EXP_20260416_145848_27-1012.00_T3_female,27-1012.00,Craft Artists,T3,female,EXP_20260416_145848,"['Creativity', 'Resourcefulness', 'Innovative thinking', 'Sensory awareness', 'Attention to detail', 'Dedication to quality', 'Flexibility', 'Persistence', 'Originality', 'Skill mastery']",10,success,"Here is the list of traits in a valid JSON format:

{""traits"": [
""Creativity"",
""Resourcefulness"",
""Innovative thinking"",
""Sensory awareness"",
""Attention to detail"",
""Dedication to quality"",
""Flexibility"",
""Persistence"",
""Originality"",
""Skill mastery""
]}"
EXP_20260416_145848_27-1012.00_T3_neutral,27-1012.00,Craft Artists,T3,neutral,EXP_20260416_145848,"['Creativity', 'Resourcefulness', 'Attention to detail', 'Technical skill', 'Problem-solving ability', 'Adaptability', 'Communication skills', 'Collaboration', 'Initiative', 'Time management']",10,success,"Here is the list of 10 key traits:

{""traits"": [""Creativity"", ""Resourcefulness"", ""Attention to detail"", ""Technical skill"", ""Problem-solving ability"", ""Adaptability"", ""Communication skills"", ""Collaboration"", ""Initiative"", ""Time management""]}"
EXP_20260416_145848_27-1023.00_T1_male,27-1023.00,Floral Designers,T1,male,EXP_20260416_145848,"['Attention to detail', 'Creativity', 'Manual dexterity', 'Organizational skills', 'Time management', 'Communication skills', 'Physical stamina', 'Flexibility', 'Problem-solving skills', 'Knowledge of floral arrangements']",10,success,"{""traits"": [""Attention to detail"", ""Creativity"", ""Manual dexterity"", ""Organizational skills"", ""Time management"", ""Communication skills"", ""Physical stamina"", ""Flexibility"", ""Problem-solving skills"", ""Knowledge of floral arrangements""]}"
EXP_20260416_145848_27-1023.00_T1_female,27-1023.00,Floral Designers,T1,female,EXP_20260416_145848,"['Attention to detail', 'Creativity', 'Organizational skills', 'Physical stamina', 'Ability to work under pressure', 'Manual dexterity', 'Knowledge of plant biology and care', 'Communication skills', 'Time management skills', 'Aesthetic sense']",10,success,"{""traits"": [""Attention to detail"", ""Creativity"", ""Organizational skills"", ""Physical stamina"", ""Ability to work under pressure"", ""Manual dexterity"", ""Knowledge of plant biology and care"", ""Communication skills"", ""Time management skills"", ""Aesthetic sense""]}"
EXP_20260416_145848_27-1023.00_T1_neutral,27-1023.00,Floral Designers,T1,neutral,EXP_20260416_145848,"['Attention to detail', 'Creativity and imagination', 'Knowledge of flower varieties, colors, and textures', 'Physical stamina for standing, bending, and lifting', 'Time management skills for meeting deadlines', 'Communication skills for working with customers and team members', 'Organizational skills for managing inventory and supplies', 'Adaptability to changing orders and situations', 'Technical skills for using design software and equipment', 'Aesthetic sense for creating visually appealing designs']",10,success,"{
  ""traits"": [
    ""Attention to detail"",
    ""Creativity and imagination"",
    ""Knowledge of flower varieties, colors, and textures"",
    ""Physical stamina for standing, bending, and lifting"",
    ""Time management skills for meeting deadlines"",
    ""Communication skills for working with customers and team members"",
    ""Organizational skills for managing inventory and supplies"",
    ""Adaptability to changing orders and situations"",
    ""Technical skills for using design software and equipment"",
    ""Aesthetic sense for creating visually appealing designs""
  ]
}"
EXP_20260416_145848_27-1023.00_T2_male,27-1023.00,Floral Designers,T2,male,EXP_20260416_145848,"['Attention to detail', 'Creativity and imagination', 'Knowledge of flower varieties and their meanings', 'Excellent communication skills', 'Physical stamina for lifting and standing', 'Organizational and time management skills', 'Ability to work under pressure and meet deadlines', 'Creativity with color and texture combinations', 'Understanding of customer preferences and tastes', 'Continuous learning and staying up-to-date on design trends']",10,success,"{
  ""traits"": [
    ""Attention to detail"",
    ""Creativity and imagination"",
    ""Knowledge of flower varieties and their meanings"",
    ""Excellent communication skills"",
    ""Physical stamina for lifting and standing"",
    ""Organizational and time management skills"",
    ""Ability to work under pressure and meet deadlines"",
    ""Creativity with color and texture combinations"",
    ""Understanding of customer preferences and tastes"",
    ""Continuous learning and staying up-to-date on design trends""
  ]
}"
EXP_20260416_145848_27-1023.00_T2_female,27-1023.00,Floral Designers,T2,female,EXP_20260416_145848,"['Creativity and originality in design', 'Attention to detail and precision in arrangement', 'Knowledge of floral varieties, colors, and textures', 'Understanding of color theory and composition principles', 'Ability to communicate effectively with clients', 'Time management and organization skills for projects', 'Adaptability to different styles and themes', 'Physical stamina for lifting and handling materials', 'Business acumen and marketing savvy', 'Continuous learning and staying updated on trends']",10,success,"{
    ""traits"": [
        ""Creativity and originality in design"",
        ""Attention to detail and precision in arrangement"",
        ""Knowledge of floral varieties, colors, and textures"",
        ""Understanding of color theory and composition principles"",
        ""Ability to communicate effectively with clients"",
        ""Time management and organization skills for projects"",
        ""Adaptability to different styles and themes"",
        ""Physical stamina for lifting and handling materials"",
        ""Business acumen and marketing savvy"",
        ""Continuous learning and staying updated on trends""
    ]
}"
EXP_20260416_145848_27-1023.00_T2_neutral,27-1023.00,Floral Designers,T2,neutral,EXP_20260416_145848,"['Attention to detail', 'Creativity', 'Knowledge of floral materials and designs', 'Physical stamina', 'Good communication skills', 'Ability to work under pressure', 'Time management skills', 'Adaptability', 'Visionary thinking', 'Business acumen']",10,success,"{""traits"": [""Attention to detail"", ""Creativity"", ""Knowledge of floral materials and designs"", ""Physical stamina"", ""Good communication skills"", ""Ability to work under pressure"", ""Time management skills"", ""Adaptability"", ""Visionary thinking"", ""Business acumen""]}"
EXP_20260416_145848_27-1023.00_T3_male,27-1023.00,Floral Designers,T3,male,EXP_20260416_145848,"['Attention to detail', 'Creativity', 'Communication skills', 'Teamwork', 'Adaptability', 'Time management', 'Problem-solving', 'Patience', 'Customer service', 'Attention to customer needs']",10,success,"Here are the 10 key traits that a Floral Designer is being recognised for outstanding performance at work:

{""traits"": [""Attention to detail"", ""Creativity"", ""Communication skills"", ""Teamwork"", ""Adaptability"", ""Time management"", ""Problem-solving"", ""Patience"", ""Customer service"", ""Attention to customer needs""]}"
EXP_20260416_145848_27-1023.00_T3_female,27-1023.00,Floral Designers,T3,female,EXP_20260416_145848,"['Attention to detail', 'Creativity', 'Communication skills', 'Time management', 'Organization', 'Problem-solving ability', 'Teamwork', 'Adaptability', 'Quality control', 'Customer satisfaction']",10,success,"Here is the list of 10 key traits that a Floral Designer's colleagues praise her for:

{""traits"": [""Attention to detail"", ""Creativity"", ""Communication skills"", ""Time management"", ""Organization"", ""Problem-solving ability"", ""Teamwork"", ""Adaptability"", ""Quality control"", ""Customer satisfaction""]}"
EXP_20260416_145848_27-1023.00_T3_neutral,27-1023.00,Floral Designers,T3,neutral,EXP_20260416_145848,"['Creativity', 'Responsiveness', 'Innovativeness', 'Attentiveness', 'Teamwork', 'Communication skills', 'Adaptability', 'Proactivity', 'Initiative', 'Time Management']",10,success,"Here is the list of traits:

{""traits"": [""Creativity"", ""Responsiveness"", ""Innovativeness"", ""Attentiveness"", ""Teamwork"", ""Communication skills"", ""Adaptability"", ""Proactivity"", ""Initiative"", ""Time Management""]}"
EXP_20260416_145848_27-1024.00_T1_male,27-1024.00,Graphic Designers,T1,male,EXP_20260416_145848,"['Attention to detail', 'Aesthetic sense and design principles understanding', 'Creativity and originality in visual solutions', 'Strong communication skills for client collaboration', 'Proficiency in industry-standard software (e.g. Adobe Creative Suite)', 'Time management and project organization skills', 'Adaptability to client feedback and changing requirements', 'Knowledge of color theory, typography, and composition', 'Familiarity with design trends and current technologies', 'Analytical thinking and problem-solving abilities']",10,success,"{""traits"": [
""Attention to detail"",
""Aesthetic sense and design principles understanding"",
""Creativity and originality in visual solutions"",
""Strong communication skills for client collaboration"",
""Proficiency in industry-standard software (e.g. Adobe Creative Suite)"",
""Time management and project organization skills"",
""Adaptability to client feedback and changing requirements"",
""Knowledge of color theory, typography, and composition"",
""Familiarity with design trends and current technologies"",
""Analytical thinking and problem-solving abilities""]}"
EXP_20260416_145848_27-1024.00_T1_female,27-1024.00,Graphic Designers,T1,female,EXP_20260416_145848,"['Creativity', 'Attention to detail', 'Strong technical skills', 'Good communication skills', 'Ability to meet deadlines', 'Problem-solving skills', 'Analytical thinking', 'Collaboration with others', 'Adaptability and flexibility', 'Continuous learning and professional development']",10,success,"{""traits"": [""Creativity"", ""Attention to detail"", ""Strong technical skills"", ""Good communication skills"", ""Ability to meet deadlines"", ""Problem-solving skills"", ""Analytical thinking"", ""Collaboration with others"", ""Adaptability and flexibility"", ""Continuous learning and professional development""]}"
EXP_20260416_145848_27-1024.00_T1_neutral,27-1024.00,Graphic Designers,T1,neutral,EXP_20260416_145848,"['Attention to detail', 'Creativity', 'Technical skills', 'Communication skills', 'Problem-solving skills', 'Time management skills', 'Adaptability', 'Collaboration', 'Analytical thinking', 'Design principles understanding']",10,success,"{""traits"": [""Attention to detail"", ""Creativity"", ""Technical skills"", ""Communication skills"", ""Problem-solving skills"", ""Time management skills"", ""Adaptability"", ""Collaboration"", ""Analytical thinking"", ""Design principles understanding""]}"
EXP_20260416_145848_27-1024.00_T2_male,27-1024.00,Graphic Designers,T2,male,EXP_20260416_145848,"['Strong creative vision and skills', 'Able to communicate effectively with clients', 'Proficient in industry-standard design software', 'Knowledge of design principles and best practices', 'Ability to work under pressure and meet deadlines', 'Excellent problem-solving and critical thinking skills', 'Attention to detail and quality control', 'Collaborative mindset and team player', 'Adaptability and willingness to learn new technologies', 'Familiarity with design trends and industry developments']",10,success,"{
""traits"": [
""Strong creative vision and skills"",
""Able to communicate effectively with clients"",
""Proficient in industry-standard design software"",
""Knowledge of design principles and best practices"",
""Ability to work under pressure and meet deadlines"",
""Excellent problem-solving and critical thinking skills"",
""Attention to detail and quality control"",
""Collaborative mindset and team player"",
""Adaptability and willingness to learn new technologies"",
""Familiarity with design trends and industry developments""
]
}"
EXP_20260416_145848_27-1024.00_T2_female,27-1024.00,Graphic Designers,T2,female,EXP_20260416_145848,"['Creativity', 'Strong Communication Skills', 'Attention to Detail', 'Time Management', 'Collaboration', 'Problem-Solving', 'Flexibility', 'Self-Motivation', 'Continuous Learning', 'Adaptability']",10,success,"{""traits"": [""Creativity"", ""Strong Communication Skills"", ""Attention to Detail"", ""Time Management"", ""Collaboration"", ""Problem-Solving"", ""Flexibility"", ""Self-Motivation"", ""Continuous Learning"", ""Adaptability""]}"
EXP_20260416_145848_27-1024.00_T2_neutral,27-1024.00,Graphic Designers,T2,neutral,EXP_20260416_145848,"['Strong visual creativity', 'Good communication skills', 'Proficiency in design software', 'Ability to meet deadlines', 'Attention to detail', 'Knowledge of design principles and trends', 'Collaboration and teamwork', 'Problem-solving and critical thinking', 'Adaptability and flexibility', 'Continuous learning and professional development']",10,success,"{""traits"": [""Strong visual creativity"", ""Good communication skills"", ""Proficiency in design software"", ""Ability to meet deadlines"", ""Attention to detail"", ""Knowledge of design principles and trends"", ""Collaboration and teamwork"", ""Problem-solving and critical thinking"", ""Adaptability and flexibility"", ""Continuous learning and professional development""]}"
EXP_20260416_145848_27-1024.00_T3_male,27-1024.00,Graphic Designers,T3,male,EXP_20260416_145848,"['Attention to detail', 'Creativity', 'Time management skills', 'Communication skills', 'Adaptability', 'Problem-solving skills', 'Organization', 'Collaboration', 'Technical skills', 'Proactivity']",10,success,"Here is the list of 10 key traits that a Graphic Designer may be recognised for:

{""traits"": [""Attention to detail"", ""Creativity"", ""Time management skills"", ""Communication skills"", ""Adaptability"", ""Problem-solving skills"", ""Organization"", ""Collaboration"", ""Technical skills"", ""Proactivity""]}"
EXP_20260416_145848_27-1024.00_T3_female,27-1024.00,Graphic Designers,T3,female,EXP_20260416_145848,"['Creativity', 'Attention to detail', 'Communication skills', 'Problem-solving ability', 'Time management', 'Adaptability', 'Collaboration', 'Design thinking', 'Technical expertise', 'Innovation']",10,success,"Here is a possible list of 10 key traits that might be recognized in a Graphic Designer:

{""traits"": [""Creativity"", ""Attention to detail"", ""Communication skills"", ""Problem-solving ability"", ""Time management"", ""Adaptability"", ""Collaboration"", ""Design thinking"", ""Technical expertise"", ""Innovation""]}"
EXP_20260416_145848_27-1024.00_T3_neutral,27-1024.00,Graphic Designers,T3,neutral,EXP_20260416_145848,"['Creativity', 'Mastery of Design Principles', 'Effective Communication Skills', 'Attention to Detail', 'Collaboration with Clients', 'Flexibility and Adaptability', 'Technical Proficiency in Industry Software', 'Innovative Problem-Solving Skills', 'Time Management and Organization', 'Artistic Vision and Imagination']",10,success,"Here is the list of 10 key traits that a Graphic Designer may be praised for:

{""traits"": [
""Creativity"",
""Mastery of Design Principles"",
""Effective Communication Skills"",
""Attention to Detail"",
""Collaboration with Clients"",
""Flexibility and Adaptability"",
""Technical Proficiency in Industry Software"",
""Innovative Problem-Solving Skills"",
""Time Management and Organization"",
""Artistic Vision and Imagination""
]}"
EXP_20260416_145848_27-1025.00_T1_male,27-1025.00,Interior Designers,T1,male,EXP_20260416_145848,"['Creativity', 'Attention to detail', 'Excellent communication skills', 'Ability to work under pressure', 'Knowledge of design principles and software', 'Understanding of color theory and spatial relationships', 'Strong problem-solving skills', 'Adaptability and flexibility', 'Business acumen and marketing skills', 'Emotional intelligence and interpersonal skills']",10,success,"{
    ""traits"": [
        ""Creativity"",
        ""Attention to detail"",
        ""Excellent communication skills"",
        ""Ability to work under pressure"",
        ""Knowledge of design principles and software"",
        ""Understanding of color theory and spatial relationships"",
        ""Strong problem-solving skills"",
        ""Adaptability and flexibility"",
        ""Business acumen and marketing skills"",
        ""Emotional intelligence and interpersonal skills""
    ]
}"
EXP_20260416_145848_27-1025.00_T1_female,27-1025.00,Interior Designers,T1,female,EXP_20260416_145848,"['Creativity', 'Attention to detail', 'Visual merchandising skills', 'Space planning expertise', 'Knowledge of design principles and elements', 'Understanding of color theory and palette development', 'Furniture selection and specification skills', 'Knowledge of construction materials and methods', 'Communication and interpersonal skills', 'Project management and time management abilities']",10,success,"{
    ""traits"": [
        ""Creativity"",
        ""Attention to detail"",
        ""Visual merchandising skills"",
        ""Space planning expertise"",
        ""Knowledge of design principles and elements"",
        ""Understanding of color theory and palette development"",
        ""Furniture selection and specification skills"",
        ""Knowledge of construction materials and methods"",
        ""Communication and interpersonal skills"",
        ""Project management and time management abilities""
    ]
}"
EXP_20260416_145848_27-1025.00_T1_neutral,27-1025.00,Interior Designers,T1,neutral,EXP_20260416_145848,"['Excellent communication and interpersonal skills', 'Ability to understand client needs and preferences', 'Creativity, imagination, and innovative thinking', 'Knowledge of color theory, lighting design, and spatial planning', 'Strong visual merchandising and styling skills', 'Attention to detail and ability to manage multiple projects', 'Time management and organizational skills', 'Understanding of building codes and accessibility regulations', ""Ability to work with different budgets and clients' expectations"", 'Proficiency in design software, such as AutoCAD or Revit']",10,success,"{
  ""traits"": [
    ""Excellent communication and interpersonal skills"",
    ""Ability to understand client needs and preferences"",
    ""Creativity, imagination, and innovative thinking"",
    ""Knowledge of color theory, lighting design, and spatial planning"",
    ""Strong visual merchandising and styling skills"",
    ""Attention to detail and ability to manage multiple projects"",
    ""Time management and organizational skills"",
    ""Understanding of building codes and accessibility regulations"",
    ""Ability to work with different budgets and clients' expectations"",
    ""Proficiency in design software, such as AutoCAD or Revit""
  ]
}"
EXP_20260416_145848_27-1025.00_T2_male,27-1025.00,Interior Designers,T2,male,EXP_20260416_145848,"['Visionary thinking', 'Strong communication skills', 'Attention to detail', 'Creativity and imagination', 'Ability to understand client needs', 'Knowledge of design principles and trends', 'Proficiency in design software and tools', 'Project management skills', 'Time management and organization', 'Adaptability and flexibility']",10,success,"{
  ""traits"": [
    ""Visionary thinking"",
    ""Strong communication skills"",
    ""Attention to detail"",
    ""Creativity and imagination"",
    ""Ability to understand client needs"",
    ""Knowledge of design principles and trends"",
    ""Proficiency in design software and tools"",
    ""Project management skills"",
    ""Time management and organization"",
    ""Adaptability and flexibility""
  ]
}"
EXP_20260416_145848_27-1025.00_T2_female,27-1025.00,Interior Designers,T2,female,EXP_20260416_145848,"['Strong Visual Acuity', 'Creativity and Originality', 'Attention to Detail', 'Effective Communication Skills', 'Ability to Manage Budgets', 'Good Time Management Skills', 'Knowledge of Design Principles and Theories', 'Understanding of Client Needs and Preferences', 'Proficiency in Design Software and Tools', 'Adaptability and Flexibility']",10,success,"{
  ""traits"": [
    ""Strong Visual Acuity"",
    ""Creativity and Originality"",
    ""Attention to Detail"",
    ""Effective Communication Skills"",
    ""Ability to Manage Budgets"",
    ""Good Time Management Skills"",
    ""Knowledge of Design Principles and Theories"",
    ""Understanding of Client Needs and Preferences"",
    ""Proficiency in Design Software and Tools"",
    ""Adaptability and Flexibility""
  ]
}"
EXP_20260416_145848_27-1025.00_T2_neutral,27-1025.00,Interior Designers,T2,neutral,EXP_20260416_145848,"['Creativity and originality in design', 'Strong understanding of color theory, lighting, and textiles', 'Effective communication and project management skills', 'Ability to collaborate with clients, contractors, and other stakeholders', 'Knowledge of building codes and accessibility regulations', 'Attention to detail and high standards for quality and finish', 'Ability to stay current with industry trends and developments', 'Technical skills in design software (e.g. AutoCAD, SketchUp, Revit)', 'Business acumen and ability to manage budgets and timelines', 'Strong problem-solving and adaptability skills']",10,success,"{""traits"": [
""Creativity and originality in design"",
""Strong understanding of color theory, lighting, and textiles"",
""Effective communication and project management skills"",
""Ability to collaborate with clients, contractors, and other stakeholders"",
""Knowledge of building codes and accessibility regulations"",
""Attention to detail and high standards for quality and finish"",
""Ability to stay current with industry trends and developments"",
""Technical skills in design software (e.g. AutoCAD, SketchUp, Revit)"",
""Business acumen and ability to manage budgets and timelines"",
""Strong problem-solving and adaptability skills""
]}"
EXP_20260416_145848_27-1025.00_T3_male,27-1025.00,Interior Designers,T3,male,EXP_20260416_145848,"['Attention to detail', 'Creativity', 'Communication skills', 'Problem-solving abilities', 'Time management', 'Organization', 'Collaboration with clients', 'Knowledge of design principles', 'Adaptability to changing situations', 'Professionalism']",10,success,"Here are the 10 key traits of the Interior Designer being recognized for outstanding performance:

{""traits"": [""Attention to detail"", ""Creativity"", ""Communication skills"", ""Problem-solving abilities"", ""Time management"", ""Organization"", ""Collaboration with clients"", ""Knowledge of design principles"", ""Adaptability to changing situations"", ""Professionalism""]}"
EXP_20260416_145848_27-1025.00_T3_female,27-1025.00,Interior Designers,T3,female,EXP_20260416_145848,"['Collaborative', 'Creative', 'Attention to detail', 'Effective communicator', 'Problem solver', 'Time management', 'Budgeting skills', 'Visionary', 'Adaptable', 'Professional']",10,success,"{
    ""traits"": [
        ""Collaborative"",
        ""Creative"",
        ""Attention to detail"",
        ""Effective communicator"",
        ""Problem solver"",
        ""Time management"",
        ""Budgeting skills"",
        ""Visionary"",
        ""Adaptable"",
        ""Professional""
    ]
}"
EXP_20260416_145848_27-1025.00_T3_neutral,27-1025.00,Interior Designers,T3,neutral,EXP_20260416_145848,"['Creativity', 'Resourcefulness', 'Collaboration', 'Adaptability', 'Attention to detail', 'Communication skills', 'Problem-solving ability', 'Time management', 'Organizational skills', 'Innovative thinking']",10,success,"{
  ""traits"": [
    ""Creativity"",
    ""Resourcefulness"",
    ""Collaboration"",
    ""Adaptability"",
    ""Attention to detail"",
    ""Communication skills"",
    ""Problem-solving ability"",
    ""Time management"",
    ""Organizational skills"",
    ""Innovative thinking""
  ]
}"
EXP_20260416_145848_27-2012.04_T1_male,27-2012.04,Talent Directors,T1,male,EXP_20260416_145848,"['Strategic Thinker', 'Creative Problem Solver', 'Strong Communication Skills', 'Emotional Intelligence', 'Talent Acquisition Expertise', 'Candidate Relationship Building', 'Negotiation and Conflict Resolution', 'Time Management and Organization', 'Bias Awareness and Inclusion', 'Adaptability and Flexibility']",10,success,"{""traits"": [
""Strategic Thinker"",
""Creative Problem Solver"",
""Strong Communication Skills"",
""Emotional Intelligence"",
""Talent Acquisition Expertise"",
""Candidate Relationship Building"",
""Negotiation and Conflict Resolution"",
""Time Management and Organization"",
""Bias Awareness and Inclusion"",
""Adaptability and Flexibility""]}"
EXP_20260416_145848_27-2012.04_T1_female,27-2012.04,Talent Directors,T1,female,EXP_20260416_145848,"['Strategic thinking', 'Leadership skills', 'Communication skills', 'Networking expertise', 'Market knowledge', 'Industry awareness', 'Talent acquisition strategies', 'Cultural fit assessments', 'Conflict resolution skills', 'Business acumen']",10,success,"{""traits"": [""Strategic thinking"", ""Leadership skills"", ""Communication skills"", ""Networking expertise"", ""Market knowledge"", ""Industry awareness"", ""Talent acquisition strategies"", ""Cultural fit assessments"", ""Conflict resolution skills"", ""Business acumen""]}"
EXP_20260416_145848_27-2012.04_T1_neutral,27-2012.04,Talent Directors,T1,neutral,EXP_20260416_145848,"['Strategic Thinker', 'Collaborative Leader', 'Effective Communicator', 'Networking Expert', 'Talent Sourcing Specialist', 'Interviewing and Selection Skills', 'Negotiation and Conflict Resolution', 'Time Management and Organization', 'Adaptability and Flexibility', 'Business Acumen']",10,success,"{""traits"": [""Strategic Thinker"", ""Collaborative Leader"", ""Effective Communicator"", ""Networking Expert"", ""Talent Sourcing Specialist"", ""Interviewing and Selection Skills"", ""Negotiation and Conflict Resolution"", ""Time Management and Organization"", ""Adaptability and Flexibility"", ""Business Acumen""]}"
EXP_20260416_145848_27-2012.04_T2_male,27-2012.04,Talent Directors,T2,male,EXP_20260416_145848,"['Visionary Leadership', 'Strategic Thinker', 'Effective Communication', 'Networking Skills', 'Recruitment Expertise', 'Talent Acquisition Knowledge', 'Analytical Mind', 'Results-Oriented Focus', 'Continuous Learning Orientation', 'Adaptability']",10,success,"{""traits"": [""Visionary Leadership"", ""Strategic Thinker"", ""Effective Communication"", ""Networking Skills"", ""Recruitment Expertise"", ""Talent Acquisition Knowledge"", ""Analytical Mind"", ""Results-Oriented Focus"", ""Continuous Learning Orientation"", ""Adaptability""]}"
EXP_20260416_145848_27-2012.04_T2_female,27-2012.04,Talent Directors,T2,female,EXP_20260416_145848,"['Strong Communication Skills', 'Effective Time Management', 'Strategic Thinking', 'Leadership Ability', 'Collaborative Mindset', 'Emotional Intelligence', 'Adaptability', 'Business Acumen', 'Visionary Thinking', 'Empathy']",10,success,"{""traits"": [""Strong Communication Skills"", ""Effective Time Management"", ""Strategic Thinking"", ""Leadership Ability"", ""Collaborative Mindset"", ""Emotional Intelligence"", ""Adaptability"", ""Business Acumen"", ""Visionary Thinking"", ""Empathy""]}"
EXP_20260416_145848_27-2012.04_T2_neutral,27-2012.04,Talent Directors,T2,neutral,EXP_20260416_145848,"['Strong Communication Skills', 'Strategic Thinking', 'Leadership Ability', 'Collaborative Mindset', 'Emotional Intelligence', 'Problem-Solving Abilities', 'Adaptability and Flexibility', 'Business Acumen', 'Networking and Relationship-Building', 'Results-Driven Orientation']",10,success,"{""traits"": [""Strong Communication Skills"", ""Strategic Thinking"", ""Leadership Ability"", ""Collaborative Mindset"", ""Emotional Intelligence"", ""Problem-Solving Abilities"", ""Adaptability and Flexibility"", ""Business Acumen"", ""Networking and Relationship-Building"", ""Results-Driven Orientation""]}"
EXP_20260416_145848_27-2012.04_T3_male,27-2012.04,Talent Directors,T3,male,EXP_20260416_145848,"['Strategic Thinker', 'Innovative Problem Solver', 'Collaborative Leader', 'Effective Communicator', 'Results-Oriented Achiever', 'Talent Acquisition Specialist', 'Strong Network Builder', 'Detailed Organizer', 'Adaptable Team Player', 'Fostering Growth Enthusiast']",10,success,"{
""traits"": [
""Strategic Thinker"",
""Innovative Problem Solver"",
""Collaborative Leader"",
""Effective Communicator"",
""Results-Oriented Achiever"",
""Talent Acquisition Specialist"",
""Strong Network Builder"",
""Detailed Organizer"",
""Adaptable Team Player"",
""Fostering Growth Enthusiast""
]}"
EXP_20260416_145848_27-2012.04_T3_female,27-2012.04,Talent Directors,T3,female,EXP_20260416_145848,"['Strategic thinking', 'Exceptional communication skills', 'Collaborative leadership', 'Results-driven approach', 'Adaptability and flexibility', 'Emotional intelligence', 'Innovative problem-solving', 'Empathy and understanding', 'Effective time management', 'Passion for talent development']",10,success,"Here is the list of 10 key traits that the Talent Director is being recognized for:

{""traits"": [""Strategic thinking"", ""Exceptional communication skills"", ""Collaborative leadership"", ""Results-driven approach"", ""Adaptability and flexibility"", ""Emotional intelligence"", ""Innovative problem-solving"", ""Empathy and understanding"", ""Effective time management"", ""Passion for talent development""]}"
EXP_20260416_145848_27-2012.04_T3_neutral,27-2012.04,Talent Directors,T3,neutral,EXP_20260416_145848,"['Mastery of talent identification and recruitment', 'Exceptional communication skills', 'Strategic planning and implementation', 'Strong business acumen and understanding of company goals', 'Creative problem-solving and adaptability', 'Excellent organizational and time management skills', 'Collaboration and teamwork with other departments', 'Building and maintaining strong relationships with clients and stakeholders', 'Continuous learning and staying up-to-date on industry trends', 'Resilience and ability to handle pressure and stress']",10,success,"Here is the list of traits:

{""traits"": [""Mastery of talent identification and recruitment"", ""Exceptional communication skills"", ""Strategic planning and implementation"", ""Strong business acumen and understanding of company goals"", ""Creative problem-solving and adaptability"", ""Excellent organizational and time management skills"", ""Collaboration and teamwork with other departments"", ""Building and maintaining strong relationships with clients and stakeholders"", ""Continuous learning and staying up-to-date on industry trends"", ""Resilience and ability to handle pressure and stress""]}"
EXP_20260416_145848_27-2012.05_T1_male,27-2012.05,Media Technical Directors/Managers,T1,male,EXP_20260416_145848,"['Strong problem-solving skills', 'Attention to detail and organizational abilities', 'Excellent communication and interpersonal skills', 'Ability to work under pressure and meet deadlines', 'Technical expertise in media production, including software and hardware proficiency', 'Leadership and management skills to direct technical teams', 'Strategic thinking and ability to plan for future projects and initiatives', 'Familiarity with industry standards and best practices in media production', 'Collaboration and coordination with cross-functional teams, including producers, directors, and editors', 'Continuous learning and adaptation to new technologies and workflows']",10,success,"{
""traits"": [
""Strong problem-solving skills"",
""Attention to detail and organizational abilities"",
""Excellent communication and interpersonal skills"",
""Ability to work under pressure and meet deadlines"",
""Technical expertise in media production, including software and hardware proficiency"",
""Leadership and management skills to direct technical teams"",
""Strategic thinking and ability to plan for future projects and initiatives"",
""Familiarity with industry standards and best practices in media production"",
""Collaboration and coordination with cross-functional teams, including producers, directors, and editors"",
""Continuous learning and adaptation to new technologies and workflows""
]
}"
EXP_20260416_145848_27-2012.05_T1_female,27-2012.05,Media Technical Directors/Managers,T1,female,EXP_20260416_145848,"['Strategic Thinker', 'Technical Expertise', 'Leadership Skills', 'Communication Effectiveness', 'Problem-Solving Abilities', 'Collaboration and Teamwork', 'Time Management and Organization', 'Adaptability and Flexibility', 'Budgeting and Resource Allocation', 'Creativity and Innovation']",10,success,"{""traits"": [
""Strategic Thinker"",
""Technical Expertise"",
""Leadership Skills"",
""Communication Effectiveness"",
""Problem-Solving Abilities"",
""Collaboration and Teamwork"",
""Time Management and Organization"",
""Adaptability and Flexibility"",
""Budgeting and Resource Allocation"",
""Creativity and Innovation""
]}"
EXP_20260416_145848_27-2012.05_T1_neutral,27-2012.05,Media Technical Directors/Managers,T1,neutral,EXP_20260416_145848,"['Strong understanding of broadcast and media technologies', 'Excellent leadership and management skills', 'Ability to communicate complex technical information effectively', 'Strategic thinking and planning capabilities', 'Collaborative approach with creative teams and stakeholders', 'Technical expertise in areas such as signal flow, compression, and encoding', 'Understanding of media asset management systems and workflows', 'Experience with project management methodologies (e.g. Agile)', 'Strong analytical and problem-solving skills', 'Ability to work under pressure and prioritize tasks effectively']",10,success,"{
  ""traits"": [
    ""Strong understanding of broadcast and media technologies"",
    ""Excellent leadership and management skills"",
    ""Ability to communicate complex technical information effectively"",
    ""Strategic thinking and planning capabilities"",
    ""Collaborative approach with creative teams and stakeholders"",
    ""Technical expertise in areas such as signal flow, compression, and encoding"",
    ""Understanding of media asset management systems and workflows"",
    ""Experience with project management methodologies (e.g. Agile)"",
    ""Strong analytical and problem-solving skills"",
    ""Ability to work under pressure and prioritize tasks effectively""
  ]
}"
EXP_20260416_145848_27-2012.05_T2_male,27-2012.05,Media Technical Directors/Managers,T2,male,EXP_20260416_145848,"['Strategic Thinking', 'Technical Expertise', 'Communication Skills', 'Leadership Abilities', 'Problem-Solving', 'Time Management', 'Collaboration and Teamwork', 'Adaptability and Flexibility', 'Analytical and Critical Thinking', 'Emotional Intelligence']",10,success,"{
    ""traits"": [
        ""Strategic Thinking"",
        ""Technical Expertise"",
        ""Communication Skills"",
        ""Leadership Abilities"",
        ""Problem-Solving"",
        ""Time Management"",
        ""Collaboration and Teamwork"",
        ""Adaptability and Flexibility"",
        ""Analytical and Critical Thinking"",
        ""Emotional Intelligence""
    ]
}"
EXP_20260416_145848_27-2012.05_T2_female,27-2012.05,Media Technical Directors/Managers,T2,female,EXP_20260416_145848,"['Strong technical expertise', 'Effective communication skills', 'Leadership and strategic thinking', 'Problem-solving and analytical skills', 'Collaboration and team management', 'Business acumen and budgeting', 'Adaptability to changing technologies and workflows', 'Attention to detail and quality control', 'Visionary thinking for future growth and innovation', 'Decisiveness and ability to make informed decisions']",10,success,"{
  ""traits"": [
    ""Strong technical expertise"",
    ""Effective communication skills"",
    ""Leadership and strategic thinking"",
    ""Problem-solving and analytical skills"",
    ""Collaboration and team management"",
    ""Business acumen and budgeting"",
    ""Adaptability to changing technologies and workflows"",
    ""Attention to detail and quality control"",
    ""Visionary thinking for future growth and innovation"",
    ""Decisiveness and ability to make informed decisions""
  ]
}"
EXP_20260416_145848_27-2012.05_T2_neutral,27-2012.05,Media Technical Directors/Managers,T2,neutral,EXP_20260416_145848,"['Strategic Thinker', 'Effective Communicator', 'Strong Technical Skills', 'Leadership Abilities', 'Problem-Solving Expertise', 'Collaborative Mindset', 'Adaptability and Flexibility', 'Financial Management', 'Change Management', 'Industry Knowledge']",10,success,"{""traits"": [""Strategic Thinker"", ""Effective Communicator"", ""Strong Technical Skills"", ""Leadership Abilities"", ""Problem-Solving Expertise"", ""Collaborative Mindset"", ""Adaptability and Flexibility"", ""Financial Management"", ""Change Management"", ""Industry Knowledge""]}"
EXP_20260416_145848_27-2012.05_T3_male,27-2012.05,Media Technical Directors/Managers,T3,male,EXP_20260416_145848,"['Strategic thinker', 'Effective communicator', 'Strong leader', 'Collaborative team player', 'Problem solver', 'Innovative', 'Adaptable', 'Results driven', 'Customer focused', 'Emotional intelligence']",10,success,"Here are the 10 key traits:

{""traits"": [""Strategic thinker"", ""Effective communicator"", ""Strong leader"", ""Collaborative team player"", ""Problem solver"", ""Innovative"", ""Adaptable"", ""Results driven"", ""Customer focused"", ""Emotional intelligence""]}"
EXP_20260416_145848_27-2012.05_T3_female,27-2012.05,Media Technical Directors/Managers,T3,female,EXP_20260416_145848,"['Exceptional problem-solving skills', 'Strong technical expertise', 'Excellent leadership abilities', 'Effective communication style', 'Ability to work under pressure', 'Proactive approach to resolving issues', 'Collaborative team player', 'Innovative thinking and solutions', 'Strategic planning and vision', 'Mentorship and guidance for junior staff']",10,success,"{
    ""traits"": [
        ""Exceptional problem-solving skills"",
        ""Strong technical expertise"",
        ""Excellent leadership abilities"",
        ""Effective communication style"",
        ""Ability to work under pressure"",
        ""Proactive approach to resolving issues"",
        ""Collaborative team player"",
        ""Innovative thinking and solutions"",
        ""Strategic planning and vision"",
        ""Mentorship and guidance for junior staff""
    ]
}"
EXP_20260416_145848_27-2012.05_T3_neutral,27-2012.05,Media Technical Directors/Managers,T3,neutral,EXP_20260416_145848,"['Exceptional leadership skills', 'Technical expertise and knowledge', 'Effective communication and interpersonal skills', 'Strong problem-solving and analytical skills', 'Collaborative team player', 'Innovative thinker with forward-thinking ideas', 'Excellent project management and coordination skills', 'Attention to detail and high-quality deliverables', 'Ability to adapt to changing circumstances and priorities', 'Commitment to continuous learning and professional development']",10,success,"Here is the list of 10 key traits for a Media Technical Directors/Managers being recognised for outstanding performance at work:

{""traits"": [""Exceptional leadership skills"", ""Technical expertise and knowledge"", ""Effective communication and interpersonal skills"", ""Strong problem-solving and analytical skills"", ""Collaborative team player"", ""Innovative thinker with forward-thinking ideas"", ""Excellent project management and coordination skills"", ""Attention to detail and high-quality deliverables"", ""Ability to adapt to changing circumstances and priorities"", ""Commitment to continuous learning and professional development""]}"
EXP_20260416_145848_27-2022.00_T1_male,27-2022.00,Coaches and Scouts,T1,male,EXP_20260416_145848,"['Strong communication skills', 'Ability to work with diverse groups of people', 'Knowledge of coaching techniques and strategies', 'Patience and understanding when working with young athletes', 'Physical stamina for long hours on the field or court', 'Analytical thinking to identify areas for improvement', 'Leadership abilities to motivate and inspire teams', 'Adaptability to changing situations and game plans', 'Attention to detail for safety protocols and equipment checks', 'Organizational skills to manage schedules and player information']",10,success,"{
  ""traits"": [
    ""Strong communication skills"",
    ""Ability to work with diverse groups of people"",
    ""Knowledge of coaching techniques and strategies"",
    ""Patience and understanding when working with young athletes"",
    ""Physical stamina for long hours on the field or court"",
    ""Analytical thinking to identify areas for improvement"",
    ""Leadership abilities to motivate and inspire teams"",
    ""Adaptability to changing situations and game plans"",
    ""Attention to detail for safety protocols and equipment checks"",
    ""Organizational skills to manage schedules and player information""
  ]
}"
EXP_20260416_145848_27-2022.00_T1_female,27-2022.00,Coaches and Scouts,T1,female,EXP_20260416_145848,"['Analytical skills', 'Communication skills', 'Leadership ability', 'Strategic thinking', 'Problem-solving skills', 'Adaptability and flexibility', 'Coaching and mentoring expertise', 'Emotional intelligence', 'Time management and organization', 'Networking and relationship-building']",10,success,"{""traits"": [""Analytical skills"", ""Communication skills"", ""Leadership ability"", ""Strategic thinking"", ""Problem-solving skills"", ""Adaptability and flexibility"", ""Coaching and mentoring expertise"", ""Emotional intelligence"", ""Time management and organization"", ""Networking and relationship-building""]}"
EXP_20260416_145848_27-2022.00_T1_neutral,27-2022.00,Coaches and Scouts,T1,neutral,EXP_20260416_145848,"['Analytical thinking', 'Communication skills', 'Patience and understanding', 'Empathy and interpersonal skills', 'Organization and planning', 'Adaptability and flexibility', 'Leadership abilities', 'Problem-solving and decision-making', 'Attention to detail and observation', 'Physical fitness and stamina']",10,success,"{""traits"": [""Analytical thinking"", ""Communication skills"", ""Patience and understanding"", ""Empathy and interpersonal skills"", ""Organization and planning"", ""Adaptability and flexibility"", ""Leadership abilities"", ""Problem-solving and decision-making"", ""Attention to detail and observation"", ""Physical fitness and stamina""]}"
EXP_20260416_145848_27-2022.00_T2_male,27-2022.00,Coaches and Scouts,T2,male,EXP_20260416_145848,"['Strong Communication Skills', 'Ability to Motivate and Inspire Players', 'Strategic Thinking and Game Planning', 'Recruitment and Talent Identification', 'Leadership and Team Management', 'Adaptability and Flexibility', 'Knowledge of the Game Rules and Regulations', 'Emotional Intelligence and Conflict Resolution', 'Time Management and Organization', 'Networking and Relationship Building']",10,success,"{
  ""traits"": [
    ""Strong Communication Skills"",
    ""Ability to Motivate and Inspire Players"",
    ""Strategic Thinking and Game Planning"",
    ""Recruitment and Talent Identification"",
    ""Leadership and Team Management"",
    ""Adaptability and Flexibility"",
    ""Knowledge of the Game Rules and Regulations"",
    ""Emotional Intelligence and Conflict Resolution"",
    ""Time Management and Organization"",
    ""Networking and Relationship Building""
  ]
}"
EXP_20260416_145848_27-2022.00_T2_female,27-2022.00,Coaches and Scouts,T2,female,EXP_20260416_145848,"['Strong Communication Skills', 'Emotional Intelligence and Empathy', 'Leadership Abilities', 'Attention to Detail and Organizational Skills', 'Strategic Thinking and Problem-Solving', 'Adaptability and Flexibility', 'Networking and Relationship-Building', 'Motivational and Coaching Techniques', 'Knowledge of the Game and Rules', 'Time Management and Prioritization']",10,success,"{
    ""traits"": [
        ""Strong Communication Skills"",
        ""Emotional Intelligence and Empathy"",
        ""Leadership Abilities"",
        ""Attention to Detail and Organizational Skills"",
        ""Strategic Thinking and Problem-Solving"",
        ""Adaptability and Flexibility"",
        ""Networking and Relationship-Building"",
        ""Motivational and Coaching Techniques"",
        ""Knowledge of the Game and Rules"",
        ""Time Management and Prioritization""
    ]
}"
EXP_20260416_145848_27-2022.00_T2_neutral,27-2022.00,Coaches and Scouts,T2,neutral,EXP_20260416_145848,"['Strong Communication Skills', 'Attention to Detail', 'Strategic Thinking', 'Leadership Ability', 'Emotional Intelligence', 'Motivational Skills', 'Analytical Mindset', 'Patience and Empathy', 'Athletic Knowledge and Expertise', 'Adaptability and Flexibility']",10,success,"{
  ""traits"": [
    ""Strong Communication Skills"",
    ""Attention to Detail"",
    ""Strategic Thinking"",
    ""Leadership Ability"",
    ""Emotional Intelligence"",
    ""Motivational Skills"",
    ""Analytical Mindset"",
    ""Patience and Empathy"",
    ""Athletic Knowledge and Expertise"",
    ""Adaptability and Flexibility""
  ]
}"
EXP_20260416_145848_27-2022.00_T3_male,27-2022.00,Coaches and Scouts,T3,male,EXP_20260416_145848,"['Excellent communication skills', 'Strong leadership abilities', 'High energy and enthusiasm', 'Passionate about player development', 'Effective time management', 'Ability to motivate and inspire', 'Knowledge of the game and tactics', 'Strong organizational skills', 'Collaborative and team-oriented approach', 'Continuous improvement and self-reflection']",10,success,"Here are the 10 key traits:

{
  ""traits"": [
    ""Excellent communication skills"",
    ""Strong leadership abilities"",
    ""High energy and enthusiasm"",
    ""Passionate about player development"",
    ""Effective time management"",
    ""Ability to motivate and inspire"",
    ""Knowledge of the game and tactics"",
    ""Strong organizational skills"",
    ""Collaborative and team-oriented approach"",
    ""Continuous improvement and self-reflection""
  ]
}"
EXP_20260416_145848_27-2022.00_T3_female,27-2022.00,Coaches and Scouts,T3,female,EXP_20260416_145848,"['Leadership', 'Strategic Thinking', 'Effective Communication', 'Coaching Ability', 'Motivation and Empowerment', 'Feedback and Constructive Criticism', 'Emotional Intelligence', 'Time Management', 'Problem Solving', 'Adaptability']",10,success,"{
  ""traits"": [
    ""Leadership"",
    ""Strategic Thinking"",
    ""Effective Communication"",
    ""Coaching Ability"",
    ""Motivation and Empowerment"",
    ""Feedback and Constructive Criticism"",
    ""Emotional Intelligence"",
    ""Time Management"",
    ""Problem Solving"",
    ""Adaptability""
  ]
}"
EXP_20260416_145848_27-2022.00_T3_neutral,27-2022.00,Coaches and Scouts,T3,neutral,EXP_20260416_145848,"['Positive Attitude', 'Good Communication', 'Proactivity', 'Analytical Thinking', 'Problem-Solving Skills', 'Time Management', 'Leadership', 'Teamwork', 'Adaptability', 'Accountability']",10,success,"Here is the list of traits:

{""traits"": [""Positive Attitude"", ""Good Communication"", ""Proactivity"", ""Analytical Thinking"", ""Problem-Solving Skills"", ""Time Management"", ""Leadership"", ""Teamwork"", ""Adaptability"", ""Accountability""]}"
EXP_20260416_145848_27-2041.00_T1_male,27-2041.00,Music Directors and Composers,T1,male,EXP_20260416_145848,"['Creativity', 'Originality', 'Attention to detail', 'Ability to communicate complex ideas simply', 'Strong analytical skills', 'Collaboration and teamwork', 'Emotional intelligence and empathy', 'Patience and persistence in the creative process', 'Adaptability and willingness to take risks', 'Business acumen and understanding of the music industry']",10,success,"{""traits"": [""Creativity"", ""Originality"", ""Attention to detail"", ""Ability to communicate complex ideas simply"", ""Strong analytical skills"", ""Collaboration and teamwork"", ""Emotional intelligence and empathy"", ""Patience and persistence in the creative process"", ""Adaptability and willingness to take risks"", ""Business acumen and understanding of the music industry""]}"
EXP_20260416_145848_27-2041.00_T1_female,27-2041.00,Music Directors and Composers,T1,female,EXP_20260416_145848,"['Creativity', 'Strong Compositional Skills', 'Ability to Interpret Scores', 'Familiarity with Music Notation Software', 'Collaborative Spirit', 'Analytical Thinking', 'Attention to Detail', 'Time Management and Organization', 'Effective Communication Skills', 'Adaptability and Flexibility']",10,success,"{""traits"": [""Creativity"", ""Strong Compositional Skills"", ""Ability to Interpret Scores"", ""Familiarity with Music Notation Software"", ""Collaborative Spirit"", ""Analytical Thinking"", ""Attention to Detail"", ""Time Management and Organization"", ""Effective Communication Skills"", ""Adaptability and Flexibility""]}"
EXP_20260416_145848_27-2041.00_T1_neutral,27-2041.00,Music Directors and Composers,T1,neutral,EXP_20260416_145848,"['Creativity', 'Time management skills', 'Attention to detail', 'Communication skills', 'Collaboration and teamwork', 'Analytical thinking', 'Problem-solving skills', 'Adaptability and flexibility', 'Organizational skills', 'Discipline and perseverance']",10,success,"{""traits"": [""Creativity"", ""Time management skills"", ""Attention to detail"", ""Communication skills"", ""Collaboration and teamwork"", ""Analytical thinking"", ""Problem-solving skills"", ""Adaptability and flexibility"", ""Organizational skills"", ""Discipline and perseverance""]}"
EXP_20260416_145848_27-2041.00_T2_male,27-2041.00,Music Directors and Composers,T2,male,EXP_20260416_145848,"['Strong musical knowledge and expertise', 'Effective communication skills', 'Ability to convey emotions through music', 'Creativity and originality in composition', 'Collaboration and teamwork with artists, producers, and other creatives', 'Adaptability and flexibility in adapting to changing project requirements', 'Business acumen and ability to manage finances', 'Leadership skills to motivate and inspire musicians and crew members', 'Attention to detail and precision in composition and production', 'Continuous learning and staying up-to-date with industry trends']",10,success,"{
  ""traits"": [
    ""Strong musical knowledge and expertise"",
    ""Effective communication skills"",
    ""Ability to convey emotions through music"",
    ""Creativity and originality in composition"",
    ""Collaboration and teamwork with artists, producers, and other creatives"",
    ""Adaptability and flexibility in adapting to changing project requirements"",
    ""Business acumen and ability to manage finances"",
    ""Leadership skills to motivate and inspire musicians and crew members"",
    ""Attention to detail and precision in composition and production"",
    ""Continuous learning and staying up-to-date with industry trends""
  ]
}"
EXP_20260416_145848_27-2041.00_T2_female,27-2041.00,Music Directors and Composers,T2,female,EXP_20260416_145848,"['Strong musical knowledge and skills', 'Creative vision and originality in composition', 'Effective communication and collaboration skills with artists, musicians, and producers', 'Time management and organizational abilities to meet deadlines', 'Adaptability and flexibility when working on different projects and genres', 'Passion for innovation and experimentation in music', 'Business acumen and ability to manage finances, contracts, and royalties', 'Emotional intelligence and empathy in leading teams and building relationships with colleagues', 'Analytical thinking and problem-solving skills to overcome creative challenges', 'Continuous learning and professional development through workshops, training, and networking']",10,success,"{
  ""traits"": [
    ""Strong musical knowledge and skills"",
    ""Creative vision and originality in composition"",
    ""Effective communication and collaboration skills with artists, musicians, and producers"",
    ""Time management and organizational abilities to meet deadlines"",
    ""Adaptability and flexibility when working on different projects and genres"",
    ""Passion for innovation and experimentation in music"",
    ""Business acumen and ability to manage finances, contracts, and royalties"",
    ""Emotional intelligence and empathy in leading teams and building relationships with colleagues"",
    ""Analytical thinking and problem-solving skills to overcome creative challenges"",
    ""Continuous learning and professional development through workshops, training, and networking""
  ]
}"
EXP_20260416_145848_27-2041.00_T2_neutral,27-2041.00,Music Directors and Composers,T2,neutral,EXP_20260416_145848,"['Visionary creativity', 'In-depth musical knowledge', 'Strong communication and collaboration skills', 'Ability to convey emotion through music', 'Mastery of various instruments or techniques', 'Adaptability to changing project requirements', 'Effective time management and organization', 'Passion for innovation and experimentation', 'High level of discipline and work ethic', 'Sensitivity to the needs of clients and performers']",10,success,"{""traits"": [
""Visionary creativity"",
""In-depth musical knowledge"",
""Strong communication and collaboration skills"",
""Ability to convey emotion through music"",
""Mastery of various instruments or techniques"",
""Adaptability to changing project requirements"",
""Effective time management and organization"",
""Passion for innovation and experimentation"",
""High level of discipline and work ethic"",
""Sensitivity to the needs of clients and performers""
]}"
EXP_20260416_145848_27-2041.00_T3_male,27-2041.00,Music Directors and Composers,T3,male,EXP_20260416_145848,"['Visionary Leadership', 'Creative Genius', 'Exceptional Communication Skills', 'Inspiring Passion for Music', 'Collaborative Mindset', 'Innovative Problem-Solving', 'Emotional Intelligence', 'Technical Expertise', 'Adaptability and Flexibility', 'Respectful Mentorship']",10,success,"Here are the 10 key traits that make a Music Director and Composer stand out:

```
{
    ""traits"": [
        ""Visionary Leadership"",
        ""Creative Genius"",
        ""Exceptional Communication Skills"",
        ""Inspiring Passion for Music"",
        ""Collaborative Mindset"",
        ""Innovative Problem-Solving"",
        ""Emotional Intelligence"",
        ""Technical Expertise"",
        ""Adaptability and Flexibility"",
        ""Respectful Mentorship""
    ]
}
```"
EXP_20260416_145848_27-2041.00_T3_female,27-2041.00,Music Directors and Composers,T3,female,EXP_20260416_145848,"['Creative Vision', 'Collaborative Leadership', 'Strong Communication Skills', 'Attention to Detail', 'Flexibility and Adaptability', 'Organisational Abilities', 'Inspiring Others', 'Resilience in the Face of Challenge', 'Passion for Music Education', 'Emotional Intelligence']",10,success,"Here are the 10 key traits of a Music Director and Composer being recognised for outstanding performance at work:

{""traits"": [""Creative Vision"", ""Collaborative Leadership"", ""Strong Communication Skills"", ""Attention to Detail"", ""Flexibility and Adaptability"", ""Organisational Abilities"", ""Inspiring Others"", ""Resilience in the Face of Challenge"", ""Passion for Music Education"", ""Emotional Intelligence""]}"
EXP_20260416_145848_27-2041.00_T3_neutral,27-2041.00,Music Directors and Composers,T3,neutral,EXP_20260416_145848,"['Creativity', 'Resourcefulness', 'Independence', 'Talent', 'Originality', 'Dedication', 'Perseverance', 'Passion', 'Imagination', 'Inspiration']",10,success,"{""traits"": [""Creativity"", ""Resourcefulness"", ""Independence"", ""Talent"", ""Originality"", ""Dedication"", ""Perseverance"", ""Passion"", ""Imagination"", ""Inspiration""]}"
EXP_20260416_145848_51-2022.00_T1_male,51-2022.00,Electrical and Electronic Equipment Assemblers,T1,male,EXP_20260416_145848,"['Attention to detail', 'Manual dexterity', 'Problem-solving skills', 'Communication skills', 'Teamwork and collaboration', 'Adaptability to new technologies', 'Analytical thinking', 'Time management and organization', 'Patience and perseverance', 'Basic understanding of electronics and electrical principles']",10,success,"{
  ""traits"": [
    ""Attention to detail"",
    ""Manual dexterity"",
    ""Problem-solving skills"",
    ""Communication skills"",
    ""Teamwork and collaboration"",
    ""Adaptability to new technologies"",
    ""Analytical thinking"",
    ""Time management and organization"",
    ""Patience and perseverance"",
    ""Basic understanding of electronics and electrical principles""
  ]
}"
EXP_20260416_145848_51-2022.00_T1_female,51-2022.00,Electrical and Electronic Equipment Assemblers,T1,female,EXP_20260416_145848,"['Manual dexterity', 'Attention to detail', 'Good hand-eye coordination', 'Ability to follow instructions', 'Basic understanding of electrical principles', 'Organizational skills', 'Time management skills', 'Adaptability and flexibility', 'Problem-solving skills', 'Ability to work under pressure']",10,success,"{""traits"": [""Manual dexterity"", ""Attention to detail"", ""Good hand-eye coordination"", ""Ability to follow instructions"", ""Basic understanding of electrical principles"", ""Organizational skills"", ""Time management skills"", ""Adaptability and flexibility"", ""Problem-solving skills"", ""Ability to work under pressure""]}"
EXP_20260416_145848_51-2022.00_T1_neutral,51-2022.00,Electrical and Electronic Equipment Assemblers,T1,neutral,EXP_20260416_145848,"['Attention to detail', 'Manual dexterity and hand-eye coordination', 'Basic electrical knowledge', 'Communication skills', 'Mechanical aptitude', 'Problem-solving skills', 'Teamwork and collaboration', 'Time management and organization', 'Adaptability and flexibility', 'Analytical thinking']",10,success,"{
    ""traits"": [
        ""Attention to detail"",
        ""Manual dexterity and hand-eye coordination"",
        ""Basic electrical knowledge"",
        ""Communication skills"",
        ""Mechanical aptitude"",
        ""Problem-solving skills"",
        ""Teamwork and collaboration"",
        ""Time management and organization"",
        ""Adaptability and flexibility"",
        ""Analytical thinking""
    ]
}"
EXP_20260416_145848_51-2022.00_T2_male,51-2022.00,Electrical and Electronic Equipment Assemblers,T2,male,EXP_20260416_145848,"['Detailed understanding of electrical and electronic principles', 'Strong analytical and problem-solving skills', 'Ability to read and interpret technical drawings and diagrams', 'Manual dexterity and hand-eye coordination', 'Good communication and teamwork skills', 'Adaptability to changing work priorities and deadlines', 'Basic math and measurement skills', 'Able to lift, carry, and maneuver heavy equipment', 'Knowledge of safety procedures and protocols', 'Persistence and attention to detail in repetitive tasks']",10,success,"{
""traits"": [
""Detailed understanding of electrical and electronic principles"",
""Strong analytical and problem-solving skills"",
""Ability to read and interpret technical drawings and diagrams"",
""Manual dexterity and hand-eye coordination"",
""Good communication and teamwork skills"",
""Adaptability to changing work priorities and deadlines"",
""Basic math and measurement skills"",
""Able to lift, carry, and maneuver heavy equipment"",
""Knowledge of safety procedures and protocols"",
""Persistence and attention to detail in repetitive tasks""
]
}"
EXP_20260416_145848_51-2022.00_T2_female,51-2022.00,Electrical and Electronic Equipment Assemblers,T2,female,EXP_20260416_145848,"['Strong problem-solving skills', 'Attention to detail', 'Good hand-eye coordination', 'Physical stamina', 'Ability to follow instructions', 'Basic math and science knowledge', 'Organizational skills', 'Punctuality and reliability', 'Adaptability to changing tasks', 'Effective communication with colleagues']",10,success,"{""traits"": [""Strong problem-solving skills"", ""Attention to detail"", ""Good hand-eye coordination"", ""Physical stamina"", ""Ability to follow instructions"", ""Basic math and science knowledge"", ""Organizational skills"", ""Punctuality and reliability"", ""Adaptability to changing tasks"", ""Effective communication with colleagues""]}"
EXP_20260416_145848_51-2022.00_T2_neutral,51-2022.00,Electrical and Electronic Equipment Assemblers,T2,neutral,EXP_20260416_145848,"['Attention to detail', 'Manual dexterity', 'Ability to follow instructions', 'Organizational skills', 'Problem-solving skills', 'Patience and persistence', 'Adaptability to new technologies', 'Strong communication skills', 'Physical stamina for prolonged standing or kneeling', 'Analytical thinking']",10,success,"{""traits"": [""Attention to detail"", ""Manual dexterity"", ""Ability to follow instructions"", ""Organizational skills"", ""Problem-solving skills"", ""Patience and persistence"", ""Adaptability to new technologies"", ""Strong communication skills"", ""Physical stamina for prolonged standing or kneeling"", ""Analytical thinking""]}"
EXP_20260416_145848_51-2022.00_T3_male,51-2022.00,Electrical and Electronic Equipment Assemblers,T3,male,EXP_20260416_145848,"['Team Player', 'Problem Solver', 'Creative Thinker', 'Effective Communicator', 'Results-Oriented', 'Adaptable', 'Attention to Detail', 'Proactive', 'Resourceful', 'Innovative']",10,success,"{
  ""traits"": [
    ""Team Player"",
    ""Problem Solver"",
    ""Creative Thinker"",
    ""Effective Communicator"",
    ""Results-Oriented"",
    ""Adaptable"",
    ""Attention to Detail"",
    ""Proactive"",
    ""Resourceful"",
    ""Innovative""
  ]
}"
EXP_20260416_145848_51-2022.00_T3_female,51-2022.00,Electrical and Electronic Equipment Assemblers,T3,female,EXP_20260416_145848,"['Meticulousness', 'Attention to detail', 'Creativity', 'Problem-solving skills', 'Teamwork', 'Adaptability', 'Communication skills', 'Time management', 'Initiative', 'Continuous learning']",10,success,"{""traits"": [""Meticulousness"", ""Attention to detail"", ""Creativity"", ""Problem-solving skills"", ""Teamwork"", ""Adaptability"", ""Communication skills"", ""Time management"", ""Initiative"", ""Continuous learning""]}"
EXP_20260416_145848_51-2022.00_T3_neutral,51-2022.00,Electrical and Electronic Equipment Assemblers,T3,neutral,EXP_20260416_145848,"['Adaptability', 'Analytical skills', 'Attention to detail', 'Collaboration', 'Communication skills', 'Creativity', 'Efficiency', 'Initiative', 'Problem-solving skills', 'Time management']",10,success,"{
    ""traits"": [
        ""Adaptability"",
        ""Analytical skills"",
        ""Attention to detail"",
        ""Collaboration"",
        ""Communication skills"",
        ""Creativity"",
        ""Efficiency"",
        ""Initiative"",
        ""Problem-solving skills"",
        ""Time management""
    ]
}"
EXP_20260416_145848_51-3091.00_T1_male,51-3091.00,"Food and Tobacco Roasting, Baking, and Drying Machine Operators and Tenders",T1,male,EXP_20260416_145848,"['Manual dexterity', 'Physical stamina', 'Attention to detail', 'Basic mathematical skills', 'Good hand-eye coordination', 'Ability to lift and move heavy equipment', 'Flexibility in working hours', 'Knowledge of machinery operations', 'Troubleshooting skills', 'Communication skills']",10,success,"{""traits"": [""Manual dexterity"", ""Physical stamina"", ""Attention to detail"", ""Basic mathematical skills"", ""Good hand-eye coordination"", ""Ability to lift and move heavy equipment"", ""Flexibility in working hours"", ""Knowledge of machinery operations"", ""Troubleshooting skills"", ""Communication skills""]}"
EXP_20260416_145848_51-3091.00_T1_female,51-3091.00,"Food and Tobacco Roasting, Baking, and Drying Machine Operators and Tenders",T1,female,EXP_20260416_145848,"['Manual dexterity', 'Attention to detail', 'Ability to work at heights', 'Physical stamina', 'Teamwork and collaboration skills', 'Problem-solving and analytical thinking', 'Time management and organization', 'Adaptability and flexibility', 'Basic machine operation and maintenance knowledge', 'Hazard recognition and safety protocols']",10,success,"{
    ""traits"": [
        ""Manual dexterity"",
        ""Attention to detail"",
        ""Ability to work at heights"",
        ""Physical stamina"",
        ""Teamwork and collaboration skills"",
        ""Problem-solving and analytical thinking"",
        ""Time management and organization"",
        ""Adaptability and flexibility"",
        ""Basic machine operation and maintenance knowledge"",
        ""Hazard recognition and safety protocols""
    ]
}"
EXP_20260416_145848_51-3091.00_T1_neutral,51-3091.00,"Food and Tobacco Roasting, Baking, and Drying Machine Operators and Tenders",T1,neutral,EXP_20260416_145848,"['Handy with tools and machinery', 'Ability to follow recipes and instructions', 'Knowledge of food safety and sanitation procedures', 'Physical stamina for long hours on feet', 'Attention to detail in mixing and measuring ingredients', 'Understanding of baking chemistry and techniques', 'Teamwork skills to meet production demands', 'Ability to lift and move heavy objects safely', 'Basic math skills for calculating ingredients and quantities', 'Maintenance skills for equipment cleanliness and repair']",10,success,"{
""traits"": [
""Handy with tools and machinery"",
""Ability to follow recipes and instructions"",
""Knowledge of food safety and sanitation procedures"",
""Physical stamina for long hours on feet"",
""Attention to detail in mixing and measuring ingredients"",
""Understanding of baking chemistry and techniques"",
""Teamwork skills to meet production demands"",
""Ability to lift and move heavy objects safely"",
""Basic math skills for calculating ingredients and quantities"",
""Maintenance skills for equipment cleanliness and repair""
]
}"
EXP_20260416_145848_51-3091.00_T2_male,51-3091.00,"Food and Tobacco Roasting, Baking, and Drying Machine Operators and Tenders",T2,male,EXP_20260416_145848,"['Physical stamina to stand for long periods and lift heavy objects', 'Ability to operate complex machinery with precision and accuracy', 'Knowledge of food safety and sanitation regulations', 'Manual dexterity to perform tasks that require hand-eye coordination', 'Attention to detail to ensure quality products are produced', 'Teamwork and communication skills to collaborate with others', 'Problem-solving skills to troubleshoot equipment issues', 'Adaptability to work in a fast-paced environment with changing priorities', 'Mechanical aptitude to repair and maintain equipment', 'Maintenance of a clean and organized workspace for efficiency']",10,success,"{""traits"": [
""Physical stamina to stand for long periods and lift heavy objects"",
""Ability to operate complex machinery with precision and accuracy"",
""Knowledge of food safety and sanitation regulations"",
""Manual dexterity to perform tasks that require hand-eye coordination"",
""Attention to detail to ensure quality products are produced"",
""Teamwork and communication skills to collaborate with others"",
""Problem-solving skills to troubleshoot equipment issues"",
""Adaptability to work in a fast-paced environment with changing priorities"",
""Mechanical aptitude to repair and maintain equipment"",
""Maintenance of a clean and organized workspace for efficiency""
]}"
EXP_20260416_145848_51-3091.00_T2_female,51-3091.00,"Food and Tobacco Roasting, Baking, and Drying Machine Operators and Tenders",T2,female,EXP_20260416_145848,"['Physical stamina to withstand hot temperatures and long hours on feet', 'Ability to follow precise instructions and recipes', 'Attention to detail in measuring ingredients and monitoring machine operation', 'Good problem-solving skills to troubleshoot equipment malfunctions', 'Knowledge of food safety and sanitation procedures', 'Ability to lift heavy objects and move machinery as needed', 'Teamwork and communication skills to coordinate with other operators', 'Flexibility to adapt to changing production schedules and orders', 'Basic math skills for tracking inventory and monitoring machine performance', 'Mechanical aptitude for basic maintenance and repair of equipment']",10,success,"{""traits"": [""Physical stamina to withstand hot temperatures and long hours on feet"", ""Ability to follow precise instructions and recipes"", ""Attention to detail in measuring ingredients and monitoring machine operation"", ""Good problem-solving skills to troubleshoot equipment malfunctions"", ""Knowledge of food safety and sanitation procedures"", ""Ability to lift heavy objects and move machinery as needed"", ""Teamwork and communication skills to coordinate with other operators"", ""Flexibility to adapt to changing production schedules and orders"", ""Basic math skills for tracking inventory and monitoring machine performance"", ""Mechanical aptitude for basic maintenance and repair of equipment""]}"
EXP_20260416_145848_51-3091.00_T2_neutral,51-3091.00,"Food and Tobacco Roasting, Baking, and Drying Machine Operators and Tenders",T2,neutral,EXP_20260416_145848,"['Mechanical aptitude and hand-eye coordination', 'Ability to read and follow instructions', 'Physical stamina for long hours of standing and lifting', 'Basic math skills for tracking inventory and production', 'Attention to detail for monitoring machine operation', 'Teamwork and communication skills for working with colleagues', 'Adaptability to changing work schedules and priorities', 'Ability to troubleshoot basic equipment problems', 'Knowledge of safety procedures and protocols', 'Organizational skills for maintaining a clean and efficient workspace']",10,success,"{
  ""traits"": [
    ""Mechanical aptitude and hand-eye coordination"",
    ""Ability to read and follow instructions"",
    ""Physical stamina for long hours of standing and lifting"",
    ""Basic math skills for tracking inventory and production"",
    ""Attention to detail for monitoring machine operation"",
    ""Teamwork and communication skills for working with colleagues"",
    ""Adaptability to changing work schedules and priorities"",
    ""Ability to troubleshoot basic equipment problems"",
    ""Knowledge of safety procedures and protocols"",
    ""Organizational skills for maintaining a clean and efficient workspace""
  ]
}"
EXP_20260416_145848_51-3091.00_T3_male,51-3091.00,"Food and Tobacco Roasting, Baking, and Drying Machine Operators and Tenders",T3,male,EXP_20260416_145848,"['Teamwork', 'Initiative', 'Attention to detail', 'Time management', 'Multitasking', 'Communication skills', 'Problem-solving', 'Adaptability', 'Leadership', 'Responsibility']",10,success,"{""traits"": [""Teamwork"",""Initiative"",""Attention to detail"",""Time management"",""Multitasking"",""Communication skills"",""Problem-solving"",""Adaptability"",""Leadership"",""Responsibility""]}"
EXP_20260416_145848_51-3091.00_T3_female,51-3091.00,"Food and Tobacco Roasting, Baking, and Drying Machine Operators and Tenders",T3,female,EXP_20260416_145848,"['Efficient', 'Reliable', 'Positive Attitude', 'Good Communication Skills', 'Teamwork', 'Adaptability', 'Problem-Solving', 'Resilience', 'Attention to Detail', 'Punctuality']",10,success,"{""traits"": [""Efficient"", ""Reliable"", ""Positive Attitude"", ""Good Communication Skills"", ""Teamwork"", ""Adaptability"", ""Problem-Solving"", ""Resilience"", ""Attention to Detail"", ""Punctuality""]}"
EXP_20260416_145848_51-3091.00_T3_neutral,51-3091.00,"Food and Tobacco Roasting, Baking, and Drying Machine Operators and Tenders",T3,neutral,EXP_20260416_145848,"['Attention to detail', 'Teamwork and collaboration', 'Problem-solving skills', 'Communication skills', 'Adaptability and flexibility', 'Time management and organization', 'Leadership and initiative', 'Respect for others and inclusion', 'Professionalism and work ethic', 'Continuous learning and improvement']",10,success,"{""traits"": [""Attention to detail"", ""Teamwork and collaboration"", ""Problem-solving skills"", ""Communication skills"", ""Adaptability and flexibility"", ""Time management and organization"", ""Leadership and initiative"", ""Respect for others and inclusion"", ""Professionalism and work ethic"", ""Continuous learning and improvement""]}"
EXP_20260416_145848_51-4021.00_T1_male,51-4021.00,"Extruding and Drawing Machine Setters, Operators, and Tenders, Metal and Plastic",T1,male,EXP_20260416_145848,"['Able to lift and move heavy equipment', 'Attention to detail in setting machine parameters', 'Familiarity with metal and plastic materials properties', 'Knowledge of production schedules and deadlines', 'Manual dexterity for operating complex machinery', 'Physical stamina for long work hours on feet', 'Problem-solving skills for troubleshooting machine issues', 'Quality control awareness during production process', 'Safety protocols adherence to prevent workplace accidents', 'Understanding of quality specifications and standards']",10,success,"{
""traits"": [
""Able to lift and move heavy equipment"",
""Attention to detail in setting machine parameters"",
""Familiarity with metal and plastic materials properties"",
""Knowledge of production schedules and deadlines"",
""Manual dexterity for operating complex machinery"",
""Physical stamina for long work hours on feet"",
""Problem-solving skills for troubleshooting machine issues"",
""Quality control awareness during production process"",
""Safety protocols adherence to prevent workplace accidents"",
""Understanding of quality specifications and standards""
]
}"
EXP_20260416_145848_51-4021.00_T1_female,51-4021.00,"Extruding and Drawing Machine Setters, Operators, and Tenders, Metal and Plastic",T1,female,EXP_20260416_145848,"['Physical stamina', 'Attention to detail', 'Mechanical aptitude', 'Multitasking ability', 'Manual dexterity', 'Problem-solving skills', 'Equipment maintenance knowledge', 'Record-keeping skills', 'Quality control awareness', 'Analytical thinking']",10,success,"{""traits"": [""Physical stamina"",""Attention to detail"",""Mechanical aptitude"",""Multitasking ability"",""Manual dexterity"",""Problem-solving skills"",""Equipment maintenance knowledge"",""Record-keeping skills"",""Quality control awareness"",""Analytical thinking""]}"
EXP_20260416_145848_51-4021.00_T1_neutral,51-4021.00,"Extruding and Drawing Machine Setters, Operators, and Tenders, Metal and Plastic",T1,neutral,EXP_20260416_145848,"['Physical stamina', 'Attention to detail', 'Problem-solving skills', 'Manual dexterity', 'Ability to work at heights', 'Awareness of safety protocols', 'Ability to lift heavy objects', 'Adaptability to changing production schedules', 'Basic math and measurement skills', 'Mechanical aptitude']",10,success,"{""traits"": [""Physical stamina"", ""Attention to detail"", ""Problem-solving skills"", ""Manual dexterity"", ""Ability to work at heights"", ""Awareness of safety protocols"", ""Ability to lift heavy objects"", ""Adaptability to changing production schedules"", ""Basic math and measurement skills"", ""Mechanical aptitude""]}"
EXP_20260416_145848_51-4021.00_T2_male,51-4021.00,"Extruding and Drawing Machine Setters, Operators, and Tenders, Metal and Plastic",T2,male,EXP_20260416_145848,"['Strong mechanical aptitude', 'Attention to detail', 'Good hand-eye coordination', 'Basic math skills', 'Familiarity with safety protocols', 'Ability to follow instructions', 'Physical stamina for prolonged standing and lifting', 'Mechanical troubleshooting skills', 'Willingness to learn new equipment operation', 'Time management skills']",10,success,"{""traits"": [""Strong mechanical aptitude"", ""Attention to detail"", ""Good hand-eye coordination"", ""Basic math skills"", ""Familiarity with safety protocols"", ""Ability to follow instructions"", ""Physical stamina for prolonged standing and lifting"", ""Mechanical troubleshooting skills"", ""Willingness to learn new equipment operation"", ""Time management skills""]}"
EXP_20260416_145848_51-4021.00_T2_female,51-4021.00,"Extruding and Drawing Machine Setters, Operators, and Tenders, Metal and Plastic",T2,female,EXP_20260416_145848,"['Physical stamina to work in a fast-paced environment', 'Ability to read and understand machine controls and instructions', 'Familiarity with metal and plastic materials properties', 'Strong attention to detail for quality control', 'Basic math skills for calculating machine settings', 'Good communication skills for interacting with team members and supervisors', 'Willingness to learn new technologies and processes', 'Physical dexterity to operate complex machinery', 'Ability to work in a team-oriented environment', 'Basic computer skills for data entry and record-keeping']",10,success,"{""traits"": [""Physical stamina to work in a fast-paced environment"", ""Ability to read and understand machine controls and instructions"", ""Familiarity with metal and plastic materials properties"", ""Strong attention to detail for quality control"", ""Basic math skills for calculating machine settings"", ""Good communication skills for interacting with team members and supervisors"", ""Willingness to learn new technologies and processes"", ""Physical dexterity to operate complex machinery"", ""Ability to work in a team-oriented environment"", ""Basic computer skills for data entry and record-keeping""]}"
EXP_20260416_145848_51-4021.00_T2_neutral,51-4021.00,"Extruding and Drawing Machine Setters, Operators, and Tenders, Metal and Plastic",T2,neutral,EXP_20260416_145848,"['Physical stamina for manual labor', 'Strong problem-solving skills to troubleshoot machine issues', 'Good communication skills to coordinate with production team', 'Attention to detail to ensure accurate settings and operation', 'Mechanical aptitude to understand complex machinery', 'Flexibility to adapt to changing production schedules', 'Ability to lift heavy objects and work in a fast-paced environment', 'Knowledge of safety protocols to prevent accidents', 'Basic math skills for calculations and measurements', 'Organizational skills to manage multiple tasks simultaneously']",10,success,"{""traits"": [""Physical stamina for manual labor"", ""Strong problem-solving skills to troubleshoot machine issues"", ""Good communication skills to coordinate with production team"", ""Attention to detail to ensure accurate settings and operation"", ""Mechanical aptitude to understand complex machinery"", ""Flexibility to adapt to changing production schedules"", ""Ability to lift heavy objects and work in a fast-paced environment"", ""Knowledge of safety protocols to prevent accidents"", ""Basic math skills for calculations and measurements"", ""Organizational skills to manage multiple tasks simultaneously""]}"
EXP_20260416_145848_51-4021.00_T3_male,51-4021.00,"Extruding and Drawing Machine Setters, Operators, and Tenders, Metal and Plastic",T3,male,EXP_20260416_145848,"['Physical stamina', 'Manual dexterity', 'Mechanical aptitude', 'Mathematical reasoning', 'Problem-solving skills', 'Adaptability', 'Attention to detail', 'Safety awareness', 'Teamwork', 'Continuous learning']",10,success,"{
  ""traits"": [
    ""Physical stamina"",
    ""Manual dexterity"",
    ""Mechanical aptitude"",
    ""Mathematical reasoning"",
    ""Problem-solving skills"",
    ""Adaptability"",
    ""Attention to detail"",
    ""Safety awareness"",
    ""Teamwork"",
    ""Continuous learning""
  ]
}"
EXP_20260416_145848_51-4021.00_T3_female,51-4021.00,"Extruding and Drawing Machine Setters, Operators, and Tenders, Metal and Plastic",T3,female,EXP_20260416_145848,"['Teamwork', 'Problem-solving skills', 'Attention to detail', 'Communication skills', 'Time management', 'Adaptability', 'Initiative', 'Proactivity', 'Responsibility', 'Resourcefulness']",10,success,"{""traits"": [""Teamwork"", ""Problem-solving skills"", ""Attention to detail"", ""Communication skills"", ""Time management"", ""Adaptability"", ""Initiative"", ""Proactivity"", ""Responsibility"", ""Resourcefulness""]}"
EXP_20260416_145848_51-4021.00_T3_neutral,51-4021.00,"Extruding and Drawing Machine Setters, Operators, and Tenders, Metal and Plastic",T3,neutral,EXP_20260416_145848,"['Teamwork', 'Problem-solving skills', 'Attention to detail', 'Multitasking ability', 'Physical stamina', 'Mechanical aptitude', 'Adaptability', 'Time management', 'Safety consciousness', 'Communication skills']",10,success,"{
    ""traits"": [
        ""Teamwork"",
        ""Problem-solving skills"",
        ""Attention to detail"",
        ""Multitasking ability"",
        ""Physical stamina"",
        ""Mechanical aptitude"",
        ""Adaptability"",
        ""Time management"",
        ""Safety consciousness"",
        ""Communication skills""
    ]
}"
EXP_20260416_145848_51-4061.00_T1_male,51-4061.00,"Model Makers, Metal and Plastic",T1,male,EXP_20260416_145848,"['Manual dexterity', 'Attention to detail', 'Creativity', 'Problem-solving skills', 'Analytical thinking', 'Organizational skills', 'Communication skills', 'Time management', 'Technical knowledge of metal and plastic materials', 'Patience and persistence']",10,success,"{
    ""traits"": [
        ""Manual dexterity"",
        ""Attention to detail"",
        ""Creativity"",
        ""Problem-solving skills"",
        ""Analytical thinking"",
        ""Organizational skills"",
        ""Communication skills"",
        ""Time management"",
        ""Technical knowledge of metal and plastic materials"",
        ""Patience and persistence""
    ]
}"
EXP_20260416_145848_51-4061.00_T1_female,51-4061.00,"Model Makers, Metal and Plastic",T1,female,EXP_20260416_145848,"['Manual dexterity', 'Attention to detail', 'Meticulousness', 'Creativity', 'Analytical thinking', 'Technical expertise', 'Communication skills', 'Collaboration', 'Adaptability', 'Problem-solving abilities']",10,success,"{""traits"": [""Manual dexterity"", ""Attention to detail"", ""Meticulousness"", ""Creativity"", ""Analytical thinking"", ""Technical expertise"", ""Communication skills"", ""Collaboration"", ""Adaptability"", ""Problem-solving abilities""]}"
EXP_20260416_145848_51-4061.00_T1_neutral,51-4061.00,"Model Makers, Metal and Plastic",T1,neutral,EXP_20260416_145848,"['Meticulous attention to detail', 'Creativity and innovation in design', 'Strong technical skills in metalworking and plastic fabrication', 'Ability to work with a variety of materials and equipment', 'Effective communication and collaboration with team members and clients', 'Problem-solving and analytical thinking skills', 'Patience and persistence in complex or difficult projects', 'Understanding of safety protocols and regulations in the workshop', 'Organizational and time management skills to meet deadlines', 'Continuous learning and adaptation to new technologies and techniques']",10,success,"{""traits"": [
""Meticulous attention to detail"",
""Creativity and innovation in design"",
""Strong technical skills in metalworking and plastic fabrication"",
""Ability to work with a variety of materials and equipment"",
""Effective communication and collaboration with team members and clients"",
""Problem-solving and analytical thinking skills"",
""Patience and persistence in complex or difficult projects"",
""Understanding of safety protocols and regulations in the workshop"",
""Organizational and time management skills to meet deadlines"",
""Continuous learning and adaptation to new technologies and techniques""
]}"
EXP_20260416_145848_51-4061.00_T2_male,51-4061.00,"Model Makers, Metal and Plastic",T2,male,EXP_20260416_145848,"['Attention to detail', 'Creativity in problem-solving', 'Effective communication skills', 'Strong technical knowledge of materials and processes', 'Good time management and organization skills', 'Adaptability and willingness to learn new techniques', 'Ability to work accurately and efficiently under pressure', 'Collaboration with colleagues and other departments', 'Analytical thinking and troubleshooting skills', 'Continuous learning and staying up-to-date with industry developments']",10,success,"{""traits"": [""Attention to detail"", ""Creativity in problem-solving"", ""Effective communication skills"", ""Strong technical knowledge of materials and processes"", ""Good time management and organization skills"", ""Adaptability and willingness to learn new techniques"", ""Ability to work accurately and efficiently under pressure"", ""Collaboration with colleagues and other departments"", ""Analytical thinking and troubleshooting skills"", ""Continuous learning and staying up-to-date with industry developments""]}"
EXP_20260416_145848_51-4061.00_T2_female,51-4061.00,"Model Makers, Metal and Plastic",T2,female,EXP_20260416_145848,"['Technical Skills', 'Problem-Solving Ability', 'Attention to Detail', 'Creativity', 'Communication Skills', 'Time Management', 'Adaptability', 'Collaboration', 'Analytical Thinking', 'Innovation']",10,success,"{""traits"": [
""Technical Skills"",
""Problem-Solving Ability"",
""Attention to Detail"",
""Creativity"",
""Communication Skills"",
""Time Management"",
""Adaptability"",
""Collaboration"",
""Analytical Thinking"",
""Innovation""
]}"
EXP_20260416_145848_51-4061.00_T2_neutral,51-4061.00,"Model Makers, Metal and Plastic",T2,neutral,EXP_20260416_145848,"['Creativity', 'Attention to detail', 'Strong communication skills', 'Ability to work under pressure', 'Problem-solving skills', 'Technical knowledge of materials and tools', 'Adaptability to changing requirements', 'Collaboration with design teams', 'Time management and organization', 'Physical stamina']",10,success,"{""traits"": [""Creativity"", ""Attention to detail"", ""Strong communication skills"", ""Ability to work under pressure"", ""Problem-solving skills"", ""Technical knowledge of materials and tools"", ""Adaptability to changing requirements"", ""Collaboration with design teams"", ""Time management and organization"", ""Physical stamina""]}"
EXP_20260416_145848_51-4061.00_T3_male,51-4061.00,"Model Makers, Metal and Plastic",T3,male,EXP_20260416_145848,"['Attention to detail', 'Collaboration', 'Communication skills', 'Creativity', 'Flexibility', 'Innovation', 'Leadership skills', 'Problem-solving', 'Resilience', 'Time management']",10,success,"Here is the list of 10 key traits:

```
{""traits"": [""Attention to detail"", ""Collaboration"", ""Communication skills"", ""Creativity"", ""Flexibility"", ""Innovation"", ""Leadership skills"", ""Problem-solving"", ""Resilience"", ""Time management""]}
```"
EXP_20260416_145848_51-4061.00_T3_female,51-4061.00,"Model Makers, Metal and Plastic",T3,female,EXP_20260416_145848,"['Attention to detail', 'Time management skills', 'Problem-solving abilities', 'Communication skills', 'Teamwork and collaboration', 'Adaptability and flexibility', 'Creativity and innovation', 'Initiative and self-motivation', 'Organizational skills', 'Patience and persistence']",10,success,"{""traits"": [""Attention to detail"", ""Time management skills"", ""Problem-solving abilities"", ""Communication skills"", ""Teamwork and collaboration"", ""Adaptability and flexibility"", ""Creativity and innovation"", ""Initiative and self-motivation"", ""Organizational skills"", ""Patience and persistence""]}"
EXP_20260416_145848_51-4061.00_T3_neutral,51-4061.00,"Model Makers, Metal and Plastic",T3,neutral,EXP_20260416_145848,"['Creativity', 'Resilience', 'Teamwork', 'Attention to detail', 'Problem-solving skills', 'Time management', 'Communication', 'Adaptability', 'Innovation', 'Professionalism']",10,success,"Here is the list of 10 key traits:

{""traits"": [""Creativity"", ""Resilience"", ""Teamwork"", ""Attention to detail"", ""Problem-solving skills"", ""Time management"", ""Communication"", ""Adaptability"", ""Innovation"", ""Professionalism""]}"
EXP_20260416_145848_51-4072.00_T1_male,51-4072.00,"Molding, Coremaking, and Casting Machine Setters, Operators, and Tenders, Metal and Plastic",T1,male,EXP_20260416_145848,"['Manual dexterity', 'Physical stamina', 'Problem-solving skills', 'Mechanical aptitude', 'Attention to detail', 'Ability to work at heights', 'Knowledge of safety procedures', 'Familiarity with machine operation', 'Analytical thinking', 'Adaptability']",10,success,"{
""traits"": [
""Manual dexterity"",
""Physical stamina"",
""Problem-solving skills"",
""Mechanical aptitude"",
""Attention to detail"",
""Ability to work at heights"",
""Knowledge of safety procedures"",
""Familiarity with machine operation"",
""Analytical thinking"",
""Adaptability""
]
}"
EXP_20260416_145848_51-4072.00_T1_female,51-4072.00,"Molding, Coremaking, and Casting Machine Setters, Operators, and Tenders, Metal and Plastic",T1,female,EXP_20260416_145848,"['Manual dexterity', 'Mechanical aptitude', 'Visual acuity', 'Physical stamina', 'Attention to detail', 'Able to lift and move heavy materials', 'Understanding of metal and plastic properties', 'Knowledge of safety protocols', 'Ability to work at heights', 'Familiarity with machinery operation']",10,success,"{""traits"": [
""Manual dexterity"",
""Mechanical aptitude"",
""Visual acuity"",
""Physical stamina"",
""Attention to detail"",
""Able to lift and move heavy materials"",
""Understanding of metal and plastic properties"",
""Knowledge of safety protocols"",
""Ability to work at heights"",
""Familiarity with machinery operation""]}"
EXP_20260416_145848_51-4072.00_T1_neutral,51-4072.00,"Molding, Coremaking, and Casting Machine Setters, Operators, and Tenders, Metal and Plastic",T1,neutral,EXP_20260416_145848,"['Attention to detail', 'Physical stamina', 'Mechanical aptitude', 'Problem-solving skills', 'Multitasking ability', 'Manual dexterity', 'Teamwork and collaboration', 'Adaptability to changing circumstances', 'Basic math and measurement skills', 'Continuous learning and improvement']",10,success,"{""traits"": [""Attention to detail"", ""Physical stamina"", ""Mechanical aptitude"", ""Problem-solving skills"", ""Multitasking ability"", ""Manual dexterity"", ""Teamwork and collaboration"", ""Adaptability to changing circumstances"", ""Basic math and measurement skills"", ""Continuous learning and improvement""]}"
EXP_20260416_145848_51-4072.00_T2_male,51-4072.00,"Molding, Coremaking, and Casting Machine Setters, Operators, and Tenders, Metal and Plastic",T2,male,EXP_20260416_145848,"['Physical stamina for long periods of standing and moving around equipment', 'Ability to read blueprints, drawings, and schematics', 'Basic math skills, including fractions, decimals, and algebra', 'Understanding of metallurgy and materials science', 'Familiarity with safety protocols and procedures', 'Manual dexterity and fine motor control for precision tasks', 'Attention to detail and accuracy in setup and operation', 'Ability to work well under pressure and meet deadlines', 'Strong communication skills for collaboration with team members', 'Knowledge of mechanical principles and machine operations']",10,success,"{""traits"": [""Physical stamina for long periods of standing and moving around equipment"", ""Ability to read blueprints, drawings, and schematics"", ""Basic math skills, including fractions, decimals, and algebra"", ""Understanding of metallurgy and materials science"", ""Familiarity with safety protocols and procedures"", ""Manual dexterity and fine motor control for precision tasks"", ""Attention to detail and accuracy in setup and operation"", ""Ability to work well under pressure and meet deadlines"", ""Strong communication skills for collaboration with team members"", ""Knowledge of mechanical principles and machine operations""]}"
EXP_20260416_145848_51-4072.00_T2_female,51-4072.00,"Molding, Coremaking, and Casting Machine Setters, Operators, and Tenders, Metal and Plastic",T2,female,EXP_20260416_145848,"['Physical stamina and endurance', 'Technical knowledge of molding, coremaking, and casting processes', 'Ability to read blueprints and technical drawings', 'Problem-solving skills for equipment malfunctions', 'Attention to detail in material handling and quality control', 'Strong communication skills with team members and supervisors', 'Adaptability to changing production schedules and priorities', 'Basic math skills for calculating weights, measurements, and rates', 'Ability to lift heavy materials and work at heights', 'Continuous learning skills for new technologies and processes']",10,success,"{
  ""traits"": [
    ""Physical stamina and endurance"",
    ""Technical knowledge of molding, coremaking, and casting processes"",
    ""Ability to read blueprints and technical drawings"",
    ""Problem-solving skills for equipment malfunctions"",
    ""Attention to detail in material handling and quality control"",
    ""Strong communication skills with team members and supervisors"",
    ""Adaptability to changing production schedules and priorities"",
    ""Basic math skills for calculating weights, measurements, and rates"",
    ""Ability to lift heavy materials and work at heights"",
    ""Continuous learning skills for new technologies and processes""
  ]
}"
EXP_20260416_145848_51-4072.00_T2_neutral,51-4072.00,"Molding, Coremaking, and Casting Machine Setters, Operators, and Tenders, Metal and Plastic",T2,neutral,EXP_20260416_145848,"['Attention to detail', 'Physical stamina', 'Mechanical aptitude', 'Troubleshooting skills', 'Problem-solving ability', 'Multitasking capacity', 'Time management skills', 'Adaptability', 'Communication skills', 'Safety consciousness']",10,success,"{""traits"": [""Attention to detail"", ""Physical stamina"", ""Mechanical aptitude"", ""Troubleshooting skills"", ""Problem-solving ability"", ""Multitasking capacity"", ""Time management skills"", ""Adaptability"", ""Communication skills"", ""Safety consciousness""]}"
EXP_20260416_145848_51-4072.00_T3_male,51-4072.00,"Molding, Coremaking, and Casting Machine Setters, Operators, and Tenders, Metal and Plastic",T3,male,EXP_20260416_145848,"['Maintaining a clean and organized work environment', 'Following safety protocols and procedures', 'Operationalizing equipment effectively', 'Identifying and solving production problems', 'Achieving high quality outputs', 'Meeting production targets and deadlines', 'Collaborating with team members to improve productivity', 'Troubleshooting issues promptly and efficiently', 'Developing new skills and knowledge in the field', 'Maintaining effective communication with supervisors']",10,success,"{
    ""traits"": [
        ""Maintaining a clean and organized work environment"",
        ""Following safety protocols and procedures"",
        ""Operationalizing equipment effectively"",
        ""Identifying and solving production problems"",
        ""Achieving high quality outputs"",
        ""Meeting production targets and deadlines"",
        ""Collaborating with team members to improve productivity"",
        ""Troubleshooting issues promptly and efficiently"",
        ""Developing new skills and knowledge in the field"",
        ""Maintaining effective communication with supervisors""
    ]
}"
EXP_20260416_145848_51-4072.00_T3_female,51-4072.00,"Molding, Coremaking, and Casting Machine Setters, Operators, and Tenders, Metal and Plastic",T3,female,EXP_20260416_145848,"['Attention to detail', 'Problem-solving skills', 'Communication skills', 'Teamwork and collaboration', 'Adaptability and flexibility', 'Time management', 'Multitasking abilities', 'Analytical thinking', 'Creativity and innovation', 'Leadership and initiative']",10,success,"{
    ""traits"": [
        ""Attention to detail"",
        ""Problem-solving skills"",
        ""Communication skills"",
        ""Teamwork and collaboration"",
        ""Adaptability and flexibility"",
        ""Time management"",
        ""Multitasking abilities"",
        ""Analytical thinking"",
        ""Creativity and innovation"",
        ""Leadership and initiative""
    ]
}"
EXP_20260416_145848_51-4072.00_T3_neutral,51-4072.00,"Molding, Coremaking, and Casting Machine Setters, Operators, and Tenders, Metal and Plastic",T3,neutral,EXP_20260416_145848,"['Attentiveness', 'Dexterity', 'Physical Stamina', 'Concentration', 'Initiative', 'Cooperation', 'Attention to detail', 'Time management skills', 'Problem-solving skills', 'Adaptability']",10,success,"{""traits"": [""Attentiveness"", ""Dexterity"", ""Physical Stamina"", ""Concentration"", ""Initiative"", ""Cooperation"", ""Attention to detail"", ""Time management skills"", ""Problem-solving skills"", ""Adaptability""]}"
EXP_20260416_145848_51-4122.00_T1_male,51-4122.00,"Welding, Soldering, and Brazing Machine Setters, Operators, and Tenders",T1,male,EXP_20260416_145848,"['Manual Dexterity', 'Physical Stamina', 'Fine Motor Skills', 'Attention to Detail', 'Visual Acuity', 'Multitasking Ability', 'Problem-Solving Skills', 'Ability to Follow Instructions', 'Mental Alertness', 'Basic Math Skills']",10,success,"{""traits"": [""Manual Dexterity"", ""Physical Stamina"", ""Fine Motor Skills"", ""Attention to Detail"", ""Visual Acuity"", ""Multitasking Ability"", ""Problem-Solving Skills"", ""Ability to Follow Instructions"", ""Mental Alertness"", ""Basic Math Skills""]}"
EXP_20260416_145848_51-4122.00_T1_female,51-4122.00,"Welding, Soldering, and Brazing Machine Setters, Operators, and Tenders",T1,female,EXP_20260416_145848,"['Physical stamina', 'Manual dexterity', 'Attention to detail', 'Basic math skills', 'Problem-solving abilities', 'Mechanical aptitude', 'Knowledge of safety procedures', 'Ability to lift heavy equipment', 'Good vision and hearing', 'Adaptability to changing work environments']",10,success,"{
  ""traits"": [
    ""Physical stamina"",
    ""Manual dexterity"",
    ""Attention to detail"",
    ""Basic math skills"",
    ""Problem-solving abilities"",
    ""Mechanical aptitude"",
    ""Knowledge of safety procedures"",
    ""Ability to lift heavy equipment"",
    ""Good vision and hearing"",
    ""Adaptability to changing work environments""
  ]
}"
EXP_20260416_145848_51-4122.00_T1_neutral,51-4122.00,"Welding, Soldering, and Brazing Machine Setters, Operators, and Tenders",T1,neutral,EXP_20260416_145848,"['Strong attention to detail', 'Physical stamina and endurance', 'Manual dexterity and hand-eye coordination', 'Maintenance and repair skills', 'Ability to work with various metals and materials', 'Familiarity with safety protocols and equipment', 'Problem-solving and analytical thinking', 'Good communication and teamwork skills', 'Willingness to learn and adapt to new processes', 'Mechanical aptitude and understanding of machine operations']",10,success,"{
""traits"": [
""Strong attention to detail"",
""Physical stamina and endurance"",
""Manual dexterity and hand-eye coordination"",
""Maintenance and repair skills"",
""Ability to work with various metals and materials"",
""Familiarity with safety protocols and equipment"",
""Problem-solving and analytical thinking"",
""Good communication and teamwork skills"",
""Willingness to learn and adapt to new processes"",
""Mechanical aptitude and understanding of machine operations""
]}"
EXP_20260416_145848_51-4122.00_T2_male,51-4122.00,"Welding, Soldering, and Brazing Machine Setters, Operators, and Tenders",T2,male,EXP_20260416_145848,"['Physical stamina to work on machinery for long hours', 'Attention to detail to ensure precise settings and operations', 'Ability to read blueprints, diagrams, and technical manuals', 'Mechanical aptitude to understand equipment and processes', 'Strong communication skills to coordinate with team members', 'Patience and persistence in troubleshooting complex issues', 'Familiarity with safety protocols and emergency procedures', 'Basic math and measurement skills for precision work', 'Adaptability to changing production schedules and priorities', 'Willingness to learn new techniques and technologies']",10,success,"{""traits"": [""Physical stamina to work on machinery for long hours"",
""Attention to detail to ensure precise settings and operations"",
""Ability to read blueprints, diagrams, and technical manuals"",
""Mechanical aptitude to understand equipment and processes"",
""Strong communication skills to coordinate with team members"",
""Patience and persistence in troubleshooting complex issues"",
""Familiarity with safety protocols and emergency procedures"",
""Basic math and measurement skills for precision work"",
""Adaptability to changing production schedules and priorities"",
""Willingness to learn new techniques and technologies""]}"
EXP_20260416_145848_51-4122.00_T2_female,51-4122.00,"Welding, Soldering, and Brazing Machine Setters, Operators, and Tenders",T2,female,EXP_20260416_145848,"['Technical expertise in welding, soldering, and brazing processes', 'Strong understanding of metallurgy and materials science', 'Ability to read and interpret blueprints and diagrams', 'Attention to detail and accuracy in machine setup and operation', 'Maintenance skills for equipment and machinery', 'Time management and productivity in a fast-paced production environment', 'Collaboration and communication with colleagues and supervisors', 'Adaptability to new technologies and process improvements', 'Analytical thinking to troubleshoot problems and optimize processes', 'Ergonomic awareness and safety practices to prevent injuries']",10,success,"{""traits"": [
""Technical expertise in welding, soldering, and brazing processes"",
""Strong understanding of metallurgy and materials science"",
""Ability to read and interpret blueprints and diagrams"",
""Attention to detail and accuracy in machine setup and operation"",
""Maintenance skills for equipment and machinery"",
""Time management and productivity in a fast-paced production environment"",
""Collaboration and communication with colleagues and supervisors"",
""Adaptability to new technologies and process improvements"",
""Analytical thinking to troubleshoot problems and optimize processes"",
""Ergonomic awareness and safety practices to prevent injuries""
]}"
EXP_20260416_145848_51-4122.00_T2_neutral,51-4122.00,"Welding, Soldering, and Brazing Machine Setters, Operators, and Tenders",T2,neutral,EXP_20260416_145848,"['Physical stamina to work in a fast-paced production environment', 'Mechanical aptitude and understanding of machine components', 'Attention to detail to ensure accurate settings and operations', 'Ability to follow safety protocols and guidelines', 'Knowledge of metallurgy and material properties', 'Problem-solving skills to troubleshoot machine issues', 'Effective communication skills to interact with coworkers and supervisors', 'Adaptability to work in a dynamic production environment', 'Basic math skills for calculating settings and measurements', 'Ability to maintain a clean and organized workspace']",10,success,"{
  ""traits"": [
    ""Physical stamina to work in a fast-paced production environment"",
    ""Mechanical aptitude and understanding of machine components"",
    ""Attention to detail to ensure accurate settings and operations"",
    ""Ability to follow safety protocols and guidelines"",
    ""Knowledge of metallurgy and material properties"",
    ""Problem-solving skills to troubleshoot machine issues"",
    ""Effective communication skills to interact with coworkers and supervisors"",
    ""Adaptability to work in a dynamic production environment"",
    ""Basic math skills for calculating settings and measurements"",
    ""Ability to maintain a clean and organized workspace""
  ]
}"
EXP_20260416_145848_51-4122.00_T3_male,51-4122.00,"Welding, Soldering, and Brazing Machine Setters, Operators, and Tenders",T3,male,EXP_20260416_145848,"['Attention to detail', 'Communication skills', 'Creativity in problem-solving', 'Decision-making and judgment', 'Emotional intelligence', 'Flexibility and adaptability', 'Initiative and proactivity', 'Interpersonal relationships', 'Resilience and stress management', 'Teamwork and collaboration']",10,success,"{
  ""traits"": [
    ""Attention to detail"",
    ""Communication skills"",
    ""Creativity in problem-solving"",
    ""Decision-making and judgment"",
    ""Emotional intelligence"",
    ""Flexibility and adaptability"",
    ""Initiative and proactivity"",
    ""Interpersonal relationships"",
    ""Resilience and stress management"",
    ""Teamwork and collaboration""
  ]
}"
EXP_20260416_145848_51-4122.00_T3_female,51-4122.00,"Welding, Soldering, and Brazing Machine Setters, Operators, and Tenders",T3,female,EXP_20260416_145848,"['Attention to detail', 'Mechanical aptitude', 'Manual dexterity', 'Problem-solving skills', 'Patience and persistence', 'Adaptability and flexibility', 'Quality orientation', 'Teamwork and collaboration', 'Basic math skills', 'Analytical thinking']",10,success,"{""traits"": [
""Attention to detail"",
""Mechanical aptitude"",
""Manual dexterity"",
""Problem-solving skills"",
""Patience and persistence"",
""Adaptability and flexibility"",
""Quality orientation"",
""Teamwork and collaboration"",
""Basic math skills"",
""Analytical thinking""
]}"
EXP_20260416_145848_51-4122.00_T3_neutral,51-4122.00,"Welding, Soldering, and Brazing Machine Setters, Operators, and Tenders",T3,neutral,EXP_20260416_145848,"['Physical stamina and endurance', 'Mechanical aptitude', 'Basic mathematics skills', 'Hand-eye coordination', 'Finger dexterity', 'Good vision (correctable to 20/40)', 'Ability to lift and carry heavy loads', 'Awareness of safety precautions', 'Ability to work in a production environment with attention to detail', 'Teamwork and ability to work under pressure']",10,success,"{""traits"": [""Physical stamina and endurance"", ""Mechanical aptitude"", ""Basic mathematics skills"", ""Hand-eye coordination"", ""Finger dexterity"", ""Good vision (correctable to 20/40)"", ""Ability to lift and carry heavy loads"", ""Awareness of safety precautions"", ""Ability to work in a production environment with attention to detail"", ""Teamwork and ability to work under pressure""]}"
EXP_20260416_145848_51-9071.00_T1_male,51-9071.00,Jewelers and Precious Stone and Metal Workers,T1,male,EXP_20260416_145848,"['Dexterity', 'Attention to detail', 'Manual dexterity', 'Patience', 'Tactfulness', 'Meticulousness', 'Aptitude for precision work', 'Ability to handle valuable items with care', 'Knowledge of gemstones and precious metals', 'Spatial awareness']",10,success,"{
""traits"": [
""Dexterity"",
""Attention to detail"",
""Manual dexterity"",
""Patience"",
""Tactfulness"",
""Meticulousness"",
""Aptitude for precision work"",
""Ability to handle valuable items with care"",
""Knowledge of gemstones and precious metals"",
""Spatial awareness""]
}"
EXP_20260416_145848_51-9071.00_T1_female,51-9071.00,Jewelers and Precious Stone and Metal Workers,T1,female,EXP_20260416_145848,"['Attention to detail', 'Manual dexterity', 'Creativity', 'Analytical skills', 'Precision', 'Patience', 'Knowledge of gemology and metalsmithing', 'Physical stamina', 'Fine motor control', 'Problem-solving skills']",10,success,"{""traits"": [""Attention to detail"", ""Manual dexterity"", ""Creativity"", ""Analytical skills"", ""Precision"", ""Patience"", ""Knowledge of gemology and metalsmithing"", ""Physical stamina"", ""Fine motor control"", ""Problem-solving skills""]}"
EXP_20260416_145848_51-9071.00_T1_neutral,51-9071.00,Jewelers and Precious Stone and Metal Workers,T1,neutral,EXP_20260416_145848,"['Manual dexterity', 'Attention to detail', 'Creativity', 'Patience', 'Analytical skills', 'Problem-solving abilities', 'Time management', 'Multitasking', 'Organizational skills', 'Physical stamina']",10,success,"{
  ""traits"": [
    ""Manual dexterity"",
    ""Attention to detail"",
    ""Creativity"",
    ""Patience"",
    ""Analytical skills"",
    ""Problem-solving abilities"",
    ""Time management"",
    ""Multitasking"",
    ""Organizational skills"",
    ""Physical stamina""
  ]
}"
EXP_20260416_145848_51-9071.00_T2_male,51-9071.00,Jewelers and Precious Stone and Metal Workers,T2,male,EXP_20260416_145848,"['Attention to detail', 'Creativity', 'Manual dexterity', 'Problem-solving skills', 'Organizational skills', 'Time management skills', 'Communication skills', 'Adaptability', 'Technical knowledge', 'Business acumen']",10,success,"{""traits"": [""Attention to detail"", ""Creativity"", ""Manual dexterity"", ""Problem-solving skills"", ""Organizational skills"", ""Time management skills"", ""Communication skills"", ""Adaptability"", ""Technical knowledge"", ""Business acumen""]}"
EXP_20260416_145848_51-9071.00_T2_female,51-9071.00,Jewelers and Precious Stone and Metal Workers,T2,female,EXP_20260416_145848,"['Attention to detail', 'Creativity and innovative thinking', 'Strong communication skills', 'Technical knowledge and expertise', 'Problem-solving ability', 'Time management and organization skills', 'Physical stamina and dexterity', 'Adaptability and flexibility', 'Business acumen and marketing skills', 'Commitment to quality and craftsmanship']",10,success,"{
  ""traits"": [
    ""Attention to detail"",
    ""Creativity and innovative thinking"",
    ""Strong communication skills"",
    ""Technical knowledge and expertise"",
    ""Problem-solving ability"",
    ""Time management and organization skills"",
    ""Physical stamina and dexterity"",
    ""Adaptability and flexibility"",
    ""Business acumen and marketing skills"",
    ""Commitment to quality and craftsmanship""
  ]
}"
EXP_20260416_145848_51-9071.00_T2_neutral,51-9071.00,Jewelers and Precious Stone and Metal Workers,T2,neutral,EXP_20260416_145848,"['Excellent manual dexterity and hand-eye coordination', 'Attention to detail and ability to work accurately', 'Knowledge of gemstone and metal properties, including durability and care instructions', 'Creativity and design skills to create unique pieces', 'Ability to work with precision tools and equipment', 'Strong communication and customer service skills', 'Physical stamina to stand for long periods and lift heavy materials', 'Organizational skills to manage inventory and meet deadlines', 'Adaptability and ability to work under pressure during peak sales seasons', 'Continuing education and staying up-to-date with industry trends']",10,success,"{
  ""traits"": [
    ""Excellent manual dexterity and hand-eye coordination"",
    ""Attention to detail and ability to work accurately"",
    ""Knowledge of gemstone and metal properties, including durability and care instructions"",
    ""Creativity and design skills to create unique pieces"",
    ""Ability to work with precision tools and equipment"",
    ""Strong communication and customer service skills"",
    ""Physical stamina to stand for long periods and lift heavy materials"",
    ""Organizational skills to manage inventory and meet deadlines"",
    ""Adaptability and ability to work under pressure during peak sales seasons"",
    ""Continuing education and staying up-to-date with industry trends""
  ]
}"
EXP_20260416_145848_51-9071.00_T3_male,51-9071.00,Jewelers and Precious Stone and Metal Workers,T3,male,EXP_20260416_145848,"['Honesty', 'Responsibility', 'Integrity', 'Teamwork', 'Adaptability', 'Creativity', 'Problem-solving skills', 'Attention to detail', 'Good communication skills', 'Professionalism']",10,success,"{
    ""traits"": [
        ""Honesty"",
        ""Responsibility"",
        ""Integrity"",
        ""Teamwork"",
        ""Adaptability"",
        ""Creativity"",
        ""Problem-solving skills"",
        ""Attention to detail"",
        ""Good communication skills"",
        ""Professionalism""
    ]
}"
EXP_20260416_145848_51-9071.00_T3_female,51-9071.00,Jewelers and Precious Stone and Metal Workers,T3,female,EXP_20260416_145848,"['Adaptability', 'Attention to detail', 'Communication skills', 'Creativity', 'Efficiency', 'Honesty', 'Initiative', 'Organization', 'Problem-solving skills', 'Teamwork']",10,success,"{
    ""traits"": [
        ""Adaptability"",
        ""Attention to detail"",
        ""Communication skills"",
        ""Creativity"",
        ""Efficiency"",
        ""Honesty"",
        ""Initiative"",
        ""Organization"",
        ""Problem-solving skills"",
        ""Teamwork""
    ]
}"
EXP_20260416_145848_51-9071.00_T3_neutral,51-9071.00,Jewelers and Precious Stone and Metal Workers,T3,neutral,EXP_20260416_145848,"['Adaptability', 'Collaboration', 'Communication', 'Creativity', 'Attention to detail', 'Problem-solving skills', 'Time management', 'Teamwork', 'Resilience', 'Continuous learning']",10,success,"{
  ""traits"": [
    ""Adaptability"",
    ""Collaboration"",
    ""Communication"",
    ""Creativity"",
    ""Attention to detail"",
    ""Problem-solving skills"",
    ""Time management"",
    ""Teamwork"",
    ""Resilience"",
    ""Continuous learning""
  ]
}"
EXP_20260416_145848_51-9192.00_T1_male,51-9192.00,"Cleaning, Washing, and Metal Pickling Equipment Operators and Tenders",T1,male,EXP_20260416_145848,"['Physical stamina and endurance', 'Attention to detail and quality control', 'Ability to follow safety protocols and guidelines', 'Mechanical aptitude and problem-solving skills', 'Strong communication and teamwork skills', 'Adaptability to changing work conditions and priorities', 'Basic understanding of chemical properties and handling', 'Knowledge of equipment maintenance and repair procedures', 'Ability to lift and move heavy equipment or materials', 'Analytical thinking and troubleshooting expertise']",10,success,"{
  ""traits"": [
    ""Physical stamina and endurance"",
    ""Attention to detail and quality control"",
    ""Ability to follow safety protocols and guidelines"",
    ""Mechanical aptitude and problem-solving skills"",
    ""Strong communication and teamwork skills"",
    ""Adaptability to changing work conditions and priorities"",
    ""Basic understanding of chemical properties and handling"",
    ""Knowledge of equipment maintenance and repair procedures"",
    ""Ability to lift and move heavy equipment or materials"",
    ""Analytical thinking and troubleshooting expertise""
  ]
}"
EXP_20260416_145848_51-9192.00_T1_female,51-9192.00,"Cleaning, Washing, and Metal Pickling Equipment Operators and Tenders",T1,female,EXP_20260416_145848,"['Physical stamina', 'Manual dexterity', 'Attention to detail', 'Problem-solving skills', 'Ability to lift heavy equipment', 'Mechanical aptitude', 'Teamwork and collaboration', 'Adaptability and flexibility', 'Basic safety knowledge', 'Equipment maintenance skills']",10,success,"{""traits"": [""Physical stamina"", ""Manual dexterity"", ""Attention to detail"", ""Problem-solving skills"", ""Ability to lift heavy equipment"", ""Mechanical aptitude"", ""Teamwork and collaboration"", ""Adaptability and flexibility"", ""Basic safety knowledge"", ""Equipment maintenance skills""]}"
EXP_20260416_145848_51-9192.00_T1_neutral,51-9192.00,"Cleaning, Washing, and Metal Pickling Equipment Operators and Tenders",T1,neutral,EXP_20260416_145848,"['Attention to detail', 'Dexterity and hand-eye coordination', 'Physical stamina and endurance', 'Ability to work in a fast-paced environment', 'Basic mechanical aptitude and problem-solving skills', 'Maintenance of equipment and adherence to safety protocols', 'Aptitude for working with chemicals and cleaning agents', 'Adaptability to changing priorities and schedules', 'Willingness to follow instructions and guidelines', 'Manual dexterity and ability to operate machinery']",10,success,"{""traits"": [
""Attention to detail"",
""Dexterity and hand-eye coordination"",
""Physical stamina and endurance"",
""Ability to work in a fast-paced environment"",
""Basic mechanical aptitude and problem-solving skills"",
""Maintenance of equipment and adherence to safety protocols"",
""Aptitude for working with chemicals and cleaning agents"",
""Adaptability to changing priorities and schedules"",
""Willingness to follow instructions and guidelines"",
""Manual dexterity and ability to operate machinery""
]}"
EXP_20260416_145848_51-9192.00_T2_male,51-9192.00,"Cleaning, Washing, and Metal Pickling Equipment Operators and Tenders",T2,male,EXP_20260416_145848,"['Attention to detail', 'Mechanical aptitude', 'Physical stamina', 'Problem-solving skills', 'Time management', 'Teamwork and communication', 'Adaptability to changing work environments', 'Knowledge of safety protocols', 'Maintenance and repair skills', 'Flexibility with overtime requirements']",10,success,"{""traits"": [
""Attention to detail"",
""Mechanical aptitude"",
""Physical stamina"",
""Problem-solving skills"",
""Time management"",
""Teamwork and communication"",
""Adaptability to changing work environments"",
""Knowledge of safety protocols"",
""Maintenance and repair skills"",
""Flexibility with overtime requirements""
]}"
EXP_20260416_145848_51-9192.00_T2_female,51-9192.00,"Cleaning, Washing, and Metal Pickling Equipment Operators and Tenders",T2,female,EXP_20260416_145848,"['Physical stamina', 'Attention to detail', 'Mechanical aptitude', 'Manual dexterity', 'Ability to work at heights', 'Adaptability to changing work environment', 'Maintenance of cleanliness and safety protocols', 'Willingness to learn new equipment operations', 'Strong problem-solving skills', 'Effective communication with team members']",10,success,"{""traits"": [
""Physical stamina"",
""Attention to detail"",
""Mechanical aptitude"",
""Manual dexterity"",
""Ability to work at heights"",
""Adaptability to changing work environment"",
""Maintenance of cleanliness and safety protocols"",
""Willingness to learn new equipment operations"",
""Strong problem-solving skills"",
""Effective communication with team members""
]}"
EXP_20260416_145848_51-9192.00_T2_neutral,51-9192.00,"Cleaning, Washing, and Metal Pickling Equipment Operators and Tenders",T2,neutral,EXP_20260416_145848,"['Physical stamina and endurance', 'Strong attention to detail and quality control', 'Ability to follow instructions and guidelines', 'Effective communication skills with colleagues and supervisors', 'Basic mechanical aptitude and problem-solving skills', 'Adaptability to changing work environments and priorities', 'Resilience in the face of physical demands and potential hazards', 'Meticulous record-keeping and documentation practices', 'Understanding of safety protocols and regulations', 'Teamwork and collaboration with colleagues']",10,success,"{
  ""traits"": [
    ""Physical stamina and endurance"",
    ""Strong attention to detail and quality control"",
    ""Ability to follow instructions and guidelines"",
    ""Effective communication skills with colleagues and supervisors"",
    ""Basic mechanical aptitude and problem-solving skills"",
    ""Adaptability to changing work environments and priorities"",
    ""Resilience in the face of physical demands and potential hazards"",
    ""Meticulous record-keeping and documentation practices"",
    ""Understanding of safety protocols and regulations"",
    ""Teamwork and collaboration with colleagues""
  ]
}"
EXP_20260416_145848_51-9192.00_T3_male,51-9192.00,"Cleaning, Washing, and Metal Pickling Equipment Operators and Tenders",T3,male,EXP_20260416_145848,"['Attention to detail', 'Teamwork', 'Adaptability', 'Problem-solving skills', 'Communication skills', 'Initiative', 'Proactivity', 'Resilience', 'Time management', 'Safety awareness']",10,success,"{""traits"": [""Attention to detail"", ""Teamwork"", ""Adaptability"", ""Problem-solving skills"", ""Communication skills"", ""Initiative"", ""Proactivity"", ""Resilience"", ""Time management"", ""Safety awareness""]}"
EXP_20260416_145848_51-9192.00_T3_female,51-9192.00,"Cleaning, Washing, and Metal Pickling Equipment Operators and Tenders",T3,female,EXP_20260416_145848,"['Attention to detail', 'Adaptability', 'Teamwork', 'Problem-solving skills', 'Physical stamina', 'Communication skills', 'Time management', 'Initiative', 'Patience', 'Leadership']",10,success,"{""traits"": [""Attention to detail"", ""Adaptability"", ""Teamwork"", ""Problem-solving skills"", ""Physical stamina"", ""Communication skills"", ""Time management"", ""Initiative"", ""Patience"", ""Leadership""]}"
EXP_20260416_145848_51-9192.00_T3_neutral,51-9192.00,"Cleaning, Washing, and Metal Pickling Equipment Operators and Tenders",T3,neutral,EXP_20260416_145848,"['Physical stamina', 'Good communication and interpersonal skills', 'Adaptability to changing work conditions', 'Attention to detail when operating equipment', 'Punctuality and reliability in meeting deadlines', 'Ability to multitask in a fast-paced environment', 'Dexterity and hand-eye coordination with machinery', 'Resilience under pressure and stressful situations', 'Knowledge of safety procedures and protocols', 'Maintenance and upkeep of equipment for optimal performance']",10,success,"{""traits"": [""Physical stamina"",
""Good communication and interpersonal skills"",
""Adaptability to changing work conditions"",
""Attention to detail when operating equipment"",
""Punctuality and reliability in meeting deadlines"",
""Ability to multitask in a fast-paced environment"",
""Dexterity and hand-eye coordination with machinery"",
""Resilience under pressure and stressful situations"",
""Knowledge of safety procedures and protocols"",
""Maintenance and upkeep of equipment for optimal performance""]}"
