response_id,job_code,job_title,template_type,gender_condition,experiment_id,traits,n_traits,status
EXP_20260413_004847_13-1022.00_T1_male,13-1022.00,"Wholesale and Retail Buyers, Except Farm Products",T1,male,EXP_20260413_004847,"['Analytical skills to evaluate market trends and prices', 'Attention to detail for negotiating contracts and agreements', 'Communication skills to interact with suppliers, customers, and colleagues', 'Creativity in finding innovative solutions to supply chain issues', 'Financial acumen to manage budgets and negotiate pricing', 'Interpersonal skills to build relationships with suppliers and customers', 'Knowledge of market fluctuations and economic indicators', 'Negotiation skills to secure the best deals for the company', 'Organizational skills to prioritize tasks and meet deadlines', 'Problem-solving skills to overcome supply chain disruptions']",10,success
EXP_20260413_004847_13-1022.00_T1_female,13-1022.00,"Wholesale and Retail Buyers, Except Farm Products",T1,female,EXP_20260413_004847,"['Analytical skills', 'Attention to detail', 'Communication skills', 'Negotiation skills', 'Organizational skills', 'Time management', 'Knowledge of market trends and prices', 'Ability to build relationships with suppliers and vendors', 'Data analysis and interpretation skills', 'Problem-solving skills']",10,success
EXP_20260413_004847_13-1022.00_T1_neutral,13-1022.00,"Wholesale and Retail Buyers, Except Farm Products",T1,neutral,EXP_20260413_004847,"['Analytical skills to evaluate market trends and prices', 'Communication skills to negotiate with suppliers and vendors', 'Attention to detail to ensure accuracy in purchasing orders', 'Negotiation skills to secure the best deals for the company', 'Time management skills to meet deadlines and manage multiple tasks', 'Organizational skills to keep track of inventory levels and supplier contacts', 'Problem-solving skills to resolve issues with suppliers or deliveries', 'Adaptability to changes in market conditions, supplier availability, or customer needs', 'Knowledge of industry trends, market analysis, and financial data', 'Leadership skills to manage a team of buyers or assistants']",10,success
EXP_20260413_004847_13-1022.00_T2_male,13-1022.00,"Wholesale and Retail Buyers, Except Farm Products",T2,male,EXP_20260413_004847,"['Strong negotiation skills', 'Excellent communication and interpersonal skills', 'Ability to analyze market trends and forecasts', 'Attention to detail and organizational skills', 'Knowledge of suppliers, manufacturers, and distributors', 'Ability to manage budgets and costs effectively', 'Strategic thinking and problem-solving skills', 'Emotional intelligence and ability to handle pressure', 'Adaptability and flexibility in a fast-paced environment', 'Continuous learning and staying up-to-date with industry developments']",10,success
EXP_20260413_004847_13-1022.00_T2_female,13-1022.00,"Wholesale and Retail Buyers, Except Farm Products",T2,female,EXP_20260413_004847,"['Business Acumen', 'Negotiation Skills', 'Communication Skills', 'Attention to Detail', 'Analytical Thinking', 'Problem-Solving Ability', 'Time Management', 'Adaptability', 'Industry Knowledge', 'Networking Skills']",10,success
EXP_20260413_004847_13-1022.00_T2_neutral,13-1022.00,"Wholesale and Retail Buyers, Except Farm Products",T2,neutral,EXP_20260413_004847,"['Excellent negotiation skills', 'Strong analytical and problem-solving abilities', 'Good communication and interpersonal skills', 'Market knowledge and trend awareness', 'Time management and organization skills', 'Attention to detail and quality control', 'Ability to work under pressure and meet deadlines', 'Strategic thinking and long-term planning', 'Builds strong relationships with suppliers and customers', 'Financial acumen and budgeting expertise']",10,success
EXP_20260413_004847_13-1022.00_T3_male,13-1022.00,"Wholesale and Retail Buyers, Except Farm Products",T3,male,EXP_20260413_004847,"['Adaptability', 'Accountability', 'Attention to Detail', 'Communication Skills', 'Creativity', 'Delegation', 'Emotional Intelligence', 'Initiative', 'Problem-Solving Skills', 'Teamwork']",10,success
EXP_20260413_004847_13-1022.00_T3_female,13-1022.00,"Wholesale and Retail Buyers, Except Farm Products",T3,female,EXP_20260413_004847,"['Dedicated', 'Honest', 'Results-driven', 'Effective communicator', 'Problem-solver', 'Adaptable', 'Team player', 'Innovative', 'Organized', 'Meticulous']",10,success
EXP_20260413_004847_13-1022.00_T3_neutral,13-1022.00,"Wholesale and Retail Buyers, Except Farm Products",T3,neutral,EXP_20260413_004847,"['Honesty', 'Integrity', 'Professionalism', 'Reliability', 'Dedication', 'Initiative', 'Communication skills', 'Problem-solving skills', 'Teamwork and collaboration', 'Adaptability']",10,success
EXP_20260413_004847_13-1023.00_T1_male,13-1023.00,"Purchasing Agents, Except Wholesale, Retail, and Farm Products",T1,male,EXP_20260413_004847,"['Analytical skills', 'Communication skills', 'Negotiation skills', 'Attention to detail', 'Organizational skills', 'Budgeting and cost control', 'Research and data analysis', 'Sourcing and procurement expertise', 'Relationship building with suppliers', 'Adaptability in a fast-paced environment']",10,success
EXP_20260413_004847_13-1023.00_T1_female,13-1023.00,"Purchasing Agents, Except Wholesale, Retail, and Farm Products",T1,female,EXP_20260413_004847,"['Attention to detail', 'Analytical skills', 'Communication skills', 'Negotiation skills', 'Organizational skills', 'Problem-solving skills', 'Time management skills', 'Critical thinking skills', 'Financial acumen', 'Strategic planning']",10,success
EXP_20260413_004847_13-1023.00_T1_neutral,13-1023.00,"Purchasing Agents, Except Wholesale, Retail, and Farm Products",T1,neutral,EXP_20260413_004847,"['Business acumen', 'Analytical skills', 'Communication skills', 'Negotiation skills', 'Attention to detail', 'Organizational skills', 'Time management skills', 'Problem-solving skills', 'Technical knowledge of procurement systems', 'Strategic thinking']",10,success
EXP_20260413_004847_13-1023.00_T2_male,13-1023.00,"Purchasing Agents, Except Wholesale, Retail, and Farm Products",T2,male,EXP_20260413_004847,"['Strong analytical skills to negotiate prices and terms', 'Ability to communicate effectively with suppliers, vendors, and colleagues', 'Knowledge of market trends and industry standards', 'Strategic thinking to make informed purchasing decisions', 'Attention to detail to ensure accuracy and efficiency in procurement processes', 'Leadership skills to manage teams or departments', 'Time management and organizational skills to prioritize tasks and meet deadlines', 'Adaptability to handle changes in supply chain, logistics, and market conditions', 'Negotiation and conflict resolution skills to resolve issues with suppliers', 'Continuous learning and professional development to stay up-to-date with industry advancements']",10,success
EXP_20260413_004847_13-1023.00_T2_female,13-1023.00,"Purchasing Agents, Except Wholesale, Retail, and Farm Products",T2,female,EXP_20260413_004847,"['Strong Analytical and Problem-Solving Skills', 'Effective Communication and Negotiation Abilities', 'Attention to Detail and Organizational Skills', 'Ability to Build Strong Relationships with Suppliers', 'Knowledge of Procurement Laws and Regulations', 'Strategic Thinking and Long-Term Planning', 'Flexibility and Adaptability in a Changing Marketplace', 'Strong Business Acumen and Financial Management Skills', 'Collaborative Leadership Style with Cross-Functional Teams', 'Continuous Learning and Professional Development']",10,success
EXP_20260413_004847_13-1023.00_T2_neutral,13-1023.00,"Purchasing Agents, Except Wholesale, Retail, and Farm Products",T2,neutral,EXP_20260413_004847,"['Strong negotiation skills', 'Excellent communication and interpersonal skills', 'Attention to detail and organizational ability', 'Analytical thinking and problem-solving skills', 'Knowledge of industry trends and market conditions', 'Ability to build strong relationships with suppliers and stakeholders', 'Strategic thinking and planning skills', 'Technical knowledge of procurement processes and systems', 'Flexibility and adaptability in a fast-paced environment', 'Strong business acumen and financial management skills']",10,success
EXP_20260413_004847_13-1023.00_T3_male,13-1023.00,"Purchasing Agents, Except Wholesale, Retail, and Farm Products",T3,male,EXP_20260413_004847,"['Strategic thinker', 'Effective communicator', 'Strong problem solver', 'Collaborative team player', 'Results driven', 'Adaptable to change', 'Proactive approach', 'Attention to detail', 'Time management skills', 'Customer focus']",10,success
EXP_20260413_004847_13-1023.00_T3_female,13-1023.00,"Purchasing Agents, Except Wholesale, Retail, and Farm Products",T3,female,EXP_20260413_004847,"['Attention to detail', 'Communication skills', 'Problem-solving ability', 'Time management', 'Organizational skills', 'Collaboration', 'Leadership', 'Adaptability', 'Resilience', 'Initiative']",10,success
EXP_20260413_004847_13-1023.00_T3_neutral,13-1023.00,"Purchasing Agents, Except Wholesale, Retail, and Farm Products",T3,neutral,EXP_20260413_004847,"['Attention to detail', 'Analytical thinking', 'Problem-solving skills', 'Effective communication', 'Time management', 'Organization skills', 'Adaptability', 'Collaboration', 'Creativity', 'Initiative']",10,success
EXP_20260413_004847_13-1032.00_T1_male,13-1032.00,"Insurance Appraisers, Auto Damage",T1,male,EXP_20260413_004847,"['Attention to detail', 'Analytical skills', 'Communication skills', 'Technical knowledge of vehicles and insurance policies', 'Organizational skills', 'Time management skills', 'Negotiation skills', 'Objectivity', 'Professionalism', 'Adaptability']",10,success
EXP_20260413_004847_13-1032.00_T1_female,13-1032.00,"Insurance Appraisers, Auto Damage",T1,female,EXP_20260413_004847,"['Analytical skills', 'Attention to detail', 'Communication skills', 'Computer literacy (knowledge of software and systems)', 'Critical thinking', 'Organizational skills', 'Professionalism', 'Strong observational skills', 'Technical knowledge (of insurance policies and procedures)', 'Time management']",10,success
EXP_20260413_004847_13-1032.00_T1_neutral,13-1032.00,"Insurance Appraisers, Auto Damage",T1,neutral,EXP_20260413_004847,"['Analytical skills', 'Attention to detail', 'Communication skills', 'Computer proficiency', 'Knowledge of insurance policies and procedures', 'Organizational skills', 'Problem-solving skills', 'Time management skills', 'Ability to work with customers and adjusters', 'Understanding of automotive repair methods']",10,success
EXP_20260413_004847_13-1032.00_T2_male,13-1032.00,"Insurance Appraisers, Auto Damage",T2,male,EXP_20260413_004847,"['Strong analytical and problem-solving skills', 'Attention to detail and ability to identify damage accurately', 'Knowledge of vehicle repair procedures and industry standards', 'Excellent communication and interpersonal skills', 'Ability to work well under pressure and meet deadlines', 'Physical stamina to inspect vehicles in various conditions', 'Adequate technical training and certification (e.g. I-CAR, ASE)', 'Business acumen and understanding of insurance claims processes', 'Objectivity and impartiality when assessing damage and assigning values', 'Maintenance of professional certifications and ongoing education']",10,success
EXP_20260413_004847_13-1032.00_T2_female,13-1032.00,"Insurance Appraisers, Auto Damage",T2,female,EXP_20260413_004847,"['Attention to detail', 'Analytical thinking', 'Effective communication skills', 'Strong organizational abilities', 'Ability to work under pressure', 'Knowledge of insurance policies and procedures', 'Physical stamina for frequent travel', 'Technical skills in estimating software', 'Interpersonal skills for working with clients', 'Business acumen for making informed decisions']",10,success
EXP_20260413_004847_13-1032.00_T2_neutral,13-1032.00,"Insurance Appraisers, Auto Damage",T2,neutral,EXP_20260413_004847,"['Strong analytical and problem-solving skills', 'Excellent communication and negotiation skills', 'Thorough knowledge of insurance policies and procedures', 'Ability to accurately assess vehicle damage and value', 'High level of attention to detail and accuracy', 'Organizational and time management skills', 'Knowledge of repair methods, materials, and techniques', 'Familiarity with industry-standard estimating software', 'Strong interpersonal and customer service skills', 'Continuous learning and professional development mindset']",10,success
EXP_20260413_004847_13-1032.00_T3_male,13-1032.00,"Insurance Appraisers, Auto Damage",T3,male,EXP_20260413_004847,"['Professionalism', 'Attention to Detail', 'Time Management', 'Communication Skills', 'Analytical Thinking', 'Problem-Solving Ability', 'Teamwork and Collaboration', 'Adaptability and Flexibility', 'Continuous Learning', 'Integrity and Ethics']",10,success
EXP_20260413_004847_13-1032.00_T3_female,13-1032.00,"Insurance Appraisers, Auto Damage",T3,female,EXP_20260413_004847,"['Expertise in vehicle inspection', 'In-depth knowledge of insurance policies', 'Effective communication skills', 'High attention to detail', 'Strong analytical thinking', 'Ability to work under pressure', 'Excellent customer service', 'Professional demeanor at all times', 'Strong organizational and time management', 'Continuous learning and professional development']",10,success
EXP_20260413_004847_13-1032.00_T3_neutral,13-1032.00,"Insurance Appraisers, Auto Damage",T3,neutral,EXP_20260413_004847,"['Attention to detail', 'Analytical thinking', 'Effective communication', 'Problem-solving skills', 'Leadership ability', 'Flexibility', 'Organization', 'Teamwork', 'Technical expertise', 'Adaptability']",10,success
EXP_20260413_004847_13-1041.00_T1_male,13-1041.00,Compliance Officers,T1,male,EXP_20260413_004847,"['Attention to detail', 'Analytical skills', 'Communication skills', 'Problem-solving abilities', 'Adaptability', 'Critical thinking', 'Ethical awareness', 'Organizational skills', 'Time management', 'Professional integrity']",10,success
EXP_20260413_004847_13-1041.00_T1_female,13-1041.00,Compliance Officers,T1,female,EXP_20260413_004847,"['Strong analytical and problem-solving skills', 'Meticulous attention to detail and organizational abilities', 'Ability to interpret and apply laws, regulations, and policies', 'Excellent communication and interpersonal skills', 'Capacity for independent decision-making and judgment', 'Proactive approach to identifying and mitigating risks', 'Understanding of regulatory requirements and compliance frameworks', 'Strong research and documentation skills', 'Discretion and confidentiality in handling sensitive information', 'Ability to work under pressure and meet deadlines']",10,success
EXP_20260413_004847_13-1041.00_T1_neutral,13-1041.00,Compliance Officers,T1,neutral,EXP_20260413_004847,"['Strong analytical skills', 'Excellent communication and interpersonal skills', 'Attention to detail and accuracy', 'Ability to interpret complex regulations and laws', 'Knowledge of relevant industry and regulatory standards', 'Organizational and time management skills', 'Analytical thinking and problem-solving abilities', 'Confidentiality and discretion in handling sensitive information', 'Adaptability and flexibility in a fast-paced environment', 'Strong ethical principles and integrity']",10,success
EXP_20260413_004847_13-1041.00_T2_male,13-1041.00,Compliance Officers,T2,male,EXP_20260413_004847,"['Strong analytical and problem-solving skills', 'Meticulous attention to detail and organizational abilities', 'Effective communication and interpersonal skills', 'Ability to interpret and apply regulations and laws', 'Professional integrity and ethics', 'Able to work under pressure and manage stress', ""Bachelor's degree in a related field (e.g., law, business) or equivalent experience"", 'Strong knowledge of regulatory requirements and industry standards', 'Collaborative approach and teamwork skills', 'Continuous learning and adaptability to changing regulations']",10,success
EXP_20260413_004847_13-1041.00_T2_female,13-1041.00,Compliance Officers,T2,female,EXP_20260413_004847,"['Strategic thinking', 'Effective communication skills', 'Strong analytical and problem-solving abilities', 'Attention to detail and organizational skills', 'Ability to build trust with colleagues and stakeholders', 'Knowledge of regulatory requirements and industry standards', 'Emotional intelligence and conflict resolution skills', 'Ability to navigate complex business issues', 'Proactive approach to compliance risk management', 'Continuous learning and professional development mindset']",10,success
EXP_20260413_004847_13-1041.00_T2_neutral,13-1041.00,Compliance Officers,T2,neutral,EXP_20260413_004847,"['Strong knowledge of regulatory requirements and laws', 'Excellent analytical and problem-solving skills', 'Ability to communicate complex issues clearly and concisely', 'Proactive approach to identifying and mitigating risk', 'Strong organizational and time management skills', 'Capacity for independent judgment and decision-making', 'Collaborative mindset with ability to work cross-functionally', 'High level of integrity and ethics in all aspects of the role', 'Adaptability and flexibility in a fast-paced and dynamic environment', 'Ability to balance business needs with regulatory requirements']",10,success
EXP_20260413_004847_13-1041.00_T3_male,13-1041.00,Compliance Officers,T3,male,EXP_20260413_004847,"['Diligence', 'Attention to detail', 'Proactive problem-solving', 'Collaboration and teamwork', 'Effective communication', 'Adaptability and flexibility', 'Compliance knowledge', 'Analytical thinking', 'Time management and organization', 'Leadership and initiative']",10,success
EXP_20260413_004847_13-1041.00_T3_female,13-1041.00,Compliance Officers,T3,female,EXP_20260413_004847,"['Diligence', 'Attention to detail', 'Excellent communication skills', 'Effective problem-solving', 'Strong analytical thinking', 'Collaborative team player', 'Accountability and responsibility', 'Proactive approach', 'Time management skills', 'Professionalism']",10,success
EXP_20260413_004847_13-1041.00_T3_neutral,13-1041.00,Compliance Officers,T3,neutral,EXP_20260413_004847,"['Proactive', 'Thoroughness', 'Excellent Communication Skills', 'Organized and Punctual', 'Results-Oriented', 'Continuous Learning', 'High Integrity', 'Team Player', 'Strategic Thinking', 'Problem-Solving']",10,success
EXP_20260413_004847_13-1081.02_T1_male,13-1081.02,Logistics Analysts,T1,male,EXP_20260413_004847,"['Analytical skills', 'Problem-solving abilities', 'Attention to detail', 'Organizational skills', 'Communication skills', 'Logical thinking', 'Time management', 'Data analysis expertise', 'Strategic planning', 'Collaboration and teamwork']",10,success
EXP_20260413_004847_13-1081.02_T1_female,13-1081.02,Logistics Analysts,T1,female,EXP_20260413_004847,"['Analytical thinking', 'Attention to detail', 'Communication skills', 'Data analysis and interpretation', 'Decision-making skills', 'Organizational skills', 'Problem-solving skills', 'Strategic thinking', 'Technical knowledge of logistics systems', 'Time management']",10,success
EXP_20260413_004847_13-1081.02_T1_neutral,13-1081.02,Logistics Analysts,T1,neutral,EXP_20260413_004847,"['Attention to detail', 'Analytical skills', 'Problem-solving ability', 'Effective communication', 'Collaboration and teamwork', 'Organizational skills', 'Time management', 'Adaptability and flexibility', 'Data analysis and interpretation', 'Technical expertise']",10,success
EXP_20260413_004847_13-1081.02_T2_male,13-1081.02,Logistics Analysts,T2,male,EXP_20260413_004847,"['Strategic thinking', 'Analytical mindset', 'Problem-solving skills', 'Effective communication', 'Attention to detail', 'Organizational abilities', 'Time management', 'Adaptability and flexibility', 'Technical expertise', 'Collaborative attitude']",10,success
EXP_20260413_004847_13-1081.02_T2_female,13-1081.02,Logistics Analysts,T2,female,EXP_20260413_004847,"['Analytical thinking', 'Problem-solving skills', 'Communication skills', 'Attention to detail', 'Organizational abilities', 'Time management', 'Leadership qualities', 'Adaptability and flexibility', 'Strong analytical software skills', 'Proactive approach to challenges']",10,success
EXP_20260413_004847_13-1081.02_T2_neutral,13-1081.02,Logistics Analysts,T2,neutral,EXP_20260413_004847,"['Strong analytical skills', 'Meticulous attention to detail', 'Effective communication and problem-solving abilities', 'Strong knowledge of logistics principles and concepts', 'Ability to work under pressure and meet deadlines', 'Strategic thinking and planning skills', 'Collaboration and teamwork skills', 'Able to analyze complex data and identify trends', 'Flexibility and adaptability in a rapidly changing environment', 'Results-driven and focused on continuous improvement']",10,success
EXP_20260413_004847_13-1081.02_T3_male,13-1081.02,Logistics Analysts,T3,male,EXP_20260413_004847,"['Attention to detail', 'Analytical skills', 'Problem-solving abilities', 'Communication skills', 'Teamwork and collaboration', 'Time management and organization', 'Adaptability and flexibility', 'Continuous learning and improvement', 'Proactivity and initiative', 'Results-driven mindset']",10,success
EXP_20260413_004847_13-1081.02_T3_female,13-1081.02,Logistics Analysts,T3,female,EXP_20260413_004847,"['Attention to detail', 'Analytical thinking', 'Communication skills', 'Time management', 'Problem-solving abilities', 'Teamwork and collaboration', 'Adaptability and flexibility', 'Leadership qualities', 'Data analysis and interpretation', 'Strategic thinking']",10,success
EXP_20260413_004847_13-1081.02_T3_neutral,13-1081.02,Logistics Analysts,T3,neutral,EXP_20260413_004847,"['Attention to detail', 'Analytical skills', 'Communication skills', 'Problem-solving skills', 'Time management', 'Leadership qualities', 'Teamwork and collaboration', 'Adaptability and flexibility', 'Initiative and proactivity', 'Continuous learning']",10,success
EXP_20260413_004847_13-1161.01_T1_male,13-1161.01,Search Marketing Strategists,T1,male,EXP_20260413_004847,"['Analytical thinking', 'Strategic planning', 'Attention to detail', 'Technical skills (SEO, Google Analytics)', 'Data analysis and interpretation', 'Creative problem-solving', 'Communication and presentation skills', 'Staying up-to-date with industry trends and best practices', 'Collaboration and teamwork', 'Results-driven and goal-oriented']",10,success
EXP_20260413_004847_13-1161.01_T1_female,13-1161.01,Search Marketing Strategists,T1,female,EXP_20260413_004847,"['Analytical skills', 'Technical expertise in SEO and SEM tools', 'Strategic thinking', 'Creativity in content development', 'Strong understanding of search engine algorithms', 'Excellent communication and collaboration skills', 'Ability to work with data and metrics', 'Stay up-to-date with industry trends and best practices', 'Experience with keyword research and analysis', 'Proven ability to drive business results through search marketing']",10,success
EXP_20260413_004847_13-1161.01_T1_neutral,13-1161.01,Search Marketing Strategists,T1,neutral,EXP_20260413_004847,"['Analytical thinking', 'Creative problem-solving', 'Strategic planning', 'SEO expertise', 'Data analysis and interpretation', 'Keyword research skills', 'Content optimization techniques', 'Link building strategies', 'Campaign management', 'Continuous learning and adaptation']",10,success
EXP_20260413_004847_13-1161.01_T2_male,13-1161.01,Search Marketing Strategists,T2,male,EXP_20260413_004847,"['Strategic thinking', 'Analytical mindset', 'Creative problem-solving', 'Strong communication skills', 'Ability to adapt quickly', 'Expertise in SEO and SEM tools', 'Data-driven decision making', 'Collaboration and team leadership', 'Stay up-to-date with industry trends', 'Business acumen']",10,success
EXP_20260413_004847_13-1161.01_T2_female,13-1161.01,Search Marketing Strategists,T2,female,EXP_20260413_004847,"['Strategic thinking and planning', 'Strong analytical and problem-solving skills', 'Excellent communication and project management skills', 'Ability to stay up-to-date with the latest search marketing trends and best practices', 'In-depth knowledge of search engines, algorithms, and ranking factors', 'Ability to collaborate effectively with cross-functional teams', 'Results-driven and data-focused approach to decision-making', 'Strong understanding of SEO principles, including on-page optimization and link building', 'Effective leadership and mentorship skills', 'Adaptability and willingness to pivot in response to changing market conditions']",10,success
EXP_20260413_004847_13-1161.01_T2_neutral,13-1161.01,Search Marketing Strategists,T2,neutral,EXP_20260413_004847,"['Strategic thinking', 'Analytical skills', 'Attention to detail', 'Communication skills', 'Creativity', 'Data-driven decision making', 'Flexibility and adaptability', 'Knowledge of search engine algorithms and policies', 'Problem-solving skills', 'Technical expertise']",10,success
EXP_20260413_004847_13-1161.01_T3_male,13-1161.01,Search Marketing Strategists,T3,male,EXP_20260413_004847,"['Excellent Communication Skills', 'Strong Analytical Thinking', 'Collaborative Nature', 'Results-Driven Focus', 'Effective Problem-Solving', 'Leadership Abilities', 'Technical Expertise', 'Adaptability to Change', 'Strategic Thinking', 'Creativity in Solutions']",10,success
EXP_20260413_004847_13-1161.01_T3_female,13-1161.01,Search Marketing Strategists,T3,female,EXP_20260413_004847,"['Excellent Communication Skills', 'Strong Analytical Mindset', 'Results-Oriented and Goal-Driven', 'Collaborative Team Player', 'Creative Problem Solver', 'Effective Time Management', 'Proactive Attitude towards Challenges', 'Adaptability in a Dynamic Environment', 'Strategic Thinking and Planning', 'Positive Energy and Enthusiasm']",10,success
EXP_20260413_004847_13-1161.01_T3_neutral,13-1161.01,Search Marketing Strategists,T3,neutral,EXP_20260413_004847,"['Exceptional analytical skills', 'Strong understanding of search engines and their algorithms', 'Ability to optimize campaigns for maximum ROI', 'Effective communication and project management skills', 'In-depth knowledge of keyword research and optimization techniques', 'Creative problem-solving and adaptability in a fast-paced environment', 'Understanding of user experience (UX) principles and their impact on SEO', 'Strong technical skills, including proficiency in Google Analytics and other tools', 'Strategic thinking and ability to develop comprehensive marketing plans', 'Continuous learning and staying up-to-date with industry trends and best practices']",10,success
EXP_20260413_004847_13-1199.06_T1_male,13-1199.06,Online Merchants,T1,male,EXP_20260413_004847,"['Analytical skills', 'Communication skills', 'Customer service skills', 'Time management skills', 'Attention to detail', 'Organizational skills', 'Technical skills (e-commerce platforms, online marketplaces)', 'Marketing and advertising knowledge', 'Problem-solving skills', 'Adaptability']",10,success
EXP_20260413_004847_13-1199.06_T1_female,13-1199.06,Online Merchants,T1,female,EXP_20260413_004847,"['Attention to detail', 'Analytical skills', 'Communication skills', 'Customer service skills', 'Problem-solving skills', 'Time management skills', 'Adaptability', 'Product knowledge', 'Marketing and sales skills', 'Data analysis skills']",10,success
EXP_20260413_004847_13-1199.06_T1_neutral,13-1199.06,Online Merchants,T1,neutral,EXP_20260413_004847,"['Adaptability', 'Analytical skills', 'Communication skills', 'Digital marketing knowledge', 'E-commerce platform management', 'Flexibility', 'Market research skills', 'Negotiation skills', 'Problem-solving skills', 'Time management']",10,success
EXP_20260413_004847_13-1199.06_T2_male,13-1199.06,Online Merchants,T2,male,EXP_20260413_004847,"['Strategic Planning', 'Marketing Expertise', 'Financial Management', 'Operational Efficiency', 'Customer Service Focus', 'Adaptability to Change', 'Analytical Skills', 'Technical Proficiency', 'Communication Effectiveness', 'Innovative Problem-Solving']",10,success
EXP_20260413_004847_13-1199.06_T2_female,13-1199.06,Online Merchants,T2,female,EXP_20260413_004847,"['Strong analytical skills to analyze market trends and customer behavior', 'Detailed understanding of e-commerce platforms and their functionalities', 'Strategic thinking to develop effective marketing and sales strategies', 'Excellent communication and interpersonal skills to collaborate with suppliers, customers, and team members', 'Able to adapt quickly to changes in the digital landscape and consumer preferences', 'Strong problem-solving skills to troubleshoot technical issues and resolve customer complaints', 'Eagerness to continuously learn and improve their knowledge of e-commerce best practices', 'Effective time management and organization skills to meet deadlines and prioritize tasks', 'High level of creativity to develop innovative marketing campaigns and product offerings', 'Able to balance business and financial goals with a customer-centric approach']",10,success
EXP_20260413_004847_13-1199.06_T2_neutral,13-1199.06,Online Merchants,T2,neutral,EXP_20260413_004847,"['Strategic Planning', 'Strong Online Presence', 'Effective Marketing', 'Customer Focus', 'Continuous Learning', 'Data-Driven Decision Making', 'Time Management', 'Adaptability', 'Technical Skills', 'Networking']",10,success
EXP_20260413_004847_13-1199.06_T3_male,13-1199.06,Online Merchants,T3,male,EXP_20260413_004847,"['High Integrity', 'Strong Work Ethic', 'Effective Communication', 'Adaptability to Change', 'Proactive Problem Solving', 'Results-Oriented Focus', 'Team Player Mindset', 'Customer-Centric Approach', 'Continuous Learning Spirit', 'Resilience in Challenging Situations']",10,success
EXP_20260413_004847_13-1199.06_T3_female,13-1199.06,Online Merchants,T3,female,EXP_20260413_004847,"['Collaboration', 'Adaptability', 'Innovation', 'Problem-Solving', 'Effective Communication', 'Teamwork', 'Leadership', 'Time Management', 'Attention to Detail', 'Customer Focus']",10,success
EXP_20260413_004847_13-1199.06_T3_neutral,13-1199.06,Online Merchants,T3,neutral,EXP_20260413_004847,"['Attention to detail', 'Excellent customer service', 'Effective communication skills', 'Problem-solving abilities', 'Adaptability and flexibility', 'Teamwork and collaboration', 'Time management and organization', 'Leadership qualities', 'Proactivity and initiative', 'Continuous learning and improvement']",10,success
EXP_20260413_004847_13-2099.01_T1_male,13-2099.01,Financial Quantitative Analysts,T1,male,EXP_20260413_004847,"['Strong mathematical and statistical skills', 'Mastery of financial modeling techniques', 'Proficiency in programming languages such as Python, R, or MATLAB', 'Understanding of financial markets, instruments, and derivatives', 'Ability to analyze complex data sets and identify trends', 'Experience with data visualization tools and software', 'Strong analytical and problem-solving skills', 'Knowledge of financial theories and models (e.g. CAPM, Black-Scholes)', 'Attention to detail and organizational skills', 'Effective communication and presentation skills']",10,success
EXP_20260413_004847_13-2099.01_T1_female,13-2099.01,Financial Quantitative Analysts,T1,female,EXP_20260413_004847,"['Strong understanding of mathematical and statistical models', 'Mastery of programming languages such as Python, R, or MATLAB', 'Analytical thinking and problem-solving skills', 'Ability to work with large datasets and perform data analysis', 'Understanding of financial markets and instruments (e.g. options, futures, derivatives)', 'Knowledge of machine learning algorithms and their applications in finance', 'Attention to detail and accuracy in calculations', 'Communication skills to effectively present results to stakeholders', 'Ability to adapt quickly to changing market conditions and regulatory requirements', 'Strong analytical and logical reasoning abilities']",10,success
EXP_20260413_004847_13-2099.01_T1_neutral,13-2099.01,Financial Quantitative Analysts,T1,neutral,EXP_20260413_004847,"['Strong analytical skills', 'Mathematical expertise in probability, statistics, and calculus', 'Programming skills in languages like Python, R, or MATLAB', 'Familiarity with data structures and algorithms', 'Experience with financial modeling and forecasting', 'Understanding of risk management and hedging strategies', 'Knowledge of derivatives, options, and other complex financial instruments', 'Ability to communicate technical concepts to non-technical stakeholders', 'Strong problem-solving skills and attention to detail', 'Business acumen and understanding of market trends']",10,success
EXP_20260413_004847_13-2099.01_T2_male,13-2099.01,Financial Quantitative Analysts,T2,male,EXP_20260413_004847,"['Strong mathematical and analytical skills', 'Excellent problem-solving abilities', 'Proficiency in programming languages such as Python, R, or MATLAB', 'Knowledge of financial markets and instruments', 'Understanding of statistical models and machine learning algorithms', 'Ability to communicate complex ideas clearly and concisely', 'Experience with data visualization tools and techniques', 'Strong attention to detail and accuracy', 'Familiarity with industry-standard software packages such as SAS, Excel, or Bloomberg', 'Continuous learning and staying up-to-date with market trends and developments']",10,success
EXP_20260413_004847_13-2099.01_T2_female,13-2099.01,Financial Quantitative Analysts,T2,female,EXP_20260413_004847,"['Strong analytical skills', 'Mathematical expertise in finance and economics', 'Proficiency in programming languages such as Python, R, or SQL', 'Excellent problem-solving abilities', 'Data analysis and visualization skills', 'Familiarity with financial models and frameworks (e.g., Black-Scholes, CAPM)', 'Effective communication and presentation skills', 'Ability to work under pressure and meet deadlines', 'Strong attention to detail and accuracy', 'Business acumen and understanding of market trends']",10,success
EXP_20260413_004847_13-2099.01_T2_neutral,13-2099.01,Financial Quantitative Analysts,T2,neutral,EXP_20260413_004847,"['Excellent analytical and problem-solving skills', 'Mastery of financial modeling, econometrics, and statistical techniques', 'Strong understanding of financial markets, instruments, and regulations', 'Ability to communicate complex ideas clearly and effectively', 'Proficiency in programming languages such as Python, R, or MATLAB', 'Experience with data visualization tools like Tableau, Power BI, or D3.js', 'Knowledge of machine learning algorithms and their applications in finance', 'Ability to work well under pressure and meet deadlines', 'Strong collaboration and teamwork skills', 'A strong foundation in mathematics and statistics']",10,success
EXP_20260413_004847_13-2099.01_T3_male,13-2099.01,Financial Quantitative Analysts,T3,male,EXP_20260413_004847,"['Attention to detail', 'Communication skills', 'Analytical thinking', 'Problem-solving ability', 'Collaboration with colleagues', 'Adaptability in a fast-paced environment', 'Leadership skills', 'Mastery of financial models and tools', 'Effective risk management', 'Strategic thinking']",10,success
EXP_20260413_004847_13-2099.01_T3_female,13-2099.01,Financial Quantitative Analysts,T3,female,EXP_20260413_004847,"['Excellent problem-solving skills', 'Strong analytical thinking', 'Ability to communicate complex ideas clearly', 'Mastery of financial models and data analysis tools', 'High attention to detail', 'Strong business acumen', 'Collaborative team player', 'Adaptability in a fast-paced environment', 'Strategic thinking and planning', 'Innovative approach to solutions']",10,success
EXP_20260413_004847_13-2099.01_T3_neutral,13-2099.01,Financial Quantitative Analysts,T3,neutral,EXP_20260413_004847,"['Attention to detail', 'Problem-solving skills', 'Analytical mind', 'Communication skills', 'Time management', 'Teamwork', 'Adaptability', 'Creativity', 'Continuous learning', 'Results-driven']",10,success
EXP_20260413_004847_15-1211.01_T1_male,15-1211.01,Health Informatics Specialists,T1,male,EXP_20260413_004847,"['Ambitious and results-driven', 'Analytical and problem-solving skills', 'Attention to detail and organizational abilities', 'Business acumen and understanding of healthcare systems', 'Communication and interpersonal skills', 'Critical thinking and decision-making capabilities', 'Familiarity with health information technology standards and regulations', 'Innovative and forward-thinking approach to healthcare IT solutions', 'Knowledge of data analytics and interpretation for healthcare improvements', 'Strategic planning and project management expertise']",10,success
EXP_20260413_004847_15-1211.01_T1_female,15-1211.01,Health Informatics Specialists,T1,female,EXP_20260413_004847,"['Strong analytical and problem-solving skills', 'Excellent communication and interpersonal skills', 'Ability to understand and work with various health information systems and technologies', 'Knowledge of healthcare regulations, laws, and standards (e.g. HIPAA)', 'Understanding of medical terminology and concepts', 'Proficiency in programming languages such as Python, R, or SQL', 'Experience working with electronic health records (EHRs) and health information exchange (HIE)', 'Ability to design and implement data analytics solutions for healthcare organizations', 'Strong project management skills and ability to work under tight deadlines', 'Commitment to maintaining patient confidentiality and adhering to industry regulations']",10,success
EXP_20260413_004847_15-1211.01_T1_neutral,15-1211.01,Health Informatics Specialists,T1,neutral,EXP_20260413_004847,"['Clinical knowledge and understanding of healthcare policies', 'Strong analytical and problem-solving skills', 'Ability to communicate technical information effectively', 'Familiarity with electronic health records (EHRs) systems', 'Understanding of data management principles and standards', 'Analytical thinking and ability to interpret complex data', 'Collaboration and teamwork skills with healthcare professionals', 'Knowledge of healthcare regulations and compliance requirements', 'Able to design and implement effective clinical decision support systems', 'Familiarity with health information exchange (HIE) standards']",10,success
EXP_20260413_004847_15-1211.01_T2_male,15-1211.01,Health Informatics Specialists,T2,male,EXP_20260413_004847,"['Strategic thinking', 'Communication skills', 'Technical expertise in health informatics tools and technologies', 'Problem-solving abilities', 'Collaboration with healthcare professionals', 'Data analysis and interpretation', 'Leadership and project management', 'Adaptability to changing healthcare regulations and standards', 'Emotional intelligence and empathy for patients and caregivers', 'Staying current with industry trends and innovations']",10,success
EXP_20260413_004847_15-1211.01_T2_female,15-1211.01,Health Informatics Specialists,T2,female,EXP_20260413_004847,"['Analytical skills', 'Technical expertise in healthcare and informatics', 'Communication and interpersonal skills', 'Problem-solving abilities', 'Adaptability to changing technologies and systems', 'Business acumen', 'Strategic thinking', 'Collaboration with cross-functional teams', 'Data analysis and interpretation', 'Project management']",10,success
EXP_20260413_004847_15-1211.01_T2_neutral,15-1211.01,Health Informatics Specialists,T2,neutral,EXP_20260413_004847,"['Strong analytical and problem-solving skills', 'Excellent communication and interpersonal skills', 'Ability to understand healthcare concepts and systems', 'Technical expertise in health informatics tools and technologies', 'Familiarity with regulations and standards in healthcare IT', 'Collaborative mindset to work with clinicians, administrators, and other stakeholders', 'Strong project management and organizational skills', 'Adaptability and flexibility to respond to changing priorities and needs', 'Analytical thinking to identify opportunities for improvement and innovation', 'Continuous learning and professional development in the field of health informatics']",10,success
EXP_20260413_004847_15-1211.01_T3_male,15-1211.01,Health Informatics Specialists,T3,male,EXP_20260413_004847,"['Exemplary problem-solving skills', 'Exceptional analytical and critical thinking abilities', 'Strong understanding of healthcare data management systems', 'Ability to communicate complex technical information effectively', 'High level of proficiency in health informatics software and tools', 'Excellent collaboration and teamwork skills', 'Proactive approach to identifying and addressing technical issues', 'Strong attention to detail and commitment to quality', 'Adaptability and willingness to learn new technologies and systems', 'Demonstrated leadership and mentorship abilities']",10,success
EXP_20260413_004847_15-1211.01_T3_female,15-1211.01,Health Informatics Specialists,T3,female,EXP_20260413_004847,"['Exceptional Communication Skills', 'Attention to Detail', 'Collaboration and Teamwork', 'Adaptability and Flexibility', 'Technical Expertise', 'Problem-Solving Ability', 'Time Management and Organization', 'Professionalism and Integrity', 'Creativity and Innovation', 'Continuous Learning']",10,success
EXP_20260413_004847_15-1211.01_T3_neutral,15-1211.01,Health Informatics Specialists,T3,neutral,EXP_20260413_004847,"['Exceptional problem-solving skills', 'Strong attention to detail', 'Effective communication and collaboration', 'Ability to adapt to changing priorities', 'Excellent organizational and time management', 'Proficiency in various software applications', 'Knowledge of healthcare systems and regulations', 'Analytical thinking and data analysis', 'Emotional intelligence and empathy', 'Commitment to patient-centered care']",10,success
EXP_20260413_004847_15-1212.00_T1_male,15-1212.00,Information Security Analysts,T1,male,EXP_20260413_004847,"['Analytical skills', 'Problem-solving ability', 'Attention to detail', 'Strong communication and collaboration skills', 'Technical expertise in security protocols and technologies', 'Ability to stay up-to-date with emerging threats and vulnerabilities', 'Familiarity with regulatory requirements and industry standards', 'Experience with security frameworks and models (e.g. NIST, ISO)', 'Strategic thinking and planning for risk management', 'Strong critical thinking and decision-making skills']",10,success
EXP_20260413_004847_15-1212.00_T1_female,15-1212.00,Information Security Analysts,T1,female,EXP_20260413_004847,"['Attention to detail', 'Analytical thinking', 'Problem-solving skills', 'Communication skills', 'Technical expertise in security protocols and systems', 'Awareness of emerging threats and vulnerabilities', 'Ability to prioritize tasks and manage time effectively', 'Strong understanding of regulatory compliance and risk management', 'Collaboration with stakeholders to implement security measures', 'Continuous learning and professional development']",10,success
EXP_20260413_004847_15-1212.00_T1_neutral,15-1212.00,Information Security Analysts,T1,neutral,EXP_20260413_004847,"['Strong analytical and problem-solving skills', 'Excellent understanding of security policies, procedures, and standards', 'Proficiency in security frameworks such as NIST or ISO 27001', 'Experience with threat analysis, risk assessment, and mitigation strategies', 'Knowledge of networking protocols and system architecture', 'Familiarity with encryption technologies (e.g., SSL/TLS, PGP)', 'Strong attention to detail and ability to maintain confidentiality', 'Good communication and collaboration skills for working with cross-functional teams', 'Up-to-date knowledge of emerging threats, vulnerabilities, and best practices', 'Certifications such as CISSP, CEH, or CompTIA Security+ (optional)']",10,success
EXP_20260413_004847_15-1212.00_T2_male,15-1212.00,Information Security Analysts,T2,male,EXP_20260413_004847,"['Strategic thinking', 'Excellent communication skills', 'Strong analytical and problem-solving abilities', 'In-depth knowledge of security technologies and protocols', 'Ability to stay up-to-date with emerging threats and vulnerabilities', 'Effective collaboration and teamwork', 'Attention to detail and organizational skills', 'Proactive approach to security risk management', 'Business acumen and understanding of organizational goals', 'Continuous learning and professional development']",10,success
EXP_20260413_004847_15-1212.00_T2_female,15-1212.00,Information Security Analysts,T2,female,EXP_20260413_004847,"['Strong analytical skills', 'Detailed understanding of security protocols and technologies', 'Excellent problem-solving abilities', 'Able to communicate complex technical information effectively', 'Attention to detail and high level of accuracy', 'Strong knowledge of regulatory requirements and industry standards', 'Collaborative mindset and ability to work with cross-functional teams', 'Able to prioritize tasks and manage multiple projects simultaneously', 'Continuous learning and staying up-to-date with emerging threats and technologies', 'Business acumen and understanding of organizational goals and objectives']",10,success
EXP_20260413_004847_15-1212.00_T2_neutral,15-1212.00,Information Security Analysts,T2,neutral,EXP_20260413_004847,"['Strong technical skills and knowledge of security protocols', 'Excellent problem-solving and analytical skills', 'Ability to communicate complex technical information to non-technical stakeholders', 'Attention to detail and ability to identify vulnerabilities in systems and processes', 'Strategic thinking and ability to prioritize security risks', 'Collaborative mindset and ability to work with cross-functional teams', 'Strong understanding of industry regulations and compliance requirements', 'Ability to adapt quickly to new technologies and emerging threats', 'High level of integrity and ethics, with a commitment to confidentiality and data protection', 'Continuous learning and professional development, staying up-to-date on the latest security trends and best practices']",10,success
EXP_20260413_004847_15-1212.00_T3_male,15-1212.00,Information Security Analysts,T3,male,EXP_20260413_004847,"['Excellent problem-solving skills', 'Strong analytical mind', 'Ability to communicate complex technical concepts effectively', 'High attention to detail and accuracy', 'Proactive approach to identifying and mitigating security risks', 'Continuous learning and professional development', 'Collaborative team player with excellent interpersonal skills', 'Adaptability in a fast-paced, dynamic environment', 'Strategic thinking and ability to balance security needs with business requirements', 'Mastery of industry-leading tools and technologies']",10,success
EXP_20260413_004847_15-1212.00_T3_female,15-1212.00,Information Security Analysts,T3,female,EXP_20260413_004847,"['Attention to detail', 'Communication skills', 'Critical thinking', 'Problem-solving skills', 'Analytical mind', 'Collaboration and teamwork', 'Adaptability and flexibility', 'Time management and prioritization', 'Technical expertise and knowledge', 'Proactive approach to security threats']",10,success
EXP_20260413_004847_15-1212.00_T3_neutral,15-1212.00,Information Security Analysts,T3,neutral,EXP_20260413_004847,"['Attention to detail', 'Analytical thinking', 'Problem-solving skills', 'Collaboration and teamwork', 'Effective communication', 'Adaptability and flexibility', 'Proactive approach to security threats', 'Knowledge sharing and documentation', 'Continuous learning and professional development', 'Results-oriented mindset']",10,success
EXP_20260413_004847_15-1221.00_T1_male,15-1221.00,Computer and Information Research Scientists,T1,male,EXP_20260413_004847,"['Analytical thinking', 'Strong problem-solving skills', 'Expertise in programming languages and software development', 'Familiarity with data structures and algorithms', 'Understanding of computer systems architecture', 'Knowledge of machine learning and artificial intelligence', 'Experience with research methodologies and techniques', 'Ability to communicate complex ideas effectively', 'Creativity and innovative thinking', 'Staying up-to-date with emerging trends and technologies']",10,success
EXP_20260413_004847_15-1221.00_T1_female,15-1221.00,Computer and Information Research Scientists,T1,female,EXP_20260413_004847,"['Advanced problem-solving skills', 'Strong analytical and critical thinking abilities', 'Highly organized and detail-oriented approach to work', 'Ability to communicate complex technical ideas effectively', 'Proficiency in programming languages such as Python, Java, or C++', 'Familiarity with data structures, algorithms, and software design patterns', 'Knowledge of computer systems architecture, networking protocols, and database management', 'Skill in developing and testing software applications', 'Collaborative working style with cross-functional teams', 'Commitment to staying current with emerging technologies and trends']",10,success
EXP_20260413_004847_15-1221.00_T1_neutral,15-1221.00,Computer and Information Research Scientists,T1,neutral,EXP_20260413_004847,"['Analytical thinking', 'Problem-solving skills', 'Attention to detail', 'Logical reasoning', 'Programming expertise', 'Communication skills', 'Collaboration with cross-functional teams', 'Adaptability to new technologies and methodologies', 'Staying up-to-date with industry developments', 'Creativity and innovation in research']",10,success
EXP_20260413_004847_15-1221.00_T2_male,15-1221.00,Computer and Information Research Scientists,T2,male,EXP_20260413_004847,"['Strong problem-solving skills', 'In-depth knowledge of computer systems and software architecture', 'Ability to design, develop, and test complex algorithms', 'Familiarity with programming languages such as Python, Java, C++, etc.', 'Understanding of data structures and database management systems', 'Analytical and critical thinking skills to identify patterns and relationships', 'Effective communication skills to convey technical ideas to non-technical stakeholders', 'Adaptability and willingness to learn new technologies and techniques', 'Attention to detail and ability to debug complex code issues', 'Strong collaboration and teamwork skills to work with cross-functional teams']",10,success
EXP_20260413_004847_15-1221.00_T2_female,15-1221.00,Computer and Information Research Scientists,T2,female,EXP_20260413_004847,"['Strong technical expertise in computer science and mathematics', 'Excellent problem-solving skills', 'Ability to communicate complex ideas simply', 'Passion for innovation and research', 'Effective collaboration with interdisciplinary teams', 'Staying up-to-date with emerging technologies and trends', 'Critical thinking and analytical mindset', 'Strong programming skills in languages such as Java, Python, or C++', 'Adaptability and willingness to learn new concepts quickly', 'Leadership and project management skills']",10,success
EXP_20260413_004847_15-1221.00_T2_neutral,15-1221.00,Computer and Information Research Scientists,T2,neutral,EXP_20260413_004847,"['Strong foundation in computer science and mathematics', 'Excellent problem-solving skills', 'Ability to think abstractly and conceptually', 'Proficiency in programming languages such as Python, Java, C++, etc.', 'Deep understanding of data structures and algorithms', 'Ability to design and develop efficient algorithms', 'Strong analytical and logical reasoning skills', 'Effective communication and collaboration skills', 'Staying up-to-date with the latest advancements and trends in the field', 'Passion for learning and continuous improvement']",10,success
EXP_20260413_004847_15-1221.00_T3_male,15-1221.00,Computer and Information Research Scientists,T3,male,EXP_20260413_004847,"['Advanced problem-solving skills', 'In-depth knowledge of programming languages and software development methodologies', 'Excellent analytical and logical reasoning abilities', 'Strong communication and collaboration skills with colleagues and stakeholders', 'Ability to design, develop, and implement innovative solutions', 'Proficiency in data analysis and statistical modeling techniques', 'Familiarity with machine learning algorithms and deep learning frameworks', 'Experience with big data processing and cloud computing technologies', 'Strong understanding of computer systems architecture and networking protocols', 'Commitment to ongoing professional development and staying up-to-date with industry trends']",10,success
EXP_20260413_004847_15-1221.00_T3_female,15-1221.00,Computer and Information Research Scientists,T3,female,EXP_20260413_004847,"['Attention to detail', 'Creativity', 'Communication skills', 'Collaboration', 'Problem-solving ability', 'Analytical thinking', 'Time management', 'Adaptability', 'Initiative', 'Passion for learning']",10,success
EXP_20260413_004847_15-1221.00_T3_neutral,15-1221.00,Computer and Information Research Scientists,T3,neutral,EXP_20260413_004847,"['Innovative thinking', 'Collaboration', 'Communication skills', 'Adaptability', 'Problem-solving abilities', 'Attention to detail', 'Analytical skills', 'Leadership qualities', 'Time management', 'Continuous learning']",10,success
EXP_20260413_004847_15-1242.00_T1_male,15-1242.00,Database Administrators,T1,male,EXP_20260413_004847,"['Attention to detail', 'Analytical skills', 'Communication skills', 'Problem-solving skills', 'Technical expertise in database management systems', 'Data modeling and design skills', 'Troubleshooting skills', 'Database security knowledge', 'Backup and recovery procedures understanding', 'Knowledge of SQL and data querying languages']",10,success
EXP_20260413_004847_15-1242.00_T1_female,15-1242.00,Database Administrators,T1,female,EXP_20260413_004847,"['Analytical thinking', 'Problem-solving skills', 'Attention to detail', 'Organizational skills', 'Communication skills', 'Technical expertise in database management systems', 'Data modeling and normalization skills', 'Security and access control knowledge', 'Backup and recovery procedures understanding', 'SQL query optimization skills']",10,success
EXP_20260413_004847_15-1242.00_T1_neutral,15-1242.00,Database Administrators,T1,neutral,EXP_20260413_004847,"['Analytical skills to design and maintain complex database structures', 'Attention to detail for data accuracy and integrity', 'Communication skills to explain technical concepts to non-technical stakeholders', 'Critical thinking to troubleshoot and resolve database issues', 'Knowledge of database management systems (DBMS) such as MySQL, Oracle, or Microsoft SQL Server', 'Organizational skills to manage multiple database environments and projects', 'Problem-solving skills to optimize database performance and scalability', 'Project management skills to lead database development and implementation projects', 'Technical expertise in data modeling, normalization, and denormalization', 'Understanding of database security best practices and compliance regulations']",10,success
EXP_20260413_004847_15-1242.00_T2_male,15-1242.00,Database Administrators,T2,male,EXP_20260413_004847,"['Strong analytical skills', 'Ability to troubleshoot complex problems', 'In-depth knowledge of database management systems', 'Experience with data modeling and design', 'Skills in SQL programming language', 'Understanding of database security and access control', 'Knowledge of backup and recovery procedures', 'Effective communication and collaboration skills', 'Familiarity with query optimization techniques', 'Adaptability to changing business requirements']",10,success
EXP_20260413_004847_15-1242.00_T2_female,15-1242.00,Database Administrators,T2,female,EXP_20260413_004847,"['Strong problem-solving skills', 'Attention to detail', 'Excellent communication and collaboration skills', 'Ability to learn and adapt quickly', 'Analytical mindset', 'Organizational skills', 'Leadership abilities', 'Knowledge of database systems and software', 'Time management and prioritization skills', 'Continuous learning and professional development']",10,success
EXP_20260413_004847_15-1242.00_T2_neutral,15-1242.00,Database Administrators,T2,neutral,EXP_20260413_004847,"['Strong analytical skills', 'Excellent problem-solving abilities', 'Deep understanding of database systems and management tools', 'Ability to design, implement, and maintain complex databases', 'Knowledge of data modeling and schema design', 'Proficiency in multiple programming languages (e.g. SQL, Python, Java)', 'Effective communication and collaboration skills with developers and other stakeholders', 'Strong organizational and time management skills to meet deadlines and prioritize tasks', 'Adaptability and willingness to learn new technologies and systems', 'Attention to detail and accuracy in database administration']",10,success
EXP_20260413_004847_15-1242.00_T3_male,15-1242.00,Database Administrators,T3,male,EXP_20260413_004847,"['Problem-solving skills', 'Attention to detail', 'Time management', 'Communication skills', 'Technical expertise', 'Analytical thinking', 'Flexibility and adaptability', 'Collaboration with team members', 'Leadership qualities', 'Continuous learning and improvement']",10,success
EXP_20260413_004847_15-1242.00_T3_female,15-1242.00,Database Administrators,T3,female,EXP_20260413_004847,"['Mastery of database design and architecture', 'In-depth knowledge of data modeling techniques', 'Proficiency in multiple database management systems', 'Exceptional problem-solving skills with complex queries', 'Ability to optimize database performance and efficiency', 'Strong understanding of data security and compliance', 'Effective communication and collaboration skills', 'Adaptability and willingness to learn new technologies', 'Meticulous attention to detail in coding and scripting', 'Respectful and supportive team player with a positive attitude']",10,success
EXP_20260413_004847_15-1242.00_T3_neutral,15-1242.00,Database Administrators,T3,neutral,EXP_20260413_004847,"['Attention to detail', 'Analytical skills', 'Problem-solving ability', 'Communication skills', 'Adaptability', 'Technical expertise', 'Time management', 'Collaboration', 'Data security awareness', 'Continuous learning']",10,success
EXP_20260413_004847_15-1252.00_T1_male,15-1252.00,Software Developers,T1,male,EXP_20260413_004847,"['Analytical thinking', 'Problem-solving skills', 'Attention to detail', 'Communication skills (written and verbal)', 'Collaboration and teamwork', 'Adaptability and flexibility', 'Continuous learning and self-improvement', 'Time management and organization', 'Code quality and maintenance', 'Troubleshooting and debugging']",10,success
EXP_20260413_004847_15-1252.00_T1_female,15-1252.00,Software Developers,T1,female,EXP_20260413_004847,"['Attention to detail', 'Analytical thinking', 'Problem-solving skills', 'Communication skills', 'Collaboration and teamwork', 'Adaptability and flexibility', 'Programming language expertise', 'Code quality and maintainability', 'Continuous learning and professional development', 'Time management and organization']",10,success
EXP_20260413_004847_15-1252.00_T1_neutral,15-1252.00,Software Developers,T1,neutral,EXP_20260413_004847,"['Strong problem-solving skills', 'Proficiency in programming languages such as Java, Python, C++, etc.', 'Experience with software development methodologies like Agile, Scrum, etc.', 'Ability to design and develop software applications with clean code', 'Knowledge of database management systems and data modeling', 'Familiarity with cloud platforms such as AWS, Azure, Google Cloud, etc.', 'Understanding of security best practices and threat modeling', 'Experience with version control systems like Git, SVN, etc.', 'Strong communication and collaboration skills for working with cross-functional teams', 'Continuous learning and staying updated with emerging technologies']",10,success
EXP_20260413_004847_15-1252.00_T2_male,15-1252.00,Software Developers,T2,male,EXP_20260413_004847,"['Strong problem-solving skills', 'Proficient in multiple programming languages', 'Excellent communication and collaboration skills', 'Ability to learn new technologies quickly', 'Attention to detail and quality', 'Adaptability and flexibility in a fast-paced environment', 'Effective project management and prioritization skills', 'Continuous learning and self-improvement mindset', 'Strong analytical and critical thinking skills', 'Results-driven with a focus on delivering high-quality software']",10,success
EXP_20260413_004847_15-1252.00_T2_female,15-1252.00,Software Developers,T2,female,EXP_20260413_004847,"['Strong problem-solving skills', 'Excellent communication skills', 'Adaptability and flexibility', 'Continuous learning mindset', 'Attention to detail and accuracy', 'Ability to work in a team environment', 'Leadership and mentoring abilities', 'Analytical thinking and logical reasoning', 'Time management and prioritization skills', 'Resilience and perseverance']",10,success
EXP_20260413_004847_15-1252.00_T2_neutral,15-1252.00,Software Developers,T2,neutral,EXP_20260413_004847,"['Strong problem-solving skills', 'Effective communication and collaboration', 'Adaptability to new technologies and methodologies', 'Attention to detail and quality assurance', 'Analytical thinking and logic', 'Continuous learning and self-improvement', 'Code organization, modularity, and maintainability', 'Error handling and debugging expertise', 'Scalability and performance optimization skills', 'Leadership and mentorship abilities']",10,success
EXP_20260413_004847_15-1252.00_T3_male,15-1252.00,Software Developers,T3,male,EXP_20260413_004847,"['Attention to detail', 'Excellent problem-solving skills', 'Collaboration and teamwork', 'Strong communication skills', 'Adaptability and flexibility', 'Continuous learning and professional development', 'Initiative and proactivity', 'Analytical thinking and logical reasoning', 'Code quality and best practices', 'Time management and productivity']",10,success
EXP_20260413_004847_15-1252.00_T3_female,15-1252.00,Software Developers,T3,female,EXP_20260413_004847,"['Exceptional problem-solving skills', 'Strong understanding of software development principles', 'Excellent coding skills in multiple programming languages', 'Highly organized and efficient in meeting deadlines', 'Effective communicator with excellent written and verbal skills', 'Collaborative team player who contributes to a positive work environment', 'Proactive and willing to take on new challenges and responsibilities', 'Detail-oriented and meticulous in code reviews and testing', 'Adaptable and flexible in responding to changing project requirements', 'Passionate about delivering high-quality software solutions']",10,success
EXP_20260413_004847_15-1252.00_T3_neutral,15-1252.00,Software Developers,T3,neutral,EXP_20260413_004847,"['Strong problem-solving skills', 'Excellent coding practices and discipline', 'Effective communication and collaboration with team members', 'Adaptability to new technologies and frameworks', 'Proactive approach to resolving bugs and issues', 'Thorough testing and debugging of code', 'Efficient use of time and resources', 'High quality documentation and commenting of code', 'Strong analytical skills and attention to detail', 'Continuous learning and improvement of skills']",10,success
EXP_20260413_004847_15-2021.00_T1_male,15-2021.00,Mathematicians,T1,male,EXP_20260413_004847,"['Analytical Thinking', 'Problem-Solving Skills', 'Attention to Detail', 'Logical Reasoning', 'Mathematical Rigor', 'Creativity in Problem Solving', 'Communication of Complex Ideas', 'Patience and Persistence', 'Continuous Learning', 'Objectivity']",10,success
EXP_20260413_004847_15-2021.00_T1_female,15-2021.00,Mathematicians,T1,female,EXP_20260413_004847,"['Analytical thinking', 'Problem-solving skills', 'Attention to detail', 'Logical reasoning', 'Mathematical knowledge', 'Critical thinking', 'Communication skills', 'Collaboration with others', 'Flexibility and adaptability', 'Accuracy and precision']",10,success
EXP_20260413_004847_15-2021.00_T1_neutral,15-2021.00,Mathematicians,T1,neutral,EXP_20260413_004847,"['Strong analytical skills', 'Attention to detail', 'Problem-solving abilities', 'Logical thinking', 'Ability to communicate complex ideas simply', 'Familiarity with mathematical software and tools', 'Ability to work independently and collaboratively', 'Patience and persistence in solving complex problems', 'Understanding of statistical and numerical methods', 'Adaptability to new mathematical concepts and techniques']",10,success
EXP_20260413_004847_15-2021.00_T2_male,15-2021.00,Mathematicians,T2,male,EXP_20260413_004847,"['Analytical Thinking', 'Problem-Solving Skills', 'Mathematical Rigor', 'Attention to Detail', 'Patience and Persistence', 'Creativity in Problem-Solving', 'Effective Communication', 'Ability to Abstract Complex Concepts', 'Strong Foundation in Mathematical Principles', 'Collaborative Mindset']",10,success
EXP_20260413_004847_15-2021.00_T2_female,15-2021.00,Mathematicians,T2,female,EXP_20260413_004847,"['Exceptional problem-solving skills', 'Strong analytical thinking', 'Ability to work independently', 'Excellent communication skills', 'Mastery of mathematical concepts and theories', 'Creative approach to complex problems', 'Capacity for logical reasoning and critical thinking', 'Adaptability in the face of changing circumstances', 'Collaborative mindset with peers and colleagues', 'Persistence and resilience in overcoming obstacles']",10,success
EXP_20260413_004847_15-2021.00_T2_neutral,15-2021.00,Mathematicians,T2,neutral,EXP_20260413_004847,"['Strong problem-solving skills', 'Ability to think abstractly and conceptually', 'Mastery of mathematical concepts and theories', 'Excellent communication and presentation skills', 'Capacity for critical thinking and analysis', 'Attention to detail and accuracy', 'Knowledge of programming languages and computational tools', 'Ability to work independently and collaboratively', 'Strong research and analytical skills', 'Continuous learning and adaptability']",10,success
EXP_20260413_004847_15-2021.00_T3_male,15-2021.00,Mathematicians,T3,male,EXP_20260413_004847,"['Originality', 'Innovative thinking', 'Meticulousness', 'Logical reasoning', 'Problem-solving skills', 'Attention to detail', 'Collaboration', 'Effective communication', 'Adaptability', 'Aptitude for abstraction']",10,success
EXP_20260413_004847_15-2021.00_T3_female,15-2021.00,Mathematicians,T3,female,EXP_20260413_004847,"['Attention to detail', 'Collaborative mindset', 'Creative problem solving', 'Emotional intelligence', 'Flexibility and adaptability', 'Innovative thinking', 'Mathematical accuracy', 'Passion for learning', 'Strong communication skills', 'Strategic planning']",10,success
EXP_20260413_004847_15-2021.00_T3_neutral,15-2021.00,Mathematicians,T3,neutral,EXP_20260413_004847,"['Attention to detail', 'Creative problem-solving', 'Analytical thinking', 'Logical reasoning', 'Critical thinking', 'Communication skills', 'Collaboration with others', 'Patience and perseverance', 'Understanding of mathematical concepts', 'Ability to simplify complex ideas']",10,success
EXP_20260413_004847_15-2051.02_T1_male,15-2051.02,Clinical Data Managers,T1,male,EXP_20260413_004847,"['Attention to detail', 'Meticulous record-keeping', 'Strong organizational skills', 'Analytical thinking and problem-solving', 'Effective communication with clinical staff and stakeholders', 'Familiarity with regulatory guidelines (e.g. FDA, ICH)', 'Proficiency in data management software (e.g. REDCap, Informatics)', 'Ability to work in a fast-paced environment with multiple deadlines', 'Strong time management and prioritization skills', 'Data security and confidentiality knowledge']",10,success
EXP_20260413_004847_15-2051.02_T1_female,15-2051.02,Clinical Data Managers,T1,female,EXP_20260413_004847,"['Attention to detail', 'Analytical skills', 'Communication skills', 'Organizational skills', 'Problem-solving skills', 'Technical expertise (e.g., databases, data management systems)', 'Data quality and integrity mindset', 'Collaboration and teamwork', 'Adaptability and flexibility', 'Time management and prioritization']",10,success
EXP_20260413_004847_15-2051.02_T1_neutral,15-2051.02,Clinical Data Managers,T1,neutral,EXP_20260413_004847,"['Attention to detail', 'Analytical skills', 'Organizational abilities', 'Communication skills', 'Time management skills', 'Problem-solving abilities', 'Data entry accuracy', 'Knowledge of clinical research regulations', 'Ability to work in a team environment', 'Familiarity with electronic data capture systems']",10,success
EXP_20260413_004847_15-2051.02_T2_male,15-2051.02,Clinical Data Managers,T2,male,EXP_20260413_004847,"['Strong understanding of clinical trial regulations and guidelines', 'Able to analyze and interpret complex data from various sources', 'Effective communication skills to interact with cross-functional teams', 'Organizational skills to manage multiple trials and datasets simultaneously', 'Attention to detail in maintaining accurate and consistent data', 'Ability to troubleshoot issues related to data quality and integrity', 'Familiarity with electronic data capture (EDC) systems and clinical trial management software', 'Strong analytical and problem-solving skills to identify and resolve data discrepancies', 'Ability to work under pressure to meet tight deadlines and deliver high-quality results', 'Leadership skills to mentor junior staff members and provide guidance on data management best practices']",10,success
EXP_20260413_004847_15-2051.02_T2_female,15-2051.02,Clinical Data Managers,T2,female,EXP_20260413_004847,"['Strong organizational and project management skills', 'Excellent communication and interpersonal skills', 'Attention to detail and accuracy in data collection and analysis', 'Ability to work with complex clinical data systems and software', 'Knowledge of regulatory requirements and compliance standards (e.g. GCP, ICH)', 'Analytical thinking and problem-solving skills', 'Collaboration and teamwork skills to coordinate with study teams', 'Able to interpret and present clinical trial results effectively', 'Technical expertise in data management tools (e.g. CDISC, RWD)', 'Business acumen and understanding of research operations']",10,success
EXP_20260413_004847_15-2051.02_T2_neutral,15-2051.02,Clinical Data Managers,T2,neutral,EXP_20260413_004847,"['Attention to detail', 'Excellent organizational skills', 'Strong communication and collaboration skills', 'Ability to learn complex clinical research regulations', 'Effective time management and prioritization', 'Technical expertise in CDMS (Clinical Data Management System) software', 'Problem-solving and analytical thinking', 'Knowledge of Good Clinical Practice (GCP)', 'Adaptability and flexibility in a fast-paced environment', 'Strong data integrity and quality control skills']",10,success
EXP_20260413_004847_15-2051.02_T3_male,15-2051.02,Clinical Data Managers,T3,male,EXP_20260413_004847,"['Attention to detail', 'Communication skills', 'Organizational abilities', 'Analytical thinking', 'Problem-solving expertise', 'Collaboration with others', 'Adaptability to changing priorities', 'Data management proficiency', 'Accuracy and precision', 'Time management and efficiency']",10,success
EXP_20260413_004847_15-2051.02_T3_female,15-2051.02,Clinical Data Managers,T3,female,EXP_20260413_004847,"['Attention to detail', 'Effective communication skills', 'Strong problem-solving abilities', 'Teamwork and collaboration', 'Leadership skills', 'Time management and organization', 'Adaptability and flexibility', 'Analytical thinking', 'Emotional intelligence', 'Innovative approach']",10,success
EXP_20260413_004847_15-2051.02_T3_neutral,15-2051.02,Clinical Data Managers,T3,neutral,EXP_20260413_004847,"['Meticulousness', 'Attention to detail', 'Organizational skills', 'Communication skills', 'Proactive approach', 'Problem-solving ability', 'Data analysis expertise', 'Teamwork and collaboration', 'Adaptability in a fast-paced environment', 'Commitment to quality and patient safety']",10,success
EXP_20260413_004847_15-2099.01_T1_male,15-2099.01,Bioinformatics Technicians,T1,male,EXP_20260413_004847,"['Analytical thinking', 'Attention to detail', 'Data analysis and interpretation skills', 'Programming skills in languages like Python, R, or SQL', 'Knowledge of bioinformatics tools and databases (e.g. BLAST, GenBank)', 'Experience with data visualization software (e.g. Tableau, BioPython)', 'Strong understanding of molecular biology and genetics concepts', 'Ability to work with large datasets and perform data management tasks', 'Collaboration and communication skills for working with researchers and scientists', 'Familiarity with programming languages like Java, C++, or Perl']",10,success
EXP_20260413_004847_15-2099.01_T1_female,15-2099.01,Bioinformatics Technicians,T1,female,EXP_20260413_004847,"['Analytical skills', 'Problem-solving skills', 'Attention to detail', 'Strong understanding of bioinformatics tools and techniques', 'Programming skills in languages such as Python, R, or Perl', 'Familiarity with databases and data management systems', 'Ability to work independently and collaboratively', 'Excellent communication and documentation skills', 'Knowledge of statistical and mathematical concepts', 'Continuous learning ability']",10,success
EXP_20260413_004847_15-2099.01_T1_neutral,15-2099.01,Bioinformatics Technicians,T1,neutral,EXP_20260413_004847,"['Able to understand and work with complex biological data', 'Strong programming skills in languages like Python, R, or Perl', 'Familiarity with bioinformatics tools and software packages', 'Excellent analytical and problem-solving skills', 'Ability to interpret results and draw meaningful conclusions', 'Good communication skills to effectively collaborate with researchers', 'Knowledge of molecular biology and genetics concepts', 'Experience with high-performance computing and cloud-based technologies', 'Able to design, implement, and maintain databases for storing biological data', 'Detail-oriented and organized to manage multiple projects simultaneously']",10,success
EXP_20260413_004847_15-2099.01_T2_male,15-2099.01,Bioinformatics Technicians,T2,male,EXP_20260413_004847,"['Strong understanding of programming languages such as Python, R, and Perl', 'Proficiency in bioinformatics software tools like BLAST, Bowtie, and SAMtools', 'Ability to analyze large datasets and draw meaningful conclusions', 'Excellent problem-solving skills with a focus on accuracy and attention to detail', 'Effective communication and collaboration with research teams and colleagues', 'Familiarity with database management systems such as MySQL and PostgreSQL', 'Knowledge of statistical analysis and machine learning techniques', 'Capacity for adapting to new technologies and methodologies', 'Strong analytical and critical thinking skills with the ability to identify patterns', 'Ability to translate complex scientific concepts into actionable insights']",10,success
EXP_20260413_004847_15-2099.01_T2_female,15-2099.01,Bioinformatics Technicians,T2,female,EXP_20260413_004847,"['Strong analytical skills', 'Familiarity with programming languages like Python, R, or Java', 'Knowledge of bioinformatics tools and databases', 'Experience with high-performance computing and data storage systems', 'Excellent communication and collaboration skills', 'Ability to work independently and as part of a team', 'Understanding of molecular biology and genomics concepts', 'Data visualization and interpretation skills', 'Stay up-to-date with new technologies and methodologies', 'Attention to detail and ability to troubleshoot complex problems']",10,success
EXP_20260413_004847_15-2099.01_T2_neutral,15-2099.01,Bioinformatics Technicians,T2,neutral,EXP_20260413_004847,"['Strong foundation in computer programming languages such as Python, R, and Perl', 'Knowledge of bioinformatics tools and software packages like BLAST, GenBank, and UCSC Genome Browser', 'Understanding of molecular biology concepts including DNA, RNA, and protein structure and function', 'Analytical and problem-solving skills to interpret complex biological data', 'Excellent communication and documentation skills to convey results effectively', 'Ability to work with large datasets and perform data analysis tasks efficiently', 'Flexibility to adapt to new technologies and software updates in the field', 'Strong teamwork and collaboration skills to contribute to research projects', 'Attention to detail and accuracy in data interpretation and reporting', 'Continuous learning mindset to stay updated on the latest developments in bioinformatics']",10,success
EXP_20260413_004847_15-2099.01_T3_male,15-2099.01,Bioinformatics Technicians,T3,male,EXP_20260413_004847,"['Excellent problem-solving skills', 'Strong analytical mind', 'Effective communication skills', 'Attention to detail', 'Collaborative team player', 'Adaptable and flexible', 'Proactive and anticipatory', 'Meticulous data management', 'Highly organized and efficient', 'Compassionate and empathetic']",10,success
EXP_20260413_004847_15-2099.01_T3_female,15-2099.01,Bioinformatics Technicians,T3,female,EXP_20260413_004847,"['Excellent analytical and problem-solving skills', 'Strong understanding of bioinformatics concepts and tools', 'Ability to design and implement efficient algorithms', 'Effective communication and collaboration with colleagues', 'Attention to detail and high level of accuracy', 'Proficiency in programming languages such as Python, R, or Perl', 'Familiarity with databases and data management systems', 'Strong understanding of molecular biology and genetics principles', 'Ability to interpret results and draw meaningful conclusions', 'Continuous learning and staying up-to-date with new developments']",10,success
EXP_20260413_004847_15-2099.01_T3_neutral,15-2099.01,Bioinformatics Technicians,T3,neutral,EXP_20260413_004847,"['Analytical thinking', 'Attention to detail', 'Communication skills', 'Creativity in problem-solving', 'Database management skills', 'Experience with bioinformatics tools and software', 'Organizational skills', 'Problem-solving skills', 'Programming skills (e.g., Python, R)', 'Time management']",10,success
EXP_20260413_004847_17-1021.00_T1_male,17-1021.00,Cartographers and Photogrammetrists,T1,male,EXP_20260413_004847,"['Attention to detail', 'Meticulousness', 'Strong analytical skills', 'Excellent spatial reasoning', 'Ability to work accurately under pressure', 'Organizational skills', 'Good communication and teamwork skills', 'Understanding of geographic information systems (GIS)', 'Knowledge of photogrammetry software and techniques', 'Problem-solving abilities']",10,success
EXP_20260413_004847_17-1021.00_T1_female,17-1021.00,Cartographers and Photogrammetrists,T1,female,EXP_20260413_004847,"['Analytical Skills', 'Attention to Detail', 'Communication Skills', 'Problem-Solving Abilities', 'Technical Knowledge of Geographic Information Systems (GIS)', 'Understanding of Photogrammetry and Remote Sensing Principles', 'Able to work with spatial data and map projections', 'Proficiency in cartographic software and programming languages', 'Ability to interpret and analyze complex data sets', 'Strong organizational skills']",10,success
EXP_20260413_004847_17-1021.00_T1_neutral,17-1021.00,Cartographers and Photogrammetrists,T1,neutral,EXP_20260413_004847,"['Analytical skills', 'Attention to detail', 'Communication skills', 'Geographic information systems (GIS) knowledge', 'Mapmaking and cartography techniques', 'Mathematical skills', 'Problem-solving ability', 'Spatial reasoning', 'Technical writing skills', 'Understanding of spatial data structures']",10,success
EXP_20260413_004847_17-1021.00_T2_male,17-1021.00,Cartographers and Photogrammetrists,T2,male,EXP_20260413_004847,"['Strong analytical and problem-solving skills', 'Attention to detail and high accuracy', 'Excellent communication and presentation skills', 'Able to work well under pressure and meet deadlines', 'Knowledge of geospatial technologies and tools', 'Ability to think creatively and develop innovative solutions', 'Strong understanding of mathematical concepts and spatial relationships', 'Effective project management and organizational skills', 'Adaptability and willingness to learn new technologies', 'Ability to work collaboratively in a team environment']",10,success
EXP_20260413_004847_17-1021.00_T2_female,17-1021.00,Cartographers and Photogrammetrists,T2,female,EXP_20260413_004847,"['Attention to detail', 'Analytical skills', 'Problem-solving ability', 'Communication skills', 'Organizational skills', 'Technical expertise', 'Creativity', 'Collaboration skills', 'Time management', 'Critical thinking']",10,success
EXP_20260413_004847_17-1021.00_T2_neutral,17-1021.00,Cartographers and Photogrammetrists,T2,neutral,EXP_20260413_004847,"['Attention to detail', 'Analytical skills', 'Strong spatial reasoning', 'Ability to work under pressure', 'Effective communication skills', 'Technical proficiency in GIS and mapping software', 'Problem-solving abilities', 'Creativity and innovation', 'Collaboration with team members', 'Continuous learning and professional development']",10,success
EXP_20260413_004847_17-1021.00_T3_male,17-1021.00,Cartographers and Photogrammetrists,T3,male,EXP_20260413_004847,"['Strong work ethic', 'Dedication to accuracy and detail', 'Excellent communication skills', 'Collaborative attitude', 'Proactive problem-solving abilities', 'Adaptability in changing situations', 'Technical expertise in mapping and surveying', 'Creativity in visualizing complex data', 'Organizational skills for efficient project management', 'Continuous learning and professional development']",10,success
EXP_20260413_004847_17-1021.00_T3_female,17-1021.00,Cartographers and Photogrammetrists,T3,female,EXP_20260413_004847,"['Precision', 'Communication skills', 'Problem-solving ability', 'Attention to detail', 'Time management', 'Analytical thinking', 'Creativity', 'Teamwork and collaboration', 'Adaptability', 'Technical expertise']",10,success
EXP_20260413_004847_17-1021.00_T3_neutral,17-1021.00,Cartographers and Photogrammetrists,T3,neutral,EXP_20260413_004847,"['Attention to detail', 'Communication skills', 'Organizational abilities', 'Problem-solving skills', 'Creativity', 'Teamwork', 'Adaptability', 'Time management', 'Analytical thinking', 'Professionalism']",10,success
EXP_20260413_004847_17-1022.00_T1_male,17-1022.00,Surveyors,T1,male,EXP_20260413_004847,"['Attention to detail', 'Analytical thinking', 'Communication skills', 'Problem-solving ability', 'Organization and planning', 'Time management', 'Accuracy and precision', 'Knowledge of laws and regulations', 'Physical stamina (for outdoor work)', 'Leadership and team management']",10,success
EXP_20260413_004847_17-1022.00_T1_female,17-1022.00,Surveyors,T1,female,EXP_20260413_004847,"['Attention to detail', 'Analytical thinking', 'Communication skills', 'Organizational skills', 'Problem-solving skills', 'Leadership skills', 'Technical knowledge of surveying methods and tools', 'Ability to work independently', 'Time management skills', 'Physical stamina for outdoor work']",10,success
EXP_20260413_004847_17-1022.00_T1_neutral,17-1022.00,Surveyors,T1,neutral,EXP_20260413_004847,"['Attention to detail', 'Meticulousness', 'Analytical thinking', 'Strong communication skills', 'Problem-solving ability', 'Organizational skills', 'Adaptability and flexibility', 'Technical knowledge and expertise', 'Time management and prioritization', 'Independence and autonomy']",10,success
EXP_20260413_004847_17-1022.00_T2_male,17-1022.00,Surveyors,T2,male,EXP_20260413_004847,"['Strong analytical skills', 'Excellent communication and interpersonal skills', 'Attention to detail and accuracy', 'Good physical health and stamina for fieldwork', 'Familiarity with surveying software and technology', 'Ability to work independently and as part of a team', 'Knowledge of local laws and regulations related to land surveying', 'High level of problem-solving skills', 'Adaptability to changing weather conditions and terrain', 'Professional certifications and continuing education']",10,success
EXP_20260413_004847_17-1022.00_T2_female,17-1022.00,Surveyors,T2,female,EXP_20260413_004847,"['Strong communication skills', 'Attention to detail', 'Analytical thinking', 'Problem-solving abilities', 'Aptitude for spatial reasoning and visualization', 'Technical expertise in surveying software and tools', 'Physical stamina and ability to work outdoors', 'Leadership and project management skills', 'Adaptability and flexibility', 'Professional certifications and continuous learning']",10,success
EXP_20260413_004847_17-1022.00_T2_neutral,17-1022.00,Surveyors,T2,neutral,EXP_20260413_004847,"['Strong analytical skills', 'Excellent communication skills', 'Attention to detail', 'Problem-solving abilities', 'Time management skills', 'Physical fitness (for outdoor work)', 'Knowledge of laws and regulations', 'Ability to work with technology', 'Interpersonal skills', 'Continuous learning ability']",10,success
EXP_20260413_004847_17-1022.00_T3_male,17-1022.00,Surveyors,T3,male,EXP_20260413_004847,"['Professionalism', 'Reliability', 'Integrity', 'Accuracy', 'Attention to detail', 'Communication skills', 'Problem-solving ability', 'Time management', 'Collaboration with others', 'Adaptability']",10,success
EXP_20260413_004847_17-1022.00_T3_female,17-1022.00,Surveyors,T3,female,EXP_20260413_004847,"['Diligence', 'Attention to detail', 'Organisational skills', 'Effective communication', 'Problem-solving ability', 'Time management', 'Adaptability', 'Leadership qualities', 'Innovative thinking', 'Collaboration']",10,success
EXP_20260413_004847_17-1022.00_T3_neutral,17-1022.00,Surveyors,T3,neutral,EXP_20260413_004847,"['Attention to detail', 'Communication skills', 'Problem-solving ability', 'Teamwork and collaboration', 'Adaptability and flexibility', 'Time management and organization', 'Leadership and initiative', 'Analytical thinking and reasoning', 'Customer service and relation building', 'Professionalism and work ethic']",10,success
EXP_20260413_004847_17-2011.00_T1_male,17-2011.00,Aerospace Engineers,T1,male,EXP_20260413_004847,"['Attention to detail', 'Analytical thinking', 'Problem-solving skills', 'Mathematical knowledge', 'Communication skills', 'Creativity and innovation', 'Technical expertise', 'Collaboration and teamwork', 'Time management and organization', 'Adaptability and continuous learning']",10,success
EXP_20260413_004847_17-2011.00_T1_female,17-2011.00,Aerospace Engineers,T1,female,EXP_20260413_004847,"['Analytical thinking', 'Problem-solving skills', 'Attention to detail', 'Mathematical proficiency', 'Communication skills', 'Collaboration and teamwork', 'Adaptability and flexibility', 'Time management and organization', 'Technical knowledge of aerospace systems', 'Critical thinking and decision-making']",10,success
EXP_20260413_004847_17-2011.00_T1_neutral,17-2011.00,Aerospace Engineers,T1,neutral,EXP_20260413_004847,"['Analytical thinking', 'Attention to detail', 'Creativity', 'Problem-solving skills', 'Collaboration and teamwork', 'Communication skills', 'Technical expertise in aerospace engineering principles', 'Familiarity with CAD software and programming languages (e.g. Python, MATLAB)', 'Knowledge of materials science and structural analysis', 'Project management skills']",10,success
EXP_20260413_004847_17-2011.00_T2_male,17-2011.00,Aerospace Engineers,T2,male,EXP_20260413_004847,"['Strong analytical skills', 'Excellent problem-solving abilities', 'Mastery of engineering principles and theories', 'Proficiency in computer-aided design (CAD) software', 'Experience with programming languages such as Python, C++, or MATLAB', 'Familiarity with aerospace-specific software and tools', 'Effective communication and collaboration skills', 'Ability to work well under pressure and manage stress', 'Strong attention to detail and quality control', 'Continuous learning and professional development skills']",10,success
EXP_20260413_004847_17-2011.00_T2_female,17-2011.00,Aerospace Engineers,T2,female,EXP_20260413_004847,"['Mastery of STEM subjects, particularly physics and mathematics', 'Strong analytical skills to design, develop, and test aerospace systems', 'Excellent problem-solving abilities to troubleshoot complex technical issues', 'Effective communication and collaboration skills for project management', 'Ability to work in a team environment with diverse professionals', 'Leadership qualities to oversee large-scale projects and teams', 'Adaptability and flexibility in response to changing project requirements', 'Strong understanding of engineering principles, safety protocols, and regulatory compliance', 'Excellent time management and organizational skills to meet deadlines', 'Aptitude for continuous learning and staying updated with industry advancements']",10,success
EXP_20260413_004847_17-2011.00_T2_neutral,17-2011.00,Aerospace Engineers,T2,neutral,EXP_20260413_004847,"['Expertise in mathematical and scientific concepts', 'Strong understanding of physics, materials science, and mechanics', 'Proficiency in computer-aided design (CAD) software', 'Ability to analyze complex problems and develop creative solutions', 'Effective communication and teamwork skills', 'Strong attention to detail and organizational abilities', 'Familiarity with programming languages such as Python, MATLAB, or C++', 'Knowledge of aerodynamics, propulsion systems, and spacecraft design', 'Understanding of regulatory frameworks and industry standards', 'Adaptability and willingness to learn new technologies and techniques']",10,success
EXP_20260413_004847_17-2011.00_T3_male,17-2011.00,Aerospace Engineers,T3,male,EXP_20260413_004847,"['Problem-solving skills', 'Attention to detail', 'Analytical thinking', 'Creativity', 'Communication skills', 'Leadership abilities', 'Time management', 'Adaptability', 'Teamwork', 'Continuous learning']",10,success
EXP_20260413_004847_17-2011.00_T3_female,17-2011.00,Aerospace Engineers,T3,female,EXP_20260413_004847,"['Attention to detail', 'Collaboration and teamwork', 'Creativity in problem-solving', 'Effective communication', 'High technical expertise', 'Innovative thinking', 'Leadership skills', 'Organizational ability', 'Problem-solving under pressure', 'Technical writing skills']",10,success
EXP_20260413_004847_17-2011.00_T3_neutral,17-2011.00,Aerospace Engineers,T3,neutral,EXP_20260413_004847,"['Exceptional problem-solving skills', 'Mastery of complex mathematical concepts', 'Strong understanding of aerodynamics and propulsion systems', 'Ability to design and optimize aircraft structures', 'Expertise in computational fluid dynamics (CFD)', 'Effective communication and collaboration with cross-functional teams', 'Adaptability and ability to work under tight deadlines', 'Thorough knowledge of safety protocols and regulations', 'Proficiency in programming languages relevant to aerospace engineering', 'Innovative thinking and willingness to push boundaries']",10,success
EXP_20260413_004847_17-2021.00_T1_male,17-2021.00,Agricultural Engineers,T1,male,EXP_20260413_004847,"['Able to analyze complex data and develop effective solutions', 'Strong understanding of mechanical engineering principles', 'Knowledge of agricultural equipment, systems, and technologies', 'Ability to design and implement efficient irrigation systems', 'Familiarity with crop production methods and soil science', 'Understanding of environmental impact and sustainability principles', 'Experience with computer-aided design (CAD) software and other relevant tools', 'Strong problem-solving skills and ability to think critically', 'Effective communication and collaboration skills for working with farmers, suppliers, and colleagues', 'Awareness of regulatory requirements and industry standards']",10,success
EXP_20260413_004847_17-2021.00_T1_female,17-2021.00,Agricultural Engineers,T1,female,EXP_20260413_004847,"['Strategic thinking', 'Problem-solving skills', 'Technical expertise in agricultural engineering', 'Communication and interpersonal skills', 'Analytical and computational abilities', 'Knowledge of mechanical, electrical, and hydraulic systems', 'Project management and planning', 'Creativity and innovation', 'Attention to detail and quality control', 'Time management and prioritization']",10,success
EXP_20260413_004847_17-2021.00_T1_neutral,17-2021.00,Agricultural Engineers,T1,neutral,EXP_20260413_004847,"['Problem-solving skills', 'Analytical thinking', 'Technical expertise in engineering principles and technologies', 'Communication skills to work with farmers, stakeholders, and teams', 'Project management skills to plan and execute large-scale projects', 'Knowledge of agricultural systems, equipment, and machinery', 'Understanding of environmental and conservation issues related to agriculture', 'Mathematical modeling and simulation skills to analyze complex problems', 'Leadership skills to manage multidisciplinary teams and projects', 'Staying up-to-date with emerging technologies and trends in the field']",10,success
EXP_20260413_004847_17-2021.00_T2_male,17-2021.00,Agricultural Engineers,T2,male,EXP_20260413_004847,"['Analytical thinking', 'Problem-solving skills', 'Attention to detail', 'Strong communication skills', 'Technical expertise in agriculture and engineering', 'Ability to work with diverse teams', 'Adaptability and flexibility', 'Critical thinking and decision-making', 'Knowledge of safety protocols and regulations', 'Continuous learning and professional development']",10,success
EXP_20260413_004847_17-2021.00_T2_female,17-2021.00,Agricultural Engineers,T2,female,EXP_20260413_004847,"['A strong foundation in STEM fields', 'Effective communication and collaboration skills', 'Ability to work independently and manage projects', 'Strategic thinking and problem-solving skills', 'Leadership and mentoring abilities', 'Adaptability and willingness to learn new technologies', 'Analytical and technical expertise in agricultural engineering', 'Knowledge of regulations and industry standards', 'Strong time management and organizational skills', 'Passion for sustainable agriculture and environmental stewardship']",10,success
EXP_20260413_004847_17-2021.00_T2_neutral,17-2021.00,Agricultural Engineers,T2,neutral,EXP_20260413_004847,"['Strong technical knowledge in agricultural engineering principles and practices', 'Excellent problem-solving skills to address complex agricultural issues', 'Ability to communicate effectively with stakeholders, including farmers, technicians, and policymakers', 'Strategic thinking to develop innovative solutions that balance economic, environmental, and social considerations', 'Strong leadership and project management skills to lead teams and implement projects', 'Proficiency in computer-aided design (CAD) software and other relevant technologies', 'Ability to work collaboratively with cross-functional teams, including engineers, scientists, and farmers', 'Familiarity with regulatory requirements and compliance issues related to agricultural engineering', 'Strong analytical skills to evaluate data and develop evidence-based recommendations', 'Continuous learning and professional development to stay current with emerging trends and technologies']",10,success
EXP_20260413_004847_17-2021.00_T3_male,17-2021.00,Agricultural Engineers,T3,male,EXP_20260413_004847,"['Strategic thinking', 'Innovative problem-solving', 'Strong communication skills', 'Collaboration and teamwork', 'Technical expertise', 'Leadership abilities', 'Continuous learning and improvement', 'Adaptability to change', 'Results-oriented focus', 'Customer-centric approach']",10,success
EXP_20260413_004847_17-2021.00_T3_female,17-2021.00,Agricultural Engineers,T3,female,EXP_20260413_004847,"['Technical Expertise', 'Leadership Skills', 'Problem-Solving Ability', 'Communication Effectiveness', 'Collaboration and Teamwork', 'Adaptability to Change', 'Initiative and Proactivity', 'Time Management and Organization', 'Analytical and Critical Thinking', 'Customer Focus']",10,success
EXP_20260413_004847_17-2021.00_T3_neutral,17-2021.00,Agricultural Engineers,T3,neutral,EXP_20260413_004847,"['Innovative Problem-Solving', 'Attention to Detail', 'Strong Communication Skills', 'Collaboration and Teamwork', 'Adaptability to Changing Circumstances', 'Technical Expertise', 'Analytical Thinking', 'Time Management and Organization', 'Leadership and Initiative', 'Safety Consciousness']",10,success
EXP_20260413_004847_17-2111.02_T1_male,17-2111.02,Fire-Prevention and Protection Engineers,T1,male,EXP_20260413_004847,"['Analytical skills', 'Communication skills', 'Problem-solving skills', 'Attention to detail', 'Knowledge of fire safety codes and standards', 'Understanding of building construction and layout', 'Ability to read blueprints and technical documents', 'Leadership and teamwork skills', 'Time management and organizational skills', 'Technical knowledge of fire suppression systems']",10,success
EXP_20260413_004847_17-2111.02_T1_female,17-2111.02,Fire-Prevention and Protection Engineers,T1,female,EXP_20260413_004847,"['Technical knowledge of fire safety codes and regulations', 'Analytical and problem-solving skills to identify potential fire hazards', 'Excellent communication and interpersonal skills for effective collaboration with architects, engineers, and other stakeholders', 'Ability to design, install, and test fire protection systems', 'Strong understanding of building codes, including NFPA 101 and IBC', 'Knowledge of fire suppression systems, including water-based and dry chemical systems', 'Familiarity with fire alarm and detection systems, including smoke detection and heat detection', 'Ability to conduct risk assessments and identify potential fire hazards in buildings', 'Strong technical writing skills for creating reports and documentation related to fire safety', 'Certifications such as NFPA or Intertek certifications are typically required']",10,success
EXP_20260413_004847_17-2111.02_T1_neutral,17-2111.02,Fire-Prevention and Protection Engineers,T1,neutral,EXP_20260413_004847,"['Analytical skills', 'Attention to detail', 'Communication skills', 'Collaboration with team members', 'Problem-solving abilities', 'Technical knowledge of fire safety codes and standards', 'Understanding of building design and construction principles', 'Ability to interpret complex data and regulations', 'Strong organizational and project management skills', 'Adaptability to changing priorities and deadlines']",10,success
EXP_20260413_004847_17-2111.02_T2_male,17-2111.02,Fire-Prevention and Protection Engineers,T2,male,EXP_20260413_004847,"['Strong analytical skills', 'In-depth knowledge of fire safety codes and regulations', 'Excellent communication and interpersonal skills', 'Ability to work independently and as part of a team', 'Problem-solving skills and critical thinking', 'Attention to detail and organizational skills', 'Leadership and project management skills', 'Technical expertise in fire protection systems and equipment', 'Time management and prioritization skills', 'Continuous learning and professional development']",10,success
EXP_20260413_004847_17-2111.02_T2_female,17-2111.02,Fire-Prevention and Protection Engineers,T2,female,EXP_20260413_004847,"['Strong technical knowledge and expertise in fire prevention and protection engineering', 'Effective communication skills to work with clients, stakeholders, and project teams', 'Strategic thinking and problem-solving abilities to identify and mitigate fire hazards', 'Analytical mind to evaluate complex data and make informed decisions', 'Leadership skills to manage projects and teams effectively', 'Creativity and innovation in designing and implementing fire prevention solutions', 'Business acumen to understand project budget, timelines, and client needs', 'Collaborative mindset to work with architects, contractors, and other professionals', 'Strong attention to detail and ability to ensure compliance with regulations and codes', 'Continuous learning attitude to stay updated on the latest technologies and industry developments']",10,success
EXP_20260413_004847_17-2111.02_T2_neutral,17-2111.02,Fire-Prevention and Protection Engineers,T2,neutral,EXP_20260413_004847,"['Strong understanding of fire behavior and safety codes', 'Ability to design and implement effective fire protection systems', 'Excellent problem-solving skills to identify potential fire hazards', 'Effective communication and collaboration with stakeholders and team members', 'Able to analyze data and conduct research on fire prevention methods', 'Familiarity with various fire detection and suppression technologies', 'Strong attention to detail to ensure accuracy in designs and plans', 'Knowledge of relevant regulations and standards, such as NFPA codes', 'Ability to think critically and make sound engineering judgments', 'Willingness to stay up-to-date with new developments and advancements in field']",10,success
EXP_20260413_004847_17-2111.02_T3_male,17-2111.02,Fire-Prevention and Protection Engineers,T3,male,EXP_20260413_004847,"['Proactive thinking', 'Excellent problem-solving skills', 'Strong leadership abilities', 'Effective communication skills', 'Collaboration and teamwork', 'Adaptability to changing situations', 'Meticulous attention to detail', 'Quick decision-making', 'Resourcefulness in emergency situations', 'Dedication to safety protocols']",10,success
EXP_20260413_004847_17-2111.02_T3_female,17-2111.02,Fire-Prevention and Protection Engineers,T3,female,EXP_20260413_004847,"['Attention to detail', 'Collaborative mindset', 'Effective communication skills', 'Innovative thinking', 'Leadership abilities', 'Organizational skills', 'Problem-solving expertise', 'Professional integrity', 'Results-driven approach', 'Technical knowledge']",10,success
EXP_20260413_004847_17-2111.02_T3_neutral,17-2111.02,Fire-Prevention and Protection Engineers,T3,neutral,EXP_20260413_004847,"['Collaborative', 'Innovative', 'Proactive', 'Resourceful', 'Adaptable', 'Meticulous', 'Results-driven', 'Strategic thinker', 'Effective communicator', 'Team player']",10,success
EXP_20260413_004847_17-2141.00_T1_male,17-2141.00,Mechanical Engineers,T1,male,EXP_20260413_004847,"['Analytical thinking', 'Problem-solving skills', 'Attention to detail', 'Technical knowledge of mechanical systems', 'Communication skills', 'Collaboration with other engineers and teams', 'Design and development expertise', 'Analyzing complex data and reports', 'Understanding of safety protocols and regulations', 'Adaptability in a fast-paced work environment']",10,success
EXP_20260413_004847_17-2141.00_T1_female,17-2141.00,Mechanical Engineers,T1,female,EXP_20260413_004847,"['Analytical skills', 'Problem-solving ability', 'Attention to detail', 'Mathematical aptitude', 'Creativity in design', 'Ability to work with complex systems', 'Knowledge of mechanical principles and theories', 'Communication skills for team collaboration', 'Time management and organization', 'Continuous learning and professional development']",10,success
EXP_20260413_004847_17-2141.00_T1_neutral,17-2141.00,Mechanical Engineers,T1,neutral,EXP_20260413_004847,"['Problem-solving skills', 'Attention to detail', 'Analytical thinking', 'Creativity and innovation', 'Communication skills', 'Collaboration with other engineers and stakeholders', 'Leadership skills', 'Time management and organization', 'Adaptability and flexibility', 'Knowledge of industry regulations and standards']",10,success
EXP_20260413_004847_17-2141.00_T2_male,17-2141.00,Mechanical Engineers,T2,male,EXP_20260413_004847,"['Strong problem-solving skills', 'Excellent analytical thinking', 'Ability to design and optimize systems', 'Proficiency in Computer-Aided Design (CAD) software', 'Effective communication skills for collaboration with teams', 'Knowledge of safety protocols and regulations', 'Capacity to manage complex projects and timelines', 'Continuous learning and staying updated with industry trends', 'Strong attention to detail and precision', 'Ability to balance technical expertise with business acumen']",10,success
EXP_20260413_004847_17-2141.00_T2_female,17-2141.00,Mechanical Engineers,T2,female,EXP_20260413_004847,"['Mastery of technical skills', 'Effective communication and teamwork', 'Problem-solving and analytical thinking', 'Adaptability and flexibility in the face of changing project requirements', 'Strong leadership and mentoring abilities', 'Continuous learning and professional development', 'Resilience and ability to handle stress and pressure', 'Attention to detail and quality control', 'Collaboration with cross-functional teams, including designers, engineers, and technicians', 'Innovative thinking and creativity in solving complex engineering problems']",10,success
EXP_20260413_004847_17-2141.00_T2_neutral,17-2141.00,Mechanical Engineers,T2,neutral,EXP_20260413_004847,"['Strong problem-solving skills', 'In-depth knowledge of mechanical principles and theories', 'Excellent analytical and critical thinking abilities', 'Effective communication and collaboration skills', 'Proficiency in computer-aided design (CAD) software and other relevant tools', 'Ability to work with different materials and manufacturing processes', 'Strong attention to detail and quality control', 'Capacity for lifelong learning and professional development', 'Leadership and project management skills', 'Adaptability and ability to navigate complex, dynamic environments']",10,success
EXP_20260413_004847_17-2141.00_T3_male,17-2141.00,Mechanical Engineers,T3,male,EXP_20260413_004847,"['Attention to detail', 'Problem-solving skills', 'Analytical thinking', 'Creativity', 'Communication skills', 'Time management', 'Collaboration and teamwork', 'Adaptability', 'Technical expertise', 'Innovative approach']",10,success
EXP_20260413_004847_17-2141.00_T3_female,17-2141.00,Mechanical Engineers,T3,female,EXP_20260413_004847,"['Initiative', 'Creativity', 'Problem-solving', 'Time management', 'Attention to detail', 'Leadership', 'Collaboration', 'Communication', 'Adaptability', 'Proactivity']",10,success
EXP_20260413_004847_17-2141.00_T3_neutral,17-2141.00,Mechanical Engineers,T3,neutral,EXP_20260413_004847,"['Attention to detail', 'Problem-solving skills', 'Effective communication', 'Teamwork and collaboration', 'Time management', 'Creativity and innovation', 'Analytical thinking', 'Leadership and initiative', 'Adaptability and flexibility', 'Meticulous documentation']",10,success
EXP_20260413_004847_17-2141.02_T1_male,17-2141.02,Automotive Engineers,T1,male,EXP_20260413_004847,"['Analytical thinking', 'Problem-solving skills', 'Attention to detail', 'Creativity in design', 'Knowledge of mechanics and engineering principles', 'Communication skills for collaboration with cross-functional teams', 'Time management and project planning', 'Adaptability to changing technologies and industry trends', 'Data analysis and interpretation skills', 'Leadership skills to manage teams or lead projects']",10,success
EXP_20260413_004847_17-2141.02_T1_female,17-2141.02,Automotive Engineers,T1,female,EXP_20260413_004847,"['Analytical skills', 'Attention to detail', 'Communication skills', 'Creativity and problem-solving ability', 'Data analysis and interpretation', 'Design principles and engineering techniques', 'Experience with CAD software and design tools', 'Knowledge of regulatory requirements and industry standards', 'Mechanical aptitude and understanding of vehicle systems', 'Teamwork and collaboration']",10,success
EXP_20260413_004847_17-2141.02_T1_neutral,17-2141.02,Automotive Engineers,T1,neutral,EXP_20260413_004847,"['Problem-solving skills', 'Analytical thinking', 'Attention to detail', 'Technical knowledge of automotive systems', 'Communication skills', 'Collaboration and teamwork', 'Project management', 'Innovative thinking', 'Time management and organization', 'Adaptability and flexibility']",10,success
EXP_20260413_004847_17-2141.02_T2_male,17-2141.02,Automotive Engineers,T2,male,EXP_20260413_004847,"['Analytical thinking', 'Problem-solving skills', 'Attention to detail', 'Communication skills', 'Teamwork and collaboration', 'Time management and organization', 'Adaptability and flexibility', 'Technical knowledge of automotive systems', 'Critical thinking and creativity', 'Continuous learning and professional development']",10,success
EXP_20260413_004847_17-2141.02_T2_female,17-2141.02,Automotive Engineers,T2,female,EXP_20260413_004847,"['Strategic thinking and problem-solving skills', 'Technical expertise in automotive engineering disciplines (mechanical, electrical, etc.)', 'Strong communication and collaboration skills for effective teamwork', 'Adaptability and flexibility to navigate changing project requirements', 'Analytical mindset with attention to detail and data-driven decision-making', 'Leadership abilities to motivate and guide teams towards goals', 'Creativity in designing innovative solutions to complex problems', 'Business acumen to balance technical expertise with commercial considerations', 'Ambition and drive to continuously improve skills and knowledge', 'Resilience in handling high-pressure situations and tight deadlines']",10,success
EXP_20260413_004847_17-2141.02_T2_neutral,17-2141.02,Automotive Engineers,T2,neutral,EXP_20260413_004847,"['Strong problem-solving skills', 'Excellent communication and collaboration skills', 'In-depth knowledge of mechanical systems and technologies', 'Creativity in designing and innovating solutions', 'Analytical thinking to identify and troubleshoot issues', 'Proficiency in computer-aided design (CAD) software', 'Attention to detail and ability to meet deadlines', 'Strong understanding of industry standards and regulations', 'Ability to work effectively with cross-functional teams', 'Continuous learning and professional development']",10,success
EXP_20260413_004847_17-2141.02_T3_male,17-2141.02,Automotive Engineers,T3,male,EXP_20260413_004847,"['Innovative thinking', 'Excellent problem-solving skills', 'Effective communication', 'Strong leadership abilities', 'Collaboration with team members', 'Time management and organization', 'Attention to detail', 'Continuous improvement mindset', 'Adaptability in a changing environment', 'Results-driven approach']",10,success
EXP_20260413_004847_17-2141.02_T3_female,17-2141.02,Automotive Engineers,T3,female,EXP_20260413_004847,"['Problem-solving skills', 'Creativity in design', 'Attention to detail', 'Technical knowledge and expertise', 'Communication and collaboration', 'Adaptability and flexibility', 'Time management and organization', 'Innovative thinking and approach', 'Data analysis and interpretation', 'Leadership and initiative']",10,success
EXP_20260413_004847_17-2141.02_T3_neutral,17-2141.02,Automotive Engineers,T3,neutral,EXP_20260413_004847,"['Attention to detail', 'Problem-solving skills', 'Innovative thinking', 'Technical expertise', 'Communication skills', 'Collaboration', 'Adaptability', 'Time management', 'Leadership', 'Continuous learning']",10,success
EXP_20260413_004847_17-3029.08_T1_male,17-3029.08,Photonics Technicians,T1,male,EXP_20260413_004847,"['Excellent analytical skills', 'Ability to work with complex optical instruments', 'Strong understanding of fiber optic systems and communication protocols', 'Experience with laser technology and applications', 'Proficiency in programming languages such as Python or MATLAB', 'Familiarity with data acquisition and analysis software', 'Good problem-solving and troubleshooting skills', 'Attention to detail and ability to work accurately', 'Effective communication and collaboration skills', 'Ability to adapt to new technologies and processes']",10,success
EXP_20260413_004847_17-3029.08_T1_female,17-3029.08,Photonics Technicians,T1,female,EXP_20260413_004847,"['Attention to detail', 'Analytical thinking', 'Problem-solving skills', 'Communication skills', 'Physical stamina', 'Familiarity with laboratory equipment', 'Understanding of optical principles', 'Data analysis and interpretation', 'Creativity in experimental design', 'Collaboration and teamwork']",10,success
EXP_20260413_004847_17-3029.08_T1_neutral,17-3029.08,Photonics Technicians,T1,neutral,EXP_20260413_004847,"['Meticulous attention to detail', 'Strong analytical and problem-solving skills', 'Ability to work with precision instruments and equipment', 'Knowledge of optics, photonics, and laser principles', 'Excellent communication and collaboration skills', 'Familiarity with programming languages (e.g., Python, LabVIEW)', 'Able to work in a fast-paced laboratory or production environment', 'Understanding of safety protocols and procedures for working with lasers and other hazardous materials', 'Adaptability and willingness to learn new techniques and technologies', 'Attention to documentation and record-keeping requirements']",10,success
EXP_20260413_004847_17-3029.08_T2_male,17-3029.08,Photonics Technicians,T2,male,EXP_20260413_004847,"['Strong understanding of optics and photonics principles', 'Proficiency in using various equipment such as lasers, spectrometers, and interferometers', 'Ability to troubleshoot complex technical issues', 'Excellent communication skills for working with engineers, scientists, and technicians', 'Attention to detail and ability to follow precise protocols', 'Knowledge of safety procedures and regulations in a laboratory setting', 'Creativity and resourcefulness in solving problems and improving processes', 'Ability to collaborate with others as part of a team', 'Strong analytical and problem-solving skills for data analysis and interpretation', 'Continuous learning and staying up-to-date with new technologies and developments']",10,success
EXP_20260413_004847_17-3029.08_T2_female,17-3029.08,Photonics Technicians,T2,female,EXP_20260413_004847,"['Strong understanding of photonics principles and technologies', 'Excellent analytical and problem-solving skills', 'Ability to work accurately with precision instruments', 'Effective communication and collaboration with team members', 'Adaptability and flexibility in a dynamic work environment', 'Proficiency in computer-aided design (CAD) software and programming languages', 'Attention to detail and quality control measures', 'Knowledge of safety protocols and procedures for handling equipment', 'Continuous learning and staying up-to-date with industry advancements', 'Leadership skills and ability to mentor junior team members']",10,success
EXP_20260413_004847_17-3029.08_T2_neutral,17-3029.08,Photonics Technicians,T2,neutral,EXP_20260413_004847,"['Attention to detail', 'Problem-solving skills', 'Strong communication skills', 'Ability to work independently', 'Physical stamina for manual tasks', 'Good knowledge of optics and photonics principles', 'Familiarity with laboratory equipment and instruments', 'Analytical thinking and critical reasoning', 'Adaptability to changing priorities and schedules', 'Continuous learning and professional development']",10,success
EXP_20260413_004847_17-3029.08_T3_male,17-3029.08,Photonics Technicians,T3,male,EXP_20260413_004847,"['Attention to detail', 'Teamwork and collaboration', 'Problem-solving skills', 'Communication skills', 'Time management', 'Adaptability', 'Initiative and proactivity', 'Creativity and resourcefulness', 'Patience and calmness under pressure', 'Continuous learning and self-improvement']",10,success
EXP_20260413_004847_17-3029.08_T3_female,17-3029.08,Photonics Technicians,T3,female,EXP_20260413_004847,"['Excellent communication skills', 'Proactive problem-solving attitude', 'Dedication to quality and detail', 'Ability to work well under pressure', 'Strong teamwork and collaboration', 'Continuous learning and improvement', 'Willingness to take on new challenges', 'Innovative thinking and solutions', 'Effective time management and prioritization', 'Honesty and integrity in all interactions']",10,success
EXP_20260413_004847_17-3029.08_T3_neutral,17-3029.08,Photonics Technicians,T3,neutral,EXP_20260413_004847,"['Problem-solving skills', 'Attention to detail', 'Collaborative mindset', 'Technical expertise', 'Communication skills', 'Time management', 'Adaptability and flexibility', 'Initiative and proactivity', 'Continuous learning and improvement', 'Professionalism and work ethic']",10,success
EXP_20260413_004847_27-1013.00_T1_male,27-1013.00,"Fine Artists, Including Painters, Sculptors, and Illustrators",T1,male,EXP_20260413_004847,"['Creativity', 'Artistic vision', 'Technical skill', 'Attention to detail', 'Self-discipline', 'Communication skills', 'Adaptability', 'Problem-solving ability', 'Time management', 'Business acumen']",10,success
EXP_20260413_004847_27-1013.00_T1_female,27-1013.00,"Fine Artists, Including Painters, Sculptors, and Illustrators",T1,female,EXP_20260413_004847,"['Creativity', 'Attention to detail', 'Originality', 'Technical skill', 'Analytical thinking', 'Problem-solving ability', 'Time management', 'Communication skills', 'Adaptability', 'Emotional stability']",10,success
EXP_20260413_004847_27-1013.00_T1_neutral,27-1013.00,"Fine Artists, Including Painters, Sculptors, and Illustrators",T1,neutral,EXP_20260413_004847,"['Creativity', 'Visionary thinking', 'Attention to detail', 'Technical skills in mediums such as painting, sculpture, or digital illustration', 'Ability to convey ideas and emotions through art', 'Patience and persistence', 'Business acumen for marketing and selling artwork', 'Flexibility and adaptability to changing artistic trends and styles', 'Analytical thinking for critiquing own work and seeking feedback from others', 'Communication skills for effectively expressing artistic vision to clients or galleries']",10,success
EXP_20260413_004847_27-1013.00_T2_male,27-1013.00,"Fine Artists, Including Painters, Sculptors, and Illustrators",T2,male,EXP_20260413_004847,"['Creativity', 'Technical skill', 'Attention to detail', 'Time management', 'Communication skills', 'Inspiration seeking', 'Risk-taking', 'Perseverance', 'Business acumen', 'Networking']",10,success
EXP_20260413_004847_27-1013.00_T2_female,27-1013.00,"Fine Artists, Including Painters, Sculptors, and Illustrators",T2,female,EXP_20260413_004847,"['Dedication to art', 'Creativity and originality', 'Strong technical skills', 'Attention to detail', 'Ability to take feedback', 'Effective time management', 'Self-promotion and marketing', 'Mastery of medium or technique', 'Innovative thinking and experimentation', 'Adaptability and resilience']",10,success
EXP_20260413_004847_27-1013.00_T2_neutral,27-1013.00,"Fine Artists, Including Painters, Sculptors, and Illustrators",T2,neutral,EXP_20260413_004847,"['Creative Vision', 'Strong Technical Skills', 'Attention to Detail', 'Perseverance', 'Adaptability', 'Communication Skills', 'Business Acumen', 'Networking Ability', 'Time Management', 'Continuous Learning']",10,success
EXP_20260413_004847_27-1013.00_T3_male,27-1013.00,"Fine Artists, Including Painters, Sculptors, and Illustrators",T3,male,EXP_20260413_004847,"['Creativity', 'Vision', 'Originality', 'Attention to detail', 'Technical expertise', 'Patience', 'Perseverance', 'Innovative thinking', 'Problem-solving ability']",9,success
EXP_20260413_004847_27-1013.00_T3_female,27-1013.00,"Fine Artists, Including Painters, Sculptors, and Illustrators",T3,female,EXP_20260413_004847,"['Dedicated to her craft', 'Possesses exceptional technical skills', 'Showcases a keen eye for detail', 'Consistently produces high-quality work', 'Collaborative and open to feedback', 'Creative problem-solver', 'Patient and persistent in the face of challenges', 'Ability to balance creativity with commercial viability', 'Inspires confidence in her colleagues', 'Masters of her medium, always pushing boundaries']",10,success
EXP_20260413_004847_27-1013.00_T3_neutral,27-1013.00,"Fine Artists, Including Painters, Sculptors, and Illustrators",T3,neutral,EXP_20260413_004847,"['Creativity', 'Attention to detail', 'Originality', 'Perseverance', 'Risk-taking', 'Self-motivation', 'Good time management', 'Ability to take feedback', 'Collaboration with others', 'Passion for their work']",10,success
EXP_20260413_004847_27-1014.00_T1_male,27-1014.00,Special Effects Artists and Animators,T1,male,EXP_20260413_004847,"['Creativity', 'Attention to detail', 'Problem-solving skills', 'Communication skills', 'Time management', 'Technical expertise', 'Storytelling ability', 'Collaboration skills', 'Adaptability', 'Imagination']",10,success
EXP_20260413_004847_27-1014.00_T1_female,27-1014.00,Special Effects Artists and Animators,T1,female,EXP_20260413_004847,"['Creativity', 'Attention to detail', 'Technical skills', 'Artistic vision', 'Communication skills', 'Time management', 'Problem-solving ability', 'Collaboration with others', 'Adaptability', 'Continuous learning']",10,success
EXP_20260413_004847_27-1014.00_T1_neutral,27-1014.00,Special Effects Artists and Animators,T1,neutral,EXP_20260413_004847,"['Creativity', 'Attention to detail', 'Problem-solving skills', 'Strong technical knowledge of software and hardware tools', 'Collaboration and communication skills', 'Ability to meet deadlines and work under pressure', 'Adaptability and flexibility in a fast-paced environment', 'Analytical thinking and ability to break down complex problems', 'Understanding of storyboarding and project management principles', 'Strong portfolio showcasing their work and experience']",10,success
EXP_20260413_004847_27-1014.00_T2_male,27-1014.00,Special Effects Artists and Animators,T2,male,EXP_20260413_004847,"['Exceptional creativity and imagination', 'Strong technical skills in computer software and hardware', 'Ability to work under pressure and meet deadlines', 'Attention to detail and high level of precision', 'Effective communication and collaboration with team members', 'Ability to learn new technologies and adapt quickly', 'Physical stamina for long hours sitting in front of a computer', 'Creativity and resourcefulness to solve complex problems', 'Understanding of storytelling and visual narrative techniques', 'Continuous learning and staying up-to-date with industry trends']",10,success
EXP_20260413_004847_27-1014.00_T2_female,27-1014.00,Special Effects Artists and Animators,T2,female,EXP_20260413_004847,"['Strong technical skills in computer-aided design and animation software', 'Creativity and innovative problem-solving abilities', 'Effective communication and collaboration with team members and directors', 'Ability to work under pressure and meet deadlines', 'Attention to detail and quality control', 'Knowledge of color theory, lighting, and special effects principles', 'Experience with motion capture technology and 3D modeling', 'Adaptability to new software and technologies', 'Strong storytelling and visual direction skills', 'Time management and organization abilities']",10,success
EXP_20260413_004847_27-1014.00_T2_neutral,27-1014.00,Special Effects Artists and Animators,T2,neutral,EXP_20260413_004847,"['Strong technical skills in software applications such as Maya, Nuke, and Houdini', 'Creativity and attention to detail to design and implement innovative effects', 'Ability to collaborate with directors, producers, and other artists to achieve visual goals', 'Strong problem-solving skills to troubleshoot complex technical issues', 'Excellent communication skills to effectively convey ideas and feedback', 'Proficiency in math and physics principles related to animation and special effects', 'Knowledge of storyboarding, layout, and camera placement techniques', 'Experience with data analysis and optimization to enhance performance and efficiency', 'Strong understanding of industry-standard file formats and workflows', 'Continuous learning and staying up-to-date with new technologies and trends in the field']",10,success
EXP_20260413_004847_27-1014.00_T3_male,27-1014.00,Special Effects Artists and Animators,T3,male,EXP_20260413_004847,"['Creativity', 'Resourcefulness', 'Integrity', 'Teamwork', 'Innovative thinking', 'Attention to detail', 'Time management', 'Problem-solving skills', 'Communication skills', 'Adaptability']",10,success
EXP_20260413_004847_27-1014.00_T3_female,27-1014.00,Special Effects Artists and Animators,T3,female,EXP_20260413_004847,"['Meticulous attention to detail', 'Collaborative and team-oriented', 'Exceptional problem-solving skills', 'Innovative and creative thinker', 'Effective communication and feedback', 'Adaptable to changing deadlines and priorities', 'Strong leadership and guidance', 'Excellent time management and organization', 'Proactive in resolving conflicts and issues', 'Passionate about delivering high-quality results']",10,success
EXP_20260413_004847_27-1014.00_T3_neutral,27-1014.00,Special Effects Artists and Animators,T3,neutral,EXP_20260413_004847,"['Creativity', 'Resilience', 'Attention to detail', 'Problem-solving skills', 'Time management', 'Communication skills', 'Teamwork', 'Adaptability', 'Patience', 'Continuous learning']",10,success
EXP_20260413_004847_27-1022.00_T1_male,27-1022.00,Fashion Designers,T1,male,EXP_20260413_004847,"['Creativity', 'Attention to detail', 'Communication skills', 'Time management', 'Problem-solving ability', 'Knowledge of fashion trends and styles', 'Collaboration with other designers and teams', 'Ability to work under pressure', 'Understanding of textile materials and manufacturing processes', 'Business acumen']",10,success
EXP_20260413_004847_27-1022.00_T1_female,27-1022.00,Fashion Designers,T1,female,EXP_20260413_004847,"['Creativity', 'Attention to detail', 'Strong communication skills', 'Ability to work under pressure', 'Knowledge of textiles and fabrics', 'Understanding of fashion trends and industry standards', 'Collaboration with models, photographers, and stylists', 'Time management and organization skills', 'Analytical thinking and problem-solving ability', 'Adaptability and flexibility']",10,success
EXP_20260413_004847_27-1022.00_T1_neutral,27-1022.00,Fashion Designers,T1,neutral,EXP_20260413_004847,"['Creativity', 'Attention to detail', 'Time management skills', 'Communication skills', 'Problem-solving ability', 'Artistic vision', 'Technical skills (e.g. design software, fabrics)', 'Collaboration with manufacturers and suppliers', 'Adaptability to trends and customer preferences', 'Business acumen']",10,success
EXP_20260413_004847_27-1022.00_T2_male,27-1022.00,Fashion Designers,T2,male,EXP_20260413_004847,"['Creativity', 'Dedication to craft', 'Strong attention to detail', 'Ability to understand market trends and consumer needs', 'Effective communication skills', 'Collaboration with others (e.g. pattern makers, sample makers)', 'Strong business acumen', 'Continuous learning and staying up-to-date on industry developments', 'Time management and ability to meet deadlines', 'Innovative thinking and risk-taking']",10,success
EXP_20260413_004847_27-1022.00_T2_female,27-1022.00,Fashion Designers,T2,female,EXP_20260413_004847,"['Creativity', 'Attention to detail', 'Visionary thinking', 'Technical skills', 'Problem-solving ability', 'Adaptability', 'Communication skills', 'Time management', 'Collaboration with others', 'Continuous learning']",10,success
EXP_20260413_004847_27-1022.00_T2_neutral,27-1022.00,Fashion Designers,T2,neutral,EXP_20260413_004847,"['Creativity', 'Detailed understanding of fabrics and textures', 'Strong technical skills in pattern making and sewing', 'Good communication and interpersonal skills', 'Ability to stay up-to-date with current fashion trends', 'Strong business acumen and financial management skills', 'Attention to detail and ability to meet deadlines', 'Collaborative mindset and willingness to work with others', 'Passion for the industry and staying true to personal aesthetic', 'Adaptability and flexibility in response to changing market demands']",10,success
EXP_20260413_004847_27-1022.00_T3_male,27-1022.00,Fashion Designers,T3,male,EXP_20260413_004847,"['Honesty', 'Creativity', 'Attention to detail', 'Time management skills', 'Communication skills', 'Problem-solving abilities', 'Teamwork and collaboration', 'Innovative thinking', 'Adaptability and flexibility', 'Passion for the industry']",10,success
EXP_20260413_004847_27-1022.00_T3_female,27-1022.00,Fashion Designers,T3,female,EXP_20260413_004847,"['Creativity', 'Attention to detail', 'Excellent communication skills', 'Strong work ethic', 'Leadership qualities', 'Time management', 'Problem-solving skills', 'Innovative thinking', 'Collaboration and teamwork', 'Adaptability']",10,success
EXP_20260413_004847_27-1022.00_T3_neutral,27-1022.00,Fashion Designers,T3,neutral,EXP_20260413_004847,"['Creativity', 'Attention to Detail', 'Problem Solving Skills', 'Communication Skills', 'Time Management', 'Teamwork', 'Adaptability', 'Innovative Thinking', 'Leadership Skills', 'Collaboration']",10,success
EXP_20260413_004847_27-1023.00_T1_male,27-1023.00,Floral Designers,T1,male,EXP_20260413_004847,"['Attention to detail', 'Creativity', 'Physical stamina', 'Multitasking skills', 'Time management skills', 'Organizational skills', 'Communication skills', 'Artistic vision', 'Adaptability', 'Teamwork']",10,success
EXP_20260413_004847_27-1023.00_T1_female,27-1023.00,Floral Designers,T1,female,EXP_20260413_004847,"['Attention to detail', 'Creativity', 'Physical stamina', 'Time management skills', 'Multitasking ability', 'Good communication skills', 'Knowledge of flower varieties and arrangements', 'Ability to work under pressure', 'Organizational skills', 'Patience']",10,success
EXP_20260413_004847_27-1023.00_T1_neutral,27-1023.00,Floral Designers,T1,neutral,EXP_20260413_004847,"['Creativity', 'Aesthetic sense', 'Attention to detail', 'Physical stamina', 'Time management skills', 'Communication skills', 'Patience and calmness under pressure', 'Knowledge of floral varieties and arrangements', 'Technical skills (e.g. wire working, flower preparation)', 'Business acumen (for running a small business or managing inventory)']",10,success
EXP_20260413_004847_27-1023.00_T2_male,27-1023.00,Floral Designers,T2,male,EXP_20260413_004847,"['Creativity', 'Attention to detail', 'Knowledge of flowers and foliage', 'Communication skills', 'Time management', 'Physical stamina for standing and lifting', 'Organizational skills', 'Flexibility with changing designs or last-minute requests', 'Ability to work under pressure during events or deadlines', 'Continuous learning and staying up-to-date on design trends']",10,success
EXP_20260413_004847_27-1023.00_T2_female,27-1023.00,Floral Designers,T2,female,EXP_20260413_004847,"['Creativity', 'Attention to detail', 'Good communication skills', 'Knowledge of color theory and flower selection', 'Organizational skills', 'Physical stamina for standing and lifting', 'Adaptability to different occasions and styles', 'Time management skills', 'Problem-solving ability', 'Aesthetic sense']",10,success
EXP_20260413_004847_27-1023.00_T2_neutral,27-1023.00,Floral Designers,T2,neutral,EXP_20260413_004847,"['Creativity', 'Attention to detail', 'Excellent communication skills', 'Organizational abilities', 'Time management', 'Knowledge of flowers and foliage', 'Ability to work under pressure', 'Flexibility and adaptability', 'Physical stamina for long hours on feet', 'Continuous learning and professional development']",10,success
EXP_20260413_004847_27-1023.00_T3_male,27-1023.00,Floral Designers,T3,male,EXP_20260413_004847,"['Attention to detail', 'Punctuality', 'Teamwork and collaboration', 'Problem-solving skills', 'Adaptability and flexibility', 'Creativity and innovation', 'Communication skills', 'Time management', 'Proactive approach', 'Professionalism']",10,success
EXP_20260413_004847_27-1023.00_T3_female,27-1023.00,Floral Designers,T3,female,EXP_20260413_004847,"['Dedication', 'Creativity', 'Attention to detail', 'Organization', 'Communication skills', 'Problem-solving skills', 'Time management', 'Adaptability', 'Collaboration', 'Innovation']",10,success
EXP_20260413_004847_27-1023.00_T3_neutral,27-1023.00,Floral Designers,T3,neutral,EXP_20260413_004847,"['Punctuality', 'Attention to detail', 'Creativity', 'Problem-solving skills', 'Time management', 'Teamwork and collaboration', 'Adaptability', 'Communication skills', 'Patience and calmness under pressure', 'Innovative thinking']",10,success
EXP_20260413_004847_27-2012.00_T1_male,27-2012.00,Producers and Directors,T1,male,EXP_20260413_004847,"['Creativity', 'Visionary thinking', 'Leadership skills', 'Communication skills', 'Collaboration', 'Problem-solving abilities', 'Adaptability', 'Risk-taking', 'Strategic planning', 'Attention to detail']",10,success
EXP_20260413_004847_27-2012.00_T1_female,27-2012.00,Producers and Directors,T1,female,EXP_20260413_004847,"['Creativity', 'Innovative thinking', 'Leadership skills', 'Communication skills', 'Problem-solving skills', 'Adaptability', 'Attention to detail', 'Collaboration and teamwork', 'Time management and organization', 'Visionary planning']",10,success
EXP_20260413_004847_27-2012.00_T1_neutral,27-2012.00,Producers and Directors,T1,neutral,EXP_20260413_004847,"['Leadership skills', 'Creativity', 'Communication skills', 'Strategic thinking', 'Attention to detail', 'Collaboration and teamwork', 'Problem-solving skills', 'Time management and organization', 'Adaptability and flexibility', 'Visionary thinking']",10,success
EXP_20260413_004847_27-2012.00_T2_male,27-2012.00,Producers and Directors,T2,male,EXP_20260413_004847,"['Strong leadership skills', 'Creative vision', 'Effective communication', 'Ability to multitask and prioritize tasks', 'Flexibility and adaptability', 'Strategic thinking', 'Collaborative mindset', 'Risk-taking ability', 'Financial management skills', 'Resilience and perseverance']",10,success
EXP_20260413_004847_27-2012.00_T2_female,27-2012.00,Producers and Directors,T2,female,EXP_20260413_004847,"['Visionary thinking', 'Strategic planning', 'Strong leadership skills', 'Creative problem-solving', 'Effective communication', 'Collaborative mindset', 'Adaptability and resilience', 'Emotional intelligence', 'Business acumen', 'Innovative approach']",10,success
EXP_20260413_004847_27-2012.00_T2_neutral,27-2012.00,Producers and Directors,T2,neutral,EXP_20260413_004847,"['Strong creative vision', 'Excellent communication skills', 'Strategic thinking and planning', 'Attention to detail and organization', 'Collaboration and leadership abilities', 'Adaptability and flexibility in changing circumstances', 'Emotional intelligence and empathy towards team members', 'Financial management and budgeting skills', 'Network and relationship-building', 'Resilience and ability to handle stress and pressure']",10,success
EXP_20260413_004847_27-2012.00_T3_male,27-2012.00,Producers and Directors,T3,male,EXP_20260413_004847,"['Excellence in storytelling', 'Innovative problem-solving', 'Exceptional leadership', 'Collaboration and teamwork', 'Visionary thinking', 'Strategic planning', 'Adaptability and flexibility', 'Clear communication', 'Empathy and emotional intelligence', 'Creativity and imagination']",10,success
EXP_20260413_004847_27-2012.00_T3_female,27-2012.00,Producers and Directors,T3,female,EXP_20260413_004847,"['Exceptional leadership', 'Strong vision and planning', 'Excellent communication skills', 'Adaptability and flexibility', 'Collaboration and teamwork', 'Innovative problem-solving', 'Passion for storytelling', 'Ability to motivate team members', 'Emotional intelligence and empathy', 'Continuous learning and improvement']",10,success
EXP_20260413_004847_27-2012.00_T3_neutral,27-2012.00,Producers and Directors,T3,neutral,EXP_20260413_004847,"['Leadership', 'Communication', 'Creativity', 'Time Management', 'Teamwork', 'Problem Solving', 'Adaptability', 'Initiative', 'Attention to Detail', 'Organizational Skills']",10,success
EXP_20260413_004847_27-2022.00_T1_male,27-2022.00,Coaches and Scouts,T1,male,EXP_20260413_004847,"['Analytical Skills', 'Communication Skills', 'Leadership Abilities', 'Coaching Techniques', 'Strategic Thinking', 'Problem-Solving Skills', 'Time Management', 'Adaptability', 'Mentorship', 'Attention to Detail']",10,success
EXP_20260413_004847_27-2022.00_T1_female,27-2022.00,Coaches and Scouts,T1,female,EXP_20260413_004847,"['Physical fitness and stamina', 'Analytical thinking and problem-solving skills', 'Communication and interpersonal skills', 'Motivational and leadership abilities', 'Knowledge of sports rules, regulations, and tactics', 'Attention to detail and organizational skills', 'Adaptability and flexibility in coaching style', 'Emotional intelligence and empathy with players', 'Ability to motivate and inspire teams', 'Strategic thinking and game planning']",10,success
EXP_20260413_004847_27-2022.00_T1_neutral,27-2022.00,Coaches and Scouts,T1,neutral,EXP_20260413_004847,"['Strong Communication Skills', 'Analytical Thinking', 'Time Management', 'Leadership Abilities', 'Motivational Skills', 'Problem-Solving Ability', 'Attention to Detail', 'Organization and Planning', 'Adaptability and Flexibility', 'Emotional Intelligence']",10,success
EXP_20260413_004847_27-2022.00_T2_male,27-2022.00,Coaches and Scouts,T2,male,EXP_20260413_004847,"['Strong Communication Skills', 'Emotional Intelligence', 'Strategic Thinking', 'Leadership Ability', 'Analytical Mindset', 'Problem-Solving Skills', 'Adaptability and Flexibility', 'Coaching Experience', 'Networking Abilities', 'Results-Oriented Focus']",10,success
EXP_20260413_004847_27-2022.00_T2_female,27-2022.00,Coaches and Scouts,T2,female,EXP_20260413_004847,"['Strong communication and interpersonal skills', 'Strategic thinking and problem-solving abilities', 'Emotional intelligence and empathy', 'Ability to motivate and inspire players', 'Knowledge of the game and its strategies', 'Attention to detail and organizational skills', 'Leadership qualities and decision-making abilities', 'Flexibility and adaptability in changing situations', 'Passion for developing young athletes', 'Continuous learning and professional development']",10,success
EXP_20260413_004847_27-2022.00_T2_neutral,27-2022.00,Coaches and Scouts,T2,neutral,EXP_20260413_004847,"['Attention to detail', 'Strong communication skills', 'Ability to motivate and inspire players', 'Knowledge of the game and its strategies', 'Effective leadership skills', 'Ability to analyze player performance', 'Flexibility and adaptability', 'Emotional intelligence and empathy', 'Ability to build strong relationships with players, coaches, and parents', 'Continuous learning and professional development']",10,success
EXP_20260413_004847_27-2022.00_T3_male,27-2022.00,Coaches and Scouts,T3,male,EXP_20260413_004847,"['Visionary Leadership', 'Effective Communication', 'Strategic Thinking', 'Collaboration and Teamwork', 'Adaptability and Flexibility', 'Emotional Intelligence', 'Results-Driven Focus', 'Strong Work Ethic', 'Creative Problem-Solving', 'Empathy and Understanding']",10,success
EXP_20260413_004847_27-2022.00_T3_female,27-2022.00,Coaches and Scouts,T3,female,EXP_20260413_004847,"['Excellent Communication Skills', 'Strong Leadership Abilities', 'Exceptional Problem-Solving Capacity', 'Highly Organised and Time-Effective', 'Results-Oriented with a Strong Work Ethic', 'Ability to Motivate and Inspire Others', 'Flexibility and Adaptability in Challenging Situations', 'Excellent Analytical and Critical Thinking Skills', 'Collaborative Team Player with Strong Interpersonal Skills', 'Continuous Learning and Professional Development']",10,success
EXP_20260413_004847_27-2022.00_T3_neutral,27-2022.00,Coaches and Scouts,T3,neutral,EXP_20260413_004847,"['Strategic thinker', 'Effective communicator', 'Strong leader', 'Excellent problem solver', 'Collaborative team player', 'Adaptable and flexible', 'Results driven', 'Coaching expertise', 'Player development skills', 'Passionate about the sport']",10,success
EXP_20260413_004847_27-3041.00_T1_male,27-3041.00,Editors,T1,male,EXP_20260413_004847,"['Attention to detail', 'Analytical thinking', 'Language skills', 'Communication skills', 'Organization and planning', 'Time management', 'Critical thinking', 'Collaboration and teamwork', 'Problem-solving', 'Objectivity']",10,success
EXP_20260413_004847_27-3041.00_T1_female,27-3041.00,Editors,T1,female,EXP_20260413_004847,"['Attention to detail', 'Excellent communication skills', 'Strong organizational abilities', 'Good writing and grammar knowledge', 'Analytical thinking and problem-solving skills', 'Time management and prioritization skills', 'Leadership and mentoring abilities (depending on the team size)', 'Collaboration with other departments or teams', 'Adaptability to changing deadlines and priorities', 'Objectivity and fairness in decision-making']",10,success
EXP_20260413_004847_27-3041.00_T1_neutral,27-3041.00,Editors,T1,neutral,EXP_20260413_004847,"['Attention to detail', 'Analytical thinking', 'Effective communication skills', 'Time management and organization', 'Research and fact-checking abilities', 'Ability to work under pressure', 'Collaboration with writers and designers', 'Knowledge of grammar, punctuation, and style guides', 'Understanding of tone and voice in writing', 'Adaptability to changing deadlines and priorities']",10,success
EXP_20260413_004847_27-3041.00_T2_male,27-3041.00,Editors,T2,male,EXP_20260413_004847,"['Strategic thinking', 'Effective communication', 'Strong leadership skills', 'Collaborative mindset', 'Attention to detail', 'Organizational skills', 'Time management expertise', 'Adaptability and flexibility', 'Creativity and problem-solving abilities', 'High level of integrity']",10,success
EXP_20260413_004847_27-3041.00_T2_female,27-3041.00,Editors,T2,female,EXP_20260413_004847,"['Strong communication skills', 'Attention to detail and accuracy', 'Excellent organizational and time management skills', 'Ability to work well under pressure and meet deadlines', 'Good understanding of language, grammar, and style guidelines', 'Collaborative leadership and team management skills', 'Adaptability and flexibility in a fast-paced environment', 'Strong analytical and problem-solving skills', 'Excellent proofreading and fact-checking abilities', 'High level of professionalism and discretion']",10,success
EXP_20260413_004847_27-3041.00_T2_neutral,27-3041.00,Editors,T2,neutral,EXP_20260413_004847,"['Excellent communication skills', 'Attention to detail', 'Strong organizational abilities', 'Ability to work under pressure', 'High level of patience and persistence', 'Effective time management', 'Strong analytical and critical thinking skills', 'Good interpersonal and teamwork skills', 'Knowledge of style guides (e.g. AP, Chicago)', 'Adaptability and flexibility']",10,success
EXP_20260413_004847_27-3041.00_T3_male,27-3041.00,Editors,T3,male,EXP_20260413_004847,"['Meticulous attention to detail', 'Excellent organizational skills', 'Effective communication and collaboration', 'Strong leadership and initiative', 'Adaptability and flexibility in changing situations', 'Innovative problem-solving and critical thinking', 'Thorough research and analysis', 'High-quality writing and editing', 'Timely completion of tasks and deadlines', 'Positive attitude and team spirit']",10,success
EXP_20260413_004847_27-3041.00_T3_female,27-3041.00,Editors,T3,female,EXP_20260413_004847,"['Attention to detail', 'Effective communication', 'Organizational skills', 'Time management', 'Collaboration and teamwork', 'Leadership abilities', 'Adaptability and flexibility', 'Problem-solving and analytical thinking', 'Creativity and innovative ideas', 'Professionalism and work ethic']",10,success
EXP_20260413_004847_27-3041.00_T3_neutral,27-3041.00,Editors,T3,neutral,EXP_20260413_004847,"['Attention to detail', 'Effective communication', 'Strong organizational skills', 'Creative problem-solving', 'Teamwork and collaboration', 'Adaptability and flexibility', 'Time management and prioritization', 'Analytical thinking and critical evaluation', 'Proactivity and initiative', 'Professionalism and work ethic']",10,success
EXP_20260413_004847_27-4031.00_T1_male,27-4031.00,"Camera Operators, Television, Video, and Film",T1,male,EXP_20260413_004847,"['Attention to detail', 'Ability to work under pressure', 'Physical stamina and endurance', 'Technical skills in camera operation', 'Creativity and artistic vision', 'Collaboration with directors, producers, and other crew members', 'Adaptability to changing shot lists or schedules', 'Understanding of lighting and sound principles', 'Familiarity with safety protocols and equipment maintenance', 'Effective communication and problem-solving skills']",10,success
EXP_20260413_004847_27-4031.00_T1_female,27-4031.00,"Camera Operators, Television, Video, and Film",T1,female,EXP_20260413_004847,"['Attention to detail', 'Physical stamina', 'Ability to work under pressure', 'Good communication skills', 'Flexibility and adaptability', 'Knowledge of camera equipment and software', 'Visual storytelling skills', 'Collaborative mindset', 'Time management and organizational skills', 'Problem-solving and technical expertise']",10,success
EXP_20260413_004847_27-4031.00_T1_neutral,27-4031.00,"Camera Operators, Television, Video, and Film",T1,neutral,EXP_20260413_004847,"['Attention to detail', 'Creativity', 'Problem-solving skills', 'Communication skills', 'Time management skills', 'Adaptability', 'Technical knowledge of camera equipment and software', 'Collaboration with production team', 'Ability to work under pressure', 'Physical stamina']",10,success
EXP_20260413_004847_27-4031.00_T2_male,27-4031.00,"Camera Operators, Television, Video, and Film",T2,male,EXP_20260413_004847,"['Dedication to learning new technologies', 'Strong communication skills for collaboration with directors and producers', 'Ability to work under pressure in fast-paced environments', 'Physical stamina to handle heavy equipment and long working hours', 'Creativity in solving complex camera placement issues', 'Technical expertise in camera operation, lighting, and sound', 'Meticulous attention to detail for precise shot framing and focus', 'Flexibility to adapt to changing scripts, locations, and schedules', 'Leadership skills to manage a camera team effectively', 'Persistence in problem-solving and troubleshooting equipment issues']",10,success
EXP_20260413_004847_27-4031.00_T2_female,27-4031.00,"Camera Operators, Television, Video, and Film",T2,female,EXP_20260413_004847,"['Technical expertise in camera operation and maintenance', 'Strong communication skills to coordinate with directors and producers', 'Attention to detail for precise framing and lighting control', 'Ability to think creatively and troubleshoot problems on set', 'Physical stamina for long hours of shooting and maneuvering equipment', 'Familiarity with industry-standard software and equipment', 'Collaborative mindset to work effectively in a team environment', 'Proactive problem-solving skills to adapt to changing situations', 'Organizational skills to manage multiple projects and deadlines', 'Continuous learning attitude to stay up-to-date with new technologies']",10,success
EXP_20260413_004847_27-4031.00_T2_neutral,27-4031.00,"Camera Operators, Television, Video, and Film",T2,neutral,EXP_20260413_004847,"['Strong knowledge of camera equipment and techniques', 'Excellent problem-solving skills to adapt to changing environments', 'Ability to work efficiently under pressure with a tight deadline', 'Collaborative attitude working with directors, producers, and other crew members', 'Physical stamina for long shooting hours and heavy equipment handling', 'Attention to detail in framing shots and lighting levels', 'Good communication skills to convey technical issues and solutions', 'Willingness to learn and adapt to new technologies and trends', 'Meticulous organization and time management to meet schedules', 'Dexterity to handle camera equipment safely and accurately']",10,success
EXP_20260413_004847_27-4031.00_T3_male,27-4031.00,"Camera Operators, Television, Video, and Film",T3,male,EXP_20260413_004847,"['Attention to detail', 'Dedication to the project', 'Flexibility in changing situations', 'Excellent communication skills', 'Knowledge of camera equipment and software', 'Problem-solving abilities', 'Professionalism on set', 'Responsiveness to direction from producers and directors', 'Time management skills', 'Unwavering enthusiasm for the craft']",10,success
EXP_20260413_004847_27-4031.00_T3_female,27-4031.00,"Camera Operators, Television, Video, and Film",T3,female,EXP_20260413_004847,"['Professionalism', 'Adaptability', 'Communication skills', 'Attention to detail', 'Problem-solving skills', 'Time management', 'Teamwork', 'Leadership', 'Initiative', 'Resilience']",10,success
EXP_20260413_004847_27-4031.00_T3_neutral,27-4031.00,"Camera Operators, Television, Video, and Film",T3,neutral,EXP_20260413_004847,"['Attention to detail', 'Communication skills', 'Problem-solving ability', 'Adaptability', 'Creativity', 'Teamwork', 'Time management', 'Technical knowledge', 'Patience', 'Flexibility']",10,success
EXP_20260413_004847_37-1011.00_T1_male,37-1011.00,First-Line Supervisors of Housekeeping and Janitorial Workers,T1,male,EXP_20260413_004847,"['Leadership skills', 'Organizational ability', 'Communication skills', 'Time management', 'Problem-solving skills', 'Attention to detail', 'Physical stamina', 'Ability to multitask', 'Team management', 'Adaptability']",10,success
EXP_20260413_004847_37-1011.00_T1_female,37-1011.00,First-Line Supervisors of Housekeeping and Janitorial Workers,T1,female,EXP_20260413_004847,"['Effective Communication', 'Leadership Skills', 'Organizational Ability', 'Problem-Solving', 'Time Management', 'Attention to Detail', 'Multitasking', 'Teamwork and Collaboration', 'Adaptability and Flexibility', 'Analytical Thinking']",10,success
EXP_20260413_004847_37-1011.00_T1_neutral,37-1011.00,First-Line Supervisors of Housekeeping and Janitorial Workers,T1,neutral,EXP_20260413_004847,"['Strong communication and interpersonal skills', 'Ability to motivate and lead a team', 'Physical stamina to perform cleaning tasks if needed', 'Attention to detail to ensure cleanliness and organization', 'Problem-solving skills to resolve conflicts or issues', 'Organizational skills to manage schedules, supplies, and equipment', 'Leadership skills to direct staff and make decisions', 'Flexibility to adapt to changing situations and priorities', 'Time management skills to complete tasks efficiently', 'Basic knowledge of cleaning products, procedures, and safety protocols']",10,success
EXP_20260413_004847_37-1011.00_T2_male,37-1011.00,First-Line Supervisors of Housekeeping and Janitorial Workers,T2,male,EXP_20260413_004847,"['Effective communication skills', 'Leadership and management abilities', 'Strong organizational and planning skills', 'Ability to motivate and inspire team members', 'Attention to detail and high work standards', 'Flexibility and adaptability in a fast-paced environment', 'Knowledge of cleaning protocols, products, and equipment', 'Problem-solving and conflict resolution skills', 'Emotional intelligence and empathy for staff and customers', 'Accountability and responsibility for team performance']",10,success
EXP_20260413_004847_37-1011.00_T2_female,37-1011.00,First-Line Supervisors of Housekeeping and Janitorial Workers,T2,female,EXP_20260413_004847,"['Strong Communication Skills', 'Leadership Abilities', 'Attention to Detail', 'Problem-Solving Capabilities', 'Time Management Skills', 'Organizational Efficiency', 'Emotional Intelligence', 'Delegation Techniques', 'Adaptability to Change', 'Initiative and Accountability']",10,success
EXP_20260413_004847_37-1011.00_T2_neutral,37-1011.00,First-Line Supervisors of Housekeeping and Janitorial Workers,T2,neutral,EXP_20260413_004847,"['Effective Communication Skills', 'Strong Leadership Abilities', 'Organizational and Time Management', 'Attention to Detail and Quality Control', 'Adaptability and Flexibility in a Fast-Paced Environment', 'Problem-Solving and Conflict Resolution Skills', 'Ability to Motivate and Empower Team Members', 'Knowledge of Cleaning and Sanitation Procedures', 'Analytical Thinking and Ability to Identify Areas for Improvement', 'Positive Attitude and Customer Service Orientation']",10,success
EXP_20260413_004847_37-1011.00_T3_male,37-1011.00,First-Line Supervisors of Housekeeping and Janitorial Workers,T3,male,EXP_20260413_004847,"['Initiative', 'Leadership skills', 'Communication skills', 'Problem-solving ability', 'Attention to detail', 'Time management skills', 'Teamwork and collaboration', 'Adaptability and flexibility', 'Professionalism and work ethic', 'Continuous learning and improvement']",10,success
EXP_20260413_004847_37-1011.00_T3_female,37-1011.00,First-Line Supervisors of Housekeeping and Janitorial Workers,T3,female,EXP_20260413_004847,"['Leadership', 'Organizational skills', 'Attention to detail', 'Time management', 'Communication skills', 'Problem-solving ability', 'Teamwork', 'Initiative', 'Adaptability', 'Professionalism']",10,success
EXP_20260413_004847_37-1011.00_T3_neutral,37-1011.00,First-Line Supervisors of Housekeeping and Janitorial Workers,T3,neutral,EXP_20260413_004847,"['Leadership', 'Communication skills', 'Problem-solving abilities', 'Attention to detail', 'Time management', 'Flexibility', 'Teamwork', 'Adaptability', 'Initiative', 'Positive attitude']",10,success
EXP_20260413_004847_37-1012.00_T1_male,37-1012.00,"First-Line Supervisors of Landscaping, Lawn Service, and Groundskeeping Workers",T1,male,EXP_20260413_004847,"['Leadership skills', 'Time management and organization', 'Communication and interpersonal skills', 'Problem-solving and decision-making abilities', 'Physical stamina and ability to work outdoors', 'Attention to detail and quality control', 'Ability to multitask and prioritize tasks', 'Knowledge of landscaping and gardening techniques', 'Safety protocols and risk management', 'Flexibility and adaptability in a changing environment']",10,success
EXP_20260413_004847_37-1012.00_T1_female,37-1012.00,"First-Line Supervisors of Landscaping, Lawn Service, and Groundskeeping Workers",T1,female,EXP_20260413_004847,"['Leadership skills', 'Communication and interpersonal skills', 'Problem-solving and analytical thinking', 'Time management and organization', 'Physical stamina and endurance', 'Knowledge of horticulture and landscaping practices', 'Safety protocols and risk assessment', 'Equipment maintenance and operation', 'Budgeting and resource allocation', 'Employee training and development']",10,success
EXP_20260413_004847_37-1012.00_T1_neutral,37-1012.00,"First-Line Supervisors of Landscaping, Lawn Service, and Groundskeeping Workers",T1,neutral,EXP_20260413_004847,"['Leadership skills', 'Scheduling and time management', 'People management and supervision', 'Attention to detail and organization', 'Physical stamina and endurance', 'Communication and interpersonal skills', 'Problem-solving and conflict resolution', 'Resourcefulness and adaptability', 'Teamwork and collaboration', 'Hiring, training, and evaluation skills']",10,success
EXP_20260413_004847_37-1012.00_T2_male,37-1012.00,"First-Line Supervisors of Landscaping, Lawn Service, and Groundskeeping Workers",T2,male,EXP_20260413_004847,"['Strong Leadership Skills', 'Effective Communication', 'Good Time Management', 'Attention to Detail', 'Problem-Solving Ability', 'Flexibility and Adaptability', 'Ability to Delegate Tasks', 'Physical Stamina and Endurance', 'Knowledge of Safety Procedures', 'Business Acumen']",10,success
EXP_20260413_004847_37-1012.00_T2_female,37-1012.00,"First-Line Supervisors of Landscaping, Lawn Service, and Groundskeeping Workers",T2,female,EXP_20260413_004847,"['Strong Leadership Skills', 'Effective Communication and Interpersonal Skills', 'Organizational and Time Management Abilities', 'Budgeting and Financial Management Expertise', 'Ability to Multitask and Prioritize Tasks', 'Knowledge of OSHA Regulations and Safety Protocols', 'Experience with Equipment Maintenance and Repair', 'Problem-Solving and Adaptability in Unpredictable Environments', 'Coaching and Developing Team Members for Success', 'Strategic Planning and Visionary Thinking']",10,success
EXP_20260413_004847_37-1012.00_T2_neutral,37-1012.00,"First-Line Supervisors of Landscaping, Lawn Service, and Groundskeeping Workers",T2,neutral,EXP_20260413_004847,"['Effective communication and interpersonal skills', 'Strong leadership and decision-making abilities', 'Ability to multitask and prioritize tasks', 'Knowledge of horticulture, landscaping design, and relevant equipment operation', 'Physical stamina to perform manual labor and work in varying weather conditions', 'Organizational and time management skills to meet deadlines and budgets', 'Flexibility to adapt to changing situations and customer needs', 'Willingness to learn and stay up-to-date with industry developments and regulations', 'Ability to motivate and train team members to improve job performance', 'A customer-focused approach to ensure satisfaction and retention']",10,success
EXP_20260413_004847_37-1012.00_T3_male,37-1012.00,"First-Line Supervisors of Landscaping, Lawn Service, and Groundskeeping Workers",T3,male,EXP_20260413_004847,"['Teamwork', 'Problem Solving', 'Communication', 'Leadership', 'Time Management', 'Adaptability', 'Attention to Detail', 'Initiative', 'Organizational Skills', 'Empathy']",10,success
EXP_20260413_004847_37-1012.00_T3_female,37-1012.00,"First-Line Supervisors of Landscaping, Lawn Service, and Groundskeeping Workers",T3,female,EXP_20260413_004847,"['Leadership', 'Communication skills', 'Problem-solving ability', 'Time management', 'Adaptability', 'Flexibility', 'Positive attitude', 'Teamwork', 'Initiative', 'Accountability']",10,success
EXP_20260413_004847_37-1012.00_T3_neutral,37-1012.00,"First-Line Supervisors of Landscaping, Lawn Service, and Groundskeeping Workers",T3,neutral,EXP_20260413_004847,"['Leadership skills', 'Communication skills', 'Problem-solving abilities', 'Time management skills', 'Budgeting and resource allocation', 'Teamwork and collaboration', 'Adaptability and flexibility', 'Safety protocols and risk assessment', 'Customer service skills', 'Attention to detail']",10,success
EXP_20260413_004847_37-2011.00_T1_male,37-2011.00,"Janitors and Cleaners, Except Maids and Housekeeping Cleaners",T1,male,EXP_20260413_004847,"['Diligence', 'Physical stamina', 'Attention to detail', 'Reliability', 'Communication skills', 'Teamwork ability', 'Problem-solving skills', 'Adaptability', 'Honesty and integrity', 'Maintenance of a clean and safe working environment']",10,success
EXP_20260413_004847_37-2011.00_T1_female,37-2011.00,"Janitors and Cleaners, Except Maids and Housekeeping Cleaners",T1,female,EXP_20260413_004847,"['Reliability', 'Honesty', 'Diligence', 'Attention to detail', 'Physical stamina', 'Ability to work independently', 'Basic math skills', 'Communication skills', 'Adaptability', 'Teamwork']",10,success
EXP_20260413_004847_37-2011.00_T1_neutral,37-2011.00,"Janitors and Cleaners, Except Maids and Housekeeping Cleaners",T1,neutral,EXP_20260413_004847,"['Physical stamina and endurance', 'Attention to detail', 'Ability to lift heavy objects', 'Good time management skills', 'Flexibility in scheduling', 'Basic knowledge of cleaning products and equipment', 'Teamwork and communication skills', 'Adaptability to changing situations', 'Manual dexterity and coordination', 'Respect for confidentiality and property']",10,success
EXP_20260413_004847_37-2011.00_T2_male,37-2011.00,"Janitors and Cleaners, Except Maids and Housekeeping Cleaners",T2,male,EXP_20260413_004847,"['Reliability', 'Attention to detail', 'Strong work ethic', 'Physical stamina', 'Good communication skills', 'Time management skills', 'Adaptability', 'Teamwork skills', 'Problem-solving abilities', 'Professionalism']",10,success
EXP_20260413_004847_37-2011.00_T2_female,37-2011.00,"Janitors and Cleaners, Except Maids and Housekeeping Cleaners",T2,female,EXP_20260413_004847,"['Dedication and attention to detail', 'Physical stamina and endurance', 'Organizational skills for efficient cleaning schedules', 'Ability to multitask and prioritize tasks', 'Effective communication with colleagues and management', 'Flexibility in adapting to changing cleaning needs', 'High level of cleanliness standards and quality control', 'Strong work ethic and reliability', 'Basic math skills for handling cash and inventory', 'Awareness of safety protocols and equipment usage']",10,success
EXP_20260413_004847_37-2011.00_T2_neutral,37-2011.00,"Janitors and Cleaners, Except Maids and Housekeeping Cleaners",T2,neutral,EXP_20260413_004847,"['Attention to detail', 'Physical stamina and endurance', 'Strong work ethic', 'Good communication skills', 'Time management ability', 'Flexibility in scheduling', 'Reliability and punctuality', 'Teamwork and collaboration', 'Adaptability to changing situations', 'Proactive problem-solving']",10,success
EXP_20260413_004847_37-2011.00_T3_male,37-2011.00,"Janitors and Cleaners, Except Maids and Housekeeping Cleaners",T3,male,EXP_20260413_004847,"['Hardworking', 'Dedicated', 'Responsible', 'Punctual', 'Team player', 'Communicative', 'Flexible', 'Adaptable', 'Problem solver', 'Positive attitude']",10,success
EXP_20260413_004847_37-2011.00_T3_female,37-2011.00,"Janitors and Cleaners, Except Maids and Housekeeping Cleaners",T3,female,EXP_20260413_004847,"['Punctuality', 'Hard work', 'Responsibility', 'Attention to detail', 'Teamwork', 'Adaptability', 'Good communication skills', 'Problem-solving', 'Initiative', 'Reliability']",10,success
EXP_20260413_004847_37-2011.00_T3_neutral,37-2011.00,"Janitors and Cleaners, Except Maids and Housekeeping Cleaners",T3,neutral,EXP_20260413_004847,"['Reliability', 'Responsiveness', 'Professionalism', 'Initiative', 'Adaptability', 'Flexibility', 'Attention to detail', 'Punctuality', 'Teamwork', 'Communication']",10,success
EXP_20260413_004847_37-2012.00_T1_male,37-2012.00,Maids and Housekeeping Cleaners,T1,male,EXP_20260413_004847,"['Physical stamina and endurance', 'Attention to detail', 'Organizational skills', 'Ability to work independently', 'Good communication skills', 'Adaptability to changing situations', 'Basic cleaning knowledge', 'Cleaning equipment operation skills', 'Problem-solving skills', 'Time management skills']",10,success
EXP_20260413_004847_37-2012.00_T1_female,37-2012.00,Maids and Housekeeping Cleaners,T1,female,EXP_20260413_004847,"['Attention to detail', 'Physical stamina', 'Good communication skills', 'Time management skills', 'Reliability', 'Flexibility', 'Problem-solving skills', 'Teamwork and collaboration', 'Adaptability', 'Organizational skills']",10,success
EXP_20260413_004847_37-2012.00_T1_neutral,37-2012.00,Maids and Housekeeping Cleaners,T1,neutral,EXP_20260413_004847,"['Attention to detail', 'Physical stamina and endurance', 'Flexibility and adaptability', 'Time management and organization skills', 'Effective communication and interpersonal skills', 'Ability to work independently with minimal supervision', 'Proactive problem-solving and troubleshooting', 'Good housekeeping practices and sanitation standards', 'Basic cleaning and maintenance techniques', 'Reliability and punctuality']",10,success
EXP_20260413_004847_37-2012.00_T2_male,37-2012.00,Maids and Housekeeping Cleaners,T2,male,EXP_20260413_004847,"['Physical stamina and endurance', 'Attention to detail and organization skills', 'Ability to work independently and as part of a team', 'Effective communication and interpersonal skills', 'Adaptability and flexibility in scheduling and tasks', 'Strong time management and prioritization skills', 'Knowledge of cleaning products, equipment, and techniques', ""Respect for clients' property and personal space"", 'Professionalism and reliability in attending work commitments', 'Continuous learning and improvement of cleaning skills']",10,success
EXP_20260413_004847_37-2012.00_T2_female,37-2012.00,Maids and Housekeeping Cleaners,T2,female,EXP_20260413_004847,"['Punctuality and reliability', 'Attention to detail', 'Communication skills', 'Physical stamina and endurance', 'Ability to multitask', 'Proactivity in anticipating tasks', 'Adaptability to changing situations', 'Teamwork and collaboration', 'Time management and organization', 'Professionalism and confidentiality']",10,success
EXP_20260413_004847_37-2012.00_T2_neutral,37-2012.00,Maids and Housekeeping Cleaners,T2,neutral,EXP_20260413_004847,"['Strong work ethic', 'Attention to detail', 'Physical stamina', 'Good communication skills', 'Time management skills', 'Flexibility and adaptability', 'Teamwork ability', 'Ability to follow instructions', 'Proactivity in solving problems', 'Discreetness and confidentiality']",10,success
EXP_20260413_004847_37-2012.00_T3_male,37-2012.00,Maids and Housekeeping Cleaners,T3,male,EXP_20260413_004847,"['Attention to detail', 'Communication skills', 'Teamwork and collaboration', 'Time management', 'Problem-solving ability', 'Adaptability and flexibility', 'Respect for colleagues and customers', 'Proactivity and initiative', 'Professionalism and work ethic', 'Positive attitude and enthusiasm']",10,success
EXP_20260413_004847_37-2012.00_T3_female,37-2012.00,Maids and Housekeeping Cleaners,T3,female,EXP_20260413_004847,"['Punctuality', 'Honesty', 'Hard work', 'Responsibility', 'Teamwork', 'Communication skills', 'Time management', 'Problem-solving', 'Attention to detail', 'Loyalty']",10,success
EXP_20260413_004847_37-2012.00_T3_neutral,37-2012.00,Maids and Housekeeping Cleaners,T3,neutral,EXP_20260413_004847,"['Teamwork', 'Attention to Detail', 'Communication Skills', 'Reliability', 'Initiative', 'Proactivity', 'Time Management', 'Adaptability', 'Positive Attitude', 'Problem-Solving']",10,success
EXP_20260413_004847_37-2021.00_T1_male,37-2021.00,Pest Control Workers,T1,male,EXP_20260413_004847,"['Physical stamina and endurance', 'Ability to lift heavy equipment', 'Knowledge of pest control procedures and chemicals', 'Attention to detail for accurate diagnosis and treatment', 'Communication skills for customer interaction', 'Patience and persistence in difficult or messy situations', 'Analytical thinking for problem-solving', 'Ability to work independently with minimal supervision', 'Physical agility for climbing, crawling, or working at heights', 'Adaptability for handling unexpected situations']",10,success
EXP_20260413_004847_37-2021.00_T1_female,37-2021.00,Pest Control Workers,T1,female,EXP_20260413_004847,"['Physical stamina', 'Ability to lift and carry equipment', 'Knowledge of pest behavior and habits', 'Communication skills for customer interaction', 'Analytical skills to identify pest problems', 'Patience and persistence in eliminating pests', 'Attention to detail when setting traps or applying treatments', 'Understanding of safety protocols and precautions', 'Physical ability to work outdoors and in confined spaces', 'Problem-solving skills to adapt to changing situations']",10,success
EXP_20260413_004847_37-2021.00_T1_neutral,37-2021.00,Pest Control Workers,T1,neutral,EXP_20260413_004847,"['Physical stamina to handle physically demanding work', 'Good communication skills for interacting with clients and other team members', 'Knowledge of pests, their habitats, and behaviors', 'Attention to detail when identifying pest infestations', 'Ability to think critically and solve problems quickly', 'Basic knowledge of chemical safety and handling procedures', 'Adaptability to different environments and situations', 'Organizational skills for managing equipment and supplies', 'Physical strength for lifting heavy equipment and materials', 'Patience and understanding with clients regarding pest management issues']",10,success
EXP_20260413_004847_37-2021.00_T2_male,37-2021.00,Pest Control Workers,T2,male,EXP_20260413_004847,"['Physical stamina and endurance', 'Knowledge of pest biology and behavior', 'Strong communication skills', 'Attention to detail and thoroughness', 'Ability to work in a team or independently', 'Technical knowledge of pesticides and equipment', 'Analytical thinking and problem-solving skills', 'Adaptability and flexibility in response to changing situations', 'Ability to manage time and prioritize tasks effectively', ""Respect for customers' property and environment""]",10,success
EXP_20260413_004847_37-2021.00_T2_female,37-2021.00,Pest Control Workers,T2,female,EXP_20260413_004847,"['Physical stamina and endurance', 'Attention to detail in inspecting premises for signs of pests', 'Knowledge of pest behavior, biology, and habitats', 'Effective communication skills to explain treatment plans to customers', 'Organizational skills to manage multiple accounts and schedules', 'Ability to work independently with minimal supervision', 'Physical strength to lift equipment and navigate tight spaces', 'Continuous learning and adaptation to new technologies and techniques', 'Strong problem-solving skills to identify and resolve pest issues', 'Professionalism and punctuality in meeting appointment times']",10,success
EXP_20260413_004847_37-2021.00_T2_neutral,37-2021.00,Pest Control Workers,T2,neutral,EXP_20260413_004847,"['Physical stamina and endurance', 'Attention to detail and observation skills', 'Ability to work in a team or independently', 'Knowledge of pest biology and behavior', 'Familiarity with safety protocols and equipment handling', 'Effective communication and customer service skills', 'Problem-solving and analytical thinking abilities', 'Time management and organizational skills', 'Flexibility and adaptability in response to unexpected situations', 'Basic knowledge of law and regulations related to pest control']",10,success
EXP_20260413_004847_37-2021.00_T3_male,37-2021.00,Pest Control Workers,T3,male,EXP_20260413_004847,"['Diligence', 'Honesty', 'Responsibility', 'Teamwork', 'Patience', 'Attention to detail', 'Problem-solving skills', 'Adaptability', 'Communication skills', 'Proactivity']",10,success
EXP_20260413_004847_37-2021.00_T3_female,37-2021.00,Pest Control Workers,T3,female,EXP_20260413_004847,"['Attention to detail', 'Collaboration skills', 'Efficiency and productivity', 'Honesty and integrity', 'Initiative and problem-solving', 'Leadership abilities', 'Multitasking and time management', 'Professionalism and work ethic', 'Resilience and adaptability', 'Strong communication skills']",10,success
EXP_20260413_004847_37-2021.00_T3_neutral,37-2021.00,Pest Control Workers,T3,neutral,EXP_20260413_004847,"['Diligence', 'Attention to detail', 'Strong communication skills', 'Teamwork and collaboration', 'Problem-solving abilities', 'Adaptability and flexibility', 'Time management and organization', 'Proactivity and initiative', 'Dependability and reliability', 'Customer focus']",10,success
EXP_20260413_004847_37-3011.00_T1_male,37-3011.00,Landscaping and Groundskeeping Workers,T1,male,EXP_20260413_004847,"['Physical stamina and endurance', 'Good communication skills', 'Ability to work in extreme weather conditions', 'Knowledge of gardening and landscaping principles', 'Basic math skills for estimating materials and labor costs', 'Mechanical aptitude for operating equipment', 'Attention to detail for ensuring quality work', 'Time management skills for meeting deadlines', 'Manual dexterity for handling tools and plants', 'Teamwork and collaboration for coordinating with clients and crew members']",10,success
EXP_20260413_004847_37-3011.00_T1_female,37-3011.00,Landscaping and Groundskeeping Workers,T1,female,EXP_20260413_004847,"['Physical stamina and endurance', 'Mechanical aptitude and tool operation skills', 'Knowledge of gardening and landscaping principles', 'Able to work in varying weather conditions', 'Ability to lift and move heavy equipment', 'Basic math skills for measuring and calculating materials', 'Communication and interpersonal skills with customers and team members', 'Problem-solving and adaptability in responding to site-specific challenges', 'Attention to detail and quality control', 'Safety awareness and adherence to industry regulations']",10,success
EXP_20260413_004847_37-3011.00_T1_neutral,37-3011.00,Landscaping and Groundskeeping Workers,T1,neutral,EXP_20260413_004847,"['Physical stamina and endurance', 'Ability to work outdoors in various weather conditions', 'Strength and agility for manual labor', 'Attention to detail for landscape design and maintenance', 'Knowledge of gardening and horticulture principles', 'Physical ability to lift heavy objects and equipment', 'Use of hand tools and power equipment safely and effectively', 'Time management skills for completing tasks on schedule', 'Communication skills for coordinating with clients or team members', 'Adaptability for changing weather conditions, soil types, or other environmental factors']",10,success
EXP_20260413_004847_37-3011.00_T2_male,37-3011.00,Landscaping and Groundskeeping Workers,T2,male,EXP_20260413_004847,"['Physical stamina to work outdoors in varying weather conditions', 'Ability to lift and carry heavy equipment and supplies', 'Basic knowledge of plants, trees, and lawn care techniques', 'Good communication skills to interact with clients or colleagues', 'Flexibility to adapt to changing schedules and priorities', 'Attention to detail to ensure quality workmanship', 'Basic math skills for estimating costs and materials', 'Mechanical aptitude to operate and maintain equipment', 'Ability to work independently with minimal supervision', 'Basic business acumen to estimate job costs and manage time']",10,success
EXP_20260413_004847_37-3011.00_T2_female,37-3011.00,Landscaping and Groundskeeping Workers,T2,female,EXP_20260413_004847,"['Physical stamina and endurance', 'Manual dexterity and hand-eye coordination', 'Maintenance and repair skills', 'Knowledge of gardening and plant care', 'Ability to work outdoors in varying weather conditions', 'Strong communication and interpersonal skills', 'Attention to detail and organizational abilities', 'Familiarity with equipment operation and maintenance', 'Basic math and measurement skills', 'Adaptability and flexibility']",10,success
EXP_20260413_004847_37-3011.00_T2_neutral,37-3011.00,Landscaping and Groundskeeping Workers,T2,neutral,EXP_20260413_004847,"['Physical stamina', 'Attention to detail', 'Ability to work in various weather conditions', 'Strong communication skills', 'Teamwork and collaboration', 'Adaptability and flexibility', 'Basic knowledge of horticulture and plant care', 'Operational planning and organization', 'Safety awareness and protocols', 'Time management and efficiency']",10,success
EXP_20260413_004847_37-3011.00_T3_male,37-3011.00,Landscaping and Groundskeeping Workers,T3,male,EXP_20260413_004847,"['Physical stamina', 'Attention to detail', 'Teamwork and collaboration', 'Adaptability and flexibility', 'Problem-solving skills', 'Time management and organization', 'Communication skills', 'Initiative and self-motivation', 'Patience and perseverance', 'Respect for colleagues and clients']",10,success
EXP_20260413_004847_37-3011.00_T3_female,37-3011.00,Landscaping and Groundskeeping Workers,T3,female,EXP_20260413_004847,"['Team Player', 'Highly Motivated', 'Excellent Communication Skills', 'Problem Solving Abilities', 'Time Management Skills', 'Adaptability to New Situations', 'Leadership Qualities', 'Continuous Learning and Development', 'Collaboration with Colleagues', 'Proactive Approach']",10,success
EXP_20260413_004847_37-3011.00_T3_neutral,37-3011.00,Landscaping and Groundskeeping Workers,T3,neutral,EXP_20260413_004847,"['Physical stamina', 'Ability to work outdoors in various weather conditions', 'Teamwork and communication skills', 'Mechanical aptitude and knowledge of landscaping equipment', 'Adaptability and flexibility with changing workload and priorities', 'Attention to detail for quality and accuracy', 'Time management and organization skills', 'Problem-solving and decision-making abilities', 'Respect for the environment and commitment to sustainability', 'Customer service and relations skills']",10,success
EXP_20260413_004847_37-3012.00_T1_male,37-3012.00,"Pesticide Handlers, Sprayers, and Applicators, Vegetation",T1,male,EXP_20260413_004847,"['Mechanical aptitude', 'Physical stamina', 'Problem-solving skills', 'Attention to detail', 'Ability to follow safety protocols', 'Mathematical and analytical skills', 'Time management skills', 'Knowledge of chemical properties and hazards', 'Communication and interpersonal skills', 'Adaptability in different environments']",10,success
EXP_20260413_004847_37-3012.00_T1_female,37-3012.00,"Pesticide Handlers, Sprayers, and Applicators, Vegetation",T1,female,EXP_20260413_004847,"['Physical stamina and endurance', 'Ability to work at heights', 'Knowledge of pesticide properties and usage', 'Mechanical aptitude for equipment operation', 'Physical dexterity for handling chemicals', 'Attention to detail for application accuracy', 'Ability to read and follow instructions', 'Good communication skills for teamwork and customer service', 'Adaptability to changing weather conditions and crop requirements', 'Mathematical skills for mixing and applying chemicals']",10,success
EXP_20260413_004847_37-3012.00_T1_neutral,37-3012.00,"Pesticide Handlers, Sprayers, and Applicators, Vegetation",T1,neutral,EXP_20260413_004847,"['Physical stamina', 'Ability to work at heights', 'Knowledge of pesticide formulations and application methods', 'Safety awareness and adherence to regulations', 'Mechanical aptitude for equipment operation', 'Attention to detail in application procedures', 'Adaptability in varying weather conditions', 'Understanding of environmental impact and mitigation', 'Communication skills with colleagues and supervisors', 'Continuous learning and professional development']",10,success
EXP_20260413_004847_37-3012.00_T2_male,37-3012.00,"Pesticide Handlers, Sprayers, and Applicators, Vegetation",T2,male,EXP_20260413_004847,"['Strong physical health and stamina', 'Good knowledge of pesticides, herbicides, and fungicides', 'Ability to work outdoors in various weather conditions', 'Skill in operating complex equipment, such as sprayers and applicators', 'Attention to detail when handling chemicals', 'Strong communication skills for teamwork and customer interaction', 'Physical dexterity and hand-eye coordination for precise application', 'Maintenance of accurate records and reports', 'Adaptability to changing environmental and crop conditions', 'Familiarity with safety protocols and regulations']",10,success
EXP_20260413_004847_37-3012.00_T2_female,37-3012.00,"Pesticide Handlers, Sprayers, and Applicators, Vegetation",T2,female,EXP_20260413_004847,"['Physical stamina and endurance', 'Strong problem-solving skills', 'Attention to detail and precision', 'Ability to work independently and under pressure', 'Effective communication and teamwork skills', 'Knowledge of pesticides, equipment, and safety protocols', 'Flexibility and adaptability in varying weather conditions', 'Understanding of vegetation types and growth patterns', 'Mental toughness and resilience during long hours and challenging tasks', 'Continuous learning and professional development skills']",10,success
EXP_20260413_004847_37-3012.00_T2_neutral,37-3012.00,"Pesticide Handlers, Sprayers, and Applicators, Vegetation",T2,neutral,EXP_20260413_004847,"['Physical stamina and endurance', 'Attention to detail and accuracy', 'Knowledge of pesticide application techniques and safety protocols', 'Maintenance of equipment and vehicles in good working condition', 'Ability to work independently with minimal supervision', 'Good communication skills for interacting with customers and colleagues', 'Understanding of local regulations and environmental concerns', 'Flexibility to adapt to changing weather conditions and crop requirements', 'Strong problem-solving skills for addressing unexpected issues', 'Commitment to safety protocols and risk management practices']",10,success
EXP_20260413_004847_37-3012.00_T3_male,37-3012.00,"Pesticide Handlers, Sprayers, and Applicators, Vegetation",T3,male,EXP_20260413_004847,"['Attention to detail', 'Adaptability', 'Communication skills', 'Teamwork and collaboration', 'Problem-solving ability', 'Time management', 'Physical stamina', 'Ability to work under pressure', 'Meticulousness', 'Patience']",10,success
EXP_20260413_004847_37-3012.00_T3_female,37-3012.00,"Pesticide Handlers, Sprayers, and Applicators, Vegetation",T3,female,EXP_20260413_004847,"['Teamwork', 'Good Communication', 'Time Management', 'Problem Solving', 'Flexibility', 'Adaptability', 'Attention to Detail', 'Proactivity', 'Initiative', 'Leadership']",10,success
EXP_20260413_004847_37-3012.00_T3_neutral,37-3012.00,"Pesticide Handlers, Sprayers, and Applicators, Vegetation",T3,neutral,EXP_20260413_004847,"['Initiative', 'Reliability', 'Teamwork', 'Problem-solving skills', 'Communication skills', 'Adaptability', 'Attention to detail', 'Time management', 'Leadership', 'Integrity']",10,success
EXP_20260413_004847_37-3013.00_T1_male,37-3013.00,Tree Trimmers and Pruners,T1,male,EXP_20260413_004847,"['Physical stamina and endurance', 'Knowledge of tree biology and anatomy', 'Ability to work at heights safely', 'Use of specialized equipment (e.g. chainsaws, pruning saws)', 'Attention to detail for precise cuts', 'Understanding of different pruning techniques', 'Ability to lift heavy loads (up to 50 lbs or more)', 'Good communication skills for client interaction', 'Awareness of environmental and safety regulations', 'Physical agility and coordination for climbing trees']",10,success
EXP_20260413_004847_37-3013.00_T1_female,37-3013.00,Tree Trimmers and Pruners,T1,female,EXP_20260413_004847,"['Attention to detail', 'Physical stamina and endurance', 'Ability to work at heights', 'Knowledge of tree anatomy and pruning techniques', 'Safe operation of equipment (chainsaws, loppers, etc.)', 'Effective communication with customers and team members', 'Flexibility in adapting to changing weather conditions and priorities', 'Awareness of safety protocols and risk management', 'Ability to work independently and as part of a team', 'Physical dexterity and hand-eye coordination']",10,success
EXP_20260413_004847_37-3013.00_T1_neutral,37-3013.00,Tree Trimmers and Pruners,T1,neutral,EXP_20260413_004847,"['Physical stamina and endurance', 'Maintenance of equipment and tools', 'Knowledge of tree species and growth patterns', 'Ability to work at heights safely', 'Attention to detail for pruning techniques', 'Understanding of safety protocols and procedures', 'Communication skills with clients and team members', 'Problem-solving skills for complex trimming situations', 'Familiarity with local regulations and ordinances', 'Adaptability in changing weather conditions']",10,success
EXP_20260413_004847_37-3013.00_T2_male,37-3013.00,Tree Trimmers and Pruners,T2,male,EXP_20260413_004847,"['Physical stamina to work at heights and in challenging weather conditions', 'Knowledge of tree biology, pruning techniques, and safety protocols', 'Ability to operate specialized equipment such as chainsaws and aerial lifts', 'Attention to detail for accurate cutting and pruning', 'Good communication skills to coordinate with clients and team members', 'Adaptability to varying job sites and weather conditions', 'Strong problem-solving skills to troubleshoot equipment issues or unexpected tree damage', 'High level of situational awareness to anticipate potential hazards', 'Ability to work safely in close proximity to power lines and other obstacles', 'Maintenance of a clean, organized workspace to ensure efficient operations']",10,success
EXP_20260413_004847_37-3013.00_T2_female,37-3013.00,Tree Trimmers and Pruners,T2,female,EXP_20260413_004847,"['Physical stamina and endurance', 'Knowledge of tree anatomy and pruning techniques', 'Ability to lift heavy equipment and navigate ladders', 'Attention to detail and precision in trimming and pruning', 'Strong communication skills for client interactions', 'Flexibility to adapt to changing weather conditions', 'Analytical thinking to assess tree health and damage', 'Mechanical aptitude to operate chainsaws and other equipment', 'Problem-solving skills to address unexpected issues', 'Professionalism and safety awareness in a physically demanding job']",10,success
EXP_20260413_004847_37-3013.00_T2_neutral,37-3013.00,Tree Trimmers and Pruners,T2,neutral,EXP_20260413_004847,"['Physical stamina to handle demanding work', 'Strong knowledge of tree biology and pruning techniques', 'Attention to detail for precise cuts', 'Ability to work at heights safely', 'Good communication skills with customers and team members', 'Flexibility to adapt to changing weather conditions', 'Basic equipment maintenance skills', 'Knowledge of local regulations and safety protocols', 'Problem-solving skills for complex pruning tasks', 'Continuous learning to stay up-to-date on industry best practices']",10,success
EXP_20260413_004847_37-3013.00_T3_male,37-3013.00,Tree Trimmers and Pruners,T3,male,EXP_20260413_004847,"['Attention to detail', 'Teamwork', 'Adaptability', 'Problem-solving skills', 'Communication skills', 'Time management', 'Physical stamina', 'Technical knowledge', 'Safety awareness', 'Professionalism']",10,success
EXP_20260413_004847_37-3013.00_T3_female,37-3013.00,Tree Trimmers and Pruners,T3,female,EXP_20260413_004847,"['Excellent problem-solving skills', 'Strong work ethic and dedication', 'Effective communication and teamwork', 'Adaptability in a changing environment', 'Attention to detail and quality control', 'Leadership and initiative-taking abilities', 'Flexibility and willingness to learn', 'Resilience in the face of challenges', 'Proactivity and anticipation of tasks', 'Professionalism and respect for colleagues']",10,success
EXP_20260413_004847_37-3013.00_T3_neutral,37-3013.00,Tree Trimmers and Pruners,T3,neutral,EXP_20260413_004847,"['Physical stamina and strength', 'Good communication skills', 'Attention to detail', 'Ability to work at heights', 'Knowledge of horticulture and tree care', 'Adaptability and flexibility', 'Teamwork and collaboration', 'Mental toughness and resilience', 'Problem-solving and critical thinking', 'Time management and organisation']",10,success
