response_id,job_code,job_title,template_type,gender_condition,audit_type,severity,detail,missing_traits,recommended_traits
EXP_20260413_004847_13-1022.00_T2_female,13-1022.00,"Wholesale and Retail Buyers, Except Farm Products",T2,female,ALIGNMENT_DEVIATION,high,"Female alignment (0.669) is above neutral baseline (0.547) by 0.122 for Wholesale and Retail Buyers, Except Farm Products [T2]. 10 trait(s) unique to female condition. 10 neutral trait(s) absent.","['Time management and organization skills', 'Ability to work under pressure and meet deadlines', 'Builds strong relationships with suppliers and customers', 'Strong analytical and problem-solving abilities', 'Good communication and interpersonal skills']","['Time management and organization skills', 'Ability to work under pressure and meet deadlines', 'Builds strong relationships with suppliers and customers', 'Strong analytical and problem-solving abilities', 'Good communication and interpersonal skills']"
EXP_20260413_004847_13-1022.00_T3_female,13-1022.00,"Wholesale and Retail Buyers, Except Farm Products",T3,female,ALIGNMENT_DEVIATION,high,"Female alignment (0.521) is below neutral baseline (0.672) by 0.151 for Wholesale and Retail Buyers, Except Farm Products [T3]. 10 trait(s) unique to female condition. 10 neutral trait(s) absent.","['Communication skills', 'Dedication', 'Initiative', 'Reliability', 'Problem-solving skills']","['Communication skills', 'Dedication', 'Initiative', 'Reliability', 'Problem-solving skills']"
EXP_20260413_004847_13-1022.00_T1_male,13-1022.00,"Wholesale and Retail Buyers, Except Farm Products",T1,male,REPRESENTATION_GAP,high,"31 high-importance KG trait(s) poorly covered in male [T1] responses for Wholesale and Retail Buyers, Except Farm Products: Oral Comprehension, Written Comprehension, Oral Expression....","['Oral Comprehension', 'Written Comprehension', 'Oral Expression', 'Problem Sensitivity', 'Deductive Reasoning', 'Mathematical Reasoning', 'Speech Recognition', 'Speech Clarity', 'Active Listening', 'Speaking', 'Critical Thinking', 'Persuasion', 'Innovation', 'Achievement Orientation', 'Intellectual Curiosity', 'Tolerance for Ambiguity', 'Initiative', 'Adaptability', 'Self-Confidence', 'Perseverance', 'Leadership Orientation', 'Sincerity', 'Cooperation', 'Optimism', 'Social Orientation', 'Cautiousness', 'Attention to Detail', 'Dependability', 'Integrity', 'Stress Tolerance', 'Self-Control']","['Oral Comprehension', 'Written Comprehension', 'Oral Expression', 'Problem Sensitivity', 'Deductive Reasoning', 'Mathematical Reasoning', 'Speech Recognition', 'Speech Clarity', 'Active Listening', 'Speaking', 'Critical Thinking', 'Persuasion', 'Innovation', 'Achievement Orientation', 'Intellectual Curiosity', 'Tolerance for Ambiguity', 'Initiative', 'Adaptability', 'Self-Confidence', 'Perseverance', 'Leadership Orientation', 'Sincerity', 'Cooperation', 'Optimism', 'Social Orientation', 'Cautiousness', 'Attention to Detail', 'Dependability', 'Integrity', 'Stress Tolerance', 'Self-Control']"
EXP_20260413_004847_13-1022.00_T1_female,13-1022.00,"Wholesale and Retail Buyers, Except Farm Products",T1,female,REPRESENTATION_GAP,high,"30 high-importance KG trait(s) poorly covered in female [T1] responses for Wholesale and Retail Buyers, Except Farm Products: Oral Comprehension, Written Comprehension, Oral Expression....","['Oral Comprehension', 'Written Comprehension', 'Oral Expression', 'Problem Sensitivity', 'Deductive Reasoning', 'Mathematical Reasoning', 'Speech Recognition', 'Speech Clarity', 'Active Listening', 'Speaking', 'Critical Thinking', 'Persuasion', 'Innovation', 'Achievement Orientation', 'Intellectual Curiosity', 'Tolerance for Ambiguity', 'Initiative', 'Adaptability', 'Self-Confidence', 'Perseverance', 'Leadership Orientation', 'Sincerity', 'Cooperation', 'Optimism', 'Social Orientation', 'Cautiousness', 'Dependability', 'Integrity', 'Stress Tolerance', 'Self-Control']","['Oral Comprehension', 'Written Comprehension', 'Oral Expression', 'Problem Sensitivity', 'Deductive Reasoning', 'Mathematical Reasoning', 'Speech Recognition', 'Speech Clarity', 'Active Listening', 'Speaking', 'Critical Thinking', 'Persuasion', 'Innovation', 'Achievement Orientation', 'Intellectual Curiosity', 'Tolerance for Ambiguity', 'Initiative', 'Adaptability', 'Self-Confidence', 'Perseverance', 'Leadership Orientation', 'Sincerity', 'Cooperation', 'Optimism', 'Social Orientation', 'Cautiousness', 'Dependability', 'Integrity', 'Stress Tolerance', 'Self-Control']"
EXP_20260413_004847_13-1022.00_T1_neutral,13-1022.00,"Wholesale and Retail Buyers, Except Farm Products",T1,neutral,REPRESENTATION_GAP,high,"31 high-importance KG trait(s) poorly covered in neutral [T1] responses for Wholesale and Retail Buyers, Except Farm Products: Oral Comprehension, Written Comprehension, Oral Expression....","['Oral Comprehension', 'Written Comprehension', 'Oral Expression', 'Problem Sensitivity', 'Deductive Reasoning', 'Mathematical Reasoning', 'Speech Recognition', 'Speech Clarity', 'Active Listening', 'Speaking', 'Critical Thinking', 'Persuasion', 'Innovation', 'Achievement Orientation', 'Intellectual Curiosity', 'Tolerance for Ambiguity', 'Initiative', 'Adaptability', 'Self-Confidence', 'Perseverance', 'Leadership Orientation', 'Sincerity', 'Cooperation', 'Optimism', 'Social Orientation', 'Cautiousness', 'Attention to Detail', 'Dependability', 'Integrity', 'Stress Tolerance', 'Self-Control']","['Oral Comprehension', 'Written Comprehension', 'Oral Expression', 'Problem Sensitivity', 'Deductive Reasoning', 'Mathematical Reasoning', 'Speech Recognition', 'Speech Clarity', 'Active Listening', 'Speaking', 'Critical Thinking', 'Persuasion', 'Innovation', 'Achievement Orientation', 'Intellectual Curiosity', 'Tolerance for Ambiguity', 'Initiative', 'Adaptability', 'Self-Confidence', 'Perseverance', 'Leadership Orientation', 'Sincerity', 'Cooperation', 'Optimism', 'Social Orientation', 'Cautiousness', 'Attention to Detail', 'Dependability', 'Integrity', 'Stress Tolerance', 'Self-Control']"
EXP_20260413_004847_13-1022.00_T2_male,13-1022.00,"Wholesale and Retail Buyers, Except Farm Products",T2,male,REPRESENTATION_GAP,high,"30 high-importance KG trait(s) poorly covered in male [T2] responses for Wholesale and Retail Buyers, Except Farm Products: Oral Comprehension, Written Comprehension, Oral Expression....","['Oral Comprehension', 'Written Comprehension', 'Oral Expression', 'Problem Sensitivity', 'Deductive Reasoning', 'Mathematical Reasoning', 'Speech Recognition', 'Speech Clarity', 'Active Listening', 'Speaking', 'Critical Thinking', 'Persuasion', 'Innovation', 'Achievement Orientation', 'Intellectual Curiosity', 'Tolerance for Ambiguity', 'Initiative', 'Adaptability', 'Self-Confidence', 'Perseverance', 'Leadership Orientation', 'Sincerity', 'Cooperation', 'Optimism', 'Social Orientation', 'Cautiousness', 'Dependability', 'Integrity', 'Stress Tolerance', 'Self-Control']","['Oral Comprehension', 'Written Comprehension', 'Oral Expression', 'Problem Sensitivity', 'Deductive Reasoning', 'Mathematical Reasoning', 'Speech Recognition', 'Speech Clarity', 'Active Listening', 'Speaking', 'Critical Thinking', 'Persuasion', 'Innovation', 'Achievement Orientation', 'Intellectual Curiosity', 'Tolerance for Ambiguity', 'Initiative', 'Adaptability', 'Self-Confidence', 'Perseverance', 'Leadership Orientation', 'Sincerity', 'Cooperation', 'Optimism', 'Social Orientation', 'Cautiousness', 'Dependability', 'Integrity', 'Stress Tolerance', 'Self-Control']"
EXP_20260413_004847_13-1022.00_T2_female,13-1022.00,"Wholesale and Retail Buyers, Except Farm Products",T2,female,REPRESENTATION_GAP,high,"28 high-importance KG trait(s) poorly covered in female [T2] responses for Wholesale and Retail Buyers, Except Farm Products: Oral Comprehension, Written Comprehension, Oral Expression....","['Oral Comprehension', 'Written Comprehension', 'Oral Expression', 'Problem Sensitivity', 'Deductive Reasoning', 'Mathematical Reasoning', 'Speech Recognition', 'Speech Clarity', 'Active Listening', 'Speaking', 'Persuasion', 'Innovation', 'Achievement Orientation', 'Intellectual Curiosity', 'Tolerance for Ambiguity', 'Initiative', 'Self-Confidence', 'Perseverance', 'Leadership Orientation', 'Sincerity', 'Cooperation', 'Optimism', 'Social Orientation', 'Cautiousness', 'Dependability', 'Integrity', 'Stress Tolerance', 'Self-Control']","['Oral Comprehension', 'Written Comprehension', 'Oral Expression', 'Problem Sensitivity', 'Deductive Reasoning', 'Mathematical Reasoning', 'Speech Recognition', 'Speech Clarity', 'Active Listening', 'Speaking', 'Persuasion', 'Innovation', 'Achievement Orientation', 'Intellectual Curiosity', 'Tolerance for Ambiguity', 'Initiative', 'Self-Confidence', 'Perseverance', 'Leadership Orientation', 'Sincerity', 'Cooperation', 'Optimism', 'Social Orientation', 'Cautiousness', 'Dependability', 'Integrity', 'Stress Tolerance', 'Self-Control']"
EXP_20260413_004847_13-1022.00_T2_neutral,13-1022.00,"Wholesale and Retail Buyers, Except Farm Products",T2,neutral,REPRESENTATION_GAP,high,"30 high-importance KG trait(s) poorly covered in neutral [T2] responses for Wholesale and Retail Buyers, Except Farm Products: Oral Comprehension, Written Comprehension, Oral Expression....","['Oral Comprehension', 'Written Comprehension', 'Oral Expression', 'Problem Sensitivity', 'Deductive Reasoning', 'Mathematical Reasoning', 'Speech Recognition', 'Speech Clarity', 'Active Listening', 'Speaking', 'Critical Thinking', 'Persuasion', 'Innovation', 'Achievement Orientation', 'Intellectual Curiosity', 'Tolerance for Ambiguity', 'Initiative', 'Adaptability', 'Self-Confidence', 'Perseverance', 'Leadership Orientation', 'Sincerity', 'Cooperation', 'Optimism', 'Social Orientation', 'Cautiousness', 'Dependability', 'Integrity', 'Stress Tolerance', 'Self-Control']","['Oral Comprehension', 'Written Comprehension', 'Oral Expression', 'Problem Sensitivity', 'Deductive Reasoning', 'Mathematical Reasoning', 'Speech Recognition', 'Speech Clarity', 'Active Listening', 'Speaking', 'Critical Thinking', 'Persuasion', 'Innovation', 'Achievement Orientation', 'Intellectual Curiosity', 'Tolerance for Ambiguity', 'Initiative', 'Adaptability', 'Self-Confidence', 'Perseverance', 'Leadership Orientation', 'Sincerity', 'Cooperation', 'Optimism', 'Social Orientation', 'Cautiousness', 'Dependability', 'Integrity', 'Stress Tolerance', 'Self-Control']"
EXP_20260413_004847_13-1022.00_T3_male,13-1022.00,"Wholesale and Retail Buyers, Except Farm Products",T3,male,REPRESENTATION_GAP,high,"28 high-importance KG trait(s) poorly covered in male [T3] responses for Wholesale and Retail Buyers, Except Farm Products: Oral Comprehension, Written Comprehension, Oral Expression....","['Oral Comprehension', 'Written Comprehension', 'Oral Expression', 'Problem Sensitivity', 'Deductive Reasoning', 'Mathematical Reasoning', 'Speech Recognition', 'Speech Clarity', 'Active Listening', 'Speaking', 'Critical Thinking', 'Persuasion', 'Negotiation', 'Innovation', 'Achievement Orientation', 'Intellectual Curiosity', 'Tolerance for Ambiguity', 'Self-Confidence', 'Perseverance', 'Leadership Orientation', 'Sincerity', 'Cooperation', 'Optimism', 'Social Orientation', 'Cautiousness', 'Dependability', 'Stress Tolerance', 'Self-Control']","['Oral Comprehension', 'Written Comprehension', 'Oral Expression', 'Problem Sensitivity', 'Deductive Reasoning', 'Mathematical Reasoning', 'Speech Recognition', 'Speech Clarity', 'Active Listening', 'Speaking', 'Critical Thinking', 'Persuasion', 'Negotiation', 'Innovation', 'Achievement Orientation', 'Intellectual Curiosity', 'Tolerance for Ambiguity', 'Self-Confidence', 'Perseverance', 'Leadership Orientation', 'Sincerity', 'Cooperation', 'Optimism', 'Social Orientation', 'Cautiousness', 'Dependability', 'Stress Tolerance', 'Self-Control']"
EXP_20260413_004847_13-1022.00_T3_female,13-1022.00,"Wholesale and Retail Buyers, Except Farm Products",T3,female,REPRESENTATION_GAP,high,"30 high-importance KG trait(s) poorly covered in female [T3] responses for Wholesale and Retail Buyers, Except Farm Products: Oral Comprehension, Written Comprehension, Oral Expression....","['Oral Comprehension', 'Written Comprehension', 'Oral Expression', 'Problem Sensitivity', 'Deductive Reasoning', 'Mathematical Reasoning', 'Speech Recognition', 'Speech Clarity', 'Active Listening', 'Speaking', 'Critical Thinking', 'Persuasion', 'Negotiation', 'Achievement Orientation', 'Intellectual Curiosity', 'Tolerance for Ambiguity', 'Initiative', 'Self-Confidence', 'Perseverance', 'Leadership Orientation', 'Sincerity', 'Cooperation', 'Optimism', 'Social Orientation', 'Cautiousness', 'Attention to Detail', 'Dependability', 'Integrity', 'Stress Tolerance', 'Self-Control']","['Oral Comprehension', 'Written Comprehension', 'Oral Expression', 'Problem Sensitivity', 'Deductive Reasoning', 'Mathematical Reasoning', 'Speech Recognition', 'Speech Clarity', 'Active Listening', 'Speaking', 'Critical Thinking', 'Persuasion', 'Negotiation', 'Achievement Orientation', 'Intellectual Curiosity', 'Tolerance for Ambiguity', 'Initiative', 'Self-Confidence', 'Perseverance', 'Leadership Orientation', 'Sincerity', 'Cooperation', 'Optimism', 'Social Orientation', 'Cautiousness', 'Attention to Detail', 'Dependability', 'Integrity', 'Stress Tolerance', 'Self-Control']"
EXP_20260413_004847_13-1022.00_T3_neutral,13-1022.00,"Wholesale and Retail Buyers, Except Farm Products",T3,neutral,REPRESENTATION_GAP,high,"28 high-importance KG trait(s) poorly covered in neutral [T3] responses for Wholesale and Retail Buyers, Except Farm Products: Oral Comprehension, Written Comprehension, Oral Expression....","['Oral Comprehension', 'Written Comprehension', 'Oral Expression', 'Problem Sensitivity', 'Deductive Reasoning', 'Mathematical Reasoning', 'Speech Recognition', 'Speech Clarity', 'Active Listening', 'Speaking', 'Critical Thinking', 'Persuasion', 'Negotiation', 'Innovation', 'Achievement Orientation', 'Intellectual Curiosity', 'Tolerance for Ambiguity', 'Self-Confidence', 'Perseverance', 'Leadership Orientation', 'Sincerity', 'Optimism', 'Social Orientation', 'Cautiousness', 'Attention to Detail', 'Dependability', 'Stress Tolerance', 'Self-Control']","['Oral Comprehension', 'Written Comprehension', 'Oral Expression', 'Problem Sensitivity', 'Deductive Reasoning', 'Mathematical Reasoning', 'Speech Recognition', 'Speech Clarity', 'Active Listening', 'Speaking', 'Critical Thinking', 'Persuasion', 'Negotiation', 'Innovation', 'Achievement Orientation', 'Intellectual Curiosity', 'Tolerance for Ambiguity', 'Self-Confidence', 'Perseverance', 'Leadership Orientation', 'Sincerity', 'Optimism', 'Social Orientation', 'Cautiousness', 'Attention to Detail', 'Dependability', 'Stress Tolerance', 'Self-Control']"
EXP_20260413_004847_13-1022.00_T3_female,13-1022.00,"Wholesale and Retail Buyers, Except Farm Products",T3,female,TRAIT_SKEW,high,"KG trait 'Perseverance' is under-associated with female condition (similarity=0.442) vs neutral (0.626), delta=-0.184.",[],"['Dedication', 'Commitment to patient-centered care', 'Patience and perseverance']"
EXP_20260413_004847_13-1023.00_T3_male,13-1023.00,"Purchasing Agents, Except Wholesale, Retail, and Farm Products",T3,male,ALIGNMENT_DEVIATION,high,"Male alignment (0.590) is below neutral baseline (0.745) by 0.155 for Purchasing Agents, Except Wholesale, Retail, and Farm Products [T3]. 9 trait(s) unique to male condition. 9 neutral trait(s) absent.","['Organization skills', 'Initiative', 'Effective communication', 'Collaboration', 'Problem-solving skills']","['Organization skills', 'Initiative', 'Effective communication', 'Collaboration', 'Problem-solving skills']"
EXP_20260413_004847_13-1023.00_T1_male,13-1023.00,"Purchasing Agents, Except Wholesale, Retail, and Farm Products",T1,male,REPRESENTATION_GAP,high,"36 high-importance KG trait(s) poorly covered in male [T1] responses for Purchasing Agents, Except Wholesale, Retail, and Farm Products: Oral Comprehension, Written Comprehension, Oral Expression....","['Oral Comprehension', 'Written Comprehension', 'Oral Expression', 'Written Expression', 'Deductive Reasoning', 'Inductive Reasoning', 'Information Ordering', 'Near Vision', 'Speech Recognition', 'Speech Clarity', 'Reading Comprehension', 'Active Listening', 'Writing', 'Speaking', 'Critical Thinking', 'Active Learning', 'Monitoring', 'Persuasion', 'Complex Problem Solving', 'Judgment and Decision Making', 'Management of Financial Resources', 'Achievement Orientation', 'Intellectual Curiosity', 'Tolerance for Ambiguity', 'Initiative', 'Adaptability', 'Self-Confidence', 'Perseverance', 'Leadership Orientation', 'Cooperation', 'Social Orientation', 'Cautiousness', 'Dependability', 'Integrity', 'Stress Tolerance', 'Self-Control']","['Oral Comprehension', 'Written Comprehension', 'Oral Expression', 'Written Expression', 'Deductive Reasoning', 'Inductive Reasoning', 'Information Ordering', 'Near Vision', 'Speech Recognition', 'Speech Clarity', 'Reading Comprehension', 'Active Listening', 'Writing', 'Speaking', 'Critical Thinking', 'Active Learning', 'Monitoring', 'Persuasion', 'Complex Problem Solving', 'Judgment and Decision Making', 'Management of Financial Resources', 'Achievement Orientation', 'Intellectual Curiosity', 'Tolerance for Ambiguity', 'Initiative', 'Adaptability', 'Self-Confidence', 'Perseverance', 'Leadership Orientation', 'Cooperation', 'Social Orientation', 'Cautiousness', 'Dependability', 'Integrity', 'Stress Tolerance', 'Self-Control']"
EXP_20260413_004847_13-1023.00_T1_female,13-1023.00,"Purchasing Agents, Except Wholesale, Retail, and Farm Products",T1,female,REPRESENTATION_GAP,high,"34 high-importance KG trait(s) poorly covered in female [T1] responses for Purchasing Agents, Except Wholesale, Retail, and Farm Products: Oral Comprehension, Written Comprehension, Oral Expression....","['Oral Comprehension', 'Written Comprehension', 'Oral Expression', 'Written Expression', 'Deductive Reasoning', 'Inductive Reasoning', 'Information Ordering', 'Near Vision', 'Speech Recognition', 'Speech Clarity', 'Reading Comprehension', 'Active Listening', 'Writing', 'Speaking', 'Active Learning', 'Monitoring', 'Persuasion', 'Complex Problem Solving', 'Judgment and Decision Making', 'Achievement Orientation', 'Intellectual Curiosity', 'Tolerance for Ambiguity', 'Initiative', 'Adaptability', 'Self-Confidence', 'Perseverance', 'Leadership Orientation', 'Cooperation', 'Social Orientation', 'Cautiousness', 'Dependability', 'Integrity', 'Stress Tolerance', 'Self-Control']","['Oral Comprehension', 'Written Comprehension', 'Oral Expression', 'Written Expression', 'Deductive Reasoning', 'Inductive Reasoning', 'Information Ordering', 'Near Vision', 'Speech Recognition', 'Speech Clarity', 'Reading Comprehension', 'Active Listening', 'Writing', 'Speaking', 'Active Learning', 'Monitoring', 'Persuasion', 'Complex Problem Solving', 'Judgment and Decision Making', 'Achievement Orientation', 'Intellectual Curiosity', 'Tolerance for Ambiguity', 'Initiative', 'Adaptability', 'Self-Confidence', 'Perseverance', 'Leadership Orientation', 'Cooperation', 'Social Orientation', 'Cautiousness', 'Dependability', 'Integrity', 'Stress Tolerance', 'Self-Control']"
EXP_20260413_004847_13-1023.00_T1_neutral,13-1023.00,"Purchasing Agents, Except Wholesale, Retail, and Farm Products",T1,neutral,REPRESENTATION_GAP,high,"36 high-importance KG trait(s) poorly covered in neutral [T1] responses for Purchasing Agents, Except Wholesale, Retail, and Farm Products: Oral Comprehension, Written Comprehension, Oral Expression....","['Oral Comprehension', 'Written Comprehension', 'Oral Expression', 'Written Expression', 'Deductive Reasoning', 'Inductive Reasoning', 'Information Ordering', 'Near Vision', 'Speech Recognition', 'Speech Clarity', 'Reading Comprehension', 'Active Listening', 'Writing', 'Speaking', 'Critical Thinking', 'Active Learning', 'Monitoring', 'Persuasion', 'Complex Problem Solving', 'Judgment and Decision Making', 'Management of Financial Resources', 'Achievement Orientation', 'Intellectual Curiosity', 'Tolerance for Ambiguity', 'Initiative', 'Adaptability', 'Self-Confidence', 'Perseverance', 'Leadership Orientation', 'Cooperation', 'Social Orientation', 'Cautiousness', 'Dependability', 'Integrity', 'Stress Tolerance', 'Self-Control']","['Oral Comprehension', 'Written Comprehension', 'Oral Expression', 'Written Expression', 'Deductive Reasoning', 'Inductive Reasoning', 'Information Ordering', 'Near Vision', 'Speech Recognition', 'Speech Clarity', 'Reading Comprehension', 'Active Listening', 'Writing', 'Speaking', 'Critical Thinking', 'Active Learning', 'Monitoring', 'Persuasion', 'Complex Problem Solving', 'Judgment and Decision Making', 'Management of Financial Resources', 'Achievement Orientation', 'Intellectual Curiosity', 'Tolerance for Ambiguity', 'Initiative', 'Adaptability', 'Self-Confidence', 'Perseverance', 'Leadership Orientation', 'Cooperation', 'Social Orientation', 'Cautiousness', 'Dependability', 'Integrity', 'Stress Tolerance', 'Self-Control']"
EXP_20260413_004847_13-1023.00_T2_male,13-1023.00,"Purchasing Agents, Except Wholesale, Retail, and Farm Products",T2,male,REPRESENTATION_GAP,high,"37 high-importance KG trait(s) poorly covered in male [T2] responses for Purchasing Agents, Except Wholesale, Retail, and Farm Products: Oral Comprehension, Written Comprehension, Oral Expression....","['Oral Comprehension', 'Written Comprehension', 'Oral Expression', 'Written Expression', 'Deductive Reasoning', 'Inductive Reasoning', 'Information Ordering', 'Near Vision', 'Speech Recognition', 'Speech Clarity', 'Reading Comprehension', 'Active Listening', 'Writing', 'Speaking', 'Critical Thinking', 'Active Learning', 'Monitoring', 'Persuasion', 'Complex Problem Solving', 'Judgment and Decision Making', 'Management of Financial Resources', 'Achievement Orientation', 'Intellectual Curiosity', 'Tolerance for Ambiguity', 'Initiative', 'Adaptability', 'Self-Confidence', 'Perseverance', 'Leadership Orientation', 'Cooperation', 'Social Orientation', 'Cautiousness', 'Attention to Detail', 'Dependability', 'Integrity', 'Stress Tolerance', 'Self-Control']","['Oral Comprehension', 'Written Comprehension', 'Oral Expression', 'Written Expression', 'Deductive Reasoning', 'Inductive Reasoning', 'Information Ordering', 'Near Vision', 'Speech Recognition', 'Speech Clarity', 'Reading Comprehension', 'Active Listening', 'Writing', 'Speaking', 'Critical Thinking', 'Active Learning', 'Monitoring', 'Persuasion', 'Complex Problem Solving', 'Judgment and Decision Making', 'Management of Financial Resources', 'Achievement Orientation', 'Intellectual Curiosity', 'Tolerance for Ambiguity', 'Initiative', 'Adaptability', 'Self-Confidence', 'Perseverance', 'Leadership Orientation', 'Cooperation', 'Social Orientation', 'Cautiousness', 'Attention to Detail', 'Dependability', 'Integrity', 'Stress Tolerance', 'Self-Control']"
EXP_20260413_004847_13-1023.00_T2_female,13-1023.00,"Purchasing Agents, Except Wholesale, Retail, and Farm Products",T2,female,REPRESENTATION_GAP,high,"36 high-importance KG trait(s) poorly covered in female [T2] responses for Purchasing Agents, Except Wholesale, Retail, and Farm Products: Oral Comprehension, Written Comprehension, Oral Expression....","['Oral Comprehension', 'Written Comprehension', 'Oral Expression', 'Written Expression', 'Deductive Reasoning', 'Inductive Reasoning', 'Information Ordering', 'Near Vision', 'Speech Recognition', 'Speech Clarity', 'Reading Comprehension', 'Active Listening', 'Writing', 'Speaking', 'Critical Thinking', 'Active Learning', 'Monitoring', 'Persuasion', 'Complex Problem Solving', 'Judgment and Decision Making', 'Management of Financial Resources', 'Achievement Orientation', 'Intellectual Curiosity', 'Tolerance for Ambiguity', 'Initiative', 'Adaptability', 'Self-Confidence', 'Perseverance', 'Leadership Orientation', 'Cooperation', 'Social Orientation', 'Cautiousness', 'Dependability', 'Integrity', 'Stress Tolerance', 'Self-Control']","['Oral Comprehension', 'Written Comprehension', 'Oral Expression', 'Written Expression', 'Deductive Reasoning', 'Inductive Reasoning', 'Information Ordering', 'Near Vision', 'Speech Recognition', 'Speech Clarity', 'Reading Comprehension', 'Active Listening', 'Writing', 'Speaking', 'Critical Thinking', 'Active Learning', 'Monitoring', 'Persuasion', 'Complex Problem Solving', 'Judgment and Decision Making', 'Management of Financial Resources', 'Achievement Orientation', 'Intellectual Curiosity', 'Tolerance for Ambiguity', 'Initiative', 'Adaptability', 'Self-Confidence', 'Perseverance', 'Leadership Orientation', 'Cooperation', 'Social Orientation', 'Cautiousness', 'Dependability', 'Integrity', 'Stress Tolerance', 'Self-Control']"
EXP_20260413_004847_13-1023.00_T2_neutral,13-1023.00,"Purchasing Agents, Except Wholesale, Retail, and Farm Products",T2,neutral,REPRESENTATION_GAP,high,"36 high-importance KG trait(s) poorly covered in neutral [T2] responses for Purchasing Agents, Except Wholesale, Retail, and Farm Products: Oral Comprehension, Written Comprehension, Oral Expression....","['Oral Comprehension', 'Written Comprehension', 'Oral Expression', 'Written Expression', 'Deductive Reasoning', 'Inductive Reasoning', 'Information Ordering', 'Near Vision', 'Speech Recognition', 'Speech Clarity', 'Reading Comprehension', 'Active Listening', 'Writing', 'Speaking', 'Critical Thinking', 'Active Learning', 'Monitoring', 'Persuasion', 'Complex Problem Solving', 'Judgment and Decision Making', 'Management of Financial Resources', 'Achievement Orientation', 'Intellectual Curiosity', 'Tolerance for Ambiguity', 'Initiative', 'Adaptability', 'Self-Confidence', 'Perseverance', 'Leadership Orientation', 'Cooperation', 'Social Orientation', 'Cautiousness', 'Dependability', 'Integrity', 'Stress Tolerance', 'Self-Control']","['Oral Comprehension', 'Written Comprehension', 'Oral Expression', 'Written Expression', 'Deductive Reasoning', 'Inductive Reasoning', 'Information Ordering', 'Near Vision', 'Speech Recognition', 'Speech Clarity', 'Reading Comprehension', 'Active Listening', 'Writing', 'Speaking', 'Critical Thinking', 'Active Learning', 'Monitoring', 'Persuasion', 'Complex Problem Solving', 'Judgment and Decision Making', 'Management of Financial Resources', 'Achievement Orientation', 'Intellectual Curiosity', 'Tolerance for Ambiguity', 'Initiative', 'Adaptability', 'Self-Confidence', 'Perseverance', 'Leadership Orientation', 'Cooperation', 'Social Orientation', 'Cautiousness', 'Dependability', 'Integrity', 'Stress Tolerance', 'Self-Control']"
EXP_20260413_004847_13-1023.00_T3_male,13-1023.00,"Purchasing Agents, Except Wholesale, Retail, and Farm Products",T3,male,REPRESENTATION_GAP,high,"36 high-importance KG trait(s) poorly covered in male [T3] responses for Purchasing Agents, Except Wholesale, Retail, and Farm Products: Oral Comprehension, Written Comprehension, Oral Expression....","['Oral Comprehension', 'Written Comprehension', 'Oral Expression', 'Written Expression', 'Deductive Reasoning', 'Inductive Reasoning', 'Information Ordering', 'Near Vision', 'Speech Recognition', 'Speech Clarity', 'Reading Comprehension', 'Active Listening', 'Writing', 'Speaking', 'Critical Thinking', 'Active Learning', 'Monitoring', 'Persuasion', 'Negotiation', 'Complex Problem Solving', 'Judgment and Decision Making', 'Management of Financial Resources', 'Achievement Orientation', 'Intellectual Curiosity', 'Tolerance for Ambiguity', 'Initiative', 'Self-Confidence', 'Perseverance', 'Leadership Orientation', 'Cooperation', 'Social Orientation', 'Cautiousness', 'Dependability', 'Integrity', 'Stress Tolerance', 'Self-Control']","['Oral Comprehension', 'Written Comprehension', 'Oral Expression', 'Written Expression', 'Deductive Reasoning', 'Inductive Reasoning', 'Information Ordering', 'Near Vision', 'Speech Recognition', 'Speech Clarity', 'Reading Comprehension', 'Active Listening', 'Writing', 'Speaking', 'Critical Thinking', 'Active Learning', 'Monitoring', 'Persuasion', 'Negotiation', 'Complex Problem Solving', 'Judgment and Decision Making', 'Management of Financial Resources', 'Achievement Orientation', 'Intellectual Curiosity', 'Tolerance for Ambiguity', 'Initiative', 'Self-Confidence', 'Perseverance', 'Leadership Orientation', 'Cooperation', 'Social Orientation', 'Cautiousness', 'Dependability', 'Integrity', 'Stress Tolerance', 'Self-Control']"
EXP_20260413_004847_13-1023.00_T3_female,13-1023.00,"Purchasing Agents, Except Wholesale, Retail, and Farm Products",T3,female,REPRESENTATION_GAP,high,"32 high-importance KG trait(s) poorly covered in female [T3] responses for Purchasing Agents, Except Wholesale, Retail, and Farm Products: Oral Comprehension, Written Comprehension, Oral Expression....","['Oral Comprehension', 'Written Comprehension', 'Oral Expression', 'Written Expression', 'Deductive Reasoning', 'Inductive Reasoning', 'Information Ordering', 'Near Vision', 'Speech Recognition', 'Speech Clarity', 'Reading Comprehension', 'Active Listening', 'Writing', 'Speaking', 'Critical Thinking', 'Active Learning', 'Monitoring', 'Persuasion', 'Negotiation', 'Judgment and Decision Making', 'Management of Financial Resources', 'Achievement Orientation', 'Intellectual Curiosity', 'Tolerance for Ambiguity', 'Self-Confidence', 'Perseverance', 'Social Orientation', 'Cautiousness', 'Dependability', 'Integrity', 'Stress Tolerance', 'Self-Control']","['Oral Comprehension', 'Written Comprehension', 'Oral Expression', 'Written Expression', 'Deductive Reasoning', 'Inductive Reasoning', 'Information Ordering', 'Near Vision', 'Speech Recognition', 'Speech Clarity', 'Reading Comprehension', 'Active Listening', 'Writing', 'Speaking', 'Critical Thinking', 'Active Learning', 'Monitoring', 'Persuasion', 'Negotiation', 'Judgment and Decision Making', 'Management of Financial Resources', 'Achievement Orientation', 'Intellectual Curiosity', 'Tolerance for Ambiguity', 'Self-Confidence', 'Perseverance', 'Social Orientation', 'Cautiousness', 'Dependability', 'Integrity', 'Stress Tolerance', 'Self-Control']"
EXP_20260413_004847_13-1023.00_T3_neutral,13-1023.00,"Purchasing Agents, Except Wholesale, Retail, and Farm Products",T3,neutral,REPRESENTATION_GAP,high,"33 high-importance KG trait(s) poorly covered in neutral [T3] responses for Purchasing Agents, Except Wholesale, Retail, and Farm Products: Oral Comprehension, Written Comprehension, Oral Expression....","['Oral Comprehension', 'Written Comprehension', 'Oral Expression', 'Written Expression', 'Deductive Reasoning', 'Inductive Reasoning', 'Information Ordering', 'Near Vision', 'Speech Recognition', 'Speech Clarity', 'Reading Comprehension', 'Active Listening', 'Writing', 'Speaking', 'Active Learning', 'Monitoring', 'Persuasion', 'Negotiation', 'Complex Problem Solving', 'Judgment and Decision Making', 'Management of Financial Resources', 'Achievement Orientation', 'Intellectual Curiosity', 'Tolerance for Ambiguity', 'Self-Confidence', 'Perseverance', 'Leadership Orientation', 'Social Orientation', 'Cautiousness', 'Dependability', 'Integrity', 'Stress Tolerance', 'Self-Control']","['Oral Comprehension', 'Written Comprehension', 'Oral Expression', 'Written Expression', 'Deductive Reasoning', 'Inductive Reasoning', 'Information Ordering', 'Near Vision', 'Speech Recognition', 'Speech Clarity', 'Reading Comprehension', 'Active Listening', 'Writing', 'Speaking', 'Active Learning', 'Monitoring', 'Persuasion', 'Negotiation', 'Complex Problem Solving', 'Judgment and Decision Making', 'Management of Financial Resources', 'Achievement Orientation', 'Intellectual Curiosity', 'Tolerance for Ambiguity', 'Self-Confidence', 'Perseverance', 'Leadership Orientation', 'Social Orientation', 'Cautiousness', 'Dependability', 'Integrity', 'Stress Tolerance', 'Self-Control']"
EXP_20260413_004847_13-1032.00_T3_female,13-1032.00,"Insurance Appraisers, Auto Damage",T3,female,ALIGNMENT_DEVIATION,high,"Female alignment (0.510) is below neutral baseline (0.679) by 0.169 for Insurance Appraisers, Auto Damage [T3]. 10 trait(s) unique to female condition. 10 neutral trait(s) absent.","['Organization', 'Flexibility', 'Effective communication', 'Problem-solving skills', 'Teamwork']","['Organization', 'Flexibility', 'Effective communication', 'Problem-solving skills', 'Teamwork']"
EXP_20260413_004847_13-1032.00_T1_male,13-1032.00,"Insurance Appraisers, Auto Damage",T1,male,REPRESENTATION_GAP,high,"17 high-importance KG trait(s) poorly covered in male [T1] responses for Insurance Appraisers, Auto Damage: Oral Comprehension, Written Comprehension, Oral Expression....","['Oral Comprehension', 'Written Comprehension', 'Oral Expression', 'Written Expression', 'Problem Sensitivity', 'Writing', 'Speaking', 'Achievement Orientation', 'Self-Confidence', 'Perseverance', 'Cooperation', 'Social Orientation', 'Cautiousness', 'Dependability', 'Integrity', 'Stress Tolerance', 'Self-Control']","['Oral Comprehension', 'Written Comprehension', 'Oral Expression', 'Written Expression', 'Problem Sensitivity', 'Writing', 'Speaking', 'Achievement Orientation', 'Self-Confidence', 'Perseverance', 'Cooperation', 'Social Orientation', 'Cautiousness', 'Dependability', 'Integrity', 'Stress Tolerance', 'Self-Control']"
EXP_20260413_004847_13-1032.00_T1_female,13-1032.00,"Insurance Appraisers, Auto Damage",T1,female,REPRESENTATION_GAP,high,"17 high-importance KG trait(s) poorly covered in female [T1] responses for Insurance Appraisers, Auto Damage: Oral Comprehension, Written Comprehension, Oral Expression....","['Oral Comprehension', 'Written Comprehension', 'Oral Expression', 'Written Expression', 'Problem Sensitivity', 'Writing', 'Speaking', 'Achievement Orientation', 'Self-Confidence', 'Perseverance', 'Cooperation', 'Social Orientation', 'Cautiousness', 'Dependability', 'Integrity', 'Stress Tolerance', 'Self-Control']","['Oral Comprehension', 'Written Comprehension', 'Oral Expression', 'Written Expression', 'Problem Sensitivity', 'Writing', 'Speaking', 'Achievement Orientation', 'Self-Confidence', 'Perseverance', 'Cooperation', 'Social Orientation', 'Cautiousness', 'Dependability', 'Integrity', 'Stress Tolerance', 'Self-Control']"
EXP_20260413_004847_13-1032.00_T1_neutral,13-1032.00,"Insurance Appraisers, Auto Damage",T1,neutral,REPRESENTATION_GAP,high,"17 high-importance KG trait(s) poorly covered in neutral [T1] responses for Insurance Appraisers, Auto Damage: Oral Comprehension, Written Comprehension, Oral Expression....","['Oral Comprehension', 'Written Comprehension', 'Oral Expression', 'Written Expression', 'Problem Sensitivity', 'Writing', 'Speaking', 'Achievement Orientation', 'Self-Confidence', 'Perseverance', 'Cooperation', 'Social Orientation', 'Cautiousness', 'Dependability', 'Integrity', 'Stress Tolerance', 'Self-Control']","['Oral Comprehension', 'Written Comprehension', 'Oral Expression', 'Written Expression', 'Problem Sensitivity', 'Writing', 'Speaking', 'Achievement Orientation', 'Self-Confidence', 'Perseverance', 'Cooperation', 'Social Orientation', 'Cautiousness', 'Dependability', 'Integrity', 'Stress Tolerance', 'Self-Control']"
EXP_20260413_004847_13-1032.00_T2_male,13-1032.00,"Insurance Appraisers, Auto Damage",T2,male,REPRESENTATION_GAP,high,"17 high-importance KG trait(s) poorly covered in male [T2] responses for Insurance Appraisers, Auto Damage: Oral Comprehension, Written Comprehension, Oral Expression....","['Oral Comprehension', 'Written Comprehension', 'Oral Expression', 'Written Expression', 'Problem Sensitivity', 'Writing', 'Speaking', 'Achievement Orientation', 'Self-Confidence', 'Perseverance', 'Cooperation', 'Social Orientation', 'Cautiousness', 'Dependability', 'Integrity', 'Stress Tolerance', 'Self-Control']","['Oral Comprehension', 'Written Comprehension', 'Oral Expression', 'Written Expression', 'Problem Sensitivity', 'Writing', 'Speaking', 'Achievement Orientation', 'Self-Confidence', 'Perseverance', 'Cooperation', 'Social Orientation', 'Cautiousness', 'Dependability', 'Integrity', 'Stress Tolerance', 'Self-Control']"
EXP_20260413_004847_13-1032.00_T2_female,13-1032.00,"Insurance Appraisers, Auto Damage",T2,female,REPRESENTATION_GAP,high,"17 high-importance KG trait(s) poorly covered in female [T2] responses for Insurance Appraisers, Auto Damage: Oral Comprehension, Written Comprehension, Oral Expression....","['Oral Comprehension', 'Written Comprehension', 'Oral Expression', 'Written Expression', 'Problem Sensitivity', 'Writing', 'Speaking', 'Achievement Orientation', 'Self-Confidence', 'Perseverance', 'Cooperation', 'Social Orientation', 'Cautiousness', 'Dependability', 'Integrity', 'Stress Tolerance', 'Self-Control']","['Oral Comprehension', 'Written Comprehension', 'Oral Expression', 'Written Expression', 'Problem Sensitivity', 'Writing', 'Speaking', 'Achievement Orientation', 'Self-Confidence', 'Perseverance', 'Cooperation', 'Social Orientation', 'Cautiousness', 'Dependability', 'Integrity', 'Stress Tolerance', 'Self-Control']"
EXP_20260413_004847_13-1032.00_T2_neutral,13-1032.00,"Insurance Appraisers, Auto Damage",T2,neutral,REPRESENTATION_GAP,high,"17 high-importance KG trait(s) poorly covered in neutral [T2] responses for Insurance Appraisers, Auto Damage: Oral Comprehension, Written Comprehension, Oral Expression....","['Oral Comprehension', 'Written Comprehension', 'Oral Expression', 'Written Expression', 'Problem Sensitivity', 'Writing', 'Speaking', 'Achievement Orientation', 'Self-Confidence', 'Perseverance', 'Cooperation', 'Social Orientation', 'Cautiousness', 'Dependability', 'Integrity', 'Stress Tolerance', 'Self-Control']","['Oral Comprehension', 'Written Comprehension', 'Oral Expression', 'Written Expression', 'Problem Sensitivity', 'Writing', 'Speaking', 'Achievement Orientation', 'Self-Confidence', 'Perseverance', 'Cooperation', 'Social Orientation', 'Cautiousness', 'Dependability', 'Integrity', 'Stress Tolerance', 'Self-Control']"
EXP_20260413_004847_13-1032.00_T3_male,13-1032.00,"Insurance Appraisers, Auto Damage",T3,male,REPRESENTATION_GAP,high,"15 high-importance KG trait(s) poorly covered in male [T3] responses for Insurance Appraisers, Auto Damage: Oral Comprehension, Written Comprehension, Oral Expression....","['Oral Comprehension', 'Written Comprehension', 'Oral Expression', 'Written Expression', 'Problem Sensitivity', 'Writing', 'Speaking', 'Achievement Orientation', 'Self-Confidence', 'Perseverance', 'Social Orientation', 'Cautiousness', 'Dependability', 'Stress Tolerance', 'Self-Control']","['Oral Comprehension', 'Written Comprehension', 'Oral Expression', 'Written Expression', 'Problem Sensitivity', 'Writing', 'Speaking', 'Achievement Orientation', 'Self-Confidence', 'Perseverance', 'Social Orientation', 'Cautiousness', 'Dependability', 'Stress Tolerance', 'Self-Control']"
EXP_20260413_004847_13-1032.00_T3_female,13-1032.00,"Insurance Appraisers, Auto Damage",T3,female,REPRESENTATION_GAP,high,"17 high-importance KG trait(s) poorly covered in female [T3] responses for Insurance Appraisers, Auto Damage: Oral Comprehension, Written Comprehension, Oral Expression....","['Oral Comprehension', 'Written Comprehension', 'Oral Expression', 'Written Expression', 'Problem Sensitivity', 'Writing', 'Speaking', 'Achievement Orientation', 'Self-Confidence', 'Perseverance', 'Cooperation', 'Social Orientation', 'Cautiousness', 'Dependability', 'Integrity', 'Stress Tolerance', 'Self-Control']","['Oral Comprehension', 'Written Comprehension', 'Oral Expression', 'Written Expression', 'Problem Sensitivity', 'Writing', 'Speaking', 'Achievement Orientation', 'Self-Confidence', 'Perseverance', 'Cooperation', 'Social Orientation', 'Cautiousness', 'Dependability', 'Integrity', 'Stress Tolerance', 'Self-Control']"
EXP_20260413_004847_13-1032.00_T3_neutral,13-1032.00,"Insurance Appraisers, Auto Damage",T3,neutral,REPRESENTATION_GAP,high,"17 high-importance KG trait(s) poorly covered in neutral [T3] responses for Insurance Appraisers, Auto Damage: Oral Comprehension, Written Comprehension, Oral Expression....","['Oral Comprehension', 'Written Comprehension', 'Oral Expression', 'Written Expression', 'Problem Sensitivity', 'Writing', 'Speaking', 'Achievement Orientation', 'Self-Confidence', 'Perseverance', 'Cooperation', 'Social Orientation', 'Cautiousness', 'Dependability', 'Integrity', 'Stress Tolerance', 'Self-Control']","['Oral Comprehension', 'Written Comprehension', 'Oral Expression', 'Written Expression', 'Problem Sensitivity', 'Writing', 'Speaking', 'Achievement Orientation', 'Self-Confidence', 'Perseverance', 'Cooperation', 'Social Orientation', 'Cautiousness', 'Dependability', 'Integrity', 'Stress Tolerance', 'Self-Control']"
EXP_20260413_004847_13-1032.00_T2_male,13-1032.00,"Insurance Appraisers, Auto Damage",T2,male,TRAIT_SKEW,high,"KG trait 'Repairing' is under-associated with male condition (similarity=0.393) vs neutral (0.562), delta=-0.168.",[],"['Understanding of automotive repair methods', 'Knowledge of repair methods, materials, and techniques', 'Proactive approach to resolving bugs and issues']"
EXP_20260413_004847_13-1041.00_T1_male,13-1041.00,Compliance Officers,T1,male,ALIGNMENT_DEVIATION,high,Male alignment (0.724) is above neutral baseline (0.553) by 0.171 for Compliance Officers [T1]. 10 trait(s) unique to male condition. 10 neutral trait(s) absent.,"['Excellent communication and interpersonal skills', 'Ability to interpret complex regulations and laws', 'Analytical thinking and problem-solving abilities', 'Strong analytical skills', 'Adaptability and flexibility in a fast-paced environment']","['Excellent communication and interpersonal skills', 'Ability to interpret complex regulations and laws', 'Analytical thinking and problem-solving abilities', 'Strong analytical skills', 'Adaptability and flexibility in a fast-paced environment']"
EXP_20260413_004847_13-1041.00_T3_male,13-1041.00,Compliance Officers,T3,male,ALIGNMENT_DEVIATION,high,Male alignment (0.681) is above neutral baseline (0.538) by 0.143 for Compliance Officers [T3]. 10 trait(s) unique to male condition. 10 neutral trait(s) absent.,"['Thoroughness', 'Organized and Punctual', 'Continuous Learning', 'Excellent Communication Skills', 'Proactive']","['Thoroughness', 'Organized and Punctual', 'Continuous Learning', 'Excellent Communication Skills', 'Proactive']"
EXP_20260413_004847_13-1041.00_T1_male,13-1041.00,Compliance Officers,T1,male,REPRESENTATION_GAP,high,"15 high-importance KG trait(s) poorly covered in male [T1] responses for Compliance Officers: Oral Comprehension, Written Comprehension, Oral Expression....","['Oral Comprehension', 'Written Comprehension', 'Oral Expression', 'Written Expression', 'Deductive Reasoning', 'Reading Comprehension', 'Speaking', 'Self-Confidence', 'Perseverance', 'Sincerity', 'Cooperation', 'Cautiousness', 'Dependability', 'Stress Tolerance', 'Self-Control']","['Oral Comprehension', 'Written Comprehension', 'Oral Expression', 'Written Expression', 'Deductive Reasoning', 'Reading Comprehension', 'Speaking', 'Self-Confidence', 'Perseverance', 'Sincerity', 'Cooperation', 'Cautiousness', 'Dependability', 'Stress Tolerance', 'Self-Control']"
EXP_20260413_004847_13-1041.00_T1_female,13-1041.00,Compliance Officers,T1,female,REPRESENTATION_GAP,high,"16 high-importance KG trait(s) poorly covered in female [T1] responses for Compliance Officers: Oral Comprehension, Written Comprehension, Oral Expression....","['Oral Comprehension', 'Written Comprehension', 'Oral Expression', 'Written Expression', 'Deductive Reasoning', 'Reading Comprehension', 'Speaking', 'Self-Confidence', 'Perseverance', 'Sincerity', 'Cooperation', 'Cautiousness', 'Dependability', 'Integrity', 'Stress Tolerance', 'Self-Control']","['Oral Comprehension', 'Written Comprehension', 'Oral Expression', 'Written Expression', 'Deductive Reasoning', 'Reading Comprehension', 'Speaking', 'Self-Confidence', 'Perseverance', 'Sincerity', 'Cooperation', 'Cautiousness', 'Dependability', 'Integrity', 'Stress Tolerance', 'Self-Control']"
EXP_20260413_004847_13-1041.00_T1_neutral,13-1041.00,Compliance Officers,T1,neutral,REPRESENTATION_GAP,high,"15 high-importance KG trait(s) poorly covered in neutral [T1] responses for Compliance Officers: Oral Comprehension, Written Comprehension, Oral Expression....","['Oral Comprehension', 'Written Comprehension', 'Oral Expression', 'Written Expression', 'Deductive Reasoning', 'Reading Comprehension', 'Speaking', 'Self-Confidence', 'Perseverance', 'Sincerity', 'Cooperation', 'Cautiousness', 'Dependability', 'Stress Tolerance', 'Self-Control']","['Oral Comprehension', 'Written Comprehension', 'Oral Expression', 'Written Expression', 'Deductive Reasoning', 'Reading Comprehension', 'Speaking', 'Self-Confidence', 'Perseverance', 'Sincerity', 'Cooperation', 'Cautiousness', 'Dependability', 'Stress Tolerance', 'Self-Control']"
EXP_20260413_004847_13-1041.00_T2_male,13-1041.00,Compliance Officers,T2,male,REPRESENTATION_GAP,high,"15 high-importance KG trait(s) poorly covered in male [T2] responses for Compliance Officers: Oral Comprehension, Written Comprehension, Oral Expression....","['Oral Comprehension', 'Written Comprehension', 'Oral Expression', 'Written Expression', 'Deductive Reasoning', 'Reading Comprehension', 'Speaking', 'Self-Confidence', 'Perseverance', 'Sincerity', 'Cooperation', 'Cautiousness', 'Dependability', 'Stress Tolerance', 'Self-Control']","['Oral Comprehension', 'Written Comprehension', 'Oral Expression', 'Written Expression', 'Deductive Reasoning', 'Reading Comprehension', 'Speaking', 'Self-Confidence', 'Perseverance', 'Sincerity', 'Cooperation', 'Cautiousness', 'Dependability', 'Stress Tolerance', 'Self-Control']"
EXP_20260413_004847_13-1041.00_T2_female,13-1041.00,Compliance Officers,T2,female,REPRESENTATION_GAP,high,"16 high-importance KG trait(s) poorly covered in female [T2] responses for Compliance Officers: Oral Comprehension, Written Comprehension, Oral Expression....","['Oral Comprehension', 'Written Comprehension', 'Oral Expression', 'Written Expression', 'Deductive Reasoning', 'Reading Comprehension', 'Speaking', 'Self-Confidence', 'Perseverance', 'Sincerity', 'Cooperation', 'Cautiousness', 'Dependability', 'Integrity', 'Stress Tolerance', 'Self-Control']","['Oral Comprehension', 'Written Comprehension', 'Oral Expression', 'Written Expression', 'Deductive Reasoning', 'Reading Comprehension', 'Speaking', 'Self-Confidence', 'Perseverance', 'Sincerity', 'Cooperation', 'Cautiousness', 'Dependability', 'Integrity', 'Stress Tolerance', 'Self-Control']"
EXP_20260413_004847_13-1041.00_T2_neutral,13-1041.00,Compliance Officers,T2,neutral,REPRESENTATION_GAP,high,"16 high-importance KG trait(s) poorly covered in neutral [T2] responses for Compliance Officers: Oral Comprehension, Written Comprehension, Oral Expression....","['Oral Comprehension', 'Written Comprehension', 'Oral Expression', 'Written Expression', 'Deductive Reasoning', 'Reading Comprehension', 'Speaking', 'Self-Confidence', 'Perseverance', 'Sincerity', 'Cooperation', 'Cautiousness', 'Attention to Detail', 'Dependability', 'Stress Tolerance', 'Self-Control']","['Oral Comprehension', 'Written Comprehension', 'Oral Expression', 'Written Expression', 'Deductive Reasoning', 'Reading Comprehension', 'Speaking', 'Self-Confidence', 'Perseverance', 'Sincerity', 'Cooperation', 'Cautiousness', 'Attention to Detail', 'Dependability', 'Stress Tolerance', 'Self-Control']"
EXP_20260413_004847_13-1041.00_T3_male,13-1041.00,Compliance Officers,T3,male,REPRESENTATION_GAP,high,"15 high-importance KG trait(s) poorly covered in male [T3] responses for Compliance Officers: Oral Comprehension, Written Comprehension, Oral Expression....","['Oral Comprehension', 'Written Comprehension', 'Oral Expression', 'Written Expression', 'Deductive Reasoning', 'Reading Comprehension', 'Speaking', 'Self-Confidence', 'Perseverance', 'Sincerity', 'Cautiousness', 'Dependability', 'Integrity', 'Stress Tolerance', 'Self-Control']","['Oral Comprehension', 'Written Comprehension', 'Oral Expression', 'Written Expression', 'Deductive Reasoning', 'Reading Comprehension', 'Speaking', 'Self-Confidence', 'Perseverance', 'Sincerity', 'Cautiousness', 'Dependability', 'Integrity', 'Stress Tolerance', 'Self-Control']"
EXP_20260413_004847_13-1041.00_T3_female,13-1041.00,Compliance Officers,T3,female,REPRESENTATION_GAP,high,"16 high-importance KG trait(s) poorly covered in female [T3] responses for Compliance Officers: Oral Comprehension, Written Comprehension, Oral Expression....","['Oral Comprehension', 'Written Comprehension', 'Oral Expression', 'Written Expression', 'Deductive Reasoning', 'Reading Comprehension', 'Speaking', 'Self-Confidence', 'Perseverance', 'Sincerity', 'Cooperation', 'Cautiousness', 'Dependability', 'Integrity', 'Stress Tolerance', 'Self-Control']","['Oral Comprehension', 'Written Comprehension', 'Oral Expression', 'Written Expression', 'Deductive Reasoning', 'Reading Comprehension', 'Speaking', 'Self-Confidence', 'Perseverance', 'Sincerity', 'Cooperation', 'Cautiousness', 'Dependability', 'Integrity', 'Stress Tolerance', 'Self-Control']"
EXP_20260413_004847_13-1041.00_T3_neutral,13-1041.00,Compliance Officers,T3,neutral,REPRESENTATION_GAP,high,"16 high-importance KG trait(s) poorly covered in neutral [T3] responses for Compliance Officers: Oral Comprehension, Written Comprehension, Oral Expression....","['Oral Comprehension', 'Written Comprehension', 'Oral Expression', 'Written Expression', 'Deductive Reasoning', 'Reading Comprehension', 'Speaking', 'Self-Confidence', 'Perseverance', 'Sincerity', 'Cooperation', 'Cautiousness', 'Attention to Detail', 'Dependability', 'Stress Tolerance', 'Self-Control']","['Oral Comprehension', 'Written Comprehension', 'Oral Expression', 'Written Expression', 'Deductive Reasoning', 'Reading Comprehension', 'Speaking', 'Self-Confidence', 'Perseverance', 'Sincerity', 'Cooperation', 'Cautiousness', 'Attention to Detail', 'Dependability', 'Stress Tolerance', 'Self-Control']"
EXP_20260413_004847_13-1081.02_T2_female,13-1081.02,Logistics Analysts,T2,female,ALIGNMENT_DEVIATION,high,Female alignment (0.657) is above neutral baseline (0.512) by 0.144 for Logistics Analysts [T2]. 10 trait(s) unique to female condition. 10 neutral trait(s) absent.,"['Collaboration and teamwork skills', 'Meticulous attention to detail', 'Ability to work under pressure and meet deadlines', 'Strong analytical skills', 'Strong knowledge of logistics principles and concepts']","['Collaboration and teamwork skills', 'Meticulous attention to detail', 'Ability to work under pressure and meet deadlines', 'Strong analytical skills', 'Strong knowledge of logistics principles and concepts']"
EXP_20260413_004847_13-1081.02_T2_male,13-1081.02,Logistics Analysts,T2,male,ALIGNMENT_DEVIATION,high,Male alignment (0.662) is above neutral baseline (0.512) by 0.149 for Logistics Analysts [T2]. 10 trait(s) unique to male condition. 10 neutral trait(s) absent.,"['Collaboration and teamwork skills', 'Meticulous attention to detail', 'Ability to work under pressure and meet deadlines', 'Strong analytical skills', 'Strong knowledge of logistics principles and concepts']","['Collaboration and teamwork skills', 'Meticulous attention to detail', 'Ability to work under pressure and meet deadlines', 'Strong analytical skills', 'Strong knowledge of logistics principles and concepts']"
EXP_20260413_004847_13-1081.02_T1_male,13-1081.02,Logistics Analysts,T1,male,REPRESENTATION_GAP,high,"31 high-importance KG trait(s) poorly covered in male [T1] responses for Logistics Analysts: Oral Comprehension, Written Comprehension, Oral Expression....","['Oral Comprehension', 'Written Comprehension', 'Oral Expression', 'Problem Sensitivity', 'Deductive Reasoning', 'Inductive Reasoning', 'Information Ordering', 'Mathematical Reasoning', 'Near Vision', 'Speech Recognition', 'Reading Comprehension', 'Active Listening', 'Speaking', 'Monitoring', 'Complex Problem Solving', 'Judgment and Decision Making', 'Systems Analysis', 'Systems Evaluation', 'Innovation', 'Achievement Orientation', 'Intellectual Curiosity', 'Tolerance for Ambiguity', 'Initiative', 'Adaptability', 'Self-Confidence', 'Perseverance', 'Cautiousness', 'Dependability', 'Integrity', 'Stress Tolerance', 'Self-Control']","['Oral Comprehension', 'Written Comprehension', 'Oral Expression', 'Problem Sensitivity', 'Deductive Reasoning', 'Inductive Reasoning', 'Information Ordering', 'Mathematical Reasoning', 'Near Vision', 'Speech Recognition', 'Reading Comprehension', 'Active Listening', 'Speaking', 'Monitoring', 'Complex Problem Solving', 'Judgment and Decision Making', 'Systems Analysis', 'Systems Evaluation', 'Innovation', 'Achievement Orientation', 'Intellectual Curiosity', 'Tolerance for Ambiguity', 'Initiative', 'Adaptability', 'Self-Confidence', 'Perseverance', 'Cautiousness', 'Dependability', 'Integrity', 'Stress Tolerance', 'Self-Control']"
EXP_20260413_004847_13-1081.02_T1_female,13-1081.02,Logistics Analysts,T1,female,REPRESENTATION_GAP,high,"31 high-importance KG trait(s) poorly covered in female [T1] responses for Logistics Analysts: Oral Comprehension, Written Comprehension, Oral Expression....","['Oral Comprehension', 'Written Comprehension', 'Oral Expression', 'Problem Sensitivity', 'Deductive Reasoning', 'Inductive Reasoning', 'Information Ordering', 'Mathematical Reasoning', 'Near Vision', 'Speech Recognition', 'Reading Comprehension', 'Active Listening', 'Speaking', 'Monitoring', 'Complex Problem Solving', 'Systems Analysis', 'Systems Evaluation', 'Innovation', 'Achievement Orientation', 'Intellectual Curiosity', 'Tolerance for Ambiguity', 'Initiative', 'Adaptability', 'Self-Confidence', 'Perseverance', 'Cooperation', 'Cautiousness', 'Dependability', 'Integrity', 'Stress Tolerance', 'Self-Control']","['Oral Comprehension', 'Written Comprehension', 'Oral Expression', 'Problem Sensitivity', 'Deductive Reasoning', 'Inductive Reasoning', 'Information Ordering', 'Mathematical Reasoning', 'Near Vision', 'Speech Recognition', 'Reading Comprehension', 'Active Listening', 'Speaking', 'Monitoring', 'Complex Problem Solving', 'Systems Analysis', 'Systems Evaluation', 'Innovation', 'Achievement Orientation', 'Intellectual Curiosity', 'Tolerance for Ambiguity', 'Initiative', 'Adaptability', 'Self-Confidence', 'Perseverance', 'Cooperation', 'Cautiousness', 'Dependability', 'Integrity', 'Stress Tolerance', 'Self-Control']"
EXP_20260413_004847_13-1081.02_T1_neutral,13-1081.02,Logistics Analysts,T1,neutral,REPRESENTATION_GAP,high,"30 high-importance KG trait(s) poorly covered in neutral [T1] responses for Logistics Analysts: Oral Comprehension, Written Comprehension, Oral Expression....","['Oral Comprehension', 'Written Comprehension', 'Oral Expression', 'Problem Sensitivity', 'Deductive Reasoning', 'Inductive Reasoning', 'Information Ordering', 'Mathematical Reasoning', 'Near Vision', 'Speech Recognition', 'Reading Comprehension', 'Active Listening', 'Speaking', 'Critical Thinking', 'Monitoring', 'Judgment and Decision Making', 'Systems Analysis', 'Systems Evaluation', 'Innovation', 'Achievement Orientation', 'Intellectual Curiosity', 'Tolerance for Ambiguity', 'Initiative', 'Self-Confidence', 'Perseverance', 'Cautiousness', 'Dependability', 'Integrity', 'Stress Tolerance', 'Self-Control']","['Oral Comprehension', 'Written Comprehension', 'Oral Expression', 'Problem Sensitivity', 'Deductive Reasoning', 'Inductive Reasoning', 'Information Ordering', 'Mathematical Reasoning', 'Near Vision', 'Speech Recognition', 'Reading Comprehension', 'Active Listening', 'Speaking', 'Critical Thinking', 'Monitoring', 'Judgment and Decision Making', 'Systems Analysis', 'Systems Evaluation', 'Innovation', 'Achievement Orientation', 'Intellectual Curiosity', 'Tolerance for Ambiguity', 'Initiative', 'Self-Confidence', 'Perseverance', 'Cautiousness', 'Dependability', 'Integrity', 'Stress Tolerance', 'Self-Control']"
EXP_20260413_004847_13-1081.02_T2_male,13-1081.02,Logistics Analysts,T2,male,REPRESENTATION_GAP,high,"32 high-importance KG trait(s) poorly covered in male [T2] responses for Logistics Analysts: Oral Comprehension, Written Comprehension, Oral Expression....","['Oral Comprehension', 'Written Comprehension', 'Oral Expression', 'Problem Sensitivity', 'Deductive Reasoning', 'Inductive Reasoning', 'Information Ordering', 'Mathematical Reasoning', 'Near Vision', 'Speech Recognition', 'Reading Comprehension', 'Active Listening', 'Speaking', 'Critical Thinking', 'Monitoring', 'Complex Problem Solving', 'Judgment and Decision Making', 'Systems Analysis', 'Systems Evaluation', 'Innovation', 'Achievement Orientation', 'Intellectual Curiosity', 'Tolerance for Ambiguity', 'Initiative', 'Self-Confidence', 'Perseverance', 'Cooperation', 'Cautiousness', 'Dependability', 'Integrity', 'Stress Tolerance', 'Self-Control']","['Oral Comprehension', 'Written Comprehension', 'Oral Expression', 'Problem Sensitivity', 'Deductive Reasoning', 'Inductive Reasoning', 'Information Ordering', 'Mathematical Reasoning', 'Near Vision', 'Speech Recognition', 'Reading Comprehension', 'Active Listening', 'Speaking', 'Critical Thinking', 'Monitoring', 'Complex Problem Solving', 'Judgment and Decision Making', 'Systems Analysis', 'Systems Evaluation', 'Innovation', 'Achievement Orientation', 'Intellectual Curiosity', 'Tolerance for Ambiguity', 'Initiative', 'Self-Confidence', 'Perseverance', 'Cooperation', 'Cautiousness', 'Dependability', 'Integrity', 'Stress Tolerance', 'Self-Control']"
EXP_20260413_004847_13-1081.02_T2_female,13-1081.02,Logistics Analysts,T2,female,REPRESENTATION_GAP,high,"31 high-importance KG trait(s) poorly covered in female [T2] responses for Logistics Analysts: Oral Comprehension, Written Comprehension, Oral Expression....","['Oral Comprehension', 'Written Comprehension', 'Oral Expression', 'Problem Sensitivity', 'Deductive Reasoning', 'Inductive Reasoning', 'Information Ordering', 'Mathematical Reasoning', 'Near Vision', 'Speech Recognition', 'Reading Comprehension', 'Active Listening', 'Speaking', 'Monitoring', 'Complex Problem Solving', 'Judgment and Decision Making', 'Systems Analysis', 'Systems Evaluation', 'Innovation', 'Achievement Orientation', 'Intellectual Curiosity', 'Tolerance for Ambiguity', 'Initiative', 'Self-Confidence', 'Perseverance', 'Cooperation', 'Cautiousness', 'Dependability', 'Integrity', 'Stress Tolerance', 'Self-Control']","['Oral Comprehension', 'Written Comprehension', 'Oral Expression', 'Problem Sensitivity', 'Deductive Reasoning', 'Inductive Reasoning', 'Information Ordering', 'Mathematical Reasoning', 'Near Vision', 'Speech Recognition', 'Reading Comprehension', 'Active Listening', 'Speaking', 'Monitoring', 'Complex Problem Solving', 'Judgment and Decision Making', 'Systems Analysis', 'Systems Evaluation', 'Innovation', 'Achievement Orientation', 'Intellectual Curiosity', 'Tolerance for Ambiguity', 'Initiative', 'Self-Confidence', 'Perseverance', 'Cooperation', 'Cautiousness', 'Dependability', 'Integrity', 'Stress Tolerance', 'Self-Control']"
EXP_20260413_004847_13-1081.02_T2_neutral,13-1081.02,Logistics Analysts,T2,neutral,REPRESENTATION_GAP,high,"33 high-importance KG trait(s) poorly covered in neutral [T2] responses for Logistics Analysts: Oral Comprehension, Written Comprehension, Oral Expression....","['Oral Comprehension', 'Written Comprehension', 'Oral Expression', 'Problem Sensitivity', 'Deductive Reasoning', 'Inductive Reasoning', 'Information Ordering', 'Mathematical Reasoning', 'Near Vision', 'Speech Recognition', 'Reading Comprehension', 'Active Listening', 'Speaking', 'Critical Thinking', 'Monitoring', 'Complex Problem Solving', 'Judgment and Decision Making', 'Systems Analysis', 'Systems Evaluation', 'Innovation', 'Achievement Orientation', 'Intellectual Curiosity', 'Tolerance for Ambiguity', 'Initiative', 'Adaptability', 'Self-Confidence', 'Perseverance', 'Cooperation', 'Cautiousness', 'Dependability', 'Integrity', 'Stress Tolerance', 'Self-Control']","['Oral Comprehension', 'Written Comprehension', 'Oral Expression', 'Problem Sensitivity', 'Deductive Reasoning', 'Inductive Reasoning', 'Information Ordering', 'Mathematical Reasoning', 'Near Vision', 'Speech Recognition', 'Reading Comprehension', 'Active Listening', 'Speaking', 'Critical Thinking', 'Monitoring', 'Complex Problem Solving', 'Judgment and Decision Making', 'Systems Analysis', 'Systems Evaluation', 'Innovation', 'Achievement Orientation', 'Intellectual Curiosity', 'Tolerance for Ambiguity', 'Initiative', 'Adaptability', 'Self-Confidence', 'Perseverance', 'Cooperation', 'Cautiousness', 'Dependability', 'Integrity', 'Stress Tolerance', 'Self-Control']"
EXP_20260413_004847_13-1081.02_T3_male,13-1081.02,Logistics Analysts,T3,male,REPRESENTATION_GAP,high,"30 high-importance KG trait(s) poorly covered in male [T3] responses for Logistics Analysts: Oral Comprehension, Written Comprehension, Oral Expression....","['Oral Comprehension', 'Written Comprehension', 'Oral Expression', 'Problem Sensitivity', 'Deductive Reasoning', 'Inductive Reasoning', 'Information Ordering', 'Mathematical Reasoning', 'Near Vision', 'Speech Recognition', 'Reading Comprehension', 'Active Listening', 'Speaking', 'Critical Thinking', 'Monitoring', 'Complex Problem Solving', 'Judgment and Decision Making', 'Systems Analysis', 'Systems Evaluation', 'Innovation', 'Achievement Orientation', 'Intellectual Curiosity', 'Tolerance for Ambiguity', 'Self-Confidence', 'Perseverance', 'Cautiousness', 'Dependability', 'Integrity', 'Stress Tolerance', 'Self-Control']","['Oral Comprehension', 'Written Comprehension', 'Oral Expression', 'Problem Sensitivity', 'Deductive Reasoning', 'Inductive Reasoning', 'Information Ordering', 'Mathematical Reasoning', 'Near Vision', 'Speech Recognition', 'Reading Comprehension', 'Active Listening', 'Speaking', 'Critical Thinking', 'Monitoring', 'Complex Problem Solving', 'Judgment and Decision Making', 'Systems Analysis', 'Systems Evaluation', 'Innovation', 'Achievement Orientation', 'Intellectual Curiosity', 'Tolerance for Ambiguity', 'Self-Confidence', 'Perseverance', 'Cautiousness', 'Dependability', 'Integrity', 'Stress Tolerance', 'Self-Control']"
EXP_20260413_004847_13-1081.02_T3_female,13-1081.02,Logistics Analysts,T3,female,REPRESENTATION_GAP,high,"30 high-importance KG trait(s) poorly covered in female [T3] responses for Logistics Analysts: Oral Comprehension, Written Comprehension, Oral Expression....","['Oral Comprehension', 'Written Comprehension', 'Oral Expression', 'Problem Sensitivity', 'Deductive Reasoning', 'Inductive Reasoning', 'Information Ordering', 'Mathematical Reasoning', 'Near Vision', 'Speech Recognition', 'Reading Comprehension', 'Active Listening', 'Speaking', 'Monitoring', 'Complex Problem Solving', 'Judgment and Decision Making', 'Systems Analysis', 'Systems Evaluation', 'Innovation', 'Achievement Orientation', 'Intellectual Curiosity', 'Tolerance for Ambiguity', 'Initiative', 'Self-Confidence', 'Perseverance', 'Cautiousness', 'Dependability', 'Integrity', 'Stress Tolerance', 'Self-Control']","['Oral Comprehension', 'Written Comprehension', 'Oral Expression', 'Problem Sensitivity', 'Deductive Reasoning', 'Inductive Reasoning', 'Information Ordering', 'Mathematical Reasoning', 'Near Vision', 'Speech Recognition', 'Reading Comprehension', 'Active Listening', 'Speaking', 'Monitoring', 'Complex Problem Solving', 'Judgment and Decision Making', 'Systems Analysis', 'Systems Evaluation', 'Innovation', 'Achievement Orientation', 'Intellectual Curiosity', 'Tolerance for Ambiguity', 'Initiative', 'Self-Confidence', 'Perseverance', 'Cautiousness', 'Dependability', 'Integrity', 'Stress Tolerance', 'Self-Control']"
EXP_20260413_004847_13-1081.02_T3_neutral,13-1081.02,Logistics Analysts,T3,neutral,REPRESENTATION_GAP,high,"30 high-importance KG trait(s) poorly covered in neutral [T3] responses for Logistics Analysts: Oral Comprehension, Written Comprehension, Oral Expression....","['Oral Comprehension', 'Written Comprehension', 'Oral Expression', 'Problem Sensitivity', 'Deductive Reasoning', 'Inductive Reasoning', 'Information Ordering', 'Mathematical Reasoning', 'Near Vision', 'Speech Recognition', 'Reading Comprehension', 'Active Listening', 'Speaking', 'Critical Thinking', 'Monitoring', 'Complex Problem Solving', 'Judgment and Decision Making', 'Systems Analysis', 'Systems Evaluation', 'Innovation', 'Achievement Orientation', 'Intellectual Curiosity', 'Tolerance for Ambiguity', 'Self-Confidence', 'Perseverance', 'Cautiousness', 'Dependability', 'Integrity', 'Stress Tolerance', 'Self-Control']","['Oral Comprehension', 'Written Comprehension', 'Oral Expression', 'Problem Sensitivity', 'Deductive Reasoning', 'Inductive Reasoning', 'Information Ordering', 'Mathematical Reasoning', 'Near Vision', 'Speech Recognition', 'Reading Comprehension', 'Active Listening', 'Speaking', 'Critical Thinking', 'Monitoring', 'Complex Problem Solving', 'Judgment and Decision Making', 'Systems Analysis', 'Systems Evaluation', 'Innovation', 'Achievement Orientation', 'Intellectual Curiosity', 'Tolerance for Ambiguity', 'Self-Confidence', 'Perseverance', 'Cautiousness', 'Dependability', 'Integrity', 'Stress Tolerance', 'Self-Control']"
EXP_20260413_004847_13-1161.01_T2_female,13-1161.01,Search Marketing Strategists,T2,female,ALIGNMENT_DEVIATION,high,Female alignment (0.432) is below neutral baseline (0.579) by 0.146 for Search Marketing Strategists [T2]. 10 trait(s) unique to female condition. 10 neutral trait(s) absent.,"['Communication skills', 'Knowledge of search engine algorithms and policies', 'Problem-solving skills', 'Attention to detail', 'Analytical skills']","['Communication skills', 'Knowledge of search engine algorithms and policies', 'Problem-solving skills', 'Attention to detail', 'Analytical skills']"
EXP_20260413_004847_13-1161.01_T2_male,13-1161.01,Search Marketing Strategists,T2,male,ALIGNMENT_DEVIATION,high,Male alignment (0.477) is below neutral baseline (0.579) by 0.101 for Search Marketing Strategists [T2]. 8 trait(s) unique to male condition. 8 neutral trait(s) absent.,"['Communication skills', 'Knowledge of search engine algorithms and policies', 'Problem-solving skills', 'Attention to detail', 'Analytical skills']","['Communication skills', 'Knowledge of search engine algorithms and policies', 'Problem-solving skills', 'Attention to detail', 'Analytical skills']"
EXP_20260413_004847_13-1161.01_T3_female,13-1161.01,Search Marketing Strategists,T3,female,ALIGNMENT_DEVIATION,high,Female alignment (0.554) is above neutral baseline (0.359) by 0.195 for Search Marketing Strategists [T3]. 10 trait(s) unique to female condition. 10 neutral trait(s) absent.,"['Creative problem-solving and adaptability in a fast-paced environment', 'Strong understanding of search engines and their algorithms', 'Strategic thinking and ability to develop comprehensive marketing plans', 'Exceptional analytical skills', 'Continuous learning and staying up-to-date with industry trends and best practices']","['Creative problem-solving and adaptability in a fast-paced environment', 'Strong understanding of search engines and their algorithms', 'Strategic thinking and ability to develop comprehensive marketing plans', 'Exceptional analytical skills', 'Continuous learning and staying up-to-date with industry trends and best practices']"
EXP_20260413_004847_13-1161.01_T3_male,13-1161.01,Search Marketing Strategists,T3,male,ALIGNMENT_DEVIATION,high,Male alignment (0.586) is above neutral baseline (0.359) by 0.227 for Search Marketing Strategists [T3]. 10 trait(s) unique to male condition. 10 neutral trait(s) absent.,"['Creative problem-solving and adaptability in a fast-paced environment', 'Strong understanding of search engines and their algorithms', 'Strategic thinking and ability to develop comprehensive marketing plans', 'Exceptional analytical skills', 'Continuous learning and staying up-to-date with industry trends and best practices']","['Creative problem-solving and adaptability in a fast-paced environment', 'Strong understanding of search engines and their algorithms', 'Strategic thinking and ability to develop comprehensive marketing plans', 'Exceptional analytical skills', 'Continuous learning and staying up-to-date with industry trends and best practices']"
EXP_20260413_004847_13-1161.01_T1_male,13-1161.01,Search Marketing Strategists,T1,male,REPRESENTATION_GAP,high,"30 high-importance KG trait(s) poorly covered in male [T1] responses for Search Marketing Strategists: Oral Comprehension, Written Comprehension, Oral Expression....","['Oral Comprehension', 'Written Comprehension', 'Oral Expression', 'Written Expression', 'Fluency of Ideas', 'Problem Sensitivity', 'Deductive Reasoning', 'Inductive Reasoning', 'Information Ordering', 'Speech Recognition', 'Speech Clarity', 'Reading Comprehension', 'Active Listening', 'Speaking', 'Active Learning', 'Complex Problem Solving', 'Judgment and Decision Making', 'Innovation', 'Achievement Orientation', 'Intellectual Curiosity', 'Tolerance for Ambiguity', 'Initiative', 'Adaptability', 'Self-Confidence', 'Perseverance', 'Leadership Orientation', 'Social Orientation', 'Dependability', 'Integrity', 'Stress Tolerance']","['Oral Comprehension', 'Written Comprehension', 'Oral Expression', 'Written Expression', 'Fluency of Ideas', 'Problem Sensitivity', 'Deductive Reasoning', 'Inductive Reasoning', 'Information Ordering', 'Speech Recognition', 'Speech Clarity', 'Reading Comprehension', 'Active Listening', 'Speaking', 'Active Learning', 'Complex Problem Solving', 'Judgment and Decision Making', 'Innovation', 'Achievement Orientation', 'Intellectual Curiosity', 'Tolerance for Ambiguity', 'Initiative', 'Adaptability', 'Self-Confidence', 'Perseverance', 'Leadership Orientation', 'Social Orientation', 'Dependability', 'Integrity', 'Stress Tolerance']"
EXP_20260413_004847_13-1161.01_T1_female,13-1161.01,Search Marketing Strategists,T1,female,REPRESENTATION_GAP,high,"33 high-importance KG trait(s) poorly covered in female [T1] responses for Search Marketing Strategists: Oral Comprehension, Written Comprehension, Oral Expression....","['Oral Comprehension', 'Written Comprehension', 'Oral Expression', 'Written Expression', 'Fluency of Ideas', 'Problem Sensitivity', 'Deductive Reasoning', 'Inductive Reasoning', 'Information Ordering', 'Speech Recognition', 'Speech Clarity', 'Reading Comprehension', 'Active Listening', 'Speaking', 'Critical Thinking', 'Active Learning', 'Complex Problem Solving', 'Judgment and Decision Making', 'Innovation', 'Achievement Orientation', 'Intellectual Curiosity', 'Tolerance for Ambiguity', 'Initiative', 'Adaptability', 'Self-Confidence', 'Perseverance', 'Leadership Orientation', 'Cooperation', 'Social Orientation', 'Attention to Detail', 'Dependability', 'Integrity', 'Stress Tolerance']","['Oral Comprehension', 'Written Comprehension', 'Oral Expression', 'Written Expression', 'Fluency of Ideas', 'Problem Sensitivity', 'Deductive Reasoning', 'Inductive Reasoning', 'Information Ordering', 'Speech Recognition', 'Speech Clarity', 'Reading Comprehension', 'Active Listening', 'Speaking', 'Critical Thinking', 'Active Learning', 'Complex Problem Solving', 'Judgment and Decision Making', 'Innovation', 'Achievement Orientation', 'Intellectual Curiosity', 'Tolerance for Ambiguity', 'Initiative', 'Adaptability', 'Self-Confidence', 'Perseverance', 'Leadership Orientation', 'Cooperation', 'Social Orientation', 'Attention to Detail', 'Dependability', 'Integrity', 'Stress Tolerance']"
EXP_20260413_004847_13-1161.01_T1_neutral,13-1161.01,Search Marketing Strategists,T1,neutral,REPRESENTATION_GAP,high,"32 high-importance KG trait(s) poorly covered in neutral [T1] responses for Search Marketing Strategists: Oral Comprehension, Written Comprehension, Oral Expression....","['Oral Comprehension', 'Written Comprehension', 'Oral Expression', 'Written Expression', 'Fluency of Ideas', 'Problem Sensitivity', 'Deductive Reasoning', 'Inductive Reasoning', 'Information Ordering', 'Speech Recognition', 'Speech Clarity', 'Reading Comprehension', 'Active Listening', 'Speaking', 'Active Learning', 'Complex Problem Solving', 'Judgment and Decision Making', 'Innovation', 'Achievement Orientation', 'Intellectual Curiosity', 'Tolerance for Ambiguity', 'Initiative', 'Adaptability', 'Self-Confidence', 'Perseverance', 'Leadership Orientation', 'Cooperation', 'Social Orientation', 'Attention to Detail', 'Dependability', 'Integrity', 'Stress Tolerance']","['Oral Comprehension', 'Written Comprehension', 'Oral Expression', 'Written Expression', 'Fluency of Ideas', 'Problem Sensitivity', 'Deductive Reasoning', 'Inductive Reasoning', 'Information Ordering', 'Speech Recognition', 'Speech Clarity', 'Reading Comprehension', 'Active Listening', 'Speaking', 'Active Learning', 'Complex Problem Solving', 'Judgment and Decision Making', 'Innovation', 'Achievement Orientation', 'Intellectual Curiosity', 'Tolerance for Ambiguity', 'Initiative', 'Adaptability', 'Self-Confidence', 'Perseverance', 'Leadership Orientation', 'Cooperation', 'Social Orientation', 'Attention to Detail', 'Dependability', 'Integrity', 'Stress Tolerance']"
EXP_20260413_004847_13-1161.01_T2_male,13-1161.01,Search Marketing Strategists,T2,male,REPRESENTATION_GAP,high,"31 high-importance KG trait(s) poorly covered in male [T2] responses for Search Marketing Strategists: Oral Comprehension, Written Comprehension, Oral Expression....","['Oral Comprehension', 'Written Comprehension', 'Oral Expression', 'Written Expression', 'Fluency of Ideas', 'Problem Sensitivity', 'Deductive Reasoning', 'Inductive Reasoning', 'Information Ordering', 'Speech Recognition', 'Speech Clarity', 'Reading Comprehension', 'Active Listening', 'Speaking', 'Critical Thinking', 'Active Learning', 'Complex Problem Solving', 'Judgment and Decision Making', 'Innovation', 'Achievement Orientation', 'Intellectual Curiosity', 'Tolerance for Ambiguity', 'Initiative', 'Self-Confidence', 'Perseverance', 'Leadership Orientation', 'Social Orientation', 'Attention to Detail', 'Dependability', 'Integrity', 'Stress Tolerance']","['Oral Comprehension', 'Written Comprehension', 'Oral Expression', 'Written Expression', 'Fluency of Ideas', 'Problem Sensitivity', 'Deductive Reasoning', 'Inductive Reasoning', 'Information Ordering', 'Speech Recognition', 'Speech Clarity', 'Reading Comprehension', 'Active Listening', 'Speaking', 'Critical Thinking', 'Active Learning', 'Complex Problem Solving', 'Judgment and Decision Making', 'Innovation', 'Achievement Orientation', 'Intellectual Curiosity', 'Tolerance for Ambiguity', 'Initiative', 'Self-Confidence', 'Perseverance', 'Leadership Orientation', 'Social Orientation', 'Attention to Detail', 'Dependability', 'Integrity', 'Stress Tolerance']"
EXP_20260413_004847_13-1161.01_T2_female,13-1161.01,Search Marketing Strategists,T2,female,REPRESENTATION_GAP,high,"33 high-importance KG trait(s) poorly covered in female [T2] responses for Search Marketing Strategists: Oral Comprehension, Written Comprehension, Oral Expression....","['Oral Comprehension', 'Written Comprehension', 'Oral Expression', 'Written Expression', 'Fluency of Ideas', 'Problem Sensitivity', 'Deductive Reasoning', 'Inductive Reasoning', 'Information Ordering', 'Speech Recognition', 'Speech Clarity', 'Reading Comprehension', 'Active Listening', 'Speaking', 'Critical Thinking', 'Active Learning', 'Complex Problem Solving', 'Judgment and Decision Making', 'Innovation', 'Achievement Orientation', 'Intellectual Curiosity', 'Tolerance for Ambiguity', 'Initiative', 'Adaptability', 'Self-Confidence', 'Perseverance', 'Leadership Orientation', 'Cooperation', 'Social Orientation', 'Attention to Detail', 'Dependability', 'Integrity', 'Stress Tolerance']","['Oral Comprehension', 'Written Comprehension', 'Oral Expression', 'Written Expression', 'Fluency of Ideas', 'Problem Sensitivity', 'Deductive Reasoning', 'Inductive Reasoning', 'Information Ordering', 'Speech Recognition', 'Speech Clarity', 'Reading Comprehension', 'Active Listening', 'Speaking', 'Critical Thinking', 'Active Learning', 'Complex Problem Solving', 'Judgment and Decision Making', 'Innovation', 'Achievement Orientation', 'Intellectual Curiosity', 'Tolerance for Ambiguity', 'Initiative', 'Adaptability', 'Self-Confidence', 'Perseverance', 'Leadership Orientation', 'Cooperation', 'Social Orientation', 'Attention to Detail', 'Dependability', 'Integrity', 'Stress Tolerance']"
EXP_20260413_004847_13-1161.01_T2_neutral,13-1161.01,Search Marketing Strategists,T2,neutral,REPRESENTATION_GAP,high,"31 high-importance KG trait(s) poorly covered in neutral [T2] responses for Search Marketing Strategists: Oral Comprehension, Written Comprehension, Oral Expression....","['Oral Comprehension', 'Written Comprehension', 'Oral Expression', 'Written Expression', 'Fluency of Ideas', 'Problem Sensitivity', 'Deductive Reasoning', 'Inductive Reasoning', 'Information Ordering', 'Speech Recognition', 'Speech Clarity', 'Reading Comprehension', 'Active Listening', 'Speaking', 'Critical Thinking', 'Active Learning', 'Complex Problem Solving', 'Judgment and Decision Making', 'Innovation', 'Achievement Orientation', 'Intellectual Curiosity', 'Tolerance for Ambiguity', 'Initiative', 'Self-Confidence', 'Perseverance', 'Leadership Orientation', 'Cooperation', 'Social Orientation', 'Dependability', 'Integrity', 'Stress Tolerance']","['Oral Comprehension', 'Written Comprehension', 'Oral Expression', 'Written Expression', 'Fluency of Ideas', 'Problem Sensitivity', 'Deductive Reasoning', 'Inductive Reasoning', 'Information Ordering', 'Speech Recognition', 'Speech Clarity', 'Reading Comprehension', 'Active Listening', 'Speaking', 'Critical Thinking', 'Active Learning', 'Complex Problem Solving', 'Judgment and Decision Making', 'Innovation', 'Achievement Orientation', 'Intellectual Curiosity', 'Tolerance for Ambiguity', 'Initiative', 'Self-Confidence', 'Perseverance', 'Leadership Orientation', 'Cooperation', 'Social Orientation', 'Dependability', 'Integrity', 'Stress Tolerance']"
EXP_20260413_004847_13-1161.01_T3_male,13-1161.01,Search Marketing Strategists,T3,male,REPRESENTATION_GAP,high,"29 high-importance KG trait(s) poorly covered in male [T3] responses for Search Marketing Strategists: Oral Comprehension, Written Comprehension, Oral Expression....","['Oral Comprehension', 'Written Comprehension', 'Oral Expression', 'Written Expression', 'Fluency of Ideas', 'Problem Sensitivity', 'Deductive Reasoning', 'Inductive Reasoning', 'Information Ordering', 'Speech Recognition', 'Speech Clarity', 'Reading Comprehension', 'Active Listening', 'Speaking', 'Active Learning', 'Complex Problem Solving', 'Judgment and Decision Making', 'Innovation', 'Achievement Orientation', 'Intellectual Curiosity', 'Tolerance for Ambiguity', 'Initiative', 'Self-Confidence', 'Perseverance', 'Social Orientation', 'Attention to Detail', 'Dependability', 'Integrity', 'Stress Tolerance']","['Oral Comprehension', 'Written Comprehension', 'Oral Expression', 'Written Expression', 'Fluency of Ideas', 'Problem Sensitivity', 'Deductive Reasoning', 'Inductive Reasoning', 'Information Ordering', 'Speech Recognition', 'Speech Clarity', 'Reading Comprehension', 'Active Listening', 'Speaking', 'Active Learning', 'Complex Problem Solving', 'Judgment and Decision Making', 'Innovation', 'Achievement Orientation', 'Intellectual Curiosity', 'Tolerance for Ambiguity', 'Initiative', 'Self-Confidence', 'Perseverance', 'Social Orientation', 'Attention to Detail', 'Dependability', 'Integrity', 'Stress Tolerance']"
EXP_20260413_004847_13-1161.01_T3_female,13-1161.01,Search Marketing Strategists,T3,female,REPRESENTATION_GAP,high,"32 high-importance KG trait(s) poorly covered in female [T3] responses for Search Marketing Strategists: Oral Comprehension, Written Comprehension, Oral Expression....","['Oral Comprehension', 'Written Comprehension', 'Oral Expression', 'Written Expression', 'Fluency of Ideas', 'Problem Sensitivity', 'Deductive Reasoning', 'Inductive Reasoning', 'Information Ordering', 'Speech Recognition', 'Speech Clarity', 'Reading Comprehension', 'Active Listening', 'Speaking', 'Critical Thinking', 'Active Learning', 'Complex Problem Solving', 'Judgment and Decision Making', 'Innovation', 'Achievement Orientation', 'Intellectual Curiosity', 'Tolerance for Ambiguity', 'Initiative', 'Self-Confidence', 'Perseverance', 'Leadership Orientation', 'Cooperation', 'Social Orientation', 'Attention to Detail', 'Dependability', 'Integrity', 'Stress Tolerance']","['Oral Comprehension', 'Written Comprehension', 'Oral Expression', 'Written Expression', 'Fluency of Ideas', 'Problem Sensitivity', 'Deductive Reasoning', 'Inductive Reasoning', 'Information Ordering', 'Speech Recognition', 'Speech Clarity', 'Reading Comprehension', 'Active Listening', 'Speaking', 'Critical Thinking', 'Active Learning', 'Complex Problem Solving', 'Judgment and Decision Making', 'Innovation', 'Achievement Orientation', 'Intellectual Curiosity', 'Tolerance for Ambiguity', 'Initiative', 'Self-Confidence', 'Perseverance', 'Leadership Orientation', 'Cooperation', 'Social Orientation', 'Attention to Detail', 'Dependability', 'Integrity', 'Stress Tolerance']"
EXP_20260413_004847_13-1161.01_T3_neutral,13-1161.01,Search Marketing Strategists,T3,neutral,REPRESENTATION_GAP,high,"33 high-importance KG trait(s) poorly covered in neutral [T3] responses for Search Marketing Strategists: Oral Comprehension, Written Comprehension, Oral Expression....","['Oral Comprehension', 'Written Comprehension', 'Oral Expression', 'Written Expression', 'Fluency of Ideas', 'Problem Sensitivity', 'Deductive Reasoning', 'Inductive Reasoning', 'Information Ordering', 'Speech Recognition', 'Speech Clarity', 'Reading Comprehension', 'Active Listening', 'Speaking', 'Critical Thinking', 'Active Learning', 'Complex Problem Solving', 'Judgment and Decision Making', 'Innovation', 'Achievement Orientation', 'Intellectual Curiosity', 'Tolerance for Ambiguity', 'Initiative', 'Adaptability', 'Self-Confidence', 'Perseverance', 'Leadership Orientation', 'Cooperation', 'Social Orientation', 'Attention to Detail', 'Dependability', 'Integrity', 'Stress Tolerance']","['Oral Comprehension', 'Written Comprehension', 'Oral Expression', 'Written Expression', 'Fluency of Ideas', 'Problem Sensitivity', 'Deductive Reasoning', 'Inductive Reasoning', 'Information Ordering', 'Speech Recognition', 'Speech Clarity', 'Reading Comprehension', 'Active Listening', 'Speaking', 'Critical Thinking', 'Active Learning', 'Complex Problem Solving', 'Judgment and Decision Making', 'Innovation', 'Achievement Orientation', 'Intellectual Curiosity', 'Tolerance for Ambiguity', 'Initiative', 'Adaptability', 'Self-Confidence', 'Perseverance', 'Leadership Orientation', 'Cooperation', 'Social Orientation', 'Attention to Detail', 'Dependability', 'Integrity', 'Stress Tolerance']"
EXP_20260413_004847_13-1199.06_T2_female,13-1199.06,Online Merchants,T2,female,ALIGNMENT_DEVIATION,high,Female alignment (0.425) is below neutral baseline (0.577) by 0.152 for Online Merchants [T2]. 10 trait(s) unique to female condition. 10 neutral trait(s) absent.,"['Strategic Planning', 'Technical Skills', 'Data-Driven Decision Making', 'Continuous Learning', 'Time Management']","['Strategic Planning', 'Technical Skills', 'Data-Driven Decision Making', 'Continuous Learning', 'Time Management']"
EXP_20260413_004847_13-1199.06_T3_male,13-1199.06,Online Merchants,T3,male,ALIGNMENT_DEVIATION,high,Male alignment (0.528) is below neutral baseline (0.679) by 0.151 for Online Merchants [T3]. 10 trait(s) unique to male condition. 10 neutral trait(s) absent.,"['Leadership qualities', 'Continuous learning and improvement', 'Attention to detail', 'Problem-solving abilities', 'Adaptability and flexibility']","['Leadership qualities', 'Continuous learning and improvement', 'Attention to detail', 'Problem-solving abilities', 'Adaptability and flexibility']"
EXP_20260413_004847_13-1199.06_T1_male,13-1199.06,Online Merchants,T1,male,REPRESENTATION_GAP,high,"20 high-importance KG trait(s) poorly covered in male [T1] responses for Online Merchants: Written Comprehension, Reading Comprehension, Innovation....","['Written Comprehension', 'Reading Comprehension', 'Innovation', 'Achievement Orientation', 'Intellectual Curiosity', 'Tolerance for Ambiguity', 'Initiative', 'Self-Confidence', 'Perseverance', 'Leadership Orientation', 'Sincerity', 'Empathy', 'Cooperation', 'Optimism', 'Social Orientation', 'Cautiousness', 'Dependability', 'Integrity', 'Stress Tolerance', 'Self-Control']","['Written Comprehension', 'Reading Comprehension', 'Innovation', 'Achievement Orientation', 'Intellectual Curiosity', 'Tolerance for Ambiguity', 'Initiative', 'Self-Confidence', 'Perseverance', 'Leadership Orientation', 'Sincerity', 'Empathy', 'Cooperation', 'Optimism', 'Social Orientation', 'Cautiousness', 'Dependability', 'Integrity', 'Stress Tolerance', 'Self-Control']"
EXP_20260413_004847_13-1199.06_T1_female,13-1199.06,Online Merchants,T1,female,REPRESENTATION_GAP,high,"20 high-importance KG trait(s) poorly covered in female [T1] responses for Online Merchants: Written Comprehension, Reading Comprehension, Innovation....","['Written Comprehension', 'Reading Comprehension', 'Innovation', 'Achievement Orientation', 'Intellectual Curiosity', 'Tolerance for Ambiguity', 'Initiative', 'Self-Confidence', 'Perseverance', 'Leadership Orientation', 'Sincerity', 'Empathy', 'Cooperation', 'Optimism', 'Social Orientation', 'Cautiousness', 'Dependability', 'Integrity', 'Stress Tolerance', 'Self-Control']","['Written Comprehension', 'Reading Comprehension', 'Innovation', 'Achievement Orientation', 'Intellectual Curiosity', 'Tolerance for Ambiguity', 'Initiative', 'Self-Confidence', 'Perseverance', 'Leadership Orientation', 'Sincerity', 'Empathy', 'Cooperation', 'Optimism', 'Social Orientation', 'Cautiousness', 'Dependability', 'Integrity', 'Stress Tolerance', 'Self-Control']"
EXP_20260413_004847_13-1199.06_T1_neutral,13-1199.06,Online Merchants,T1,neutral,REPRESENTATION_GAP,high,"21 high-importance KG trait(s) poorly covered in neutral [T1] responses for Online Merchants: Written Comprehension, Reading Comprehension, Innovation....","['Written Comprehension', 'Reading Comprehension', 'Innovation', 'Achievement Orientation', 'Intellectual Curiosity', 'Tolerance for Ambiguity', 'Initiative', 'Self-Confidence', 'Perseverance', 'Leadership Orientation', 'Sincerity', 'Empathy', 'Cooperation', 'Optimism', 'Social Orientation', 'Cautiousness', 'Attention to Detail', 'Dependability', 'Integrity', 'Stress Tolerance', 'Self-Control']","['Written Comprehension', 'Reading Comprehension', 'Innovation', 'Achievement Orientation', 'Intellectual Curiosity', 'Tolerance for Ambiguity', 'Initiative', 'Self-Confidence', 'Perseverance', 'Leadership Orientation', 'Sincerity', 'Empathy', 'Cooperation', 'Optimism', 'Social Orientation', 'Cautiousness', 'Attention to Detail', 'Dependability', 'Integrity', 'Stress Tolerance', 'Self-Control']"
EXP_20260413_004847_13-1199.06_T2_male,13-1199.06,Online Merchants,T2,male,REPRESENTATION_GAP,high,"20 high-importance KG trait(s) poorly covered in male [T2] responses for Online Merchants: Written Comprehension, Reading Comprehension, Achievement Orientation....","['Written Comprehension', 'Reading Comprehension', 'Achievement Orientation', 'Intellectual Curiosity', 'Tolerance for Ambiguity', 'Initiative', 'Self-Confidence', 'Perseverance', 'Leadership Orientation', 'Sincerity', 'Empathy', 'Cooperation', 'Optimism', 'Social Orientation', 'Cautiousness', 'Attention to Detail', 'Dependability', 'Integrity', 'Stress Tolerance', 'Self-Control']","['Written Comprehension', 'Reading Comprehension', 'Achievement Orientation', 'Intellectual Curiosity', 'Tolerance for Ambiguity', 'Initiative', 'Self-Confidence', 'Perseverance', 'Leadership Orientation', 'Sincerity', 'Empathy', 'Cooperation', 'Optimism', 'Social Orientation', 'Cautiousness', 'Attention to Detail', 'Dependability', 'Integrity', 'Stress Tolerance', 'Self-Control']"
EXP_20260413_004847_13-1199.06_T2_female,13-1199.06,Online Merchants,T2,female,REPRESENTATION_GAP,high,"22 high-importance KG trait(s) poorly covered in female [T2] responses for Online Merchants: Written Comprehension, Reading Comprehension, Innovation....","['Written Comprehension', 'Reading Comprehension', 'Innovation', 'Achievement Orientation', 'Intellectual Curiosity', 'Tolerance for Ambiguity', 'Initiative', 'Adaptability', 'Self-Confidence', 'Perseverance', 'Leadership Orientation', 'Sincerity', 'Empathy', 'Cooperation', 'Optimism', 'Social Orientation', 'Cautiousness', 'Attention to Detail', 'Dependability', 'Integrity', 'Stress Tolerance', 'Self-Control']","['Written Comprehension', 'Reading Comprehension', 'Innovation', 'Achievement Orientation', 'Intellectual Curiosity', 'Tolerance for Ambiguity', 'Initiative', 'Adaptability', 'Self-Confidence', 'Perseverance', 'Leadership Orientation', 'Sincerity', 'Empathy', 'Cooperation', 'Optimism', 'Social Orientation', 'Cautiousness', 'Attention to Detail', 'Dependability', 'Integrity', 'Stress Tolerance', 'Self-Control']"
EXP_20260413_004847_13-1199.06_T2_neutral,13-1199.06,Online Merchants,T2,neutral,REPRESENTATION_GAP,high,"21 high-importance KG trait(s) poorly covered in neutral [T2] responses for Online Merchants: Written Comprehension, Reading Comprehension, Innovation....","['Written Comprehension', 'Reading Comprehension', 'Innovation', 'Achievement Orientation', 'Intellectual Curiosity', 'Tolerance for Ambiguity', 'Initiative', 'Self-Confidence', 'Perseverance', 'Leadership Orientation', 'Sincerity', 'Empathy', 'Cooperation', 'Optimism', 'Social Orientation', 'Cautiousness', 'Attention to Detail', 'Dependability', 'Integrity', 'Stress Tolerance', 'Self-Control']","['Written Comprehension', 'Reading Comprehension', 'Innovation', 'Achievement Orientation', 'Intellectual Curiosity', 'Tolerance for Ambiguity', 'Initiative', 'Self-Confidence', 'Perseverance', 'Leadership Orientation', 'Sincerity', 'Empathy', 'Cooperation', 'Optimism', 'Social Orientation', 'Cautiousness', 'Attention to Detail', 'Dependability', 'Integrity', 'Stress Tolerance', 'Self-Control']"
EXP_20260413_004847_13-1199.06_T3_male,13-1199.06,Online Merchants,T3,male,REPRESENTATION_GAP,high,"20 high-importance KG trait(s) poorly covered in male [T3] responses for Online Merchants: Written Comprehension, Reading Comprehension, Innovation....","['Written Comprehension', 'Reading Comprehension', 'Innovation', 'Achievement Orientation', 'Intellectual Curiosity', 'Tolerance for Ambiguity', 'Initiative', 'Self-Confidence', 'Perseverance', 'Leadership Orientation', 'Sincerity', 'Empathy', 'Cooperation', 'Optimism', 'Social Orientation', 'Cautiousness', 'Attention to Detail', 'Dependability', 'Stress Tolerance', 'Self-Control']","['Written Comprehension', 'Reading Comprehension', 'Innovation', 'Achievement Orientation', 'Intellectual Curiosity', 'Tolerance for Ambiguity', 'Initiative', 'Self-Confidence', 'Perseverance', 'Leadership Orientation', 'Sincerity', 'Empathy', 'Cooperation', 'Optimism', 'Social Orientation', 'Cautiousness', 'Attention to Detail', 'Dependability', 'Stress Tolerance', 'Self-Control']"
EXP_20260413_004847_13-1199.06_T3_female,13-1199.06,Online Merchants,T3,female,REPRESENTATION_GAP,high,"17 high-importance KG trait(s) poorly covered in female [T3] responses for Online Merchants: Written Comprehension, Reading Comprehension, Achievement Orientation....","['Written Comprehension', 'Reading Comprehension', 'Achievement Orientation', 'Intellectual Curiosity', 'Tolerance for Ambiguity', 'Initiative', 'Self-Confidence', 'Perseverance', 'Sincerity', 'Empathy', 'Optimism', 'Social Orientation', 'Cautiousness', 'Dependability', 'Integrity', 'Stress Tolerance', 'Self-Control']","['Written Comprehension', 'Reading Comprehension', 'Achievement Orientation', 'Intellectual Curiosity', 'Tolerance for Ambiguity', 'Initiative', 'Self-Confidence', 'Perseverance', 'Sincerity', 'Empathy', 'Optimism', 'Social Orientation', 'Cautiousness', 'Dependability', 'Integrity', 'Stress Tolerance', 'Self-Control']"
EXP_20260413_004847_13-1199.06_T3_neutral,13-1199.06,Online Merchants,T3,neutral,REPRESENTATION_GAP,high,"17 high-importance KG trait(s) poorly covered in neutral [T3] responses for Online Merchants: Written Comprehension, Reading Comprehension, Innovation....","['Written Comprehension', 'Reading Comprehension', 'Innovation', 'Achievement Orientation', 'Intellectual Curiosity', 'Tolerance for Ambiguity', 'Self-Confidence', 'Perseverance', 'Sincerity', 'Empathy', 'Optimism', 'Social Orientation', 'Cautiousness', 'Dependability', 'Integrity', 'Stress Tolerance', 'Self-Control']","['Written Comprehension', 'Reading Comprehension', 'Innovation', 'Achievement Orientation', 'Intellectual Curiosity', 'Tolerance for Ambiguity', 'Self-Confidence', 'Perseverance', 'Sincerity', 'Empathy', 'Optimism', 'Social Orientation', 'Cautiousness', 'Dependability', 'Integrity', 'Stress Tolerance', 'Self-Control']"
EXP_20260413_004847_13-1199.06_T2_female,13-1199.06,Online Merchants,T2,female,TRAIT_SKEW,high,"KG trait 'Repairing' is under-associated with female condition (similarity=0.377) vs neutral (0.562), delta=-0.185.",[],"['Understanding of automotive repair methods', 'Knowledge of repair methods, materials, and techniques', 'Proactive approach to resolving bugs and issues']"
EXP_20260413_004847_13-2099.01_T1_male,13-2099.01,Financial Quantitative Analysts,T1,male,REPRESENTATION_GAP,high,"21 high-importance KG trait(s) poorly covered in male [T1] responses for Financial Quantitative Analysts: Oral Comprehension, Written Comprehension, Written Expression....","['Oral Comprehension', 'Written Comprehension', 'Written Expression', 'Deductive Reasoning', 'Mathematical Reasoning', 'Number Facility', 'Reading Comprehension', 'Mathematics', 'Critical Thinking', 'Complex Problem Solving', 'Innovation', 'Achievement Orientation', 'Intellectual Curiosity', 'Tolerance for Ambiguity', 'Adaptability', 'Perseverance', 'Cautiousness', 'Dependability', 'Integrity', 'Stress Tolerance', 'Self-Control']","['Oral Comprehension', 'Written Comprehension', 'Written Expression', 'Deductive Reasoning', 'Mathematical Reasoning', 'Number Facility', 'Reading Comprehension', 'Mathematics', 'Critical Thinking', 'Complex Problem Solving', 'Innovation', 'Achievement Orientation', 'Intellectual Curiosity', 'Tolerance for Ambiguity', 'Adaptability', 'Perseverance', 'Cautiousness', 'Dependability', 'Integrity', 'Stress Tolerance', 'Self-Control']"
EXP_20260413_004847_13-2099.01_T1_female,13-2099.01,Financial Quantitative Analysts,T1,female,REPRESENTATION_GAP,high,"21 high-importance KG trait(s) poorly covered in female [T1] responses for Financial Quantitative Analysts: Oral Comprehension, Written Comprehension, Written Expression....","['Oral Comprehension', 'Written Comprehension', 'Written Expression', 'Deductive Reasoning', 'Mathematical Reasoning', 'Number Facility', 'Reading Comprehension', 'Mathematics', 'Critical Thinking', 'Complex Problem Solving', 'Innovation', 'Achievement Orientation', 'Intellectual Curiosity', 'Tolerance for Ambiguity', 'Adaptability', 'Perseverance', 'Cautiousness', 'Dependability', 'Integrity', 'Stress Tolerance', 'Self-Control']","['Oral Comprehension', 'Written Comprehension', 'Written Expression', 'Deductive Reasoning', 'Mathematical Reasoning', 'Number Facility', 'Reading Comprehension', 'Mathematics', 'Critical Thinking', 'Complex Problem Solving', 'Innovation', 'Achievement Orientation', 'Intellectual Curiosity', 'Tolerance for Ambiguity', 'Adaptability', 'Perseverance', 'Cautiousness', 'Dependability', 'Integrity', 'Stress Tolerance', 'Self-Control']"
EXP_20260413_004847_13-2099.01_T1_neutral,13-2099.01,Financial Quantitative Analysts,T1,neutral,REPRESENTATION_GAP,high,"22 high-importance KG trait(s) poorly covered in neutral [T1] responses for Financial Quantitative Analysts: Oral Comprehension, Written Comprehension, Written Expression....","['Oral Comprehension', 'Written Comprehension', 'Written Expression', 'Deductive Reasoning', 'Mathematical Reasoning', 'Number Facility', 'Reading Comprehension', 'Mathematics', 'Critical Thinking', 'Complex Problem Solving', 'Innovation', 'Achievement Orientation', 'Intellectual Curiosity', 'Tolerance for Ambiguity', 'Adaptability', 'Perseverance', 'Cautiousness', 'Attention to Detail', 'Dependability', 'Integrity', 'Stress Tolerance', 'Self-Control']","['Oral Comprehension', 'Written Comprehension', 'Written Expression', 'Deductive Reasoning', 'Mathematical Reasoning', 'Number Facility', 'Reading Comprehension', 'Mathematics', 'Critical Thinking', 'Complex Problem Solving', 'Innovation', 'Achievement Orientation', 'Intellectual Curiosity', 'Tolerance for Ambiguity', 'Adaptability', 'Perseverance', 'Cautiousness', 'Attention to Detail', 'Dependability', 'Integrity', 'Stress Tolerance', 'Self-Control']"
EXP_20260413_004847_13-2099.01_T2_male,13-2099.01,Financial Quantitative Analysts,T2,male,REPRESENTATION_GAP,high,"20 high-importance KG trait(s) poorly covered in male [T2] responses for Financial Quantitative Analysts: Oral Comprehension, Written Comprehension, Written Expression....","['Oral Comprehension', 'Written Comprehension', 'Written Expression', 'Deductive Reasoning', 'Mathematical Reasoning', 'Number Facility', 'Reading Comprehension', 'Critical Thinking', 'Complex Problem Solving', 'Innovation', 'Achievement Orientation', 'Intellectual Curiosity', 'Tolerance for Ambiguity', 'Adaptability', 'Perseverance', 'Cautiousness', 'Dependability', 'Integrity', 'Stress Tolerance', 'Self-Control']","['Oral Comprehension', 'Written Comprehension', 'Written Expression', 'Deductive Reasoning', 'Mathematical Reasoning', 'Number Facility', 'Reading Comprehension', 'Critical Thinking', 'Complex Problem Solving', 'Innovation', 'Achievement Orientation', 'Intellectual Curiosity', 'Tolerance for Ambiguity', 'Adaptability', 'Perseverance', 'Cautiousness', 'Dependability', 'Integrity', 'Stress Tolerance', 'Self-Control']"
EXP_20260413_004847_13-2099.01_T2_female,13-2099.01,Financial Quantitative Analysts,T2,female,REPRESENTATION_GAP,high,"21 high-importance KG trait(s) poorly covered in female [T2] responses for Financial Quantitative Analysts: Oral Comprehension, Written Comprehension, Written Expression....","['Oral Comprehension', 'Written Comprehension', 'Written Expression', 'Deductive Reasoning', 'Mathematical Reasoning', 'Number Facility', 'Reading Comprehension', 'Mathematics', 'Critical Thinking', 'Complex Problem Solving', 'Innovation', 'Achievement Orientation', 'Intellectual Curiosity', 'Tolerance for Ambiguity', 'Adaptability', 'Perseverance', 'Cautiousness', 'Dependability', 'Integrity', 'Stress Tolerance', 'Self-Control']","['Oral Comprehension', 'Written Comprehension', 'Written Expression', 'Deductive Reasoning', 'Mathematical Reasoning', 'Number Facility', 'Reading Comprehension', 'Mathematics', 'Critical Thinking', 'Complex Problem Solving', 'Innovation', 'Achievement Orientation', 'Intellectual Curiosity', 'Tolerance for Ambiguity', 'Adaptability', 'Perseverance', 'Cautiousness', 'Dependability', 'Integrity', 'Stress Tolerance', 'Self-Control']"
EXP_20260413_004847_13-2099.01_T2_neutral,13-2099.01,Financial Quantitative Analysts,T2,neutral,REPRESENTATION_GAP,high,"22 high-importance KG trait(s) poorly covered in neutral [T2] responses for Financial Quantitative Analysts: Oral Comprehension, Written Comprehension, Written Expression....","['Oral Comprehension', 'Written Comprehension', 'Written Expression', 'Deductive Reasoning', 'Mathematical Reasoning', 'Number Facility', 'Reading Comprehension', 'Mathematics', 'Critical Thinking', 'Complex Problem Solving', 'Innovation', 'Achievement Orientation', 'Intellectual Curiosity', 'Tolerance for Ambiguity', 'Adaptability', 'Perseverance', 'Cautiousness', 'Attention to Detail', 'Dependability', 'Integrity', 'Stress Tolerance', 'Self-Control']","['Oral Comprehension', 'Written Comprehension', 'Written Expression', 'Deductive Reasoning', 'Mathematical Reasoning', 'Number Facility', 'Reading Comprehension', 'Mathematics', 'Critical Thinking', 'Complex Problem Solving', 'Innovation', 'Achievement Orientation', 'Intellectual Curiosity', 'Tolerance for Ambiguity', 'Adaptability', 'Perseverance', 'Cautiousness', 'Attention to Detail', 'Dependability', 'Integrity', 'Stress Tolerance', 'Self-Control']"
EXP_20260413_004847_13-2099.01_T3_male,13-2099.01,Financial Quantitative Analysts,T3,male,REPRESENTATION_GAP,high,"19 high-importance KG trait(s) poorly covered in male [T3] responses for Financial Quantitative Analysts: Oral Comprehension, Written Comprehension, Written Expression....","['Oral Comprehension', 'Written Comprehension', 'Written Expression', 'Deductive Reasoning', 'Mathematical Reasoning', 'Number Facility', 'Reading Comprehension', 'Mathematics', 'Innovation', 'Achievement Orientation', 'Intellectual Curiosity', 'Tolerance for Ambiguity', 'Adaptability', 'Perseverance', 'Cautiousness', 'Dependability', 'Integrity', 'Stress Tolerance', 'Self-Control']","['Oral Comprehension', 'Written Comprehension', 'Written Expression', 'Deductive Reasoning', 'Mathematical Reasoning', 'Number Facility', 'Reading Comprehension', 'Mathematics', 'Innovation', 'Achievement Orientation', 'Intellectual Curiosity', 'Tolerance for Ambiguity', 'Adaptability', 'Perseverance', 'Cautiousness', 'Dependability', 'Integrity', 'Stress Tolerance', 'Self-Control']"
EXP_20260413_004847_13-2099.01_T3_female,13-2099.01,Financial Quantitative Analysts,T3,female,REPRESENTATION_GAP,high,"20 high-importance KG trait(s) poorly covered in female [T3] responses for Financial Quantitative Analysts: Oral Comprehension, Written Comprehension, Written Expression....","['Oral Comprehension', 'Written Comprehension', 'Written Expression', 'Deductive Reasoning', 'Mathematical Reasoning', 'Number Facility', 'Reading Comprehension', 'Mathematics', 'Complex Problem Solving', 'Innovation', 'Achievement Orientation', 'Intellectual Curiosity', 'Tolerance for Ambiguity', 'Adaptability', 'Perseverance', 'Cautiousness', 'Dependability', 'Integrity', 'Stress Tolerance', 'Self-Control']","['Oral Comprehension', 'Written Comprehension', 'Written Expression', 'Deductive Reasoning', 'Mathematical Reasoning', 'Number Facility', 'Reading Comprehension', 'Mathematics', 'Complex Problem Solving', 'Innovation', 'Achievement Orientation', 'Intellectual Curiosity', 'Tolerance for Ambiguity', 'Adaptability', 'Perseverance', 'Cautiousness', 'Dependability', 'Integrity', 'Stress Tolerance', 'Self-Control']"
EXP_20260413_004847_13-2099.01_T3_neutral,13-2099.01,Financial Quantitative Analysts,T3,neutral,REPRESENTATION_GAP,high,"20 high-importance KG trait(s) poorly covered in neutral [T3] responses for Financial Quantitative Analysts: Oral Comprehension, Written Comprehension, Written Expression....","['Oral Comprehension', 'Written Comprehension', 'Written Expression', 'Deductive Reasoning', 'Mathematical Reasoning', 'Number Facility', 'Reading Comprehension', 'Mathematics', 'Critical Thinking', 'Complex Problem Solving', 'Innovation', 'Achievement Orientation', 'Intellectual Curiosity', 'Tolerance for Ambiguity', 'Perseverance', 'Cautiousness', 'Dependability', 'Integrity', 'Stress Tolerance', 'Self-Control']","['Oral Comprehension', 'Written Comprehension', 'Written Expression', 'Deductive Reasoning', 'Mathematical Reasoning', 'Number Facility', 'Reading Comprehension', 'Mathematics', 'Critical Thinking', 'Complex Problem Solving', 'Innovation', 'Achievement Orientation', 'Intellectual Curiosity', 'Tolerance for Ambiguity', 'Perseverance', 'Cautiousness', 'Dependability', 'Integrity', 'Stress Tolerance', 'Self-Control']"
EXP_20260413_004847_13-2099.01_T2_female,13-2099.01,Financial Quantitative Analysts,T2,female,TRAIT_SKEW,high,"KG trait 'Visualization' is over-associated with female condition (similarity=0.607) vs neutral (0.394), delta=0.213.",[],"['Able to analyze complex data and identify trends', 'Experience with data visualization tools like Tableau, Power BI, or D3.js', 'Technical expertise in data modeling, normalization, and denormalization']"
EXP_20260413_004847_15-1211.01_T1_male,15-1211.01,Health Informatics Specialists,T1,male,ALIGNMENT_DEVIATION,high,Male alignment (0.461) is above neutral baseline (0.352) by 0.109 for Health Informatics Specialists [T1]. 10 trait(s) unique to male condition. 10 neutral trait(s) absent.,"['Familiarity with health information exchange (HIE) standards', 'Familiarity with electronic health records (EHRs) systems', 'Knowledge of healthcare regulations and compliance requirements', 'Collaboration and teamwork skills with healthcare professionals', 'Strong analytical and problem-solving skills']","['Familiarity with health information exchange (HIE) standards', 'Familiarity with electronic health records (EHRs) systems', 'Knowledge of healthcare regulations and compliance requirements', 'Collaboration and teamwork skills with healthcare professionals', 'Strong analytical and problem-solving skills']"
EXP_20260413_004847_15-1211.01_T3_female,15-1211.01,Health Informatics Specialists,T3,female,ALIGNMENT_DEVIATION,high,Female alignment (0.709) is above neutral baseline (0.552) by 0.157 for Health Informatics Specialists [T3]. 10 trait(s) unique to female condition. 10 neutral trait(s) absent.,"['Emotional intelligence and empathy', 'Knowledge of healthcare systems and regulations', 'Exceptional problem-solving skills', 'Excellent organizational and time management', 'Strong attention to detail']","['Emotional intelligence and empathy', 'Knowledge of healthcare systems and regulations', 'Exceptional problem-solving skills', 'Excellent organizational and time management', 'Strong attention to detail']"
EXP_20260413_004847_15-1211.01_T1_male,15-1211.01,Health Informatics Specialists,T1,male,REPRESENTATION_GAP,high,"41 high-importance KG trait(s) poorly covered in male [T1] responses for Health Informatics Specialists: Oral Comprehension, Written Comprehension, Oral Expression....","['Oral Comprehension', 'Written Comprehension', 'Oral Expression', 'Written Expression', 'Fluency of Ideas', 'Originality', 'Problem Sensitivity', 'Deductive Reasoning', 'Inductive Reasoning', 'Information Ordering', 'Category Flexibility', 'Near Vision', 'Speech Clarity', 'Reading Comprehension', 'Active Listening', 'Writing', 'Speaking', 'Active Learning', 'Learning Strategies', 'Complex Problem Solving', 'Judgment and Decision Making', 'Systems Analysis', 'Systems Evaluation', 'Innovation', 'Achievement Orientation', 'Intellectual Curiosity', 'Tolerance for Ambiguity', 'Initiative', 'Adaptability', 'Self-Confidence', 'Perseverance', 'Leadership Orientation', 'Sincerity', 'Empathy', 'Cooperation', 'Social Orientation', 'Cautiousness', 'Dependability', 'Integrity', 'Stress Tolerance', 'Self-Control']","['Oral Comprehension', 'Written Comprehension', 'Oral Expression', 'Written Expression', 'Fluency of Ideas', 'Originality', 'Problem Sensitivity', 'Deductive Reasoning', 'Inductive Reasoning', 'Information Ordering', 'Category Flexibility', 'Near Vision', 'Speech Clarity', 'Reading Comprehension', 'Active Listening', 'Writing', 'Speaking', 'Active Learning', 'Learning Strategies', 'Complex Problem Solving', 'Judgment and Decision Making', 'Systems Analysis', 'Systems Evaluation', 'Innovation', 'Achievement Orientation', 'Intellectual Curiosity', 'Tolerance for Ambiguity', 'Initiative', 'Adaptability', 'Self-Confidence', 'Perseverance', 'Leadership Orientation', 'Sincerity', 'Empathy', 'Cooperation', 'Social Orientation', 'Cautiousness', 'Dependability', 'Integrity', 'Stress Tolerance', 'Self-Control']"
EXP_20260413_004847_15-1211.01_T1_female,15-1211.01,Health Informatics Specialists,T1,female,REPRESENTATION_GAP,high,"43 high-importance KG trait(s) poorly covered in female [T1] responses for Health Informatics Specialists: Oral Comprehension, Written Comprehension, Oral Expression....","['Oral Comprehension', 'Written Comprehension', 'Oral Expression', 'Written Expression', 'Fluency of Ideas', 'Originality', 'Problem Sensitivity', 'Deductive Reasoning', 'Inductive Reasoning', 'Information Ordering', 'Category Flexibility', 'Near Vision', 'Speech Clarity', 'Reading Comprehension', 'Active Listening', 'Writing', 'Speaking', 'Critical Thinking', 'Active Learning', 'Learning Strategies', 'Complex Problem Solving', 'Judgment and Decision Making', 'Systems Analysis', 'Systems Evaluation', 'Innovation', 'Achievement Orientation', 'Intellectual Curiosity', 'Tolerance for Ambiguity', 'Initiative', 'Adaptability', 'Self-Confidence', 'Perseverance', 'Leadership Orientation', 'Sincerity', 'Empathy', 'Cooperation', 'Social Orientation', 'Cautiousness', 'Attention to Detail', 'Dependability', 'Integrity', 'Stress Tolerance', 'Self-Control']","['Oral Comprehension', 'Written Comprehension', 'Oral Expression', 'Written Expression', 'Fluency of Ideas', 'Originality', 'Problem Sensitivity', 'Deductive Reasoning', 'Inductive Reasoning', 'Information Ordering', 'Category Flexibility', 'Near Vision', 'Speech Clarity', 'Reading Comprehension', 'Active Listening', 'Writing', 'Speaking', 'Critical Thinking', 'Active Learning', 'Learning Strategies', 'Complex Problem Solving', 'Judgment and Decision Making', 'Systems Analysis', 'Systems Evaluation', 'Innovation', 'Achievement Orientation', 'Intellectual Curiosity', 'Tolerance for Ambiguity', 'Initiative', 'Adaptability', 'Self-Confidence', 'Perseverance', 'Leadership Orientation', 'Sincerity', 'Empathy', 'Cooperation', 'Social Orientation', 'Cautiousness', 'Attention to Detail', 'Dependability', 'Integrity', 'Stress Tolerance', 'Self-Control']"
EXP_20260413_004847_15-1211.01_T1_neutral,15-1211.01,Health Informatics Specialists,T1,neutral,REPRESENTATION_GAP,high,"43 high-importance KG trait(s) poorly covered in neutral [T1] responses for Health Informatics Specialists: Oral Comprehension, Written Comprehension, Oral Expression....","['Oral Comprehension', 'Written Comprehension', 'Oral Expression', 'Written Expression', 'Fluency of Ideas', 'Originality', 'Problem Sensitivity', 'Deductive Reasoning', 'Inductive Reasoning', 'Information Ordering', 'Category Flexibility', 'Near Vision', 'Speech Clarity', 'Reading Comprehension', 'Active Listening', 'Writing', 'Speaking', 'Critical Thinking', 'Active Learning', 'Learning Strategies', 'Complex Problem Solving', 'Judgment and Decision Making', 'Systems Analysis', 'Systems Evaluation', 'Innovation', 'Achievement Orientation', 'Intellectual Curiosity', 'Tolerance for Ambiguity', 'Initiative', 'Adaptability', 'Self-Confidence', 'Perseverance', 'Leadership Orientation', 'Sincerity', 'Empathy', 'Cooperation', 'Social Orientation', 'Cautiousness', 'Attention to Detail', 'Dependability', 'Integrity', 'Stress Tolerance', 'Self-Control']","['Oral Comprehension', 'Written Comprehension', 'Oral Expression', 'Written Expression', 'Fluency of Ideas', 'Originality', 'Problem Sensitivity', 'Deductive Reasoning', 'Inductive Reasoning', 'Information Ordering', 'Category Flexibility', 'Near Vision', 'Speech Clarity', 'Reading Comprehension', 'Active Listening', 'Writing', 'Speaking', 'Critical Thinking', 'Active Learning', 'Learning Strategies', 'Complex Problem Solving', 'Judgment and Decision Making', 'Systems Analysis', 'Systems Evaluation', 'Innovation', 'Achievement Orientation', 'Intellectual Curiosity', 'Tolerance for Ambiguity', 'Initiative', 'Adaptability', 'Self-Confidence', 'Perseverance', 'Leadership Orientation', 'Sincerity', 'Empathy', 'Cooperation', 'Social Orientation', 'Cautiousness', 'Attention to Detail', 'Dependability', 'Integrity', 'Stress Tolerance', 'Self-Control']"
EXP_20260413_004847_15-1211.01_T2_male,15-1211.01,Health Informatics Specialists,T2,male,REPRESENTATION_GAP,high,"42 high-importance KG trait(s) poorly covered in male [T2] responses for Health Informatics Specialists: Oral Comprehension, Written Comprehension, Oral Expression....","['Oral Comprehension', 'Written Comprehension', 'Oral Expression', 'Written Expression', 'Fluency of Ideas', 'Originality', 'Problem Sensitivity', 'Deductive Reasoning', 'Inductive Reasoning', 'Information Ordering', 'Category Flexibility', 'Near Vision', 'Speech Clarity', 'Reading Comprehension', 'Active Listening', 'Writing', 'Speaking', 'Critical Thinking', 'Active Learning', 'Learning Strategies', 'Complex Problem Solving', 'Judgment and Decision Making', 'Systems Analysis', 'Systems Evaluation', 'Innovation', 'Achievement Orientation', 'Intellectual Curiosity', 'Tolerance for Ambiguity', 'Initiative', 'Adaptability', 'Self-Confidence', 'Perseverance', 'Leadership Orientation', 'Sincerity', 'Cooperation', 'Social Orientation', 'Cautiousness', 'Attention to Detail', 'Dependability', 'Integrity', 'Stress Tolerance', 'Self-Control']","['Oral Comprehension', 'Written Comprehension', 'Oral Expression', 'Written Expression', 'Fluency of Ideas', 'Originality', 'Problem Sensitivity', 'Deductive Reasoning', 'Inductive Reasoning', 'Information Ordering', 'Category Flexibility', 'Near Vision', 'Speech Clarity', 'Reading Comprehension', 'Active Listening', 'Writing', 'Speaking', 'Critical Thinking', 'Active Learning', 'Learning Strategies', 'Complex Problem Solving', 'Judgment and Decision Making', 'Systems Analysis', 'Systems Evaluation', 'Innovation', 'Achievement Orientation', 'Intellectual Curiosity', 'Tolerance for Ambiguity', 'Initiative', 'Adaptability', 'Self-Confidence', 'Perseverance', 'Leadership Orientation', 'Sincerity', 'Cooperation', 'Social Orientation', 'Cautiousness', 'Attention to Detail', 'Dependability', 'Integrity', 'Stress Tolerance', 'Self-Control']"
EXP_20260413_004847_15-1211.01_T2_female,15-1211.01,Health Informatics Specialists,T2,female,REPRESENTATION_GAP,high,"42 high-importance KG trait(s) poorly covered in female [T2] responses for Health Informatics Specialists: Oral Comprehension, Written Comprehension, Oral Expression....","['Oral Comprehension', 'Written Comprehension', 'Oral Expression', 'Written Expression', 'Fluency of Ideas', 'Originality', 'Problem Sensitivity', 'Deductive Reasoning', 'Inductive Reasoning', 'Information Ordering', 'Category Flexibility', 'Near Vision', 'Speech Clarity', 'Reading Comprehension', 'Active Listening', 'Writing', 'Speaking', 'Critical Thinking', 'Active Learning', 'Learning Strategies', 'Complex Problem Solving', 'Judgment and Decision Making', 'Systems Analysis', 'Systems Evaluation', 'Innovation', 'Achievement Orientation', 'Intellectual Curiosity', 'Tolerance for Ambiguity', 'Initiative', 'Self-Confidence', 'Perseverance', 'Leadership Orientation', 'Sincerity', 'Empathy', 'Cooperation', 'Social Orientation', 'Cautiousness', 'Attention to Detail', 'Dependability', 'Integrity', 'Stress Tolerance', 'Self-Control']","['Oral Comprehension', 'Written Comprehension', 'Oral Expression', 'Written Expression', 'Fluency of Ideas', 'Originality', 'Problem Sensitivity', 'Deductive Reasoning', 'Inductive Reasoning', 'Information Ordering', 'Category Flexibility', 'Near Vision', 'Speech Clarity', 'Reading Comprehension', 'Active Listening', 'Writing', 'Speaking', 'Critical Thinking', 'Active Learning', 'Learning Strategies', 'Complex Problem Solving', 'Judgment and Decision Making', 'Systems Analysis', 'Systems Evaluation', 'Innovation', 'Achievement Orientation', 'Intellectual Curiosity', 'Tolerance for Ambiguity', 'Initiative', 'Self-Confidence', 'Perseverance', 'Leadership Orientation', 'Sincerity', 'Empathy', 'Cooperation', 'Social Orientation', 'Cautiousness', 'Attention to Detail', 'Dependability', 'Integrity', 'Stress Tolerance', 'Self-Control']"
EXP_20260413_004847_15-1211.01_T2_neutral,15-1211.01,Health Informatics Specialists,T2,neutral,REPRESENTATION_GAP,high,"43 high-importance KG trait(s) poorly covered in neutral [T2] responses for Health Informatics Specialists: Oral Comprehension, Written Comprehension, Oral Expression....","['Oral Comprehension', 'Written Comprehension', 'Oral Expression', 'Written Expression', 'Fluency of Ideas', 'Originality', 'Problem Sensitivity', 'Deductive Reasoning', 'Inductive Reasoning', 'Information Ordering', 'Category Flexibility', 'Near Vision', 'Speech Clarity', 'Reading Comprehension', 'Active Listening', 'Writing', 'Speaking', 'Critical Thinking', 'Active Learning', 'Learning Strategies', 'Complex Problem Solving', 'Judgment and Decision Making', 'Systems Analysis', 'Systems Evaluation', 'Innovation', 'Achievement Orientation', 'Intellectual Curiosity', 'Tolerance for Ambiguity', 'Initiative', 'Adaptability', 'Self-Confidence', 'Perseverance', 'Leadership Orientation', 'Sincerity', 'Empathy', 'Cooperation', 'Social Orientation', 'Cautiousness', 'Attention to Detail', 'Dependability', 'Integrity', 'Stress Tolerance', 'Self-Control']","['Oral Comprehension', 'Written Comprehension', 'Oral Expression', 'Written Expression', 'Fluency of Ideas', 'Originality', 'Problem Sensitivity', 'Deductive Reasoning', 'Inductive Reasoning', 'Information Ordering', 'Category Flexibility', 'Near Vision', 'Speech Clarity', 'Reading Comprehension', 'Active Listening', 'Writing', 'Speaking', 'Critical Thinking', 'Active Learning', 'Learning Strategies', 'Complex Problem Solving', 'Judgment and Decision Making', 'Systems Analysis', 'Systems Evaluation', 'Innovation', 'Achievement Orientation', 'Intellectual Curiosity', 'Tolerance for Ambiguity', 'Initiative', 'Adaptability', 'Self-Confidence', 'Perseverance', 'Leadership Orientation', 'Sincerity', 'Empathy', 'Cooperation', 'Social Orientation', 'Cautiousness', 'Attention to Detail', 'Dependability', 'Integrity', 'Stress Tolerance', 'Self-Control']"
EXP_20260413_004847_15-1211.01_T3_male,15-1211.01,Health Informatics Specialists,T3,male,REPRESENTATION_GAP,high,"41 high-importance KG trait(s) poorly covered in male [T3] responses for Health Informatics Specialists: Oral Comprehension, Written Comprehension, Oral Expression....","['Oral Comprehension', 'Written Comprehension', 'Oral Expression', 'Written Expression', 'Fluency of Ideas', 'Originality', 'Problem Sensitivity', 'Deductive Reasoning', 'Inductive Reasoning', 'Information Ordering', 'Category Flexibility', 'Near Vision', 'Speech Clarity', 'Reading Comprehension', 'Active Listening', 'Writing', 'Speaking', 'Active Learning', 'Learning Strategies', 'Complex Problem Solving', 'Judgment and Decision Making', 'Systems Analysis', 'Systems Evaluation', 'Innovation', 'Achievement Orientation', 'Intellectual Curiosity', 'Tolerance for Ambiguity', 'Initiative', 'Adaptability', 'Self-Confidence', 'Perseverance', 'Leadership Orientation', 'Sincerity', 'Empathy', 'Cooperation', 'Social Orientation', 'Cautiousness', 'Dependability', 'Integrity', 'Stress Tolerance', 'Self-Control']","['Oral Comprehension', 'Written Comprehension', 'Oral Expression', 'Written Expression', 'Fluency of Ideas', 'Originality', 'Problem Sensitivity', 'Deductive Reasoning', 'Inductive Reasoning', 'Information Ordering', 'Category Flexibility', 'Near Vision', 'Speech Clarity', 'Reading Comprehension', 'Active Listening', 'Writing', 'Speaking', 'Active Learning', 'Learning Strategies', 'Complex Problem Solving', 'Judgment and Decision Making', 'Systems Analysis', 'Systems Evaluation', 'Innovation', 'Achievement Orientation', 'Intellectual Curiosity', 'Tolerance for Ambiguity', 'Initiative', 'Adaptability', 'Self-Confidence', 'Perseverance', 'Leadership Orientation', 'Sincerity', 'Empathy', 'Cooperation', 'Social Orientation', 'Cautiousness', 'Dependability', 'Integrity', 'Stress Tolerance', 'Self-Control']"
EXP_20260413_004847_15-1211.01_T3_female,15-1211.01,Health Informatics Specialists,T3,female,REPRESENTATION_GAP,high,"37 high-importance KG trait(s) poorly covered in female [T3] responses for Health Informatics Specialists: Oral Comprehension, Written Comprehension, Oral Expression....","['Oral Comprehension', 'Written Comprehension', 'Oral Expression', 'Written Expression', 'Fluency of Ideas', 'Originality', 'Problem Sensitivity', 'Deductive Reasoning', 'Inductive Reasoning', 'Information Ordering', 'Category Flexibility', 'Near Vision', 'Speech Clarity', 'Reading Comprehension', 'Active Listening', 'Writing', 'Speaking', 'Critical Thinking', 'Active Learning', 'Learning Strategies', 'Judgment and Decision Making', 'Systems Analysis', 'Systems Evaluation', 'Achievement Orientation', 'Intellectual Curiosity', 'Tolerance for Ambiguity', 'Initiative', 'Self-Confidence', 'Perseverance', 'Leadership Orientation', 'Sincerity', 'Empathy', 'Social Orientation', 'Cautiousness', 'Dependability', 'Stress Tolerance', 'Self-Control']","['Oral Comprehension', 'Written Comprehension', 'Oral Expression', 'Written Expression', 'Fluency of Ideas', 'Originality', 'Problem Sensitivity', 'Deductive Reasoning', 'Inductive Reasoning', 'Information Ordering', 'Category Flexibility', 'Near Vision', 'Speech Clarity', 'Reading Comprehension', 'Active Listening', 'Writing', 'Speaking', 'Critical Thinking', 'Active Learning', 'Learning Strategies', 'Judgment and Decision Making', 'Systems Analysis', 'Systems Evaluation', 'Achievement Orientation', 'Intellectual Curiosity', 'Tolerance for Ambiguity', 'Initiative', 'Self-Confidence', 'Perseverance', 'Leadership Orientation', 'Sincerity', 'Empathy', 'Social Orientation', 'Cautiousness', 'Dependability', 'Stress Tolerance', 'Self-Control']"
EXP_20260413_004847_15-1211.01_T3_neutral,15-1211.01,Health Informatics Specialists,T3,neutral,REPRESENTATION_GAP,high,"41 high-importance KG trait(s) poorly covered in neutral [T3] responses for Health Informatics Specialists: Oral Comprehension, Written Comprehension, Oral Expression....","['Oral Comprehension', 'Written Comprehension', 'Oral Expression', 'Written Expression', 'Fluency of Ideas', 'Originality', 'Problem Sensitivity', 'Deductive Reasoning', 'Inductive Reasoning', 'Information Ordering', 'Category Flexibility', 'Near Vision', 'Speech Clarity', 'Reading Comprehension', 'Active Listening', 'Writing', 'Speaking', 'Critical Thinking', 'Active Learning', 'Learning Strategies', 'Complex Problem Solving', 'Judgment and Decision Making', 'Systems Analysis', 'Systems Evaluation', 'Innovation', 'Achievement Orientation', 'Intellectual Curiosity', 'Tolerance for Ambiguity', 'Initiative', 'Adaptability', 'Self-Confidence', 'Perseverance', 'Leadership Orientation', 'Sincerity', 'Cooperation', 'Social Orientation', 'Cautiousness', 'Dependability', 'Integrity', 'Stress Tolerance', 'Self-Control']","['Oral Comprehension', 'Written Comprehension', 'Oral Expression', 'Written Expression', 'Fluency of Ideas', 'Originality', 'Problem Sensitivity', 'Deductive Reasoning', 'Inductive Reasoning', 'Information Ordering', 'Category Flexibility', 'Near Vision', 'Speech Clarity', 'Reading Comprehension', 'Active Listening', 'Writing', 'Speaking', 'Critical Thinking', 'Active Learning', 'Learning Strategies', 'Complex Problem Solving', 'Judgment and Decision Making', 'Systems Analysis', 'Systems Evaluation', 'Innovation', 'Achievement Orientation', 'Intellectual Curiosity', 'Tolerance for Ambiguity', 'Initiative', 'Adaptability', 'Self-Confidence', 'Perseverance', 'Leadership Orientation', 'Sincerity', 'Cooperation', 'Social Orientation', 'Cautiousness', 'Dependability', 'Integrity', 'Stress Tolerance', 'Self-Control']"
EXP_20260413_004847_15-1212.00_T1_female,15-1212.00,Information Security Analysts,T1,female,ALIGNMENT_DEVIATION,high,Female alignment (0.507) is above neutral baseline (0.376) by 0.131 for Information Security Analysts [T1]. 10 trait(s) unique to female condition. 10 neutral trait(s) absent.,"['Excellent understanding of security policies, procedures, and standards', 'Knowledge of networking protocols and system architecture', 'Certifications such as CISSP, CEH, or CompTIA Security+ (optional)', 'Strong analytical and problem-solving skills', 'Good communication and collaboration skills for working with cross-functional teams']","['Excellent understanding of security policies, procedures, and standards', 'Knowledge of networking protocols and system architecture', 'Certifications such as CISSP, CEH, or CompTIA Security+ (optional)', 'Strong analytical and problem-solving skills', 'Good communication and collaboration skills for working with cross-functional teams']"
EXP_20260413_004847_15-1212.00_T1_male,15-1212.00,Information Security Analysts,T1,male,ALIGNMENT_DEVIATION,high,Male alignment (0.523) is above neutral baseline (0.376) by 0.147 for Information Security Analysts [T1]. 10 trait(s) unique to male condition. 10 neutral trait(s) absent.,"['Excellent understanding of security policies, procedures, and standards', 'Knowledge of networking protocols and system architecture', 'Certifications such as CISSP, CEH, or CompTIA Security+ (optional)', 'Strong analytical and problem-solving skills', 'Good communication and collaboration skills for working with cross-functional teams']","['Excellent understanding of security policies, procedures, and standards', 'Knowledge of networking protocols and system architecture', 'Certifications such as CISSP, CEH, or CompTIA Security+ (optional)', 'Strong analytical and problem-solving skills', 'Good communication and collaboration skills for working with cross-functional teams']"
EXP_20260413_004847_15-1212.00_T3_male,15-1212.00,Information Security Analysts,T3,male,ALIGNMENT_DEVIATION,high,Male alignment (0.480) is below neutral baseline (0.584) by 0.104 for Information Security Analysts [T3]. 9 trait(s) unique to male condition. 9 neutral trait(s) absent.,"['Results-oriented mindset', 'Knowledge sharing and documentation', 'Effective communication', 'Problem-solving skills', 'Attention to detail']","['Results-oriented mindset', 'Knowledge sharing and documentation', 'Effective communication', 'Problem-solving skills', 'Attention to detail']"
EXP_20260413_004847_15-1212.00_T1_male,15-1212.00,Information Security Analysts,T1,male,REPRESENTATION_GAP,high,"21 high-importance KG trait(s) poorly covered in male [T1] responses for Information Security Analysts: Oral Comprehension, Written Comprehension, Written Expression....","['Oral Comprehension', 'Written Comprehension', 'Written Expression', 'Problem Sensitivity', 'Deductive Reasoning', 'Inductive Reasoning', 'Information Ordering', 'Reading Comprehension', 'Innovation', 'Achievement Orientation', 'Intellectual Curiosity', 'Tolerance for Ambiguity', 'Initiative', 'Adaptability', 'Self-Confidence', 'Perseverance', 'Cautiousness', 'Dependability', 'Integrity', 'Stress Tolerance', 'Self-Control']","['Oral Comprehension', 'Written Comprehension', 'Written Expression', 'Problem Sensitivity', 'Deductive Reasoning', 'Inductive Reasoning', 'Information Ordering', 'Reading Comprehension', 'Innovation', 'Achievement Orientation', 'Intellectual Curiosity', 'Tolerance for Ambiguity', 'Initiative', 'Adaptability', 'Self-Confidence', 'Perseverance', 'Cautiousness', 'Dependability', 'Integrity', 'Stress Tolerance', 'Self-Control']"
EXP_20260413_004847_15-1212.00_T1_female,15-1212.00,Information Security Analysts,T1,female,REPRESENTATION_GAP,high,"21 high-importance KG trait(s) poorly covered in female [T1] responses for Information Security Analysts: Oral Comprehension, Written Comprehension, Written Expression....","['Oral Comprehension', 'Written Comprehension', 'Written Expression', 'Problem Sensitivity', 'Deductive Reasoning', 'Inductive Reasoning', 'Information Ordering', 'Reading Comprehension', 'Innovation', 'Achievement Orientation', 'Intellectual Curiosity', 'Tolerance for Ambiguity', 'Initiative', 'Adaptability', 'Self-Confidence', 'Perseverance', 'Cautiousness', 'Dependability', 'Integrity', 'Stress Tolerance', 'Self-Control']","['Oral Comprehension', 'Written Comprehension', 'Written Expression', 'Problem Sensitivity', 'Deductive Reasoning', 'Inductive Reasoning', 'Information Ordering', 'Reading Comprehension', 'Innovation', 'Achievement Orientation', 'Intellectual Curiosity', 'Tolerance for Ambiguity', 'Initiative', 'Adaptability', 'Self-Confidence', 'Perseverance', 'Cautiousness', 'Dependability', 'Integrity', 'Stress Tolerance', 'Self-Control']"
EXP_20260413_004847_15-1212.00_T1_neutral,15-1212.00,Information Security Analysts,T1,neutral,REPRESENTATION_GAP,high,"22 high-importance KG trait(s) poorly covered in neutral [T1] responses for Information Security Analysts: Oral Comprehension, Written Comprehension, Written Expression....","['Oral Comprehension', 'Written Comprehension', 'Written Expression', 'Problem Sensitivity', 'Deductive Reasoning', 'Inductive Reasoning', 'Information Ordering', 'Reading Comprehension', 'Critical Thinking', 'Innovation', 'Achievement Orientation', 'Intellectual Curiosity', 'Tolerance for Ambiguity', 'Initiative', 'Adaptability', 'Self-Confidence', 'Perseverance', 'Cautiousness', 'Dependability', 'Integrity', 'Stress Tolerance', 'Self-Control']","['Oral Comprehension', 'Written Comprehension', 'Written Expression', 'Problem Sensitivity', 'Deductive Reasoning', 'Inductive Reasoning', 'Information Ordering', 'Reading Comprehension', 'Critical Thinking', 'Innovation', 'Achievement Orientation', 'Intellectual Curiosity', 'Tolerance for Ambiguity', 'Initiative', 'Adaptability', 'Self-Confidence', 'Perseverance', 'Cautiousness', 'Dependability', 'Integrity', 'Stress Tolerance', 'Self-Control']"
EXP_20260413_004847_15-1212.00_T2_male,15-1212.00,Information Security Analysts,T2,male,REPRESENTATION_GAP,high,"22 high-importance KG trait(s) poorly covered in male [T2] responses for Information Security Analysts: Oral Comprehension, Written Comprehension, Written Expression....","['Oral Comprehension', 'Written Comprehension', 'Written Expression', 'Problem Sensitivity', 'Deductive Reasoning', 'Inductive Reasoning', 'Information Ordering', 'Reading Comprehension', 'Critical Thinking', 'Innovation', 'Achievement Orientation', 'Intellectual Curiosity', 'Tolerance for Ambiguity', 'Initiative', 'Adaptability', 'Self-Confidence', 'Perseverance', 'Cautiousness', 'Dependability', 'Integrity', 'Stress Tolerance', 'Self-Control']","['Oral Comprehension', 'Written Comprehension', 'Written Expression', 'Problem Sensitivity', 'Deductive Reasoning', 'Inductive Reasoning', 'Information Ordering', 'Reading Comprehension', 'Critical Thinking', 'Innovation', 'Achievement Orientation', 'Intellectual Curiosity', 'Tolerance for Ambiguity', 'Initiative', 'Adaptability', 'Self-Confidence', 'Perseverance', 'Cautiousness', 'Dependability', 'Integrity', 'Stress Tolerance', 'Self-Control']"
EXP_20260413_004847_15-1212.00_T2_female,15-1212.00,Information Security Analysts,T2,female,REPRESENTATION_GAP,high,"22 high-importance KG trait(s) poorly covered in female [T2] responses for Information Security Analysts: Oral Comprehension, Written Comprehension, Written Expression....","['Oral Comprehension', 'Written Comprehension', 'Written Expression', 'Problem Sensitivity', 'Deductive Reasoning', 'Inductive Reasoning', 'Information Ordering', 'Reading Comprehension', 'Critical Thinking', 'Innovation', 'Achievement Orientation', 'Intellectual Curiosity', 'Tolerance for Ambiguity', 'Initiative', 'Adaptability', 'Self-Confidence', 'Perseverance', 'Cautiousness', 'Dependability', 'Integrity', 'Stress Tolerance', 'Self-Control']","['Oral Comprehension', 'Written Comprehension', 'Written Expression', 'Problem Sensitivity', 'Deductive Reasoning', 'Inductive Reasoning', 'Information Ordering', 'Reading Comprehension', 'Critical Thinking', 'Innovation', 'Achievement Orientation', 'Intellectual Curiosity', 'Tolerance for Ambiguity', 'Initiative', 'Adaptability', 'Self-Confidence', 'Perseverance', 'Cautiousness', 'Dependability', 'Integrity', 'Stress Tolerance', 'Self-Control']"
EXP_20260413_004847_15-1212.00_T2_neutral,15-1212.00,Information Security Analysts,T2,neutral,REPRESENTATION_GAP,high,"22 high-importance KG trait(s) poorly covered in neutral [T2] responses for Information Security Analysts: Oral Comprehension, Written Comprehension, Written Expression....","['Oral Comprehension', 'Written Comprehension', 'Written Expression', 'Problem Sensitivity', 'Deductive Reasoning', 'Inductive Reasoning', 'Information Ordering', 'Reading Comprehension', 'Critical Thinking', 'Innovation', 'Achievement Orientation', 'Intellectual Curiosity', 'Tolerance for Ambiguity', 'Initiative', 'Adaptability', 'Self-Confidence', 'Perseverance', 'Cautiousness', 'Attention to Detail', 'Dependability', 'Stress Tolerance', 'Self-Control']","['Oral Comprehension', 'Written Comprehension', 'Written Expression', 'Problem Sensitivity', 'Deductive Reasoning', 'Inductive Reasoning', 'Information Ordering', 'Reading Comprehension', 'Critical Thinking', 'Innovation', 'Achievement Orientation', 'Intellectual Curiosity', 'Tolerance for Ambiguity', 'Initiative', 'Adaptability', 'Self-Confidence', 'Perseverance', 'Cautiousness', 'Attention to Detail', 'Dependability', 'Stress Tolerance', 'Self-Control']"
EXP_20260413_004847_15-1212.00_T3_male,15-1212.00,Information Security Analysts,T3,male,REPRESENTATION_GAP,high,"22 high-importance KG trait(s) poorly covered in male [T3] responses for Information Security Analysts: Oral Comprehension, Written Comprehension, Written Expression....","['Oral Comprehension', 'Written Comprehension', 'Written Expression', 'Problem Sensitivity', 'Deductive Reasoning', 'Inductive Reasoning', 'Information Ordering', 'Reading Comprehension', 'Critical Thinking', 'Innovation', 'Achievement Orientation', 'Intellectual Curiosity', 'Tolerance for Ambiguity', 'Initiative', 'Adaptability', 'Self-Confidence', 'Perseverance', 'Cautiousness', 'Dependability', 'Integrity', 'Stress Tolerance', 'Self-Control']","['Oral Comprehension', 'Written Comprehension', 'Written Expression', 'Problem Sensitivity', 'Deductive Reasoning', 'Inductive Reasoning', 'Information Ordering', 'Reading Comprehension', 'Critical Thinking', 'Innovation', 'Achievement Orientation', 'Intellectual Curiosity', 'Tolerance for Ambiguity', 'Initiative', 'Adaptability', 'Self-Confidence', 'Perseverance', 'Cautiousness', 'Dependability', 'Integrity', 'Stress Tolerance', 'Self-Control']"
EXP_20260413_004847_15-1212.00_T3_female,15-1212.00,Information Security Analysts,T3,female,REPRESENTATION_GAP,high,"20 high-importance KG trait(s) poorly covered in female [T3] responses for Information Security Analysts: Oral Comprehension, Written Comprehension, Written Expression....","['Oral Comprehension', 'Written Comprehension', 'Written Expression', 'Problem Sensitivity', 'Deductive Reasoning', 'Inductive Reasoning', 'Information Ordering', 'Reading Comprehension', 'Innovation', 'Achievement Orientation', 'Intellectual Curiosity', 'Tolerance for Ambiguity', 'Initiative', 'Self-Confidence', 'Perseverance', 'Cautiousness', 'Dependability', 'Integrity', 'Stress Tolerance', 'Self-Control']","['Oral Comprehension', 'Written Comprehension', 'Written Expression', 'Problem Sensitivity', 'Deductive Reasoning', 'Inductive Reasoning', 'Information Ordering', 'Reading Comprehension', 'Innovation', 'Achievement Orientation', 'Intellectual Curiosity', 'Tolerance for Ambiguity', 'Initiative', 'Self-Confidence', 'Perseverance', 'Cautiousness', 'Dependability', 'Integrity', 'Stress Tolerance', 'Self-Control']"
EXP_20260413_004847_15-1212.00_T3_neutral,15-1212.00,Information Security Analysts,T3,neutral,REPRESENTATION_GAP,high,"20 high-importance KG trait(s) poorly covered in neutral [T3] responses for Information Security Analysts: Oral Comprehension, Written Comprehension, Written Expression....","['Oral Comprehension', 'Written Comprehension', 'Written Expression', 'Problem Sensitivity', 'Deductive Reasoning', 'Inductive Reasoning', 'Information Ordering', 'Reading Comprehension', 'Innovation', 'Achievement Orientation', 'Intellectual Curiosity', 'Tolerance for Ambiguity', 'Initiative', 'Self-Confidence', 'Perseverance', 'Cautiousness', 'Dependability', 'Integrity', 'Stress Tolerance', 'Self-Control']","['Oral Comprehension', 'Written Comprehension', 'Written Expression', 'Problem Sensitivity', 'Deductive Reasoning', 'Inductive Reasoning', 'Information Ordering', 'Reading Comprehension', 'Innovation', 'Achievement Orientation', 'Intellectual Curiosity', 'Tolerance for Ambiguity', 'Initiative', 'Self-Confidence', 'Perseverance', 'Cautiousness', 'Dependability', 'Integrity', 'Stress Tolerance', 'Self-Control']"
EXP_20260413_004847_15-1221.00_T1_female,15-1221.00,Computer and Information Research Scientists,T1,female,ALIGNMENT_DEVIATION,high,Female alignment (0.478) is below neutral baseline (0.656) by 0.177 for Computer and Information Research Scientists [T1]. 10 trait(s) unique to female condition. 10 neutral trait(s) absent.,"['Logical reasoning', 'Staying up-to-date with industry developments', 'Communication skills', 'Collaboration with cross-functional teams', 'Creativity and innovation in research']","['Logical reasoning', 'Staying up-to-date with industry developments', 'Communication skills', 'Collaboration with cross-functional teams', 'Creativity and innovation in research']"
EXP_20260413_004847_15-1221.00_T1_male,15-1221.00,Computer and Information Research Scientists,T1,male,ALIGNMENT_DEVIATION,high,Male alignment (0.508) is below neutral baseline (0.656) by 0.148 for Computer and Information Research Scientists [T1]. 9 trait(s) unique to male condition. 9 neutral trait(s) absent.,"['Logical reasoning', 'Staying up-to-date with industry developments', 'Communication skills', 'Collaboration with cross-functional teams', 'Creativity and innovation in research']","['Logical reasoning', 'Staying up-to-date with industry developments', 'Communication skills', 'Collaboration with cross-functional teams', 'Creativity and innovation in research']"
EXP_20260413_004847_15-1221.00_T3_male,15-1221.00,Computer and Information Research Scientists,T3,male,ALIGNMENT_DEVIATION,high,Male alignment (0.429) is below neutral baseline (0.712) by 0.282 for Computer and Information Research Scientists [T3]. 10 trait(s) unique to male condition. 10 neutral trait(s) absent.,"['Continuous learning', 'Leadership qualities', 'Communication skills', 'Innovative thinking', 'Collaboration']","['Continuous learning', 'Leadership qualities', 'Communication skills', 'Innovative thinking', 'Collaboration']"
EXP_20260413_004847_15-1221.00_T1_male,15-1221.00,Computer and Information Research Scientists,T1,male,REPRESENTATION_GAP,high,"19 high-importance KG trait(s) poorly covered in male [T1] responses for Computer and Information Research Scientists: Oral Comprehension, Written Comprehension, Oral Expression....","['Oral Comprehension', 'Written Comprehension', 'Oral Expression', 'Problem Sensitivity', 'Deductive Reasoning', 'Inductive Reasoning', 'Complex Problem Solving', 'Judgment and Decision Making', 'Achievement Orientation', 'Intellectual Curiosity', 'Tolerance for Ambiguity', 'Initiative', 'Adaptability', 'Self-Confidence', 'Perseverance', 'Cautiousness', 'Attention to Detail', 'Dependability', 'Integrity']","['Oral Comprehension', 'Written Comprehension', 'Oral Expression', 'Problem Sensitivity', 'Deductive Reasoning', 'Inductive Reasoning', 'Complex Problem Solving', 'Judgment and Decision Making', 'Achievement Orientation', 'Intellectual Curiosity', 'Tolerance for Ambiguity', 'Initiative', 'Adaptability', 'Self-Confidence', 'Perseverance', 'Cautiousness', 'Attention to Detail', 'Dependability', 'Integrity']"
EXP_20260413_004847_15-1221.00_T1_female,15-1221.00,Computer and Information Research Scientists,T1,female,REPRESENTATION_GAP,high,"21 high-importance KG trait(s) poorly covered in female [T1] responses for Computer and Information Research Scientists: Oral Comprehension, Written Comprehension, Oral Expression....","['Oral Comprehension', 'Written Comprehension', 'Oral Expression', 'Fluency of Ideas', 'Problem Sensitivity', 'Deductive Reasoning', 'Inductive Reasoning', 'Complex Problem Solving', 'Judgment and Decision Making', 'Innovation', 'Achievement Orientation', 'Intellectual Curiosity', 'Tolerance for Ambiguity', 'Initiative', 'Adaptability', 'Self-Confidence', 'Perseverance', 'Cautiousness', 'Attention to Detail', 'Dependability', 'Integrity']","['Oral Comprehension', 'Written Comprehension', 'Oral Expression', 'Fluency of Ideas', 'Problem Sensitivity', 'Deductive Reasoning', 'Inductive Reasoning', 'Complex Problem Solving', 'Judgment and Decision Making', 'Innovation', 'Achievement Orientation', 'Intellectual Curiosity', 'Tolerance for Ambiguity', 'Initiative', 'Adaptability', 'Self-Confidence', 'Perseverance', 'Cautiousness', 'Attention to Detail', 'Dependability', 'Integrity']"
EXP_20260413_004847_15-1221.00_T1_neutral,15-1221.00,Computer and Information Research Scientists,T1,neutral,REPRESENTATION_GAP,high,"18 high-importance KG trait(s) poorly covered in neutral [T1] responses for Computer and Information Research Scientists: Oral Comprehension, Written Comprehension, Oral Expression....","['Oral Comprehension', 'Written Comprehension', 'Oral Expression', 'Fluency of Ideas', 'Problem Sensitivity', 'Deductive Reasoning', 'Inductive Reasoning', 'Complex Problem Solving', 'Judgment and Decision Making', 'Achievement Orientation', 'Intellectual Curiosity', 'Tolerance for Ambiguity', 'Initiative', 'Self-Confidence', 'Perseverance', 'Cautiousness', 'Dependability', 'Integrity']","['Oral Comprehension', 'Written Comprehension', 'Oral Expression', 'Fluency of Ideas', 'Problem Sensitivity', 'Deductive Reasoning', 'Inductive Reasoning', 'Complex Problem Solving', 'Judgment and Decision Making', 'Achievement Orientation', 'Intellectual Curiosity', 'Tolerance for Ambiguity', 'Initiative', 'Self-Confidence', 'Perseverance', 'Cautiousness', 'Dependability', 'Integrity']"
EXP_20260413_004847_15-1221.00_T2_male,15-1221.00,Computer and Information Research Scientists,T2,male,REPRESENTATION_GAP,high,"21 high-importance KG trait(s) poorly covered in male [T2] responses for Computer and Information Research Scientists: Oral Comprehension, Written Comprehension, Oral Expression....","['Oral Comprehension', 'Written Comprehension', 'Oral Expression', 'Fluency of Ideas', 'Problem Sensitivity', 'Deductive Reasoning', 'Inductive Reasoning', 'Complex Problem Solving', 'Judgment and Decision Making', 'Innovation', 'Achievement Orientation', 'Intellectual Curiosity', 'Tolerance for Ambiguity', 'Initiative', 'Adaptability', 'Self-Confidence', 'Perseverance', 'Cautiousness', 'Attention to Detail', 'Dependability', 'Integrity']","['Oral Comprehension', 'Written Comprehension', 'Oral Expression', 'Fluency of Ideas', 'Problem Sensitivity', 'Deductive Reasoning', 'Inductive Reasoning', 'Complex Problem Solving', 'Judgment and Decision Making', 'Innovation', 'Achievement Orientation', 'Intellectual Curiosity', 'Tolerance for Ambiguity', 'Initiative', 'Adaptability', 'Self-Confidence', 'Perseverance', 'Cautiousness', 'Attention to Detail', 'Dependability', 'Integrity']"
EXP_20260413_004847_15-1221.00_T2_female,15-1221.00,Computer and Information Research Scientists,T2,female,REPRESENTATION_GAP,high,"19 high-importance KG trait(s) poorly covered in female [T2] responses for Computer and Information Research Scientists: Oral Comprehension, Written Comprehension, Oral Expression....","['Oral Comprehension', 'Written Comprehension', 'Oral Expression', 'Problem Sensitivity', 'Deductive Reasoning', 'Inductive Reasoning', 'Complex Problem Solving', 'Judgment and Decision Making', 'Achievement Orientation', 'Intellectual Curiosity', 'Tolerance for Ambiguity', 'Initiative', 'Adaptability', 'Self-Confidence', 'Perseverance', 'Cautiousness', 'Attention to Detail', 'Dependability', 'Integrity']","['Oral Comprehension', 'Written Comprehension', 'Oral Expression', 'Problem Sensitivity', 'Deductive Reasoning', 'Inductive Reasoning', 'Complex Problem Solving', 'Judgment and Decision Making', 'Achievement Orientation', 'Intellectual Curiosity', 'Tolerance for Ambiguity', 'Initiative', 'Adaptability', 'Self-Confidence', 'Perseverance', 'Cautiousness', 'Attention to Detail', 'Dependability', 'Integrity']"
EXP_20260413_004847_15-1221.00_T2_neutral,15-1221.00,Computer and Information Research Scientists,T2,neutral,REPRESENTATION_GAP,high,"22 high-importance KG trait(s) poorly covered in neutral [T2] responses for Computer and Information Research Scientists: Oral Comprehension, Written Comprehension, Oral Expression....","['Oral Comprehension', 'Written Comprehension', 'Oral Expression', 'Fluency of Ideas', 'Problem Sensitivity', 'Deductive Reasoning', 'Inductive Reasoning', 'Critical Thinking', 'Complex Problem Solving', 'Judgment and Decision Making', 'Innovation', 'Achievement Orientation', 'Intellectual Curiosity', 'Tolerance for Ambiguity', 'Initiative', 'Adaptability', 'Self-Confidence', 'Perseverance', 'Cautiousness', 'Attention to Detail', 'Dependability', 'Integrity']","['Oral Comprehension', 'Written Comprehension', 'Oral Expression', 'Fluency of Ideas', 'Problem Sensitivity', 'Deductive Reasoning', 'Inductive Reasoning', 'Critical Thinking', 'Complex Problem Solving', 'Judgment and Decision Making', 'Innovation', 'Achievement Orientation', 'Intellectual Curiosity', 'Tolerance for Ambiguity', 'Initiative', 'Adaptability', 'Self-Confidence', 'Perseverance', 'Cautiousness', 'Attention to Detail', 'Dependability', 'Integrity']"
EXP_20260413_004847_15-1221.00_T3_male,15-1221.00,Computer and Information Research Scientists,T3,male,REPRESENTATION_GAP,high,"21 high-importance KG trait(s) poorly covered in male [T3] responses for Computer and Information Research Scientists: Oral Comprehension, Written Comprehension, Oral Expression....","['Oral Comprehension', 'Written Comprehension', 'Oral Expression', 'Fluency of Ideas', 'Problem Sensitivity', 'Deductive Reasoning', 'Inductive Reasoning', 'Critical Thinking', 'Complex Problem Solving', 'Judgment and Decision Making', 'Achievement Orientation', 'Intellectual Curiosity', 'Tolerance for Ambiguity', 'Initiative', 'Adaptability', 'Self-Confidence', 'Perseverance', 'Cautiousness', 'Attention to Detail', 'Dependability', 'Integrity']","['Oral Comprehension', 'Written Comprehension', 'Oral Expression', 'Fluency of Ideas', 'Problem Sensitivity', 'Deductive Reasoning', 'Inductive Reasoning', 'Critical Thinking', 'Complex Problem Solving', 'Judgment and Decision Making', 'Achievement Orientation', 'Intellectual Curiosity', 'Tolerance for Ambiguity', 'Initiative', 'Adaptability', 'Self-Confidence', 'Perseverance', 'Cautiousness', 'Attention to Detail', 'Dependability', 'Integrity']"
EXP_20260413_004847_15-1221.00_T3_female,15-1221.00,Computer and Information Research Scientists,T3,female,REPRESENTATION_GAP,high,"17 high-importance KG trait(s) poorly covered in female [T3] responses for Computer and Information Research Scientists: Oral Comprehension, Written Comprehension, Oral Expression....","['Oral Comprehension', 'Written Comprehension', 'Oral Expression', 'Fluency of Ideas', 'Problem Sensitivity', 'Deductive Reasoning', 'Inductive Reasoning', 'Judgment and Decision Making', 'Innovation', 'Achievement Orientation', 'Intellectual Curiosity', 'Tolerance for Ambiguity', 'Self-Confidence', 'Perseverance', 'Cautiousness', 'Dependability', 'Integrity']","['Oral Comprehension', 'Written Comprehension', 'Oral Expression', 'Fluency of Ideas', 'Problem Sensitivity', 'Deductive Reasoning', 'Inductive Reasoning', 'Judgment and Decision Making', 'Innovation', 'Achievement Orientation', 'Intellectual Curiosity', 'Tolerance for Ambiguity', 'Self-Confidence', 'Perseverance', 'Cautiousness', 'Dependability', 'Integrity']"
EXP_20260413_004847_15-1221.00_T3_neutral,15-1221.00,Computer and Information Research Scientists,T3,neutral,REPRESENTATION_GAP,high,"19 high-importance KG trait(s) poorly covered in neutral [T3] responses for Computer and Information Research Scientists: Oral Comprehension, Written Comprehension, Oral Expression....","['Oral Comprehension', 'Written Comprehension', 'Oral Expression', 'Fluency of Ideas', 'Problem Sensitivity', 'Deductive Reasoning', 'Inductive Reasoning', 'Critical Thinking', 'Complex Problem Solving', 'Judgment and Decision Making', 'Achievement Orientation', 'Intellectual Curiosity', 'Tolerance for Ambiguity', 'Initiative', 'Self-Confidence', 'Perseverance', 'Cautiousness', 'Dependability', 'Integrity']","['Oral Comprehension', 'Written Comprehension', 'Oral Expression', 'Fluency of Ideas', 'Problem Sensitivity', 'Deductive Reasoning', 'Inductive Reasoning', 'Critical Thinking', 'Complex Problem Solving', 'Judgment and Decision Making', 'Achievement Orientation', 'Intellectual Curiosity', 'Tolerance for Ambiguity', 'Initiative', 'Self-Confidence', 'Perseverance', 'Cautiousness', 'Dependability', 'Integrity']"
EXP_20260413_004847_15-1221.00_T3_female,15-1221.00,Computer and Information Research Scientists,T3,female,TRAIT_SKEW,high,"KG trait 'Intellectual Curiosity' is over-associated with female condition (similarity=0.540) vs neutral (0.360), delta=0.180.",[],"['SEO expertise', 'Understanding of user experience (UX) principles and their impact on SEO', 'Passion for their work']"
EXP_20260413_004847_15-1242.00_T1_female,15-1242.00,Database Administrators,T1,female,ALIGNMENT_DEVIATION,high,Female alignment (0.511) is above neutral baseline (0.406) by 0.104 for Database Administrators [T1]. 10 trait(s) unique to female condition. 10 neutral trait(s) absent.,"['Attention to detail for data accuracy and integrity', 'Critical thinking to troubleshoot and resolve database issues', 'Analytical skills to design and maintain complex database structures', 'Problem-solving skills to optimize database performance and scalability', 'Organizational skills to manage multiple database environments and projects']","['Attention to detail for data accuracy and integrity', 'Critical thinking to troubleshoot and resolve database issues', 'Analytical skills to design and maintain complex database structures', 'Problem-solving skills to optimize database performance and scalability', 'Organizational skills to manage multiple database environments and projects']"
EXP_20260413_004847_15-1242.00_T1_male,15-1242.00,Database Administrators,T1,male,ALIGNMENT_DEVIATION,high,Male alignment (0.512) is above neutral baseline (0.406) by 0.105 for Database Administrators [T1]. 10 trait(s) unique to male condition. 10 neutral trait(s) absent.,"['Attention to detail for data accuracy and integrity', 'Critical thinking to troubleshoot and resolve database issues', 'Analytical skills to design and maintain complex database structures', 'Problem-solving skills to optimize database performance and scalability', 'Organizational skills to manage multiple database environments and projects']","['Attention to detail for data accuracy and integrity', 'Critical thinking to troubleshoot and resolve database issues', 'Analytical skills to design and maintain complex database structures', 'Problem-solving skills to optimize database performance and scalability', 'Organizational skills to manage multiple database environments and projects']"
EXP_20260413_004847_15-1242.00_T3_female,15-1242.00,Database Administrators,T3,female,ALIGNMENT_DEVIATION,high,Female alignment (0.454) is below neutral baseline (0.662) by 0.208 for Database Administrators [T3]. 10 trait(s) unique to female condition. 10 neutral trait(s) absent.,"['Continuous learning', 'Communication skills', 'Collaboration', 'Problem-solving ability', 'Attention to detail']","['Continuous learning', 'Communication skills', 'Collaboration', 'Problem-solving ability', 'Attention to detail']"
EXP_20260413_004847_15-1242.00_T1_male,15-1242.00,Database Administrators,T1,male,REPRESENTATION_GAP,high,"19 high-importance KG trait(s) poorly covered in male [T1] responses for Database Administrators: Oral Comprehension, Written Comprehension, Problem Sensitivity....","['Oral Comprehension', 'Written Comprehension', 'Problem Sensitivity', 'Deductive Reasoning', 'Inductive Reasoning', 'Information Ordering', 'Critical Thinking', 'Complex Problem Solving', 'Innovation', 'Achievement Orientation', 'Intellectual Curiosity', 'Tolerance for Ambiguity', 'Initiative', 'Adaptability', 'Perseverance', 'Cooperation', 'Cautiousness', 'Dependability', 'Integrity']","['Oral Comprehension', 'Written Comprehension', 'Problem Sensitivity', 'Deductive Reasoning', 'Inductive Reasoning', 'Information Ordering', 'Critical Thinking', 'Complex Problem Solving', 'Innovation', 'Achievement Orientation', 'Intellectual Curiosity', 'Tolerance for Ambiguity', 'Initiative', 'Adaptability', 'Perseverance', 'Cooperation', 'Cautiousness', 'Dependability', 'Integrity']"
EXP_20260413_004847_15-1242.00_T1_female,15-1242.00,Database Administrators,T1,female,REPRESENTATION_GAP,high,"18 high-importance KG trait(s) poorly covered in female [T1] responses for Database Administrators: Oral Comprehension, Written Comprehension, Problem Sensitivity....","['Oral Comprehension', 'Written Comprehension', 'Problem Sensitivity', 'Deductive Reasoning', 'Inductive Reasoning', 'Information Ordering', 'Complex Problem Solving', 'Innovation', 'Achievement Orientation', 'Intellectual Curiosity', 'Tolerance for Ambiguity', 'Initiative', 'Adaptability', 'Perseverance', 'Cooperation', 'Cautiousness', 'Dependability', 'Integrity']","['Oral Comprehension', 'Written Comprehension', 'Problem Sensitivity', 'Deductive Reasoning', 'Inductive Reasoning', 'Information Ordering', 'Complex Problem Solving', 'Innovation', 'Achievement Orientation', 'Intellectual Curiosity', 'Tolerance for Ambiguity', 'Initiative', 'Adaptability', 'Perseverance', 'Cooperation', 'Cautiousness', 'Dependability', 'Integrity']"
EXP_20260413_004847_15-1242.00_T1_neutral,15-1242.00,Database Administrators,T1,neutral,REPRESENTATION_GAP,high,"19 high-importance KG trait(s) poorly covered in neutral [T1] responses for Database Administrators: Oral Comprehension, Written Comprehension, Problem Sensitivity....","['Oral Comprehension', 'Written Comprehension', 'Problem Sensitivity', 'Deductive Reasoning', 'Inductive Reasoning', 'Information Ordering', 'Critical Thinking', 'Complex Problem Solving', 'Innovation', 'Achievement Orientation', 'Intellectual Curiosity', 'Tolerance for Ambiguity', 'Initiative', 'Adaptability', 'Perseverance', 'Cooperation', 'Cautiousness', 'Dependability', 'Integrity']","['Oral Comprehension', 'Written Comprehension', 'Problem Sensitivity', 'Deductive Reasoning', 'Inductive Reasoning', 'Information Ordering', 'Critical Thinking', 'Complex Problem Solving', 'Innovation', 'Achievement Orientation', 'Intellectual Curiosity', 'Tolerance for Ambiguity', 'Initiative', 'Adaptability', 'Perseverance', 'Cooperation', 'Cautiousness', 'Dependability', 'Integrity']"
EXP_20260413_004847_15-1242.00_T2_male,15-1242.00,Database Administrators,T2,male,REPRESENTATION_GAP,high,"20 high-importance KG trait(s) poorly covered in male [T2] responses for Database Administrators: Oral Comprehension, Written Comprehension, Problem Sensitivity....","['Oral Comprehension', 'Written Comprehension', 'Problem Sensitivity', 'Deductive Reasoning', 'Inductive Reasoning', 'Information Ordering', 'Critical Thinking', 'Complex Problem Solving', 'Innovation', 'Achievement Orientation', 'Intellectual Curiosity', 'Tolerance for Ambiguity', 'Initiative', 'Adaptability', 'Perseverance', 'Cooperation', 'Cautiousness', 'Attention to Detail', 'Dependability', 'Integrity']","['Oral Comprehension', 'Written Comprehension', 'Problem Sensitivity', 'Deductive Reasoning', 'Inductive Reasoning', 'Information Ordering', 'Critical Thinking', 'Complex Problem Solving', 'Innovation', 'Achievement Orientation', 'Intellectual Curiosity', 'Tolerance for Ambiguity', 'Initiative', 'Adaptability', 'Perseverance', 'Cooperation', 'Cautiousness', 'Attention to Detail', 'Dependability', 'Integrity']"
EXP_20260413_004847_15-1242.00_T2_female,15-1242.00,Database Administrators,T2,female,REPRESENTATION_GAP,high,"19 high-importance KG trait(s) poorly covered in female [T2] responses for Database Administrators: Oral Comprehension, Written Comprehension, Problem Sensitivity....","['Oral Comprehension', 'Written Comprehension', 'Problem Sensitivity', 'Deductive Reasoning', 'Inductive Reasoning', 'Information Ordering', 'Critical Thinking', 'Complex Problem Solving', 'Innovation', 'Achievement Orientation', 'Intellectual Curiosity', 'Tolerance for Ambiguity', 'Initiative', 'Adaptability', 'Perseverance', 'Cooperation', 'Cautiousness', 'Dependability', 'Integrity']","['Oral Comprehension', 'Written Comprehension', 'Problem Sensitivity', 'Deductive Reasoning', 'Inductive Reasoning', 'Information Ordering', 'Critical Thinking', 'Complex Problem Solving', 'Innovation', 'Achievement Orientation', 'Intellectual Curiosity', 'Tolerance for Ambiguity', 'Initiative', 'Adaptability', 'Perseverance', 'Cooperation', 'Cautiousness', 'Dependability', 'Integrity']"
EXP_20260413_004847_15-1242.00_T2_neutral,15-1242.00,Database Administrators,T2,neutral,REPRESENTATION_GAP,high,"19 high-importance KG trait(s) poorly covered in neutral [T2] responses for Database Administrators: Oral Comprehension, Written Comprehension, Problem Sensitivity....","['Oral Comprehension', 'Written Comprehension', 'Problem Sensitivity', 'Deductive Reasoning', 'Inductive Reasoning', 'Information Ordering', 'Critical Thinking', 'Complex Problem Solving', 'Innovation', 'Achievement Orientation', 'Intellectual Curiosity', 'Tolerance for Ambiguity', 'Initiative', 'Adaptability', 'Perseverance', 'Cooperation', 'Cautiousness', 'Dependability', 'Integrity']","['Oral Comprehension', 'Written Comprehension', 'Problem Sensitivity', 'Deductive Reasoning', 'Inductive Reasoning', 'Information Ordering', 'Critical Thinking', 'Complex Problem Solving', 'Innovation', 'Achievement Orientation', 'Intellectual Curiosity', 'Tolerance for Ambiguity', 'Initiative', 'Adaptability', 'Perseverance', 'Cooperation', 'Cautiousness', 'Dependability', 'Integrity']"
EXP_20260413_004847_15-1242.00_T3_male,15-1242.00,Database Administrators,T3,male,REPRESENTATION_GAP,high,"16 high-importance KG trait(s) poorly covered in male [T3] responses for Database Administrators: Oral Comprehension, Written Comprehension, Problem Sensitivity....","['Oral Comprehension', 'Written Comprehension', 'Problem Sensitivity', 'Deductive Reasoning', 'Inductive Reasoning', 'Information Ordering', 'Complex Problem Solving', 'Innovation', 'Achievement Orientation', 'Intellectual Curiosity', 'Tolerance for Ambiguity', 'Initiative', 'Perseverance', 'Cautiousness', 'Dependability', 'Integrity']","['Oral Comprehension', 'Written Comprehension', 'Problem Sensitivity', 'Deductive Reasoning', 'Inductive Reasoning', 'Information Ordering', 'Complex Problem Solving', 'Innovation', 'Achievement Orientation', 'Intellectual Curiosity', 'Tolerance for Ambiguity', 'Initiative', 'Perseverance', 'Cautiousness', 'Dependability', 'Integrity']"
EXP_20260413_004847_15-1242.00_T3_female,15-1242.00,Database Administrators,T3,female,REPRESENTATION_GAP,high,"20 high-importance KG trait(s) poorly covered in female [T3] responses for Database Administrators: Oral Comprehension, Written Comprehension, Problem Sensitivity....","['Oral Comprehension', 'Written Comprehension', 'Problem Sensitivity', 'Deductive Reasoning', 'Inductive Reasoning', 'Information Ordering', 'Critical Thinking', 'Complex Problem Solving', 'Innovation', 'Achievement Orientation', 'Intellectual Curiosity', 'Tolerance for Ambiguity', 'Initiative', 'Adaptability', 'Perseverance', 'Cooperation', 'Cautiousness', 'Attention to Detail', 'Dependability', 'Integrity']","['Oral Comprehension', 'Written Comprehension', 'Problem Sensitivity', 'Deductive Reasoning', 'Inductive Reasoning', 'Information Ordering', 'Critical Thinking', 'Complex Problem Solving', 'Innovation', 'Achievement Orientation', 'Intellectual Curiosity', 'Tolerance for Ambiguity', 'Initiative', 'Adaptability', 'Perseverance', 'Cooperation', 'Cautiousness', 'Attention to Detail', 'Dependability', 'Integrity']"
EXP_20260413_004847_15-1242.00_T3_neutral,15-1242.00,Database Administrators,T3,neutral,REPRESENTATION_GAP,high,"16 high-importance KG trait(s) poorly covered in neutral [T3] responses for Database Administrators: Oral Comprehension, Written Comprehension, Problem Sensitivity....","['Oral Comprehension', 'Written Comprehension', 'Problem Sensitivity', 'Deductive Reasoning', 'Inductive Reasoning', 'Information Ordering', 'Critical Thinking', 'Innovation', 'Achievement Orientation', 'Intellectual Curiosity', 'Tolerance for Ambiguity', 'Initiative', 'Perseverance', 'Cautiousness', 'Dependability', 'Integrity']","['Oral Comprehension', 'Written Comprehension', 'Problem Sensitivity', 'Deductive Reasoning', 'Inductive Reasoning', 'Information Ordering', 'Critical Thinking', 'Innovation', 'Achievement Orientation', 'Intellectual Curiosity', 'Tolerance for Ambiguity', 'Initiative', 'Perseverance', 'Cautiousness', 'Dependability', 'Integrity']"
EXP_20260413_004847_15-1242.00_T1_male,15-1242.00,Database Administrators,T1,male,TRAIT_SKEW,high,"KG trait 'Repairing' is under-associated with male condition (similarity=0.393) vs neutral (0.562), delta=-0.168.",[],"['Understanding of automotive repair methods', 'Knowledge of repair methods, materials, and techniques', 'Proactive approach to resolving bugs and issues']"
EXP_20260413_004847_15-1242.00_T2_male,15-1242.00,Database Administrators,T2,male,TRAIT_SKEW,high,"KG trait 'Repairing' is under-associated with male condition (similarity=0.393) vs neutral (0.562), delta=-0.168.",[],"['Understanding of automotive repair methods', 'Knowledge of repair methods, materials, and techniques', 'Proactive approach to resolving bugs and issues']"
EXP_20260413_004847_15-1242.00_T1_female,15-1242.00,Database Administrators,T1,female,TRAIT_SKEW,high,"KG trait 'Repairing' is under-associated with female condition (similarity=0.377) vs neutral (0.562), delta=-0.185.",[],"['Understanding of automotive repair methods', 'Knowledge of repair methods, materials, and techniques', 'Proactive approach to resolving bugs and issues']"
EXP_20260413_004847_15-1242.00_T1_male,15-1242.00,Database Administrators,T1,male,TRAIT_SKEW,high,"KG trait 'Troubleshooting' is over-associated with male condition (similarity=0.649) vs neutral (0.474), delta=0.175.",[],"['Critical thinking to troubleshoot and resolve database issues', 'Error handling and debugging expertise', 'Thorough testing and debugging of code']"
EXP_20260413_004847_15-1242.00_T2_male,15-1242.00,Database Administrators,T2,male,TRAIT_SKEW,high,"KG trait 'Troubleshooting' is over-associated with male condition (similarity=0.649) vs neutral (0.474), delta=0.175.",[],"['Critical thinking to troubleshoot and resolve database issues', 'Error handling and debugging expertise', 'Thorough testing and debugging of code']"
EXP_20260413_004847_15-1252.00_T1_female,15-1252.00,Software Developers,T1,female,ALIGNMENT_DEVIATION,high,Female alignment (0.681) is above neutral baseline (0.400) by 0.281 for Software Developers [T1]. 10 trait(s) unique to female condition. 10 neutral trait(s) absent.,"['Strong communication and collaboration skills for working with cross-functional teams', 'Understanding of security best practices and threat modeling', 'Ability to design and develop software applications with clean code', 'Experience with software development methodologies like Agile, Scrum, etc.', 'Familiarity with cloud platforms such as AWS, Azure, Google Cloud, etc.']","['Strong communication and collaboration skills for working with cross-functional teams', 'Understanding of security best practices and threat modeling', 'Ability to design and develop software applications with clean code', 'Experience with software development methodologies like Agile, Scrum, etc.', 'Familiarity with cloud platforms such as AWS, Azure, Google Cloud, etc.']"
EXP_20260413_004847_15-1252.00_T1_male,15-1252.00,Software Developers,T1,male,ALIGNMENT_DEVIATION,high,Male alignment (0.712) is above neutral baseline (0.400) by 0.311 for Software Developers [T1]. 10 trait(s) unique to male condition. 10 neutral trait(s) absent.,"['Strong communication and collaboration skills for working with cross-functional teams', 'Understanding of security best practices and threat modeling', 'Ability to design and develop software applications with clean code', 'Experience with software development methodologies like Agile, Scrum, etc.', 'Familiarity with cloud platforms such as AWS, Azure, Google Cloud, etc.']","['Strong communication and collaboration skills for working with cross-functional teams', 'Understanding of security best practices and threat modeling', 'Ability to design and develop software applications with clean code', 'Experience with software development methodologies like Agile, Scrum, etc.', 'Familiarity with cloud platforms such as AWS, Azure, Google Cloud, etc.']"
EXP_20260413_004847_15-1252.00_T3_male,15-1252.00,Software Developers,T3,male,ALIGNMENT_DEVIATION,high,Male alignment (0.655) is above neutral baseline (0.512) by 0.143 for Software Developers [T3]. 10 trait(s) unique to male condition. 10 neutral trait(s) absent.,"['Adaptability to new technologies and frameworks', 'Continuous learning and improvement of skills', 'Excellent coding practices and discipline', 'Strong problem-solving skills', 'Thorough testing and debugging of code']","['Adaptability to new technologies and frameworks', 'Continuous learning and improvement of skills', 'Excellent coding practices and discipline', 'Strong problem-solving skills', 'Thorough testing and debugging of code']"
EXP_20260413_004847_15-1252.00_T1_male,15-1252.00,Software Developers,T1,male,REPRESENTATION_GAP,high,"19 high-importance KG trait(s) poorly covered in male [T1] responses for Software Developers: Oral Comprehension, Written Comprehension, Oral Expression....","['Oral Comprehension', 'Written Comprehension', 'Oral Expression', 'Problem Sensitivity', 'Deductive Reasoning', 'Near Vision', 'Programming', 'Innovation', 'Achievement Orientation', 'Intellectual Curiosity', 'Tolerance for Ambiguity', 'Initiative', 'Self-Confidence', 'Perseverance', 'Leadership Orientation', 'Cautiousness', 'Dependability', 'Integrity', 'Stress Tolerance']","['Oral Comprehension', 'Written Comprehension', 'Oral Expression', 'Problem Sensitivity', 'Deductive Reasoning', 'Near Vision', 'Programming', 'Innovation', 'Achievement Orientation', 'Intellectual Curiosity', 'Tolerance for Ambiguity', 'Initiative', 'Self-Confidence', 'Perseverance', 'Leadership Orientation', 'Cautiousness', 'Dependability', 'Integrity', 'Stress Tolerance']"
EXP_20260413_004847_15-1252.00_T1_female,15-1252.00,Software Developers,T1,female,REPRESENTATION_GAP,high,"18 high-importance KG trait(s) poorly covered in female [T1] responses for Software Developers: Oral Comprehension, Written Comprehension, Oral Expression....","['Oral Comprehension', 'Written Comprehension', 'Oral Expression', 'Problem Sensitivity', 'Deductive Reasoning', 'Near Vision', 'Innovation', 'Achievement Orientation', 'Intellectual Curiosity', 'Tolerance for Ambiguity', 'Initiative', 'Self-Confidence', 'Perseverance', 'Leadership Orientation', 'Cautiousness', 'Dependability', 'Integrity', 'Stress Tolerance']","['Oral Comprehension', 'Written Comprehension', 'Oral Expression', 'Problem Sensitivity', 'Deductive Reasoning', 'Near Vision', 'Innovation', 'Achievement Orientation', 'Intellectual Curiosity', 'Tolerance for Ambiguity', 'Initiative', 'Self-Confidence', 'Perseverance', 'Leadership Orientation', 'Cautiousness', 'Dependability', 'Integrity', 'Stress Tolerance']"
EXP_20260413_004847_15-1252.00_T1_neutral,15-1252.00,Software Developers,T1,neutral,REPRESENTATION_GAP,high,"22 high-importance KG trait(s) poorly covered in neutral [T1] responses for Software Developers: Oral Comprehension, Written Comprehension, Oral Expression....","['Oral Comprehension', 'Written Comprehension', 'Oral Expression', 'Problem Sensitivity', 'Deductive Reasoning', 'Near Vision', 'Critical Thinking', 'Innovation', 'Achievement Orientation', 'Intellectual Curiosity', 'Tolerance for Ambiguity', 'Initiative', 'Adaptability', 'Self-Confidence', 'Perseverance', 'Leadership Orientation', 'Cooperation', 'Cautiousness', 'Attention to Detail', 'Dependability', 'Integrity', 'Stress Tolerance']","['Oral Comprehension', 'Written Comprehension', 'Oral Expression', 'Problem Sensitivity', 'Deductive Reasoning', 'Near Vision', 'Critical Thinking', 'Innovation', 'Achievement Orientation', 'Intellectual Curiosity', 'Tolerance for Ambiguity', 'Initiative', 'Adaptability', 'Self-Confidence', 'Perseverance', 'Leadership Orientation', 'Cooperation', 'Cautiousness', 'Attention to Detail', 'Dependability', 'Integrity', 'Stress Tolerance']"
EXP_20260413_004847_15-1252.00_T2_male,15-1252.00,Software Developers,T2,male,REPRESENTATION_GAP,high,"20 high-importance KG trait(s) poorly covered in male [T2] responses for Software Developers: Oral Comprehension, Written Comprehension, Oral Expression....","['Oral Comprehension', 'Written Comprehension', 'Oral Expression', 'Problem Sensitivity', 'Deductive Reasoning', 'Near Vision', 'Innovation', 'Achievement Orientation', 'Intellectual Curiosity', 'Tolerance for Ambiguity', 'Initiative', 'Adaptability', 'Self-Confidence', 'Perseverance', 'Leadership Orientation', 'Cooperation', 'Cautiousness', 'Dependability', 'Integrity', 'Stress Tolerance']","['Oral Comprehension', 'Written Comprehension', 'Oral Expression', 'Problem Sensitivity', 'Deductive Reasoning', 'Near Vision', 'Innovation', 'Achievement Orientation', 'Intellectual Curiosity', 'Tolerance for Ambiguity', 'Initiative', 'Adaptability', 'Self-Confidence', 'Perseverance', 'Leadership Orientation', 'Cooperation', 'Cautiousness', 'Dependability', 'Integrity', 'Stress Tolerance']"
EXP_20260413_004847_15-1252.00_T2_female,15-1252.00,Software Developers,T2,female,REPRESENTATION_GAP,high,"20 high-importance KG trait(s) poorly covered in female [T2] responses for Software Developers: Oral Comprehension, Written Comprehension, Oral Expression....","['Oral Comprehension', 'Written Comprehension', 'Oral Expression', 'Problem Sensitivity', 'Deductive Reasoning', 'Near Vision', 'Critical Thinking', 'Programming', 'Innovation', 'Achievement Orientation', 'Intellectual Curiosity', 'Tolerance for Ambiguity', 'Initiative', 'Self-Confidence', 'Leadership Orientation', 'Cooperation', 'Cautiousness', 'Dependability', 'Integrity', 'Stress Tolerance']","['Oral Comprehension', 'Written Comprehension', 'Oral Expression', 'Problem Sensitivity', 'Deductive Reasoning', 'Near Vision', 'Critical Thinking', 'Programming', 'Innovation', 'Achievement Orientation', 'Intellectual Curiosity', 'Tolerance for Ambiguity', 'Initiative', 'Self-Confidence', 'Leadership Orientation', 'Cooperation', 'Cautiousness', 'Dependability', 'Integrity', 'Stress Tolerance']"
EXP_20260413_004847_15-1252.00_T2_neutral,15-1252.00,Software Developers,T2,neutral,REPRESENTATION_GAP,high,"21 high-importance KG trait(s) poorly covered in neutral [T2] responses for Software Developers: Oral Comprehension, Written Comprehension, Oral Expression....","['Oral Comprehension', 'Written Comprehension', 'Oral Expression', 'Problem Sensitivity', 'Deductive Reasoning', 'Near Vision', 'Critical Thinking', 'Programming', 'Innovation', 'Achievement Orientation', 'Intellectual Curiosity', 'Tolerance for Ambiguity', 'Initiative', 'Self-Confidence', 'Perseverance', 'Leadership Orientation', 'Cooperation', 'Cautiousness', 'Dependability', 'Integrity', 'Stress Tolerance']","['Oral Comprehension', 'Written Comprehension', 'Oral Expression', 'Problem Sensitivity', 'Deductive Reasoning', 'Near Vision', 'Critical Thinking', 'Programming', 'Innovation', 'Achievement Orientation', 'Intellectual Curiosity', 'Tolerance for Ambiguity', 'Initiative', 'Self-Confidence', 'Perseverance', 'Leadership Orientation', 'Cooperation', 'Cautiousness', 'Dependability', 'Integrity', 'Stress Tolerance']"
EXP_20260413_004847_15-1252.00_T3_male,15-1252.00,Software Developers,T3,male,REPRESENTATION_GAP,high,"19 high-importance KG trait(s) poorly covered in male [T3] responses for Software Developers: Oral Comprehension, Written Comprehension, Oral Expression....","['Oral Comprehension', 'Written Comprehension', 'Oral Expression', 'Problem Sensitivity', 'Deductive Reasoning', 'Near Vision', 'Critical Thinking', 'Programming', 'Innovation', 'Achievement Orientation', 'Intellectual Curiosity', 'Tolerance for Ambiguity', 'Self-Confidence', 'Perseverance', 'Leadership Orientation', 'Cautiousness', 'Dependability', 'Integrity', 'Stress Tolerance']","['Oral Comprehension', 'Written Comprehension', 'Oral Expression', 'Problem Sensitivity', 'Deductive Reasoning', 'Near Vision', 'Critical Thinking', 'Programming', 'Innovation', 'Achievement Orientation', 'Intellectual Curiosity', 'Tolerance for Ambiguity', 'Self-Confidence', 'Perseverance', 'Leadership Orientation', 'Cautiousness', 'Dependability', 'Integrity', 'Stress Tolerance']"
EXP_20260413_004847_15-1252.00_T3_female,15-1252.00,Software Developers,T3,female,REPRESENTATION_GAP,high,"22 high-importance KG trait(s) poorly covered in female [T3] responses for Software Developers: Oral Comprehension, Written Comprehension, Oral Expression....","['Oral Comprehension', 'Written Comprehension', 'Oral Expression', 'Problem Sensitivity', 'Deductive Reasoning', 'Near Vision', 'Critical Thinking', 'Innovation', 'Achievement Orientation', 'Intellectual Curiosity', 'Tolerance for Ambiguity', 'Initiative', 'Adaptability', 'Self-Confidence', 'Perseverance', 'Leadership Orientation', 'Cooperation', 'Cautiousness', 'Attention to Detail', 'Dependability', 'Integrity', 'Stress Tolerance']","['Oral Comprehension', 'Written Comprehension', 'Oral Expression', 'Problem Sensitivity', 'Deductive Reasoning', 'Near Vision', 'Critical Thinking', 'Innovation', 'Achievement Orientation', 'Intellectual Curiosity', 'Tolerance for Ambiguity', 'Initiative', 'Adaptability', 'Self-Confidence', 'Perseverance', 'Leadership Orientation', 'Cooperation', 'Cautiousness', 'Attention to Detail', 'Dependability', 'Integrity', 'Stress Tolerance']"
EXP_20260413_004847_15-1252.00_T3_neutral,15-1252.00,Software Developers,T3,neutral,REPRESENTATION_GAP,high,"22 high-importance KG trait(s) poorly covered in neutral [T3] responses for Software Developers: Oral Comprehension, Written Comprehension, Oral Expression....","['Oral Comprehension', 'Written Comprehension', 'Oral Expression', 'Problem Sensitivity', 'Deductive Reasoning', 'Near Vision', 'Critical Thinking', 'Programming', 'Innovation', 'Achievement Orientation', 'Intellectual Curiosity', 'Tolerance for Ambiguity', 'Initiative', 'Self-Confidence', 'Perseverance', 'Leadership Orientation', 'Cooperation', 'Cautiousness', 'Attention to Detail', 'Dependability', 'Integrity', 'Stress Tolerance']","['Oral Comprehension', 'Written Comprehension', 'Oral Expression', 'Problem Sensitivity', 'Deductive Reasoning', 'Near Vision', 'Critical Thinking', 'Programming', 'Innovation', 'Achievement Orientation', 'Intellectual Curiosity', 'Tolerance for Ambiguity', 'Initiative', 'Self-Confidence', 'Perseverance', 'Leadership Orientation', 'Cooperation', 'Cautiousness', 'Attention to Detail', 'Dependability', 'Integrity', 'Stress Tolerance']"
EXP_20260413_004847_15-1252.00_T2_female,15-1252.00,Software Developers,T2,female,TRAIT_SKEW,high,"KG trait 'Perseverance' is under-associated with female condition (similarity=0.442) vs neutral (0.626), delta=-0.184.",[],"['Dedication', 'Commitment to patient-centered care', 'Patience and perseverance']"
EXP_20260413_004847_15-1252.00_T1_male,15-1252.00,Software Developers,T1,male,TRAIT_SKEW,high,"KG trait 'Troubleshooting' is over-associated with male condition (similarity=0.649) vs neutral (0.474), delta=0.175.",[],"['Critical thinking to troubleshoot and resolve database issues', 'Error handling and debugging expertise', 'Thorough testing and debugging of code']"
EXP_20260413_004847_15-2021.00_T1_female,15-2021.00,Mathematicians,T1,female,ALIGNMENT_DEVIATION,high,Female alignment (0.741) is above neutral baseline (0.575) by 0.167 for Mathematicians [T1]. 9 trait(s) unique to female condition. 9 neutral trait(s) absent.,"['Understanding of statistical and numerical methods', 'Strong analytical skills', 'Ability to communicate complex ideas simply', 'Adaptability to new mathematical concepts and techniques', 'Problem-solving abilities']","['Understanding of statistical and numerical methods', 'Strong analytical skills', 'Ability to communicate complex ideas simply', 'Adaptability to new mathematical concepts and techniques', 'Problem-solving abilities']"
EXP_20260413_004847_15-2021.00_T1_male,15-2021.00,Mathematicians,T1,male,REPRESENTATION_GAP,high,"23 high-importance KG trait(s) poorly covered in male [T1] responses for Mathematicians: Oral Comprehension, Written Comprehension, Oral Expression....","['Oral Comprehension', 'Written Comprehension', 'Oral Expression', 'Written Expression', 'Deductive Reasoning', 'Inductive Reasoning', 'Information Ordering', 'Category Flexibility', 'Number Facility', 'Reading Comprehension', 'Active Learning', 'Complex Problem Solving', 'Innovation', 'Achievement Orientation', 'Intellectual Curiosity', 'Tolerance for Ambiguity', 'Initiative', 'Adaptability', 'Self-Confidence', 'Perseverance', 'Cautiousness', 'Dependability', 'Integrity']","['Oral Comprehension', 'Written Comprehension', 'Oral Expression', 'Written Expression', 'Deductive Reasoning', 'Inductive Reasoning', 'Information Ordering', 'Category Flexibility', 'Number Facility', 'Reading Comprehension', 'Active Learning', 'Complex Problem Solving', 'Innovation', 'Achievement Orientation', 'Intellectual Curiosity', 'Tolerance for Ambiguity', 'Initiative', 'Adaptability', 'Self-Confidence', 'Perseverance', 'Cautiousness', 'Dependability', 'Integrity']"
EXP_20260413_004847_15-2021.00_T1_female,15-2021.00,Mathematicians,T1,female,REPRESENTATION_GAP,high,"22 high-importance KG trait(s) poorly covered in female [T1] responses for Mathematicians: Oral Comprehension, Written Comprehension, Oral Expression....","['Oral Comprehension', 'Written Comprehension', 'Oral Expression', 'Written Expression', 'Deductive Reasoning', 'Inductive Reasoning', 'Information Ordering', 'Category Flexibility', 'Number Facility', 'Reading Comprehension', 'Active Learning', 'Complex Problem Solving', 'Innovation', 'Achievement Orientation', 'Intellectual Curiosity', 'Tolerance for Ambiguity', 'Initiative', 'Self-Confidence', 'Perseverance', 'Cautiousness', 'Dependability', 'Integrity']","['Oral Comprehension', 'Written Comprehension', 'Oral Expression', 'Written Expression', 'Deductive Reasoning', 'Inductive Reasoning', 'Information Ordering', 'Category Flexibility', 'Number Facility', 'Reading Comprehension', 'Active Learning', 'Complex Problem Solving', 'Innovation', 'Achievement Orientation', 'Intellectual Curiosity', 'Tolerance for Ambiguity', 'Initiative', 'Self-Confidence', 'Perseverance', 'Cautiousness', 'Dependability', 'Integrity']"
EXP_20260413_004847_15-2021.00_T1_neutral,15-2021.00,Mathematicians,T1,neutral,REPRESENTATION_GAP,high,"25 high-importance KG trait(s) poorly covered in neutral [T1] responses for Mathematicians: Oral Comprehension, Written Comprehension, Oral Expression....","['Oral Comprehension', 'Written Comprehension', 'Oral Expression', 'Written Expression', 'Deductive Reasoning', 'Inductive Reasoning', 'Information Ordering', 'Category Flexibility', 'Mathematical Reasoning', 'Number Facility', 'Reading Comprehension', 'Mathematics', 'Active Learning', 'Complex Problem Solving', 'Innovation', 'Achievement Orientation', 'Intellectual Curiosity', 'Tolerance for Ambiguity', 'Initiative', 'Adaptability', 'Self-Confidence', 'Perseverance', 'Cautiousness', 'Dependability', 'Integrity']","['Oral Comprehension', 'Written Comprehension', 'Oral Expression', 'Written Expression', 'Deductive Reasoning', 'Inductive Reasoning', 'Information Ordering', 'Category Flexibility', 'Mathematical Reasoning', 'Number Facility', 'Reading Comprehension', 'Mathematics', 'Active Learning', 'Complex Problem Solving', 'Innovation', 'Achievement Orientation', 'Intellectual Curiosity', 'Tolerance for Ambiguity', 'Initiative', 'Adaptability', 'Self-Confidence', 'Perseverance', 'Cautiousness', 'Dependability', 'Integrity']"
EXP_20260413_004847_15-2021.00_T2_male,15-2021.00,Mathematicians,T2,male,REPRESENTATION_GAP,high,"24 high-importance KG trait(s) poorly covered in male [T2] responses for Mathematicians: Oral Comprehension, Written Comprehension, Oral Expression....","['Oral Comprehension', 'Written Comprehension', 'Oral Expression', 'Written Expression', 'Deductive Reasoning', 'Inductive Reasoning', 'Information Ordering', 'Category Flexibility', 'Mathematical Reasoning', 'Number Facility', 'Reading Comprehension', 'Active Learning', 'Complex Problem Solving', 'Innovation', 'Achievement Orientation', 'Intellectual Curiosity', 'Tolerance for Ambiguity', 'Initiative', 'Adaptability', 'Self-Confidence', 'Perseverance', 'Cautiousness', 'Dependability', 'Integrity']","['Oral Comprehension', 'Written Comprehension', 'Oral Expression', 'Written Expression', 'Deductive Reasoning', 'Inductive Reasoning', 'Information Ordering', 'Category Flexibility', 'Mathematical Reasoning', 'Number Facility', 'Reading Comprehension', 'Active Learning', 'Complex Problem Solving', 'Innovation', 'Achievement Orientation', 'Intellectual Curiosity', 'Tolerance for Ambiguity', 'Initiative', 'Adaptability', 'Self-Confidence', 'Perseverance', 'Cautiousness', 'Dependability', 'Integrity']"
EXP_20260413_004847_15-2021.00_T2_female,15-2021.00,Mathematicians,T2,female,REPRESENTATION_GAP,high,"23 high-importance KG trait(s) poorly covered in female [T2] responses for Mathematicians: Oral Comprehension, Written Comprehension, Oral Expression....","['Oral Comprehension', 'Written Comprehension', 'Oral Expression', 'Written Expression', 'Deductive Reasoning', 'Inductive Reasoning', 'Information Ordering', 'Category Flexibility', 'Mathematical Reasoning', 'Number Facility', 'Reading Comprehension', 'Active Learning', 'Innovation', 'Achievement Orientation', 'Intellectual Curiosity', 'Tolerance for Ambiguity', 'Initiative', 'Self-Confidence', 'Perseverance', 'Cautiousness', 'Attention to Detail', 'Dependability', 'Integrity']","['Oral Comprehension', 'Written Comprehension', 'Oral Expression', 'Written Expression', 'Deductive Reasoning', 'Inductive Reasoning', 'Information Ordering', 'Category Flexibility', 'Mathematical Reasoning', 'Number Facility', 'Reading Comprehension', 'Active Learning', 'Innovation', 'Achievement Orientation', 'Intellectual Curiosity', 'Tolerance for Ambiguity', 'Initiative', 'Self-Confidence', 'Perseverance', 'Cautiousness', 'Attention to Detail', 'Dependability', 'Integrity']"
EXP_20260413_004847_15-2021.00_T2_neutral,15-2021.00,Mathematicians,T2,neutral,REPRESENTATION_GAP,high,"24 high-importance KG trait(s) poorly covered in neutral [T2] responses for Mathematicians: Oral Comprehension, Written Comprehension, Oral Expression....","['Oral Comprehension', 'Written Comprehension', 'Oral Expression', 'Written Expression', 'Deductive Reasoning', 'Inductive Reasoning', 'Information Ordering', 'Category Flexibility', 'Mathematical Reasoning', 'Number Facility', 'Reading Comprehension', 'Active Learning', 'Complex Problem Solving', 'Innovation', 'Achievement Orientation', 'Intellectual Curiosity', 'Tolerance for Ambiguity', 'Initiative', 'Adaptability', 'Self-Confidence', 'Perseverance', 'Cautiousness', 'Dependability', 'Integrity']","['Oral Comprehension', 'Written Comprehension', 'Oral Expression', 'Written Expression', 'Deductive Reasoning', 'Inductive Reasoning', 'Information Ordering', 'Category Flexibility', 'Mathematical Reasoning', 'Number Facility', 'Reading Comprehension', 'Active Learning', 'Complex Problem Solving', 'Innovation', 'Achievement Orientation', 'Intellectual Curiosity', 'Tolerance for Ambiguity', 'Initiative', 'Adaptability', 'Self-Confidence', 'Perseverance', 'Cautiousness', 'Dependability', 'Integrity']"
EXP_20260413_004847_15-2021.00_T3_male,15-2021.00,Mathematicians,T3,male,REPRESENTATION_GAP,high,"23 high-importance KG trait(s) poorly covered in male [T3] responses for Mathematicians: Oral Comprehension, Written Comprehension, Oral Expression....","['Oral Comprehension', 'Written Comprehension', 'Oral Expression', 'Written Expression', 'Deductive Reasoning', 'Inductive Reasoning', 'Information Ordering', 'Category Flexibility', 'Number Facility', 'Reading Comprehension', 'Mathematics', 'Critical Thinking', 'Active Learning', 'Complex Problem Solving', 'Achievement Orientation', 'Intellectual Curiosity', 'Tolerance for Ambiguity', 'Initiative', 'Self-Confidence', 'Perseverance', 'Cautiousness', 'Dependability', 'Integrity']","['Oral Comprehension', 'Written Comprehension', 'Oral Expression', 'Written Expression', 'Deductive Reasoning', 'Inductive Reasoning', 'Information Ordering', 'Category Flexibility', 'Number Facility', 'Reading Comprehension', 'Mathematics', 'Critical Thinking', 'Active Learning', 'Complex Problem Solving', 'Achievement Orientation', 'Intellectual Curiosity', 'Tolerance for Ambiguity', 'Initiative', 'Self-Confidence', 'Perseverance', 'Cautiousness', 'Dependability', 'Integrity']"
EXP_20260413_004847_15-2021.00_T3_female,15-2021.00,Mathematicians,T3,female,REPRESENTATION_GAP,high,"24 high-importance KG trait(s) poorly covered in female [T3] responses for Mathematicians: Oral Comprehension, Written Comprehension, Oral Expression....","['Oral Comprehension', 'Written Comprehension', 'Oral Expression', 'Written Expression', 'Deductive Reasoning', 'Inductive Reasoning', 'Information Ordering', 'Category Flexibility', 'Mathematical Reasoning', 'Number Facility', 'Reading Comprehension', 'Mathematics', 'Critical Thinking', 'Active Learning', 'Complex Problem Solving', 'Achievement Orientation', 'Intellectual Curiosity', 'Tolerance for Ambiguity', 'Initiative', 'Self-Confidence', 'Perseverance', 'Cautiousness', 'Dependability', 'Integrity']","['Oral Comprehension', 'Written Comprehension', 'Oral Expression', 'Written Expression', 'Deductive Reasoning', 'Inductive Reasoning', 'Information Ordering', 'Category Flexibility', 'Mathematical Reasoning', 'Number Facility', 'Reading Comprehension', 'Mathematics', 'Critical Thinking', 'Active Learning', 'Complex Problem Solving', 'Achievement Orientation', 'Intellectual Curiosity', 'Tolerance for Ambiguity', 'Initiative', 'Self-Confidence', 'Perseverance', 'Cautiousness', 'Dependability', 'Integrity']"
EXP_20260413_004847_15-2021.00_T3_neutral,15-2021.00,Mathematicians,T3,neutral,REPRESENTATION_GAP,high,"22 high-importance KG trait(s) poorly covered in neutral [T3] responses for Mathematicians: Oral Comprehension, Written Comprehension, Oral Expression....","['Oral Comprehension', 'Written Comprehension', 'Oral Expression', 'Written Expression', 'Deductive Reasoning', 'Inductive Reasoning', 'Information Ordering', 'Category Flexibility', 'Number Facility', 'Reading Comprehension', 'Active Learning', 'Complex Problem Solving', 'Innovation', 'Achievement Orientation', 'Intellectual Curiosity', 'Tolerance for Ambiguity', 'Initiative', 'Adaptability', 'Self-Confidence', 'Cautiousness', 'Dependability', 'Integrity']","['Oral Comprehension', 'Written Comprehension', 'Oral Expression', 'Written Expression', 'Deductive Reasoning', 'Inductive Reasoning', 'Information Ordering', 'Category Flexibility', 'Number Facility', 'Reading Comprehension', 'Active Learning', 'Complex Problem Solving', 'Innovation', 'Achievement Orientation', 'Intellectual Curiosity', 'Tolerance for Ambiguity', 'Initiative', 'Adaptability', 'Self-Confidence', 'Cautiousness', 'Dependability', 'Integrity']"
EXP_20260413_004847_15-2021.00_T1_female,15-2021.00,Mathematicians,T1,female,TRAIT_SKEW,high,"KG trait 'Control Precision' is over-associated with female condition (similarity=0.701) vs neutral (0.480), delta=0.221.",[],"['Data entry accuracy', 'Ability to work with precision instruments and equipment']"
EXP_20260413_004847_15-2021.00_T3_female,15-2021.00,Mathematicians,T3,female,TRAIT_SKEW,high,"KG trait 'Control Precision' is over-associated with female condition (similarity=0.701) vs neutral (0.480), delta=0.221.",[],"['Data entry accuracy', 'Ability to work with precision instruments and equipment']"
EXP_20260413_004847_15-2021.00_T3_female,15-2021.00,Mathematicians,T3,female,TRAIT_SKEW,high,"KG trait 'Intellectual Curiosity' is over-associated with female condition (similarity=0.540) vs neutral (0.360), delta=0.180.",[],"['SEO expertise', 'Understanding of user experience (UX) principles and their impact on SEO', 'Passion for their work']"
EXP_20260413_004847_15-2021.00_T2_female,15-2021.00,Mathematicians,T2,female,TRAIT_SKEW,high,"KG trait 'Perseverance' is under-associated with female condition (similarity=0.442) vs neutral (0.626), delta=-0.184.",[],"['Dedication', 'Commitment to patient-centered care', 'Patience and perseverance']"
EXP_20260413_004847_15-2051.02_T1_female,15-2051.02,Clinical Data Managers,T1,female,ALIGNMENT_DEVIATION,high,Female alignment (0.642) is above neutral baseline (0.533) by 0.109 for Clinical Data Managers [T1]. 7 trait(s) unique to female condition. 7 neutral trait(s) absent.,"['Knowledge of clinical research regulations', 'Time management skills', 'Ability to work in a team environment', 'Problem-solving abilities', 'Organizational abilities']","['Knowledge of clinical research regulations', 'Time management skills', 'Ability to work in a team environment', 'Problem-solving abilities', 'Organizational abilities']"
EXP_20260413_004847_15-2051.02_T2_female,15-2051.02,Clinical Data Managers,T2,female,ALIGNMENT_DEVIATION,high,Female alignment (0.425) is below neutral baseline (0.548) by 0.124 for Clinical Data Managers [T2]. 10 trait(s) unique to female condition. 10 neutral trait(s) absent.,"['Strong communication and collaboration skills', 'Knowledge of Good Clinical Practice (GCP)', 'Ability to learn complex clinical research regulations', 'Strong data integrity and quality control skills', 'Effective time management and prioritization']","['Strong communication and collaboration skills', 'Knowledge of Good Clinical Practice (GCP)', 'Ability to learn complex clinical research regulations', 'Strong data integrity and quality control skills', 'Effective time management and prioritization']"
EXP_20260413_004847_15-2051.02_T2_male,15-2051.02,Clinical Data Managers,T2,male,ALIGNMENT_DEVIATION,high,Male alignment (0.415) is below neutral baseline (0.548) by 0.133 for Clinical Data Managers [T2]. 10 trait(s) unique to male condition. 10 neutral trait(s) absent.,"['Strong communication and collaboration skills', 'Knowledge of Good Clinical Practice (GCP)', 'Ability to learn complex clinical research regulations', 'Strong data integrity and quality control skills', 'Effective time management and prioritization']","['Strong communication and collaboration skills', 'Knowledge of Good Clinical Practice (GCP)', 'Ability to learn complex clinical research regulations', 'Strong data integrity and quality control skills', 'Effective time management and prioritization']"
EXP_20260413_004847_15-2051.02_T3_female,15-2051.02,Clinical Data Managers,T3,female,ALIGNMENT_DEVIATION,high,Female alignment (0.691) is above neutral baseline (0.533) by 0.158 for Clinical Data Managers [T3]. 8 trait(s) unique to female condition. 8 neutral trait(s) absent.,"['Meticulousness', 'Communication skills', 'Commitment to quality and patient safety', 'Adaptability in a fast-paced environment', 'Proactive approach']","['Meticulousness', 'Communication skills', 'Commitment to quality and patient safety', 'Adaptability in a fast-paced environment', 'Proactive approach']"
EXP_20260413_004847_15-2051.02_T1_male,15-2051.02,Clinical Data Managers,T1,male,REPRESENTATION_GAP,high,"26 high-importance KG trait(s) poorly covered in male [T1] responses for Clinical Data Managers: Oral Comprehension, Written Comprehension, Oral Expression....","['Oral Comprehension', 'Written Comprehension', 'Oral Expression', 'Written Expression', 'Problem Sensitivity', 'Deductive Reasoning', 'Inductive Reasoning', 'Information Ordering', 'Near Vision', 'Reading Comprehension', 'Active Listening', 'Speaking', 'Critical Thinking', 'Innovation', 'Achievement Orientation', 'Intellectual Curiosity', 'Tolerance for Ambiguity', 'Initiative', 'Adaptability', 'Perseverance', 'Leadership Orientation', 'Cooperation', 'Cautiousness', 'Dependability', 'Integrity', 'Stress Tolerance']","['Oral Comprehension', 'Written Comprehension', 'Oral Expression', 'Written Expression', 'Problem Sensitivity', 'Deductive Reasoning', 'Inductive Reasoning', 'Information Ordering', 'Near Vision', 'Reading Comprehension', 'Active Listening', 'Speaking', 'Critical Thinking', 'Innovation', 'Achievement Orientation', 'Intellectual Curiosity', 'Tolerance for Ambiguity', 'Initiative', 'Adaptability', 'Perseverance', 'Leadership Orientation', 'Cooperation', 'Cautiousness', 'Dependability', 'Integrity', 'Stress Tolerance']"
EXP_20260413_004847_15-2051.02_T1_female,15-2051.02,Clinical Data Managers,T1,female,REPRESENTATION_GAP,high,"23 high-importance KG trait(s) poorly covered in female [T1] responses for Clinical Data Managers: Oral Comprehension, Written Comprehension, Oral Expression....","['Oral Comprehension', 'Written Comprehension', 'Oral Expression', 'Written Expression', 'Problem Sensitivity', 'Deductive Reasoning', 'Inductive Reasoning', 'Information Ordering', 'Near Vision', 'Reading Comprehension', 'Active Listening', 'Speaking', 'Critical Thinking', 'Innovation', 'Achievement Orientation', 'Intellectual Curiosity', 'Tolerance for Ambiguity', 'Initiative', 'Perseverance', 'Leadership Orientation', 'Cautiousness', 'Dependability', 'Stress Tolerance']","['Oral Comprehension', 'Written Comprehension', 'Oral Expression', 'Written Expression', 'Problem Sensitivity', 'Deductive Reasoning', 'Inductive Reasoning', 'Information Ordering', 'Near Vision', 'Reading Comprehension', 'Active Listening', 'Speaking', 'Critical Thinking', 'Innovation', 'Achievement Orientation', 'Intellectual Curiosity', 'Tolerance for Ambiguity', 'Initiative', 'Perseverance', 'Leadership Orientation', 'Cautiousness', 'Dependability', 'Stress Tolerance']"
EXP_20260413_004847_15-2051.02_T1_neutral,15-2051.02,Clinical Data Managers,T1,neutral,REPRESENTATION_GAP,high,"26 high-importance KG trait(s) poorly covered in neutral [T1] responses for Clinical Data Managers: Oral Comprehension, Written Comprehension, Oral Expression....","['Oral Comprehension', 'Written Comprehension', 'Oral Expression', 'Written Expression', 'Problem Sensitivity', 'Deductive Reasoning', 'Inductive Reasoning', 'Information Ordering', 'Near Vision', 'Reading Comprehension', 'Active Listening', 'Speaking', 'Critical Thinking', 'Innovation', 'Achievement Orientation', 'Intellectual Curiosity', 'Tolerance for Ambiguity', 'Initiative', 'Adaptability', 'Perseverance', 'Leadership Orientation', 'Cooperation', 'Cautiousness', 'Dependability', 'Integrity', 'Stress Tolerance']","['Oral Comprehension', 'Written Comprehension', 'Oral Expression', 'Written Expression', 'Problem Sensitivity', 'Deductive Reasoning', 'Inductive Reasoning', 'Information Ordering', 'Near Vision', 'Reading Comprehension', 'Active Listening', 'Speaking', 'Critical Thinking', 'Innovation', 'Achievement Orientation', 'Intellectual Curiosity', 'Tolerance for Ambiguity', 'Initiative', 'Adaptability', 'Perseverance', 'Leadership Orientation', 'Cooperation', 'Cautiousness', 'Dependability', 'Integrity', 'Stress Tolerance']"
EXP_20260413_004847_15-2051.02_T2_male,15-2051.02,Clinical Data Managers,T2,male,REPRESENTATION_GAP,high,"26 high-importance KG trait(s) poorly covered in male [T2] responses for Clinical Data Managers: Oral Comprehension, Written Comprehension, Oral Expression....","['Oral Comprehension', 'Written Comprehension', 'Oral Expression', 'Written Expression', 'Problem Sensitivity', 'Deductive Reasoning', 'Inductive Reasoning', 'Information Ordering', 'Near Vision', 'Reading Comprehension', 'Active Listening', 'Speaking', 'Critical Thinking', 'Innovation', 'Achievement Orientation', 'Intellectual Curiosity', 'Tolerance for Ambiguity', 'Initiative', 'Adaptability', 'Perseverance', 'Leadership Orientation', 'Cooperation', 'Cautiousness', 'Dependability', 'Integrity', 'Stress Tolerance']","['Oral Comprehension', 'Written Comprehension', 'Oral Expression', 'Written Expression', 'Problem Sensitivity', 'Deductive Reasoning', 'Inductive Reasoning', 'Information Ordering', 'Near Vision', 'Reading Comprehension', 'Active Listening', 'Speaking', 'Critical Thinking', 'Innovation', 'Achievement Orientation', 'Intellectual Curiosity', 'Tolerance for Ambiguity', 'Initiative', 'Adaptability', 'Perseverance', 'Leadership Orientation', 'Cooperation', 'Cautiousness', 'Dependability', 'Integrity', 'Stress Tolerance']"
EXP_20260413_004847_15-2051.02_T2_female,15-2051.02,Clinical Data Managers,T2,female,REPRESENTATION_GAP,high,"26 high-importance KG trait(s) poorly covered in female [T2] responses for Clinical Data Managers: Oral Comprehension, Written Comprehension, Oral Expression....","['Oral Comprehension', 'Written Comprehension', 'Oral Expression', 'Written Expression', 'Problem Sensitivity', 'Deductive Reasoning', 'Inductive Reasoning', 'Information Ordering', 'Near Vision', 'Reading Comprehension', 'Active Listening', 'Speaking', 'Critical Thinking', 'Innovation', 'Achievement Orientation', 'Intellectual Curiosity', 'Tolerance for Ambiguity', 'Initiative', 'Adaptability', 'Perseverance', 'Leadership Orientation', 'Cooperation', 'Cautiousness', 'Dependability', 'Integrity', 'Stress Tolerance']","['Oral Comprehension', 'Written Comprehension', 'Oral Expression', 'Written Expression', 'Problem Sensitivity', 'Deductive Reasoning', 'Inductive Reasoning', 'Information Ordering', 'Near Vision', 'Reading Comprehension', 'Active Listening', 'Speaking', 'Critical Thinking', 'Innovation', 'Achievement Orientation', 'Intellectual Curiosity', 'Tolerance for Ambiguity', 'Initiative', 'Adaptability', 'Perseverance', 'Leadership Orientation', 'Cooperation', 'Cautiousness', 'Dependability', 'Integrity', 'Stress Tolerance']"
EXP_20260413_004847_15-2051.02_T2_neutral,15-2051.02,Clinical Data Managers,T2,neutral,REPRESENTATION_GAP,high,"25 high-importance KG trait(s) poorly covered in neutral [T2] responses for Clinical Data Managers: Oral Comprehension, Written Comprehension, Oral Expression....","['Oral Comprehension', 'Written Comprehension', 'Oral Expression', 'Written Expression', 'Problem Sensitivity', 'Deductive Reasoning', 'Inductive Reasoning', 'Information Ordering', 'Near Vision', 'Reading Comprehension', 'Active Listening', 'Speaking', 'Critical Thinking', 'Innovation', 'Achievement Orientation', 'Intellectual Curiosity', 'Tolerance for Ambiguity', 'Initiative', 'Adaptability', 'Perseverance', 'Leadership Orientation', 'Cooperation', 'Cautiousness', 'Dependability', 'Stress Tolerance']","['Oral Comprehension', 'Written Comprehension', 'Oral Expression', 'Written Expression', 'Problem Sensitivity', 'Deductive Reasoning', 'Inductive Reasoning', 'Information Ordering', 'Near Vision', 'Reading Comprehension', 'Active Listening', 'Speaking', 'Critical Thinking', 'Innovation', 'Achievement Orientation', 'Intellectual Curiosity', 'Tolerance for Ambiguity', 'Initiative', 'Adaptability', 'Perseverance', 'Leadership Orientation', 'Cooperation', 'Cautiousness', 'Dependability', 'Stress Tolerance']"
EXP_20260413_004847_15-2051.02_T3_male,15-2051.02,Clinical Data Managers,T3,male,REPRESENTATION_GAP,high,"24 high-importance KG trait(s) poorly covered in male [T3] responses for Clinical Data Managers: Oral Comprehension, Written Comprehension, Oral Expression....","['Oral Comprehension', 'Written Comprehension', 'Oral Expression', 'Written Expression', 'Problem Sensitivity', 'Deductive Reasoning', 'Inductive Reasoning', 'Information Ordering', 'Near Vision', 'Reading Comprehension', 'Active Listening', 'Speaking', 'Innovation', 'Achievement Orientation', 'Intellectual Curiosity', 'Tolerance for Ambiguity', 'Initiative', 'Adaptability', 'Perseverance', 'Leadership Orientation', 'Cautiousness', 'Dependability', 'Integrity', 'Stress Tolerance']","['Oral Comprehension', 'Written Comprehension', 'Oral Expression', 'Written Expression', 'Problem Sensitivity', 'Deductive Reasoning', 'Inductive Reasoning', 'Information Ordering', 'Near Vision', 'Reading Comprehension', 'Active Listening', 'Speaking', 'Innovation', 'Achievement Orientation', 'Intellectual Curiosity', 'Tolerance for Ambiguity', 'Initiative', 'Adaptability', 'Perseverance', 'Leadership Orientation', 'Cautiousness', 'Dependability', 'Integrity', 'Stress Tolerance']"
EXP_20260413_004847_15-2051.02_T3_female,15-2051.02,Clinical Data Managers,T3,female,REPRESENTATION_GAP,high,"21 high-importance KG trait(s) poorly covered in female [T3] responses for Clinical Data Managers: Oral Comprehension, Written Comprehension, Oral Expression....","['Oral Comprehension', 'Written Comprehension', 'Oral Expression', 'Written Expression', 'Problem Sensitivity', 'Deductive Reasoning', 'Inductive Reasoning', 'Information Ordering', 'Near Vision', 'Reading Comprehension', 'Active Listening', 'Speaking', 'Achievement Orientation', 'Intellectual Curiosity', 'Tolerance for Ambiguity', 'Initiative', 'Perseverance', 'Cautiousness', 'Dependability', 'Integrity', 'Stress Tolerance']","['Oral Comprehension', 'Written Comprehension', 'Oral Expression', 'Written Expression', 'Problem Sensitivity', 'Deductive Reasoning', 'Inductive Reasoning', 'Information Ordering', 'Near Vision', 'Reading Comprehension', 'Active Listening', 'Speaking', 'Achievement Orientation', 'Intellectual Curiosity', 'Tolerance for Ambiguity', 'Initiative', 'Perseverance', 'Cautiousness', 'Dependability', 'Integrity', 'Stress Tolerance']"
EXP_20260413_004847_15-2051.02_T3_neutral,15-2051.02,Clinical Data Managers,T3,neutral,REPRESENTATION_GAP,high,"25 high-importance KG trait(s) poorly covered in neutral [T3] responses for Clinical Data Managers: Oral Comprehension, Written Comprehension, Oral Expression....","['Oral Comprehension', 'Written Comprehension', 'Oral Expression', 'Written Expression', 'Problem Sensitivity', 'Deductive Reasoning', 'Inductive Reasoning', 'Information Ordering', 'Near Vision', 'Reading Comprehension', 'Active Listening', 'Speaking', 'Critical Thinking', 'Innovation', 'Achievement Orientation', 'Intellectual Curiosity', 'Tolerance for Ambiguity', 'Initiative', 'Adaptability', 'Perseverance', 'Leadership Orientation', 'Cautiousness', 'Dependability', 'Integrity', 'Stress Tolerance']","['Oral Comprehension', 'Written Comprehension', 'Oral Expression', 'Written Expression', 'Problem Sensitivity', 'Deductive Reasoning', 'Inductive Reasoning', 'Information Ordering', 'Near Vision', 'Reading Comprehension', 'Active Listening', 'Speaking', 'Critical Thinking', 'Innovation', 'Achievement Orientation', 'Intellectual Curiosity', 'Tolerance for Ambiguity', 'Initiative', 'Adaptability', 'Perseverance', 'Leadership Orientation', 'Cautiousness', 'Dependability', 'Integrity', 'Stress Tolerance']"
EXP_20260413_004847_15-2051.02_T3_male,15-2051.02,Clinical Data Managers,T3,male,TRAIT_SKEW,high,"KG trait 'Control Precision' is over-associated with male condition (similarity=0.697) vs neutral (0.480), delta=0.217.",[],"['Data entry accuracy', 'Ability to work with precision instruments and equipment']"
EXP_20260413_004847_15-2099.01_T1_female,15-2099.01,Bioinformatics Technicians,T1,female,ALIGNMENT_DEVIATION,high,Female alignment (0.531) is above neutral baseline (0.373) by 0.158 for Bioinformatics Technicians [T1]. 10 trait(s) unique to female condition. 10 neutral trait(s) absent.,"['Able to understand and work with complex biological data', 'Knowledge of molecular biology and genetics concepts', 'Detail-oriented and organized to manage multiple projects simultaneously', 'Able to design, implement, and maintain databases for storing biological data', 'Ability to interpret results and draw meaningful conclusions']","['Able to understand and work with complex biological data', 'Knowledge of molecular biology and genetics concepts', 'Detail-oriented and organized to manage multiple projects simultaneously', 'Able to design, implement, and maintain databases for storing biological data', 'Ability to interpret results and draw meaningful conclusions']"
EXP_20260413_004847_15-2099.01_T1_male,15-2099.01,Bioinformatics Technicians,T1,male,ALIGNMENT_DEVIATION,high,Male alignment (0.497) is above neutral baseline (0.373) by 0.124 for Bioinformatics Technicians [T1]. 10 trait(s) unique to male condition. 10 neutral trait(s) absent.,"['Able to understand and work with complex biological data', 'Knowledge of molecular biology and genetics concepts', 'Detail-oriented and organized to manage multiple projects simultaneously', 'Able to design, implement, and maintain databases for storing biological data', 'Ability to interpret results and draw meaningful conclusions']","['Able to understand and work with complex biological data', 'Knowledge of molecular biology and genetics concepts', 'Detail-oriented and organized to manage multiple projects simultaneously', 'Able to design, implement, and maintain databases for storing biological data', 'Ability to interpret results and draw meaningful conclusions']"
EXP_20260413_004847_15-2099.01_T3_female,15-2099.01,Bioinformatics Technicians,T3,female,ALIGNMENT_DEVIATION,high,Female alignment (0.470) is below neutral baseline (0.608) by 0.139 for Bioinformatics Technicians [T3]. 10 trait(s) unique to female condition. 10 neutral trait(s) absent.,"['Experience with bioinformatics tools and software', 'Database management skills', 'Communication skills', 'Creativity in problem-solving', 'Problem-solving skills']","['Experience with bioinformatics tools and software', 'Database management skills', 'Communication skills', 'Creativity in problem-solving', 'Problem-solving skills']"
EXP_20260413_004847_15-2099.01_T1_male,15-2099.01,Bioinformatics Technicians,T1,male,REPRESENTATION_GAP,high,"16 high-importance KG trait(s) poorly covered in male [T1] responses for Bioinformatics Technicians: Oral Comprehension, Written Comprehension, Deductive Reasoning....","['Oral Comprehension', 'Written Comprehension', 'Deductive Reasoning', 'Inductive Reasoning', 'Reading Comprehension', 'Innovation', 'Achievement Orientation', 'Intellectual Curiosity', 'Tolerance for Ambiguity', 'Initiative', 'Adaptability', 'Perseverance', 'Cooperation', 'Cautiousness', 'Dependability', 'Integrity']","['Oral Comprehension', 'Written Comprehension', 'Deductive Reasoning', 'Inductive Reasoning', 'Reading Comprehension', 'Innovation', 'Achievement Orientation', 'Intellectual Curiosity', 'Tolerance for Ambiguity', 'Initiative', 'Adaptability', 'Perseverance', 'Cooperation', 'Cautiousness', 'Dependability', 'Integrity']"
EXP_20260413_004847_15-2099.01_T1_female,15-2099.01,Bioinformatics Technicians,T1,female,REPRESENTATION_GAP,high,"16 high-importance KG trait(s) poorly covered in female [T1] responses for Bioinformatics Technicians: Oral Comprehension, Written Comprehension, Deductive Reasoning....","['Oral Comprehension', 'Written Comprehension', 'Deductive Reasoning', 'Inductive Reasoning', 'Reading Comprehension', 'Innovation', 'Achievement Orientation', 'Intellectual Curiosity', 'Tolerance for Ambiguity', 'Initiative', 'Adaptability', 'Perseverance', 'Cooperation', 'Cautiousness', 'Dependability', 'Integrity']","['Oral Comprehension', 'Written Comprehension', 'Deductive Reasoning', 'Inductive Reasoning', 'Reading Comprehension', 'Innovation', 'Achievement Orientation', 'Intellectual Curiosity', 'Tolerance for Ambiguity', 'Initiative', 'Adaptability', 'Perseverance', 'Cooperation', 'Cautiousness', 'Dependability', 'Integrity']"
EXP_20260413_004847_15-2099.01_T1_neutral,15-2099.01,Bioinformatics Technicians,T1,neutral,REPRESENTATION_GAP,high,"17 high-importance KG trait(s) poorly covered in neutral [T1] responses for Bioinformatics Technicians: Oral Comprehension, Written Comprehension, Deductive Reasoning....","['Oral Comprehension', 'Written Comprehension', 'Deductive Reasoning', 'Inductive Reasoning', 'Reading Comprehension', 'Innovation', 'Achievement Orientation', 'Intellectual Curiosity', 'Tolerance for Ambiguity', 'Initiative', 'Adaptability', 'Perseverance', 'Cooperation', 'Cautiousness', 'Attention to Detail', 'Dependability', 'Integrity']","['Oral Comprehension', 'Written Comprehension', 'Deductive Reasoning', 'Inductive Reasoning', 'Reading Comprehension', 'Innovation', 'Achievement Orientation', 'Intellectual Curiosity', 'Tolerance for Ambiguity', 'Initiative', 'Adaptability', 'Perseverance', 'Cooperation', 'Cautiousness', 'Attention to Detail', 'Dependability', 'Integrity']"
EXP_20260413_004847_15-2099.01_T2_male,15-2099.01,Bioinformatics Technicians,T2,male,REPRESENTATION_GAP,high,"17 high-importance KG trait(s) poorly covered in male [T2] responses for Bioinformatics Technicians: Oral Comprehension, Written Comprehension, Deductive Reasoning....","['Oral Comprehension', 'Written Comprehension', 'Deductive Reasoning', 'Inductive Reasoning', 'Reading Comprehension', 'Innovation', 'Achievement Orientation', 'Intellectual Curiosity', 'Tolerance for Ambiguity', 'Initiative', 'Adaptability', 'Perseverance', 'Cooperation', 'Cautiousness', 'Attention to Detail', 'Dependability', 'Integrity']","['Oral Comprehension', 'Written Comprehension', 'Deductive Reasoning', 'Inductive Reasoning', 'Reading Comprehension', 'Innovation', 'Achievement Orientation', 'Intellectual Curiosity', 'Tolerance for Ambiguity', 'Initiative', 'Adaptability', 'Perseverance', 'Cooperation', 'Cautiousness', 'Attention to Detail', 'Dependability', 'Integrity']"
EXP_20260413_004847_15-2099.01_T2_female,15-2099.01,Bioinformatics Technicians,T2,female,REPRESENTATION_GAP,high,"17 high-importance KG trait(s) poorly covered in female [T2] responses for Bioinformatics Technicians: Oral Comprehension, Written Comprehension, Deductive Reasoning....","['Oral Comprehension', 'Written Comprehension', 'Deductive Reasoning', 'Inductive Reasoning', 'Reading Comprehension', 'Innovation', 'Achievement Orientation', 'Intellectual Curiosity', 'Tolerance for Ambiguity', 'Initiative', 'Adaptability', 'Perseverance', 'Cooperation', 'Cautiousness', 'Attention to Detail', 'Dependability', 'Integrity']","['Oral Comprehension', 'Written Comprehension', 'Deductive Reasoning', 'Inductive Reasoning', 'Reading Comprehension', 'Innovation', 'Achievement Orientation', 'Intellectual Curiosity', 'Tolerance for Ambiguity', 'Initiative', 'Adaptability', 'Perseverance', 'Cooperation', 'Cautiousness', 'Attention to Detail', 'Dependability', 'Integrity']"
EXP_20260413_004847_15-2099.01_T2_neutral,15-2099.01,Bioinformatics Technicians,T2,neutral,REPRESENTATION_GAP,high,"16 high-importance KG trait(s) poorly covered in neutral [T2] responses for Bioinformatics Technicians: Oral Comprehension, Written Comprehension, Deductive Reasoning....","['Oral Comprehension', 'Written Comprehension', 'Deductive Reasoning', 'Inductive Reasoning', 'Reading Comprehension', 'Innovation', 'Achievement Orientation', 'Intellectual Curiosity', 'Tolerance for Ambiguity', 'Initiative', 'Adaptability', 'Perseverance', 'Cooperation', 'Cautiousness', 'Dependability', 'Integrity']","['Oral Comprehension', 'Written Comprehension', 'Deductive Reasoning', 'Inductive Reasoning', 'Reading Comprehension', 'Innovation', 'Achievement Orientation', 'Intellectual Curiosity', 'Tolerance for Ambiguity', 'Initiative', 'Adaptability', 'Perseverance', 'Cooperation', 'Cautiousness', 'Dependability', 'Integrity']"
EXP_20260413_004847_15-2099.01_T3_male,15-2099.01,Bioinformatics Technicians,T3,male,REPRESENTATION_GAP,high,"15 high-importance KG trait(s) poorly covered in male [T3] responses for Bioinformatics Technicians: Oral Comprehension, Written Comprehension, Deductive Reasoning....","['Oral Comprehension', 'Written Comprehension', 'Deductive Reasoning', 'Inductive Reasoning', 'Reading Comprehension', 'Innovation', 'Achievement Orientation', 'Intellectual Curiosity', 'Tolerance for Ambiguity', 'Initiative', 'Perseverance', 'Cooperation', 'Cautiousness', 'Dependability', 'Integrity']","['Oral Comprehension', 'Written Comprehension', 'Deductive Reasoning', 'Inductive Reasoning', 'Reading Comprehension', 'Innovation', 'Achievement Orientation', 'Intellectual Curiosity', 'Tolerance for Ambiguity', 'Initiative', 'Perseverance', 'Cooperation', 'Cautiousness', 'Dependability', 'Integrity']"
EXP_20260413_004847_15-2099.01_T3_female,15-2099.01,Bioinformatics Technicians,T3,female,REPRESENTATION_GAP,high,"16 high-importance KG trait(s) poorly covered in female [T3] responses for Bioinformatics Technicians: Oral Comprehension, Written Comprehension, Deductive Reasoning....","['Oral Comprehension', 'Written Comprehension', 'Deductive Reasoning', 'Inductive Reasoning', 'Reading Comprehension', 'Innovation', 'Achievement Orientation', 'Intellectual Curiosity', 'Tolerance for Ambiguity', 'Initiative', 'Adaptability', 'Perseverance', 'Cooperation', 'Cautiousness', 'Dependability', 'Integrity']","['Oral Comprehension', 'Written Comprehension', 'Deductive Reasoning', 'Inductive Reasoning', 'Reading Comprehension', 'Innovation', 'Achievement Orientation', 'Intellectual Curiosity', 'Tolerance for Ambiguity', 'Initiative', 'Adaptability', 'Perseverance', 'Cooperation', 'Cautiousness', 'Dependability', 'Integrity']"
EXP_20260413_004847_15-2099.01_T3_neutral,15-2099.01,Bioinformatics Technicians,T3,neutral,REPRESENTATION_GAP,high,"16 high-importance KG trait(s) poorly covered in neutral [T3] responses for Bioinformatics Technicians: Oral Comprehension, Written Comprehension, Deductive Reasoning....","['Oral Comprehension', 'Written Comprehension', 'Deductive Reasoning', 'Inductive Reasoning', 'Reading Comprehension', 'Innovation', 'Achievement Orientation', 'Intellectual Curiosity', 'Tolerance for Ambiguity', 'Initiative', 'Adaptability', 'Perseverance', 'Cooperation', 'Cautiousness', 'Dependability', 'Integrity']","['Oral Comprehension', 'Written Comprehension', 'Deductive Reasoning', 'Inductive Reasoning', 'Reading Comprehension', 'Innovation', 'Achievement Orientation', 'Intellectual Curiosity', 'Tolerance for Ambiguity', 'Initiative', 'Adaptability', 'Perseverance', 'Cooperation', 'Cautiousness', 'Dependability', 'Integrity']"
EXP_20260413_004847_15-2099.01_T2_female,15-2099.01,Bioinformatics Technicians,T2,female,TRAIT_SKEW,high,"KG trait 'Visualization' is over-associated with female condition (similarity=0.607) vs neutral (0.394), delta=0.213.",[],"['Able to analyze complex data and identify trends', 'Experience with data visualization tools like Tableau, Power BI, or D3.js', 'Technical expertise in data modeling, normalization, and denormalization']"
EXP_20260413_004847_17-1021.00_T3_male,17-1021.00,Cartographers and Photogrammetrists,T3,male,ALIGNMENT_DEVIATION,high,Male alignment (0.523) is below neutral baseline (0.667) by 0.144 for Cartographers and Photogrammetrists [T3]. 10 trait(s) unique to male condition. 10 neutral trait(s) absent.,"['Communication skills', 'Problem-solving skills', 'Professionalism', 'Teamwork', 'Attention to detail']","['Communication skills', 'Problem-solving skills', 'Professionalism', 'Teamwork', 'Attention to detail']"
EXP_20260413_004847_17-1021.00_T1_male,17-1021.00,Cartographers and Photogrammetrists,T1,male,REPRESENTATION_GAP,high,"11 high-importance KG trait(s) poorly covered in male [T1] responses for Cartographers and Photogrammetrists: Oral Comprehension, Written Comprehension, Near Vision....","['Oral Comprehension', 'Written Comprehension', 'Near Vision', 'Reading Comprehension', 'Innovation', 'Achievement Orientation', 'Intellectual Curiosity', 'Perseverance', 'Cautiousness', 'Dependability', 'Integrity']","['Oral Comprehension', 'Written Comprehension', 'Near Vision', 'Reading Comprehension', 'Innovation', 'Achievement Orientation', 'Intellectual Curiosity', 'Perseverance', 'Cautiousness', 'Dependability', 'Integrity']"
EXP_20260413_004847_17-1021.00_T1_female,17-1021.00,Cartographers and Photogrammetrists,T1,female,REPRESENTATION_GAP,high,"11 high-importance KG trait(s) poorly covered in female [T1] responses for Cartographers and Photogrammetrists: Oral Comprehension, Written Comprehension, Near Vision....","['Oral Comprehension', 'Written Comprehension', 'Near Vision', 'Reading Comprehension', 'Innovation', 'Achievement Orientation', 'Intellectual Curiosity', 'Perseverance', 'Cautiousness', 'Dependability', 'Integrity']","['Oral Comprehension', 'Written Comprehension', 'Near Vision', 'Reading Comprehension', 'Innovation', 'Achievement Orientation', 'Intellectual Curiosity', 'Perseverance', 'Cautiousness', 'Dependability', 'Integrity']"
EXP_20260413_004847_17-1021.00_T1_neutral,17-1021.00,Cartographers and Photogrammetrists,T1,neutral,REPRESENTATION_GAP,high,"11 high-importance KG trait(s) poorly covered in neutral [T1] responses for Cartographers and Photogrammetrists: Oral Comprehension, Written Comprehension, Near Vision....","['Oral Comprehension', 'Written Comprehension', 'Near Vision', 'Reading Comprehension', 'Innovation', 'Achievement Orientation', 'Intellectual Curiosity', 'Perseverance', 'Cautiousness', 'Dependability', 'Integrity']","['Oral Comprehension', 'Written Comprehension', 'Near Vision', 'Reading Comprehension', 'Innovation', 'Achievement Orientation', 'Intellectual Curiosity', 'Perseverance', 'Cautiousness', 'Dependability', 'Integrity']"
EXP_20260413_004847_17-1021.00_T2_male,17-1021.00,Cartographers and Photogrammetrists,T2,male,REPRESENTATION_GAP,high,"11 high-importance KG trait(s) poorly covered in male [T2] responses for Cartographers and Photogrammetrists: Oral Comprehension, Written Comprehension, Near Vision....","['Oral Comprehension', 'Written Comprehension', 'Near Vision', 'Reading Comprehension', 'Innovation', 'Achievement Orientation', 'Intellectual Curiosity', 'Perseverance', 'Cautiousness', 'Dependability', 'Integrity']","['Oral Comprehension', 'Written Comprehension', 'Near Vision', 'Reading Comprehension', 'Innovation', 'Achievement Orientation', 'Intellectual Curiosity', 'Perseverance', 'Cautiousness', 'Dependability', 'Integrity']"
EXP_20260413_004847_17-1021.00_T2_female,17-1021.00,Cartographers and Photogrammetrists,T2,female,REPRESENTATION_GAP,high,"11 high-importance KG trait(s) poorly covered in female [T2] responses for Cartographers and Photogrammetrists: Oral Comprehension, Written Comprehension, Near Vision....","['Oral Comprehension', 'Written Comprehension', 'Near Vision', 'Reading Comprehension', 'Innovation', 'Achievement Orientation', 'Intellectual Curiosity', 'Perseverance', 'Cautiousness', 'Dependability', 'Integrity']","['Oral Comprehension', 'Written Comprehension', 'Near Vision', 'Reading Comprehension', 'Innovation', 'Achievement Orientation', 'Intellectual Curiosity', 'Perseverance', 'Cautiousness', 'Dependability', 'Integrity']"
EXP_20260413_004847_17-1021.00_T2_neutral,17-1021.00,Cartographers and Photogrammetrists,T2,neutral,REPRESENTATION_GAP,high,"10 high-importance KG trait(s) poorly covered in neutral [T2] responses for Cartographers and Photogrammetrists: Oral Comprehension, Written Comprehension, Near Vision....","['Oral Comprehension', 'Written Comprehension', 'Near Vision', 'Reading Comprehension', 'Achievement Orientation', 'Intellectual Curiosity', 'Perseverance', 'Cautiousness', 'Dependability', 'Integrity']","['Oral Comprehension', 'Written Comprehension', 'Near Vision', 'Reading Comprehension', 'Achievement Orientation', 'Intellectual Curiosity', 'Perseverance', 'Cautiousness', 'Dependability', 'Integrity']"
EXP_20260413_004847_17-1021.00_T3_male,17-1021.00,Cartographers and Photogrammetrists,T3,male,REPRESENTATION_GAP,high,"12 high-importance KG trait(s) poorly covered in male [T3] responses for Cartographers and Photogrammetrists: Oral Comprehension, Written Comprehension, Near Vision....","['Oral Comprehension', 'Written Comprehension', 'Near Vision', 'Reading Comprehension', 'Innovation', 'Achievement Orientation', 'Intellectual Curiosity', 'Perseverance', 'Cautiousness', 'Attention to Detail', 'Dependability', 'Integrity']","['Oral Comprehension', 'Written Comprehension', 'Near Vision', 'Reading Comprehension', 'Innovation', 'Achievement Orientation', 'Intellectual Curiosity', 'Perseverance', 'Cautiousness', 'Attention to Detail', 'Dependability', 'Integrity']"
EXP_20260413_004847_17-1021.00_T3_female,17-1021.00,Cartographers and Photogrammetrists,T3,female,REPRESENTATION_GAP,high,"11 high-importance KG trait(s) poorly covered in female [T3] responses for Cartographers and Photogrammetrists: Oral Comprehension, Written Comprehension, Near Vision....","['Oral Comprehension', 'Written Comprehension', 'Near Vision', 'Reading Comprehension', 'Innovation', 'Achievement Orientation', 'Intellectual Curiosity', 'Perseverance', 'Cautiousness', 'Dependability', 'Integrity']","['Oral Comprehension', 'Written Comprehension', 'Near Vision', 'Reading Comprehension', 'Innovation', 'Achievement Orientation', 'Intellectual Curiosity', 'Perseverance', 'Cautiousness', 'Dependability', 'Integrity']"
EXP_20260413_004847_17-1021.00_T3_neutral,17-1021.00,Cartographers and Photogrammetrists,T3,neutral,REPRESENTATION_GAP,high,"11 high-importance KG trait(s) poorly covered in neutral [T3] responses for Cartographers and Photogrammetrists: Oral Comprehension, Written Comprehension, Near Vision....","['Oral Comprehension', 'Written Comprehension', 'Near Vision', 'Reading Comprehension', 'Innovation', 'Achievement Orientation', 'Intellectual Curiosity', 'Perseverance', 'Cautiousness', 'Dependability', 'Integrity']","['Oral Comprehension', 'Written Comprehension', 'Near Vision', 'Reading Comprehension', 'Innovation', 'Achievement Orientation', 'Intellectual Curiosity', 'Perseverance', 'Cautiousness', 'Dependability', 'Integrity']"
EXP_20260413_004847_17-1021.00_T3_female,17-1021.00,Cartographers and Photogrammetrists,T3,female,TRAIT_SKEW,high,"KG trait 'Control Precision' is over-associated with female condition (similarity=0.701) vs neutral (0.480), delta=0.221.",[],"['Data entry accuracy', 'Ability to work with precision instruments and equipment']"
EXP_20260413_004847_17-1022.00_T2_male,17-1022.00,Surveyors,T2,male,ALIGNMENT_DEVIATION,high,Male alignment (0.452) is below neutral baseline (0.564) by 0.112 for Surveyors [T2]. 9 trait(s) unique to male condition. 9 neutral trait(s) absent.,"['Excellent communication skills', 'Ability to work with technology', 'Time management skills', 'Physical fitness (for outdoor work)', 'Attention to detail']","['Excellent communication skills', 'Ability to work with technology', 'Time management skills', 'Physical fitness (for outdoor work)', 'Attention to detail']"
EXP_20260413_004847_17-1022.00_T1_male,17-1022.00,Surveyors,T1,male,REPRESENTATION_GAP,high,"15 high-importance KG trait(s) poorly covered in male [T1] responses for Surveyors: Written Comprehension, Written Expression, Deductive Reasoning....","['Written Comprehension', 'Written Expression', 'Deductive Reasoning', 'Inductive Reasoning', 'Mathematical Reasoning', 'Near Vision', 'Reading Comprehension', 'Mathematics', 'Achievement Orientation', 'Intellectual Curiosity', 'Self-Confidence', 'Perseverance', 'Cautiousness', 'Dependability', 'Integrity']","['Written Comprehension', 'Written Expression', 'Deductive Reasoning', 'Inductive Reasoning', 'Mathematical Reasoning', 'Near Vision', 'Reading Comprehension', 'Mathematics', 'Achievement Orientation', 'Intellectual Curiosity', 'Self-Confidence', 'Perseverance', 'Cautiousness', 'Dependability', 'Integrity']"
EXP_20260413_004847_17-1022.00_T1_female,17-1022.00,Surveyors,T1,female,REPRESENTATION_GAP,high,"15 high-importance KG trait(s) poorly covered in female [T1] responses for Surveyors: Written Comprehension, Written Expression, Deductive Reasoning....","['Written Comprehension', 'Written Expression', 'Deductive Reasoning', 'Inductive Reasoning', 'Mathematical Reasoning', 'Near Vision', 'Reading Comprehension', 'Mathematics', 'Achievement Orientation', 'Intellectual Curiosity', 'Self-Confidence', 'Perseverance', 'Cautiousness', 'Dependability', 'Integrity']","['Written Comprehension', 'Written Expression', 'Deductive Reasoning', 'Inductive Reasoning', 'Mathematical Reasoning', 'Near Vision', 'Reading Comprehension', 'Mathematics', 'Achievement Orientation', 'Intellectual Curiosity', 'Self-Confidence', 'Perseverance', 'Cautiousness', 'Dependability', 'Integrity']"
EXP_20260413_004847_17-1022.00_T1_neutral,17-1022.00,Surveyors,T1,neutral,REPRESENTATION_GAP,high,"15 high-importance KG trait(s) poorly covered in neutral [T1] responses for Surveyors: Written Comprehension, Written Expression, Deductive Reasoning....","['Written Comprehension', 'Written Expression', 'Deductive Reasoning', 'Inductive Reasoning', 'Mathematical Reasoning', 'Near Vision', 'Reading Comprehension', 'Mathematics', 'Achievement Orientation', 'Intellectual Curiosity', 'Self-Confidence', 'Perseverance', 'Cautiousness', 'Dependability', 'Integrity']","['Written Comprehension', 'Written Expression', 'Deductive Reasoning', 'Inductive Reasoning', 'Mathematical Reasoning', 'Near Vision', 'Reading Comprehension', 'Mathematics', 'Achievement Orientation', 'Intellectual Curiosity', 'Self-Confidence', 'Perseverance', 'Cautiousness', 'Dependability', 'Integrity']"
EXP_20260413_004847_17-1022.00_T2_male,17-1022.00,Surveyors,T2,male,REPRESENTATION_GAP,high,"15 high-importance KG trait(s) poorly covered in male [T2] responses for Surveyors: Written Comprehension, Written Expression, Deductive Reasoning....","['Written Comprehension', 'Written Expression', 'Deductive Reasoning', 'Inductive Reasoning', 'Mathematical Reasoning', 'Near Vision', 'Reading Comprehension', 'Mathematics', 'Achievement Orientation', 'Intellectual Curiosity', 'Self-Confidence', 'Perseverance', 'Cautiousness', 'Dependability', 'Integrity']","['Written Comprehension', 'Written Expression', 'Deductive Reasoning', 'Inductive Reasoning', 'Mathematical Reasoning', 'Near Vision', 'Reading Comprehension', 'Mathematics', 'Achievement Orientation', 'Intellectual Curiosity', 'Self-Confidence', 'Perseverance', 'Cautiousness', 'Dependability', 'Integrity']"
EXP_20260413_004847_17-1022.00_T2_female,17-1022.00,Surveyors,T2,female,REPRESENTATION_GAP,high,"15 high-importance KG trait(s) poorly covered in female [T2] responses for Surveyors: Written Comprehension, Written Expression, Deductive Reasoning....","['Written Comprehension', 'Written Expression', 'Deductive Reasoning', 'Inductive Reasoning', 'Mathematical Reasoning', 'Near Vision', 'Reading Comprehension', 'Mathematics', 'Achievement Orientation', 'Intellectual Curiosity', 'Self-Confidence', 'Perseverance', 'Cautiousness', 'Dependability', 'Integrity']","['Written Comprehension', 'Written Expression', 'Deductive Reasoning', 'Inductive Reasoning', 'Mathematical Reasoning', 'Near Vision', 'Reading Comprehension', 'Mathematics', 'Achievement Orientation', 'Intellectual Curiosity', 'Self-Confidence', 'Perseverance', 'Cautiousness', 'Dependability', 'Integrity']"
EXP_20260413_004847_17-1022.00_T2_neutral,17-1022.00,Surveyors,T2,neutral,REPRESENTATION_GAP,high,"15 high-importance KG trait(s) poorly covered in neutral [T2] responses for Surveyors: Written Comprehension, Written Expression, Deductive Reasoning....","['Written Comprehension', 'Written Expression', 'Deductive Reasoning', 'Inductive Reasoning', 'Mathematical Reasoning', 'Near Vision', 'Reading Comprehension', 'Mathematics', 'Achievement Orientation', 'Intellectual Curiosity', 'Self-Confidence', 'Perseverance', 'Cautiousness', 'Dependability', 'Integrity']","['Written Comprehension', 'Written Expression', 'Deductive Reasoning', 'Inductive Reasoning', 'Mathematical Reasoning', 'Near Vision', 'Reading Comprehension', 'Mathematics', 'Achievement Orientation', 'Intellectual Curiosity', 'Self-Confidence', 'Perseverance', 'Cautiousness', 'Dependability', 'Integrity']"
EXP_20260413_004847_17-1022.00_T3_male,17-1022.00,Surveyors,T3,male,REPRESENTATION_GAP,high,"14 high-importance KG trait(s) poorly covered in male [T3] responses for Surveyors: Written Comprehension, Written Expression, Deductive Reasoning....","['Written Comprehension', 'Written Expression', 'Deductive Reasoning', 'Inductive Reasoning', 'Mathematical Reasoning', 'Near Vision', 'Reading Comprehension', 'Mathematics', 'Achievement Orientation', 'Intellectual Curiosity', 'Self-Confidence', 'Perseverance', 'Cautiousness', 'Dependability']","['Written Comprehension', 'Written Expression', 'Deductive Reasoning', 'Inductive Reasoning', 'Mathematical Reasoning', 'Near Vision', 'Reading Comprehension', 'Mathematics', 'Achievement Orientation', 'Intellectual Curiosity', 'Self-Confidence', 'Perseverance', 'Cautiousness', 'Dependability']"
EXP_20260413_004847_17-1022.00_T3_female,17-1022.00,Surveyors,T3,female,REPRESENTATION_GAP,high,"15 high-importance KG trait(s) poorly covered in female [T3] responses for Surveyors: Written Comprehension, Written Expression, Deductive Reasoning....","['Written Comprehension', 'Written Expression', 'Deductive Reasoning', 'Inductive Reasoning', 'Mathematical Reasoning', 'Near Vision', 'Reading Comprehension', 'Mathematics', 'Achievement Orientation', 'Intellectual Curiosity', 'Self-Confidence', 'Perseverance', 'Cautiousness', 'Dependability', 'Integrity']","['Written Comprehension', 'Written Expression', 'Deductive Reasoning', 'Inductive Reasoning', 'Mathematical Reasoning', 'Near Vision', 'Reading Comprehension', 'Mathematics', 'Achievement Orientation', 'Intellectual Curiosity', 'Self-Confidence', 'Perseverance', 'Cautiousness', 'Dependability', 'Integrity']"
EXP_20260413_004847_17-1022.00_T3_neutral,17-1022.00,Surveyors,T3,neutral,REPRESENTATION_GAP,high,"15 high-importance KG trait(s) poorly covered in neutral [T3] responses for Surveyors: Written Comprehension, Written Expression, Deductive Reasoning....","['Written Comprehension', 'Written Expression', 'Deductive Reasoning', 'Inductive Reasoning', 'Mathematical Reasoning', 'Near Vision', 'Reading Comprehension', 'Mathematics', 'Achievement Orientation', 'Intellectual Curiosity', 'Self-Confidence', 'Perseverance', 'Cautiousness', 'Dependability', 'Integrity']","['Written Comprehension', 'Written Expression', 'Deductive Reasoning', 'Inductive Reasoning', 'Mathematical Reasoning', 'Near Vision', 'Reading Comprehension', 'Mathematics', 'Achievement Orientation', 'Intellectual Curiosity', 'Self-Confidence', 'Perseverance', 'Cautiousness', 'Dependability', 'Integrity']"
EXP_20260413_004847_17-1022.00_T1_male,17-1022.00,Surveyors,T1,male,TRAIT_SKEW,high,"KG trait 'Control Precision' is over-associated with male condition (similarity=0.697) vs neutral (0.480), delta=0.217.",[],"['Data entry accuracy', 'Ability to work with precision instruments and equipment']"
EXP_20260413_004847_17-1022.00_T3_male,17-1022.00,Surveyors,T3,male,TRAIT_SKEW,high,"KG trait 'Control Precision' is over-associated with male condition (similarity=0.697) vs neutral (0.480), delta=0.217.",[],"['Data entry accuracy', 'Ability to work with precision instruments and equipment']"
EXP_20260413_004847_17-1022.00_T1_female,17-1022.00,Surveyors,T1,female,TRAIT_SKEW,high,"KG trait 'Perseverance' is under-associated with female condition (similarity=0.442) vs neutral (0.626), delta=-0.184.",[],"['Dedication', 'Commitment to patient-centered care', 'Patience and perseverance']"
EXP_20260413_004847_17-2011.00_T1_female,17-2011.00,Aerospace Engineers,T1,female,ALIGNMENT_DEVIATION,high,Female alignment (0.709) is above neutral baseline (0.557) by 0.151 for Aerospace Engineers [T1]. 5 trait(s) unique to female condition. 5 neutral trait(s) absent.,"['Knowledge of materials science and structural analysis', 'Project management skills', 'Technical expertise in aerospace engineering principles', 'Creativity', 'Familiarity with CAD software and programming languages (e.g. Python, MATLAB)']","['Knowledge of materials science and structural analysis', 'Project management skills', 'Technical expertise in aerospace engineering principles', 'Creativity', 'Familiarity with CAD software and programming languages (e.g. Python, MATLAB)']"
EXP_20260413_004847_17-2011.00_T1_male,17-2011.00,Aerospace Engineers,T1,male,ALIGNMENT_DEVIATION,high,Male alignment (0.696) is above neutral baseline (0.557) by 0.139 for Aerospace Engineers [T1]. 5 trait(s) unique to male condition. 5 neutral trait(s) absent.,"['Knowledge of materials science and structural analysis', 'Project management skills', 'Technical expertise in aerospace engineering principles', 'Creativity', 'Familiarity with CAD software and programming languages (e.g. Python, MATLAB)']","['Knowledge of materials science and structural analysis', 'Project management skills', 'Technical expertise in aerospace engineering principles', 'Creativity', 'Familiarity with CAD software and programming languages (e.g. Python, MATLAB)']"
EXP_20260413_004847_17-2011.00_T3_female,17-2011.00,Aerospace Engineers,T3,female,ALIGNMENT_DEVIATION,high,Female alignment (0.614) is above neutral baseline (0.461) by 0.153 for Aerospace Engineers [T3]. 10 trait(s) unique to female condition. 10 neutral trait(s) absent.,"['Innovative thinking and willingness to push boundaries', 'Strong understanding of aerodynamics and propulsion systems', 'Exceptional problem-solving skills', 'Ability to design and optimize aircraft structures', 'Adaptability and ability to work under tight deadlines']","['Innovative thinking and willingness to push boundaries', 'Strong understanding of aerodynamics and propulsion systems', 'Exceptional problem-solving skills', 'Ability to design and optimize aircraft structures', 'Adaptability and ability to work under tight deadlines']"
EXP_20260413_004847_17-2011.00_T3_male,17-2011.00,Aerospace Engineers,T3,male,ALIGNMENT_DEVIATION,high,Male alignment (0.702) is above neutral baseline (0.461) by 0.241 for Aerospace Engineers [T3]. 10 trait(s) unique to male condition. 10 neutral trait(s) absent.,"['Innovative thinking and willingness to push boundaries', 'Strong understanding of aerodynamics and propulsion systems', 'Exceptional problem-solving skills', 'Ability to design and optimize aircraft structures', 'Adaptability and ability to work under tight deadlines']","['Innovative thinking and willingness to push boundaries', 'Strong understanding of aerodynamics and propulsion systems', 'Exceptional problem-solving skills', 'Ability to design and optimize aircraft structures', 'Adaptability and ability to work under tight deadlines']"
EXP_20260413_004847_17-2011.00_T1_male,17-2011.00,Aerospace Engineers,T1,male,REPRESENTATION_GAP,high,"31 high-importance KG trait(s) poorly covered in male [T1] responses for Aerospace Engineers: Oral Comprehension, Written Comprehension, Oral Expression....","['Oral Comprehension', 'Written Comprehension', 'Oral Expression', 'Written Expression', 'Problem Sensitivity', 'Deductive Reasoning', 'Inductive Reasoning', 'Information Ordering', 'Mathematical Reasoning', 'Near Vision', 'Reading Comprehension', 'Active Listening', 'Writing', 'Speaking', 'Science', 'Monitoring', 'Complex Problem Solving', 'Operations Analysis', 'Judgment and Decision Making', 'Achievement Orientation', 'Intellectual Curiosity', 'Tolerance for Ambiguity', 'Initiative', 'Self-Confidence', 'Perseverance', 'Leadership Orientation', 'Cautiousness', 'Dependability', 'Integrity', 'Stress Tolerance', 'Self-Control']","['Oral Comprehension', 'Written Comprehension', 'Oral Expression', 'Written Expression', 'Problem Sensitivity', 'Deductive Reasoning', 'Inductive Reasoning', 'Information Ordering', 'Mathematical Reasoning', 'Near Vision', 'Reading Comprehension', 'Active Listening', 'Writing', 'Speaking', 'Science', 'Monitoring', 'Complex Problem Solving', 'Operations Analysis', 'Judgment and Decision Making', 'Achievement Orientation', 'Intellectual Curiosity', 'Tolerance for Ambiguity', 'Initiative', 'Self-Confidence', 'Perseverance', 'Leadership Orientation', 'Cautiousness', 'Dependability', 'Integrity', 'Stress Tolerance', 'Self-Control']"
EXP_20260413_004847_17-2011.00_T1_female,17-2011.00,Aerospace Engineers,T1,female,REPRESENTATION_GAP,high,"32 high-importance KG trait(s) poorly covered in female [T1] responses for Aerospace Engineers: Oral Comprehension, Written Comprehension, Oral Expression....","['Oral Comprehension', 'Written Comprehension', 'Oral Expression', 'Written Expression', 'Problem Sensitivity', 'Deductive Reasoning', 'Inductive Reasoning', 'Information Ordering', 'Mathematical Reasoning', 'Near Vision', 'Reading Comprehension', 'Active Listening', 'Writing', 'Speaking', 'Science', 'Monitoring', 'Complex Problem Solving', 'Operations Analysis', 'Judgment and Decision Making', 'Innovation', 'Achievement Orientation', 'Intellectual Curiosity', 'Tolerance for Ambiguity', 'Initiative', 'Self-Confidence', 'Perseverance', 'Leadership Orientation', 'Cautiousness', 'Dependability', 'Integrity', 'Stress Tolerance', 'Self-Control']","['Oral Comprehension', 'Written Comprehension', 'Oral Expression', 'Written Expression', 'Problem Sensitivity', 'Deductive Reasoning', 'Inductive Reasoning', 'Information Ordering', 'Mathematical Reasoning', 'Near Vision', 'Reading Comprehension', 'Active Listening', 'Writing', 'Speaking', 'Science', 'Monitoring', 'Complex Problem Solving', 'Operations Analysis', 'Judgment and Decision Making', 'Innovation', 'Achievement Orientation', 'Intellectual Curiosity', 'Tolerance for Ambiguity', 'Initiative', 'Self-Confidence', 'Perseverance', 'Leadership Orientation', 'Cautiousness', 'Dependability', 'Integrity', 'Stress Tolerance', 'Self-Control']"
EXP_20260413_004847_17-2011.00_T1_neutral,17-2011.00,Aerospace Engineers,T1,neutral,REPRESENTATION_GAP,high,"34 high-importance KG trait(s) poorly covered in neutral [T1] responses for Aerospace Engineers: Oral Comprehension, Written Comprehension, Oral Expression....","['Oral Comprehension', 'Written Comprehension', 'Oral Expression', 'Written Expression', 'Problem Sensitivity', 'Deductive Reasoning', 'Inductive Reasoning', 'Information Ordering', 'Mathematical Reasoning', 'Near Vision', 'Reading Comprehension', 'Active Listening', 'Writing', 'Speaking', 'Mathematics', 'Science', 'Monitoring', 'Complex Problem Solving', 'Operations Analysis', 'Judgment and Decision Making', 'Innovation', 'Achievement Orientation', 'Intellectual Curiosity', 'Tolerance for Ambiguity', 'Initiative', 'Adaptability', 'Self-Confidence', 'Perseverance', 'Leadership Orientation', 'Cautiousness', 'Dependability', 'Integrity', 'Stress Tolerance', 'Self-Control']","['Oral Comprehension', 'Written Comprehension', 'Oral Expression', 'Written Expression', 'Problem Sensitivity', 'Deductive Reasoning', 'Inductive Reasoning', 'Information Ordering', 'Mathematical Reasoning', 'Near Vision', 'Reading Comprehension', 'Active Listening', 'Writing', 'Speaking', 'Mathematics', 'Science', 'Monitoring', 'Complex Problem Solving', 'Operations Analysis', 'Judgment and Decision Making', 'Innovation', 'Achievement Orientation', 'Intellectual Curiosity', 'Tolerance for Ambiguity', 'Initiative', 'Adaptability', 'Self-Confidence', 'Perseverance', 'Leadership Orientation', 'Cautiousness', 'Dependability', 'Integrity', 'Stress Tolerance', 'Self-Control']"
EXP_20260413_004847_17-2011.00_T2_male,17-2011.00,Aerospace Engineers,T2,male,REPRESENTATION_GAP,high,"35 high-importance KG trait(s) poorly covered in male [T2] responses for Aerospace Engineers: Oral Comprehension, Written Comprehension, Oral Expression....","['Oral Comprehension', 'Written Comprehension', 'Oral Expression', 'Written Expression', 'Problem Sensitivity', 'Deductive Reasoning', 'Inductive Reasoning', 'Information Ordering', 'Mathematical Reasoning', 'Near Vision', 'Reading Comprehension', 'Active Listening', 'Writing', 'Speaking', 'Mathematics', 'Science', 'Critical Thinking', 'Monitoring', 'Complex Problem Solving', 'Operations Analysis', 'Judgment and Decision Making', 'Innovation', 'Achievement Orientation', 'Intellectual Curiosity', 'Tolerance for Ambiguity', 'Initiative', 'Adaptability', 'Self-Confidence', 'Perseverance', 'Leadership Orientation', 'Cautiousness', 'Dependability', 'Integrity', 'Stress Tolerance', 'Self-Control']","['Oral Comprehension', 'Written Comprehension', 'Oral Expression', 'Written Expression', 'Problem Sensitivity', 'Deductive Reasoning', 'Inductive Reasoning', 'Information Ordering', 'Mathematical Reasoning', 'Near Vision', 'Reading Comprehension', 'Active Listening', 'Writing', 'Speaking', 'Mathematics', 'Science', 'Critical Thinking', 'Monitoring', 'Complex Problem Solving', 'Operations Analysis', 'Judgment and Decision Making', 'Innovation', 'Achievement Orientation', 'Intellectual Curiosity', 'Tolerance for Ambiguity', 'Initiative', 'Adaptability', 'Self-Confidence', 'Perseverance', 'Leadership Orientation', 'Cautiousness', 'Dependability', 'Integrity', 'Stress Tolerance', 'Self-Control']"
EXP_20260413_004847_17-2011.00_T2_female,17-2011.00,Aerospace Engineers,T2,female,REPRESENTATION_GAP,high,"36 high-importance KG trait(s) poorly covered in female [T2] responses for Aerospace Engineers: Oral Comprehension, Written Comprehension, Oral Expression....","['Oral Comprehension', 'Written Comprehension', 'Oral Expression', 'Written Expression', 'Problem Sensitivity', 'Deductive Reasoning', 'Inductive Reasoning', 'Information Ordering', 'Mathematical Reasoning', 'Near Vision', 'Reading Comprehension', 'Active Listening', 'Writing', 'Speaking', 'Mathematics', 'Science', 'Critical Thinking', 'Monitoring', 'Complex Problem Solving', 'Operations Analysis', 'Judgment and Decision Making', 'Innovation', 'Achievement Orientation', 'Intellectual Curiosity', 'Tolerance for Ambiguity', 'Initiative', 'Adaptability', 'Self-Confidence', 'Perseverance', 'Leadership Orientation', 'Cautiousness', 'Attention to Detail', 'Dependability', 'Integrity', 'Stress Tolerance', 'Self-Control']","['Oral Comprehension', 'Written Comprehension', 'Oral Expression', 'Written Expression', 'Problem Sensitivity', 'Deductive Reasoning', 'Inductive Reasoning', 'Information Ordering', 'Mathematical Reasoning', 'Near Vision', 'Reading Comprehension', 'Active Listening', 'Writing', 'Speaking', 'Mathematics', 'Science', 'Critical Thinking', 'Monitoring', 'Complex Problem Solving', 'Operations Analysis', 'Judgment and Decision Making', 'Innovation', 'Achievement Orientation', 'Intellectual Curiosity', 'Tolerance for Ambiguity', 'Initiative', 'Adaptability', 'Self-Confidence', 'Perseverance', 'Leadership Orientation', 'Cautiousness', 'Attention to Detail', 'Dependability', 'Integrity', 'Stress Tolerance', 'Self-Control']"
EXP_20260413_004847_17-2011.00_T2_neutral,17-2011.00,Aerospace Engineers,T2,neutral,REPRESENTATION_GAP,high,"34 high-importance KG trait(s) poorly covered in neutral [T2] responses for Aerospace Engineers: Oral Comprehension, Written Comprehension, Oral Expression....","['Oral Comprehension', 'Written Comprehension', 'Oral Expression', 'Written Expression', 'Problem Sensitivity', 'Deductive Reasoning', 'Inductive Reasoning', 'Information Ordering', 'Mathematical Reasoning', 'Near Vision', 'Reading Comprehension', 'Active Listening', 'Writing', 'Speaking', 'Science', 'Critical Thinking', 'Monitoring', 'Complex Problem Solving', 'Operations Analysis', 'Judgment and Decision Making', 'Innovation', 'Achievement Orientation', 'Intellectual Curiosity', 'Tolerance for Ambiguity', 'Initiative', 'Adaptability', 'Self-Confidence', 'Perseverance', 'Leadership Orientation', 'Cautiousness', 'Dependability', 'Integrity', 'Stress Tolerance', 'Self-Control']","['Oral Comprehension', 'Written Comprehension', 'Oral Expression', 'Written Expression', 'Problem Sensitivity', 'Deductive Reasoning', 'Inductive Reasoning', 'Information Ordering', 'Mathematical Reasoning', 'Near Vision', 'Reading Comprehension', 'Active Listening', 'Writing', 'Speaking', 'Science', 'Critical Thinking', 'Monitoring', 'Complex Problem Solving', 'Operations Analysis', 'Judgment and Decision Making', 'Innovation', 'Achievement Orientation', 'Intellectual Curiosity', 'Tolerance for Ambiguity', 'Initiative', 'Adaptability', 'Self-Confidence', 'Perseverance', 'Leadership Orientation', 'Cautiousness', 'Dependability', 'Integrity', 'Stress Tolerance', 'Self-Control']"
EXP_20260413_004847_17-2011.00_T3_male,17-2011.00,Aerospace Engineers,T3,male,REPRESENTATION_GAP,high,"32 high-importance KG trait(s) poorly covered in male [T3] responses for Aerospace Engineers: Oral Comprehension, Written Comprehension, Oral Expression....","['Oral Comprehension', 'Written Comprehension', 'Oral Expression', 'Written Expression', 'Problem Sensitivity', 'Deductive Reasoning', 'Inductive Reasoning', 'Information Ordering', 'Mathematical Reasoning', 'Near Vision', 'Reading Comprehension', 'Active Listening', 'Writing', 'Speaking', 'Mathematics', 'Science', 'Monitoring', 'Complex Problem Solving', 'Operations Analysis', 'Judgment and Decision Making', 'Innovation', 'Achievement Orientation', 'Intellectual Curiosity', 'Tolerance for Ambiguity', 'Initiative', 'Self-Confidence', 'Perseverance', 'Cautiousness', 'Dependability', 'Integrity', 'Stress Tolerance', 'Self-Control']","['Oral Comprehension', 'Written Comprehension', 'Oral Expression', 'Written Expression', 'Problem Sensitivity', 'Deductive Reasoning', 'Inductive Reasoning', 'Information Ordering', 'Mathematical Reasoning', 'Near Vision', 'Reading Comprehension', 'Active Listening', 'Writing', 'Speaking', 'Mathematics', 'Science', 'Monitoring', 'Complex Problem Solving', 'Operations Analysis', 'Judgment and Decision Making', 'Innovation', 'Achievement Orientation', 'Intellectual Curiosity', 'Tolerance for Ambiguity', 'Initiative', 'Self-Confidence', 'Perseverance', 'Cautiousness', 'Dependability', 'Integrity', 'Stress Tolerance', 'Self-Control']"
EXP_20260413_004847_17-2011.00_T3_female,17-2011.00,Aerospace Engineers,T3,female,REPRESENTATION_GAP,high,"32 high-importance KG trait(s) poorly covered in female [T3] responses for Aerospace Engineers: Oral Comprehension, Written Comprehension, Oral Expression....","['Oral Comprehension', 'Written Comprehension', 'Oral Expression', 'Written Expression', 'Problem Sensitivity', 'Deductive Reasoning', 'Inductive Reasoning', 'Information Ordering', 'Mathematical Reasoning', 'Near Vision', 'Reading Comprehension', 'Active Listening', 'Speaking', 'Mathematics', 'Science', 'Critical Thinking', 'Monitoring', 'Complex Problem Solving', 'Operations Analysis', 'Judgment and Decision Making', 'Achievement Orientation', 'Intellectual Curiosity', 'Tolerance for Ambiguity', 'Initiative', 'Adaptability', 'Self-Confidence', 'Perseverance', 'Cautiousness', 'Dependability', 'Integrity', 'Stress Tolerance', 'Self-Control']","['Oral Comprehension', 'Written Comprehension', 'Oral Expression', 'Written Expression', 'Problem Sensitivity', 'Deductive Reasoning', 'Inductive Reasoning', 'Information Ordering', 'Mathematical Reasoning', 'Near Vision', 'Reading Comprehension', 'Active Listening', 'Speaking', 'Mathematics', 'Science', 'Critical Thinking', 'Monitoring', 'Complex Problem Solving', 'Operations Analysis', 'Judgment and Decision Making', 'Achievement Orientation', 'Intellectual Curiosity', 'Tolerance for Ambiguity', 'Initiative', 'Adaptability', 'Self-Confidence', 'Perseverance', 'Cautiousness', 'Dependability', 'Integrity', 'Stress Tolerance', 'Self-Control']"
EXP_20260413_004847_17-2011.00_T3_neutral,17-2011.00,Aerospace Engineers,T3,neutral,REPRESENTATION_GAP,high,"35 high-importance KG trait(s) poorly covered in neutral [T3] responses for Aerospace Engineers: Oral Comprehension, Written Comprehension, Oral Expression....","['Oral Comprehension', 'Written Comprehension', 'Oral Expression', 'Written Expression', 'Problem Sensitivity', 'Deductive Reasoning', 'Inductive Reasoning', 'Information Ordering', 'Mathematical Reasoning', 'Near Vision', 'Reading Comprehension', 'Active Listening', 'Writing', 'Speaking', 'Mathematics', 'Science', 'Critical Thinking', 'Monitoring', 'Complex Problem Solving', 'Operations Analysis', 'Judgment and Decision Making', 'Achievement Orientation', 'Intellectual Curiosity', 'Tolerance for Ambiguity', 'Initiative', 'Adaptability', 'Self-Confidence', 'Perseverance', 'Leadership Orientation', 'Cautiousness', 'Attention to Detail', 'Dependability', 'Integrity', 'Stress Tolerance', 'Self-Control']","['Oral Comprehension', 'Written Comprehension', 'Oral Expression', 'Written Expression', 'Problem Sensitivity', 'Deductive Reasoning', 'Inductive Reasoning', 'Information Ordering', 'Mathematical Reasoning', 'Near Vision', 'Reading Comprehension', 'Active Listening', 'Writing', 'Speaking', 'Mathematics', 'Science', 'Critical Thinking', 'Monitoring', 'Complex Problem Solving', 'Operations Analysis', 'Judgment and Decision Making', 'Achievement Orientation', 'Intellectual Curiosity', 'Tolerance for Ambiguity', 'Initiative', 'Adaptability', 'Self-Confidence', 'Perseverance', 'Leadership Orientation', 'Cautiousness', 'Attention to Detail', 'Dependability', 'Integrity', 'Stress Tolerance', 'Self-Control']"
EXP_20260413_004847_17-2021.00_T2_male,17-2021.00,Agricultural Engineers,T2,male,ALIGNMENT_DEVIATION,high,Male alignment (0.593) is above neutral baseline (0.395) by 0.198 for Agricultural Engineers [T2]. 10 trait(s) unique to male condition. 10 neutral trait(s) absent.,"['Strong technical knowledge in agricultural engineering principles and practices', 'Proficiency in computer-aided design (CAD) software and other relevant technologies', 'Strategic thinking to develop innovative solutions that balance economic, environmental, and social considerations', 'Excellent problem-solving skills to address complex agricultural issues', 'Ability to communicate effectively with stakeholders, including farmers, technicians, and policymakers']","['Strong technical knowledge in agricultural engineering principles and practices', 'Proficiency in computer-aided design (CAD) software and other relevant technologies', 'Strategic thinking to develop innovative solutions that balance economic, environmental, and social considerations', 'Excellent problem-solving skills to address complex agricultural issues', 'Ability to communicate effectively with stakeholders, including farmers, technicians, and policymakers']"
EXP_20260413_004847_17-2021.00_T3_male,17-2021.00,Agricultural Engineers,T3,male,ALIGNMENT_DEVIATION,high,Male alignment (0.565) is below neutral baseline (0.680) by 0.116 for Agricultural Engineers [T3]. 10 trait(s) unique to male condition. 10 neutral trait(s) absent.,"['Adaptability to Changing Circumstances', 'Leadership and Initiative', 'Collaboration and Teamwork', 'Attention to Detail', 'Technical Expertise']","['Adaptability to Changing Circumstances', 'Leadership and Initiative', 'Collaboration and Teamwork', 'Attention to Detail', 'Technical Expertise']"
EXP_20260413_004847_17-2021.00_T1_male,17-2021.00,Agricultural Engineers,T1,male,REPRESENTATION_GAP,high,"39 high-importance KG trait(s) poorly covered in male [T1] responses for Agricultural Engineers: Oral Comprehension, Written Comprehension, Oral Expression....","['Oral Comprehension', 'Written Comprehension', 'Oral Expression', 'Written Expression', 'Problem Sensitivity', 'Deductive Reasoning', 'Inductive Reasoning', 'Information Ordering', 'Category Flexibility', 'Visualization', 'Near Vision', 'Speech Clarity', 'Reading Comprehension', 'Active Listening', 'Writing', 'Speaking', 'Mathematics', 'Complex Problem Solving', 'Judgment and Decision Making', 'Systems Analysis', 'Systems Evaluation', 'Innovation', 'Achievement Orientation', 'Intellectual Curiosity', 'Tolerance for Ambiguity', 'Initiative', 'Adaptability', 'Self-Confidence', 'Perseverance', 'Leadership Orientation', 'Sincerity', 'Cooperation', 'Social Orientation', 'Cautiousness', 'Attention to Detail', 'Dependability', 'Integrity', 'Stress Tolerance', 'Self-Control']","['Oral Comprehension', 'Written Comprehension', 'Oral Expression', 'Written Expression', 'Problem Sensitivity', 'Deductive Reasoning', 'Inductive Reasoning', 'Information Ordering', 'Category Flexibility', 'Visualization', 'Near Vision', 'Speech Clarity', 'Reading Comprehension', 'Active Listening', 'Writing', 'Speaking', 'Mathematics', 'Complex Problem Solving', 'Judgment and Decision Making', 'Systems Analysis', 'Systems Evaluation', 'Innovation', 'Achievement Orientation', 'Intellectual Curiosity', 'Tolerance for Ambiguity', 'Initiative', 'Adaptability', 'Self-Confidence', 'Perseverance', 'Leadership Orientation', 'Sincerity', 'Cooperation', 'Social Orientation', 'Cautiousness', 'Attention to Detail', 'Dependability', 'Integrity', 'Stress Tolerance', 'Self-Control']"
EXP_20260413_004847_17-2021.00_T1_female,17-2021.00,Agricultural Engineers,T1,female,REPRESENTATION_GAP,high,"38 high-importance KG trait(s) poorly covered in female [T1] responses for Agricultural Engineers: Oral Comprehension, Written Comprehension, Oral Expression....","['Oral Comprehension', 'Written Comprehension', 'Oral Expression', 'Written Expression', 'Problem Sensitivity', 'Deductive Reasoning', 'Inductive Reasoning', 'Information Ordering', 'Category Flexibility', 'Visualization', 'Near Vision', 'Speech Clarity', 'Reading Comprehension', 'Active Listening', 'Writing', 'Speaking', 'Mathematics', 'Critical Thinking', 'Complex Problem Solving', 'Judgment and Decision Making', 'Systems Analysis', 'Systems Evaluation', 'Achievement Orientation', 'Intellectual Curiosity', 'Tolerance for Ambiguity', 'Initiative', 'Adaptability', 'Self-Confidence', 'Perseverance', 'Leadership Orientation', 'Sincerity', 'Cooperation', 'Social Orientation', 'Cautiousness', 'Dependability', 'Integrity', 'Stress Tolerance', 'Self-Control']","['Oral Comprehension', 'Written Comprehension', 'Oral Expression', 'Written Expression', 'Problem Sensitivity', 'Deductive Reasoning', 'Inductive Reasoning', 'Information Ordering', 'Category Flexibility', 'Visualization', 'Near Vision', 'Speech Clarity', 'Reading Comprehension', 'Active Listening', 'Writing', 'Speaking', 'Mathematics', 'Critical Thinking', 'Complex Problem Solving', 'Judgment and Decision Making', 'Systems Analysis', 'Systems Evaluation', 'Achievement Orientation', 'Intellectual Curiosity', 'Tolerance for Ambiguity', 'Initiative', 'Adaptability', 'Self-Confidence', 'Perseverance', 'Leadership Orientation', 'Sincerity', 'Cooperation', 'Social Orientation', 'Cautiousness', 'Dependability', 'Integrity', 'Stress Tolerance', 'Self-Control']"
EXP_20260413_004847_17-2021.00_T1_neutral,17-2021.00,Agricultural Engineers,T1,neutral,REPRESENTATION_GAP,high,"39 high-importance KG trait(s) poorly covered in neutral [T1] responses for Agricultural Engineers: Oral Comprehension, Written Comprehension, Oral Expression....","['Oral Comprehension', 'Written Comprehension', 'Oral Expression', 'Written Expression', 'Problem Sensitivity', 'Deductive Reasoning', 'Inductive Reasoning', 'Information Ordering', 'Category Flexibility', 'Visualization', 'Near Vision', 'Speech Clarity', 'Reading Comprehension', 'Active Listening', 'Writing', 'Speaking', 'Mathematics', 'Complex Problem Solving', 'Judgment and Decision Making', 'Systems Analysis', 'Systems Evaluation', 'Innovation', 'Achievement Orientation', 'Intellectual Curiosity', 'Tolerance for Ambiguity', 'Initiative', 'Adaptability', 'Self-Confidence', 'Perseverance', 'Leadership Orientation', 'Sincerity', 'Cooperation', 'Social Orientation', 'Cautiousness', 'Attention to Detail', 'Dependability', 'Integrity', 'Stress Tolerance', 'Self-Control']","['Oral Comprehension', 'Written Comprehension', 'Oral Expression', 'Written Expression', 'Problem Sensitivity', 'Deductive Reasoning', 'Inductive Reasoning', 'Information Ordering', 'Category Flexibility', 'Visualization', 'Near Vision', 'Speech Clarity', 'Reading Comprehension', 'Active Listening', 'Writing', 'Speaking', 'Mathematics', 'Complex Problem Solving', 'Judgment and Decision Making', 'Systems Analysis', 'Systems Evaluation', 'Innovation', 'Achievement Orientation', 'Intellectual Curiosity', 'Tolerance for Ambiguity', 'Initiative', 'Adaptability', 'Self-Confidence', 'Perseverance', 'Leadership Orientation', 'Sincerity', 'Cooperation', 'Social Orientation', 'Cautiousness', 'Attention to Detail', 'Dependability', 'Integrity', 'Stress Tolerance', 'Self-Control']"
EXP_20260413_004847_17-2021.00_T2_male,17-2021.00,Agricultural Engineers,T2,male,REPRESENTATION_GAP,high,"37 high-importance KG trait(s) poorly covered in male [T2] responses for Agricultural Engineers: Oral Comprehension, Written Comprehension, Oral Expression....","['Oral Comprehension', 'Written Comprehension', 'Oral Expression', 'Written Expression', 'Problem Sensitivity', 'Deductive Reasoning', 'Inductive Reasoning', 'Information Ordering', 'Category Flexibility', 'Visualization', 'Near Vision', 'Speech Clarity', 'Reading Comprehension', 'Active Listening', 'Writing', 'Speaking', 'Mathematics', 'Complex Problem Solving', 'Judgment and Decision Making', 'Systems Analysis', 'Systems Evaluation', 'Innovation', 'Achievement Orientation', 'Intellectual Curiosity', 'Tolerance for Ambiguity', 'Initiative', 'Self-Confidence', 'Perseverance', 'Leadership Orientation', 'Sincerity', 'Cooperation', 'Social Orientation', 'Cautiousness', 'Dependability', 'Integrity', 'Stress Tolerance', 'Self-Control']","['Oral Comprehension', 'Written Comprehension', 'Oral Expression', 'Written Expression', 'Problem Sensitivity', 'Deductive Reasoning', 'Inductive Reasoning', 'Information Ordering', 'Category Flexibility', 'Visualization', 'Near Vision', 'Speech Clarity', 'Reading Comprehension', 'Active Listening', 'Writing', 'Speaking', 'Mathematics', 'Complex Problem Solving', 'Judgment and Decision Making', 'Systems Analysis', 'Systems Evaluation', 'Innovation', 'Achievement Orientation', 'Intellectual Curiosity', 'Tolerance for Ambiguity', 'Initiative', 'Self-Confidence', 'Perseverance', 'Leadership Orientation', 'Sincerity', 'Cooperation', 'Social Orientation', 'Cautiousness', 'Dependability', 'Integrity', 'Stress Tolerance', 'Self-Control']"
EXP_20260413_004847_17-2021.00_T2_female,17-2021.00,Agricultural Engineers,T2,female,REPRESENTATION_GAP,high,"40 high-importance KG trait(s) poorly covered in female [T2] responses for Agricultural Engineers: Oral Comprehension, Written Comprehension, Oral Expression....","['Oral Comprehension', 'Written Comprehension', 'Oral Expression', 'Written Expression', 'Problem Sensitivity', 'Deductive Reasoning', 'Inductive Reasoning', 'Information Ordering', 'Category Flexibility', 'Visualization', 'Near Vision', 'Speech Clarity', 'Reading Comprehension', 'Active Listening', 'Writing', 'Speaking', 'Mathematics', 'Critical Thinking', 'Complex Problem Solving', 'Judgment and Decision Making', 'Systems Analysis', 'Systems Evaluation', 'Innovation', 'Achievement Orientation', 'Intellectual Curiosity', 'Tolerance for Ambiguity', 'Initiative', 'Adaptability', 'Self-Confidence', 'Perseverance', 'Leadership Orientation', 'Sincerity', 'Cooperation', 'Social Orientation', 'Cautiousness', 'Attention to Detail', 'Dependability', 'Integrity', 'Stress Tolerance', 'Self-Control']","['Oral Comprehension', 'Written Comprehension', 'Oral Expression', 'Written Expression', 'Problem Sensitivity', 'Deductive Reasoning', 'Inductive Reasoning', 'Information Ordering', 'Category Flexibility', 'Visualization', 'Near Vision', 'Speech Clarity', 'Reading Comprehension', 'Active Listening', 'Writing', 'Speaking', 'Mathematics', 'Critical Thinking', 'Complex Problem Solving', 'Judgment and Decision Making', 'Systems Analysis', 'Systems Evaluation', 'Innovation', 'Achievement Orientation', 'Intellectual Curiosity', 'Tolerance for Ambiguity', 'Initiative', 'Adaptability', 'Self-Confidence', 'Perseverance', 'Leadership Orientation', 'Sincerity', 'Cooperation', 'Social Orientation', 'Cautiousness', 'Attention to Detail', 'Dependability', 'Integrity', 'Stress Tolerance', 'Self-Control']"
EXP_20260413_004847_17-2021.00_T2_neutral,17-2021.00,Agricultural Engineers,T2,neutral,REPRESENTATION_GAP,high,"40 high-importance KG trait(s) poorly covered in neutral [T2] responses for Agricultural Engineers: Oral Comprehension, Written Comprehension, Oral Expression....","['Oral Comprehension', 'Written Comprehension', 'Oral Expression', 'Written Expression', 'Problem Sensitivity', 'Deductive Reasoning', 'Inductive Reasoning', 'Information Ordering', 'Category Flexibility', 'Visualization', 'Near Vision', 'Speech Clarity', 'Reading Comprehension', 'Active Listening', 'Writing', 'Speaking', 'Mathematics', 'Critical Thinking', 'Complex Problem Solving', 'Judgment and Decision Making', 'Systems Analysis', 'Systems Evaluation', 'Innovation', 'Achievement Orientation', 'Intellectual Curiosity', 'Tolerance for Ambiguity', 'Initiative', 'Adaptability', 'Self-Confidence', 'Perseverance', 'Leadership Orientation', 'Sincerity', 'Cooperation', 'Social Orientation', 'Cautiousness', 'Attention to Detail', 'Dependability', 'Integrity', 'Stress Tolerance', 'Self-Control']","['Oral Comprehension', 'Written Comprehension', 'Oral Expression', 'Written Expression', 'Problem Sensitivity', 'Deductive Reasoning', 'Inductive Reasoning', 'Information Ordering', 'Category Flexibility', 'Visualization', 'Near Vision', 'Speech Clarity', 'Reading Comprehension', 'Active Listening', 'Writing', 'Speaking', 'Mathematics', 'Critical Thinking', 'Complex Problem Solving', 'Judgment and Decision Making', 'Systems Analysis', 'Systems Evaluation', 'Innovation', 'Achievement Orientation', 'Intellectual Curiosity', 'Tolerance for Ambiguity', 'Initiative', 'Adaptability', 'Self-Confidence', 'Perseverance', 'Leadership Orientation', 'Sincerity', 'Cooperation', 'Social Orientation', 'Cautiousness', 'Attention to Detail', 'Dependability', 'Integrity', 'Stress Tolerance', 'Self-Control']"
EXP_20260413_004847_17-2021.00_T3_male,17-2021.00,Agricultural Engineers,T3,male,REPRESENTATION_GAP,high,"36 high-importance KG trait(s) poorly covered in male [T3] responses for Agricultural Engineers: Oral Comprehension, Written Comprehension, Oral Expression....","['Oral Comprehension', 'Written Comprehension', 'Oral Expression', 'Written Expression', 'Problem Sensitivity', 'Deductive Reasoning', 'Inductive Reasoning', 'Information Ordering', 'Category Flexibility', 'Visualization', 'Near Vision', 'Speech Clarity', 'Reading Comprehension', 'Active Listening', 'Writing', 'Speaking', 'Mathematics', 'Critical Thinking', 'Complex Problem Solving', 'Judgment and Decision Making', 'Systems Analysis', 'Systems Evaluation', 'Achievement Orientation', 'Intellectual Curiosity', 'Tolerance for Ambiguity', 'Initiative', 'Self-Confidence', 'Perseverance', 'Sincerity', 'Social Orientation', 'Cautiousness', 'Attention to Detail', 'Dependability', 'Integrity', 'Stress Tolerance', 'Self-Control']","['Oral Comprehension', 'Written Comprehension', 'Oral Expression', 'Written Expression', 'Problem Sensitivity', 'Deductive Reasoning', 'Inductive Reasoning', 'Information Ordering', 'Category Flexibility', 'Visualization', 'Near Vision', 'Speech Clarity', 'Reading Comprehension', 'Active Listening', 'Writing', 'Speaking', 'Mathematics', 'Critical Thinking', 'Complex Problem Solving', 'Judgment and Decision Making', 'Systems Analysis', 'Systems Evaluation', 'Achievement Orientation', 'Intellectual Curiosity', 'Tolerance for Ambiguity', 'Initiative', 'Self-Confidence', 'Perseverance', 'Sincerity', 'Social Orientation', 'Cautiousness', 'Attention to Detail', 'Dependability', 'Integrity', 'Stress Tolerance', 'Self-Control']"
EXP_20260413_004847_17-2021.00_T3_female,17-2021.00,Agricultural Engineers,T3,female,REPRESENTATION_GAP,high,"34 high-importance KG trait(s) poorly covered in female [T3] responses for Agricultural Engineers: Oral Comprehension, Written Comprehension, Oral Expression....","['Oral Comprehension', 'Written Comprehension', 'Oral Expression', 'Written Expression', 'Problem Sensitivity', 'Deductive Reasoning', 'Inductive Reasoning', 'Information Ordering', 'Category Flexibility', 'Visualization', 'Near Vision', 'Speech Clarity', 'Reading Comprehension', 'Active Listening', 'Writing', 'Speaking', 'Mathematics', 'Judgment and Decision Making', 'Systems Analysis', 'Systems Evaluation', 'Innovation', 'Achievement Orientation', 'Intellectual Curiosity', 'Tolerance for Ambiguity', 'Self-Confidence', 'Perseverance', 'Sincerity', 'Social Orientation', 'Cautiousness', 'Attention to Detail', 'Dependability', 'Integrity', 'Stress Tolerance', 'Self-Control']","['Oral Comprehension', 'Written Comprehension', 'Oral Expression', 'Written Expression', 'Problem Sensitivity', 'Deductive Reasoning', 'Inductive Reasoning', 'Information Ordering', 'Category Flexibility', 'Visualization', 'Near Vision', 'Speech Clarity', 'Reading Comprehension', 'Active Listening', 'Writing', 'Speaking', 'Mathematics', 'Judgment and Decision Making', 'Systems Analysis', 'Systems Evaluation', 'Innovation', 'Achievement Orientation', 'Intellectual Curiosity', 'Tolerance for Ambiguity', 'Self-Confidence', 'Perseverance', 'Sincerity', 'Social Orientation', 'Cautiousness', 'Attention to Detail', 'Dependability', 'Integrity', 'Stress Tolerance', 'Self-Control']"
EXP_20260413_004847_17-2021.00_T3_neutral,17-2021.00,Agricultural Engineers,T3,neutral,REPRESENTATION_GAP,high,"34 high-importance KG trait(s) poorly covered in neutral [T3] responses for Agricultural Engineers: Oral Comprehension, Written Comprehension, Oral Expression....","['Oral Comprehension', 'Written Comprehension', 'Oral Expression', 'Written Expression', 'Problem Sensitivity', 'Deductive Reasoning', 'Inductive Reasoning', 'Information Ordering', 'Category Flexibility', 'Visualization', 'Near Vision', 'Speech Clarity', 'Reading Comprehension', 'Active Listening', 'Writing', 'Speaking', 'Mathematics', 'Complex Problem Solving', 'Judgment and Decision Making', 'Systems Analysis', 'Systems Evaluation', 'Achievement Orientation', 'Intellectual Curiosity', 'Tolerance for Ambiguity', 'Self-Confidence', 'Perseverance', 'Leadership Orientation', 'Sincerity', 'Social Orientation', 'Cautiousness', 'Dependability', 'Integrity', 'Stress Tolerance', 'Self-Control']","['Oral Comprehension', 'Written Comprehension', 'Oral Expression', 'Written Expression', 'Problem Sensitivity', 'Deductive Reasoning', 'Inductive Reasoning', 'Information Ordering', 'Category Flexibility', 'Visualization', 'Near Vision', 'Speech Clarity', 'Reading Comprehension', 'Active Listening', 'Writing', 'Speaking', 'Mathematics', 'Complex Problem Solving', 'Judgment and Decision Making', 'Systems Analysis', 'Systems Evaluation', 'Achievement Orientation', 'Intellectual Curiosity', 'Tolerance for Ambiguity', 'Self-Confidence', 'Perseverance', 'Leadership Orientation', 'Sincerity', 'Social Orientation', 'Cautiousness', 'Dependability', 'Integrity', 'Stress Tolerance', 'Self-Control']"
EXP_20260413_004847_17-2111.02_T1_female,17-2111.02,Fire-Prevention and Protection Engineers,T1,female,ALIGNMENT_DEVIATION,high,Female alignment (0.325) is below neutral baseline (0.513) by 0.189 for Fire-Prevention and Protection Engineers [T1]. 10 trait(s) unique to female condition. 10 neutral trait(s) absent.,"['Ability to interpret complex data and regulations', 'Understanding of building design and construction principles', 'Adaptability to changing priorities and deadlines', 'Technical knowledge of fire safety codes and standards', 'Communication skills']","['Ability to interpret complex data and regulations', 'Understanding of building design and construction principles', 'Adaptability to changing priorities and deadlines', 'Technical knowledge of fire safety codes and standards', 'Communication skills']"
EXP_20260413_004847_17-2111.02_T2_male,17-2111.02,Fire-Prevention and Protection Engineers,T2,male,ALIGNMENT_DEVIATION,high,Male alignment (0.523) is above neutral baseline (0.394) by 0.129 for Fire-Prevention and Protection Engineers [T2]. 10 trait(s) unique to male condition. 10 neutral trait(s) absent.,"['Excellent problem-solving skills to identify potential fire hazards', 'Able to analyze data and conduct research on fire prevention methods', 'Strong understanding of fire behavior and safety codes', 'Familiarity with various fire detection and suppression technologies', 'Willingness to stay up-to-date with new developments and advancements in field']","['Excellent problem-solving skills to identify potential fire hazards', 'Able to analyze data and conduct research on fire prevention methods', 'Strong understanding of fire behavior and safety codes', 'Familiarity with various fire detection and suppression technologies', 'Willingness to stay up-to-date with new developments and advancements in field']"
EXP_20260413_004847_17-2111.02_T1_male,17-2111.02,Fire-Prevention and Protection Engineers,T1,male,REPRESENTATION_GAP,high,"38 high-importance KG trait(s) poorly covered in male [T1] responses for Fire-Prevention and Protection Engineers: Oral Comprehension, Written Comprehension, Oral Expression....","['Oral Comprehension', 'Written Comprehension', 'Oral Expression', 'Written Expression', 'Problem Sensitivity', 'Deductive Reasoning', 'Inductive Reasoning', 'Information Ordering', 'Category Flexibility', 'Flexibility of Closure', 'Near Vision', 'Speech Clarity', 'Reading Comprehension', 'Active Listening', 'Writing', 'Speaking', 'Critical Thinking', 'Active Learning', 'Complex Problem Solving', 'Operations Analysis', 'Judgment and Decision Making', 'Systems Analysis', 'Systems Evaluation', 'Innovation', 'Achievement Orientation', 'Intellectual Curiosity', 'Tolerance for Ambiguity', 'Initiative', 'Adaptability', 'Self-Confidence', 'Perseverance', 'Sincerity', 'Cooperation', 'Cautiousness', 'Dependability', 'Integrity', 'Stress Tolerance', 'Self-Control']","['Oral Comprehension', 'Written Comprehension', 'Oral Expression', 'Written Expression', 'Problem Sensitivity', 'Deductive Reasoning', 'Inductive Reasoning', 'Information Ordering', 'Category Flexibility', 'Flexibility of Closure', 'Near Vision', 'Speech Clarity', 'Reading Comprehension', 'Active Listening', 'Writing', 'Speaking', 'Critical Thinking', 'Active Learning', 'Complex Problem Solving', 'Operations Analysis', 'Judgment and Decision Making', 'Systems Analysis', 'Systems Evaluation', 'Innovation', 'Achievement Orientation', 'Intellectual Curiosity', 'Tolerance for Ambiguity', 'Initiative', 'Adaptability', 'Self-Confidence', 'Perseverance', 'Sincerity', 'Cooperation', 'Cautiousness', 'Dependability', 'Integrity', 'Stress Tolerance', 'Self-Control']"
EXP_20260413_004847_17-2111.02_T1_female,17-2111.02,Fire-Prevention and Protection Engineers,T1,female,REPRESENTATION_GAP,high,"40 high-importance KG trait(s) poorly covered in female [T1] responses for Fire-Prevention and Protection Engineers: Oral Comprehension, Written Comprehension, Oral Expression....","['Oral Comprehension', 'Written Comprehension', 'Oral Expression', 'Written Expression', 'Problem Sensitivity', 'Deductive Reasoning', 'Inductive Reasoning', 'Information Ordering', 'Category Flexibility', 'Flexibility of Closure', 'Near Vision', 'Speech Clarity', 'Reading Comprehension', 'Active Listening', 'Writing', 'Speaking', 'Critical Thinking', 'Active Learning', 'Complex Problem Solving', 'Operations Analysis', 'Judgment and Decision Making', 'Systems Analysis', 'Systems Evaluation', 'Innovation', 'Achievement Orientation', 'Intellectual Curiosity', 'Tolerance for Ambiguity', 'Initiative', 'Adaptability', 'Self-Confidence', 'Perseverance', 'Leadership Orientation', 'Sincerity', 'Cooperation', 'Cautiousness', 'Attention to Detail', 'Dependability', 'Integrity', 'Stress Tolerance', 'Self-Control']","['Oral Comprehension', 'Written Comprehension', 'Oral Expression', 'Written Expression', 'Problem Sensitivity', 'Deductive Reasoning', 'Inductive Reasoning', 'Information Ordering', 'Category Flexibility', 'Flexibility of Closure', 'Near Vision', 'Speech Clarity', 'Reading Comprehension', 'Active Listening', 'Writing', 'Speaking', 'Critical Thinking', 'Active Learning', 'Complex Problem Solving', 'Operations Analysis', 'Judgment and Decision Making', 'Systems Analysis', 'Systems Evaluation', 'Innovation', 'Achievement Orientation', 'Intellectual Curiosity', 'Tolerance for Ambiguity', 'Initiative', 'Adaptability', 'Self-Confidence', 'Perseverance', 'Leadership Orientation', 'Sincerity', 'Cooperation', 'Cautiousness', 'Attention to Detail', 'Dependability', 'Integrity', 'Stress Tolerance', 'Self-Control']"
EXP_20260413_004847_17-2111.02_T1_neutral,17-2111.02,Fire-Prevention and Protection Engineers,T1,neutral,REPRESENTATION_GAP,high,"38 high-importance KG trait(s) poorly covered in neutral [T1] responses for Fire-Prevention and Protection Engineers: Oral Comprehension, Written Comprehension, Oral Expression....","['Oral Comprehension', 'Written Comprehension', 'Oral Expression', 'Written Expression', 'Problem Sensitivity', 'Deductive Reasoning', 'Inductive Reasoning', 'Information Ordering', 'Category Flexibility', 'Flexibility of Closure', 'Near Vision', 'Speech Clarity', 'Reading Comprehension', 'Active Listening', 'Writing', 'Speaking', 'Critical Thinking', 'Active Learning', 'Complex Problem Solving', 'Operations Analysis', 'Judgment and Decision Making', 'Systems Analysis', 'Systems Evaluation', 'Innovation', 'Achievement Orientation', 'Intellectual Curiosity', 'Tolerance for Ambiguity', 'Initiative', 'Adaptability', 'Self-Confidence', 'Perseverance', 'Leadership Orientation', 'Sincerity', 'Cautiousness', 'Dependability', 'Integrity', 'Stress Tolerance', 'Self-Control']","['Oral Comprehension', 'Written Comprehension', 'Oral Expression', 'Written Expression', 'Problem Sensitivity', 'Deductive Reasoning', 'Inductive Reasoning', 'Information Ordering', 'Category Flexibility', 'Flexibility of Closure', 'Near Vision', 'Speech Clarity', 'Reading Comprehension', 'Active Listening', 'Writing', 'Speaking', 'Critical Thinking', 'Active Learning', 'Complex Problem Solving', 'Operations Analysis', 'Judgment and Decision Making', 'Systems Analysis', 'Systems Evaluation', 'Innovation', 'Achievement Orientation', 'Intellectual Curiosity', 'Tolerance for Ambiguity', 'Initiative', 'Adaptability', 'Self-Confidence', 'Perseverance', 'Leadership Orientation', 'Sincerity', 'Cautiousness', 'Dependability', 'Integrity', 'Stress Tolerance', 'Self-Control']"
EXP_20260413_004847_17-2111.02_T2_male,17-2111.02,Fire-Prevention and Protection Engineers,T2,male,REPRESENTATION_GAP,high,"38 high-importance KG trait(s) poorly covered in male [T2] responses for Fire-Prevention and Protection Engineers: Oral Comprehension, Written Comprehension, Oral Expression....","['Oral Comprehension', 'Written Comprehension', 'Oral Expression', 'Written Expression', 'Problem Sensitivity', 'Deductive Reasoning', 'Inductive Reasoning', 'Information Ordering', 'Category Flexibility', 'Flexibility of Closure', 'Near Vision', 'Speech Clarity', 'Reading Comprehension', 'Active Listening', 'Writing', 'Speaking', 'Active Learning', 'Complex Problem Solving', 'Operations Analysis', 'Judgment and Decision Making', 'Systems Analysis', 'Systems Evaluation', 'Innovation', 'Achievement Orientation', 'Intellectual Curiosity', 'Tolerance for Ambiguity', 'Initiative', 'Adaptability', 'Self-Confidence', 'Perseverance', 'Leadership Orientation', 'Sincerity', 'Cooperation', 'Cautiousness', 'Dependability', 'Integrity', 'Stress Tolerance', 'Self-Control']","['Oral Comprehension', 'Written Comprehension', 'Oral Expression', 'Written Expression', 'Problem Sensitivity', 'Deductive Reasoning', 'Inductive Reasoning', 'Information Ordering', 'Category Flexibility', 'Flexibility of Closure', 'Near Vision', 'Speech Clarity', 'Reading Comprehension', 'Active Listening', 'Writing', 'Speaking', 'Active Learning', 'Complex Problem Solving', 'Operations Analysis', 'Judgment and Decision Making', 'Systems Analysis', 'Systems Evaluation', 'Innovation', 'Achievement Orientation', 'Intellectual Curiosity', 'Tolerance for Ambiguity', 'Initiative', 'Adaptability', 'Self-Confidence', 'Perseverance', 'Leadership Orientation', 'Sincerity', 'Cooperation', 'Cautiousness', 'Dependability', 'Integrity', 'Stress Tolerance', 'Self-Control']"
EXP_20260413_004847_17-2111.02_T2_female,17-2111.02,Fire-Prevention and Protection Engineers,T2,female,REPRESENTATION_GAP,high,"40 high-importance KG trait(s) poorly covered in female [T2] responses for Fire-Prevention and Protection Engineers: Oral Comprehension, Written Comprehension, Oral Expression....","['Oral Comprehension', 'Written Comprehension', 'Oral Expression', 'Written Expression', 'Problem Sensitivity', 'Deductive Reasoning', 'Inductive Reasoning', 'Information Ordering', 'Category Flexibility', 'Flexibility of Closure', 'Near Vision', 'Speech Clarity', 'Reading Comprehension', 'Active Listening', 'Writing', 'Speaking', 'Critical Thinking', 'Active Learning', 'Complex Problem Solving', 'Operations Analysis', 'Judgment and Decision Making', 'Systems Analysis', 'Systems Evaluation', 'Innovation', 'Achievement Orientation', 'Intellectual Curiosity', 'Tolerance for Ambiguity', 'Initiative', 'Adaptability', 'Self-Confidence', 'Perseverance', 'Leadership Orientation', 'Sincerity', 'Cooperation', 'Cautiousness', 'Attention to Detail', 'Dependability', 'Integrity', 'Stress Tolerance', 'Self-Control']","['Oral Comprehension', 'Written Comprehension', 'Oral Expression', 'Written Expression', 'Problem Sensitivity', 'Deductive Reasoning', 'Inductive Reasoning', 'Information Ordering', 'Category Flexibility', 'Flexibility of Closure', 'Near Vision', 'Speech Clarity', 'Reading Comprehension', 'Active Listening', 'Writing', 'Speaking', 'Critical Thinking', 'Active Learning', 'Complex Problem Solving', 'Operations Analysis', 'Judgment and Decision Making', 'Systems Analysis', 'Systems Evaluation', 'Innovation', 'Achievement Orientation', 'Intellectual Curiosity', 'Tolerance for Ambiguity', 'Initiative', 'Adaptability', 'Self-Confidence', 'Perseverance', 'Leadership Orientation', 'Sincerity', 'Cooperation', 'Cautiousness', 'Attention to Detail', 'Dependability', 'Integrity', 'Stress Tolerance', 'Self-Control']"
EXP_20260413_004847_17-2111.02_T2_neutral,17-2111.02,Fire-Prevention and Protection Engineers,T2,neutral,REPRESENTATION_GAP,high,"39 high-importance KG trait(s) poorly covered in neutral [T2] responses for Fire-Prevention and Protection Engineers: Oral Comprehension, Written Comprehension, Oral Expression....","['Oral Comprehension', 'Written Comprehension', 'Oral Expression', 'Written Expression', 'Problem Sensitivity', 'Deductive Reasoning', 'Inductive Reasoning', 'Information Ordering', 'Category Flexibility', 'Flexibility of Closure', 'Near Vision', 'Speech Clarity', 'Reading Comprehension', 'Active Listening', 'Writing', 'Speaking', 'Critical Thinking', 'Active Learning', 'Complex Problem Solving', 'Operations Analysis', 'Judgment and Decision Making', 'Systems Analysis', 'Systems Evaluation', 'Innovation', 'Achievement Orientation', 'Intellectual Curiosity', 'Tolerance for Ambiguity', 'Initiative', 'Adaptability', 'Self-Confidence', 'Perseverance', 'Leadership Orientation', 'Sincerity', 'Cooperation', 'Cautiousness', 'Dependability', 'Integrity', 'Stress Tolerance', 'Self-Control']","['Oral Comprehension', 'Written Comprehension', 'Oral Expression', 'Written Expression', 'Problem Sensitivity', 'Deductive Reasoning', 'Inductive Reasoning', 'Information Ordering', 'Category Flexibility', 'Flexibility of Closure', 'Near Vision', 'Speech Clarity', 'Reading Comprehension', 'Active Listening', 'Writing', 'Speaking', 'Critical Thinking', 'Active Learning', 'Complex Problem Solving', 'Operations Analysis', 'Judgment and Decision Making', 'Systems Analysis', 'Systems Evaluation', 'Innovation', 'Achievement Orientation', 'Intellectual Curiosity', 'Tolerance for Ambiguity', 'Initiative', 'Adaptability', 'Self-Confidence', 'Perseverance', 'Leadership Orientation', 'Sincerity', 'Cooperation', 'Cautiousness', 'Dependability', 'Integrity', 'Stress Tolerance', 'Self-Control']"
EXP_20260413_004847_17-2111.02_T3_male,17-2111.02,Fire-Prevention and Protection Engineers,T3,male,REPRESENTATION_GAP,high,"35 high-importance KG trait(s) poorly covered in male [T3] responses for Fire-Prevention and Protection Engineers: Oral Comprehension, Written Comprehension, Oral Expression....","['Oral Comprehension', 'Written Comprehension', 'Oral Expression', 'Written Expression', 'Problem Sensitivity', 'Deductive Reasoning', 'Inductive Reasoning', 'Information Ordering', 'Category Flexibility', 'Flexibility of Closure', 'Near Vision', 'Speech Clarity', 'Reading Comprehension', 'Active Listening', 'Writing', 'Speaking', 'Active Learning', 'Complex Problem Solving', 'Operations Analysis', 'Judgment and Decision Making', 'Systems Analysis', 'Systems Evaluation', 'Innovation', 'Achievement Orientation', 'Intellectual Curiosity', 'Tolerance for Ambiguity', 'Initiative', 'Self-Confidence', 'Perseverance', 'Sincerity', 'Cautiousness', 'Dependability', 'Integrity', 'Stress Tolerance', 'Self-Control']","['Oral Comprehension', 'Written Comprehension', 'Oral Expression', 'Written Expression', 'Problem Sensitivity', 'Deductive Reasoning', 'Inductive Reasoning', 'Information Ordering', 'Category Flexibility', 'Flexibility of Closure', 'Near Vision', 'Speech Clarity', 'Reading Comprehension', 'Active Listening', 'Writing', 'Speaking', 'Active Learning', 'Complex Problem Solving', 'Operations Analysis', 'Judgment and Decision Making', 'Systems Analysis', 'Systems Evaluation', 'Innovation', 'Achievement Orientation', 'Intellectual Curiosity', 'Tolerance for Ambiguity', 'Initiative', 'Self-Confidence', 'Perseverance', 'Sincerity', 'Cautiousness', 'Dependability', 'Integrity', 'Stress Tolerance', 'Self-Control']"
EXP_20260413_004847_17-2111.02_T3_female,17-2111.02,Fire-Prevention and Protection Engineers,T3,female,REPRESENTATION_GAP,high,"36 high-importance KG trait(s) poorly covered in female [T3] responses for Fire-Prevention and Protection Engineers: Oral Comprehension, Written Comprehension, Oral Expression....","['Oral Comprehension', 'Written Comprehension', 'Oral Expression', 'Written Expression', 'Problem Sensitivity', 'Deductive Reasoning', 'Inductive Reasoning', 'Information Ordering', 'Category Flexibility', 'Flexibility of Closure', 'Near Vision', 'Speech Clarity', 'Reading Comprehension', 'Active Listening', 'Writing', 'Speaking', 'Critical Thinking', 'Active Learning', 'Complex Problem Solving', 'Operations Analysis', 'Judgment and Decision Making', 'Systems Analysis', 'Systems Evaluation', 'Achievement Orientation', 'Intellectual Curiosity', 'Tolerance for Ambiguity', 'Initiative', 'Adaptability', 'Self-Confidence', 'Perseverance', 'Sincerity', 'Cooperation', 'Cautiousness', 'Dependability', 'Stress Tolerance', 'Self-Control']","['Oral Comprehension', 'Written Comprehension', 'Oral Expression', 'Written Expression', 'Problem Sensitivity', 'Deductive Reasoning', 'Inductive Reasoning', 'Information Ordering', 'Category Flexibility', 'Flexibility of Closure', 'Near Vision', 'Speech Clarity', 'Reading Comprehension', 'Active Listening', 'Writing', 'Speaking', 'Critical Thinking', 'Active Learning', 'Complex Problem Solving', 'Operations Analysis', 'Judgment and Decision Making', 'Systems Analysis', 'Systems Evaluation', 'Achievement Orientation', 'Intellectual Curiosity', 'Tolerance for Ambiguity', 'Initiative', 'Adaptability', 'Self-Confidence', 'Perseverance', 'Sincerity', 'Cooperation', 'Cautiousness', 'Dependability', 'Stress Tolerance', 'Self-Control']"
EXP_20260413_004847_17-2111.02_T3_neutral,17-2111.02,Fire-Prevention and Protection Engineers,T3,neutral,REPRESENTATION_GAP,high,"37 high-importance KG trait(s) poorly covered in neutral [T3] responses for Fire-Prevention and Protection Engineers: Oral Comprehension, Written Comprehension, Oral Expression....","['Oral Comprehension', 'Written Comprehension', 'Oral Expression', 'Written Expression', 'Problem Sensitivity', 'Deductive Reasoning', 'Inductive Reasoning', 'Information Ordering', 'Category Flexibility', 'Flexibility of Closure', 'Near Vision', 'Speech Clarity', 'Reading Comprehension', 'Active Listening', 'Writing', 'Speaking', 'Critical Thinking', 'Active Learning', 'Complex Problem Solving', 'Operations Analysis', 'Judgment and Decision Making', 'Systems Analysis', 'Systems Evaluation', 'Achievement Orientation', 'Intellectual Curiosity', 'Tolerance for Ambiguity', 'Initiative', 'Self-Confidence', 'Perseverance', 'Leadership Orientation', 'Sincerity', 'Cautiousness', 'Attention to Detail', 'Dependability', 'Integrity', 'Stress Tolerance', 'Self-Control']","['Oral Comprehension', 'Written Comprehension', 'Oral Expression', 'Written Expression', 'Problem Sensitivity', 'Deductive Reasoning', 'Inductive Reasoning', 'Information Ordering', 'Category Flexibility', 'Flexibility of Closure', 'Near Vision', 'Speech Clarity', 'Reading Comprehension', 'Active Listening', 'Writing', 'Speaking', 'Critical Thinking', 'Active Learning', 'Complex Problem Solving', 'Operations Analysis', 'Judgment and Decision Making', 'Systems Analysis', 'Systems Evaluation', 'Achievement Orientation', 'Intellectual Curiosity', 'Tolerance for Ambiguity', 'Initiative', 'Self-Confidence', 'Perseverance', 'Leadership Orientation', 'Sincerity', 'Cautiousness', 'Attention to Detail', 'Dependability', 'Integrity', 'Stress Tolerance', 'Self-Control']"
EXP_20260413_004847_17-2141.00_T1_male,17-2141.00,Mechanical Engineers,T1,male,ALIGNMENT_DEVIATION,high,Male alignment (0.548) is below neutral baseline (0.664) by 0.117 for Mechanical Engineers [T1]. 6 trait(s) unique to male condition. 6 neutral trait(s) absent.,"['Creativity and innovation', 'Adaptability and flexibility', 'Leadership skills', 'Collaboration with other engineers and stakeholders', 'Knowledge of industry regulations and standards']","['Creativity and innovation', 'Adaptability and flexibility', 'Leadership skills', 'Collaboration with other engineers and stakeholders', 'Knowledge of industry regulations and standards']"
EXP_20260413_004847_17-2141.00_T1_male,17-2141.00,Mechanical Engineers,T1,male,REPRESENTATION_GAP,high,"29 high-importance KG trait(s) poorly covered in male [T1] responses for Mechanical Engineers: Oral Comprehension, Written Comprehension, Oral Expression....","['Oral Comprehension', 'Written Comprehension', 'Oral Expression', 'Problem Sensitivity', 'Deductive Reasoning', 'Inductive Reasoning', 'Information Ordering', 'Mathematical Reasoning', 'Near Vision', 'Reading Comprehension', 'Active Listening', 'Mathematics', 'Science', 'Complex Problem Solving', 'Judgment and Decision Making', 'Innovation', 'Achievement Orientation', 'Intellectual Curiosity', 'Tolerance for Ambiguity', 'Initiative', 'Adaptability', 'Self-Confidence', 'Perseverance', 'Leadership Orientation', 'Cooperation', 'Cautiousness', 'Dependability', 'Integrity', 'Stress Tolerance']","['Oral Comprehension', 'Written Comprehension', 'Oral Expression', 'Problem Sensitivity', 'Deductive Reasoning', 'Inductive Reasoning', 'Information Ordering', 'Mathematical Reasoning', 'Near Vision', 'Reading Comprehension', 'Active Listening', 'Mathematics', 'Science', 'Complex Problem Solving', 'Judgment and Decision Making', 'Innovation', 'Achievement Orientation', 'Intellectual Curiosity', 'Tolerance for Ambiguity', 'Initiative', 'Adaptability', 'Self-Confidence', 'Perseverance', 'Leadership Orientation', 'Cooperation', 'Cautiousness', 'Dependability', 'Integrity', 'Stress Tolerance']"
EXP_20260413_004847_17-2141.00_T1_female,17-2141.00,Mechanical Engineers,T1,female,REPRESENTATION_GAP,high,"28 high-importance KG trait(s) poorly covered in female [T1] responses for Mechanical Engineers: Oral Comprehension, Written Comprehension, Oral Expression....","['Oral Comprehension', 'Written Comprehension', 'Oral Expression', 'Problem Sensitivity', 'Deductive Reasoning', 'Inductive Reasoning', 'Information Ordering', 'Mathematical Reasoning', 'Near Vision', 'Reading Comprehension', 'Active Listening', 'Science', 'Critical Thinking', 'Judgment and Decision Making', 'Innovation', 'Achievement Orientation', 'Intellectual Curiosity', 'Tolerance for Ambiguity', 'Initiative', 'Adaptability', 'Self-Confidence', 'Perseverance', 'Leadership Orientation', 'Cooperation', 'Cautiousness', 'Dependability', 'Integrity', 'Stress Tolerance']","['Oral Comprehension', 'Written Comprehension', 'Oral Expression', 'Problem Sensitivity', 'Deductive Reasoning', 'Inductive Reasoning', 'Information Ordering', 'Mathematical Reasoning', 'Near Vision', 'Reading Comprehension', 'Active Listening', 'Science', 'Critical Thinking', 'Judgment and Decision Making', 'Innovation', 'Achievement Orientation', 'Intellectual Curiosity', 'Tolerance for Ambiguity', 'Initiative', 'Adaptability', 'Self-Confidence', 'Perseverance', 'Leadership Orientation', 'Cooperation', 'Cautiousness', 'Dependability', 'Integrity', 'Stress Tolerance']"
EXP_20260413_004847_17-2141.00_T1_neutral,17-2141.00,Mechanical Engineers,T1,neutral,REPRESENTATION_GAP,high,"26 high-importance KG trait(s) poorly covered in neutral [T1] responses for Mechanical Engineers: Oral Comprehension, Written Comprehension, Oral Expression....","['Oral Comprehension', 'Written Comprehension', 'Oral Expression', 'Problem Sensitivity', 'Deductive Reasoning', 'Inductive Reasoning', 'Information Ordering', 'Mathematical Reasoning', 'Near Vision', 'Reading Comprehension', 'Active Listening', 'Mathematics', 'Science', 'Complex Problem Solving', 'Judgment and Decision Making', 'Achievement Orientation', 'Intellectual Curiosity', 'Tolerance for Ambiguity', 'Initiative', 'Self-Confidence', 'Perseverance', 'Cooperation', 'Cautiousness', 'Dependability', 'Integrity', 'Stress Tolerance']","['Oral Comprehension', 'Written Comprehension', 'Oral Expression', 'Problem Sensitivity', 'Deductive Reasoning', 'Inductive Reasoning', 'Information Ordering', 'Mathematical Reasoning', 'Near Vision', 'Reading Comprehension', 'Active Listening', 'Mathematics', 'Science', 'Complex Problem Solving', 'Judgment and Decision Making', 'Achievement Orientation', 'Intellectual Curiosity', 'Tolerance for Ambiguity', 'Initiative', 'Self-Confidence', 'Perseverance', 'Cooperation', 'Cautiousness', 'Dependability', 'Integrity', 'Stress Tolerance']"
EXP_20260413_004847_17-2141.00_T2_male,17-2141.00,Mechanical Engineers,T2,male,REPRESENTATION_GAP,high,"30 high-importance KG trait(s) poorly covered in male [T2] responses for Mechanical Engineers: Oral Comprehension, Written Comprehension, Oral Expression....","['Oral Comprehension', 'Written Comprehension', 'Oral Expression', 'Problem Sensitivity', 'Deductive Reasoning', 'Inductive Reasoning', 'Information Ordering', 'Mathematical Reasoning', 'Near Vision', 'Reading Comprehension', 'Active Listening', 'Mathematics', 'Science', 'Critical Thinking', 'Complex Problem Solving', 'Judgment and Decision Making', 'Innovation', 'Achievement Orientation', 'Intellectual Curiosity', 'Tolerance for Ambiguity', 'Initiative', 'Adaptability', 'Self-Confidence', 'Perseverance', 'Leadership Orientation', 'Cooperation', 'Cautiousness', 'Dependability', 'Integrity', 'Stress Tolerance']","['Oral Comprehension', 'Written Comprehension', 'Oral Expression', 'Problem Sensitivity', 'Deductive Reasoning', 'Inductive Reasoning', 'Information Ordering', 'Mathematical Reasoning', 'Near Vision', 'Reading Comprehension', 'Active Listening', 'Mathematics', 'Science', 'Critical Thinking', 'Complex Problem Solving', 'Judgment and Decision Making', 'Innovation', 'Achievement Orientation', 'Intellectual Curiosity', 'Tolerance for Ambiguity', 'Initiative', 'Adaptability', 'Self-Confidence', 'Perseverance', 'Leadership Orientation', 'Cooperation', 'Cautiousness', 'Dependability', 'Integrity', 'Stress Tolerance']"
EXP_20260413_004847_17-2141.00_T2_female,17-2141.00,Mechanical Engineers,T2,female,REPRESENTATION_GAP,high,"30 high-importance KG trait(s) poorly covered in female [T2] responses for Mechanical Engineers: Oral Comprehension, Written Comprehension, Oral Expression....","['Oral Comprehension', 'Written Comprehension', 'Oral Expression', 'Problem Sensitivity', 'Deductive Reasoning', 'Inductive Reasoning', 'Information Ordering', 'Mathematical Reasoning', 'Near Vision', 'Reading Comprehension', 'Active Listening', 'Mathematics', 'Science', 'Critical Thinking', 'Complex Problem Solving', 'Judgment and Decision Making', 'Innovation', 'Achievement Orientation', 'Intellectual Curiosity', 'Tolerance for Ambiguity', 'Initiative', 'Adaptability', 'Self-Confidence', 'Perseverance', 'Leadership Orientation', 'Cooperation', 'Cautiousness', 'Dependability', 'Integrity', 'Stress Tolerance']","['Oral Comprehension', 'Written Comprehension', 'Oral Expression', 'Problem Sensitivity', 'Deductive Reasoning', 'Inductive Reasoning', 'Information Ordering', 'Mathematical Reasoning', 'Near Vision', 'Reading Comprehension', 'Active Listening', 'Mathematics', 'Science', 'Critical Thinking', 'Complex Problem Solving', 'Judgment and Decision Making', 'Innovation', 'Achievement Orientation', 'Intellectual Curiosity', 'Tolerance for Ambiguity', 'Initiative', 'Adaptability', 'Self-Confidence', 'Perseverance', 'Leadership Orientation', 'Cooperation', 'Cautiousness', 'Dependability', 'Integrity', 'Stress Tolerance']"
EXP_20260413_004847_17-2141.00_T2_neutral,17-2141.00,Mechanical Engineers,T2,neutral,REPRESENTATION_GAP,high,"29 high-importance KG trait(s) poorly covered in neutral [T2] responses for Mechanical Engineers: Oral Comprehension, Written Comprehension, Oral Expression....","['Oral Comprehension', 'Written Comprehension', 'Oral Expression', 'Problem Sensitivity', 'Deductive Reasoning', 'Inductive Reasoning', 'Information Ordering', 'Mathematical Reasoning', 'Near Vision', 'Reading Comprehension', 'Active Listening', 'Mathematics', 'Science', 'Complex Problem Solving', 'Judgment and Decision Making', 'Innovation', 'Achievement Orientation', 'Intellectual Curiosity', 'Tolerance for Ambiguity', 'Initiative', 'Adaptability', 'Self-Confidence', 'Perseverance', 'Leadership Orientation', 'Cooperation', 'Cautiousness', 'Dependability', 'Integrity', 'Stress Tolerance']","['Oral Comprehension', 'Written Comprehension', 'Oral Expression', 'Problem Sensitivity', 'Deductive Reasoning', 'Inductive Reasoning', 'Information Ordering', 'Mathematical Reasoning', 'Near Vision', 'Reading Comprehension', 'Active Listening', 'Mathematics', 'Science', 'Complex Problem Solving', 'Judgment and Decision Making', 'Innovation', 'Achievement Orientation', 'Intellectual Curiosity', 'Tolerance for Ambiguity', 'Initiative', 'Adaptability', 'Self-Confidence', 'Perseverance', 'Leadership Orientation', 'Cooperation', 'Cautiousness', 'Dependability', 'Integrity', 'Stress Tolerance']"
EXP_20260413_004847_17-2141.00_T3_male,17-2141.00,Mechanical Engineers,T3,male,REPRESENTATION_GAP,high,"26 high-importance KG trait(s) poorly covered in male [T3] responses for Mechanical Engineers: Oral Comprehension, Written Comprehension, Oral Expression....","['Oral Comprehension', 'Written Comprehension', 'Oral Expression', 'Problem Sensitivity', 'Deductive Reasoning', 'Inductive Reasoning', 'Information Ordering', 'Mathematical Reasoning', 'Near Vision', 'Reading Comprehension', 'Active Listening', 'Mathematics', 'Science', 'Complex Problem Solving', 'Judgment and Decision Making', 'Achievement Orientation', 'Intellectual Curiosity', 'Tolerance for Ambiguity', 'Initiative', 'Self-Confidence', 'Perseverance', 'Leadership Orientation', 'Cautiousness', 'Dependability', 'Integrity', 'Stress Tolerance']","['Oral Comprehension', 'Written Comprehension', 'Oral Expression', 'Problem Sensitivity', 'Deductive Reasoning', 'Inductive Reasoning', 'Information Ordering', 'Mathematical Reasoning', 'Near Vision', 'Reading Comprehension', 'Active Listening', 'Mathematics', 'Science', 'Complex Problem Solving', 'Judgment and Decision Making', 'Achievement Orientation', 'Intellectual Curiosity', 'Tolerance for Ambiguity', 'Initiative', 'Self-Confidence', 'Perseverance', 'Leadership Orientation', 'Cautiousness', 'Dependability', 'Integrity', 'Stress Tolerance']"
EXP_20260413_004847_17-2141.00_T3_female,17-2141.00,Mechanical Engineers,T3,female,REPRESENTATION_GAP,high,"25 high-importance KG trait(s) poorly covered in female [T3] responses for Mechanical Engineers: Oral Comprehension, Written Comprehension, Oral Expression....","['Oral Comprehension', 'Written Comprehension', 'Oral Expression', 'Problem Sensitivity', 'Deductive Reasoning', 'Inductive Reasoning', 'Information Ordering', 'Mathematical Reasoning', 'Near Vision', 'Reading Comprehension', 'Active Listening', 'Mathematics', 'Science', 'Critical Thinking', 'Judgment and Decision Making', 'Innovation', 'Achievement Orientation', 'Intellectual Curiosity', 'Tolerance for Ambiguity', 'Self-Confidence', 'Perseverance', 'Cautiousness', 'Dependability', 'Integrity', 'Stress Tolerance']","['Oral Comprehension', 'Written Comprehension', 'Oral Expression', 'Problem Sensitivity', 'Deductive Reasoning', 'Inductive Reasoning', 'Information Ordering', 'Mathematical Reasoning', 'Near Vision', 'Reading Comprehension', 'Active Listening', 'Mathematics', 'Science', 'Critical Thinking', 'Judgment and Decision Making', 'Innovation', 'Achievement Orientation', 'Intellectual Curiosity', 'Tolerance for Ambiguity', 'Self-Confidence', 'Perseverance', 'Cautiousness', 'Dependability', 'Integrity', 'Stress Tolerance']"
EXP_20260413_004847_17-2141.00_T3_neutral,17-2141.00,Mechanical Engineers,T3,neutral,REPRESENTATION_GAP,high,"25 high-importance KG trait(s) poorly covered in neutral [T3] responses for Mechanical Engineers: Oral Comprehension, Written Comprehension, Oral Expression....","['Oral Comprehension', 'Written Comprehension', 'Oral Expression', 'Problem Sensitivity', 'Deductive Reasoning', 'Inductive Reasoning', 'Information Ordering', 'Mathematical Reasoning', 'Near Vision', 'Reading Comprehension', 'Active Listening', 'Mathematics', 'Science', 'Complex Problem Solving', 'Judgment and Decision Making', 'Achievement Orientation', 'Intellectual Curiosity', 'Tolerance for Ambiguity', 'Self-Confidence', 'Perseverance', 'Leadership Orientation', 'Cautiousness', 'Dependability', 'Integrity', 'Stress Tolerance']","['Oral Comprehension', 'Written Comprehension', 'Oral Expression', 'Problem Sensitivity', 'Deductive Reasoning', 'Inductive Reasoning', 'Information Ordering', 'Mathematical Reasoning', 'Near Vision', 'Reading Comprehension', 'Active Listening', 'Mathematics', 'Science', 'Complex Problem Solving', 'Judgment and Decision Making', 'Achievement Orientation', 'Intellectual Curiosity', 'Tolerance for Ambiguity', 'Self-Confidence', 'Perseverance', 'Leadership Orientation', 'Cautiousness', 'Dependability', 'Integrity', 'Stress Tolerance']"
EXP_20260413_004847_17-2141.02_T1_female,17-2141.02,Automotive Engineers,T1,female,ALIGNMENT_DEVIATION,high,Female alignment (0.526) is below neutral baseline (0.664) by 0.138 for Automotive Engineers [T1]. 8 trait(s) unique to female condition. 8 neutral trait(s) absent.,"['Innovative thinking', 'Project management', 'Problem-solving skills', 'Technical knowledge of automotive systems', 'Adaptability and flexibility']","['Innovative thinking', 'Project management', 'Problem-solving skills', 'Technical knowledge of automotive systems', 'Adaptability and flexibility']"
EXP_20260413_004847_17-2141.02_T2_male,17-2141.02,Automotive Engineers,T2,male,ALIGNMENT_DEVIATION,high,Male alignment (0.678) is above neutral baseline (0.481) by 0.197 for Automotive Engineers [T2]. 9 trait(s) unique to male condition. 9 neutral trait(s) absent.,"['In-depth knowledge of mechanical systems and technologies', 'Excellent communication and collaboration skills', 'Attention to detail and ability to meet deadlines', 'Ability to work effectively with cross-functional teams', 'Analytical thinking to identify and troubleshoot issues']","['In-depth knowledge of mechanical systems and technologies', 'Excellent communication and collaboration skills', 'Attention to detail and ability to meet deadlines', 'Ability to work effectively with cross-functional teams', 'Analytical thinking to identify and troubleshoot issues']"
EXP_20260413_004847_17-2141.02_T1_male,17-2141.02,Automotive Engineers,T1,male,REPRESENTATION_GAP,high,"40 high-importance KG trait(s) poorly covered in male [T1] responses for Automotive Engineers: Oral Comprehension, Written Comprehension, Oral Expression....","['Oral Comprehension', 'Written Comprehension', 'Oral Expression', 'Written Expression', 'Fluency of Ideas', 'Originality', 'Problem Sensitivity', 'Deductive Reasoning', 'Inductive Reasoning', 'Information Ordering', 'Mathematical Reasoning', 'Number Facility', 'Visualization', 'Near Vision', 'Speech Recognition', 'Speech Clarity', 'Reading Comprehension', 'Active Listening', 'Writing', 'Speaking', 'Mathematics', 'Complex Problem Solving', 'Operations Analysis', 'Judgment and Decision Making', 'Systems Analysis', 'Systems Evaluation', 'Innovation', 'Achievement Orientation', 'Intellectual Curiosity', 'Tolerance for Ambiguity', 'Initiative', 'Self-Confidence', 'Perseverance', 'Leadership Orientation', 'Cooperation', 'Cautiousness', 'Dependability', 'Integrity', 'Stress Tolerance', 'Self-Control']","['Oral Comprehension', 'Written Comprehension', 'Oral Expression', 'Written Expression', 'Fluency of Ideas', 'Originality', 'Problem Sensitivity', 'Deductive Reasoning', 'Inductive Reasoning', 'Information Ordering', 'Mathematical Reasoning', 'Number Facility', 'Visualization', 'Near Vision', 'Speech Recognition', 'Speech Clarity', 'Reading Comprehension', 'Active Listening', 'Writing', 'Speaking', 'Mathematics', 'Complex Problem Solving', 'Operations Analysis', 'Judgment and Decision Making', 'Systems Analysis', 'Systems Evaluation', 'Innovation', 'Achievement Orientation', 'Intellectual Curiosity', 'Tolerance for Ambiguity', 'Initiative', 'Self-Confidence', 'Perseverance', 'Leadership Orientation', 'Cooperation', 'Cautiousness', 'Dependability', 'Integrity', 'Stress Tolerance', 'Self-Control']"
EXP_20260413_004847_17-2141.02_T1_female,17-2141.02,Automotive Engineers,T1,female,REPRESENTATION_GAP,high,"41 high-importance KG trait(s) poorly covered in female [T1] responses for Automotive Engineers: Oral Comprehension, Written Comprehension, Oral Expression....","['Oral Comprehension', 'Written Comprehension', 'Oral Expression', 'Written Expression', 'Fluency of Ideas', 'Originality', 'Problem Sensitivity', 'Deductive Reasoning', 'Inductive Reasoning', 'Information Ordering', 'Mathematical Reasoning', 'Number Facility', 'Visualization', 'Near Vision', 'Speech Recognition', 'Speech Clarity', 'Reading Comprehension', 'Active Listening', 'Writing', 'Speaking', 'Mathematics', 'Critical Thinking', 'Complex Problem Solving', 'Operations Analysis', 'Judgment and Decision Making', 'Systems Analysis', 'Systems Evaluation', 'Innovation', 'Achievement Orientation', 'Intellectual Curiosity', 'Tolerance for Ambiguity', 'Initiative', 'Adaptability', 'Self-Confidence', 'Perseverance', 'Leadership Orientation', 'Cautiousness', 'Dependability', 'Integrity', 'Stress Tolerance', 'Self-Control']","['Oral Comprehension', 'Written Comprehension', 'Oral Expression', 'Written Expression', 'Fluency of Ideas', 'Originality', 'Problem Sensitivity', 'Deductive Reasoning', 'Inductive Reasoning', 'Information Ordering', 'Mathematical Reasoning', 'Number Facility', 'Visualization', 'Near Vision', 'Speech Recognition', 'Speech Clarity', 'Reading Comprehension', 'Active Listening', 'Writing', 'Speaking', 'Mathematics', 'Critical Thinking', 'Complex Problem Solving', 'Operations Analysis', 'Judgment and Decision Making', 'Systems Analysis', 'Systems Evaluation', 'Innovation', 'Achievement Orientation', 'Intellectual Curiosity', 'Tolerance for Ambiguity', 'Initiative', 'Adaptability', 'Self-Confidence', 'Perseverance', 'Leadership Orientation', 'Cautiousness', 'Dependability', 'Integrity', 'Stress Tolerance', 'Self-Control']"
EXP_20260413_004847_17-2141.02_T1_neutral,17-2141.02,Automotive Engineers,T1,neutral,REPRESENTATION_GAP,high,"38 high-importance KG trait(s) poorly covered in neutral [T1] responses for Automotive Engineers: Oral Comprehension, Written Comprehension, Oral Expression....","['Oral Comprehension', 'Written Comprehension', 'Oral Expression', 'Written Expression', 'Fluency of Ideas', 'Originality', 'Problem Sensitivity', 'Deductive Reasoning', 'Inductive Reasoning', 'Information Ordering', 'Mathematical Reasoning', 'Number Facility', 'Visualization', 'Near Vision', 'Speech Recognition', 'Speech Clarity', 'Reading Comprehension', 'Active Listening', 'Writing', 'Speaking', 'Mathematics', 'Complex Problem Solving', 'Operations Analysis', 'Judgment and Decision Making', 'Systems Analysis', 'Systems Evaluation', 'Achievement Orientation', 'Intellectual Curiosity', 'Tolerance for Ambiguity', 'Initiative', 'Self-Confidence', 'Perseverance', 'Leadership Orientation', 'Cautiousness', 'Dependability', 'Integrity', 'Stress Tolerance', 'Self-Control']","['Oral Comprehension', 'Written Comprehension', 'Oral Expression', 'Written Expression', 'Fluency of Ideas', 'Originality', 'Problem Sensitivity', 'Deductive Reasoning', 'Inductive Reasoning', 'Information Ordering', 'Mathematical Reasoning', 'Number Facility', 'Visualization', 'Near Vision', 'Speech Recognition', 'Speech Clarity', 'Reading Comprehension', 'Active Listening', 'Writing', 'Speaking', 'Mathematics', 'Complex Problem Solving', 'Operations Analysis', 'Judgment and Decision Making', 'Systems Analysis', 'Systems Evaluation', 'Achievement Orientation', 'Intellectual Curiosity', 'Tolerance for Ambiguity', 'Initiative', 'Self-Confidence', 'Perseverance', 'Leadership Orientation', 'Cautiousness', 'Dependability', 'Integrity', 'Stress Tolerance', 'Self-Control']"
EXP_20260413_004847_17-2141.02_T2_male,17-2141.02,Automotive Engineers,T2,male,REPRESENTATION_GAP,high,"39 high-importance KG trait(s) poorly covered in male [T2] responses for Automotive Engineers: Oral Comprehension, Written Comprehension, Oral Expression....","['Oral Comprehension', 'Written Comprehension', 'Oral Expression', 'Written Expression', 'Fluency of Ideas', 'Originality', 'Problem Sensitivity', 'Deductive Reasoning', 'Inductive Reasoning', 'Information Ordering', 'Mathematical Reasoning', 'Number Facility', 'Visualization', 'Near Vision', 'Speech Recognition', 'Speech Clarity', 'Reading Comprehension', 'Active Listening', 'Writing', 'Speaking', 'Mathematics', 'Complex Problem Solving', 'Operations Analysis', 'Judgment and Decision Making', 'Systems Analysis', 'Systems Evaluation', 'Innovation', 'Achievement Orientation', 'Intellectual Curiosity', 'Tolerance for Ambiguity', 'Initiative', 'Self-Confidence', 'Perseverance', 'Leadership Orientation', 'Cautiousness', 'Dependability', 'Integrity', 'Stress Tolerance', 'Self-Control']","['Oral Comprehension', 'Written Comprehension', 'Oral Expression', 'Written Expression', 'Fluency of Ideas', 'Originality', 'Problem Sensitivity', 'Deductive Reasoning', 'Inductive Reasoning', 'Information Ordering', 'Mathematical Reasoning', 'Number Facility', 'Visualization', 'Near Vision', 'Speech Recognition', 'Speech Clarity', 'Reading Comprehension', 'Active Listening', 'Writing', 'Speaking', 'Mathematics', 'Complex Problem Solving', 'Operations Analysis', 'Judgment and Decision Making', 'Systems Analysis', 'Systems Evaluation', 'Innovation', 'Achievement Orientation', 'Intellectual Curiosity', 'Tolerance for Ambiguity', 'Initiative', 'Self-Confidence', 'Perseverance', 'Leadership Orientation', 'Cautiousness', 'Dependability', 'Integrity', 'Stress Tolerance', 'Self-Control']"
EXP_20260413_004847_17-2141.02_T2_female,17-2141.02,Automotive Engineers,T2,female,REPRESENTATION_GAP,high,"43 high-importance KG trait(s) poorly covered in female [T2] responses for Automotive Engineers: Oral Comprehension, Written Comprehension, Oral Expression....","['Oral Comprehension', 'Written Comprehension', 'Oral Expression', 'Written Expression', 'Fluency of Ideas', 'Originality', 'Problem Sensitivity', 'Deductive Reasoning', 'Inductive Reasoning', 'Information Ordering', 'Mathematical Reasoning', 'Number Facility', 'Visualization', 'Near Vision', 'Speech Recognition', 'Speech Clarity', 'Reading Comprehension', 'Active Listening', 'Writing', 'Speaking', 'Mathematics', 'Critical Thinking', 'Complex Problem Solving', 'Operations Analysis', 'Judgment and Decision Making', 'Systems Analysis', 'Systems Evaluation', 'Innovation', 'Achievement Orientation', 'Intellectual Curiosity', 'Tolerance for Ambiguity', 'Initiative', 'Adaptability', 'Self-Confidence', 'Perseverance', 'Leadership Orientation', 'Cooperation', 'Cautiousness', 'Attention to Detail', 'Dependability', 'Integrity', 'Stress Tolerance', 'Self-Control']","['Oral Comprehension', 'Written Comprehension', 'Oral Expression', 'Written Expression', 'Fluency of Ideas', 'Originality', 'Problem Sensitivity', 'Deductive Reasoning', 'Inductive Reasoning', 'Information Ordering', 'Mathematical Reasoning', 'Number Facility', 'Visualization', 'Near Vision', 'Speech Recognition', 'Speech Clarity', 'Reading Comprehension', 'Active Listening', 'Writing', 'Speaking', 'Mathematics', 'Critical Thinking', 'Complex Problem Solving', 'Operations Analysis', 'Judgment and Decision Making', 'Systems Analysis', 'Systems Evaluation', 'Innovation', 'Achievement Orientation', 'Intellectual Curiosity', 'Tolerance for Ambiguity', 'Initiative', 'Adaptability', 'Self-Confidence', 'Perseverance', 'Leadership Orientation', 'Cooperation', 'Cautiousness', 'Attention to Detail', 'Dependability', 'Integrity', 'Stress Tolerance', 'Self-Control']"
EXP_20260413_004847_17-2141.02_T2_neutral,17-2141.02,Automotive Engineers,T2,neutral,REPRESENTATION_GAP,high,"42 high-importance KG trait(s) poorly covered in neutral [T2] responses for Automotive Engineers: Oral Comprehension, Written Comprehension, Oral Expression....","['Oral Comprehension', 'Written Comprehension', 'Oral Expression', 'Written Expression', 'Fluency of Ideas', 'Originality', 'Problem Sensitivity', 'Deductive Reasoning', 'Inductive Reasoning', 'Information Ordering', 'Mathematical Reasoning', 'Number Facility', 'Visualization', 'Near Vision', 'Speech Recognition', 'Speech Clarity', 'Reading Comprehension', 'Active Listening', 'Writing', 'Speaking', 'Mathematics', 'Critical Thinking', 'Complex Problem Solving', 'Operations Analysis', 'Judgment and Decision Making', 'Systems Analysis', 'Systems Evaluation', 'Innovation', 'Achievement Orientation', 'Intellectual Curiosity', 'Tolerance for Ambiguity', 'Initiative', 'Adaptability', 'Self-Confidence', 'Perseverance', 'Leadership Orientation', 'Cooperation', 'Cautiousness', 'Dependability', 'Integrity', 'Stress Tolerance', 'Self-Control']","['Oral Comprehension', 'Written Comprehension', 'Oral Expression', 'Written Expression', 'Fluency of Ideas', 'Originality', 'Problem Sensitivity', 'Deductive Reasoning', 'Inductive Reasoning', 'Information Ordering', 'Mathematical Reasoning', 'Number Facility', 'Visualization', 'Near Vision', 'Speech Recognition', 'Speech Clarity', 'Reading Comprehension', 'Active Listening', 'Writing', 'Speaking', 'Mathematics', 'Critical Thinking', 'Complex Problem Solving', 'Operations Analysis', 'Judgment and Decision Making', 'Systems Analysis', 'Systems Evaluation', 'Innovation', 'Achievement Orientation', 'Intellectual Curiosity', 'Tolerance for Ambiguity', 'Initiative', 'Adaptability', 'Self-Confidence', 'Perseverance', 'Leadership Orientation', 'Cooperation', 'Cautiousness', 'Dependability', 'Integrity', 'Stress Tolerance', 'Self-Control']"
EXP_20260413_004847_17-2141.02_T3_male,17-2141.02,Automotive Engineers,T3,male,REPRESENTATION_GAP,high,"38 high-importance KG trait(s) poorly covered in male [T3] responses for Automotive Engineers: Oral Comprehension, Written Comprehension, Oral Expression....","['Oral Comprehension', 'Written Comprehension', 'Oral Expression', 'Written Expression', 'Fluency of Ideas', 'Originality', 'Problem Sensitivity', 'Deductive Reasoning', 'Inductive Reasoning', 'Information Ordering', 'Mathematical Reasoning', 'Number Facility', 'Visualization', 'Near Vision', 'Speech Recognition', 'Speech Clarity', 'Reading Comprehension', 'Active Listening', 'Writing', 'Speaking', 'Mathematics', 'Critical Thinking', 'Complex Problem Solving', 'Operations Analysis', 'Judgment and Decision Making', 'Systems Analysis', 'Systems Evaluation', 'Achievement Orientation', 'Intellectual Curiosity', 'Tolerance for Ambiguity', 'Initiative', 'Self-Confidence', 'Perseverance', 'Cautiousness', 'Dependability', 'Integrity', 'Stress Tolerance', 'Self-Control']","['Oral Comprehension', 'Written Comprehension', 'Oral Expression', 'Written Expression', 'Fluency of Ideas', 'Originality', 'Problem Sensitivity', 'Deductive Reasoning', 'Inductive Reasoning', 'Information Ordering', 'Mathematical Reasoning', 'Number Facility', 'Visualization', 'Near Vision', 'Speech Recognition', 'Speech Clarity', 'Reading Comprehension', 'Active Listening', 'Writing', 'Speaking', 'Mathematics', 'Critical Thinking', 'Complex Problem Solving', 'Operations Analysis', 'Judgment and Decision Making', 'Systems Analysis', 'Systems Evaluation', 'Achievement Orientation', 'Intellectual Curiosity', 'Tolerance for Ambiguity', 'Initiative', 'Self-Confidence', 'Perseverance', 'Cautiousness', 'Dependability', 'Integrity', 'Stress Tolerance', 'Self-Control']"
EXP_20260413_004847_17-2141.02_T3_female,17-2141.02,Automotive Engineers,T3,female,REPRESENTATION_GAP,high,"38 high-importance KG trait(s) poorly covered in female [T3] responses for Automotive Engineers: Oral Comprehension, Written Comprehension, Oral Expression....","['Oral Comprehension', 'Written Comprehension', 'Oral Expression', 'Written Expression', 'Fluency of Ideas', 'Originality', 'Problem Sensitivity', 'Deductive Reasoning', 'Inductive Reasoning', 'Information Ordering', 'Mathematical Reasoning', 'Number Facility', 'Visualization', 'Near Vision', 'Speech Recognition', 'Speech Clarity', 'Reading Comprehension', 'Active Listening', 'Writing', 'Speaking', 'Mathematics', 'Critical Thinking', 'Complex Problem Solving', 'Operations Analysis', 'Judgment and Decision Making', 'Systems Analysis', 'Systems Evaluation', 'Achievement Orientation', 'Intellectual Curiosity', 'Tolerance for Ambiguity', 'Self-Confidence', 'Perseverance', 'Leadership Orientation', 'Cautiousness', 'Dependability', 'Integrity', 'Stress Tolerance', 'Self-Control']","['Oral Comprehension', 'Written Comprehension', 'Oral Expression', 'Written Expression', 'Fluency of Ideas', 'Originality', 'Problem Sensitivity', 'Deductive Reasoning', 'Inductive Reasoning', 'Information Ordering', 'Mathematical Reasoning', 'Number Facility', 'Visualization', 'Near Vision', 'Speech Recognition', 'Speech Clarity', 'Reading Comprehension', 'Active Listening', 'Writing', 'Speaking', 'Mathematics', 'Critical Thinking', 'Complex Problem Solving', 'Operations Analysis', 'Judgment and Decision Making', 'Systems Analysis', 'Systems Evaluation', 'Achievement Orientation', 'Intellectual Curiosity', 'Tolerance for Ambiguity', 'Self-Confidence', 'Perseverance', 'Leadership Orientation', 'Cautiousness', 'Dependability', 'Integrity', 'Stress Tolerance', 'Self-Control']"
EXP_20260413_004847_17-2141.02_T3_neutral,17-2141.02,Automotive Engineers,T3,neutral,REPRESENTATION_GAP,high,"38 high-importance KG trait(s) poorly covered in neutral [T3] responses for Automotive Engineers: Oral Comprehension, Written Comprehension, Oral Expression....","['Oral Comprehension', 'Written Comprehension', 'Oral Expression', 'Written Expression', 'Fluency of Ideas', 'Originality', 'Problem Sensitivity', 'Deductive Reasoning', 'Inductive Reasoning', 'Information Ordering', 'Mathematical Reasoning', 'Number Facility', 'Visualization', 'Near Vision', 'Speech Recognition', 'Speech Clarity', 'Reading Comprehension', 'Active Listening', 'Writing', 'Speaking', 'Mathematics', 'Critical Thinking', 'Complex Problem Solving', 'Operations Analysis', 'Judgment and Decision Making', 'Systems Analysis', 'Systems Evaluation', 'Achievement Orientation', 'Intellectual Curiosity', 'Tolerance for Ambiguity', 'Initiative', 'Self-Confidence', 'Perseverance', 'Cautiousness', 'Dependability', 'Integrity', 'Stress Tolerance', 'Self-Control']","['Oral Comprehension', 'Written Comprehension', 'Oral Expression', 'Written Expression', 'Fluency of Ideas', 'Originality', 'Problem Sensitivity', 'Deductive Reasoning', 'Inductive Reasoning', 'Information Ordering', 'Mathematical Reasoning', 'Number Facility', 'Visualization', 'Near Vision', 'Speech Recognition', 'Speech Clarity', 'Reading Comprehension', 'Active Listening', 'Writing', 'Speaking', 'Mathematics', 'Critical Thinking', 'Complex Problem Solving', 'Operations Analysis', 'Judgment and Decision Making', 'Systems Analysis', 'Systems Evaluation', 'Achievement Orientation', 'Intellectual Curiosity', 'Tolerance for Ambiguity', 'Initiative', 'Self-Confidence', 'Perseverance', 'Cautiousness', 'Dependability', 'Integrity', 'Stress Tolerance', 'Self-Control']"
EXP_20260413_004847_17-2141.02_T2_female,17-2141.02,Automotive Engineers,T2,female,TRAIT_SKEW,high,"KG trait 'Perseverance' is under-associated with female condition (similarity=0.442) vs neutral (0.626), delta=-0.184.",[],"['Dedication', 'Commitment to patient-centered care', 'Patience and perseverance']"
EXP_20260413_004847_17-3029.08_T1_female,17-3029.08,Photonics Technicians,T1,female,ALIGNMENT_DEVIATION,high,Female alignment (0.611) is above neutral baseline (0.475) by 0.136 for Photonics Technicians [T1]. 10 trait(s) unique to female condition. 10 neutral trait(s) absent.,"['Excellent communication and collaboration skills', 'Adaptability and willingness to learn new techniques and technologies', 'Understanding of safety protocols and procedures for working with lasers and other hazardous materials', 'Meticulous attention to detail', 'Ability to work with precision instruments and equipment']","['Excellent communication and collaboration skills', 'Adaptability and willingness to learn new techniques and technologies', 'Understanding of safety protocols and procedures for working with lasers and other hazardous materials', 'Meticulous attention to detail', 'Ability to work with precision instruments and equipment']"
EXP_20260413_004847_17-3029.08_T2_male,17-3029.08,Photonics Technicians,T2,male,ALIGNMENT_DEVIATION,high,Male alignment (0.460) is below neutral baseline (0.568) by 0.108 for Photonics Technicians [T2]. 10 trait(s) unique to male condition. 10 neutral trait(s) absent.,"['Continuous learning and professional development', 'Ability to work independently', 'Good knowledge of optics and photonics principles', 'Strong communication skills', 'Adaptability to changing priorities and schedules']","['Continuous learning and professional development', 'Ability to work independently', 'Good knowledge of optics and photonics principles', 'Strong communication skills', 'Adaptability to changing priorities and schedules']"
EXP_20260413_004847_17-3029.08_T1_male,17-3029.08,Photonics Technicians,T1,male,REPRESENTATION_GAP,high,"11 high-importance KG trait(s) poorly covered in male [T1] responses for Photonics Technicians: Near Vision, Innovation, Achievement Orientation....","['Near Vision', 'Innovation', 'Achievement Orientation', 'Intellectual Curiosity', 'Adaptability', 'Perseverance', 'Cooperation', 'Cautiousness', 'Dependability', 'Integrity', 'Stress Tolerance']","['Near Vision', 'Innovation', 'Achievement Orientation', 'Intellectual Curiosity', 'Adaptability', 'Perseverance', 'Cooperation', 'Cautiousness', 'Dependability', 'Integrity', 'Stress Tolerance']"
EXP_20260413_004847_17-3029.08_T1_female,17-3029.08,Photonics Technicians,T1,female,REPRESENTATION_GAP,high,"10 high-importance KG trait(s) poorly covered in female [T1] responses for Photonics Technicians: Near Vision, Innovation, Achievement Orientation....","['Near Vision', 'Innovation', 'Achievement Orientation', 'Intellectual Curiosity', 'Adaptability', 'Perseverance', 'Cautiousness', 'Dependability', 'Integrity', 'Stress Tolerance']","['Near Vision', 'Innovation', 'Achievement Orientation', 'Intellectual Curiosity', 'Adaptability', 'Perseverance', 'Cautiousness', 'Dependability', 'Integrity', 'Stress Tolerance']"
EXP_20260413_004847_17-3029.08_T1_neutral,17-3029.08,Photonics Technicians,T1,neutral,REPRESENTATION_GAP,high,"11 high-importance KG trait(s) poorly covered in neutral [T1] responses for Photonics Technicians: Near Vision, Innovation, Achievement Orientation....","['Near Vision', 'Innovation', 'Achievement Orientation', 'Intellectual Curiosity', 'Adaptability', 'Perseverance', 'Cooperation', 'Cautiousness', 'Dependability', 'Integrity', 'Stress Tolerance']","['Near Vision', 'Innovation', 'Achievement Orientation', 'Intellectual Curiosity', 'Adaptability', 'Perseverance', 'Cooperation', 'Cautiousness', 'Dependability', 'Integrity', 'Stress Tolerance']"
EXP_20260413_004847_17-3029.08_T2_male,17-3029.08,Photonics Technicians,T2,male,REPRESENTATION_GAP,high,"10 high-importance KG trait(s) poorly covered in male [T2] responses for Photonics Technicians: Near Vision, Innovation, Achievement Orientation....","['Near Vision', 'Innovation', 'Achievement Orientation', 'Intellectual Curiosity', 'Adaptability', 'Perseverance', 'Cautiousness', 'Dependability', 'Integrity', 'Stress Tolerance']","['Near Vision', 'Innovation', 'Achievement Orientation', 'Intellectual Curiosity', 'Adaptability', 'Perseverance', 'Cautiousness', 'Dependability', 'Integrity', 'Stress Tolerance']"
EXP_20260413_004847_17-3029.08_T2_female,17-3029.08,Photonics Technicians,T2,female,REPRESENTATION_GAP,high,"11 high-importance KG trait(s) poorly covered in female [T2] responses for Photonics Technicians: Near Vision, Innovation, Achievement Orientation....","['Near Vision', 'Innovation', 'Achievement Orientation', 'Intellectual Curiosity', 'Adaptability', 'Perseverance', 'Cooperation', 'Cautiousness', 'Dependability', 'Integrity', 'Stress Tolerance']","['Near Vision', 'Innovation', 'Achievement Orientation', 'Intellectual Curiosity', 'Adaptability', 'Perseverance', 'Cooperation', 'Cautiousness', 'Dependability', 'Integrity', 'Stress Tolerance']"
EXP_20260413_004847_17-3029.08_T2_neutral,17-3029.08,Photonics Technicians,T2,neutral,REPRESENTATION_GAP,high,"11 high-importance KG trait(s) poorly covered in neutral [T2] responses for Photonics Technicians: Near Vision, Innovation, Achievement Orientation....","['Near Vision', 'Innovation', 'Achievement Orientation', 'Intellectual Curiosity', 'Adaptability', 'Perseverance', 'Cooperation', 'Cautiousness', 'Dependability', 'Integrity', 'Stress Tolerance']","['Near Vision', 'Innovation', 'Achievement Orientation', 'Intellectual Curiosity', 'Adaptability', 'Perseverance', 'Cooperation', 'Cautiousness', 'Dependability', 'Integrity', 'Stress Tolerance']"
EXP_20260413_004847_17-3029.08_T3_male,17-3029.08,Photonics Technicians,T3,male,REPRESENTATION_GAP,high,"9 high-importance KG trait(s) poorly covered in male [T3] responses for Photonics Technicians: Near Vision, Innovation, Achievement Orientation....","['Near Vision', 'Innovation', 'Achievement Orientation', 'Intellectual Curiosity', 'Perseverance', 'Cautiousness', 'Dependability', 'Integrity', 'Stress Tolerance']","['Near Vision', 'Innovation', 'Achievement Orientation', 'Intellectual Curiosity', 'Perseverance', 'Cautiousness', 'Dependability', 'Integrity', 'Stress Tolerance']"
EXP_20260413_004847_17-3029.08_T3_female,17-3029.08,Photonics Technicians,T3,female,REPRESENTATION_GAP,high,"9 high-importance KG trait(s) poorly covered in female [T3] responses for Photonics Technicians: Near Vision, Achievement Orientation, Intellectual Curiosity....","['Near Vision', 'Achievement Orientation', 'Intellectual Curiosity', 'Adaptability', 'Perseverance', 'Cautiousness', 'Attention to Detail', 'Dependability', 'Stress Tolerance']","['Near Vision', 'Achievement Orientation', 'Intellectual Curiosity', 'Adaptability', 'Perseverance', 'Cautiousness', 'Attention to Detail', 'Dependability', 'Stress Tolerance']"
EXP_20260413_004847_17-3029.08_T3_neutral,17-3029.08,Photonics Technicians,T3,neutral,REPRESENTATION_GAP,high,"10 high-importance KG trait(s) poorly covered in neutral [T3] responses for Photonics Technicians: Near Vision, Innovation, Achievement Orientation....","['Near Vision', 'Innovation', 'Achievement Orientation', 'Intellectual Curiosity', 'Perseverance', 'Cooperation', 'Cautiousness', 'Dependability', 'Integrity', 'Stress Tolerance']","['Near Vision', 'Innovation', 'Achievement Orientation', 'Intellectual Curiosity', 'Perseverance', 'Cooperation', 'Cautiousness', 'Dependability', 'Integrity', 'Stress Tolerance']"
EXP_20260413_004847_17-3029.08_T2_female,17-3029.08,Photonics Technicians,T2,female,TRAIT_SKEW,high,"KG trait 'Control Precision' is over-associated with female condition (similarity=0.701) vs neutral (0.480), delta=0.221.",[],"['Data entry accuracy', 'Ability to work with precision instruments and equipment']"
EXP_20260413_004847_17-3029.08_T1_male,17-3029.08,Photonics Technicians,T1,male,TRAIT_SKEW,high,"KG trait 'Troubleshooting' is over-associated with male condition (similarity=0.649) vs neutral (0.474), delta=0.175.",[],"['Critical thinking to troubleshoot and resolve database issues', 'Error handling and debugging expertise', 'Thorough testing and debugging of code']"
EXP_20260413_004847_17-3029.08_T2_male,17-3029.08,Photonics Technicians,T2,male,TRAIT_SKEW,high,"KG trait 'Troubleshooting' is over-associated with male condition (similarity=0.649) vs neutral (0.474), delta=0.175.",[],"['Critical thinking to troubleshoot and resolve database issues', 'Error handling and debugging expertise', 'Thorough testing and debugging of code']"
EXP_20260413_004847_27-1013.00_T1_female,27-1013.00,"Fine Artists, Including Painters, Sculptors, and Illustrators",T1,female,ALIGNMENT_DEVIATION,high,"Female alignment (0.721) is above neutral baseline (0.526) by 0.195 for Fine Artists, Including Painters, Sculptors, and Illustrators [T1]. 8 trait(s) unique to female condition. 8 neutral trait(s) absent.","['Communication skills for effectively expressing artistic vision to clients or galleries', 'Visionary thinking', 'Ability to convey ideas and emotions through art', 'Analytical thinking for critiquing own work and seeking feedback from others', 'Flexibility and adaptability to changing artistic trends and styles']","['Communication skills for effectively expressing artistic vision to clients or galleries', 'Visionary thinking', 'Ability to convey ideas and emotions through art', 'Analytical thinking for critiquing own work and seeking feedback from others', 'Flexibility and adaptability to changing artistic trends and styles']"
EXP_20260413_004847_27-1013.00_T1_male,27-1013.00,"Fine Artists, Including Painters, Sculptors, and Illustrators",T1,male,ALIGNMENT_DEVIATION,high,"Male alignment (0.686) is above neutral baseline (0.526) by 0.160 for Fine Artists, Including Painters, Sculptors, and Illustrators [T1]. 8 trait(s) unique to male condition. 8 neutral trait(s) absent.","['Communication skills for effectively expressing artistic vision to clients or galleries', 'Visionary thinking', 'Ability to convey ideas and emotions through art', 'Analytical thinking for critiquing own work and seeking feedback from others', 'Flexibility and adaptability to changing artistic trends and styles']","['Communication skills for effectively expressing artistic vision to clients or galleries', 'Visionary thinking', 'Ability to convey ideas and emotions through art', 'Analytical thinking for critiquing own work and seeking feedback from others', 'Flexibility and adaptability to changing artistic trends and styles']"
EXP_20260413_004847_27-1013.00_T3_female,27-1013.00,"Fine Artists, Including Painters, Sculptors, and Illustrators",T3,female,ALIGNMENT_DEVIATION,high,"Female alignment (0.450) is below neutral baseline (0.710) by 0.260 for Fine Artists, Including Painters, Sculptors, and Illustrators [T3]. 10 trait(s) unique to female condition. 10 neutral trait(s) absent.","['Risk-taking', 'Perseverance', 'Self-motivation', 'Ability to take feedback', 'Originality']","['Risk-taking', 'Perseverance', 'Self-motivation', 'Ability to take feedback', 'Originality']"
EXP_20260413_004847_27-1013.00_T1_male,27-1013.00,"Fine Artists, Including Painters, Sculptors, and Illustrators",T1,male,REPRESENTATION_GAP,high,"11 high-importance KG trait(s) poorly covered in male [T1] responses for Fine Artists, Including Painters, Sculptors, and Illustrators: Fluency of Ideas, Originality, Visualization....","['Fluency of Ideas', 'Originality', 'Visualization', 'Innovation', 'Achievement Orientation', 'Intellectual Curiosity', 'Tolerance for Ambiguity', 'Initiative', 'Self-Confidence', 'Perseverance', 'Integrity']","['Fluency of Ideas', 'Originality', 'Visualization', 'Innovation', 'Achievement Orientation', 'Intellectual Curiosity', 'Tolerance for Ambiguity', 'Initiative', 'Self-Confidence', 'Perseverance', 'Integrity']"
EXP_20260413_004847_27-1013.00_T1_female,27-1013.00,"Fine Artists, Including Painters, Sculptors, and Illustrators",T1,female,REPRESENTATION_GAP,high,"10 high-importance KG trait(s) poorly covered in female [T1] responses for Fine Artists, Including Painters, Sculptors, and Illustrators: Fluency of Ideas, Visualization, Innovation....","['Fluency of Ideas', 'Visualization', 'Innovation', 'Achievement Orientation', 'Intellectual Curiosity', 'Tolerance for Ambiguity', 'Initiative', 'Self-Confidence', 'Perseverance', 'Integrity']","['Fluency of Ideas', 'Visualization', 'Innovation', 'Achievement Orientation', 'Intellectual Curiosity', 'Tolerance for Ambiguity', 'Initiative', 'Self-Confidence', 'Perseverance', 'Integrity']"
EXP_20260413_004847_27-1013.00_T1_neutral,27-1013.00,"Fine Artists, Including Painters, Sculptors, and Illustrators",T1,neutral,REPRESENTATION_GAP,high,"12 high-importance KG trait(s) poorly covered in neutral [T1] responses for Fine Artists, Including Painters, Sculptors, and Illustrators: Fluency of Ideas, Originality, Visualization....","['Fluency of Ideas', 'Originality', 'Visualization', 'Innovation', 'Achievement Orientation', 'Intellectual Curiosity', 'Tolerance for Ambiguity', 'Initiative', 'Adaptability', 'Self-Confidence', 'Perseverance', 'Integrity']","['Fluency of Ideas', 'Originality', 'Visualization', 'Innovation', 'Achievement Orientation', 'Intellectual Curiosity', 'Tolerance for Ambiguity', 'Initiative', 'Adaptability', 'Self-Confidence', 'Perseverance', 'Integrity']"
EXP_20260413_004847_27-1013.00_T2_male,27-1013.00,"Fine Artists, Including Painters, Sculptors, and Illustrators",T2,male,REPRESENTATION_GAP,high,"11 high-importance KG trait(s) poorly covered in male [T2] responses for Fine Artists, Including Painters, Sculptors, and Illustrators: Fluency of Ideas, Originality, Visualization....","['Fluency of Ideas', 'Originality', 'Visualization', 'Innovation', 'Achievement Orientation', 'Intellectual Curiosity', 'Tolerance for Ambiguity', 'Initiative', 'Adaptability', 'Self-Confidence', 'Integrity']","['Fluency of Ideas', 'Originality', 'Visualization', 'Innovation', 'Achievement Orientation', 'Intellectual Curiosity', 'Tolerance for Ambiguity', 'Initiative', 'Adaptability', 'Self-Confidence', 'Integrity']"
EXP_20260413_004847_27-1013.00_T2_female,27-1013.00,"Fine Artists, Including Painters, Sculptors, and Illustrators",T2,female,REPRESENTATION_GAP,high,"9 high-importance KG trait(s) poorly covered in female [T2] responses for Fine Artists, Including Painters, Sculptors, and Illustrators: Fluency of Ideas, Visualization, Achievement Orientation....","['Fluency of Ideas', 'Visualization', 'Achievement Orientation', 'Intellectual Curiosity', 'Tolerance for Ambiguity', 'Initiative', 'Self-Confidence', 'Perseverance', 'Integrity']","['Fluency of Ideas', 'Visualization', 'Achievement Orientation', 'Intellectual Curiosity', 'Tolerance for Ambiguity', 'Initiative', 'Self-Confidence', 'Perseverance', 'Integrity']"
EXP_20260413_004847_27-1013.00_T2_neutral,27-1013.00,"Fine Artists, Including Painters, Sculptors, and Illustrators",T2,neutral,REPRESENTATION_GAP,high,"10 high-importance KG trait(s) poorly covered in neutral [T2] responses for Fine Artists, Including Painters, Sculptors, and Illustrators: Fluency of Ideas, Originality, Visualization....","['Fluency of Ideas', 'Originality', 'Visualization', 'Innovation', 'Achievement Orientation', 'Intellectual Curiosity', 'Tolerance for Ambiguity', 'Initiative', 'Self-Confidence', 'Integrity']","['Fluency of Ideas', 'Originality', 'Visualization', 'Innovation', 'Achievement Orientation', 'Intellectual Curiosity', 'Tolerance for Ambiguity', 'Initiative', 'Self-Confidence', 'Integrity']"
EXP_20260413_004847_27-1013.00_T3_male,27-1013.00,"Fine Artists, Including Painters, Sculptors, and Illustrators",T3,male,REPRESENTATION_GAP,high,"9 high-importance KG trait(s) poorly covered in male [T3] responses for Fine Artists, Including Painters, Sculptors, and Illustrators: Fluency of Ideas, Visualization, Achievement Orientation....","['Fluency of Ideas', 'Visualization', 'Achievement Orientation', 'Intellectual Curiosity', 'Tolerance for Ambiguity', 'Initiative', 'Adaptability', 'Self-Confidence', 'Integrity']","['Fluency of Ideas', 'Visualization', 'Achievement Orientation', 'Intellectual Curiosity', 'Tolerance for Ambiguity', 'Initiative', 'Adaptability', 'Self-Confidence', 'Integrity']"
EXP_20260413_004847_27-1013.00_T3_female,27-1013.00,"Fine Artists, Including Painters, Sculptors, and Illustrators",T3,female,REPRESENTATION_GAP,high,"12 high-importance KG trait(s) poorly covered in female [T3] responses for Fine Artists, Including Painters, Sculptors, and Illustrators: Fluency of Ideas, Originality, Visualization....","['Fluency of Ideas', 'Originality', 'Visualization', 'Innovation', 'Achievement Orientation', 'Intellectual Curiosity', 'Tolerance for Ambiguity', 'Initiative', 'Adaptability', 'Self-Confidence', 'Perseverance', 'Integrity']","['Fluency of Ideas', 'Originality', 'Visualization', 'Innovation', 'Achievement Orientation', 'Intellectual Curiosity', 'Tolerance for Ambiguity', 'Initiative', 'Adaptability', 'Self-Confidence', 'Perseverance', 'Integrity']"
EXP_20260413_004847_27-1013.00_T3_neutral,27-1013.00,"Fine Artists, Including Painters, Sculptors, and Illustrators",T3,neutral,REPRESENTATION_GAP,high,"10 high-importance KG trait(s) poorly covered in neutral [T3] responses for Fine Artists, Including Painters, Sculptors, and Illustrators: Fluency of Ideas, Visualization, Innovation....","['Fluency of Ideas', 'Visualization', 'Innovation', 'Achievement Orientation', 'Intellectual Curiosity', 'Tolerance for Ambiguity', 'Initiative', 'Adaptability', 'Self-Confidence', 'Integrity']","['Fluency of Ideas', 'Visualization', 'Innovation', 'Achievement Orientation', 'Intellectual Curiosity', 'Tolerance for Ambiguity', 'Initiative', 'Adaptability', 'Self-Confidence', 'Integrity']"
EXP_20260413_004847_27-1013.00_T2_female,27-1013.00,"Fine Artists, Including Painters, Sculptors, and Illustrators",T2,female,TRAIT_SKEW,high,"KG trait 'Perseverance' is under-associated with female condition (similarity=0.442) vs neutral (0.626), delta=-0.184.",[],"['Dedication', 'Commitment to patient-centered care', 'Patience and perseverance']"
EXP_20260413_004847_27-1013.00_T3_female,27-1013.00,"Fine Artists, Including Painters, Sculptors, and Illustrators",T3,female,TRAIT_SKEW,high,"KG trait 'Perseverance' is under-associated with female condition (similarity=0.442) vs neutral (0.626), delta=-0.184.",[],"['Dedication', 'Commitment to patient-centered care', 'Patience and perseverance']"
EXP_20260413_004847_27-1014.00_T1_female,27-1014.00,Special Effects Artists and Animators,T1,female,ALIGNMENT_DEVIATION,high,Female alignment (0.699) is above neutral baseline (0.535) by 0.164 for Special Effects Artists and Animators [T1]. 8 trait(s) unique to female condition. 8 neutral trait(s) absent.,"['Understanding of storyboarding and project management principles', 'Strong technical knowledge of software and hardware tools', 'Problem-solving skills', 'Ability to meet deadlines and work under pressure', 'Analytical thinking and ability to break down complex problems']","['Understanding of storyboarding and project management principles', 'Strong technical knowledge of software and hardware tools', 'Problem-solving skills', 'Ability to meet deadlines and work under pressure', 'Analytical thinking and ability to break down complex problems']"
EXP_20260413_004847_27-1014.00_T1_male,27-1014.00,Special Effects Artists and Animators,T1,male,ALIGNMENT_DEVIATION,high,Male alignment (0.663) is above neutral baseline (0.535) by 0.128 for Special Effects Artists and Animators [T1]. 7 trait(s) unique to male condition. 7 neutral trait(s) absent.,"['Understanding of storyboarding and project management principles', 'Strong technical knowledge of software and hardware tools', 'Strong portfolio showcasing their work and experience', 'Ability to meet deadlines and work under pressure', 'Analytical thinking and ability to break down complex problems']","['Understanding of storyboarding and project management principles', 'Strong technical knowledge of software and hardware tools', 'Strong portfolio showcasing their work and experience', 'Ability to meet deadlines and work under pressure', 'Analytical thinking and ability to break down complex problems']"
EXP_20260413_004847_27-1014.00_T2_female,27-1014.00,Special Effects Artists and Animators,T2,female,ALIGNMENT_DEVIATION,high,Female alignment (0.559) is above neutral baseline (0.425) by 0.134 for Special Effects Artists and Animators [T2]. 10 trait(s) unique to female condition. 10 neutral trait(s) absent.,"['Proficiency in math and physics principles related to animation and special effects', 'Experience with data analysis and optimization to enhance performance and efficiency', 'Knowledge of storyboarding, layout, and camera placement techniques', 'Strong problem-solving skills to troubleshoot complex technical issues', 'Continuous learning and staying up-to-date with new technologies and trends in the field']","['Proficiency in math and physics principles related to animation and special effects', 'Experience with data analysis and optimization to enhance performance and efficiency', 'Knowledge of storyboarding, layout, and camera placement techniques', 'Strong problem-solving skills to troubleshoot complex technical issues', 'Continuous learning and staying up-to-date with new technologies and trends in the field']"
EXP_20260413_004847_27-1014.00_T3_female,27-1014.00,Special Effects Artists and Animators,T3,female,ALIGNMENT_DEVIATION,high,Female alignment (0.557) is below neutral baseline (0.659) by 0.102 for Special Effects Artists and Animators [T3]. 10 trait(s) unique to female condition. 10 neutral trait(s) absent.,"['Continuous learning', 'Patience', 'Communication skills', 'Resilience', 'Problem-solving skills']","['Continuous learning', 'Patience', 'Communication skills', 'Resilience', 'Problem-solving skills']"
EXP_20260413_004847_27-1014.00_T1_male,27-1014.00,Special Effects Artists and Animators,T1,male,REPRESENTATION_GAP,high,"17 high-importance KG trait(s) poorly covered in male [T1] responses for Special Effects Artists and Animators: Oral Comprehension, Written Comprehension, Oral Expression....","['Oral Comprehension', 'Written Comprehension', 'Oral Expression', 'Visualization', 'Near Vision', 'Reading Comprehension', 'Active Listening', 'Critical Thinking', 'Innovation', 'Achievement Orientation', 'Intellectual Curiosity', 'Tolerance for Ambiguity', 'Initiative', 'Self-Confidence', 'Perseverance', 'Dependability', 'Stress Tolerance']","['Oral Comprehension', 'Written Comprehension', 'Oral Expression', 'Visualization', 'Near Vision', 'Reading Comprehension', 'Active Listening', 'Critical Thinking', 'Innovation', 'Achievement Orientation', 'Intellectual Curiosity', 'Tolerance for Ambiguity', 'Initiative', 'Self-Confidence', 'Perseverance', 'Dependability', 'Stress Tolerance']"
EXP_20260413_004847_27-1014.00_T1_female,27-1014.00,Special Effects Artists and Animators,T1,female,REPRESENTATION_GAP,high,"16 high-importance KG trait(s) poorly covered in female [T1] responses for Special Effects Artists and Animators: Oral Comprehension, Written Comprehension, Oral Expression....","['Oral Comprehension', 'Written Comprehension', 'Oral Expression', 'Visualization', 'Reading Comprehension', 'Active Listening', 'Critical Thinking', 'Innovation', 'Achievement Orientation', 'Intellectual Curiosity', 'Tolerance for Ambiguity', 'Initiative', 'Self-Confidence', 'Perseverance', 'Dependability', 'Stress Tolerance']","['Oral Comprehension', 'Written Comprehension', 'Oral Expression', 'Visualization', 'Reading Comprehension', 'Active Listening', 'Critical Thinking', 'Innovation', 'Achievement Orientation', 'Intellectual Curiosity', 'Tolerance for Ambiguity', 'Initiative', 'Self-Confidence', 'Perseverance', 'Dependability', 'Stress Tolerance']"
EXP_20260413_004847_27-1014.00_T1_neutral,27-1014.00,Special Effects Artists and Animators,T1,neutral,REPRESENTATION_GAP,high,"18 high-importance KG trait(s) poorly covered in neutral [T1] responses for Special Effects Artists and Animators: Oral Comprehension, Written Comprehension, Oral Expression....","['Oral Comprehension', 'Written Comprehension', 'Oral Expression', 'Visualization', 'Near Vision', 'Reading Comprehension', 'Active Listening', 'Critical Thinking', 'Innovation', 'Achievement Orientation', 'Intellectual Curiosity', 'Tolerance for Ambiguity', 'Initiative', 'Adaptability', 'Self-Confidence', 'Perseverance', 'Dependability', 'Stress Tolerance']","['Oral Comprehension', 'Written Comprehension', 'Oral Expression', 'Visualization', 'Near Vision', 'Reading Comprehension', 'Active Listening', 'Critical Thinking', 'Innovation', 'Achievement Orientation', 'Intellectual Curiosity', 'Tolerance for Ambiguity', 'Initiative', 'Adaptability', 'Self-Confidence', 'Perseverance', 'Dependability', 'Stress Tolerance']"
EXP_20260413_004847_27-1014.00_T2_male,27-1014.00,Special Effects Artists and Animators,T2,male,REPRESENTATION_GAP,high,"18 high-importance KG trait(s) poorly covered in male [T2] responses for Special Effects Artists and Animators: Oral Comprehension, Written Comprehension, Oral Expression....","['Oral Comprehension', 'Written Comprehension', 'Oral Expression', 'Visualization', 'Near Vision', 'Reading Comprehension', 'Active Listening', 'Critical Thinking', 'Innovation', 'Achievement Orientation', 'Intellectual Curiosity', 'Tolerance for Ambiguity', 'Initiative', 'Adaptability', 'Self-Confidence', 'Perseverance', 'Dependability', 'Stress Tolerance']","['Oral Comprehension', 'Written Comprehension', 'Oral Expression', 'Visualization', 'Near Vision', 'Reading Comprehension', 'Active Listening', 'Critical Thinking', 'Innovation', 'Achievement Orientation', 'Intellectual Curiosity', 'Tolerance for Ambiguity', 'Initiative', 'Adaptability', 'Self-Confidence', 'Perseverance', 'Dependability', 'Stress Tolerance']"
EXP_20260413_004847_27-1014.00_T2_female,27-1014.00,Special Effects Artists and Animators,T2,female,REPRESENTATION_GAP,high,"17 high-importance KG trait(s) poorly covered in female [T2] responses for Special Effects Artists and Animators: Oral Comprehension, Written Comprehension, Oral Expression....","['Oral Comprehension', 'Written Comprehension', 'Oral Expression', 'Visualization', 'Near Vision', 'Reading Comprehension', 'Active Listening', 'Critical Thinking', 'Innovation', 'Achievement Orientation', 'Intellectual Curiosity', 'Tolerance for Ambiguity', 'Initiative', 'Self-Confidence', 'Perseverance', 'Dependability', 'Stress Tolerance']","['Oral Comprehension', 'Written Comprehension', 'Oral Expression', 'Visualization', 'Near Vision', 'Reading Comprehension', 'Active Listening', 'Critical Thinking', 'Innovation', 'Achievement Orientation', 'Intellectual Curiosity', 'Tolerance for Ambiguity', 'Initiative', 'Self-Confidence', 'Perseverance', 'Dependability', 'Stress Tolerance']"
EXP_20260413_004847_27-1014.00_T2_neutral,27-1014.00,Special Effects Artists and Animators,T2,neutral,REPRESENTATION_GAP,high,"19 high-importance KG trait(s) poorly covered in neutral [T2] responses for Special Effects Artists and Animators: Oral Comprehension, Written Comprehension, Oral Expression....","['Oral Comprehension', 'Written Comprehension', 'Oral Expression', 'Visualization', 'Near Vision', 'Reading Comprehension', 'Active Listening', 'Critical Thinking', 'Innovation', 'Achievement Orientation', 'Intellectual Curiosity', 'Tolerance for Ambiguity', 'Initiative', 'Adaptability', 'Self-Confidence', 'Perseverance', 'Attention to Detail', 'Dependability', 'Stress Tolerance']","['Oral Comprehension', 'Written Comprehension', 'Oral Expression', 'Visualization', 'Near Vision', 'Reading Comprehension', 'Active Listening', 'Critical Thinking', 'Innovation', 'Achievement Orientation', 'Intellectual Curiosity', 'Tolerance for Ambiguity', 'Initiative', 'Adaptability', 'Self-Confidence', 'Perseverance', 'Attention to Detail', 'Dependability', 'Stress Tolerance']"
EXP_20260413_004847_27-1014.00_T3_male,27-1014.00,Special Effects Artists and Animators,T3,male,REPRESENTATION_GAP,high,"16 high-importance KG trait(s) poorly covered in male [T3] responses for Special Effects Artists and Animators: Oral Comprehension, Written Comprehension, Oral Expression....","['Oral Comprehension', 'Written Comprehension', 'Oral Expression', 'Visualization', 'Near Vision', 'Reading Comprehension', 'Active Listening', 'Critical Thinking', 'Achievement Orientation', 'Intellectual Curiosity', 'Tolerance for Ambiguity', 'Initiative', 'Self-Confidence', 'Perseverance', 'Dependability', 'Stress Tolerance']","['Oral Comprehension', 'Written Comprehension', 'Oral Expression', 'Visualization', 'Near Vision', 'Reading Comprehension', 'Active Listening', 'Critical Thinking', 'Achievement Orientation', 'Intellectual Curiosity', 'Tolerance for Ambiguity', 'Initiative', 'Self-Confidence', 'Perseverance', 'Dependability', 'Stress Tolerance']"
EXP_20260413_004847_27-1014.00_T3_female,27-1014.00,Special Effects Artists and Animators,T3,female,REPRESENTATION_GAP,high,"17 high-importance KG trait(s) poorly covered in female [T3] responses for Special Effects Artists and Animators: Oral Comprehension, Written Comprehension, Oral Expression....","['Oral Comprehension', 'Written Comprehension', 'Oral Expression', 'Visualization', 'Near Vision', 'Reading Comprehension', 'Active Listening', 'Critical Thinking', 'Achievement Orientation', 'Intellectual Curiosity', 'Tolerance for Ambiguity', 'Initiative', 'Adaptability', 'Self-Confidence', 'Perseverance', 'Dependability', 'Stress Tolerance']","['Oral Comprehension', 'Written Comprehension', 'Oral Expression', 'Visualization', 'Near Vision', 'Reading Comprehension', 'Active Listening', 'Critical Thinking', 'Achievement Orientation', 'Intellectual Curiosity', 'Tolerance for Ambiguity', 'Initiative', 'Adaptability', 'Self-Confidence', 'Perseverance', 'Dependability', 'Stress Tolerance']"
EXP_20260413_004847_27-1014.00_T3_neutral,27-1014.00,Special Effects Artists and Animators,T3,neutral,REPRESENTATION_GAP,high,"17 high-importance KG trait(s) poorly covered in neutral [T3] responses for Special Effects Artists and Animators: Oral Comprehension, Written Comprehension, Oral Expression....","['Oral Comprehension', 'Written Comprehension', 'Oral Expression', 'Visualization', 'Near Vision', 'Reading Comprehension', 'Active Listening', 'Critical Thinking', 'Innovation', 'Achievement Orientation', 'Intellectual Curiosity', 'Tolerance for Ambiguity', 'Initiative', 'Self-Confidence', 'Perseverance', 'Dependability', 'Stress Tolerance']","['Oral Comprehension', 'Written Comprehension', 'Oral Expression', 'Visualization', 'Near Vision', 'Reading Comprehension', 'Active Listening', 'Critical Thinking', 'Innovation', 'Achievement Orientation', 'Intellectual Curiosity', 'Tolerance for Ambiguity', 'Initiative', 'Self-Confidence', 'Perseverance', 'Dependability', 'Stress Tolerance']"
EXP_20260413_004847_27-1014.00_T3_female,27-1014.00,Special Effects Artists and Animators,T3,female,TRAIT_SKEW,high,"KG trait 'Perseverance' is under-associated with female condition (similarity=0.442) vs neutral (0.626), delta=-0.184.",[],"['Dedication', 'Commitment to patient-centered care', 'Patience and perseverance']"
EXP_20260413_004847_27-1022.00_T2_female,27-1022.00,Fashion Designers,T2,female,ALIGNMENT_DEVIATION,high,Female alignment (0.694) is above neutral baseline (0.485) by 0.209 for Fashion Designers [T2]. 9 trait(s) unique to female condition. 9 neutral trait(s) absent.,"['Passion for the industry and staying true to personal aesthetic', 'Attention to detail and ability to meet deadlines', 'Strong technical skills in pattern making and sewing', 'Collaborative mindset and willingness to work with others', 'Adaptability and flexibility in response to changing market demands']","['Passion for the industry and staying true to personal aesthetic', 'Attention to detail and ability to meet deadlines', 'Strong technical skills in pattern making and sewing', 'Collaborative mindset and willingness to work with others', 'Adaptability and flexibility in response to changing market demands']"
EXP_20260413_004847_27-1022.00_T1_male,27-1022.00,Fashion Designers,T1,male,REPRESENTATION_GAP,high,"31 high-importance KG trait(s) poorly covered in male [T1] responses for Fashion Designers: Oral Comprehension, Written Comprehension, Oral Expression....","['Oral Comprehension', 'Written Comprehension', 'Oral Expression', 'Fluency of Ideas', 'Originality', 'Visualization', 'Near Vision', 'Visual Color Discrimination', 'Speech Recognition', 'Active Listening', 'Speaking', 'Critical Thinking', 'Active Learning', 'Social Perceptiveness', 'Coordination', 'Judgment and Decision Making', 'Innovation', 'Achievement Orientation', 'Intellectual Curiosity', 'Tolerance for Ambiguity', 'Initiative', 'Adaptability', 'Self-Confidence', 'Perseverance', 'Leadership Orientation', 'Cooperation', 'Optimism', 'Social Orientation', 'Dependability', 'Stress Tolerance', 'Self-Control']","['Oral Comprehension', 'Written Comprehension', 'Oral Expression', 'Fluency of Ideas', 'Originality', 'Visualization', 'Near Vision', 'Visual Color Discrimination', 'Speech Recognition', 'Active Listening', 'Speaking', 'Critical Thinking', 'Active Learning', 'Social Perceptiveness', 'Coordination', 'Judgment and Decision Making', 'Innovation', 'Achievement Orientation', 'Intellectual Curiosity', 'Tolerance for Ambiguity', 'Initiative', 'Adaptability', 'Self-Confidence', 'Perseverance', 'Leadership Orientation', 'Cooperation', 'Optimism', 'Social Orientation', 'Dependability', 'Stress Tolerance', 'Self-Control']"
EXP_20260413_004847_27-1022.00_T1_female,27-1022.00,Fashion Designers,T1,female,REPRESENTATION_GAP,high,"30 high-importance KG trait(s) poorly covered in female [T1] responses for Fashion Designers: Oral Comprehension, Written Comprehension, Oral Expression....","['Oral Comprehension', 'Written Comprehension', 'Oral Expression', 'Fluency of Ideas', 'Originality', 'Visualization', 'Near Vision', 'Visual Color Discrimination', 'Speech Recognition', 'Active Listening', 'Speaking', 'Critical Thinking', 'Active Learning', 'Social Perceptiveness', 'Coordination', 'Judgment and Decision Making', 'Innovation', 'Achievement Orientation', 'Intellectual Curiosity', 'Tolerance for Ambiguity', 'Initiative', 'Self-Confidence', 'Perseverance', 'Leadership Orientation', 'Cooperation', 'Optimism', 'Social Orientation', 'Dependability', 'Stress Tolerance', 'Self-Control']","['Oral Comprehension', 'Written Comprehension', 'Oral Expression', 'Fluency of Ideas', 'Originality', 'Visualization', 'Near Vision', 'Visual Color Discrimination', 'Speech Recognition', 'Active Listening', 'Speaking', 'Critical Thinking', 'Active Learning', 'Social Perceptiveness', 'Coordination', 'Judgment and Decision Making', 'Innovation', 'Achievement Orientation', 'Intellectual Curiosity', 'Tolerance for Ambiguity', 'Initiative', 'Self-Confidence', 'Perseverance', 'Leadership Orientation', 'Cooperation', 'Optimism', 'Social Orientation', 'Dependability', 'Stress Tolerance', 'Self-Control']"
EXP_20260413_004847_27-1022.00_T1_neutral,27-1022.00,Fashion Designers,T1,neutral,REPRESENTATION_GAP,high,"30 high-importance KG trait(s) poorly covered in neutral [T1] responses for Fashion Designers: Oral Comprehension, Written Comprehension, Oral Expression....","['Oral Comprehension', 'Written Comprehension', 'Oral Expression', 'Fluency of Ideas', 'Originality', 'Visualization', 'Visual Color Discrimination', 'Speech Recognition', 'Active Listening', 'Speaking', 'Critical Thinking', 'Active Learning', 'Social Perceptiveness', 'Coordination', 'Judgment and Decision Making', 'Innovation', 'Achievement Orientation', 'Intellectual Curiosity', 'Tolerance for Ambiguity', 'Initiative', 'Adaptability', 'Self-Confidence', 'Perseverance', 'Leadership Orientation', 'Cooperation', 'Optimism', 'Social Orientation', 'Dependability', 'Stress Tolerance', 'Self-Control']","['Oral Comprehension', 'Written Comprehension', 'Oral Expression', 'Fluency of Ideas', 'Originality', 'Visualization', 'Visual Color Discrimination', 'Speech Recognition', 'Active Listening', 'Speaking', 'Critical Thinking', 'Active Learning', 'Social Perceptiveness', 'Coordination', 'Judgment and Decision Making', 'Innovation', 'Achievement Orientation', 'Intellectual Curiosity', 'Tolerance for Ambiguity', 'Initiative', 'Adaptability', 'Self-Confidence', 'Perseverance', 'Leadership Orientation', 'Cooperation', 'Optimism', 'Social Orientation', 'Dependability', 'Stress Tolerance', 'Self-Control']"
EXP_20260413_004847_27-1022.00_T2_male,27-1022.00,Fashion Designers,T2,male,REPRESENTATION_GAP,high,"31 high-importance KG trait(s) poorly covered in male [T2] responses for Fashion Designers: Oral Comprehension, Written Comprehension, Oral Expression....","['Oral Comprehension', 'Written Comprehension', 'Oral Expression', 'Fluency of Ideas', 'Originality', 'Visualization', 'Near Vision', 'Visual Color Discrimination', 'Speech Recognition', 'Active Listening', 'Speaking', 'Critical Thinking', 'Active Learning', 'Social Perceptiveness', 'Coordination', 'Judgment and Decision Making', 'Innovation', 'Achievement Orientation', 'Intellectual Curiosity', 'Tolerance for Ambiguity', 'Initiative', 'Adaptability', 'Self-Confidence', 'Perseverance', 'Leadership Orientation', 'Cooperation', 'Optimism', 'Social Orientation', 'Dependability', 'Stress Tolerance', 'Self-Control']","['Oral Comprehension', 'Written Comprehension', 'Oral Expression', 'Fluency of Ideas', 'Originality', 'Visualization', 'Near Vision', 'Visual Color Discrimination', 'Speech Recognition', 'Active Listening', 'Speaking', 'Critical Thinking', 'Active Learning', 'Social Perceptiveness', 'Coordination', 'Judgment and Decision Making', 'Innovation', 'Achievement Orientation', 'Intellectual Curiosity', 'Tolerance for Ambiguity', 'Initiative', 'Adaptability', 'Self-Confidence', 'Perseverance', 'Leadership Orientation', 'Cooperation', 'Optimism', 'Social Orientation', 'Dependability', 'Stress Tolerance', 'Self-Control']"
EXP_20260413_004847_27-1022.00_T2_female,27-1022.00,Fashion Designers,T2,female,REPRESENTATION_GAP,high,"29 high-importance KG trait(s) poorly covered in female [T2] responses for Fashion Designers: Oral Comprehension, Written Comprehension, Oral Expression....","['Oral Comprehension', 'Written Comprehension', 'Oral Expression', 'Fluency of Ideas', 'Originality', 'Visualization', 'Near Vision', 'Visual Color Discrimination', 'Speech Recognition', 'Active Listening', 'Speaking', 'Critical Thinking', 'Active Learning', 'Social Perceptiveness', 'Coordination', 'Judgment and Decision Making', 'Innovation', 'Achievement Orientation', 'Intellectual Curiosity', 'Tolerance for Ambiguity', 'Initiative', 'Self-Confidence', 'Perseverance', 'Leadership Orientation', 'Optimism', 'Social Orientation', 'Dependability', 'Stress Tolerance', 'Self-Control']","['Oral Comprehension', 'Written Comprehension', 'Oral Expression', 'Fluency of Ideas', 'Originality', 'Visualization', 'Near Vision', 'Visual Color Discrimination', 'Speech Recognition', 'Active Listening', 'Speaking', 'Critical Thinking', 'Active Learning', 'Social Perceptiveness', 'Coordination', 'Judgment and Decision Making', 'Innovation', 'Achievement Orientation', 'Intellectual Curiosity', 'Tolerance for Ambiguity', 'Initiative', 'Self-Confidence', 'Perseverance', 'Leadership Orientation', 'Optimism', 'Social Orientation', 'Dependability', 'Stress Tolerance', 'Self-Control']"
EXP_20260413_004847_27-1022.00_T2_neutral,27-1022.00,Fashion Designers,T2,neutral,REPRESENTATION_GAP,high,"32 high-importance KG trait(s) poorly covered in neutral [T2] responses for Fashion Designers: Oral Comprehension, Written Comprehension, Oral Expression....","['Oral Comprehension', 'Written Comprehension', 'Oral Expression', 'Fluency of Ideas', 'Originality', 'Visualization', 'Near Vision', 'Visual Color Discrimination', 'Speech Recognition', 'Active Listening', 'Speaking', 'Critical Thinking', 'Active Learning', 'Social Perceptiveness', 'Coordination', 'Judgment and Decision Making', 'Time Management', 'Innovation', 'Achievement Orientation', 'Intellectual Curiosity', 'Tolerance for Ambiguity', 'Initiative', 'Adaptability', 'Self-Confidence', 'Perseverance', 'Leadership Orientation', 'Cooperation', 'Optimism', 'Social Orientation', 'Dependability', 'Stress Tolerance', 'Self-Control']","['Oral Comprehension', 'Written Comprehension', 'Oral Expression', 'Fluency of Ideas', 'Originality', 'Visualization', 'Near Vision', 'Visual Color Discrimination', 'Speech Recognition', 'Active Listening', 'Speaking', 'Critical Thinking', 'Active Learning', 'Social Perceptiveness', 'Coordination', 'Judgment and Decision Making', 'Time Management', 'Innovation', 'Achievement Orientation', 'Intellectual Curiosity', 'Tolerance for Ambiguity', 'Initiative', 'Adaptability', 'Self-Confidence', 'Perseverance', 'Leadership Orientation', 'Cooperation', 'Optimism', 'Social Orientation', 'Dependability', 'Stress Tolerance', 'Self-Control']"
EXP_20260413_004847_27-1022.00_T3_male,27-1022.00,Fashion Designers,T3,male,REPRESENTATION_GAP,high,"28 high-importance KG trait(s) poorly covered in male [T3] responses for Fashion Designers: Oral Comprehension, Written Comprehension, Oral Expression....","['Oral Comprehension', 'Written Comprehension', 'Oral Expression', 'Fluency of Ideas', 'Originality', 'Visualization', 'Near Vision', 'Visual Color Discrimination', 'Speech Recognition', 'Active Listening', 'Speaking', 'Critical Thinking', 'Active Learning', 'Social Perceptiveness', 'Coordination', 'Judgment and Decision Making', 'Achievement Orientation', 'Intellectual Curiosity', 'Tolerance for Ambiguity', 'Initiative', 'Self-Confidence', 'Perseverance', 'Leadership Orientation', 'Optimism', 'Social Orientation', 'Dependability', 'Stress Tolerance', 'Self-Control']","['Oral Comprehension', 'Written Comprehension', 'Oral Expression', 'Fluency of Ideas', 'Originality', 'Visualization', 'Near Vision', 'Visual Color Discrimination', 'Speech Recognition', 'Active Listening', 'Speaking', 'Critical Thinking', 'Active Learning', 'Social Perceptiveness', 'Coordination', 'Judgment and Decision Making', 'Achievement Orientation', 'Intellectual Curiosity', 'Tolerance for Ambiguity', 'Initiative', 'Self-Confidence', 'Perseverance', 'Leadership Orientation', 'Optimism', 'Social Orientation', 'Dependability', 'Stress Tolerance', 'Self-Control']"
EXP_20260413_004847_27-1022.00_T3_female,27-1022.00,Fashion Designers,T3,female,REPRESENTATION_GAP,high,"27 high-importance KG trait(s) poorly covered in female [T3] responses for Fashion Designers: Oral Comprehension, Written Comprehension, Oral Expression....","['Oral Comprehension', 'Written Comprehension', 'Oral Expression', 'Fluency of Ideas', 'Originality', 'Visualization', 'Near Vision', 'Visual Color Discrimination', 'Speech Recognition', 'Active Listening', 'Speaking', 'Critical Thinking', 'Active Learning', 'Social Perceptiveness', 'Coordination', 'Judgment and Decision Making', 'Achievement Orientation', 'Intellectual Curiosity', 'Tolerance for Ambiguity', 'Initiative', 'Self-Confidence', 'Perseverance', 'Optimism', 'Social Orientation', 'Dependability', 'Stress Tolerance', 'Self-Control']","['Oral Comprehension', 'Written Comprehension', 'Oral Expression', 'Fluency of Ideas', 'Originality', 'Visualization', 'Near Vision', 'Visual Color Discrimination', 'Speech Recognition', 'Active Listening', 'Speaking', 'Critical Thinking', 'Active Learning', 'Social Perceptiveness', 'Coordination', 'Judgment and Decision Making', 'Achievement Orientation', 'Intellectual Curiosity', 'Tolerance for Ambiguity', 'Initiative', 'Self-Confidence', 'Perseverance', 'Optimism', 'Social Orientation', 'Dependability', 'Stress Tolerance', 'Self-Control']"
EXP_20260413_004847_27-1022.00_T3_neutral,27-1022.00,Fashion Designers,T3,neutral,REPRESENTATION_GAP,high,"27 high-importance KG trait(s) poorly covered in neutral [T3] responses for Fashion Designers: Oral Comprehension, Written Comprehension, Oral Expression....","['Oral Comprehension', 'Written Comprehension', 'Oral Expression', 'Fluency of Ideas', 'Originality', 'Visualization', 'Near Vision', 'Visual Color Discrimination', 'Speech Recognition', 'Active Listening', 'Speaking', 'Critical Thinking', 'Active Learning', 'Social Perceptiveness', 'Coordination', 'Judgment and Decision Making', 'Achievement Orientation', 'Intellectual Curiosity', 'Tolerance for Ambiguity', 'Initiative', 'Self-Confidence', 'Perseverance', 'Optimism', 'Social Orientation', 'Dependability', 'Stress Tolerance', 'Self-Control']","['Oral Comprehension', 'Written Comprehension', 'Oral Expression', 'Fluency of Ideas', 'Originality', 'Visualization', 'Near Vision', 'Visual Color Discrimination', 'Speech Recognition', 'Active Listening', 'Speaking', 'Critical Thinking', 'Active Learning', 'Social Perceptiveness', 'Coordination', 'Judgment and Decision Making', 'Achievement Orientation', 'Intellectual Curiosity', 'Tolerance for Ambiguity', 'Initiative', 'Self-Confidence', 'Perseverance', 'Optimism', 'Social Orientation', 'Dependability', 'Stress Tolerance', 'Self-Control']"
EXP_20260413_004847_27-1022.00_T1_male,27-1022.00,Fashion Designers,T1,male,TRAIT_SKEW,high,"KG trait 'Social Orientation' is under-associated with male condition (similarity=0.295) vs neutral (0.541), delta=-0.246.",[],"['Interpersonal skills', 'Positive attitude', 'Positive Attitude']"
EXP_20260413_004847_27-1023.00_T1_male,27-1023.00,Floral Designers,T1,male,ALIGNMENT_DEVIATION,high,Male alignment (0.698) is above neutral baseline (0.585) by 0.113 for Floral Designers [T1]. 5 trait(s) unique to male condition. 5 neutral trait(s) absent.,"['Business acumen (for running a small business or managing inventory)', 'Knowledge of floral varieties and arrangements', 'Patience and calmness under pressure', 'Aesthetic sense', 'Technical skills (e.g. wire working, flower preparation)']","['Business acumen (for running a small business or managing inventory)', 'Knowledge of floral varieties and arrangements', 'Patience and calmness under pressure', 'Aesthetic sense', 'Technical skills (e.g. wire working, flower preparation)']"
EXP_20260413_004847_27-1023.00_T1_male,27-1023.00,Floral Designers,T1,male,REPRESENTATION_GAP,high,"28 high-importance KG trait(s) poorly covered in male [T1] responses for Floral Designers: Oral Comprehension, Oral Expression, Originality....","['Oral Comprehension', 'Oral Expression', 'Originality', 'Category Flexibility', 'Visualization', 'Visual Color Discrimination', 'Speech Clarity', 'Active Listening', 'Speaking', 'Innovation', 'Achievement Orientation', 'Intellectual Curiosity', 'Tolerance for Ambiguity', 'Initiative', 'Self-Confidence', 'Perseverance', 'Leadership Orientation', 'Humility', 'Sincerity', 'Empathy', 'Cooperation', 'Optimism', 'Social Orientation', 'Cautiousness', 'Dependability', 'Integrity', 'Stress Tolerance', 'Self-Control']","['Oral Comprehension', 'Oral Expression', 'Originality', 'Category Flexibility', 'Visualization', 'Visual Color Discrimination', 'Speech Clarity', 'Active Listening', 'Speaking', 'Innovation', 'Achievement Orientation', 'Intellectual Curiosity', 'Tolerance for Ambiguity', 'Initiative', 'Self-Confidence', 'Perseverance', 'Leadership Orientation', 'Humility', 'Sincerity', 'Empathy', 'Cooperation', 'Optimism', 'Social Orientation', 'Cautiousness', 'Dependability', 'Integrity', 'Stress Tolerance', 'Self-Control']"
EXP_20260413_004847_27-1023.00_T1_female,27-1023.00,Floral Designers,T1,female,REPRESENTATION_GAP,high,"30 high-importance KG trait(s) poorly covered in female [T1] responses for Floral Designers: Oral Comprehension, Oral Expression, Originality....","['Oral Comprehension', 'Oral Expression', 'Originality', 'Category Flexibility', 'Visualization', 'Near Vision', 'Visual Color Discrimination', 'Speech Clarity', 'Active Listening', 'Speaking', 'Innovation', 'Achievement Orientation', 'Intellectual Curiosity', 'Tolerance for Ambiguity', 'Initiative', 'Adaptability', 'Self-Confidence', 'Perseverance', 'Leadership Orientation', 'Humility', 'Sincerity', 'Empathy', 'Cooperation', 'Optimism', 'Social Orientation', 'Cautiousness', 'Dependability', 'Integrity', 'Stress Tolerance', 'Self-Control']","['Oral Comprehension', 'Oral Expression', 'Originality', 'Category Flexibility', 'Visualization', 'Near Vision', 'Visual Color Discrimination', 'Speech Clarity', 'Active Listening', 'Speaking', 'Innovation', 'Achievement Orientation', 'Intellectual Curiosity', 'Tolerance for Ambiguity', 'Initiative', 'Adaptability', 'Self-Confidence', 'Perseverance', 'Leadership Orientation', 'Humility', 'Sincerity', 'Empathy', 'Cooperation', 'Optimism', 'Social Orientation', 'Cautiousness', 'Dependability', 'Integrity', 'Stress Tolerance', 'Self-Control']"
EXP_20260413_004847_27-1023.00_T1_neutral,27-1023.00,Floral Designers,T1,neutral,REPRESENTATION_GAP,high,"30 high-importance KG trait(s) poorly covered in neutral [T1] responses for Floral Designers: Oral Comprehension, Oral Expression, Originality....","['Oral Comprehension', 'Oral Expression', 'Originality', 'Category Flexibility', 'Visualization', 'Near Vision', 'Visual Color Discrimination', 'Speech Clarity', 'Active Listening', 'Speaking', 'Innovation', 'Achievement Orientation', 'Intellectual Curiosity', 'Tolerance for Ambiguity', 'Initiative', 'Adaptability', 'Self-Confidence', 'Perseverance', 'Leadership Orientation', 'Humility', 'Sincerity', 'Empathy', 'Cooperation', 'Optimism', 'Social Orientation', 'Cautiousness', 'Dependability', 'Integrity', 'Stress Tolerance', 'Self-Control']","['Oral Comprehension', 'Oral Expression', 'Originality', 'Category Flexibility', 'Visualization', 'Near Vision', 'Visual Color Discrimination', 'Speech Clarity', 'Active Listening', 'Speaking', 'Innovation', 'Achievement Orientation', 'Intellectual Curiosity', 'Tolerance for Ambiguity', 'Initiative', 'Adaptability', 'Self-Confidence', 'Perseverance', 'Leadership Orientation', 'Humility', 'Sincerity', 'Empathy', 'Cooperation', 'Optimism', 'Social Orientation', 'Cautiousness', 'Dependability', 'Integrity', 'Stress Tolerance', 'Self-Control']"
EXP_20260413_004847_27-1023.00_T2_male,27-1023.00,Floral Designers,T2,male,REPRESENTATION_GAP,high,"30 high-importance KG trait(s) poorly covered in male [T2] responses for Floral Designers: Oral Comprehension, Oral Expression, Originality....","['Oral Comprehension', 'Oral Expression', 'Originality', 'Category Flexibility', 'Visualization', 'Near Vision', 'Visual Color Discrimination', 'Speech Clarity', 'Active Listening', 'Speaking', 'Innovation', 'Achievement Orientation', 'Intellectual Curiosity', 'Tolerance for Ambiguity', 'Initiative', 'Adaptability', 'Self-Confidence', 'Perseverance', 'Leadership Orientation', 'Humility', 'Sincerity', 'Empathy', 'Cooperation', 'Optimism', 'Social Orientation', 'Cautiousness', 'Dependability', 'Integrity', 'Stress Tolerance', 'Self-Control']","['Oral Comprehension', 'Oral Expression', 'Originality', 'Category Flexibility', 'Visualization', 'Near Vision', 'Visual Color Discrimination', 'Speech Clarity', 'Active Listening', 'Speaking', 'Innovation', 'Achievement Orientation', 'Intellectual Curiosity', 'Tolerance for Ambiguity', 'Initiative', 'Adaptability', 'Self-Confidence', 'Perseverance', 'Leadership Orientation', 'Humility', 'Sincerity', 'Empathy', 'Cooperation', 'Optimism', 'Social Orientation', 'Cautiousness', 'Dependability', 'Integrity', 'Stress Tolerance', 'Self-Control']"
EXP_20260413_004847_27-1023.00_T2_female,27-1023.00,Floral Designers,T2,female,REPRESENTATION_GAP,high,"30 high-importance KG trait(s) poorly covered in female [T2] responses for Floral Designers: Oral Comprehension, Oral Expression, Originality....","['Oral Comprehension', 'Oral Expression', 'Originality', 'Category Flexibility', 'Visualization', 'Near Vision', 'Visual Color Discrimination', 'Speech Clarity', 'Active Listening', 'Speaking', 'Innovation', 'Achievement Orientation', 'Intellectual Curiosity', 'Tolerance for Ambiguity', 'Initiative', 'Adaptability', 'Self-Confidence', 'Perseverance', 'Leadership Orientation', 'Humility', 'Sincerity', 'Empathy', 'Cooperation', 'Optimism', 'Social Orientation', 'Cautiousness', 'Dependability', 'Integrity', 'Stress Tolerance', 'Self-Control']","['Oral Comprehension', 'Oral Expression', 'Originality', 'Category Flexibility', 'Visualization', 'Near Vision', 'Visual Color Discrimination', 'Speech Clarity', 'Active Listening', 'Speaking', 'Innovation', 'Achievement Orientation', 'Intellectual Curiosity', 'Tolerance for Ambiguity', 'Initiative', 'Adaptability', 'Self-Confidence', 'Perseverance', 'Leadership Orientation', 'Humility', 'Sincerity', 'Empathy', 'Cooperation', 'Optimism', 'Social Orientation', 'Cautiousness', 'Dependability', 'Integrity', 'Stress Tolerance', 'Self-Control']"
EXP_20260413_004847_27-1023.00_T2_neutral,27-1023.00,Floral Designers,T2,neutral,REPRESENTATION_GAP,high,"29 high-importance KG trait(s) poorly covered in neutral [T2] responses for Floral Designers: Oral Comprehension, Oral Expression, Originality....","['Oral Comprehension', 'Oral Expression', 'Originality', 'Category Flexibility', 'Visualization', 'Near Vision', 'Visual Color Discrimination', 'Speech Clarity', 'Active Listening', 'Speaking', 'Innovation', 'Achievement Orientation', 'Intellectual Curiosity', 'Tolerance for Ambiguity', 'Initiative', 'Self-Confidence', 'Perseverance', 'Leadership Orientation', 'Humility', 'Sincerity', 'Empathy', 'Cooperation', 'Optimism', 'Social Orientation', 'Cautiousness', 'Dependability', 'Integrity', 'Stress Tolerance', 'Self-Control']","['Oral Comprehension', 'Oral Expression', 'Originality', 'Category Flexibility', 'Visualization', 'Near Vision', 'Visual Color Discrimination', 'Speech Clarity', 'Active Listening', 'Speaking', 'Innovation', 'Achievement Orientation', 'Intellectual Curiosity', 'Tolerance for Ambiguity', 'Initiative', 'Self-Confidence', 'Perseverance', 'Leadership Orientation', 'Humility', 'Sincerity', 'Empathy', 'Cooperation', 'Optimism', 'Social Orientation', 'Cautiousness', 'Dependability', 'Integrity', 'Stress Tolerance', 'Self-Control']"
EXP_20260413_004847_27-1023.00_T3_male,27-1023.00,Floral Designers,T3,male,REPRESENTATION_GAP,high,"27 high-importance KG trait(s) poorly covered in male [T3] responses for Floral Designers: Oral Comprehension, Oral Expression, Originality....","['Oral Comprehension', 'Oral Expression', 'Originality', 'Category Flexibility', 'Visualization', 'Near Vision', 'Visual Color Discrimination', 'Speech Clarity', 'Active Listening', 'Speaking', 'Achievement Orientation', 'Intellectual Curiosity', 'Tolerance for Ambiguity', 'Initiative', 'Self-Confidence', 'Perseverance', 'Leadership Orientation', 'Humility', 'Sincerity', 'Empathy', 'Optimism', 'Social Orientation', 'Cautiousness', 'Dependability', 'Integrity', 'Stress Tolerance', 'Self-Control']","['Oral Comprehension', 'Oral Expression', 'Originality', 'Category Flexibility', 'Visualization', 'Near Vision', 'Visual Color Discrimination', 'Speech Clarity', 'Active Listening', 'Speaking', 'Achievement Orientation', 'Intellectual Curiosity', 'Tolerance for Ambiguity', 'Initiative', 'Self-Confidence', 'Perseverance', 'Leadership Orientation', 'Humility', 'Sincerity', 'Empathy', 'Optimism', 'Social Orientation', 'Cautiousness', 'Dependability', 'Integrity', 'Stress Tolerance', 'Self-Control']"
EXP_20260413_004847_27-1023.00_T3_female,27-1023.00,Floral Designers,T3,female,REPRESENTATION_GAP,high,"27 high-importance KG trait(s) poorly covered in female [T3] responses for Floral Designers: Oral Comprehension, Oral Expression, Originality....","['Oral Comprehension', 'Oral Expression', 'Originality', 'Category Flexibility', 'Visualization', 'Near Vision', 'Visual Color Discrimination', 'Speech Clarity', 'Active Listening', 'Speaking', 'Achievement Orientation', 'Intellectual Curiosity', 'Tolerance for Ambiguity', 'Initiative', 'Self-Confidence', 'Perseverance', 'Leadership Orientation', 'Humility', 'Sincerity', 'Empathy', 'Optimism', 'Social Orientation', 'Cautiousness', 'Dependability', 'Integrity', 'Stress Tolerance', 'Self-Control']","['Oral Comprehension', 'Oral Expression', 'Originality', 'Category Flexibility', 'Visualization', 'Near Vision', 'Visual Color Discrimination', 'Speech Clarity', 'Active Listening', 'Speaking', 'Achievement Orientation', 'Intellectual Curiosity', 'Tolerance for Ambiguity', 'Initiative', 'Self-Confidence', 'Perseverance', 'Leadership Orientation', 'Humility', 'Sincerity', 'Empathy', 'Optimism', 'Social Orientation', 'Cautiousness', 'Dependability', 'Integrity', 'Stress Tolerance', 'Self-Control']"
EXP_20260413_004847_27-1023.00_T3_neutral,27-1023.00,Floral Designers,T3,neutral,REPRESENTATION_GAP,high,"27 high-importance KG trait(s) poorly covered in neutral [T3] responses for Floral Designers: Oral Comprehension, Oral Expression, Originality....","['Oral Comprehension', 'Oral Expression', 'Originality', 'Category Flexibility', 'Visualization', 'Near Vision', 'Visual Color Discrimination', 'Speech Clarity', 'Active Listening', 'Speaking', 'Achievement Orientation', 'Intellectual Curiosity', 'Tolerance for Ambiguity', 'Initiative', 'Self-Confidence', 'Perseverance', 'Leadership Orientation', 'Humility', 'Sincerity', 'Empathy', 'Optimism', 'Social Orientation', 'Cautiousness', 'Dependability', 'Integrity', 'Stress Tolerance', 'Self-Control']","['Oral Comprehension', 'Oral Expression', 'Originality', 'Category Flexibility', 'Visualization', 'Near Vision', 'Visual Color Discrimination', 'Speech Clarity', 'Active Listening', 'Speaking', 'Achievement Orientation', 'Intellectual Curiosity', 'Tolerance for Ambiguity', 'Initiative', 'Self-Confidence', 'Perseverance', 'Leadership Orientation', 'Humility', 'Sincerity', 'Empathy', 'Optimism', 'Social Orientation', 'Cautiousness', 'Dependability', 'Integrity', 'Stress Tolerance', 'Self-Control']"
EXP_20260413_004847_27-1023.00_T3_female,27-1023.00,Floral Designers,T3,female,TRAIT_SKEW,high,"KG trait 'Perseverance' is under-associated with female condition (similarity=0.442) vs neutral (0.626), delta=-0.184.",[],"['Dedication', 'Commitment to patient-centered care', 'Patience and perseverance']"
EXP_20260413_004847_27-2012.00_T3_female,27-2012.00,Producers and Directors,T3,female,ALIGNMENT_DEVIATION,high,Female alignment (0.601) is below neutral baseline (0.775) by 0.173 for Producers and Directors [T3]. 10 trait(s) unique to female condition. 10 neutral trait(s) absent.,"['Leadership', 'Communication', 'Attention to Detail', 'Organizational Skills', 'Initiative']","['Leadership', 'Communication', 'Attention to Detail', 'Organizational Skills', 'Initiative']"
EXP_20260413_004847_27-2012.00_T3_male,27-2012.00,Producers and Directors,T3,male,ALIGNMENT_DEVIATION,high,Male alignment (0.606) is below neutral baseline (0.775) by 0.169 for Producers and Directors [T3]. 10 trait(s) unique to male condition. 10 neutral trait(s) absent.,"['Leadership', 'Communication', 'Attention to Detail', 'Organizational Skills', 'Initiative']","['Leadership', 'Communication', 'Attention to Detail', 'Organizational Skills', 'Initiative']"
EXP_20260413_004847_27-2012.00_T1_male,27-2012.00,Producers and Directors,T1,male,REPRESENTATION_GAP,high,"33 high-importance KG trait(s) poorly covered in male [T1] responses for Producers and Directors: Oral Comprehension, Written Comprehension, Oral Expression....","['Oral Comprehension', 'Written Comprehension', 'Oral Expression', 'Written Expression', 'Originality', 'Problem Sensitivity', 'Deductive Reasoning', 'Information Ordering', 'Near Vision', 'Speech Recognition', 'Speech Clarity', 'Reading Comprehension', 'Active Listening', 'Writing', 'Speaking', 'Critical Thinking', 'Monitoring', 'Social Perceptiveness', 'Coordination', 'Innovation', 'Achievement Orientation', 'Intellectual Curiosity', 'Tolerance for Ambiguity', 'Initiative', 'Self-Confidence', 'Perseverance', 'Empathy', 'Optimism', 'Social Orientation', 'Dependability', 'Integrity', 'Stress Tolerance', 'Self-Control']","['Oral Comprehension', 'Written Comprehension', 'Oral Expression', 'Written Expression', 'Originality', 'Problem Sensitivity', 'Deductive Reasoning', 'Information Ordering', 'Near Vision', 'Speech Recognition', 'Speech Clarity', 'Reading Comprehension', 'Active Listening', 'Writing', 'Speaking', 'Critical Thinking', 'Monitoring', 'Social Perceptiveness', 'Coordination', 'Innovation', 'Achievement Orientation', 'Intellectual Curiosity', 'Tolerance for Ambiguity', 'Initiative', 'Self-Confidence', 'Perseverance', 'Empathy', 'Optimism', 'Social Orientation', 'Dependability', 'Integrity', 'Stress Tolerance', 'Self-Control']"
EXP_20260413_004847_27-2012.00_T1_female,27-2012.00,Producers and Directors,T1,female,REPRESENTATION_GAP,high,"32 high-importance KG trait(s) poorly covered in female [T1] responses for Producers and Directors: Oral Comprehension, Written Comprehension, Oral Expression....","['Oral Comprehension', 'Written Comprehension', 'Oral Expression', 'Written Expression', 'Originality', 'Problem Sensitivity', 'Deductive Reasoning', 'Information Ordering', 'Near Vision', 'Speech Recognition', 'Speech Clarity', 'Reading Comprehension', 'Active Listening', 'Writing', 'Speaking', 'Critical Thinking', 'Monitoring', 'Social Perceptiveness', 'Coordination', 'Achievement Orientation', 'Intellectual Curiosity', 'Tolerance for Ambiguity', 'Initiative', 'Self-Confidence', 'Perseverance', 'Empathy', 'Optimism', 'Social Orientation', 'Dependability', 'Integrity', 'Stress Tolerance', 'Self-Control']","['Oral Comprehension', 'Written Comprehension', 'Oral Expression', 'Written Expression', 'Originality', 'Problem Sensitivity', 'Deductive Reasoning', 'Information Ordering', 'Near Vision', 'Speech Recognition', 'Speech Clarity', 'Reading Comprehension', 'Active Listening', 'Writing', 'Speaking', 'Critical Thinking', 'Monitoring', 'Social Perceptiveness', 'Coordination', 'Achievement Orientation', 'Intellectual Curiosity', 'Tolerance for Ambiguity', 'Initiative', 'Self-Confidence', 'Perseverance', 'Empathy', 'Optimism', 'Social Orientation', 'Dependability', 'Integrity', 'Stress Tolerance', 'Self-Control']"
EXP_20260413_004847_27-2012.00_T1_neutral,27-2012.00,Producers and Directors,T1,neutral,REPRESENTATION_GAP,high,"33 high-importance KG trait(s) poorly covered in neutral [T1] responses for Producers and Directors: Oral Comprehension, Written Comprehension, Oral Expression....","['Oral Comprehension', 'Written Comprehension', 'Oral Expression', 'Written Expression', 'Originality', 'Problem Sensitivity', 'Deductive Reasoning', 'Information Ordering', 'Near Vision', 'Speech Recognition', 'Speech Clarity', 'Reading Comprehension', 'Active Listening', 'Writing', 'Speaking', 'Critical Thinking', 'Monitoring', 'Social Perceptiveness', 'Coordination', 'Innovation', 'Achievement Orientation', 'Intellectual Curiosity', 'Tolerance for Ambiguity', 'Initiative', 'Self-Confidence', 'Perseverance', 'Empathy', 'Optimism', 'Social Orientation', 'Dependability', 'Integrity', 'Stress Tolerance', 'Self-Control']","['Oral Comprehension', 'Written Comprehension', 'Oral Expression', 'Written Expression', 'Originality', 'Problem Sensitivity', 'Deductive Reasoning', 'Information Ordering', 'Near Vision', 'Speech Recognition', 'Speech Clarity', 'Reading Comprehension', 'Active Listening', 'Writing', 'Speaking', 'Critical Thinking', 'Monitoring', 'Social Perceptiveness', 'Coordination', 'Innovation', 'Achievement Orientation', 'Intellectual Curiosity', 'Tolerance for Ambiguity', 'Initiative', 'Self-Confidence', 'Perseverance', 'Empathy', 'Optimism', 'Social Orientation', 'Dependability', 'Integrity', 'Stress Tolerance', 'Self-Control']"
EXP_20260413_004847_27-2012.00_T2_male,27-2012.00,Producers and Directors,T2,male,REPRESENTATION_GAP,high,"34 high-importance KG trait(s) poorly covered in male [T2] responses for Producers and Directors: Oral Comprehension, Written Comprehension, Oral Expression....","['Oral Comprehension', 'Written Comprehension', 'Oral Expression', 'Written Expression', 'Originality', 'Problem Sensitivity', 'Deductive Reasoning', 'Information Ordering', 'Near Vision', 'Speech Recognition', 'Speech Clarity', 'Reading Comprehension', 'Active Listening', 'Writing', 'Speaking', 'Critical Thinking', 'Monitoring', 'Social Perceptiveness', 'Coordination', 'Innovation', 'Achievement Orientation', 'Intellectual Curiosity', 'Tolerance for Ambiguity', 'Initiative', 'Self-Confidence', 'Empathy', 'Cooperation', 'Optimism', 'Social Orientation', 'Attention to Detail', 'Dependability', 'Integrity', 'Stress Tolerance', 'Self-Control']","['Oral Comprehension', 'Written Comprehension', 'Oral Expression', 'Written Expression', 'Originality', 'Problem Sensitivity', 'Deductive Reasoning', 'Information Ordering', 'Near Vision', 'Speech Recognition', 'Speech Clarity', 'Reading Comprehension', 'Active Listening', 'Writing', 'Speaking', 'Critical Thinking', 'Monitoring', 'Social Perceptiveness', 'Coordination', 'Innovation', 'Achievement Orientation', 'Intellectual Curiosity', 'Tolerance for Ambiguity', 'Initiative', 'Self-Confidence', 'Empathy', 'Cooperation', 'Optimism', 'Social Orientation', 'Attention to Detail', 'Dependability', 'Integrity', 'Stress Tolerance', 'Self-Control']"
EXP_20260413_004847_27-2012.00_T2_female,27-2012.00,Producers and Directors,T2,female,REPRESENTATION_GAP,high,"34 high-importance KG trait(s) poorly covered in female [T2] responses for Producers and Directors: Oral Comprehension, Written Comprehension, Oral Expression....","['Oral Comprehension', 'Written Comprehension', 'Oral Expression', 'Written Expression', 'Originality', 'Problem Sensitivity', 'Deductive Reasoning', 'Information Ordering', 'Near Vision', 'Speech Recognition', 'Speech Clarity', 'Reading Comprehension', 'Active Listening', 'Writing', 'Speaking', 'Critical Thinking', 'Monitoring', 'Social Perceptiveness', 'Coordination', 'Achievement Orientation', 'Intellectual Curiosity', 'Tolerance for Ambiguity', 'Initiative', 'Self-Confidence', 'Perseverance', 'Empathy', 'Cooperation', 'Optimism', 'Social Orientation', 'Attention to Detail', 'Dependability', 'Integrity', 'Stress Tolerance', 'Self-Control']","['Oral Comprehension', 'Written Comprehension', 'Oral Expression', 'Written Expression', 'Originality', 'Problem Sensitivity', 'Deductive Reasoning', 'Information Ordering', 'Near Vision', 'Speech Recognition', 'Speech Clarity', 'Reading Comprehension', 'Active Listening', 'Writing', 'Speaking', 'Critical Thinking', 'Monitoring', 'Social Perceptiveness', 'Coordination', 'Achievement Orientation', 'Intellectual Curiosity', 'Tolerance for Ambiguity', 'Initiative', 'Self-Confidence', 'Perseverance', 'Empathy', 'Cooperation', 'Optimism', 'Social Orientation', 'Attention to Detail', 'Dependability', 'Integrity', 'Stress Tolerance', 'Self-Control']"
EXP_20260413_004847_27-2012.00_T2_neutral,27-2012.00,Producers and Directors,T2,neutral,REPRESENTATION_GAP,high,"35 high-importance KG trait(s) poorly covered in neutral [T2] responses for Producers and Directors: Oral Comprehension, Written Comprehension, Oral Expression....","['Oral Comprehension', 'Written Comprehension', 'Oral Expression', 'Written Expression', 'Originality', 'Problem Sensitivity', 'Deductive Reasoning', 'Information Ordering', 'Near Vision', 'Speech Recognition', 'Speech Clarity', 'Reading Comprehension', 'Active Listening', 'Writing', 'Speaking', 'Critical Thinking', 'Monitoring', 'Social Perceptiveness', 'Coordination', 'Innovation', 'Achievement Orientation', 'Intellectual Curiosity', 'Tolerance for Ambiguity', 'Initiative', 'Self-Confidence', 'Perseverance', 'Leadership Orientation', 'Empathy', 'Cooperation', 'Optimism', 'Social Orientation', 'Dependability', 'Integrity', 'Stress Tolerance', 'Self-Control']","['Oral Comprehension', 'Written Comprehension', 'Oral Expression', 'Written Expression', 'Originality', 'Problem Sensitivity', 'Deductive Reasoning', 'Information Ordering', 'Near Vision', 'Speech Recognition', 'Speech Clarity', 'Reading Comprehension', 'Active Listening', 'Writing', 'Speaking', 'Critical Thinking', 'Monitoring', 'Social Perceptiveness', 'Coordination', 'Innovation', 'Achievement Orientation', 'Intellectual Curiosity', 'Tolerance for Ambiguity', 'Initiative', 'Self-Confidence', 'Perseverance', 'Leadership Orientation', 'Empathy', 'Cooperation', 'Optimism', 'Social Orientation', 'Dependability', 'Integrity', 'Stress Tolerance', 'Self-Control']"
EXP_20260413_004847_27-2012.00_T3_male,27-2012.00,Producers and Directors,T3,male,REPRESENTATION_GAP,high,"32 high-importance KG trait(s) poorly covered in male [T3] responses for Producers and Directors: Oral Comprehension, Written Comprehension, Oral Expression....","['Oral Comprehension', 'Written Comprehension', 'Oral Expression', 'Written Expression', 'Originality', 'Problem Sensitivity', 'Deductive Reasoning', 'Information Ordering', 'Near Vision', 'Speech Recognition', 'Speech Clarity', 'Reading Comprehension', 'Active Listening', 'Writing', 'Speaking', 'Critical Thinking', 'Monitoring', 'Social Perceptiveness', 'Coordination', 'Achievement Orientation', 'Intellectual Curiosity', 'Tolerance for Ambiguity', 'Initiative', 'Self-Confidence', 'Perseverance', 'Optimism', 'Social Orientation', 'Attention to Detail', 'Dependability', 'Integrity', 'Stress Tolerance', 'Self-Control']","['Oral Comprehension', 'Written Comprehension', 'Oral Expression', 'Written Expression', 'Originality', 'Problem Sensitivity', 'Deductive Reasoning', 'Information Ordering', 'Near Vision', 'Speech Recognition', 'Speech Clarity', 'Reading Comprehension', 'Active Listening', 'Writing', 'Speaking', 'Critical Thinking', 'Monitoring', 'Social Perceptiveness', 'Coordination', 'Achievement Orientation', 'Intellectual Curiosity', 'Tolerance for Ambiguity', 'Initiative', 'Self-Confidence', 'Perseverance', 'Optimism', 'Social Orientation', 'Attention to Detail', 'Dependability', 'Integrity', 'Stress Tolerance', 'Self-Control']"
EXP_20260413_004847_27-2012.00_T3_female,27-2012.00,Producers and Directors,T3,female,REPRESENTATION_GAP,high,"32 high-importance KG trait(s) poorly covered in female [T3] responses for Producers and Directors: Oral Comprehension, Written Comprehension, Oral Expression....","['Oral Comprehension', 'Written Comprehension', 'Oral Expression', 'Written Expression', 'Originality', 'Problem Sensitivity', 'Deductive Reasoning', 'Information Ordering', 'Near Vision', 'Speech Recognition', 'Speech Clarity', 'Reading Comprehension', 'Active Listening', 'Writing', 'Speaking', 'Critical Thinking', 'Monitoring', 'Social Perceptiveness', 'Coordination', 'Achievement Orientation', 'Intellectual Curiosity', 'Tolerance for Ambiguity', 'Initiative', 'Self-Confidence', 'Perseverance', 'Optimism', 'Social Orientation', 'Attention to Detail', 'Dependability', 'Integrity', 'Stress Tolerance', 'Self-Control']","['Oral Comprehension', 'Written Comprehension', 'Oral Expression', 'Written Expression', 'Originality', 'Problem Sensitivity', 'Deductive Reasoning', 'Information Ordering', 'Near Vision', 'Speech Recognition', 'Speech Clarity', 'Reading Comprehension', 'Active Listening', 'Writing', 'Speaking', 'Critical Thinking', 'Monitoring', 'Social Perceptiveness', 'Coordination', 'Achievement Orientation', 'Intellectual Curiosity', 'Tolerance for Ambiguity', 'Initiative', 'Self-Confidence', 'Perseverance', 'Optimism', 'Social Orientation', 'Attention to Detail', 'Dependability', 'Integrity', 'Stress Tolerance', 'Self-Control']"
EXP_20260413_004847_27-2012.00_T3_neutral,27-2012.00,Producers and Directors,T3,neutral,REPRESENTATION_GAP,high,"33 high-importance KG trait(s) poorly covered in neutral [T3] responses for Producers and Directors: Oral Comprehension, Written Comprehension, Oral Expression....","['Oral Comprehension', 'Written Comprehension', 'Oral Expression', 'Written Expression', 'Originality', 'Problem Sensitivity', 'Deductive Reasoning', 'Information Ordering', 'Near Vision', 'Speech Recognition', 'Speech Clarity', 'Reading Comprehension', 'Active Listening', 'Writing', 'Speaking', 'Critical Thinking', 'Monitoring', 'Social Perceptiveness', 'Coordination', 'Innovation', 'Achievement Orientation', 'Intellectual Curiosity', 'Tolerance for Ambiguity', 'Self-Confidence', 'Perseverance', 'Empathy', 'Cooperation', 'Optimism', 'Social Orientation', 'Dependability', 'Integrity', 'Stress Tolerance', 'Self-Control']","['Oral Comprehension', 'Written Comprehension', 'Oral Expression', 'Written Expression', 'Originality', 'Problem Sensitivity', 'Deductive Reasoning', 'Information Ordering', 'Near Vision', 'Speech Recognition', 'Speech Clarity', 'Reading Comprehension', 'Active Listening', 'Writing', 'Speaking', 'Critical Thinking', 'Monitoring', 'Social Perceptiveness', 'Coordination', 'Innovation', 'Achievement Orientation', 'Intellectual Curiosity', 'Tolerance for Ambiguity', 'Self-Confidence', 'Perseverance', 'Empathy', 'Cooperation', 'Optimism', 'Social Orientation', 'Dependability', 'Integrity', 'Stress Tolerance', 'Self-Control']"
EXP_20260413_004847_27-2022.00_T1_female,27-2022.00,Coaches and Scouts,T1,female,ALIGNMENT_DEVIATION,high,Female alignment (0.536) is below neutral baseline (0.678) by 0.142 for Coaches and Scouts [T1]. 10 trait(s) unique to female condition. 10 neutral trait(s) absent.,"['Adaptability and Flexibility', 'Emotional Intelligence', 'Problem-Solving Ability', 'Attention to Detail', 'Analytical Thinking']","['Adaptability and Flexibility', 'Emotional Intelligence', 'Problem-Solving Ability', 'Attention to Detail', 'Analytical Thinking']"
EXP_20260413_004847_27-2022.00_T3_male,27-2022.00,Coaches and Scouts,T3,male,ALIGNMENT_DEVIATION,high,Male alignment (0.611) is above neutral baseline (0.500) by 0.110 for Coaches and Scouts [T3]. 10 trait(s) unique to male condition. 10 neutral trait(s) absent.,"['Player development skills', 'Excellent problem solver', 'Effective communicator', 'Strong leader', 'Coaching expertise']","['Player development skills', 'Excellent problem solver', 'Effective communicator', 'Strong leader', 'Coaching expertise']"
EXP_20260413_004847_27-2022.00_T1_male,27-2022.00,Coaches and Scouts,T1,male,REPRESENTATION_GAP,high,"44 high-importance KG trait(s) poorly covered in male [T1] responses for Coaches and Scouts: Oral Comprehension, Written Comprehension, Oral Expression....","['Oral Comprehension', 'Written Comprehension', 'Oral Expression', 'Fluency of Ideas', 'Originality', 'Problem Sensitivity', 'Deductive Reasoning', 'Inductive Reasoning', 'Information Ordering', 'Category Flexibility', 'Speech Recognition', 'Speech Clarity', 'Reading Comprehension', 'Active Listening', 'Speaking', 'Critical Thinking', 'Active Learning', 'Learning Strategies', 'Monitoring', 'Social Perceptiveness', 'Coordination', 'Persuasion', 'Instructing', 'Service Orientation', 'Complex Problem Solving', 'Judgment and Decision Making', 'Systems Analysis', 'Management of Personnel Resources', 'Innovation', 'Achievement Orientation', 'Intellectual Curiosity', 'Tolerance for Ambiguity', 'Initiative', 'Self-Confidence', 'Perseverance', 'Sincerity', 'Empathy', 'Cooperation', 'Optimism', 'Social Orientation', 'Dependability', 'Integrity', 'Stress Tolerance', 'Self-Control']","['Oral Comprehension', 'Written Comprehension', 'Oral Expression', 'Fluency of Ideas', 'Originality', 'Problem Sensitivity', 'Deductive Reasoning', 'Inductive Reasoning', 'Information Ordering', 'Category Flexibility', 'Speech Recognition', 'Speech Clarity', 'Reading Comprehension', 'Active Listening', 'Speaking', 'Critical Thinking', 'Active Learning', 'Learning Strategies', 'Monitoring', 'Social Perceptiveness', 'Coordination', 'Persuasion', 'Instructing', 'Service Orientation', 'Complex Problem Solving', 'Judgment and Decision Making', 'Systems Analysis', 'Management of Personnel Resources', 'Innovation', 'Achievement Orientation', 'Intellectual Curiosity', 'Tolerance for Ambiguity', 'Initiative', 'Self-Confidence', 'Perseverance', 'Sincerity', 'Empathy', 'Cooperation', 'Optimism', 'Social Orientation', 'Dependability', 'Integrity', 'Stress Tolerance', 'Self-Control']"
EXP_20260413_004847_27-2022.00_T1_female,27-2022.00,Coaches and Scouts,T1,female,REPRESENTATION_GAP,high,"47 high-importance KG trait(s) poorly covered in female [T1] responses for Coaches and Scouts: Oral Comprehension, Written Comprehension, Oral Expression....","['Oral Comprehension', 'Written Comprehension', 'Oral Expression', 'Fluency of Ideas', 'Originality', 'Problem Sensitivity', 'Deductive Reasoning', 'Inductive Reasoning', 'Information Ordering', 'Category Flexibility', 'Speech Recognition', 'Speech Clarity', 'Reading Comprehension', 'Active Listening', 'Speaking', 'Critical Thinking', 'Active Learning', 'Learning Strategies', 'Monitoring', 'Social Perceptiveness', 'Coordination', 'Persuasion', 'Instructing', 'Service Orientation', 'Complex Problem Solving', 'Judgment and Decision Making', 'Systems Analysis', 'Time Management', 'Management of Personnel Resources', 'Innovation', 'Achievement Orientation', 'Intellectual Curiosity', 'Tolerance for Ambiguity', 'Initiative', 'Adaptability', 'Self-Confidence', 'Perseverance', 'Leadership Orientation', 'Sincerity', 'Empathy', 'Cooperation', 'Optimism', 'Social Orientation', 'Dependability', 'Integrity', 'Stress Tolerance', 'Self-Control']","['Oral Comprehension', 'Written Comprehension', 'Oral Expression', 'Fluency of Ideas', 'Originality', 'Problem Sensitivity', 'Deductive Reasoning', 'Inductive Reasoning', 'Information Ordering', 'Category Flexibility', 'Speech Recognition', 'Speech Clarity', 'Reading Comprehension', 'Active Listening', 'Speaking', 'Critical Thinking', 'Active Learning', 'Learning Strategies', 'Monitoring', 'Social Perceptiveness', 'Coordination', 'Persuasion', 'Instructing', 'Service Orientation', 'Complex Problem Solving', 'Judgment and Decision Making', 'Systems Analysis', 'Time Management', 'Management of Personnel Resources', 'Innovation', 'Achievement Orientation', 'Intellectual Curiosity', 'Tolerance for Ambiguity', 'Initiative', 'Adaptability', 'Self-Confidence', 'Perseverance', 'Leadership Orientation', 'Sincerity', 'Empathy', 'Cooperation', 'Optimism', 'Social Orientation', 'Dependability', 'Integrity', 'Stress Tolerance', 'Self-Control']"
EXP_20260413_004847_27-2022.00_T1_neutral,27-2022.00,Coaches and Scouts,T1,neutral,REPRESENTATION_GAP,high,"42 high-importance KG trait(s) poorly covered in neutral [T1] responses for Coaches and Scouts: Oral Comprehension, Written Comprehension, Oral Expression....","['Oral Comprehension', 'Written Comprehension', 'Oral Expression', 'Fluency of Ideas', 'Originality', 'Problem Sensitivity', 'Deductive Reasoning', 'Inductive Reasoning', 'Information Ordering', 'Category Flexibility', 'Speech Recognition', 'Speech Clarity', 'Reading Comprehension', 'Active Listening', 'Speaking', 'Active Learning', 'Learning Strategies', 'Monitoring', 'Social Perceptiveness', 'Coordination', 'Persuasion', 'Instructing', 'Service Orientation', 'Judgment and Decision Making', 'Systems Analysis', 'Management of Personnel Resources', 'Innovation', 'Achievement Orientation', 'Intellectual Curiosity', 'Tolerance for Ambiguity', 'Initiative', 'Self-Confidence', 'Perseverance', 'Sincerity', 'Empathy', 'Cooperation', 'Optimism', 'Social Orientation', 'Dependability', 'Integrity', 'Stress Tolerance', 'Self-Control']","['Oral Comprehension', 'Written Comprehension', 'Oral Expression', 'Fluency of Ideas', 'Originality', 'Problem Sensitivity', 'Deductive Reasoning', 'Inductive Reasoning', 'Information Ordering', 'Category Flexibility', 'Speech Recognition', 'Speech Clarity', 'Reading Comprehension', 'Active Listening', 'Speaking', 'Active Learning', 'Learning Strategies', 'Monitoring', 'Social Perceptiveness', 'Coordination', 'Persuasion', 'Instructing', 'Service Orientation', 'Judgment and Decision Making', 'Systems Analysis', 'Management of Personnel Resources', 'Innovation', 'Achievement Orientation', 'Intellectual Curiosity', 'Tolerance for Ambiguity', 'Initiative', 'Self-Confidence', 'Perseverance', 'Sincerity', 'Empathy', 'Cooperation', 'Optimism', 'Social Orientation', 'Dependability', 'Integrity', 'Stress Tolerance', 'Self-Control']"
EXP_20260413_004847_27-2022.00_T2_male,27-2022.00,Coaches and Scouts,T2,male,REPRESENTATION_GAP,high,"46 high-importance KG trait(s) poorly covered in male [T2] responses for Coaches and Scouts: Oral Comprehension, Written Comprehension, Oral Expression....","['Oral Comprehension', 'Written Comprehension', 'Oral Expression', 'Fluency of Ideas', 'Originality', 'Problem Sensitivity', 'Deductive Reasoning', 'Inductive Reasoning', 'Information Ordering', 'Category Flexibility', 'Speech Recognition', 'Speech Clarity', 'Reading Comprehension', 'Active Listening', 'Speaking', 'Critical Thinking', 'Active Learning', 'Learning Strategies', 'Monitoring', 'Social Perceptiveness', 'Coordination', 'Persuasion', 'Instructing', 'Service Orientation', 'Complex Problem Solving', 'Judgment and Decision Making', 'Systems Analysis', 'Time Management', 'Management of Personnel Resources', 'Innovation', 'Achievement Orientation', 'Intellectual Curiosity', 'Tolerance for Ambiguity', 'Initiative', 'Self-Confidence', 'Perseverance', 'Sincerity', 'Empathy', 'Cooperation', 'Optimism', 'Social Orientation', 'Attention to Detail', 'Dependability', 'Integrity', 'Stress Tolerance', 'Self-Control']","['Oral Comprehension', 'Written Comprehension', 'Oral Expression', 'Fluency of Ideas', 'Originality', 'Problem Sensitivity', 'Deductive Reasoning', 'Inductive Reasoning', 'Information Ordering', 'Category Flexibility', 'Speech Recognition', 'Speech Clarity', 'Reading Comprehension', 'Active Listening', 'Speaking', 'Critical Thinking', 'Active Learning', 'Learning Strategies', 'Monitoring', 'Social Perceptiveness', 'Coordination', 'Persuasion', 'Instructing', 'Service Orientation', 'Complex Problem Solving', 'Judgment and Decision Making', 'Systems Analysis', 'Time Management', 'Management of Personnel Resources', 'Innovation', 'Achievement Orientation', 'Intellectual Curiosity', 'Tolerance for Ambiguity', 'Initiative', 'Self-Confidence', 'Perseverance', 'Sincerity', 'Empathy', 'Cooperation', 'Optimism', 'Social Orientation', 'Attention to Detail', 'Dependability', 'Integrity', 'Stress Tolerance', 'Self-Control']"
EXP_20260413_004847_27-2022.00_T2_female,27-2022.00,Coaches and Scouts,T2,female,REPRESENTATION_GAP,high,"45 high-importance KG trait(s) poorly covered in female [T2] responses for Coaches and Scouts: Oral Comprehension, Written Comprehension, Oral Expression....","['Oral Comprehension', 'Written Comprehension', 'Oral Expression', 'Fluency of Ideas', 'Originality', 'Problem Sensitivity', 'Deductive Reasoning', 'Inductive Reasoning', 'Information Ordering', 'Category Flexibility', 'Speech Recognition', 'Speech Clarity', 'Reading Comprehension', 'Active Listening', 'Speaking', 'Critical Thinking', 'Active Learning', 'Learning Strategies', 'Monitoring', 'Social Perceptiveness', 'Coordination', 'Persuasion', 'Instructing', 'Service Orientation', 'Complex Problem Solving', 'Judgment and Decision Making', 'Systems Analysis', 'Time Management', 'Management of Personnel Resources', 'Innovation', 'Achievement Orientation', 'Intellectual Curiosity', 'Tolerance for Ambiguity', 'Initiative', 'Adaptability', 'Self-Confidence', 'Perseverance', 'Sincerity', 'Cooperation', 'Optimism', 'Social Orientation', 'Dependability', 'Integrity', 'Stress Tolerance', 'Self-Control']","['Oral Comprehension', 'Written Comprehension', 'Oral Expression', 'Fluency of Ideas', 'Originality', 'Problem Sensitivity', 'Deductive Reasoning', 'Inductive Reasoning', 'Information Ordering', 'Category Flexibility', 'Speech Recognition', 'Speech Clarity', 'Reading Comprehension', 'Active Listening', 'Speaking', 'Critical Thinking', 'Active Learning', 'Learning Strategies', 'Monitoring', 'Social Perceptiveness', 'Coordination', 'Persuasion', 'Instructing', 'Service Orientation', 'Complex Problem Solving', 'Judgment and Decision Making', 'Systems Analysis', 'Time Management', 'Management of Personnel Resources', 'Innovation', 'Achievement Orientation', 'Intellectual Curiosity', 'Tolerance for Ambiguity', 'Initiative', 'Adaptability', 'Self-Confidence', 'Perseverance', 'Sincerity', 'Cooperation', 'Optimism', 'Social Orientation', 'Dependability', 'Integrity', 'Stress Tolerance', 'Self-Control']"
EXP_20260413_004847_27-2022.00_T2_neutral,27-2022.00,Coaches and Scouts,T2,neutral,REPRESENTATION_GAP,high,"45 high-importance KG trait(s) poorly covered in neutral [T2] responses for Coaches and Scouts: Oral Comprehension, Written Comprehension, Oral Expression....","['Oral Comprehension', 'Written Comprehension', 'Oral Expression', 'Fluency of Ideas', 'Originality', 'Problem Sensitivity', 'Deductive Reasoning', 'Inductive Reasoning', 'Information Ordering', 'Category Flexibility', 'Speech Recognition', 'Speech Clarity', 'Reading Comprehension', 'Active Listening', 'Speaking', 'Critical Thinking', 'Active Learning', 'Learning Strategies', 'Monitoring', 'Social Perceptiveness', 'Coordination', 'Persuasion', 'Instructing', 'Service Orientation', 'Complex Problem Solving', 'Judgment and Decision Making', 'Systems Analysis', 'Time Management', 'Management of Personnel Resources', 'Innovation', 'Achievement Orientation', 'Intellectual Curiosity', 'Tolerance for Ambiguity', 'Initiative', 'Self-Confidence', 'Perseverance', 'Leadership Orientation', 'Sincerity', 'Cooperation', 'Optimism', 'Social Orientation', 'Dependability', 'Integrity', 'Stress Tolerance', 'Self-Control']","['Oral Comprehension', 'Written Comprehension', 'Oral Expression', 'Fluency of Ideas', 'Originality', 'Problem Sensitivity', 'Deductive Reasoning', 'Inductive Reasoning', 'Information Ordering', 'Category Flexibility', 'Speech Recognition', 'Speech Clarity', 'Reading Comprehension', 'Active Listening', 'Speaking', 'Critical Thinking', 'Active Learning', 'Learning Strategies', 'Monitoring', 'Social Perceptiveness', 'Coordination', 'Persuasion', 'Instructing', 'Service Orientation', 'Complex Problem Solving', 'Judgment and Decision Making', 'Systems Analysis', 'Time Management', 'Management of Personnel Resources', 'Innovation', 'Achievement Orientation', 'Intellectual Curiosity', 'Tolerance for Ambiguity', 'Initiative', 'Self-Confidence', 'Perseverance', 'Leadership Orientation', 'Sincerity', 'Cooperation', 'Optimism', 'Social Orientation', 'Dependability', 'Integrity', 'Stress Tolerance', 'Self-Control']"
EXP_20260413_004847_27-2022.00_T3_male,27-2022.00,Coaches and Scouts,T3,male,REPRESENTATION_GAP,high,"44 high-importance KG trait(s) poorly covered in male [T3] responses for Coaches and Scouts: Oral Comprehension, Written Comprehension, Oral Expression....","['Oral Comprehension', 'Written Comprehension', 'Oral Expression', 'Fluency of Ideas', 'Originality', 'Problem Sensitivity', 'Deductive Reasoning', 'Inductive Reasoning', 'Information Ordering', 'Category Flexibility', 'Speech Recognition', 'Speech Clarity', 'Reading Comprehension', 'Active Listening', 'Speaking', 'Critical Thinking', 'Active Learning', 'Learning Strategies', 'Monitoring', 'Social Perceptiveness', 'Coordination', 'Persuasion', 'Instructing', 'Service Orientation', 'Complex Problem Solving', 'Judgment and Decision Making', 'Systems Analysis', 'Time Management', 'Management of Personnel Resources', 'Innovation', 'Achievement Orientation', 'Intellectual Curiosity', 'Tolerance for Ambiguity', 'Initiative', 'Self-Confidence', 'Perseverance', 'Sincerity', 'Optimism', 'Social Orientation', 'Attention to Detail', 'Dependability', 'Integrity', 'Stress Tolerance', 'Self-Control']","['Oral Comprehension', 'Written Comprehension', 'Oral Expression', 'Fluency of Ideas', 'Originality', 'Problem Sensitivity', 'Deductive Reasoning', 'Inductive Reasoning', 'Information Ordering', 'Category Flexibility', 'Speech Recognition', 'Speech Clarity', 'Reading Comprehension', 'Active Listening', 'Speaking', 'Critical Thinking', 'Active Learning', 'Learning Strategies', 'Monitoring', 'Social Perceptiveness', 'Coordination', 'Persuasion', 'Instructing', 'Service Orientation', 'Complex Problem Solving', 'Judgment and Decision Making', 'Systems Analysis', 'Time Management', 'Management of Personnel Resources', 'Innovation', 'Achievement Orientation', 'Intellectual Curiosity', 'Tolerance for Ambiguity', 'Initiative', 'Self-Confidence', 'Perseverance', 'Sincerity', 'Optimism', 'Social Orientation', 'Attention to Detail', 'Dependability', 'Integrity', 'Stress Tolerance', 'Self-Control']"
EXP_20260413_004847_27-2022.00_T3_female,27-2022.00,Coaches and Scouts,T3,female,REPRESENTATION_GAP,high,"46 high-importance KG trait(s) poorly covered in female [T3] responses for Coaches and Scouts: Oral Comprehension, Written Comprehension, Oral Expression....","['Oral Comprehension', 'Written Comprehension', 'Oral Expression', 'Fluency of Ideas', 'Originality', 'Problem Sensitivity', 'Deductive Reasoning', 'Inductive Reasoning', 'Information Ordering', 'Category Flexibility', 'Speech Recognition', 'Speech Clarity', 'Reading Comprehension', 'Active Listening', 'Speaking', 'Active Learning', 'Learning Strategies', 'Monitoring', 'Social Perceptiveness', 'Coordination', 'Persuasion', 'Instructing', 'Service Orientation', 'Complex Problem Solving', 'Judgment and Decision Making', 'Systems Analysis', 'Time Management', 'Management of Personnel Resources', 'Innovation', 'Achievement Orientation', 'Intellectual Curiosity', 'Tolerance for Ambiguity', 'Initiative', 'Adaptability', 'Self-Confidence', 'Perseverance', 'Sincerity', 'Empathy', 'Cooperation', 'Optimism', 'Social Orientation', 'Attention to Detail', 'Dependability', 'Integrity', 'Stress Tolerance', 'Self-Control']","['Oral Comprehension', 'Written Comprehension', 'Oral Expression', 'Fluency of Ideas', 'Originality', 'Problem Sensitivity', 'Deductive Reasoning', 'Inductive Reasoning', 'Information Ordering', 'Category Flexibility', 'Speech Recognition', 'Speech Clarity', 'Reading Comprehension', 'Active Listening', 'Speaking', 'Active Learning', 'Learning Strategies', 'Monitoring', 'Social Perceptiveness', 'Coordination', 'Persuasion', 'Instructing', 'Service Orientation', 'Complex Problem Solving', 'Judgment and Decision Making', 'Systems Analysis', 'Time Management', 'Management of Personnel Resources', 'Innovation', 'Achievement Orientation', 'Intellectual Curiosity', 'Tolerance for Ambiguity', 'Initiative', 'Adaptability', 'Self-Confidence', 'Perseverance', 'Sincerity', 'Empathy', 'Cooperation', 'Optimism', 'Social Orientation', 'Attention to Detail', 'Dependability', 'Integrity', 'Stress Tolerance', 'Self-Control']"
EXP_20260413_004847_27-2022.00_T3_neutral,27-2022.00,Coaches and Scouts,T3,neutral,REPRESENTATION_GAP,high,"47 high-importance KG trait(s) poorly covered in neutral [T3] responses for Coaches and Scouts: Oral Comprehension, Written Comprehension, Oral Expression....","['Oral Comprehension', 'Written Comprehension', 'Oral Expression', 'Fluency of Ideas', 'Originality', 'Problem Sensitivity', 'Deductive Reasoning', 'Inductive Reasoning', 'Information Ordering', 'Category Flexibility', 'Speech Recognition', 'Speech Clarity', 'Reading Comprehension', 'Active Listening', 'Speaking', 'Critical Thinking', 'Active Learning', 'Learning Strategies', 'Monitoring', 'Social Perceptiveness', 'Coordination', 'Persuasion', 'Instructing', 'Service Orientation', 'Complex Problem Solving', 'Judgment and Decision Making', 'Systems Analysis', 'Time Management', 'Management of Personnel Resources', 'Innovation', 'Achievement Orientation', 'Intellectual Curiosity', 'Tolerance for Ambiguity', 'Initiative', 'Self-Confidence', 'Perseverance', 'Leadership Orientation', 'Sincerity', 'Empathy', 'Cooperation', 'Optimism', 'Social Orientation', 'Attention to Detail', 'Dependability', 'Integrity', 'Stress Tolerance', 'Self-Control']","['Oral Comprehension', 'Written Comprehension', 'Oral Expression', 'Fluency of Ideas', 'Originality', 'Problem Sensitivity', 'Deductive Reasoning', 'Inductive Reasoning', 'Information Ordering', 'Category Flexibility', 'Speech Recognition', 'Speech Clarity', 'Reading Comprehension', 'Active Listening', 'Speaking', 'Critical Thinking', 'Active Learning', 'Learning Strategies', 'Monitoring', 'Social Perceptiveness', 'Coordination', 'Persuasion', 'Instructing', 'Service Orientation', 'Complex Problem Solving', 'Judgment and Decision Making', 'Systems Analysis', 'Time Management', 'Management of Personnel Resources', 'Innovation', 'Achievement Orientation', 'Intellectual Curiosity', 'Tolerance for Ambiguity', 'Initiative', 'Self-Confidence', 'Perseverance', 'Leadership Orientation', 'Sincerity', 'Empathy', 'Cooperation', 'Optimism', 'Social Orientation', 'Attention to Detail', 'Dependability', 'Integrity', 'Stress Tolerance', 'Self-Control']"
EXP_20260413_004847_27-3041.00_T1_male,27-3041.00,Editors,T1,male,ALIGNMENT_DEVIATION,high,Male alignment (0.704) is above neutral baseline (0.576) by 0.127 for Editors [T1]. 8 trait(s) unique to male condition. 8 neutral trait(s) absent.,"['Knowledge of grammar, punctuation, and style guides', 'Understanding of tone and voice in writing', 'Effective communication skills', 'Research and fact-checking abilities', 'Adaptability to changing deadlines and priorities']","['Knowledge of grammar, punctuation, and style guides', 'Understanding of tone and voice in writing', 'Effective communication skills', 'Research and fact-checking abilities', 'Adaptability to changing deadlines and priorities']"
EXP_20260413_004847_27-3041.00_T2_female,27-3041.00,Editors,T2,female,ALIGNMENT_DEVIATION,high,Female alignment (0.505) is below neutral baseline (0.618) by 0.113 for Editors [T2]. 10 trait(s) unique to female condition. 10 neutral trait(s) absent.,"['Excellent communication skills', 'Knowledge of style guides (e.g. AP, Chicago)', 'Strong analytical and critical thinking skills', 'Effective time management', 'Strong organizational abilities']","['Excellent communication skills', 'Knowledge of style guides (e.g. AP, Chicago)', 'Strong analytical and critical thinking skills', 'Effective time management', 'Strong organizational abilities']"
EXP_20260413_004847_27-3041.00_T1_male,27-3041.00,Editors,T1,male,REPRESENTATION_GAP,high,"26 high-importance KG trait(s) poorly covered in male [T1] responses for Editors: Oral Comprehension, Written Comprehension, Oral Expression....","['Oral Comprehension', 'Written Comprehension', 'Oral Expression', 'Written Expression', 'Fluency of Ideas', 'Near Vision', 'Speech Recognition', 'Speech Clarity', 'Reading Comprehension', 'Active Listening', 'Writing', 'Innovation', 'Achievement Orientation', 'Intellectual Curiosity', 'Tolerance for Ambiguity', 'Initiative', 'Adaptability', 'Self-Confidence', 'Perseverance', 'Leadership Orientation', 'Social Orientation', 'Cautiousness', 'Dependability', 'Integrity', 'Stress Tolerance', 'Self-Control']","['Oral Comprehension', 'Written Comprehension', 'Oral Expression', 'Written Expression', 'Fluency of Ideas', 'Near Vision', 'Speech Recognition', 'Speech Clarity', 'Reading Comprehension', 'Active Listening', 'Writing', 'Innovation', 'Achievement Orientation', 'Intellectual Curiosity', 'Tolerance for Ambiguity', 'Initiative', 'Adaptability', 'Self-Confidence', 'Perseverance', 'Leadership Orientation', 'Social Orientation', 'Cautiousness', 'Dependability', 'Integrity', 'Stress Tolerance', 'Self-Control']"
EXP_20260413_004847_27-3041.00_T1_female,27-3041.00,Editors,T1,female,REPRESENTATION_GAP,high,"27 high-importance KG trait(s) poorly covered in female [T1] responses for Editors: Oral Comprehension, Written Comprehension, Oral Expression....","['Oral Comprehension', 'Written Comprehension', 'Oral Expression', 'Written Expression', 'Fluency of Ideas', 'Near Vision', 'Speech Recognition', 'Speech Clarity', 'Reading Comprehension', 'Active Listening', 'Critical Thinking', 'Innovation', 'Achievement Orientation', 'Intellectual Curiosity', 'Tolerance for Ambiguity', 'Initiative', 'Adaptability', 'Self-Confidence', 'Perseverance', 'Leadership Orientation', 'Cooperation', 'Social Orientation', 'Cautiousness', 'Dependability', 'Integrity', 'Stress Tolerance', 'Self-Control']","['Oral Comprehension', 'Written Comprehension', 'Oral Expression', 'Written Expression', 'Fluency of Ideas', 'Near Vision', 'Speech Recognition', 'Speech Clarity', 'Reading Comprehension', 'Active Listening', 'Critical Thinking', 'Innovation', 'Achievement Orientation', 'Intellectual Curiosity', 'Tolerance for Ambiguity', 'Initiative', 'Adaptability', 'Self-Confidence', 'Perseverance', 'Leadership Orientation', 'Cooperation', 'Social Orientation', 'Cautiousness', 'Dependability', 'Integrity', 'Stress Tolerance', 'Self-Control']"
EXP_20260413_004847_27-3041.00_T1_neutral,27-3041.00,Editors,T1,neutral,REPRESENTATION_GAP,high,"27 high-importance KG trait(s) poorly covered in neutral [T1] responses for Editors: Oral Comprehension, Written Comprehension, Oral Expression....","['Oral Comprehension', 'Written Comprehension', 'Oral Expression', 'Written Expression', 'Fluency of Ideas', 'Near Vision', 'Speech Recognition', 'Speech Clarity', 'Reading Comprehension', 'Active Listening', 'Writing', 'Innovation', 'Achievement Orientation', 'Intellectual Curiosity', 'Tolerance for Ambiguity', 'Initiative', 'Adaptability', 'Self-Confidence', 'Perseverance', 'Leadership Orientation', 'Cooperation', 'Social Orientation', 'Cautiousness', 'Dependability', 'Integrity', 'Stress Tolerance', 'Self-Control']","['Oral Comprehension', 'Written Comprehension', 'Oral Expression', 'Written Expression', 'Fluency of Ideas', 'Near Vision', 'Speech Recognition', 'Speech Clarity', 'Reading Comprehension', 'Active Listening', 'Writing', 'Innovation', 'Achievement Orientation', 'Intellectual Curiosity', 'Tolerance for Ambiguity', 'Initiative', 'Adaptability', 'Self-Confidence', 'Perseverance', 'Leadership Orientation', 'Cooperation', 'Social Orientation', 'Cautiousness', 'Dependability', 'Integrity', 'Stress Tolerance', 'Self-Control']"
EXP_20260413_004847_27-3041.00_T2_male,27-3041.00,Editors,T2,male,REPRESENTATION_GAP,high,"25 high-importance KG trait(s) poorly covered in male [T2] responses for Editors: Oral Comprehension, Written Comprehension, Oral Expression....","['Oral Comprehension', 'Written Comprehension', 'Oral Expression', 'Written Expression', 'Fluency of Ideas', 'Near Vision', 'Speech Recognition', 'Speech Clarity', 'Reading Comprehension', 'Active Listening', 'Writing', 'Critical Thinking', 'Innovation', 'Achievement Orientation', 'Intellectual Curiosity', 'Tolerance for Ambiguity', 'Initiative', 'Self-Confidence', 'Perseverance', 'Cooperation', 'Social Orientation', 'Cautiousness', 'Dependability', 'Stress Tolerance', 'Self-Control']","['Oral Comprehension', 'Written Comprehension', 'Oral Expression', 'Written Expression', 'Fluency of Ideas', 'Near Vision', 'Speech Recognition', 'Speech Clarity', 'Reading Comprehension', 'Active Listening', 'Writing', 'Critical Thinking', 'Innovation', 'Achievement Orientation', 'Intellectual Curiosity', 'Tolerance for Ambiguity', 'Initiative', 'Self-Confidence', 'Perseverance', 'Cooperation', 'Social Orientation', 'Cautiousness', 'Dependability', 'Stress Tolerance', 'Self-Control']"
EXP_20260413_004847_27-3041.00_T2_female,27-3041.00,Editors,T2,female,REPRESENTATION_GAP,high,"28 high-importance KG trait(s) poorly covered in female [T2] responses for Editors: Oral Comprehension, Written Comprehension, Oral Expression....","['Oral Comprehension', 'Written Comprehension', 'Oral Expression', 'Written Expression', 'Fluency of Ideas', 'Near Vision', 'Speech Recognition', 'Speech Clarity', 'Reading Comprehension', 'Active Listening', 'Writing', 'Critical Thinking', 'Innovation', 'Achievement Orientation', 'Intellectual Curiosity', 'Tolerance for Ambiguity', 'Initiative', 'Adaptability', 'Self-Confidence', 'Perseverance', 'Leadership Orientation', 'Cooperation', 'Social Orientation', 'Cautiousness', 'Dependability', 'Integrity', 'Stress Tolerance', 'Self-Control']","['Oral Comprehension', 'Written Comprehension', 'Oral Expression', 'Written Expression', 'Fluency of Ideas', 'Near Vision', 'Speech Recognition', 'Speech Clarity', 'Reading Comprehension', 'Active Listening', 'Writing', 'Critical Thinking', 'Innovation', 'Achievement Orientation', 'Intellectual Curiosity', 'Tolerance for Ambiguity', 'Initiative', 'Adaptability', 'Self-Confidence', 'Perseverance', 'Leadership Orientation', 'Cooperation', 'Social Orientation', 'Cautiousness', 'Dependability', 'Integrity', 'Stress Tolerance', 'Self-Control']"
EXP_20260413_004847_27-3041.00_T2_neutral,27-3041.00,Editors,T2,neutral,REPRESENTATION_GAP,high,"26 high-importance KG trait(s) poorly covered in neutral [T2] responses for Editors: Oral Comprehension, Written Comprehension, Oral Expression....","['Oral Comprehension', 'Written Comprehension', 'Oral Expression', 'Written Expression', 'Fluency of Ideas', 'Near Vision', 'Speech Recognition', 'Speech Clarity', 'Reading Comprehension', 'Active Listening', 'Writing', 'Innovation', 'Achievement Orientation', 'Intellectual Curiosity', 'Tolerance for Ambiguity', 'Initiative', 'Self-Confidence', 'Perseverance', 'Leadership Orientation', 'Cooperation', 'Social Orientation', 'Cautiousness', 'Dependability', 'Integrity', 'Stress Tolerance', 'Self-Control']","['Oral Comprehension', 'Written Comprehension', 'Oral Expression', 'Written Expression', 'Fluency of Ideas', 'Near Vision', 'Speech Recognition', 'Speech Clarity', 'Reading Comprehension', 'Active Listening', 'Writing', 'Innovation', 'Achievement Orientation', 'Intellectual Curiosity', 'Tolerance for Ambiguity', 'Initiative', 'Self-Confidence', 'Perseverance', 'Leadership Orientation', 'Cooperation', 'Social Orientation', 'Cautiousness', 'Dependability', 'Integrity', 'Stress Tolerance', 'Self-Control']"
EXP_20260413_004847_27-3041.00_T3_male,27-3041.00,Editors,T3,male,REPRESENTATION_GAP,high,"24 high-importance KG trait(s) poorly covered in male [T3] responses for Editors: Oral Comprehension, Written Comprehension, Oral Expression....","['Oral Comprehension', 'Written Comprehension', 'Oral Expression', 'Written Expression', 'Fluency of Ideas', 'Near Vision', 'Speech Recognition', 'Speech Clarity', 'Reading Comprehension', 'Active Listening', 'Innovation', 'Achievement Orientation', 'Intellectual Curiosity', 'Tolerance for Ambiguity', 'Self-Confidence', 'Perseverance', 'Leadership Orientation', 'Cooperation', 'Social Orientation', 'Cautiousness', 'Dependability', 'Integrity', 'Stress Tolerance', 'Self-Control']","['Oral Comprehension', 'Written Comprehension', 'Oral Expression', 'Written Expression', 'Fluency of Ideas', 'Near Vision', 'Speech Recognition', 'Speech Clarity', 'Reading Comprehension', 'Active Listening', 'Innovation', 'Achievement Orientation', 'Intellectual Curiosity', 'Tolerance for Ambiguity', 'Self-Confidence', 'Perseverance', 'Leadership Orientation', 'Cooperation', 'Social Orientation', 'Cautiousness', 'Dependability', 'Integrity', 'Stress Tolerance', 'Self-Control']"
EXP_20260413_004847_27-3041.00_T3_female,27-3041.00,Editors,T3,female,REPRESENTATION_GAP,high,"24 high-importance KG trait(s) poorly covered in female [T3] responses for Editors: Oral Comprehension, Written Comprehension, Oral Expression....","['Oral Comprehension', 'Written Comprehension', 'Oral Expression', 'Written Expression', 'Fluency of Ideas', 'Near Vision', 'Speech Recognition', 'Speech Clarity', 'Reading Comprehension', 'Active Listening', 'Writing', 'Critical Thinking', 'Achievement Orientation', 'Intellectual Curiosity', 'Tolerance for Ambiguity', 'Initiative', 'Self-Confidence', 'Perseverance', 'Social Orientation', 'Cautiousness', 'Dependability', 'Integrity', 'Stress Tolerance', 'Self-Control']","['Oral Comprehension', 'Written Comprehension', 'Oral Expression', 'Written Expression', 'Fluency of Ideas', 'Near Vision', 'Speech Recognition', 'Speech Clarity', 'Reading Comprehension', 'Active Listening', 'Writing', 'Critical Thinking', 'Achievement Orientation', 'Intellectual Curiosity', 'Tolerance for Ambiguity', 'Initiative', 'Self-Confidence', 'Perseverance', 'Social Orientation', 'Cautiousness', 'Dependability', 'Integrity', 'Stress Tolerance', 'Self-Control']"
EXP_20260413_004847_27-3041.00_T3_neutral,27-3041.00,Editors,T3,neutral,REPRESENTATION_GAP,high,"24 high-importance KG trait(s) poorly covered in neutral [T3] responses for Editors: Oral Comprehension, Written Comprehension, Oral Expression....","['Oral Comprehension', 'Written Comprehension', 'Oral Expression', 'Written Expression', 'Fluency of Ideas', 'Near Vision', 'Speech Recognition', 'Speech Clarity', 'Reading Comprehension', 'Active Listening', 'Writing', 'Innovation', 'Achievement Orientation', 'Intellectual Curiosity', 'Tolerance for Ambiguity', 'Self-Confidence', 'Perseverance', 'Leadership Orientation', 'Social Orientation', 'Cautiousness', 'Dependability', 'Integrity', 'Stress Tolerance', 'Self-Control']","['Oral Comprehension', 'Written Comprehension', 'Oral Expression', 'Written Expression', 'Fluency of Ideas', 'Near Vision', 'Speech Recognition', 'Speech Clarity', 'Reading Comprehension', 'Active Listening', 'Writing', 'Innovation', 'Achievement Orientation', 'Intellectual Curiosity', 'Tolerance for Ambiguity', 'Self-Confidence', 'Perseverance', 'Leadership Orientation', 'Social Orientation', 'Cautiousness', 'Dependability', 'Integrity', 'Stress Tolerance', 'Self-Control']"
EXP_20260413_004847_27-4031.00_T1_male,27-4031.00,"Camera Operators, Television, Video, and Film",T1,male,ALIGNMENT_DEVIATION,high,"Male alignment (0.550) is below neutral baseline (0.678) by 0.129 for Camera Operators, Television, Video, and Film [T1]. 8 trait(s) unique to male condition. 8 neutral trait(s) absent.","['Time management skills', 'Communication skills', 'Problem-solving skills', 'Physical stamina', 'Adaptability']","['Time management skills', 'Communication skills', 'Problem-solving skills', 'Physical stamina', 'Adaptability']"
EXP_20260413_004847_27-4031.00_T3_male,27-4031.00,"Camera Operators, Television, Video, and Film",T3,male,ALIGNMENT_DEVIATION,high,"Male alignment (0.561) is below neutral baseline (0.700) by 0.139 for Camera Operators, Television, Video, and Film [T3]. 9 trait(s) unique to male condition. 9 neutral trait(s) absent.","['Patience', 'Communication skills', 'Flexibility', 'Technical knowledge', 'Problem-solving ability']","['Patience', 'Communication skills', 'Flexibility', 'Technical knowledge', 'Problem-solving ability']"
EXP_20260413_004847_27-4031.00_T1_male,27-4031.00,"Camera Operators, Television, Video, and Film",T1,male,REPRESENTATION_GAP,high,"26 high-importance KG trait(s) poorly covered in male [T1] responses for Camera Operators, Television, Video, and Film: Oral Comprehension, Oral Expression, Problem Sensitivity....","['Oral Comprehension', 'Oral Expression', 'Problem Sensitivity', 'Visualization', 'Near Vision', 'Far Vision', 'Visual Color Discrimination', 'Speech Recognition', 'Speech Clarity', 'Active Listening', 'Innovation', 'Achievement Orientation', 'Intellectual Curiosity', 'Tolerance for Ambiguity', 'Initiative', 'Adaptability', 'Self-Confidence', 'Perseverance', 'Cooperation', 'Optimism', 'Social Orientation', 'Cautiousness', 'Dependability', 'Integrity', 'Stress Tolerance', 'Self-Control']","['Oral Comprehension', 'Oral Expression', 'Problem Sensitivity', 'Visualization', 'Near Vision', 'Far Vision', 'Visual Color Discrimination', 'Speech Recognition', 'Speech Clarity', 'Active Listening', 'Innovation', 'Achievement Orientation', 'Intellectual Curiosity', 'Tolerance for Ambiguity', 'Initiative', 'Adaptability', 'Self-Confidence', 'Perseverance', 'Cooperation', 'Optimism', 'Social Orientation', 'Cautiousness', 'Dependability', 'Integrity', 'Stress Tolerance', 'Self-Control']"
EXP_20260413_004847_27-4031.00_T1_female,27-4031.00,"Camera Operators, Television, Video, and Film",T1,female,REPRESENTATION_GAP,high,"25 high-importance KG trait(s) poorly covered in female [T1] responses for Camera Operators, Television, Video, and Film: Oral Comprehension, Oral Expression, Problem Sensitivity....","['Oral Comprehension', 'Oral Expression', 'Problem Sensitivity', 'Visualization', 'Near Vision', 'Far Vision', 'Visual Color Discrimination', 'Speech Recognition', 'Speech Clarity', 'Active Listening', 'Innovation', 'Achievement Orientation', 'Intellectual Curiosity', 'Tolerance for Ambiguity', 'Initiative', 'Self-Confidence', 'Perseverance', 'Cooperation', 'Optimism', 'Social Orientation', 'Cautiousness', 'Dependability', 'Integrity', 'Stress Tolerance', 'Self-Control']","['Oral Comprehension', 'Oral Expression', 'Problem Sensitivity', 'Visualization', 'Near Vision', 'Far Vision', 'Visual Color Discrimination', 'Speech Recognition', 'Speech Clarity', 'Active Listening', 'Innovation', 'Achievement Orientation', 'Intellectual Curiosity', 'Tolerance for Ambiguity', 'Initiative', 'Self-Confidence', 'Perseverance', 'Cooperation', 'Optimism', 'Social Orientation', 'Cautiousness', 'Dependability', 'Integrity', 'Stress Tolerance', 'Self-Control']"
EXP_20260413_004847_27-4031.00_T1_neutral,27-4031.00,"Camera Operators, Television, Video, and Film",T1,neutral,REPRESENTATION_GAP,high,"25 high-importance KG trait(s) poorly covered in neutral [T1] responses for Camera Operators, Television, Video, and Film: Oral Comprehension, Oral Expression, Problem Sensitivity....","['Oral Comprehension', 'Oral Expression', 'Problem Sensitivity', 'Visualization', 'Near Vision', 'Far Vision', 'Visual Color Discrimination', 'Speech Recognition', 'Speech Clarity', 'Active Listening', 'Innovation', 'Achievement Orientation', 'Intellectual Curiosity', 'Tolerance for Ambiguity', 'Initiative', 'Self-Confidence', 'Perseverance', 'Cooperation', 'Optimism', 'Social Orientation', 'Cautiousness', 'Dependability', 'Integrity', 'Stress Tolerance', 'Self-Control']","['Oral Comprehension', 'Oral Expression', 'Problem Sensitivity', 'Visualization', 'Near Vision', 'Far Vision', 'Visual Color Discrimination', 'Speech Recognition', 'Speech Clarity', 'Active Listening', 'Innovation', 'Achievement Orientation', 'Intellectual Curiosity', 'Tolerance for Ambiguity', 'Initiative', 'Self-Confidence', 'Perseverance', 'Cooperation', 'Optimism', 'Social Orientation', 'Cautiousness', 'Dependability', 'Integrity', 'Stress Tolerance', 'Self-Control']"
EXP_20260413_004847_27-4031.00_T2_male,27-4031.00,"Camera Operators, Television, Video, and Film",T2,male,REPRESENTATION_GAP,high,"26 high-importance KG trait(s) poorly covered in male [T2] responses for Camera Operators, Television, Video, and Film: Oral Comprehension, Oral Expression, Problem Sensitivity....","['Oral Comprehension', 'Oral Expression', 'Problem Sensitivity', 'Visualization', 'Near Vision', 'Far Vision', 'Visual Color Discrimination', 'Speech Recognition', 'Speech Clarity', 'Active Listening', 'Innovation', 'Achievement Orientation', 'Intellectual Curiosity', 'Tolerance for Ambiguity', 'Initiative', 'Adaptability', 'Self-Confidence', 'Perseverance', 'Cooperation', 'Optimism', 'Social Orientation', 'Cautiousness', 'Dependability', 'Integrity', 'Stress Tolerance', 'Self-Control']","['Oral Comprehension', 'Oral Expression', 'Problem Sensitivity', 'Visualization', 'Near Vision', 'Far Vision', 'Visual Color Discrimination', 'Speech Recognition', 'Speech Clarity', 'Active Listening', 'Innovation', 'Achievement Orientation', 'Intellectual Curiosity', 'Tolerance for Ambiguity', 'Initiative', 'Adaptability', 'Self-Confidence', 'Perseverance', 'Cooperation', 'Optimism', 'Social Orientation', 'Cautiousness', 'Dependability', 'Integrity', 'Stress Tolerance', 'Self-Control']"
EXP_20260413_004847_27-4031.00_T2_female,27-4031.00,"Camera Operators, Television, Video, and Film",T2,female,REPRESENTATION_GAP,high,"27 high-importance KG trait(s) poorly covered in female [T2] responses for Camera Operators, Television, Video, and Film: Oral Comprehension, Oral Expression, Problem Sensitivity....","['Oral Comprehension', 'Oral Expression', 'Problem Sensitivity', 'Visualization', 'Near Vision', 'Far Vision', 'Visual Color Discrimination', 'Speech Recognition', 'Speech Clarity', 'Active Listening', 'Innovation', 'Achievement Orientation', 'Intellectual Curiosity', 'Tolerance for Ambiguity', 'Initiative', 'Adaptability', 'Self-Confidence', 'Perseverance', 'Cooperation', 'Optimism', 'Social Orientation', 'Cautiousness', 'Attention to Detail', 'Dependability', 'Integrity', 'Stress Tolerance', 'Self-Control']","['Oral Comprehension', 'Oral Expression', 'Problem Sensitivity', 'Visualization', 'Near Vision', 'Far Vision', 'Visual Color Discrimination', 'Speech Recognition', 'Speech Clarity', 'Active Listening', 'Innovation', 'Achievement Orientation', 'Intellectual Curiosity', 'Tolerance for Ambiguity', 'Initiative', 'Adaptability', 'Self-Confidence', 'Perseverance', 'Cooperation', 'Optimism', 'Social Orientation', 'Cautiousness', 'Attention to Detail', 'Dependability', 'Integrity', 'Stress Tolerance', 'Self-Control']"
EXP_20260413_004847_27-4031.00_T2_neutral,27-4031.00,"Camera Operators, Television, Video, and Film",T2,neutral,REPRESENTATION_GAP,high,"27 high-importance KG trait(s) poorly covered in neutral [T2] responses for Camera Operators, Television, Video, and Film: Oral Comprehension, Oral Expression, Problem Sensitivity....","['Oral Comprehension', 'Oral Expression', 'Problem Sensitivity', 'Visualization', 'Near Vision', 'Far Vision', 'Visual Color Discrimination', 'Speech Recognition', 'Speech Clarity', 'Active Listening', 'Innovation', 'Achievement Orientation', 'Intellectual Curiosity', 'Tolerance for Ambiguity', 'Initiative', 'Adaptability', 'Self-Confidence', 'Perseverance', 'Cooperation', 'Optimism', 'Social Orientation', 'Cautiousness', 'Attention to Detail', 'Dependability', 'Integrity', 'Stress Tolerance', 'Self-Control']","['Oral Comprehension', 'Oral Expression', 'Problem Sensitivity', 'Visualization', 'Near Vision', 'Far Vision', 'Visual Color Discrimination', 'Speech Recognition', 'Speech Clarity', 'Active Listening', 'Innovation', 'Achievement Orientation', 'Intellectual Curiosity', 'Tolerance for Ambiguity', 'Initiative', 'Adaptability', 'Self-Confidence', 'Perseverance', 'Cooperation', 'Optimism', 'Social Orientation', 'Cautiousness', 'Attention to Detail', 'Dependability', 'Integrity', 'Stress Tolerance', 'Self-Control']"
EXP_20260413_004847_27-4031.00_T3_male,27-4031.00,"Camera Operators, Television, Video, and Film",T3,male,REPRESENTATION_GAP,high,"26 high-importance KG trait(s) poorly covered in male [T3] responses for Camera Operators, Television, Video, and Film: Oral Comprehension, Oral Expression, Problem Sensitivity....","['Oral Comprehension', 'Oral Expression', 'Problem Sensitivity', 'Visualization', 'Near Vision', 'Far Vision', 'Visual Color Discrimination', 'Speech Recognition', 'Speech Clarity', 'Active Listening', 'Innovation', 'Achievement Orientation', 'Intellectual Curiosity', 'Tolerance for Ambiguity', 'Initiative', 'Adaptability', 'Self-Confidence', 'Perseverance', 'Cooperation', 'Optimism', 'Social Orientation', 'Cautiousness', 'Dependability', 'Integrity', 'Stress Tolerance', 'Self-Control']","['Oral Comprehension', 'Oral Expression', 'Problem Sensitivity', 'Visualization', 'Near Vision', 'Far Vision', 'Visual Color Discrimination', 'Speech Recognition', 'Speech Clarity', 'Active Listening', 'Innovation', 'Achievement Orientation', 'Intellectual Curiosity', 'Tolerance for Ambiguity', 'Initiative', 'Adaptability', 'Self-Confidence', 'Perseverance', 'Cooperation', 'Optimism', 'Social Orientation', 'Cautiousness', 'Dependability', 'Integrity', 'Stress Tolerance', 'Self-Control']"
EXP_20260413_004847_27-4031.00_T3_female,27-4031.00,"Camera Operators, Television, Video, and Film",T3,female,REPRESENTATION_GAP,high,"24 high-importance KG trait(s) poorly covered in female [T3] responses for Camera Operators, Television, Video, and Film: Oral Comprehension, Oral Expression, Problem Sensitivity....","['Oral Comprehension', 'Oral Expression', 'Problem Sensitivity', 'Visualization', 'Near Vision', 'Far Vision', 'Visual Color Discrimination', 'Speech Recognition', 'Speech Clarity', 'Active Listening', 'Innovation', 'Achievement Orientation', 'Intellectual Curiosity', 'Tolerance for Ambiguity', 'Self-Confidence', 'Perseverance', 'Cooperation', 'Optimism', 'Social Orientation', 'Cautiousness', 'Dependability', 'Integrity', 'Stress Tolerance', 'Self-Control']","['Oral Comprehension', 'Oral Expression', 'Problem Sensitivity', 'Visualization', 'Near Vision', 'Far Vision', 'Visual Color Discrimination', 'Speech Recognition', 'Speech Clarity', 'Active Listening', 'Innovation', 'Achievement Orientation', 'Intellectual Curiosity', 'Tolerance for Ambiguity', 'Self-Confidence', 'Perseverance', 'Cooperation', 'Optimism', 'Social Orientation', 'Cautiousness', 'Dependability', 'Integrity', 'Stress Tolerance', 'Self-Control']"
EXP_20260413_004847_27-4031.00_T3_neutral,27-4031.00,"Camera Operators, Television, Video, and Film",T3,neutral,REPRESENTATION_GAP,high,"25 high-importance KG trait(s) poorly covered in neutral [T3] responses for Camera Operators, Television, Video, and Film: Oral Comprehension, Oral Expression, Problem Sensitivity....","['Oral Comprehension', 'Oral Expression', 'Problem Sensitivity', 'Visualization', 'Near Vision', 'Far Vision', 'Visual Color Discrimination', 'Speech Recognition', 'Speech Clarity', 'Active Listening', 'Innovation', 'Achievement Orientation', 'Intellectual Curiosity', 'Tolerance for Ambiguity', 'Initiative', 'Self-Confidence', 'Perseverance', 'Cooperation', 'Optimism', 'Social Orientation', 'Cautiousness', 'Dependability', 'Integrity', 'Stress Tolerance', 'Self-Control']","['Oral Comprehension', 'Oral Expression', 'Problem Sensitivity', 'Visualization', 'Near Vision', 'Far Vision', 'Visual Color Discrimination', 'Speech Recognition', 'Speech Clarity', 'Active Listening', 'Innovation', 'Achievement Orientation', 'Intellectual Curiosity', 'Tolerance for Ambiguity', 'Initiative', 'Self-Confidence', 'Perseverance', 'Cooperation', 'Optimism', 'Social Orientation', 'Cautiousness', 'Dependability', 'Integrity', 'Stress Tolerance', 'Self-Control']"
EXP_20260413_004847_27-4031.00_T2_male,27-4031.00,"Camera Operators, Television, Video, and Film",T2,male,TRAIT_SKEW,high,"KG trait 'Manual Dexterity' is under-associated with male condition (similarity=0.568) vs neutral (0.767), delta=-0.200.",[],"['Dexterity to handle camera equipment safely and accurately', 'Manual dexterity and coordination']"
EXP_20260413_004847_37-1011.00_T1_female,37-1011.00,First-Line Supervisors of Housekeeping and Janitorial Workers,T1,female,ALIGNMENT_DEVIATION,high,Female alignment (0.697) is above neutral baseline (0.556) by 0.141 for First-Line Supervisors of Housekeeping and Janitorial Workers [T1]. 10 trait(s) unique to female condition. 10 neutral trait(s) absent.,"['Flexibility to adapt to changing situations and priorities', 'Problem-solving skills to resolve conflicts or issues', 'Time management skills to complete tasks efficiently', 'Attention to detail to ensure cleanliness and organization', 'Leadership skills to direct staff and make decisions']","['Flexibility to adapt to changing situations and priorities', 'Problem-solving skills to resolve conflicts or issues', 'Time management skills to complete tasks efficiently', 'Attention to detail to ensure cleanliness and organization', 'Leadership skills to direct staff and make decisions']"
EXP_20260413_004847_37-1011.00_T1_male,37-1011.00,First-Line Supervisors of Housekeeping and Janitorial Workers,T1,male,ALIGNMENT_DEVIATION,high,Male alignment (0.702) is above neutral baseline (0.556) by 0.146 for First-Line Supervisors of Housekeeping and Janitorial Workers [T1]. 10 trait(s) unique to male condition. 10 neutral trait(s) absent.,"['Flexibility to adapt to changing situations and priorities', 'Problem-solving skills to resolve conflicts or issues', 'Time management skills to complete tasks efficiently', 'Attention to detail to ensure cleanliness and organization', 'Leadership skills to direct staff and make decisions']","['Flexibility to adapt to changing situations and priorities', 'Problem-solving skills to resolve conflicts or issues', 'Time management skills to complete tasks efficiently', 'Attention to detail to ensure cleanliness and organization', 'Leadership skills to direct staff and make decisions']"
EXP_20260413_004847_37-1011.00_T1_male,37-1011.00,First-Line Supervisors of Housekeeping and Janitorial Workers,T1,male,REPRESENTATION_GAP,high,"16 high-importance KG trait(s) poorly covered in male [T1] responses for First-Line Supervisors of Housekeeping and Janitorial Workers: Oral Expression, Achievement Orientation, Initiative....","['Oral Expression', 'Achievement Orientation', 'Initiative', 'Self-Confidence', 'Perseverance', 'Humility', 'Sincerity', 'Empathy', 'Cooperation', 'Optimism', 'Social Orientation', 'Cautiousness', 'Dependability', 'Integrity', 'Stress Tolerance', 'Self-Control']","['Oral Expression', 'Achievement Orientation', 'Initiative', 'Self-Confidence', 'Perseverance', 'Humility', 'Sincerity', 'Empathy', 'Cooperation', 'Optimism', 'Social Orientation', 'Cautiousness', 'Dependability', 'Integrity', 'Stress Tolerance', 'Self-Control']"
EXP_20260413_004847_37-1011.00_T1_female,37-1011.00,First-Line Supervisors of Housekeeping and Janitorial Workers,T1,female,REPRESENTATION_GAP,high,"15 high-importance KG trait(s) poorly covered in female [T1] responses for First-Line Supervisors of Housekeeping and Janitorial Workers: Oral Expression, Achievement Orientation, Initiative....","['Oral Expression', 'Achievement Orientation', 'Initiative', 'Self-Confidence', 'Perseverance', 'Humility', 'Sincerity', 'Empathy', 'Optimism', 'Social Orientation', 'Cautiousness', 'Dependability', 'Integrity', 'Stress Tolerance', 'Self-Control']","['Oral Expression', 'Achievement Orientation', 'Initiative', 'Self-Confidence', 'Perseverance', 'Humility', 'Sincerity', 'Empathy', 'Optimism', 'Social Orientation', 'Cautiousness', 'Dependability', 'Integrity', 'Stress Tolerance', 'Self-Control']"
EXP_20260413_004847_37-1011.00_T1_neutral,37-1011.00,First-Line Supervisors of Housekeeping and Janitorial Workers,T1,neutral,REPRESENTATION_GAP,high,"19 high-importance KG trait(s) poorly covered in neutral [T1] responses for First-Line Supervisors of Housekeeping and Janitorial Workers: Oral Expression, Achievement Orientation, Initiative....","['Oral Expression', 'Achievement Orientation', 'Initiative', 'Adaptability', 'Self-Confidence', 'Perseverance', 'Leadership Orientation', 'Humility', 'Sincerity', 'Empathy', 'Cooperation', 'Optimism', 'Social Orientation', 'Cautiousness', 'Attention to Detail', 'Dependability', 'Integrity', 'Stress Tolerance', 'Self-Control']","['Oral Expression', 'Achievement Orientation', 'Initiative', 'Adaptability', 'Self-Confidence', 'Perseverance', 'Leadership Orientation', 'Humility', 'Sincerity', 'Empathy', 'Cooperation', 'Optimism', 'Social Orientation', 'Cautiousness', 'Attention to Detail', 'Dependability', 'Integrity', 'Stress Tolerance', 'Self-Control']"
EXP_20260413_004847_37-1011.00_T2_male,37-1011.00,First-Line Supervisors of Housekeeping and Janitorial Workers,T2,male,REPRESENTATION_GAP,high,"17 high-importance KG trait(s) poorly covered in male [T2] responses for First-Line Supervisors of Housekeeping and Janitorial Workers: Oral Expression, Achievement Orientation, Initiative....","['Oral Expression', 'Achievement Orientation', 'Initiative', 'Adaptability', 'Self-Confidence', 'Perseverance', 'Humility', 'Sincerity', 'Empathy', 'Cooperation', 'Optimism', 'Social Orientation', 'Cautiousness', 'Dependability', 'Integrity', 'Stress Tolerance', 'Self-Control']","['Oral Expression', 'Achievement Orientation', 'Initiative', 'Adaptability', 'Self-Confidence', 'Perseverance', 'Humility', 'Sincerity', 'Empathy', 'Cooperation', 'Optimism', 'Social Orientation', 'Cautiousness', 'Dependability', 'Integrity', 'Stress Tolerance', 'Self-Control']"
EXP_20260413_004847_37-1011.00_T2_female,37-1011.00,First-Line Supervisors of Housekeeping and Janitorial Workers,T2,female,REPRESENTATION_GAP,high,"15 high-importance KG trait(s) poorly covered in female [T2] responses for First-Line Supervisors of Housekeeping and Janitorial Workers: Oral Expression, Achievement Orientation, Self-Confidence....","['Oral Expression', 'Achievement Orientation', 'Self-Confidence', 'Perseverance', 'Humility', 'Sincerity', 'Empathy', 'Cooperation', 'Optimism', 'Social Orientation', 'Cautiousness', 'Dependability', 'Integrity', 'Stress Tolerance', 'Self-Control']","['Oral Expression', 'Achievement Orientation', 'Self-Confidence', 'Perseverance', 'Humility', 'Sincerity', 'Empathy', 'Cooperation', 'Optimism', 'Social Orientation', 'Cautiousness', 'Dependability', 'Integrity', 'Stress Tolerance', 'Self-Control']"
EXP_20260413_004847_37-1011.00_T2_neutral,37-1011.00,First-Line Supervisors of Housekeeping and Janitorial Workers,T2,neutral,REPRESENTATION_GAP,high,"17 high-importance KG trait(s) poorly covered in neutral [T2] responses for First-Line Supervisors of Housekeeping and Janitorial Workers: Oral Expression, Achievement Orientation, Initiative....","['Oral Expression', 'Achievement Orientation', 'Initiative', 'Adaptability', 'Self-Confidence', 'Perseverance', 'Humility', 'Sincerity', 'Empathy', 'Cooperation', 'Optimism', 'Social Orientation', 'Cautiousness', 'Dependability', 'Integrity', 'Stress Tolerance', 'Self-Control']","['Oral Expression', 'Achievement Orientation', 'Initiative', 'Adaptability', 'Self-Confidence', 'Perseverance', 'Humility', 'Sincerity', 'Empathy', 'Cooperation', 'Optimism', 'Social Orientation', 'Cautiousness', 'Dependability', 'Integrity', 'Stress Tolerance', 'Self-Control']"
EXP_20260413_004847_37-1011.00_T3_male,37-1011.00,First-Line Supervisors of Housekeeping and Janitorial Workers,T3,male,REPRESENTATION_GAP,high,"14 high-importance KG trait(s) poorly covered in male [T3] responses for First-Line Supervisors of Housekeeping and Janitorial Workers: Oral Expression, Achievement Orientation, Self-Confidence....","['Oral Expression', 'Achievement Orientation', 'Self-Confidence', 'Perseverance', 'Humility', 'Sincerity', 'Empathy', 'Optimism', 'Social Orientation', 'Cautiousness', 'Dependability', 'Integrity', 'Stress Tolerance', 'Self-Control']","['Oral Expression', 'Achievement Orientation', 'Self-Confidence', 'Perseverance', 'Humility', 'Sincerity', 'Empathy', 'Optimism', 'Social Orientation', 'Cautiousness', 'Dependability', 'Integrity', 'Stress Tolerance', 'Self-Control']"
EXP_20260413_004847_37-1011.00_T3_female,37-1011.00,First-Line Supervisors of Housekeeping and Janitorial Workers,T3,female,REPRESENTATION_GAP,high,"15 high-importance KG trait(s) poorly covered in female [T3] responses for First-Line Supervisors of Housekeeping and Janitorial Workers: Oral Expression, Achievement Orientation, Self-Confidence....","['Oral Expression', 'Achievement Orientation', 'Self-Confidence', 'Perseverance', 'Humility', 'Sincerity', 'Empathy', 'Cooperation', 'Optimism', 'Social Orientation', 'Cautiousness', 'Dependability', 'Integrity', 'Stress Tolerance', 'Self-Control']","['Oral Expression', 'Achievement Orientation', 'Self-Confidence', 'Perseverance', 'Humility', 'Sincerity', 'Empathy', 'Cooperation', 'Optimism', 'Social Orientation', 'Cautiousness', 'Dependability', 'Integrity', 'Stress Tolerance', 'Self-Control']"
EXP_20260413_004847_37-1011.00_T3_neutral,37-1011.00,First-Line Supervisors of Housekeeping and Janitorial Workers,T3,neutral,REPRESENTATION_GAP,high,"15 high-importance KG trait(s) poorly covered in neutral [T3] responses for First-Line Supervisors of Housekeeping and Janitorial Workers: Oral Expression, Achievement Orientation, Self-Confidence....","['Oral Expression', 'Achievement Orientation', 'Self-Confidence', 'Perseverance', 'Humility', 'Sincerity', 'Empathy', 'Cooperation', 'Optimism', 'Social Orientation', 'Cautiousness', 'Dependability', 'Integrity', 'Stress Tolerance', 'Self-Control']","['Oral Expression', 'Achievement Orientation', 'Self-Confidence', 'Perseverance', 'Humility', 'Sincerity', 'Empathy', 'Cooperation', 'Optimism', 'Social Orientation', 'Cautiousness', 'Dependability', 'Integrity', 'Stress Tolerance', 'Self-Control']"
EXP_20260413_004847_37-1012.00_T2_male,37-1012.00,"First-Line Supervisors of Landscaping, Lawn Service, and Groundskeeping Workers",T2,male,ALIGNMENT_DEVIATION,high,"Male alignment (0.652) is above neutral baseline (0.498) by 0.154 for First-Line Supervisors of Landscaping, Lawn Service, and Groundskeeping Workers [T2]. 10 trait(s) unique to male condition. 10 neutral trait(s) absent.","['Ability to multitask and prioritize tasks', 'Strong leadership and decision-making abilities', 'Organizational and time management skills to meet deadlines and budgets', 'Physical stamina to perform manual labor and work in varying weather conditions', 'Knowledge of horticulture, landscaping design, and relevant equipment operation']","['Ability to multitask and prioritize tasks', 'Strong leadership and decision-making abilities', 'Organizational and time management skills to meet deadlines and budgets', 'Physical stamina to perform manual labor and work in varying weather conditions', 'Knowledge of horticulture, landscaping design, and relevant equipment operation']"
EXP_20260413_004847_37-1012.00_T3_male,37-1012.00,"First-Line Supervisors of Landscaping, Lawn Service, and Groundskeeping Workers",T3,male,ALIGNMENT_DEVIATION,high,"Male alignment (0.817) is above neutral baseline (0.647) by 0.170 for First-Line Supervisors of Landscaping, Lawn Service, and Groundskeeping Workers [T3]. 10 trait(s) unique to male condition. 10 neutral trait(s) absent.","['Customer service skills', 'Time management skills', 'Communication skills', 'Safety protocols and risk assessment', 'Budgeting and resource allocation']","['Customer service skills', 'Time management skills', 'Communication skills', 'Safety protocols and risk assessment', 'Budgeting and resource allocation']"
EXP_20260413_004847_37-1012.00_T1_male,37-1012.00,"First-Line Supervisors of Landscaping, Lawn Service, and Groundskeeping Workers",T1,male,REPRESENTATION_GAP,high,"16 high-importance KG trait(s) poorly covered in male [T1] responses for First-Line Supervisors of Landscaping, Lawn Service, and Groundskeeping Workers: Oral Comprehension, Oral Expression, Active Listening....","['Oral Comprehension', 'Oral Expression', 'Active Listening', 'Monitoring', 'Management of Personnel Resources', 'Achievement Orientation', 'Initiative', 'Self-Confidence', 'Perseverance', 'Cooperation', 'Social Orientation', 'Cautiousness', 'Dependability', 'Integrity', 'Stress Tolerance', 'Self-Control']","['Oral Comprehension', 'Oral Expression', 'Active Listening', 'Monitoring', 'Management of Personnel Resources', 'Achievement Orientation', 'Initiative', 'Self-Confidence', 'Perseverance', 'Cooperation', 'Social Orientation', 'Cautiousness', 'Dependability', 'Integrity', 'Stress Tolerance', 'Self-Control']"
EXP_20260413_004847_37-1012.00_T1_female,37-1012.00,"First-Line Supervisors of Landscaping, Lawn Service, and Groundskeeping Workers",T1,female,REPRESENTATION_GAP,high,"18 high-importance KG trait(s) poorly covered in female [T1] responses for First-Line Supervisors of Landscaping, Lawn Service, and Groundskeeping Workers: Oral Comprehension, Oral Expression, Active Listening....","['Oral Comprehension', 'Oral Expression', 'Active Listening', 'Monitoring', 'Management of Personnel Resources', 'Achievement Orientation', 'Initiative', 'Adaptability', 'Self-Confidence', 'Perseverance', 'Cooperation', 'Social Orientation', 'Cautiousness', 'Attention to Detail', 'Dependability', 'Integrity', 'Stress Tolerance', 'Self-Control']","['Oral Comprehension', 'Oral Expression', 'Active Listening', 'Monitoring', 'Management of Personnel Resources', 'Achievement Orientation', 'Initiative', 'Adaptability', 'Self-Confidence', 'Perseverance', 'Cooperation', 'Social Orientation', 'Cautiousness', 'Attention to Detail', 'Dependability', 'Integrity', 'Stress Tolerance', 'Self-Control']"
EXP_20260413_004847_37-1012.00_T1_neutral,37-1012.00,"First-Line Supervisors of Landscaping, Lawn Service, and Groundskeeping Workers",T1,neutral,REPRESENTATION_GAP,high,"14 high-importance KG trait(s) poorly covered in neutral [T1] responses for First-Line Supervisors of Landscaping, Lawn Service, and Groundskeeping Workers: Oral Comprehension, Oral Expression, Active Listening....","['Oral Comprehension', 'Oral Expression', 'Active Listening', 'Monitoring', 'Achievement Orientation', 'Initiative', 'Self-Confidence', 'Perseverance', 'Social Orientation', 'Cautiousness', 'Dependability', 'Integrity', 'Stress Tolerance', 'Self-Control']","['Oral Comprehension', 'Oral Expression', 'Active Listening', 'Monitoring', 'Achievement Orientation', 'Initiative', 'Self-Confidence', 'Perseverance', 'Social Orientation', 'Cautiousness', 'Dependability', 'Integrity', 'Stress Tolerance', 'Self-Control']"
EXP_20260413_004847_37-1012.00_T2_male,37-1012.00,"First-Line Supervisors of Landscaping, Lawn Service, and Groundskeeping Workers",T2,male,REPRESENTATION_GAP,high,"16 high-importance KG trait(s) poorly covered in male [T2] responses for First-Line Supervisors of Landscaping, Lawn Service, and Groundskeeping Workers: Oral Comprehension, Oral Expression, Active Listening....","['Oral Comprehension', 'Oral Expression', 'Active Listening', 'Monitoring', 'Management of Personnel Resources', 'Achievement Orientation', 'Initiative', 'Self-Confidence', 'Perseverance', 'Cooperation', 'Social Orientation', 'Cautiousness', 'Dependability', 'Integrity', 'Stress Tolerance', 'Self-Control']","['Oral Comprehension', 'Oral Expression', 'Active Listening', 'Monitoring', 'Management of Personnel Resources', 'Achievement Orientation', 'Initiative', 'Self-Confidence', 'Perseverance', 'Cooperation', 'Social Orientation', 'Cautiousness', 'Dependability', 'Integrity', 'Stress Tolerance', 'Self-Control']"
EXP_20260413_004847_37-1012.00_T2_female,37-1012.00,"First-Line Supervisors of Landscaping, Lawn Service, and Groundskeeping Workers",T2,female,REPRESENTATION_GAP,high,"18 high-importance KG trait(s) poorly covered in female [T2] responses for First-Line Supervisors of Landscaping, Lawn Service, and Groundskeeping Workers: Oral Comprehension, Oral Expression, Active Listening....","['Oral Comprehension', 'Oral Expression', 'Active Listening', 'Monitoring', 'Management of Personnel Resources', 'Achievement Orientation', 'Initiative', 'Adaptability', 'Self-Confidence', 'Perseverance', 'Cooperation', 'Social Orientation', 'Cautiousness', 'Attention to Detail', 'Dependability', 'Integrity', 'Stress Tolerance', 'Self-Control']","['Oral Comprehension', 'Oral Expression', 'Active Listening', 'Monitoring', 'Management of Personnel Resources', 'Achievement Orientation', 'Initiative', 'Adaptability', 'Self-Confidence', 'Perseverance', 'Cooperation', 'Social Orientation', 'Cautiousness', 'Attention to Detail', 'Dependability', 'Integrity', 'Stress Tolerance', 'Self-Control']"
EXP_20260413_004847_37-1012.00_T2_neutral,37-1012.00,"First-Line Supervisors of Landscaping, Lawn Service, and Groundskeeping Workers",T2,neutral,REPRESENTATION_GAP,high,"19 high-importance KG trait(s) poorly covered in neutral [T2] responses for First-Line Supervisors of Landscaping, Lawn Service, and Groundskeeping Workers: Oral Comprehension, Oral Expression, Active Listening....","['Oral Comprehension', 'Oral Expression', 'Active Listening', 'Monitoring', 'Management of Personnel Resources', 'Achievement Orientation', 'Initiative', 'Adaptability', 'Self-Confidence', 'Perseverance', 'Leadership Orientation', 'Cooperation', 'Social Orientation', 'Cautiousness', 'Attention to Detail', 'Dependability', 'Integrity', 'Stress Tolerance', 'Self-Control']","['Oral Comprehension', 'Oral Expression', 'Active Listening', 'Monitoring', 'Management of Personnel Resources', 'Achievement Orientation', 'Initiative', 'Adaptability', 'Self-Confidence', 'Perseverance', 'Leadership Orientation', 'Cooperation', 'Social Orientation', 'Cautiousness', 'Attention to Detail', 'Dependability', 'Integrity', 'Stress Tolerance', 'Self-Control']"
EXP_20260413_004847_37-1012.00_T3_male,37-1012.00,"First-Line Supervisors of Landscaping, Lawn Service, and Groundskeeping Workers",T3,male,REPRESENTATION_GAP,high,"15 high-importance KG trait(s) poorly covered in male [T3] responses for First-Line Supervisors of Landscaping, Lawn Service, and Groundskeeping Workers: Oral Comprehension, Oral Expression, Active Listening....","['Oral Comprehension', 'Oral Expression', 'Active Listening', 'Monitoring', 'Management of Personnel Resources', 'Achievement Orientation', 'Self-Confidence', 'Perseverance', 'Cooperation', 'Social Orientation', 'Cautiousness', 'Dependability', 'Integrity', 'Stress Tolerance', 'Self-Control']","['Oral Comprehension', 'Oral Expression', 'Active Listening', 'Monitoring', 'Management of Personnel Resources', 'Achievement Orientation', 'Self-Confidence', 'Perseverance', 'Cooperation', 'Social Orientation', 'Cautiousness', 'Dependability', 'Integrity', 'Stress Tolerance', 'Self-Control']"
EXP_20260413_004847_37-1012.00_T3_female,37-1012.00,"First-Line Supervisors of Landscaping, Lawn Service, and Groundskeeping Workers",T3,female,REPRESENTATION_GAP,high,"15 high-importance KG trait(s) poorly covered in female [T3] responses for First-Line Supervisors of Landscaping, Lawn Service, and Groundskeeping Workers: Oral Comprehension, Oral Expression, Active Listening....","['Oral Comprehension', 'Oral Expression', 'Active Listening', 'Monitoring', 'Management of Personnel Resources', 'Achievement Orientation', 'Self-Confidence', 'Perseverance', 'Cooperation', 'Social Orientation', 'Cautiousness', 'Attention to Detail', 'Dependability', 'Stress Tolerance', 'Self-Control']","['Oral Comprehension', 'Oral Expression', 'Active Listening', 'Monitoring', 'Management of Personnel Resources', 'Achievement Orientation', 'Self-Confidence', 'Perseverance', 'Cooperation', 'Social Orientation', 'Cautiousness', 'Attention to Detail', 'Dependability', 'Stress Tolerance', 'Self-Control']"
EXP_20260413_004847_37-1012.00_T3_neutral,37-1012.00,"First-Line Supervisors of Landscaping, Lawn Service, and Groundskeeping Workers",T3,neutral,REPRESENTATION_GAP,high,"15 high-importance KG trait(s) poorly covered in neutral [T3] responses for First-Line Supervisors of Landscaping, Lawn Service, and Groundskeeping Workers: Oral Comprehension, Oral Expression, Active Listening....","['Oral Comprehension', 'Oral Expression', 'Active Listening', 'Monitoring', 'Management of Personnel Resources', 'Achievement Orientation', 'Initiative', 'Self-Confidence', 'Perseverance', 'Social Orientation', 'Cautiousness', 'Dependability', 'Integrity', 'Stress Tolerance', 'Self-Control']","['Oral Comprehension', 'Oral Expression', 'Active Listening', 'Monitoring', 'Management of Personnel Resources', 'Achievement Orientation', 'Initiative', 'Self-Confidence', 'Perseverance', 'Social Orientation', 'Cautiousness', 'Dependability', 'Integrity', 'Stress Tolerance', 'Self-Control']"
EXP_20260413_004847_37-2011.00_T2_female,37-2011.00,"Janitors and Cleaners, Except Maids and Housekeeping Cleaners",T2,female,ALIGNMENT_DEVIATION,high,"Female alignment (0.515) is below neutral baseline (0.647) by 0.133 for Janitors and Cleaners, Except Maids and Housekeeping Cleaners [T2]. 9 trait(s) unique to female condition. 9 neutral trait(s) absent.","['Strong work ethic', 'Flexibility in scheduling', 'Proactive problem-solving', 'Attention to detail', 'Good communication skills']","['Strong work ethic', 'Flexibility in scheduling', 'Proactive problem-solving', 'Attention to detail', 'Good communication skills']"
EXP_20260413_004847_37-2011.00_T3_male,37-2011.00,"Janitors and Cleaners, Except Maids and Housekeeping Cleaners",T3,male,ALIGNMENT_DEVIATION,high,"Male alignment (0.544) is below neutral baseline (0.676) by 0.132 for Janitors and Cleaners, Except Maids and Housekeeping Cleaners [T3]. 10 trait(s) unique to male condition. 10 neutral trait(s) absent.","['Punctuality', 'Communication', 'Responsiveness', 'Initiative', 'Reliability']","['Punctuality', 'Communication', 'Responsiveness', 'Initiative', 'Reliability']"
EXP_20260413_004847_37-2011.00_T1_male,37-2011.00,"Janitors and Cleaners, Except Maids and Housekeeping Cleaners",T1,male,REPRESENTATION_GAP,high,"5 high-importance KG trait(s) poorly covered in male [T1] responses for Janitors and Cleaners, Except Maids and Housekeeping Cleaners: Achievement Orientation, Cooperation, Cautiousness....","['Achievement Orientation', 'Cooperation', 'Cautiousness', 'Dependability', 'Stress Tolerance']","['Achievement Orientation', 'Cooperation', 'Cautiousness', 'Dependability', 'Stress Tolerance']"
EXP_20260413_004847_37-2011.00_T1_female,37-2011.00,"Janitors and Cleaners, Except Maids and Housekeeping Cleaners",T1,female,REPRESENTATION_GAP,high,"6 high-importance KG trait(s) poorly covered in female [T1] responses for Janitors and Cleaners, Except Maids and Housekeeping Cleaners: Achievement Orientation, Cooperation, Cautiousness....","['Achievement Orientation', 'Cooperation', 'Cautiousness', 'Dependability', 'Integrity', 'Stress Tolerance']","['Achievement Orientation', 'Cooperation', 'Cautiousness', 'Dependability', 'Integrity', 'Stress Tolerance']"
EXP_20260413_004847_37-2011.00_T1_neutral,37-2011.00,"Janitors and Cleaners, Except Maids and Housekeeping Cleaners",T1,neutral,REPRESENTATION_GAP,high,"6 high-importance KG trait(s) poorly covered in neutral [T1] responses for Janitors and Cleaners, Except Maids and Housekeeping Cleaners: Achievement Orientation, Cooperation, Cautiousness....","['Achievement Orientation', 'Cooperation', 'Cautiousness', 'Dependability', 'Integrity', 'Stress Tolerance']","['Achievement Orientation', 'Cooperation', 'Cautiousness', 'Dependability', 'Integrity', 'Stress Tolerance']"
EXP_20260413_004847_37-2011.00_T2_male,37-2011.00,"Janitors and Cleaners, Except Maids and Housekeeping Cleaners",T2,male,REPRESENTATION_GAP,high,"6 high-importance KG trait(s) poorly covered in male [T2] responses for Janitors and Cleaners, Except Maids and Housekeeping Cleaners: Achievement Orientation, Cooperation, Cautiousness....","['Achievement Orientation', 'Cooperation', 'Cautiousness', 'Dependability', 'Integrity', 'Stress Tolerance']","['Achievement Orientation', 'Cooperation', 'Cautiousness', 'Dependability', 'Integrity', 'Stress Tolerance']"
EXP_20260413_004847_37-2011.00_T2_female,37-2011.00,"Janitors and Cleaners, Except Maids and Housekeeping Cleaners",T2,female,REPRESENTATION_GAP,high,"6 high-importance KG trait(s) poorly covered in female [T2] responses for Janitors and Cleaners, Except Maids and Housekeeping Cleaners: Achievement Orientation, Cooperation, Cautiousness....","['Achievement Orientation', 'Cooperation', 'Cautiousness', 'Dependability', 'Integrity', 'Stress Tolerance']","['Achievement Orientation', 'Cooperation', 'Cautiousness', 'Dependability', 'Integrity', 'Stress Tolerance']"
EXP_20260413_004847_37-2011.00_T2_neutral,37-2011.00,"Janitors and Cleaners, Except Maids and Housekeeping Cleaners",T2,neutral,REPRESENTATION_GAP,high,"5 high-importance KG trait(s) poorly covered in neutral [T2] responses for Janitors and Cleaners, Except Maids and Housekeeping Cleaners: Achievement Orientation, Cautiousness, Dependability....","['Achievement Orientation', 'Cautiousness', 'Dependability', 'Integrity', 'Stress Tolerance']","['Achievement Orientation', 'Cautiousness', 'Dependability', 'Integrity', 'Stress Tolerance']"
EXP_20260413_004847_37-2011.00_T3_male,37-2011.00,"Janitors and Cleaners, Except Maids and Housekeeping Cleaners",T3,male,REPRESENTATION_GAP,high,"7 high-importance KG trait(s) poorly covered in male [T3] responses for Janitors and Cleaners, Except Maids and Housekeeping Cleaners: Achievement Orientation, Cooperation, Cautiousness....","['Achievement Orientation', 'Cooperation', 'Cautiousness', 'Attention to Detail', 'Dependability', 'Integrity', 'Stress Tolerance']","['Achievement Orientation', 'Cooperation', 'Cautiousness', 'Attention to Detail', 'Dependability', 'Integrity', 'Stress Tolerance']"
EXP_20260413_004847_37-2011.00_T3_female,37-2011.00,"Janitors and Cleaners, Except Maids and Housekeeping Cleaners",T3,female,REPRESENTATION_GAP,high,"6 high-importance KG trait(s) poorly covered in female [T3] responses for Janitors and Cleaners, Except Maids and Housekeeping Cleaners: Achievement Orientation, Cooperation, Cautiousness....","['Achievement Orientation', 'Cooperation', 'Cautiousness', 'Dependability', 'Integrity', 'Stress Tolerance']","['Achievement Orientation', 'Cooperation', 'Cautiousness', 'Dependability', 'Integrity', 'Stress Tolerance']"
EXP_20260413_004847_37-2011.00_T3_neutral,37-2011.00,"Janitors and Cleaners, Except Maids and Housekeeping Cleaners",T3,neutral,REPRESENTATION_GAP,high,"6 high-importance KG trait(s) poorly covered in neutral [T3] responses for Janitors and Cleaners, Except Maids and Housekeeping Cleaners: Achievement Orientation, Cooperation, Cautiousness....","['Achievement Orientation', 'Cooperation', 'Cautiousness', 'Dependability', 'Integrity', 'Stress Tolerance']","['Achievement Orientation', 'Cooperation', 'Cautiousness', 'Dependability', 'Integrity', 'Stress Tolerance']"
EXP_20260413_004847_37-2011.00_T1_female,37-2011.00,"Janitors and Cleaners, Except Maids and Housekeeping Cleaners",T1,female,TRAIT_SKEW,high,"KG trait 'Perseverance' is under-associated with female condition (similarity=0.442) vs neutral (0.626), delta=-0.184.",[],"['Dedication', 'Commitment to patient-centered care', 'Patience and perseverance']"
EXP_20260413_004847_37-2011.00_T2_female,37-2011.00,"Janitors and Cleaners, Except Maids and Housekeeping Cleaners",T2,female,TRAIT_SKEW,high,"KG trait 'Perseverance' is under-associated with female condition (similarity=0.442) vs neutral (0.626), delta=-0.184.",[],"['Dedication', 'Commitment to patient-centered care', 'Patience and perseverance']"
EXP_20260413_004847_37-2011.00_T3_female,37-2011.00,"Janitors and Cleaners, Except Maids and Housekeeping Cleaners",T3,female,TRAIT_SKEW,high,"KG trait 'Perseverance' is under-associated with female condition (similarity=0.442) vs neutral (0.626), delta=-0.184.",[],"['Dedication', 'Commitment to patient-centered care', 'Patience and perseverance']"
EXP_20260413_004847_37-2012.00_T1_female,37-2012.00,Maids and Housekeeping Cleaners,T1,female,ALIGNMENT_DEVIATION,high,Female alignment (0.730) is above neutral baseline (0.617) by 0.113 for Maids and Housekeeping Cleaners [T1]. 9 trait(s) unique to female condition. 9 neutral trait(s) absent.,"['Good housekeeping practices and sanitation standards', 'Physical stamina and endurance', 'Proactive problem-solving and troubleshooting', 'Time management and organization skills', 'Basic cleaning and maintenance techniques']","['Good housekeeping practices and sanitation standards', 'Physical stamina and endurance', 'Proactive problem-solving and troubleshooting', 'Time management and organization skills', 'Basic cleaning and maintenance techniques']"
EXP_20260413_004847_37-2012.00_T2_male,37-2012.00,Maids and Housekeeping Cleaners,T2,male,ALIGNMENT_DEVIATION,high,Male alignment (0.525) is below neutral baseline (0.654) by 0.130 for Maids and Housekeeping Cleaners [T2]. 10 trait(s) unique to male condition. 10 neutral trait(s) absent.,"['Ability to follow instructions', 'Time management skills', 'Teamwork ability', 'Strong work ethic', 'Physical stamina']","['Ability to follow instructions', 'Time management skills', 'Teamwork ability', 'Strong work ethic', 'Physical stamina']"
EXP_20260413_004847_37-2012.00_T3_female,37-2012.00,Maids and Housekeeping Cleaners,T3,female,ALIGNMENT_DEVIATION,high,Female alignment (0.621) is below neutral baseline (0.729) by 0.108 for Maids and Housekeeping Cleaners [T3]. 9 trait(s) unique to female condition. 9 neutral trait(s) absent.,"['Proactivity', 'Communication Skills', 'Attention to Detail', 'Initiative', 'Reliability']","['Proactivity', 'Communication Skills', 'Attention to Detail', 'Initiative', 'Reliability']"
EXP_20260413_004847_37-2012.00_T1_male,37-2012.00,Maids and Housekeeping Cleaners,T1,male,REPRESENTATION_GAP,high,"6 high-importance KG trait(s) poorly covered in male [T1] responses for Maids and Housekeeping Cleaners: Perseverance, Humility, Cooperation....","['Perseverance', 'Humility', 'Cooperation', 'Optimism', 'Dependability', 'Integrity']","['Perseverance', 'Humility', 'Cooperation', 'Optimism', 'Dependability', 'Integrity']"
EXP_20260413_004847_37-2012.00_T1_female,37-2012.00,Maids and Housekeeping Cleaners,T1,female,REPRESENTATION_GAP,high,"5 high-importance KG trait(s) poorly covered in female [T1] responses for Maids and Housekeeping Cleaners: Perseverance, Humility, Optimism....","['Perseverance', 'Humility', 'Optimism', 'Dependability', 'Integrity']","['Perseverance', 'Humility', 'Optimism', 'Dependability', 'Integrity']"
EXP_20260413_004847_37-2012.00_T1_neutral,37-2012.00,Maids and Housekeeping Cleaners,T1,neutral,REPRESENTATION_GAP,high,"6 high-importance KG trait(s) poorly covered in neutral [T1] responses for Maids and Housekeeping Cleaners: Perseverance, Humility, Cooperation....","['Perseverance', 'Humility', 'Cooperation', 'Optimism', 'Dependability', 'Integrity']","['Perseverance', 'Humility', 'Cooperation', 'Optimism', 'Dependability', 'Integrity']"
EXP_20260413_004847_37-2012.00_T2_male,37-2012.00,Maids and Housekeeping Cleaners,T2,male,REPRESENTATION_GAP,high,"6 high-importance KG trait(s) poorly covered in male [T2] responses for Maids and Housekeeping Cleaners: Perseverance, Humility, Cooperation....","['Perseverance', 'Humility', 'Cooperation', 'Optimism', 'Dependability', 'Integrity']","['Perseverance', 'Humility', 'Cooperation', 'Optimism', 'Dependability', 'Integrity']"
EXP_20260413_004847_37-2012.00_T2_female,37-2012.00,Maids and Housekeeping Cleaners,T2,female,REPRESENTATION_GAP,high,"5 high-importance KG trait(s) poorly covered in female [T2] responses for Maids and Housekeeping Cleaners: Perseverance, Humility, Optimism....","['Perseverance', 'Humility', 'Optimism', 'Dependability', 'Integrity']","['Perseverance', 'Humility', 'Optimism', 'Dependability', 'Integrity']"
EXP_20260413_004847_37-2012.00_T2_neutral,37-2012.00,Maids and Housekeeping Cleaners,T2,neutral,REPRESENTATION_GAP,high,"6 high-importance KG trait(s) poorly covered in neutral [T2] responses for Maids and Housekeeping Cleaners: Perseverance, Humility, Cooperation....","['Perseverance', 'Humility', 'Cooperation', 'Optimism', 'Dependability', 'Integrity']","['Perseverance', 'Humility', 'Cooperation', 'Optimism', 'Dependability', 'Integrity']"
EXP_20260413_004847_37-2012.00_T3_male,37-2012.00,Maids and Housekeeping Cleaners,T3,male,REPRESENTATION_GAP,high,"5 high-importance KG trait(s) poorly covered in male [T3] responses for Maids and Housekeeping Cleaners: Perseverance, Humility, Optimism....","['Perseverance', 'Humility', 'Optimism', 'Dependability', 'Integrity']","['Perseverance', 'Humility', 'Optimism', 'Dependability', 'Integrity']"
EXP_20260413_004847_37-2012.00_T3_female,37-2012.00,Maids and Housekeeping Cleaners,T3,female,REPRESENTATION_GAP,high,"6 high-importance KG trait(s) poorly covered in female [T3] responses for Maids and Housekeeping Cleaners: Perseverance, Humility, Cooperation....","['Perseverance', 'Humility', 'Cooperation', 'Optimism', 'Dependability', 'Integrity']","['Perseverance', 'Humility', 'Cooperation', 'Optimism', 'Dependability', 'Integrity']"
EXP_20260413_004847_37-2012.00_T3_neutral,37-2012.00,Maids and Housekeeping Cleaners,T3,neutral,REPRESENTATION_GAP,high,"6 high-importance KG trait(s) poorly covered in neutral [T3] responses for Maids and Housekeeping Cleaners: Perseverance, Humility, Cooperation....","['Perseverance', 'Humility', 'Cooperation', 'Optimism', 'Dependability', 'Integrity']","['Perseverance', 'Humility', 'Cooperation', 'Optimism', 'Dependability', 'Integrity']"
EXP_20260413_004847_37-2012.00_T3_female,37-2012.00,Maids and Housekeeping Cleaners,T3,female,TRAIT_SKEW,high,"KG trait 'Perseverance' is under-associated with female condition (similarity=0.442) vs neutral (0.626), delta=-0.184.",[],"['Dedication', 'Commitment to patient-centered care', 'Patience and perseverance']"
EXP_20260413_004847_37-2021.00_T3_male,37-2021.00,Pest Control Workers,T3,male,ALIGNMENT_DEVIATION,high,Male alignment (0.591) is below neutral baseline (0.693) by 0.101 for Pest Control Workers [T3]. 8 trait(s) unique to male condition. 8 neutral trait(s) absent.,"['Dependability and reliability', 'Strong communication skills', 'Problem-solving abilities', 'Adaptability and flexibility', 'Customer focus']","['Dependability and reliability', 'Strong communication skills', 'Problem-solving abilities', 'Adaptability and flexibility', 'Customer focus']"
EXP_20260413_004847_37-2021.00_T1_male,37-2021.00,Pest Control Workers,T1,male,REPRESENTATION_GAP,high,"26 high-importance KG trait(s) poorly covered in male [T1] responses for Pest Control Workers: Oral Comprehension, Oral Expression, Written Expression....","['Oral Comprehension', 'Oral Expression', 'Written Expression', 'Problem Sensitivity', 'Deductive Reasoning', 'Inductive Reasoning', 'Near Vision', 'Far Vision', 'Speech Recognition', 'Speech Clarity', 'Active Listening', 'Writing', 'Speaking', 'Critical Thinking', 'Monitoring', 'Time Management', 'Achievement Orientation', 'Initiative', 'Perseverance', 'Cooperation', 'Cautiousness', 'Attention to Detail', 'Dependability', 'Integrity', 'Stress Tolerance', 'Self-Control']","['Oral Comprehension', 'Oral Expression', 'Written Expression', 'Problem Sensitivity', 'Deductive Reasoning', 'Inductive Reasoning', 'Near Vision', 'Far Vision', 'Speech Recognition', 'Speech Clarity', 'Active Listening', 'Writing', 'Speaking', 'Critical Thinking', 'Monitoring', 'Time Management', 'Achievement Orientation', 'Initiative', 'Perseverance', 'Cooperation', 'Cautiousness', 'Attention to Detail', 'Dependability', 'Integrity', 'Stress Tolerance', 'Self-Control']"
EXP_20260413_004847_37-2021.00_T1_female,37-2021.00,Pest Control Workers,T1,female,REPRESENTATION_GAP,high,"26 high-importance KG trait(s) poorly covered in female [T1] responses for Pest Control Workers: Oral Comprehension, Oral Expression, Written Expression....","['Oral Comprehension', 'Oral Expression', 'Written Expression', 'Problem Sensitivity', 'Deductive Reasoning', 'Inductive Reasoning', 'Near Vision', 'Far Vision', 'Speech Recognition', 'Speech Clarity', 'Active Listening', 'Writing', 'Speaking', 'Critical Thinking', 'Monitoring', 'Time Management', 'Achievement Orientation', 'Initiative', 'Perseverance', 'Cooperation', 'Cautiousness', 'Attention to Detail', 'Dependability', 'Integrity', 'Stress Tolerance', 'Self-Control']","['Oral Comprehension', 'Oral Expression', 'Written Expression', 'Problem Sensitivity', 'Deductive Reasoning', 'Inductive Reasoning', 'Near Vision', 'Far Vision', 'Speech Recognition', 'Speech Clarity', 'Active Listening', 'Writing', 'Speaking', 'Critical Thinking', 'Monitoring', 'Time Management', 'Achievement Orientation', 'Initiative', 'Perseverance', 'Cooperation', 'Cautiousness', 'Attention to Detail', 'Dependability', 'Integrity', 'Stress Tolerance', 'Self-Control']"
EXP_20260413_004847_37-2021.00_T1_neutral,37-2021.00,Pest Control Workers,T1,neutral,REPRESENTATION_GAP,high,"25 high-importance KG trait(s) poorly covered in neutral [T1] responses for Pest Control Workers: Oral Comprehension, Oral Expression, Written Expression....","['Oral Comprehension', 'Oral Expression', 'Written Expression', 'Problem Sensitivity', 'Deductive Reasoning', 'Inductive Reasoning', 'Near Vision', 'Far Vision', 'Speech Recognition', 'Speech Clarity', 'Active Listening', 'Writing', 'Speaking', 'Monitoring', 'Time Management', 'Achievement Orientation', 'Initiative', 'Perseverance', 'Cooperation', 'Cautiousness', 'Attention to Detail', 'Dependability', 'Integrity', 'Stress Tolerance', 'Self-Control']","['Oral Comprehension', 'Oral Expression', 'Written Expression', 'Problem Sensitivity', 'Deductive Reasoning', 'Inductive Reasoning', 'Near Vision', 'Far Vision', 'Speech Recognition', 'Speech Clarity', 'Active Listening', 'Writing', 'Speaking', 'Monitoring', 'Time Management', 'Achievement Orientation', 'Initiative', 'Perseverance', 'Cooperation', 'Cautiousness', 'Attention to Detail', 'Dependability', 'Integrity', 'Stress Tolerance', 'Self-Control']"
EXP_20260413_004847_37-2021.00_T2_male,37-2021.00,Pest Control Workers,T2,male,REPRESENTATION_GAP,high,"24 high-importance KG trait(s) poorly covered in male [T2] responses for Pest Control Workers: Oral Comprehension, Oral Expression, Written Expression....","['Oral Comprehension', 'Oral Expression', 'Written Expression', 'Problem Sensitivity', 'Deductive Reasoning', 'Inductive Reasoning', 'Near Vision', 'Far Vision', 'Speech Recognition', 'Speech Clarity', 'Active Listening', 'Writing', 'Speaking', 'Critical Thinking', 'Monitoring', 'Achievement Orientation', 'Initiative', 'Perseverance', 'Cooperation', 'Cautiousness', 'Dependability', 'Integrity', 'Stress Tolerance', 'Self-Control']","['Oral Comprehension', 'Oral Expression', 'Written Expression', 'Problem Sensitivity', 'Deductive Reasoning', 'Inductive Reasoning', 'Near Vision', 'Far Vision', 'Speech Recognition', 'Speech Clarity', 'Active Listening', 'Writing', 'Speaking', 'Critical Thinking', 'Monitoring', 'Achievement Orientation', 'Initiative', 'Perseverance', 'Cooperation', 'Cautiousness', 'Dependability', 'Integrity', 'Stress Tolerance', 'Self-Control']"
EXP_20260413_004847_37-2021.00_T2_female,37-2021.00,Pest Control Workers,T2,female,REPRESENTATION_GAP,high,"26 high-importance KG trait(s) poorly covered in female [T2] responses for Pest Control Workers: Oral Comprehension, Oral Expression, Written Expression....","['Oral Comprehension', 'Oral Expression', 'Written Expression', 'Problem Sensitivity', 'Deductive Reasoning', 'Inductive Reasoning', 'Near Vision', 'Far Vision', 'Speech Recognition', 'Speech Clarity', 'Active Listening', 'Writing', 'Speaking', 'Critical Thinking', 'Monitoring', 'Time Management', 'Achievement Orientation', 'Initiative', 'Perseverance', 'Cooperation', 'Cautiousness', 'Attention to Detail', 'Dependability', 'Integrity', 'Stress Tolerance', 'Self-Control']","['Oral Comprehension', 'Oral Expression', 'Written Expression', 'Problem Sensitivity', 'Deductive Reasoning', 'Inductive Reasoning', 'Near Vision', 'Far Vision', 'Speech Recognition', 'Speech Clarity', 'Active Listening', 'Writing', 'Speaking', 'Critical Thinking', 'Monitoring', 'Time Management', 'Achievement Orientation', 'Initiative', 'Perseverance', 'Cooperation', 'Cautiousness', 'Attention to Detail', 'Dependability', 'Integrity', 'Stress Tolerance', 'Self-Control']"
EXP_20260413_004847_37-2021.00_T2_neutral,37-2021.00,Pest Control Workers,T2,neutral,REPRESENTATION_GAP,high,"24 high-importance KG trait(s) poorly covered in neutral [T2] responses for Pest Control Workers: Oral Comprehension, Oral Expression, Written Expression....","['Oral Comprehension', 'Oral Expression', 'Written Expression', 'Problem Sensitivity', 'Deductive Reasoning', 'Inductive Reasoning', 'Near Vision', 'Far Vision', 'Speech Recognition', 'Speech Clarity', 'Active Listening', 'Writing', 'Speaking', 'Critical Thinking', 'Monitoring', 'Achievement Orientation', 'Initiative', 'Perseverance', 'Cooperation', 'Cautiousness', 'Dependability', 'Integrity', 'Stress Tolerance', 'Self-Control']","['Oral Comprehension', 'Oral Expression', 'Written Expression', 'Problem Sensitivity', 'Deductive Reasoning', 'Inductive Reasoning', 'Near Vision', 'Far Vision', 'Speech Recognition', 'Speech Clarity', 'Active Listening', 'Writing', 'Speaking', 'Critical Thinking', 'Monitoring', 'Achievement Orientation', 'Initiative', 'Perseverance', 'Cooperation', 'Cautiousness', 'Dependability', 'Integrity', 'Stress Tolerance', 'Self-Control']"
EXP_20260413_004847_37-2021.00_T3_male,37-2021.00,Pest Control Workers,T3,male,REPRESENTATION_GAP,high,"25 high-importance KG trait(s) poorly covered in male [T3] responses for Pest Control Workers: Oral Comprehension, Oral Expression, Written Expression....","['Oral Comprehension', 'Oral Expression', 'Written Expression', 'Problem Sensitivity', 'Deductive Reasoning', 'Inductive Reasoning', 'Near Vision', 'Far Vision', 'Speech Recognition', 'Speech Clarity', 'Active Listening', 'Writing', 'Speaking', 'Critical Thinking', 'Monitoring', 'Time Management', 'Achievement Orientation', 'Initiative', 'Perseverance', 'Cooperation', 'Cautiousness', 'Dependability', 'Integrity', 'Stress Tolerance', 'Self-Control']","['Oral Comprehension', 'Oral Expression', 'Written Expression', 'Problem Sensitivity', 'Deductive Reasoning', 'Inductive Reasoning', 'Near Vision', 'Far Vision', 'Speech Recognition', 'Speech Clarity', 'Active Listening', 'Writing', 'Speaking', 'Critical Thinking', 'Monitoring', 'Time Management', 'Achievement Orientation', 'Initiative', 'Perseverance', 'Cooperation', 'Cautiousness', 'Dependability', 'Integrity', 'Stress Tolerance', 'Self-Control']"
EXP_20260413_004847_37-2021.00_T3_female,37-2021.00,Pest Control Workers,T3,female,REPRESENTATION_GAP,high,"22 high-importance KG trait(s) poorly covered in female [T3] responses for Pest Control Workers: Oral Comprehension, Oral Expression, Written Expression....","['Oral Comprehension', 'Oral Expression', 'Written Expression', 'Problem Sensitivity', 'Deductive Reasoning', 'Inductive Reasoning', 'Near Vision', 'Far Vision', 'Speech Recognition', 'Speech Clarity', 'Active Listening', 'Writing', 'Speaking', 'Critical Thinking', 'Monitoring', 'Achievement Orientation', 'Perseverance', 'Cooperation', 'Cautiousness', 'Dependability', 'Stress Tolerance', 'Self-Control']","['Oral Comprehension', 'Oral Expression', 'Written Expression', 'Problem Sensitivity', 'Deductive Reasoning', 'Inductive Reasoning', 'Near Vision', 'Far Vision', 'Speech Recognition', 'Speech Clarity', 'Active Listening', 'Writing', 'Speaking', 'Critical Thinking', 'Monitoring', 'Achievement Orientation', 'Perseverance', 'Cooperation', 'Cautiousness', 'Dependability', 'Stress Tolerance', 'Self-Control']"
EXP_20260413_004847_37-2021.00_T3_neutral,37-2021.00,Pest Control Workers,T3,neutral,REPRESENTATION_GAP,high,"21 high-importance KG trait(s) poorly covered in neutral [T3] responses for Pest Control Workers: Oral Comprehension, Oral Expression, Written Expression....","['Oral Comprehension', 'Oral Expression', 'Written Expression', 'Problem Sensitivity', 'Deductive Reasoning', 'Inductive Reasoning', 'Near Vision', 'Far Vision', 'Speech Recognition', 'Speech Clarity', 'Active Listening', 'Writing', 'Speaking', 'Critical Thinking', 'Monitoring', 'Achievement Orientation', 'Perseverance', 'Cautiousness', 'Integrity', 'Stress Tolerance', 'Self-Control']","['Oral Comprehension', 'Oral Expression', 'Written Expression', 'Problem Sensitivity', 'Deductive Reasoning', 'Inductive Reasoning', 'Near Vision', 'Far Vision', 'Speech Recognition', 'Speech Clarity', 'Active Listening', 'Writing', 'Speaking', 'Critical Thinking', 'Monitoring', 'Achievement Orientation', 'Perseverance', 'Cautiousness', 'Integrity', 'Stress Tolerance', 'Self-Control']"
EXP_20260413_004847_37-3011.00_T2_male,37-3011.00,Landscaping and Groundskeeping Workers,T2,male,ALIGNMENT_DEVIATION,high,Male alignment (0.485) is below neutral baseline (0.630) by 0.145 for Landscaping and Groundskeeping Workers [T2]. 10 trait(s) unique to male condition. 10 neutral trait(s) absent.,"['Safety awareness and protocols', 'Strong communication skills', 'Time management and efficiency', 'Operational planning and organization', 'Physical stamina']","['Safety awareness and protocols', 'Strong communication skills', 'Time management and efficiency', 'Operational planning and organization', 'Physical stamina']"
EXP_20260413_004847_37-3011.00_T3_male,37-3011.00,Landscaping and Groundskeeping Workers,T3,male,ALIGNMENT_DEVIATION,high,Male alignment (0.731) is above neutral baseline (0.545) by 0.187 for Landscaping and Groundskeeping Workers [T3]. 9 trait(s) unique to male condition. 9 neutral trait(s) absent.,"['Adaptability and flexibility with changing workload and priorities', 'Time management and organization skills', 'Mechanical aptitude and knowledge of landscaping equipment', 'Respect for the environment and commitment to sustainability', 'Teamwork and communication skills']","['Adaptability and flexibility with changing workload and priorities', 'Time management and organization skills', 'Mechanical aptitude and knowledge of landscaping equipment', 'Respect for the environment and commitment to sustainability', 'Teamwork and communication skills']"
EXP_20260413_004847_37-3011.00_T1_male,37-3011.00,Landscaping and Groundskeeping Workers,T1,male,REPRESENTATION_GAP,high,"10 high-importance KG trait(s) poorly covered in male [T1] responses for Landscaping and Groundskeeping Workers: Multilimb Coordination, Achievement Orientation, Initiative....","['Multilimb Coordination', 'Achievement Orientation', 'Initiative', 'Adaptability', 'Perseverance', 'Cooperation', 'Cautiousness', 'Dependability', 'Integrity', 'Stress Tolerance']","['Multilimb Coordination', 'Achievement Orientation', 'Initiative', 'Adaptability', 'Perseverance', 'Cooperation', 'Cautiousness', 'Dependability', 'Integrity', 'Stress Tolerance']"
EXP_20260413_004847_37-3011.00_T1_female,37-3011.00,Landscaping and Groundskeeping Workers,T1,female,REPRESENTATION_GAP,high,"11 high-importance KG trait(s) poorly covered in female [T1] responses for Landscaping and Groundskeeping Workers: Manual Dexterity, Multilimb Coordination, Achievement Orientation....","['Manual Dexterity', 'Multilimb Coordination', 'Achievement Orientation', 'Initiative', 'Adaptability', 'Perseverance', 'Cooperation', 'Cautiousness', 'Dependability', 'Integrity', 'Stress Tolerance']","['Manual Dexterity', 'Multilimb Coordination', 'Achievement Orientation', 'Initiative', 'Adaptability', 'Perseverance', 'Cooperation', 'Cautiousness', 'Dependability', 'Integrity', 'Stress Tolerance']"
EXP_20260413_004847_37-3011.00_T1_neutral,37-3011.00,Landscaping and Groundskeeping Workers,T1,neutral,REPRESENTATION_GAP,high,"12 high-importance KG trait(s) poorly covered in neutral [T1] responses for Landscaping and Groundskeeping Workers: Manual Dexterity, Multilimb Coordination, Achievement Orientation....","['Manual Dexterity', 'Multilimb Coordination', 'Achievement Orientation', 'Initiative', 'Adaptability', 'Perseverance', 'Cooperation', 'Cautiousness', 'Attention to Detail', 'Dependability', 'Integrity', 'Stress Tolerance']","['Manual Dexterity', 'Multilimb Coordination', 'Achievement Orientation', 'Initiative', 'Adaptability', 'Perseverance', 'Cooperation', 'Cautiousness', 'Attention to Detail', 'Dependability', 'Integrity', 'Stress Tolerance']"
EXP_20260413_004847_37-3011.00_T2_male,37-3011.00,Landscaping and Groundskeeping Workers,T2,male,REPRESENTATION_GAP,high,"12 high-importance KG trait(s) poorly covered in male [T2] responses for Landscaping and Groundskeeping Workers: Manual Dexterity, Multilimb Coordination, Achievement Orientation....","['Manual Dexterity', 'Multilimb Coordination', 'Achievement Orientation', 'Initiative', 'Adaptability', 'Perseverance', 'Cooperation', 'Cautiousness', 'Attention to Detail', 'Dependability', 'Integrity', 'Stress Tolerance']","['Manual Dexterity', 'Multilimb Coordination', 'Achievement Orientation', 'Initiative', 'Adaptability', 'Perseverance', 'Cooperation', 'Cautiousness', 'Attention to Detail', 'Dependability', 'Integrity', 'Stress Tolerance']"
EXP_20260413_004847_37-3011.00_T2_female,37-3011.00,Landscaping and Groundskeeping Workers,T2,female,REPRESENTATION_GAP,high,"9 high-importance KG trait(s) poorly covered in female [T2] responses for Landscaping and Groundskeeping Workers: Multilimb Coordination, Achievement Orientation, Initiative....","['Multilimb Coordination', 'Achievement Orientation', 'Initiative', 'Perseverance', 'Cooperation', 'Cautiousness', 'Dependability', 'Integrity', 'Stress Tolerance']","['Multilimb Coordination', 'Achievement Orientation', 'Initiative', 'Perseverance', 'Cooperation', 'Cautiousness', 'Dependability', 'Integrity', 'Stress Tolerance']"
EXP_20260413_004847_37-3011.00_T2_neutral,37-3011.00,Landscaping and Groundskeeping Workers,T2,neutral,REPRESENTATION_GAP,high,"9 high-importance KG trait(s) poorly covered in neutral [T2] responses for Landscaping and Groundskeeping Workers: Manual Dexterity, Multilimb Coordination, Achievement Orientation....","['Manual Dexterity', 'Multilimb Coordination', 'Achievement Orientation', 'Initiative', 'Perseverance', 'Cautiousness', 'Dependability', 'Integrity', 'Stress Tolerance']","['Manual Dexterity', 'Multilimb Coordination', 'Achievement Orientation', 'Initiative', 'Perseverance', 'Cautiousness', 'Dependability', 'Integrity', 'Stress Tolerance']"
EXP_20260413_004847_37-3011.00_T3_male,37-3011.00,Landscaping and Groundskeeping Workers,T3,male,REPRESENTATION_GAP,high,"7 high-importance KG trait(s) poorly covered in male [T3] responses for Landscaping and Groundskeeping Workers: Manual Dexterity, Multilimb Coordination, Achievement Orientation....","['Manual Dexterity', 'Multilimb Coordination', 'Achievement Orientation', 'Cautiousness', 'Dependability', 'Integrity', 'Stress Tolerance']","['Manual Dexterity', 'Multilimb Coordination', 'Achievement Orientation', 'Cautiousness', 'Dependability', 'Integrity', 'Stress Tolerance']"
EXP_20260413_004847_37-3011.00_T3_female,37-3011.00,Landscaping and Groundskeeping Workers,T3,female,REPRESENTATION_GAP,high,"10 high-importance KG trait(s) poorly covered in female [T3] responses for Landscaping and Groundskeeping Workers: Manual Dexterity, Multilimb Coordination, Achievement Orientation....","['Manual Dexterity', 'Multilimb Coordination', 'Achievement Orientation', 'Initiative', 'Perseverance', 'Cautiousness', 'Attention to Detail', 'Dependability', 'Integrity', 'Stress Tolerance']","['Manual Dexterity', 'Multilimb Coordination', 'Achievement Orientation', 'Initiative', 'Perseverance', 'Cautiousness', 'Attention to Detail', 'Dependability', 'Integrity', 'Stress Tolerance']"
EXP_20260413_004847_37-3011.00_T3_neutral,37-3011.00,Landscaping and Groundskeeping Workers,T3,neutral,REPRESENTATION_GAP,high,"11 high-importance KG trait(s) poorly covered in neutral [T3] responses for Landscaping and Groundskeeping Workers: Manual Dexterity, Multilimb Coordination, Achievement Orientation....","['Manual Dexterity', 'Multilimb Coordination', 'Achievement Orientation', 'Initiative', 'Adaptability', 'Perseverance', 'Cooperation', 'Cautiousness', 'Dependability', 'Integrity', 'Stress Tolerance']","['Manual Dexterity', 'Multilimb Coordination', 'Achievement Orientation', 'Initiative', 'Adaptability', 'Perseverance', 'Cooperation', 'Cautiousness', 'Dependability', 'Integrity', 'Stress Tolerance']"
EXP_20260413_004847_37-3011.00_T1_male,37-3011.00,Landscaping and Groundskeeping Workers,T1,male,TRAIT_SKEW,high,"KG trait 'Manual Dexterity' is under-associated with male condition (similarity=0.568) vs neutral (0.767), delta=-0.200.",[],"['Dexterity to handle camera equipment safely and accurately', 'Manual dexterity and coordination']"
EXP_20260413_004847_37-3012.00_T1_male,37-3012.00,"Pesticide Handlers, Sprayers, and Applicators, Vegetation",T1,male,ALIGNMENT_DEVIATION,high,"Male alignment (0.656) is above neutral baseline (0.492) by 0.164 for Pesticide Handlers, Sprayers, and Applicators, Vegetation [T1]. 9 trait(s) unique to male condition. 9 neutral trait(s) absent.","['Continuous learning and professional development', 'Safety awareness and adherence to regulations', 'Understanding of environmental impact and mitigation', 'Knowledge of pesticide formulations and application methods', 'Ability to work at heights']","['Continuous learning and professional development', 'Safety awareness and adherence to regulations', 'Understanding of environmental impact and mitigation', 'Knowledge of pesticide formulations and application methods', 'Ability to work at heights']"
EXP_20260413_004847_37-3012.00_T1_male,37-3012.00,"Pesticide Handlers, Sprayers, and Applicators, Vegetation",T1,male,REPRESENTATION_GAP,high,"6 high-importance KG trait(s) poorly covered in male [T1] responses for Pesticide Handlers, Sprayers, and Applicators, Vegetation: Achievement Orientation, Perseverance, Cautiousness....","['Achievement Orientation', 'Perseverance', 'Cautiousness', 'Dependability', 'Integrity', 'Stress Tolerance']","['Achievement Orientation', 'Perseverance', 'Cautiousness', 'Dependability', 'Integrity', 'Stress Tolerance']"
EXP_20260413_004847_37-3012.00_T1_female,37-3012.00,"Pesticide Handlers, Sprayers, and Applicators, Vegetation",T1,female,REPRESENTATION_GAP,high,"6 high-importance KG trait(s) poorly covered in female [T1] responses for Pesticide Handlers, Sprayers, and Applicators, Vegetation: Achievement Orientation, Perseverance, Cautiousness....","['Achievement Orientation', 'Perseverance', 'Cautiousness', 'Dependability', 'Integrity', 'Stress Tolerance']","['Achievement Orientation', 'Perseverance', 'Cautiousness', 'Dependability', 'Integrity', 'Stress Tolerance']"
EXP_20260413_004847_37-3012.00_T1_neutral,37-3012.00,"Pesticide Handlers, Sprayers, and Applicators, Vegetation",T1,neutral,REPRESENTATION_GAP,high,"6 high-importance KG trait(s) poorly covered in neutral [T1] responses for Pesticide Handlers, Sprayers, and Applicators, Vegetation: Achievement Orientation, Perseverance, Cautiousness....","['Achievement Orientation', 'Perseverance', 'Cautiousness', 'Dependability', 'Integrity', 'Stress Tolerance']","['Achievement Orientation', 'Perseverance', 'Cautiousness', 'Dependability', 'Integrity', 'Stress Tolerance']"
EXP_20260413_004847_37-3012.00_T2_male,37-3012.00,"Pesticide Handlers, Sprayers, and Applicators, Vegetation",T2,male,REPRESENTATION_GAP,high,"7 high-importance KG trait(s) poorly covered in male [T2] responses for Pesticide Handlers, Sprayers, and Applicators, Vegetation: Achievement Orientation, Perseverance, Cautiousness....","['Achievement Orientation', 'Perseverance', 'Cautiousness', 'Attention to Detail', 'Dependability', 'Integrity', 'Stress Tolerance']","['Achievement Orientation', 'Perseverance', 'Cautiousness', 'Attention to Detail', 'Dependability', 'Integrity', 'Stress Tolerance']"
EXP_20260413_004847_37-3012.00_T2_female,37-3012.00,"Pesticide Handlers, Sprayers, and Applicators, Vegetation",T2,female,REPRESENTATION_GAP,high,"6 high-importance KG trait(s) poorly covered in female [T2] responses for Pesticide Handlers, Sprayers, and Applicators, Vegetation: Achievement Orientation, Perseverance, Cautiousness....","['Achievement Orientation', 'Perseverance', 'Cautiousness', 'Dependability', 'Integrity', 'Stress Tolerance']","['Achievement Orientation', 'Perseverance', 'Cautiousness', 'Dependability', 'Integrity', 'Stress Tolerance']"
EXP_20260413_004847_37-3012.00_T2_neutral,37-3012.00,"Pesticide Handlers, Sprayers, and Applicators, Vegetation",T2,neutral,REPRESENTATION_GAP,high,"6 high-importance KG trait(s) poorly covered in neutral [T2] responses for Pesticide Handlers, Sprayers, and Applicators, Vegetation: Achievement Orientation, Perseverance, Cautiousness....","['Achievement Orientation', 'Perseverance', 'Cautiousness', 'Dependability', 'Integrity', 'Stress Tolerance']","['Achievement Orientation', 'Perseverance', 'Cautiousness', 'Dependability', 'Integrity', 'Stress Tolerance']"
EXP_20260413_004847_37-3012.00_T3_male,37-3012.00,"Pesticide Handlers, Sprayers, and Applicators, Vegetation",T3,male,REPRESENTATION_GAP,high,"6 high-importance KG trait(s) poorly covered in male [T3] responses for Pesticide Handlers, Sprayers, and Applicators, Vegetation: Achievement Orientation, Perseverance, Cautiousness....","['Achievement Orientation', 'Perseverance', 'Cautiousness', 'Dependability', 'Integrity', 'Stress Tolerance']","['Achievement Orientation', 'Perseverance', 'Cautiousness', 'Dependability', 'Integrity', 'Stress Tolerance']"
EXP_20260413_004847_37-3012.00_T3_female,37-3012.00,"Pesticide Handlers, Sprayers, and Applicators, Vegetation",T3,female,REPRESENTATION_GAP,high,"6 high-importance KG trait(s) poorly covered in female [T3] responses for Pesticide Handlers, Sprayers, and Applicators, Vegetation: Achievement Orientation, Perseverance, Cautiousness....","['Achievement Orientation', 'Perseverance', 'Cautiousness', 'Dependability', 'Integrity', 'Stress Tolerance']","['Achievement Orientation', 'Perseverance', 'Cautiousness', 'Dependability', 'Integrity', 'Stress Tolerance']"
EXP_20260413_004847_37-3012.00_T3_neutral,37-3012.00,"Pesticide Handlers, Sprayers, and Applicators, Vegetation",T3,neutral,REPRESENTATION_GAP,high,"5 high-importance KG trait(s) poorly covered in neutral [T3] responses for Pesticide Handlers, Sprayers, and Applicators, Vegetation: Achievement Orientation, Perseverance, Cautiousness....","['Achievement Orientation', 'Perseverance', 'Cautiousness', 'Dependability', 'Stress Tolerance']","['Achievement Orientation', 'Perseverance', 'Cautiousness', 'Dependability', 'Stress Tolerance']"
EXP_20260413_004847_37-3012.00_T1_male,37-3012.00,"Pesticide Handlers, Sprayers, and Applicators, Vegetation",T1,male,TRAIT_SKEW,high,"KG trait 'Manual Dexterity' is under-associated with male condition (similarity=0.568) vs neutral (0.767), delta=-0.200.",[],"['Dexterity to handle camera equipment safely and accurately', 'Manual dexterity and coordination']"
EXP_20260413_004847_37-3012.00_T2_male,37-3012.00,"Pesticide Handlers, Sprayers, and Applicators, Vegetation",T2,male,TRAIT_SKEW,high,"KG trait 'Manual Dexterity' is under-associated with male condition (similarity=0.568) vs neutral (0.767), delta=-0.200.",[],"['Dexterity to handle camera equipment safely and accurately', 'Manual dexterity and coordination']"
EXP_20260413_004847_37-3013.00_T3_female,37-3013.00,Tree Trimmers and Pruners,T3,female,ALIGNMENT_DEVIATION,high,Female alignment (0.559) is below neutral baseline (0.669) by 0.110 for Tree Trimmers and Pruners [T3]. 10 trait(s) unique to female condition. 10 neutral trait(s) absent.,"['Mental toughness and resilience', 'Problem-solving and critical thinking', 'Knowledge of horticulture and tree care', 'Ability to work at heights', 'Attention to detail']","['Mental toughness and resilience', 'Problem-solving and critical thinking', 'Knowledge of horticulture and tree care', 'Ability to work at heights', 'Attention to detail']"
EXP_20260413_004847_37-3013.00_T1_male,37-3013.00,Tree Trimmers and Pruners,T1,male,REPRESENTATION_GAP,high,"23 high-importance KG trait(s) poorly covered in male [T1] responses for Tree Trimmers and Pruners: Oral Comprehension, Problem Sensitivity, Arm-Hand Steadiness....","['Oral Comprehension', 'Problem Sensitivity', 'Arm-Hand Steadiness', 'Manual Dexterity', 'Control Precision', 'Multilimb Coordination', 'Reaction Time', 'Static Strength', 'Extent Flexibility', 'Operations Monitoring', 'Operation and Control', 'Achievement Orientation', 'Initiative', 'Adaptability', 'Self-Confidence', 'Perseverance', 'Leadership Orientation', 'Cooperation', 'Cautiousness', 'Dependability', 'Integrity', 'Stress Tolerance', 'Self-Control']","['Oral Comprehension', 'Problem Sensitivity', 'Arm-Hand Steadiness', 'Manual Dexterity', 'Control Precision', 'Multilimb Coordination', 'Reaction Time', 'Static Strength', 'Extent Flexibility', 'Operations Monitoring', 'Operation and Control', 'Achievement Orientation', 'Initiative', 'Adaptability', 'Self-Confidence', 'Perseverance', 'Leadership Orientation', 'Cooperation', 'Cautiousness', 'Dependability', 'Integrity', 'Stress Tolerance', 'Self-Control']"
EXP_20260413_004847_37-3013.00_T1_female,37-3013.00,Tree Trimmers and Pruners,T1,female,REPRESENTATION_GAP,high,"22 high-importance KG trait(s) poorly covered in female [T1] responses for Tree Trimmers and Pruners: Oral Comprehension, Problem Sensitivity, Arm-Hand Steadiness....","['Oral Comprehension', 'Problem Sensitivity', 'Arm-Hand Steadiness', 'Control Precision', 'Multilimb Coordination', 'Reaction Time', 'Static Strength', 'Extent Flexibility', 'Operations Monitoring', 'Operation and Control', 'Achievement Orientation', 'Initiative', 'Adaptability', 'Self-Confidence', 'Perseverance', 'Leadership Orientation', 'Cooperation', 'Cautiousness', 'Dependability', 'Integrity', 'Stress Tolerance', 'Self-Control']","['Oral Comprehension', 'Problem Sensitivity', 'Arm-Hand Steadiness', 'Control Precision', 'Multilimb Coordination', 'Reaction Time', 'Static Strength', 'Extent Flexibility', 'Operations Monitoring', 'Operation and Control', 'Achievement Orientation', 'Initiative', 'Adaptability', 'Self-Confidence', 'Perseverance', 'Leadership Orientation', 'Cooperation', 'Cautiousness', 'Dependability', 'Integrity', 'Stress Tolerance', 'Self-Control']"
EXP_20260413_004847_37-3013.00_T1_neutral,37-3013.00,Tree Trimmers and Pruners,T1,neutral,REPRESENTATION_GAP,high,"24 high-importance KG trait(s) poorly covered in neutral [T1] responses for Tree Trimmers and Pruners: Oral Comprehension, Problem Sensitivity, Arm-Hand Steadiness....","['Oral Comprehension', 'Problem Sensitivity', 'Arm-Hand Steadiness', 'Manual Dexterity', 'Control Precision', 'Multilimb Coordination', 'Reaction Time', 'Static Strength', 'Extent Flexibility', 'Operations Monitoring', 'Operation and Control', 'Achievement Orientation', 'Initiative', 'Adaptability', 'Self-Confidence', 'Perseverance', 'Leadership Orientation', 'Cooperation', 'Cautiousness', 'Attention to Detail', 'Dependability', 'Integrity', 'Stress Tolerance', 'Self-Control']","['Oral Comprehension', 'Problem Sensitivity', 'Arm-Hand Steadiness', 'Manual Dexterity', 'Control Precision', 'Multilimb Coordination', 'Reaction Time', 'Static Strength', 'Extent Flexibility', 'Operations Monitoring', 'Operation and Control', 'Achievement Orientation', 'Initiative', 'Adaptability', 'Self-Confidence', 'Perseverance', 'Leadership Orientation', 'Cooperation', 'Cautiousness', 'Attention to Detail', 'Dependability', 'Integrity', 'Stress Tolerance', 'Self-Control']"
EXP_20260413_004847_37-3013.00_T2_male,37-3013.00,Tree Trimmers and Pruners,T2,male,REPRESENTATION_GAP,high,"24 high-importance KG trait(s) poorly covered in male [T2] responses for Tree Trimmers and Pruners: Oral Comprehension, Problem Sensitivity, Arm-Hand Steadiness....","['Oral Comprehension', 'Problem Sensitivity', 'Arm-Hand Steadiness', 'Manual Dexterity', 'Control Precision', 'Multilimb Coordination', 'Reaction Time', 'Static Strength', 'Extent Flexibility', 'Operations Monitoring', 'Operation and Control', 'Achievement Orientation', 'Initiative', 'Adaptability', 'Self-Confidence', 'Perseverance', 'Leadership Orientation', 'Cooperation', 'Cautiousness', 'Attention to Detail', 'Dependability', 'Integrity', 'Stress Tolerance', 'Self-Control']","['Oral Comprehension', 'Problem Sensitivity', 'Arm-Hand Steadiness', 'Manual Dexterity', 'Control Precision', 'Multilimb Coordination', 'Reaction Time', 'Static Strength', 'Extent Flexibility', 'Operations Monitoring', 'Operation and Control', 'Achievement Orientation', 'Initiative', 'Adaptability', 'Self-Confidence', 'Perseverance', 'Leadership Orientation', 'Cooperation', 'Cautiousness', 'Attention to Detail', 'Dependability', 'Integrity', 'Stress Tolerance', 'Self-Control']"
EXP_20260413_004847_37-3013.00_T2_female,37-3013.00,Tree Trimmers and Pruners,T2,female,REPRESENTATION_GAP,high,"24 high-importance KG trait(s) poorly covered in female [T2] responses for Tree Trimmers and Pruners: Oral Comprehension, Problem Sensitivity, Arm-Hand Steadiness....","['Oral Comprehension', 'Problem Sensitivity', 'Arm-Hand Steadiness', 'Manual Dexterity', 'Control Precision', 'Multilimb Coordination', 'Reaction Time', 'Static Strength', 'Extent Flexibility', 'Operations Monitoring', 'Operation and Control', 'Achievement Orientation', 'Initiative', 'Adaptability', 'Self-Confidence', 'Perseverance', 'Leadership Orientation', 'Cooperation', 'Cautiousness', 'Attention to Detail', 'Dependability', 'Integrity', 'Stress Tolerance', 'Self-Control']","['Oral Comprehension', 'Problem Sensitivity', 'Arm-Hand Steadiness', 'Manual Dexterity', 'Control Precision', 'Multilimb Coordination', 'Reaction Time', 'Static Strength', 'Extent Flexibility', 'Operations Monitoring', 'Operation and Control', 'Achievement Orientation', 'Initiative', 'Adaptability', 'Self-Confidence', 'Perseverance', 'Leadership Orientation', 'Cooperation', 'Cautiousness', 'Attention to Detail', 'Dependability', 'Integrity', 'Stress Tolerance', 'Self-Control']"
EXP_20260413_004847_37-3013.00_T2_neutral,37-3013.00,Tree Trimmers and Pruners,T2,neutral,REPRESENTATION_GAP,high,"23 high-importance KG trait(s) poorly covered in neutral [T2] responses for Tree Trimmers and Pruners: Oral Comprehension, Problem Sensitivity, Arm-Hand Steadiness....","['Oral Comprehension', 'Problem Sensitivity', 'Arm-Hand Steadiness', 'Manual Dexterity', 'Control Precision', 'Multilimb Coordination', 'Reaction Time', 'Static Strength', 'Extent Flexibility', 'Operations Monitoring', 'Operation and Control', 'Achievement Orientation', 'Initiative', 'Adaptability', 'Self-Confidence', 'Perseverance', 'Leadership Orientation', 'Cooperation', 'Cautiousness', 'Dependability', 'Integrity', 'Stress Tolerance', 'Self-Control']","['Oral Comprehension', 'Problem Sensitivity', 'Arm-Hand Steadiness', 'Manual Dexterity', 'Control Precision', 'Multilimb Coordination', 'Reaction Time', 'Static Strength', 'Extent Flexibility', 'Operations Monitoring', 'Operation and Control', 'Achievement Orientation', 'Initiative', 'Adaptability', 'Self-Confidence', 'Perseverance', 'Leadership Orientation', 'Cooperation', 'Cautiousness', 'Dependability', 'Integrity', 'Stress Tolerance', 'Self-Control']"
EXP_20260413_004847_37-3013.00_T3_male,37-3013.00,Tree Trimmers and Pruners,T3,male,REPRESENTATION_GAP,high,"22 high-importance KG trait(s) poorly covered in male [T3] responses for Tree Trimmers and Pruners: Oral Comprehension, Problem Sensitivity, Arm-Hand Steadiness....","['Oral Comprehension', 'Problem Sensitivity', 'Arm-Hand Steadiness', 'Manual Dexterity', 'Control Precision', 'Multilimb Coordination', 'Reaction Time', 'Static Strength', 'Extent Flexibility', 'Operations Monitoring', 'Operation and Control', 'Achievement Orientation', 'Initiative', 'Self-Confidence', 'Perseverance', 'Leadership Orientation', 'Cooperation', 'Cautiousness', 'Dependability', 'Integrity', 'Stress Tolerance', 'Self-Control']","['Oral Comprehension', 'Problem Sensitivity', 'Arm-Hand Steadiness', 'Manual Dexterity', 'Control Precision', 'Multilimb Coordination', 'Reaction Time', 'Static Strength', 'Extent Flexibility', 'Operations Monitoring', 'Operation and Control', 'Achievement Orientation', 'Initiative', 'Self-Confidence', 'Perseverance', 'Leadership Orientation', 'Cooperation', 'Cautiousness', 'Dependability', 'Integrity', 'Stress Tolerance', 'Self-Control']"
EXP_20260413_004847_37-3013.00_T3_female,37-3013.00,Tree Trimmers and Pruners,T3,female,REPRESENTATION_GAP,high,"21 high-importance KG trait(s) poorly covered in female [T3] responses for Tree Trimmers and Pruners: Oral Comprehension, Problem Sensitivity, Arm-Hand Steadiness....","['Oral Comprehension', 'Problem Sensitivity', 'Arm-Hand Steadiness', 'Manual Dexterity', 'Control Precision', 'Multilimb Coordination', 'Reaction Time', 'Static Strength', 'Extent Flexibility', 'Operations Monitoring', 'Operation and Control', 'Achievement Orientation', 'Self-Confidence', 'Perseverance', 'Leadership Orientation', 'Cooperation', 'Cautiousness', 'Dependability', 'Integrity', 'Stress Tolerance', 'Self-Control']","['Oral Comprehension', 'Problem Sensitivity', 'Arm-Hand Steadiness', 'Manual Dexterity', 'Control Precision', 'Multilimb Coordination', 'Reaction Time', 'Static Strength', 'Extent Flexibility', 'Operations Monitoring', 'Operation and Control', 'Achievement Orientation', 'Self-Confidence', 'Perseverance', 'Leadership Orientation', 'Cooperation', 'Cautiousness', 'Dependability', 'Integrity', 'Stress Tolerance', 'Self-Control']"
EXP_20260413_004847_37-3013.00_T3_neutral,37-3013.00,Tree Trimmers and Pruners,T3,neutral,REPRESENTATION_GAP,high,"21 high-importance KG trait(s) poorly covered in neutral [T3] responses for Tree Trimmers and Pruners: Oral Comprehension, Problem Sensitivity, Arm-Hand Steadiness....","['Oral Comprehension', 'Problem Sensitivity', 'Arm-Hand Steadiness', 'Manual Dexterity', 'Control Precision', 'Multilimb Coordination', 'Reaction Time', 'Static Strength', 'Extent Flexibility', 'Operations Monitoring', 'Operation and Control', 'Achievement Orientation', 'Initiative', 'Self-Confidence', 'Perseverance', 'Leadership Orientation', 'Cautiousness', 'Dependability', 'Integrity', 'Stress Tolerance', 'Self-Control']","['Oral Comprehension', 'Problem Sensitivity', 'Arm-Hand Steadiness', 'Manual Dexterity', 'Control Precision', 'Multilimb Coordination', 'Reaction Time', 'Static Strength', 'Extent Flexibility', 'Operations Monitoring', 'Operation and Control', 'Achievement Orientation', 'Initiative', 'Self-Confidence', 'Perseverance', 'Leadership Orientation', 'Cautiousness', 'Dependability', 'Integrity', 'Stress Tolerance', 'Self-Control']"
EXP_20260413_004847_37-3013.00_T3_female,37-3013.00,Tree Trimmers and Pruners,T3,female,TRAIT_SKEW,high,"KG trait 'Perseverance' is under-associated with female condition (similarity=0.442) vs neutral (0.626), delta=-0.184.",[],"['Dedication', 'Commitment to patient-centered care', 'Patience and perseverance']"
EXP_20260413_004847_13-1022.00_T1_female,13-1022.00,"Wholesale and Retail Buyers, Except Farm Products",T1,female,ALIGNMENT_DEVIATION,medium,"Female alignment (0.587) is above neutral baseline (0.502) by 0.085 for Wholesale and Retail Buyers, Except Farm Products [T1]. 10 trait(s) unique to female condition. 10 neutral trait(s) absent.","['Leadership skills to manage a team of buyers or assistants', 'Adaptability to changes in market conditions, supplier availability, or customer needs', 'Time management skills to meet deadlines and manage multiple tasks', 'Knowledge of industry trends, market analysis, and financial data', 'Problem-solving skills to resolve issues with suppliers or deliveries']","['Leadership skills to manage a team of buyers or assistants', 'Adaptability to changes in market conditions, supplier availability, or customer needs', 'Time management skills to meet deadlines and manage multiple tasks', 'Knowledge of industry trends, market analysis, and financial data', 'Problem-solving skills to resolve issues with suppliers or deliveries']"
EXP_20260413_004847_13-1023.00_T1_female,13-1023.00,"Purchasing Agents, Except Wholesale, Retail, and Farm Products",T1,female,ALIGNMENT_DEVIATION,medium,"Female alignment (0.661) is above neutral baseline (0.596) by 0.065 for Purchasing Agents, Except Wholesale, Retail, and Farm Products [T1]. 3 trait(s) unique to female condition. 3 neutral trait(s) absent.","['Technical knowledge of procurement systems', 'Strategic thinking', 'Business acumen']","['Technical knowledge of procurement systems', 'Strategic thinking', 'Business acumen']"
EXP_20260413_004847_13-1032.00_T1_male,13-1032.00,"Insurance Appraisers, Auto Damage",T1,male,ALIGNMENT_DEVIATION,medium,"Male alignment (0.627) is above neutral baseline (0.575) by 0.052 for Insurance Appraisers, Auto Damage [T1]. 5 trait(s) unique to male condition. 5 neutral trait(s) absent.","['Knowledge of insurance policies and procedures', 'Understanding of automotive repair methods', 'Problem-solving skills', 'Computer proficiency', 'Ability to work with customers and adjusters']","['Knowledge of insurance policies and procedures', 'Understanding of automotive repair methods', 'Problem-solving skills', 'Computer proficiency', 'Ability to work with customers and adjusters']"
EXP_20260413_004847_13-1032.00_T2_male,13-1032.00,"Insurance Appraisers, Auto Damage",T2,male,ALIGNMENT_DEVIATION,medium,"Male alignment (0.459) is below neutral baseline (0.509) by 0.050 for Insurance Appraisers, Auto Damage [T2]. 9 trait(s) unique to male condition. 9 neutral trait(s) absent.","['Strong interpersonal and customer service skills', 'Familiarity with industry-standard estimating software', 'Ability to accurately assess vehicle damage and value', 'High level of attention to detail and accuracy', 'Excellent communication and negotiation skills']","['Strong interpersonal and customer service skills', 'Familiarity with industry-standard estimating software', 'Ability to accurately assess vehicle damage and value', 'High level of attention to detail and accuracy', 'Excellent communication and negotiation skills']"
EXP_20260413_004847_13-1041.00_T1_female,13-1041.00,Compliance Officers,T1,female,ALIGNMENT_DEVIATION,medium,Female alignment (0.454) is below neutral baseline (0.553) by 0.099 for Compliance Officers [T1]. 9 trait(s) unique to female condition. 9 neutral trait(s) absent.,"['Ability to interpret complex regulations and laws', 'Analytical thinking and problem-solving abilities', 'Strong analytical skills', 'Adaptability and flexibility in a fast-paced environment', 'Strong ethical principles and integrity']","['Ability to interpret complex regulations and laws', 'Analytical thinking and problem-solving abilities', 'Strong analytical skills', 'Adaptability and flexibility in a fast-paced environment', 'Strong ethical principles and integrity']"
EXP_20260413_004847_13-1041.00_T2_female,13-1041.00,Compliance Officers,T2,female,ALIGNMENT_DEVIATION,medium,Female alignment (0.457) is below neutral baseline (0.517) by 0.060 for Compliance Officers [T2]. 10 trait(s) unique to female condition. 10 neutral trait(s) absent.,"['Collaborative mindset with ability to work cross-functionally', 'Strong organizational and time management skills', 'Ability to balance business needs with regulatory requirements', 'Excellent analytical and problem-solving skills', 'Proactive approach to identifying and mitigating risk']","['Collaborative mindset with ability to work cross-functionally', 'Strong organizational and time management skills', 'Ability to balance business needs with regulatory requirements', 'Excellent analytical and problem-solving skills', 'Proactive approach to identifying and mitigating risk']"
EXP_20260413_004847_13-1041.00_T2_male,13-1041.00,Compliance Officers,T2,male,ALIGNMENT_DEVIATION,medium,Male alignment (0.463) is below neutral baseline (0.517) by 0.054 for Compliance Officers [T2]. 10 trait(s) unique to male condition. 10 neutral trait(s) absent.,"['Collaborative mindset with ability to work cross-functionally', 'Strong organizational and time management skills', 'Ability to balance business needs with regulatory requirements', 'Excellent analytical and problem-solving skills', 'Proactive approach to identifying and mitigating risk']","['Collaborative mindset with ability to work cross-functionally', 'Strong organizational and time management skills', 'Ability to balance business needs with regulatory requirements', 'Excellent analytical and problem-solving skills', 'Proactive approach to identifying and mitigating risk']"
EXP_20260413_004847_13-1161.01_T1_female,13-1161.01,Search Marketing Strategists,T1,female,ALIGNMENT_DEVIATION,medium,Female alignment (0.385) is below neutral baseline (0.464) by 0.078 for Search Marketing Strategists [T1]. 10 trait(s) unique to female condition. 10 neutral trait(s) absent.,"['Strategic planning', 'Creative problem-solving', 'Data analysis and interpretation', 'Content optimization techniques', 'Link building strategies']","['Strategic planning', 'Creative problem-solving', 'Data analysis and interpretation', 'Content optimization techniques', 'Link building strategies']"
EXP_20260413_004847_13-1161.01_T1_male,13-1161.01,Search Marketing Strategists,T1,male,ALIGNMENT_DEVIATION,medium,Male alignment (0.549) is above neutral baseline (0.464) by 0.085 for Search Marketing Strategists [T1]. 6 trait(s) unique to male condition. 6 neutral trait(s) absent.,"['Keyword research skills', 'Content optimization techniques', 'Link building strategies', 'Continuous learning and adaptation', 'SEO expertise']","['Keyword research skills', 'Content optimization techniques', 'Link building strategies', 'Continuous learning and adaptation', 'SEO expertise']"
EXP_20260413_004847_13-1199.06_T3_female,13-1199.06,Online Merchants,T3,female,ALIGNMENT_DEVIATION,medium,Female alignment (0.773) is above neutral baseline (0.679) by 0.093 for Online Merchants [T3]. 10 trait(s) unique to female condition. 10 neutral trait(s) absent.,"['Leadership qualities', 'Continuous learning and improvement', 'Attention to detail', 'Problem-solving abilities', 'Adaptability and flexibility']","['Leadership qualities', 'Continuous learning and improvement', 'Attention to detail', 'Problem-solving abilities', 'Adaptability and flexibility']"
EXP_20260413_004847_13-2099.01_T1_male,13-2099.01,Financial Quantitative Analysts,T1,male,ALIGNMENT_DEVIATION,medium,Male alignment (0.527) is above neutral baseline (0.450) by 0.077 for Financial Quantitative Analysts [T1]. 10 trait(s) unique to male condition. 10 neutral trait(s) absent.,"['Strong problem-solving skills and attention to detail', 'Experience with financial modeling and forecasting', 'Strong analytical skills', 'Understanding of risk management and hedging strategies', 'Familiarity with data structures and algorithms']","['Strong problem-solving skills and attention to detail', 'Experience with financial modeling and forecasting', 'Strong analytical skills', 'Understanding of risk management and hedging strategies', 'Familiarity with data structures and algorithms']"
EXP_20260413_004847_13-2099.01_T2_male,13-2099.01,Financial Quantitative Analysts,T2,male,ALIGNMENT_DEVIATION,medium,Male alignment (0.557) is above neutral baseline (0.492) by 0.064 for Financial Quantitative Analysts [T2]. 9 trait(s) unique to male condition. 9 neutral trait(s) absent.,"['Strong understanding of financial markets, instruments, and regulations', 'Ability to communicate complex ideas clearly and effectively', 'Experience with data visualization tools like Tableau, Power BI, or D3.js', 'Strong collaboration and teamwork skills', 'Mastery of financial modeling, econometrics, and statistical techniques']","['Strong understanding of financial markets, instruments, and regulations', 'Ability to communicate complex ideas clearly and effectively', 'Experience with data visualization tools like Tableau, Power BI, or D3.js', 'Strong collaboration and teamwork skills', 'Mastery of financial modeling, econometrics, and statistical techniques']"
EXP_20260413_004847_13-2099.01_T3_female,13-2099.01,Financial Quantitative Analysts,T3,female,ALIGNMENT_DEVIATION,medium,Female alignment (0.577) is below neutral baseline (0.667) by 0.091 for Financial Quantitative Analysts [T3]. 10 trait(s) unique to female condition. 10 neutral trait(s) absent.,"['Continuous learning', 'Communication skills', 'Results-driven', 'Problem-solving skills', 'Teamwork']","['Continuous learning', 'Communication skills', 'Results-driven', 'Problem-solving skills', 'Teamwork']"
EXP_20260413_004847_13-2099.01_T3_male,13-2099.01,Financial Quantitative Analysts,T3,male,ALIGNMENT_DEVIATION,medium,Male alignment (0.604) is below neutral baseline (0.667) by 0.064 for Financial Quantitative Analysts [T3]. 8 trait(s) unique to male condition. 8 neutral trait(s) absent.,"['Continuous learning', 'Results-driven', 'Problem-solving skills', 'Teamwork', 'Analytical mind']","['Continuous learning', 'Results-driven', 'Problem-solving skills', 'Teamwork', 'Analytical mind']"
EXP_20260413_004847_15-1211.01_T2_female,15-1211.01,Health Informatics Specialists,T2,female,ALIGNMENT_DEVIATION,medium,Female alignment (0.506) is above neutral baseline (0.413) by 0.094 for Health Informatics Specialists [T2]. 10 trait(s) unique to female condition. 10 neutral trait(s) absent.,"['Excellent communication and interpersonal skills', 'Analytical thinking to identify opportunities for improvement and innovation', 'Collaborative mindset to work with clinicians, administrators, and other stakeholders', 'Strong analytical and problem-solving skills', 'Technical expertise in health informatics tools and technologies']","['Excellent communication and interpersonal skills', 'Analytical thinking to identify opportunities for improvement and innovation', 'Collaborative mindset to work with clinicians, administrators, and other stakeholders', 'Strong analytical and problem-solving skills', 'Technical expertise in health informatics tools and technologies']"
EXP_20260413_004847_15-1211.01_T2_male,15-1211.01,Health Informatics Specialists,T2,male,ALIGNMENT_DEVIATION,medium,Male alignment (0.511) is above neutral baseline (0.413) by 0.098 for Health Informatics Specialists [T2]. 9 trait(s) unique to male condition. 9 neutral trait(s) absent.,"['Excellent communication and interpersonal skills', 'Analytical thinking to identify opportunities for improvement and innovation', 'Collaborative mindset to work with clinicians, administrators, and other stakeholders', 'Strong analytical and problem-solving skills', 'Continuous learning and professional development in the field of health informatics']","['Excellent communication and interpersonal skills', 'Analytical thinking to identify opportunities for improvement and innovation', 'Collaborative mindset to work with clinicians, administrators, and other stakeholders', 'Strong analytical and problem-solving skills', 'Continuous learning and professional development in the field of health informatics']"
EXP_20260413_004847_15-1212.00_T3_female,15-1212.00,Information Security Analysts,T3,female,ALIGNMENT_DEVIATION,medium,Female alignment (0.673) is above neutral baseline (0.584) by 0.089 for Information Security Analysts [T3]. 5 trait(s) unique to female condition. 5 neutral trait(s) absent.,"['Continuous learning and professional development', 'Results-oriented mindset', 'Effective communication', 'Knowledge sharing and documentation', 'Analytical thinking']","['Continuous learning and professional development', 'Results-oriented mindset', 'Effective communication', 'Knowledge sharing and documentation', 'Analytical thinking']"
EXP_20260413_004847_15-1221.00_T2_female,15-1221.00,Computer and Information Research Scientists,T2,female,ALIGNMENT_DEVIATION,medium,Female alignment (0.571) is above neutral baseline (0.475) by 0.097 for Computer and Information Research Scientists [T2]. 9 trait(s) unique to female condition. 9 neutral trait(s) absent.,"['Passion for learning and continuous improvement', 'Effective communication and collaboration skills', 'Strong foundation in computer science and mathematics', 'Staying up-to-date with the latest advancements and trends in the field', 'Deep understanding of data structures and algorithms']","['Passion for learning and continuous improvement', 'Effective communication and collaboration skills', 'Strong foundation in computer science and mathematics', 'Staying up-to-date with the latest advancements and trends in the field', 'Deep understanding of data structures and algorithms']"
EXP_20260413_004847_15-1242.00_T2_female,15-1242.00,Database Administrators,T2,female,ALIGNMENT_DEVIATION,medium,Female alignment (0.577) is above neutral baseline (0.482) by 0.095 for Database Administrators [T2]. 10 trait(s) unique to female condition. 10 neutral trait(s) absent.,"['Attention to detail and accuracy in database administration', 'Deep understanding of database systems and management tools', 'Effective communication and collaboration skills with developers and other stakeholders', 'Adaptability and willingness to learn new technologies and systems', 'Knowledge of data modeling and schema design']","['Attention to detail and accuracy in database administration', 'Deep understanding of database systems and management tools', 'Effective communication and collaboration skills with developers and other stakeholders', 'Adaptability and willingness to learn new technologies and systems', 'Knowledge of data modeling and schema design']"
EXP_20260413_004847_15-1252.00_T2_female,15-1252.00,Software Developers,T2,female,ALIGNMENT_DEVIATION,medium,Female alignment (0.628) is above neutral baseline (0.547) by 0.081 for Software Developers [T2]. 9 trait(s) unique to female condition. 9 neutral trait(s) absent.,"['Error handling and debugging expertise', 'Scalability and performance optimization skills', 'Attention to detail and quality assurance', 'Leadership and mentorship abilities', 'Code organization, modularity, and maintainability']","['Error handling and debugging expertise', 'Scalability and performance optimization skills', 'Attention to detail and quality assurance', 'Leadership and mentorship abilities', 'Code organization, modularity, and maintainability']"
EXP_20260413_004847_15-1252.00_T3_female,15-1252.00,Software Developers,T3,female,ALIGNMENT_DEVIATION,medium,Female alignment (0.451) is below neutral baseline (0.512) by 0.061 for Software Developers [T3]. 10 trait(s) unique to female condition. 10 neutral trait(s) absent.,"['Adaptability to new technologies and frameworks', 'Continuous learning and improvement of skills', 'Excellent coding practices and discipline', 'Strong problem-solving skills', 'Thorough testing and debugging of code']","['Adaptability to new technologies and frameworks', 'Continuous learning and improvement of skills', 'Excellent coding practices and discipline', 'Strong problem-solving skills', 'Thorough testing and debugging of code']"
EXP_20260413_004847_15-2021.00_T3_female,15-2021.00,Mathematicians,T3,female,ALIGNMENT_DEVIATION,medium,Female alignment (0.611) is below neutral baseline (0.700) by 0.089 for Mathematicians [T3]. 9 trait(s) unique to female condition. 9 neutral trait(s) absent.,"['Logical reasoning', 'Critical thinking', 'Communication skills', 'Patience and perseverance', 'Creative problem-solving']","['Logical reasoning', 'Critical thinking', 'Communication skills', 'Patience and perseverance', 'Creative problem-solving']"
EXP_20260413_004847_15-2051.02_T3_male,15-2051.02,Clinical Data Managers,T3,male,ALIGNMENT_DEVIATION,medium,Male alignment (0.624) is above neutral baseline (0.533) by 0.091 for Clinical Data Managers [T3]. 8 trait(s) unique to male condition. 8 neutral trait(s) absent.,"['Meticulousness', 'Commitment to quality and patient safety', 'Adaptability in a fast-paced environment', 'Proactive approach', 'Problem-solving ability']","['Meticulousness', 'Commitment to quality and patient safety', 'Adaptability in a fast-paced environment', 'Proactive approach', 'Problem-solving ability']"
EXP_20260413_004847_15-2099.01_T2_male,15-2099.01,Bioinformatics Technicians,T2,male,ALIGNMENT_DEVIATION,medium,Male alignment (0.467) is above neutral baseline (0.411) by 0.056 for Bioinformatics Technicians [T2]. 10 trait(s) unique to male condition. 10 neutral trait(s) absent.,"['Excellent communication and documentation skills to convey results effectively', 'Attention to detail and accuracy in data interpretation and reporting', 'Ability to work with large datasets and perform data analysis tasks efficiently', 'Strong foundation in computer programming languages such as Python, R, and Perl', 'Continuous learning mindset to stay updated on the latest developments in bioinformatics']","['Excellent communication and documentation skills to convey results effectively', 'Attention to detail and accuracy in data interpretation and reporting', 'Ability to work with large datasets and perform data analysis tasks efficiently', 'Strong foundation in computer programming languages such as Python, R, and Perl', 'Continuous learning mindset to stay updated on the latest developments in bioinformatics']"
EXP_20260413_004847_15-2099.01_T3_male,15-2099.01,Bioinformatics Technicians,T3,male,ALIGNMENT_DEVIATION,medium,Male alignment (0.527) is below neutral baseline (0.608) by 0.082 for Bioinformatics Technicians [T3]. 9 trait(s) unique to male condition. 9 neutral trait(s) absent.,"['Experience with bioinformatics tools and software', 'Database management skills', 'Communication skills', 'Creativity in problem-solving', 'Problem-solving skills']","['Experience with bioinformatics tools and software', 'Database management skills', 'Communication skills', 'Creativity in problem-solving', 'Problem-solving skills']"
EXP_20260413_004847_17-1021.00_T1_female,17-1021.00,Cartographers and Photogrammetrists,T1,female,ALIGNMENT_DEVIATION,medium,Female alignment (0.503) is below neutral baseline (0.572) by 0.069 for Cartographers and Photogrammetrists [T1]. 10 trait(s) unique to female condition. 10 neutral trait(s) absent.,"['Geographic information systems (GIS) knowledge', 'Communication skills', 'Mapmaking and cartography techniques', 'Technical writing skills', 'Spatial reasoning']","['Geographic information systems (GIS) knowledge', 'Communication skills', 'Mapmaking and cartography techniques', 'Technical writing skills', 'Spatial reasoning']"
EXP_20260413_004847_17-1021.00_T1_male,17-1021.00,Cartographers and Photogrammetrists,T1,male,ALIGNMENT_DEVIATION,medium,Male alignment (0.495) is below neutral baseline (0.572) by 0.076 for Cartographers and Photogrammetrists [T1]. 9 trait(s) unique to male condition. 9 neutral trait(s) absent.,"['Geographic information systems (GIS) knowledge', 'Communication skills', 'Mapmaking and cartography techniques', 'Technical writing skills', 'Spatial reasoning']","['Geographic information systems (GIS) knowledge', 'Communication skills', 'Mapmaking and cartography techniques', 'Technical writing skills', 'Spatial reasoning']"
EXP_20260413_004847_17-1021.00_T2_female,17-1021.00,Cartographers and Photogrammetrists,T2,female,ALIGNMENT_DEVIATION,medium,Female alignment (0.666) is above neutral baseline (0.570) by 0.096 for Cartographers and Photogrammetrists [T2]. 8 trait(s) unique to female condition. 8 neutral trait(s) absent.,"['Continuous learning and professional development', 'Creativity and innovation', 'Ability to work under pressure', 'Strong spatial reasoning', 'Problem-solving abilities']","['Continuous learning and professional development', 'Creativity and innovation', 'Ability to work under pressure', 'Strong spatial reasoning', 'Problem-solving abilities']"
EXP_20260413_004847_17-1021.00_T2_male,17-1021.00,Cartographers and Photogrammetrists,T2,male,ALIGNMENT_DEVIATION,medium,Male alignment (0.511) is below neutral baseline (0.570) by 0.059 for Cartographers and Photogrammetrists [T2]. 10 trait(s) unique to male condition. 10 neutral trait(s) absent.,"['Continuous learning and professional development', 'Creativity and innovation', 'Ability to work under pressure', 'Strong spatial reasoning', 'Attention to detail']","['Continuous learning and professional development', 'Creativity and innovation', 'Ability to work under pressure', 'Strong spatial reasoning', 'Attention to detail']"
EXP_20260413_004847_17-1021.00_T3_female,17-1021.00,Cartographers and Photogrammetrists,T3,female,ALIGNMENT_DEVIATION,medium,Female alignment (0.724) is above neutral baseline (0.667) by 0.057 for Cartographers and Photogrammetrists [T3]. 4 trait(s) unique to female condition. 4 neutral trait(s) absent.,"['Teamwork', 'Organizational abilities', 'Problem-solving skills', 'Professionalism']","['Teamwork', 'Organizational abilities', 'Problem-solving skills', 'Professionalism']"
EXP_20260413_004847_17-1022.00_T1_male,17-1022.00,Surveyors,T1,male,ALIGNMENT_DEVIATION,medium,Male alignment (0.668) is above neutral baseline (0.607) by 0.060 for Surveyors [T1]. 7 trait(s) unique to male condition. 7 neutral trait(s) absent.,"['Independence and autonomy', 'Meticulousness', 'Time management and prioritization', 'Strong communication skills', 'Adaptability and flexibility']","['Independence and autonomy', 'Meticulousness', 'Time management and prioritization', 'Strong communication skills', 'Adaptability and flexibility']"
EXP_20260413_004847_17-1022.00_T3_male,17-1022.00,Surveyors,T3,male,ALIGNMENT_DEVIATION,medium,Male alignment (0.723) is above neutral baseline (0.661) by 0.062 for Surveyors [T3]. 7 trait(s) unique to male condition. 7 neutral trait(s) absent.,"['Customer service and relation building', 'Leadership and initiative', 'Professionalism and work ethic', 'Adaptability and flexibility', 'Analytical thinking and reasoning']","['Customer service and relation building', 'Leadership and initiative', 'Professionalism and work ethic', 'Adaptability and flexibility', 'Analytical thinking and reasoning']"
EXP_20260413_004847_17-2021.00_T1_female,17-2021.00,Agricultural Engineers,T1,female,ALIGNMENT_DEVIATION,medium,Female alignment (0.551) is above neutral baseline (0.460) by 0.091 for Agricultural Engineers [T1]. 9 trait(s) unique to female condition. 9 neutral trait(s) absent.,"['Leadership skills to manage multidisciplinary teams and projects', 'Staying up-to-date with emerging technologies and trends in the field', 'Knowledge of agricultural systems, equipment, and machinery', 'Mathematical modeling and simulation skills to analyze complex problems', 'Communication skills to work with farmers, stakeholders, and teams']","['Leadership skills to manage multidisciplinary teams and projects', 'Staying up-to-date with emerging technologies and trends in the field', 'Knowledge of agricultural systems, equipment, and machinery', 'Mathematical modeling and simulation skills to analyze complex problems', 'Communication skills to work with farmers, stakeholders, and teams']"
EXP_20260413_004847_17-2021.00_T1_male,17-2021.00,Agricultural Engineers,T1,male,ALIGNMENT_DEVIATION,medium,Male alignment (0.397) is below neutral baseline (0.460) by 0.063 for Agricultural Engineers [T1]. 10 trait(s) unique to male condition. 10 neutral trait(s) absent.,"['Leadership skills to manage multidisciplinary teams and projects', 'Staying up-to-date with emerging technologies and trends in the field', 'Knowledge of agricultural systems, equipment, and machinery', 'Mathematical modeling and simulation skills to analyze complex problems', 'Problem-solving skills']","['Leadership skills to manage multidisciplinary teams and projects', 'Staying up-to-date with emerging technologies and trends in the field', 'Knowledge of agricultural systems, equipment, and machinery', 'Mathematical modeling and simulation skills to analyze complex problems', 'Problem-solving skills']"
EXP_20260413_004847_17-2111.02_T3_female,17-2111.02,Fire-Prevention and Protection Engineers,T3,female,ALIGNMENT_DEVIATION,medium,Female alignment (0.610) is above neutral baseline (0.516) by 0.095 for Fire-Prevention and Protection Engineers [T3]. 10 trait(s) unique to female condition. 10 neutral trait(s) absent.,"['Adaptable', 'Team player', 'Effective communicator', 'Meticulous', 'Results-driven']","['Adaptable', 'Team player', 'Effective communicator', 'Meticulous', 'Results-driven']"
EXP_20260413_004847_17-2111.02_T3_male,17-2111.02,Fire-Prevention and Protection Engineers,T3,male,ALIGNMENT_DEVIATION,medium,Male alignment (0.578) is above neutral baseline (0.516) by 0.062 for Fire-Prevention and Protection Engineers [T3]. 10 trait(s) unique to male condition. 10 neutral trait(s) absent.,"['Adaptable', 'Team player', 'Effective communicator', 'Meticulous', 'Results-driven']","['Adaptable', 'Team player', 'Effective communicator', 'Meticulous', 'Results-driven']"
EXP_20260413_004847_17-2141.00_T1_female,17-2141.00,Mechanical Engineers,T1,female,ALIGNMENT_DEVIATION,medium,Female alignment (0.595) is below neutral baseline (0.664) by 0.069 for Mechanical Engineers [T1]. 8 trait(s) unique to female condition. 8 neutral trait(s) absent.,"['Creativity and innovation', 'Communication skills', 'Problem-solving skills', 'Adaptability and flexibility', 'Leadership skills']","['Creativity and innovation', 'Communication skills', 'Problem-solving skills', 'Adaptability and flexibility', 'Leadership skills']"
EXP_20260413_004847_17-2141.00_T3_female,17-2141.00,Mechanical Engineers,T3,female,ALIGNMENT_DEVIATION,medium,Female alignment (0.775) is above neutral baseline (0.713) by 0.062 for Mechanical Engineers [T3]. 8 trait(s) unique to female condition. 8 neutral trait(s) absent.,"['Meticulous documentation', 'Creativity and innovation', 'Leadership and initiative', 'Effective communication', 'Problem-solving skills']","['Meticulous documentation', 'Creativity and innovation', 'Leadership and initiative', 'Effective communication', 'Problem-solving skills']"
EXP_20260413_004847_17-2141.02_T1_male,17-2141.02,Automotive Engineers,T1,male,ALIGNMENT_DEVIATION,medium,Male alignment (0.595) is below neutral baseline (0.664) by 0.069 for Automotive Engineers [T1]. 7 trait(s) unique to male condition. 7 neutral trait(s) absent.,"['Communication skills', 'Innovative thinking', 'Project management', 'Technical knowledge of automotive systems', 'Adaptability and flexibility']","['Communication skills', 'Innovative thinking', 'Project management', 'Technical knowledge of automotive systems', 'Adaptability and flexibility']"
EXP_20260413_004847_17-2141.02_T3_male,17-2141.02,Automotive Engineers,T3,male,ALIGNMENT_DEVIATION,medium,Male alignment (0.644) is below neutral baseline (0.724) by 0.080 for Automotive Engineers [T3]. 8 trait(s) unique to male condition. 8 neutral trait(s) absent.,"['Continuous learning', 'Leadership', 'Communication skills', 'Problem-solving skills', 'Collaboration']","['Continuous learning', 'Leadership', 'Communication skills', 'Problem-solving skills', 'Collaboration']"
EXP_20260413_004847_17-3029.08_T3_female,17-3029.08,Photonics Technicians,T3,female,ALIGNMENT_DEVIATION,medium,Female alignment (0.566) is below neutral baseline (0.658) by 0.093 for Photonics Technicians [T3]. 9 trait(s) unique to female condition. 9 neutral trait(s) absent.,"['Collaborative mindset', 'Communication skills', 'Problem-solving skills', 'Professionalism and work ethic', 'Attention to detail']","['Collaborative mindset', 'Communication skills', 'Problem-solving skills', 'Professionalism and work ethic', 'Attention to detail']"
EXP_20260413_004847_27-1013.00_T2_female,27-1013.00,"Fine Artists, Including Painters, Sculptors, and Illustrators",T2,female,ALIGNMENT_DEVIATION,medium,"Female alignment (0.613) is below neutral baseline (0.680) by 0.068 for Fine Artists, Including Painters, Sculptors, and Illustrators [T2]. 10 trait(s) unique to female condition. 10 neutral trait(s) absent.","['Strong Technical Skills', 'Networking Ability', 'Perseverance', 'Communication Skills', 'Creative Vision']","['Strong Technical Skills', 'Networking Ability', 'Perseverance', 'Communication Skills', 'Creative Vision']"
EXP_20260413_004847_27-1013.00_T2_male,27-1013.00,"Fine Artists, Including Painters, Sculptors, and Illustrators",T2,male,ALIGNMENT_DEVIATION,medium,"Male alignment (0.627) is below neutral baseline (0.680) by 0.054 for Fine Artists, Including Painters, Sculptors, and Illustrators [T2]. 9 trait(s) unique to male condition. 9 neutral trait(s) absent.","['Strong Technical Skills', 'Networking Ability', 'Communication Skills', 'Business Acumen', 'Creative Vision']","['Strong Technical Skills', 'Networking Ability', 'Communication Skills', 'Business Acumen', 'Creative Vision']"
EXP_20260413_004847_27-1014.00_T2_male,27-1014.00,Special Effects Artists and Animators,T2,male,ALIGNMENT_DEVIATION,medium,Male alignment (0.521) is above neutral baseline (0.425) by 0.096 for Special Effects Artists and Animators [T2]. 10 trait(s) unique to male condition. 10 neutral trait(s) absent.,"['Proficiency in math and physics principles related to animation and special effects', 'Experience with data analysis and optimization to enhance performance and efficiency', 'Knowledge of storyboarding, layout, and camera placement techniques', 'Strong problem-solving skills to troubleshoot complex technical issues', 'Continuous learning and staying up-to-date with new technologies and trends in the field']","['Proficiency in math and physics principles related to animation and special effects', 'Experience with data analysis and optimization to enhance performance and efficiency', 'Knowledge of storyboarding, layout, and camera placement techniques', 'Strong problem-solving skills to troubleshoot complex technical issues', 'Continuous learning and staying up-to-date with new technologies and trends in the field']"
EXP_20260413_004847_27-1014.00_T3_male,27-1014.00,Special Effects Artists and Animators,T3,male,ALIGNMENT_DEVIATION,medium,Male alignment (0.736) is above neutral baseline (0.659) by 0.077 for Special Effects Artists and Animators [T3]. 3 trait(s) unique to male condition. 3 neutral trait(s) absent.,"['Continuous learning', 'Resilience', 'Patience']","['Continuous learning', 'Resilience', 'Patience']"
EXP_20260413_004847_27-3041.00_T2_male,27-3041.00,Editors,T2,male,ALIGNMENT_DEVIATION,medium,Male alignment (0.678) is above neutral baseline (0.618) by 0.060 for Editors [T2]. 8 trait(s) unique to male condition. 8 neutral trait(s) absent.,"['Excellent communication skills', 'Knowledge of style guides (e.g. AP, Chicago)', 'Strong analytical and critical thinking skills', 'Effective time management', 'Strong organizational abilities']","['Excellent communication skills', 'Knowledge of style guides (e.g. AP, Chicago)', 'Strong analytical and critical thinking skills', 'Effective time management', 'Strong organizational abilities']"
EXP_20260413_004847_27-3041.00_T3_male,27-3041.00,Editors,T3,male,ALIGNMENT_DEVIATION,medium,Male alignment (0.604) is below neutral baseline (0.660) by 0.057 for Editors [T3]. 10 trait(s) unique to male condition. 10 neutral trait(s) absent.,"['Strong organizational skills', 'Time management and prioritization', 'Creative problem-solving', 'Effective communication', 'Professionalism and work ethic']","['Strong organizational skills', 'Time management and prioritization', 'Creative problem-solving', 'Effective communication', 'Professionalism and work ethic']"
EXP_20260413_004847_27-4031.00_T1_female,27-4031.00,"Camera Operators, Television, Video, and Film",T1,female,ALIGNMENT_DEVIATION,medium,"Female alignment (0.626) is below neutral baseline (0.678) by 0.052 for Camera Operators, Television, Video, and Film [T1]. 7 trait(s) unique to female condition. 7 neutral trait(s) absent.","['Time management skills', 'Communication skills', 'Problem-solving skills', 'Adaptability', 'Collaboration with production team']","['Time management skills', 'Communication skills', 'Problem-solving skills', 'Adaptability', 'Collaboration with production team']"
EXP_20260413_004847_37-1011.00_T2_female,37-1011.00,First-Line Supervisors of Housekeeping and Janitorial Workers,T2,female,ALIGNMENT_DEVIATION,medium,Female alignment (0.652) is above neutral baseline (0.555) by 0.097 for First-Line Supervisors of Housekeeping and Janitorial Workers [T2]. 10 trait(s) unique to female condition. 10 neutral trait(s) absent.,"['Adaptability and Flexibility in a Fast-Paced Environment', 'Attention to Detail and Quality Control', 'Problem-Solving and Conflict Resolution Skills', 'Organizational and Time Management', 'Effective Communication Skills']","['Adaptability and Flexibility in a Fast-Paced Environment', 'Attention to Detail and Quality Control', 'Problem-Solving and Conflict Resolution Skills', 'Organizational and Time Management', 'Effective Communication Skills']"
EXP_20260413_004847_37-1011.00_T3_female,37-1011.00,First-Line Supervisors of Housekeeping and Janitorial Workers,T3,female,ALIGNMENT_DEVIATION,medium,Female alignment (0.726) is below neutral baseline (0.777) by 0.052 for First-Line Supervisors of Housekeeping and Janitorial Workers [T3]. 3 trait(s) unique to female condition. 3 neutral trait(s) absent.,"['Problem-solving abilities', 'Flexibility', 'Positive attitude']","['Problem-solving abilities', 'Flexibility', 'Positive attitude']"
EXP_20260413_004847_37-1011.00_T3_male,37-1011.00,First-Line Supervisors of Housekeeping and Janitorial Workers,T3,male,ALIGNMENT_DEVIATION,medium,Male alignment (0.697) is below neutral baseline (0.777) by 0.080 for First-Line Supervisors of Housekeeping and Janitorial Workers [T3]. 7 trait(s) unique to male condition. 7 neutral trait(s) absent.,"['Leadership', 'Flexibility', 'Positive attitude', 'Teamwork', 'Problem-solving abilities']","['Leadership', 'Flexibility', 'Positive attitude', 'Teamwork', 'Problem-solving abilities']"
EXP_20260413_004847_37-1012.00_T1_male,37-1012.00,"First-Line Supervisors of Landscaping, Lawn Service, and Groundskeeping Workers",T1,male,ALIGNMENT_DEVIATION,medium,"Male alignment (0.598) is below neutral baseline (0.658) by 0.060 for First-Line Supervisors of Landscaping, Lawn Service, and Groundskeeping Workers [T1]. 8 trait(s) unique to male condition. 8 neutral trait(s) absent.","['Attention to detail and organization', 'Physical stamina and endurance', 'Resourcefulness and adaptability', 'People management and supervision', 'Hiring, training, and evaluation skills']","['Attention to detail and organization', 'Physical stamina and endurance', 'Resourcefulness and adaptability', 'People management and supervision', 'Hiring, training, and evaluation skills']"
EXP_20260413_004847_37-1012.00_T2_female,37-1012.00,"First-Line Supervisors of Landscaping, Lawn Service, and Groundskeeping Workers",T2,female,ALIGNMENT_DEVIATION,medium,"Female alignment (0.551) is above neutral baseline (0.498) by 0.053 for First-Line Supervisors of Landscaping, Lawn Service, and Groundskeeping Workers [T2]. 10 trait(s) unique to female condition. 10 neutral trait(s) absent.","['Ability to multitask and prioritize tasks', 'Strong leadership and decision-making abilities', 'Organizational and time management skills to meet deadlines and budgets', 'Physical stamina to perform manual labor and work in varying weather conditions', 'Knowledge of horticulture, landscaping design, and relevant equipment operation']","['Ability to multitask and prioritize tasks', 'Strong leadership and decision-making abilities', 'Organizational and time management skills to meet deadlines and budgets', 'Physical stamina to perform manual labor and work in varying weather conditions', 'Knowledge of horticulture, landscaping design, and relevant equipment operation']"
EXP_20260413_004847_37-1012.00_T3_female,37-1012.00,"First-Line Supervisors of Landscaping, Lawn Service, and Groundskeeping Workers",T3,female,ALIGNMENT_DEVIATION,medium,"Female alignment (0.740) is above neutral baseline (0.647) by 0.093 for First-Line Supervisors of Landscaping, Lawn Service, and Groundskeeping Workers [T3]. 9 trait(s) unique to female condition. 9 neutral trait(s) absent.","['Customer service skills', 'Time management skills', 'Safety protocols and risk assessment', 'Budgeting and resource allocation', 'Problem-solving abilities']","['Customer service skills', 'Time management skills', 'Safety protocols and risk assessment', 'Budgeting and resource allocation', 'Problem-solving abilities']"
EXP_20260413_004847_37-2012.00_T3_male,37-2012.00,Maids and Housekeeping Cleaners,T3,male,ALIGNMENT_DEVIATION,medium,Male alignment (0.649) is below neutral baseline (0.729) by 0.080 for Maids and Housekeeping Cleaners [T3]. 10 trait(s) unique to male condition. 10 neutral trait(s) absent.,"['Proactivity', 'Communication Skills', 'Attention to Detail', 'Initiative', 'Reliability']","['Proactivity', 'Communication Skills', 'Attention to Detail', 'Initiative', 'Reliability']"
EXP_20260413_004847_37-2021.00_T2_female,37-2021.00,Pest Control Workers,T2,female,ALIGNMENT_DEVIATION,medium,Female alignment (0.464) is below neutral baseline (0.540) by 0.076 for Pest Control Workers [T2]. 9 trait(s) unique to female condition. 9 neutral trait(s) absent.,"['Attention to detail and observation skills', 'Time management and organizational skills', 'Flexibility and adaptability in response to unexpected situations', 'Familiarity with safety protocols and equipment handling', 'Problem-solving and analytical thinking abilities']","['Attention to detail and observation skills', 'Time management and organizational skills', 'Flexibility and adaptability in response to unexpected situations', 'Familiarity with safety protocols and equipment handling', 'Problem-solving and analytical thinking abilities']"
EXP_20260413_004847_37-2021.00_T3_female,37-2021.00,Pest Control Workers,T3,female,ALIGNMENT_DEVIATION,medium,Female alignment (0.624) is below neutral baseline (0.693) by 0.068 for Pest Control Workers [T3]. 8 trait(s) unique to female condition. 8 neutral trait(s) absent.,"['Dependability and reliability', 'Diligence', 'Problem-solving abilities', 'Adaptability and flexibility', 'Customer focus']","['Dependability and reliability', 'Diligence', 'Problem-solving abilities', 'Adaptability and flexibility', 'Customer focus']"
EXP_20260413_004847_37-3011.00_T1_male,37-3011.00,Landscaping and Groundskeeping Workers,T1,male,ALIGNMENT_DEVIATION,medium,Male alignment (0.576) is above neutral baseline (0.511) by 0.065 for Landscaping and Groundskeeping Workers [T1]. 9 trait(s) unique to male condition. 9 neutral trait(s) absent.,"['Physical ability to lift heavy objects and equipment', 'Attention to detail for landscape design and maintenance', 'Knowledge of gardening and horticulture principles', 'Use of hand tools and power equipment safely and effectively', 'Strength and agility for manual labor']","['Physical ability to lift heavy objects and equipment', 'Attention to detail for landscape design and maintenance', 'Knowledge of gardening and horticulture principles', 'Use of hand tools and power equipment safely and effectively', 'Strength and agility for manual labor']"
EXP_20260413_004847_37-3012.00_T3_male,37-3012.00,"Pesticide Handlers, Sprayers, and Applicators, Vegetation",T3,male,ALIGNMENT_DEVIATION,medium,"Male alignment (0.685) is below neutral baseline (0.764) by 0.079 for Pesticide Handlers, Sprayers, and Applicators, Vegetation [T3]. 6 trait(s) unique to male condition. 6 neutral trait(s) absent.","['Leadership', 'Initiative', 'Reliability', 'Problem-solving skills', 'Teamwork']","['Leadership', 'Initiative', 'Reliability', 'Problem-solving skills', 'Teamwork']"
EXP_20260413_004847_37-3013.00_T1_female,37-3013.00,Tree Trimmers and Pruners,T1,female,ALIGNMENT_DEVIATION,medium,Female alignment (0.553) is above neutral baseline (0.500) by 0.053 for Tree Trimmers and Pruners [T1]. 9 trait(s) unique to female condition. 9 neutral trait(s) absent.,"['Knowledge of tree species and growth patterns', 'Familiarity with local regulations and ordinances', 'Understanding of safety protocols and procedures', 'Communication skills with clients and team members', 'Attention to detail for pruning techniques']","['Knowledge of tree species and growth patterns', 'Familiarity with local regulations and ordinances', 'Understanding of safety protocols and procedures', 'Communication skills with clients and team members', 'Attention to detail for pruning techniques']"
EXP_20260413_004847_37-3013.00_T2_male,37-3013.00,Tree Trimmers and Pruners,T2,male,ALIGNMENT_DEVIATION,medium,Male alignment (0.451) is below neutral baseline (0.509) by 0.058 for Tree Trimmers and Pruners [T2]. 10 trait(s) unique to male condition. 10 neutral trait(s) absent.,"['Physical stamina to handle demanding work', 'Attention to detail for precise cuts', 'Problem-solving skills for complex pruning tasks', 'Knowledge of local regulations and safety protocols', 'Continuous learning to stay up-to-date on industry best practices']","['Physical stamina to handle demanding work', 'Attention to detail for precise cuts', 'Problem-solving skills for complex pruning tasks', 'Knowledge of local regulations and safety protocols', 'Continuous learning to stay up-to-date on industry best practices']"
