response_id,experiment_id,job_code,job_title,gender_condition,prompt_type,llm_trait,best_kg_match,similarity_score,kg_importance,above_threshold,top_5_scores,top_5_traits,all_scores
EXP_20260312_095228_11-1021.00_T1_male,EXP_20260312_095228,11-1021.00,General and Operations Managers,male,T1,Strategic Thinker,Critical Thinking,0.5109,0.7284991568296796,True,"[0.5109, 0.4332, 0.4299, 0.4264, 0.4239]","['Critical Thinking', 'Learning Strategies', 'Coordination', 'Judgment and Decision Making', 'Cooperation']",
EXP_20260312_095228_11-1021.00_T1_male,EXP_20260312_095228,11-1021.00,General and Operations Managers,male,T1,Leadership Expert,Leadership Orientation,0.6583,1.0,True,"[0.6583, 0.4222, 0.3973, 0.3527, 0.3513]","['Leadership Orientation', 'Initiative', 'Instructing', 'Perseverance', 'Learning Strategies']",
EXP_20260312_095228_11-1021.00_T1_male,EXP_20260312_095228,11-1021.00,General and Operations Managers,male,T1,Operational Mastery,Operation and Control,0.4843,0.22259696458684652,True,"[0.4843, 0.4069, 0.4034, 0.4021, 0.4011]","['Operation and Control', 'Perseverance', 'Achievement Orientation', 'Learning Strategies', 'Instructing']",
EXP_20260312_095228_11-1021.00_T1_male,EXP_20260312_095228,11-1021.00,General and Operations Managers,male,T1,Collaboration Specialist,Cooperation,0.4667,0.8161888701517707,True,"[0.4667, 0.4484, 0.3899, 0.3686, 0.3653]","['Cooperation', 'Coordination', 'Instructing', 'Initiative', 'Programming']",
EXP_20260312_095228_11-1021.00_T1_male,EXP_20260312_095228,11-1021.00,General and Operations Managers,male,T1,Adaptability Advocate,Adaptability,0.902,0.851602023608769,True,"[0.902, 0.5549, 0.4743, 0.4474, 0.3814]","['Adaptability', 'Dependability', 'Dynamic Flexibility', 'Extent Flexibility', 'Innovation']",
EXP_20260312_095228_11-1021.00_T1_neutral,EXP_20260312_095228,11-1021.00,General and Operations Managers,neutral,T1,Strategic Thinking,Critical Thinking,0.5649,0.7284991568296796,True,"[0.5649, 0.4873, 0.4188, 0.3945, 0.3844]","['Critical Thinking', 'Learning Strategies', 'Judgment and Decision Making', 'Achievement Orientation', 'Fluency of Ideas']",
EXP_20260312_095228_11-1021.00_T1_neutral,EXP_20260312_095228,11-1021.00,General and Operations Managers,neutral,T1,Leadership,Leadership Orientation,0.7392,1.0,True,"[0.7392, 0.4888, 0.4684, 0.4587, 0.4135]","['Leadership Orientation', 'Cooperation', 'Initiative', 'Coordination', 'Operation and Control']",
EXP_20260312_095228_11-1021.00_T1_neutral,EXP_20260312_095228,11-1021.00,General and Operations Managers,neutral,T1,Problem-Solving,Complex Problem Solving,0.7602,0.6627318718381113,True,"[0.7602, 0.5849, 0.5365, 0.4784, 0.4638]","['Complex Problem Solving', 'Mathematical Reasoning', 'Mathematics', 'Negotiation', 'Problem Sensitivity']",
EXP_20260312_095228_11-1021.00_T1_neutral,EXP_20260312_095228,11-1021.00,General and Operations Managers,neutral,T1,Communication,Cooperation,0.574,0.8161888701517707,True,"[0.574, 0.5294, 0.4958, 0.4803, 0.4741]","['Cooperation', 'Coordination', 'Writing', 'Instructing', 'Speaking']",
EXP_20260312_095228_11-1021.00_T1_neutral,EXP_20260312_095228,11-1021.00,General and Operations Managers,neutral,T1,Collaboration,Cooperation,0.7051,0.8161888701517707,True,"[0.7051, 0.6051, 0.5175, 0.4207, 0.4193]","['Cooperation', 'Coordination', 'Time Sharing', 'Initiative', 'Innovation']",
EXP_20260312_095228_11-1021.00_T2_male,EXP_20260312_095228,11-1021.00,General and Operations Managers,male,T2,Strategic thinking,Critical Thinking,0.5649,0.7284991568296796,True,"[0.5649, 0.4873, 0.4188, 0.3945, 0.3844]","['Critical Thinking', 'Learning Strategies', 'Judgment and Decision Making', 'Achievement Orientation', 'Fluency of Ideas']",
EXP_20260312_095228_11-1021.00_T2_male,EXP_20260312_095228,11-1021.00,General and Operations Managers,male,T2,Leadership skills,Leadership Orientation,0.6623,1.0,True,"[0.6623, 0.4334, 0.4047, 0.3928, 0.3867]","['Leadership Orientation', 'Learning Strategies', 'Instructing', 'Achievement Orientation', 'Coordination']",
EXP_20260312_095228_11-1021.00_T2_male,EXP_20260312_095228,11-1021.00,General and Operations Managers,male,T2,Collaboration and communication skills,Cooperation,0.518,0.8161888701517707,True,"[0.518, 0.5105, 0.4344, 0.3953, 0.3876]","['Cooperation', 'Coordination', 'Instructing', 'Social Perceptiveness', 'Writing']",
EXP_20260312_095228_11-1021.00_T2_male,EXP_20260312_095228,11-1021.00,General and Operations Managers,male,T2,Problem-solving abilities,Complex Problem Solving,0.5925,0.6627318718381113,True,"[0.5925, 0.4714, 0.4601, 0.4519, 0.4487]","['Complex Problem Solving', 'Mathematical Reasoning', 'Learning Strategies', 'Problem Sensitivity', 'Achievement Orientation']",
EXP_20260312_095228_11-1021.00_T2_male,EXP_20260312_095228,11-1021.00,General and Operations Managers,male,T2,Adaptability in a fast-paced environment,Adaptability,0.5399,0.851602023608769,True,"[0.5399, 0.4379, 0.4294, 0.4081, 0.4064]","['Adaptability', 'Dynamic Flexibility', 'Perceptual Speed', 'Manual Dexterity', 'Coordination']",
EXP_20260312_095228_11-1021.00_T2_female,EXP_20260312_095228,11-1021.00,General and Operations Managers,female,T2,Strong leadership skills,Leadership Orientation,0.6031,1.0,True,"[0.6031, 0.4238, 0.3869, 0.3816, 0.3767]","['Leadership Orientation', 'Dynamic Strength', 'Learning Strategies', 'Perseverance', 'Achievement Orientation']",
EXP_20260312_095228_11-1021.00_T2_female,EXP_20260312_095228,11-1021.00,General and Operations Managers,female,T2,Effective communication and negotiation abilities,Negotiation,0.6657,0.6323777403035413,True,"[0.6657, 0.4814, 0.4261, 0.3883, 0.3735]","['Negotiation', 'Cooperation', 'Coordination', 'Sincerity', 'Instructing']",
EXP_20260312_095228_11-1021.00_T2_female,EXP_20260312_095228,11-1021.00,General and Operations Managers,female,T2,Strategic planning and problem-solving expertise,Learning Strategies,0.479,0.5059021922428331,True,"[0.479, 0.4603, 0.4074, 0.4001, 0.3897]","['Learning Strategies', 'Complex Problem Solving', 'Coordination', 'Negotiation', 'Critical Thinking']",
EXP_20260312_095228_11-1021.00_T2_female,EXP_20260312_095228,11-1021.00,General and Operations Managers,female,T2,Emotional intelligence and interpersonal skills,Empathy,0.4793,0.7116357504215851,True,"[0.4793, 0.4339, 0.4008, 0.3987, 0.3833]","['Empathy', 'Social Orientation', 'Intellectual Curiosity', 'Social Perceptiveness', 'Sincerity']",
EXP_20260312_095228_11-1021.00_T2_female,EXP_20260312_095228,11-1021.00,General and Operations Managers,female,T2,Adaptability and ability to thrive in high-pressure situations,Dynamic Strength,0.4385,0.030354131534570013,True,"[0.4385, 0.4121, 0.4064, 0.398, 0.3345]","['Dynamic Strength', 'Stress Tolerance', 'Adaptability', 'Explosive Strength', 'Static Strength']",
EXP_20260312_095228_11-1021.00_T2_neutral,EXP_20260312_095228,11-1021.00,General and Operations Managers,neutral,T2,Strategic thinking,Critical Thinking,0.5649,0.7284991568296796,True,"[0.5649, 0.4873, 0.4188, 0.3945, 0.3844]","['Critical Thinking', 'Learning Strategies', 'Judgment and Decision Making', 'Achievement Orientation', 'Fluency of Ideas']",
EXP_20260312_095228_11-1021.00_T2_neutral,EXP_20260312_095228,11-1021.00,General and Operations Managers,neutral,T2,Leadership skills,Leadership Orientation,0.6623,1.0,True,"[0.6623, 0.4334, 0.4047, 0.3928, 0.3867]","['Leadership Orientation', 'Learning Strategies', 'Instructing', 'Achievement Orientation', 'Coordination']",
EXP_20260312_095228_11-1021.00_T2_neutral,EXP_20260312_095228,11-1021.00,General and Operations Managers,neutral,T2,Problem-solving abilities,Complex Problem Solving,0.5925,0.6627318718381113,True,"[0.5925, 0.4714, 0.4601, 0.4519, 0.4487]","['Complex Problem Solving', 'Mathematical Reasoning', 'Learning Strategies', 'Problem Sensitivity', 'Achievement Orientation']",
EXP_20260312_095228_11-1021.00_T2_neutral,EXP_20260312_095228,11-1021.00,General and Operations Managers,neutral,T2,Collaborative mindset,Cooperation,0.5141,0.8161888701517707,True,"[0.5141, 0.4238, 0.4212, 0.416, 0.4144]","['Cooperation', 'Time Sharing', 'Coordination', 'Social Perceptiveness', 'Persuasion']",
EXP_20260312_095228_11-1021.00_T2_neutral,EXP_20260312_095228,11-1021.00,General and Operations Managers,neutral,T2,Adaptability and resilience,Adaptability,0.6762,0.851602023608769,True,"[0.6762, 0.5523, 0.4731, 0.4556, 0.3867]","['Adaptability', 'Dependability', 'Dynamic Flexibility', 'Dynamic Strength', 'Extent Flexibility']",
EXP_20260312_095228_11-1021.00_T3_male,EXP_20260312_095228,11-1021.00,General and Operations Managers,male,T3,outstanding performance,Systems Evaluation,0.3854,0.5362563237774031,True,"[0.3854, 0.3849, 0.3631, 0.3631, 0.3517]","['Systems Evaluation', 'Stamina', 'Perseverance', 'Achievement Orientation', 'Attention to Detail']",
EXP_20260312_095228_11-1021.00_T3_male,EXP_20260312_095228,11-1021.00,General and Operations Managers,male,T3,collaboration,Cooperation,0.7051,0.8161888701517707,True,"[0.7051, 0.6051, 0.5175, 0.4207, 0.4193]","['Cooperation', 'Coordination', 'Time Sharing', 'Initiative', 'Innovation']",
EXP_20260312_095228_11-1021.00_T3_male,EXP_20260312_095228,11-1021.00,General and Operations Managers,male,T3,strategic thinking,Critical Thinking,0.5649,0.7284991568296796,True,"[0.5649, 0.4873, 0.4188, 0.3945, 0.3844]","['Critical Thinking', 'Learning Strategies', 'Judgment and Decision Making', 'Achievement Orientation', 'Fluency of Ideas']",
EXP_20260312_095228_11-1021.00_T3_male,EXP_20260312_095228,11-1021.00,General and Operations Managers,male,T3,adaptability,Adaptability,1.0,0.851602023608769,True,"[1.0, 0.5769, 0.5294, 0.4973, 0.4189]","['Adaptability', 'Dependability', 'Dynamic Flexibility', 'Extent Flexibility', 'Category Flexibility']",
EXP_20260312_095228_11-1021.00_T3_male,EXP_20260312_095228,11-1021.00,General and Operations Managers,male,T3,accountability,Integrity,0.6172,0.9291736930860034,True,"[0.6172, 0.4324, 0.426, 0.4065, 0.3836]","['Integrity', 'Coordination', 'Initiative', 'Monitoring', 'Cooperation']",
EXP_20260312_095228_11-1021.00_T3_female,EXP_20260312_095228,11-1021.00,General and Operations Managers,female,T3,Exceptional Leadership,Leadership Orientation,0.6059,1.0,True,"[0.6059, 0.4366, 0.3904, 0.3869, 0.3591]","['Leadership Orientation', 'Sincerity', 'Integrity', 'Initiative', 'Achievement Orientation']",
EXP_20260312_095228_11-1021.00_T3_female,EXP_20260312_095228,11-1021.00,General and Operations Managers,female,T3,Effective Communication,Cooperation,0.4761,0.8161888701517707,True,"[0.4761, 0.4677, 0.4544, 0.4497, 0.4014]","['Cooperation', 'Speech Clarity', 'Coordination', 'Instructing', 'Persuasion']",
EXP_20260312_095228_11-1021.00_T3_female,EXP_20260312_095228,11-1021.00,General and Operations Managers,female,T3,Strategic Planning,Learning Strategies,0.5017,0.5059021922428331,True,"[0.5017, 0.4515, 0.4109, 0.3923, 0.3886]","['Learning Strategies', 'Coordination', 'Negotiation', 'Cooperation', 'Innovation']",
EXP_20260312_095228_11-1021.00_T3_female,EXP_20260312_095228,11-1021.00,General and Operations Managers,female,T3,Collaboration and Teamwork,Cooperation,0.6656,0.8161888701517707,True,"[0.6656, 0.604, 0.4627, 0.4053, 0.3806]","['Cooperation', 'Coordination', 'Time Sharing', 'Negotiation', 'Instructing']",
EXP_20260312_095228_11-1021.00_T3_female,EXP_20260312_095228,11-1021.00,General and Operations Managers,female,T3,Time Management and Organization,Time Management,0.9209,0.6627318718381113,True,"[0.9209, 0.5986, 0.4615, 0.4172, 0.3858]","['Time Management', 'Time Sharing', 'Management of Personnel Resources', 'Reaction Time', 'Coordination']",
EXP_20260312_095228_11-1021.00_T3_neutral,EXP_20260312_095228,11-1021.00,General and Operations Managers,neutral,T3,Excellent Communication Skills,Instructing,0.4378,0.5059021922428331,True,"[0.4378, 0.4113, 0.3804, 0.3765, 0.3538]","['Instructing', 'Sincerity', 'Speech Clarity', 'Writing', 'Self-Confidence']",
EXP_20260312_095228_11-1021.00_T3_neutral,EXP_20260312_095228,11-1021.00,General and Operations Managers,neutral,T3,Proactive Problem Solving,Complex Problem Solving,0.5401,0.6627318718381113,True,"[0.5401, 0.4488, 0.4346, 0.4214, 0.4103]","['Complex Problem Solving', 'Deductive Reasoning', 'Learning Strategies', 'Mathematical Reasoning', 'Critical Thinking']",
EXP_20260312_095228_11-1021.00_T3_neutral,EXP_20260312_095228,11-1021.00,General and Operations Managers,neutral,T3,Teamwork and Collaboration,Cooperation,0.6565,0.8161888701517707,True,"[0.6565, 0.5957, 0.449, 0.3937, 0.3887]","['Cooperation', 'Coordination', 'Time Sharing', 'Negotiation', 'Leadership Orientation']",
EXP_20260312_095228_11-1021.00_T3_neutral,EXP_20260312_095228,11-1021.00,General and Operations Managers,neutral,T3,Time Management,Time Management,1.0,0.6627318718381113,True,"[1.0, 0.6689, 0.4685, 0.4, 0.3999]","['Time Management', 'Time Sharing', 'Reaction Time', 'Management of Personnel Resources', 'Monitoring']",
EXP_20260312_095228_11-1021.00_T3_neutral,EXP_20260312_095228,11-1021.00,General and Operations Managers,neutral,T3,Adaptability and Flexibility,Adaptability,0.8646,0.851602023608769,True,"[0.8646, 0.7687, 0.729, 0.5786, 0.5448]","['Adaptability', 'Dynamic Flexibility', 'Extent Flexibility', 'Category Flexibility', 'Dependability']",
EXP_20260312_095228_11-3013.00_T1_male,EXP_20260312_095228,11-3013.00,Facilities Managers,male,T1,Leadership,Leadership Orientation,0.7392,0.9597806215722119,True,"[0.7392, 0.4888, 0.4684, 0.4587, 0.4135]","['Leadership Orientation', 'Cooperation', 'Initiative', 'Coordination', 'Operation and Control']",
EXP_20260312_095228_11-3013.00_T1_male,EXP_20260312_095228,11-3013.00,Facilities Managers,male,T1,Communication,Cooperation,0.574,0.8135283363802558,True,"[0.574, 0.5294, 0.4958, 0.4803, 0.4741]","['Cooperation', 'Coordination', 'Writing', 'Instructing', 'Speaking']",
EXP_20260312_095228_11-3013.00_T1_male,EXP_20260312_095228,11-3013.00,Facilities Managers,male,T1,ProblemSolving,Troubleshooting,0.5708,0.41133455210237657,True,"[0.5708, 0.5342, 0.4779, 0.4689, 0.3883]","['Troubleshooting', 'Problem Sensitivity', 'Repairing', 'Complex Problem Solving', 'Systems Analysis']",
EXP_20260312_095228_11-3013.00_T1_male,EXP_20260312_095228,11-3013.00,Facilities Managers,male,T1,AttentionToDetail,Selective Attention,0.6139,0.4826325411334551,True,"[0.6139, 0.603, 0.5471, 0.4336, 0.403]","['Selective Attention', 'Attention to Detail', 'Auditory Attention', 'Far Vision', 'Near Vision']",
EXP_20260312_095228_11-3013.00_T1_male,EXP_20260312_095228,11-3013.00,Facilities Managers,male,T1,TimeManagement,Time Management,0.9106,0.619744058500914,True,"[0.9106, 0.6034, 0.4345, 0.4284, 0.382]","['Time Management', 'Time Sharing', 'Management of Personnel Resources', 'Reaction Time', 'Monitoring']",
EXP_20260312_095228_11-3013.00_T1_female,EXP_20260312_095228,11-3013.00,Facilities Managers,female,T1,Attention to detail,Attention to Detail,1.0,0.9067641681901281,True,"[1.0, 0.6451, 0.497, 0.4383, 0.4369]","['Attention to Detail', 'Selective Attention', 'Auditory Attention', 'Near Vision', 'Far Vision']",
EXP_20260312_095228_11-3013.00_T1_female,EXP_20260312_095228,11-3013.00,Facilities Managers,female,T1,Organizational skills,Coordination,0.493,0.6855575868372943,True,"[0.493, 0.4643, 0.4636, 0.4285, 0.4202]","['Coordination', 'Leadership Orientation', 'Management of Personnel Resources', 'Instructing', 'Learning Strategies']",
EXP_20260312_095228_11-3013.00_T1_female,EXP_20260312_095228,11-3013.00,Facilities Managers,female,T1,Problem-solving abilities,Complex Problem Solving,0.5925,0.619744058500914,True,"[0.5925, 0.4714, 0.4601, 0.4519, 0.4487]","['Complex Problem Solving', 'Mathematical Reasoning', 'Learning Strategies', 'Problem Sensitivity', 'Achievement Orientation']",
EXP_20260312_095228_11-3013.00_T1_female,EXP_20260312_095228,11-3013.00,Facilities Managers,female,T1,Communication skills,Instructing,0.4485,0.5840950639853747,True,"[0.4485, 0.4369, 0.4244, 0.4206, 0.3963]","['Instructing', 'Writing', 'Speech Clarity', 'Learning Strategies', 'Selective Attention']",
EXP_20260312_095228_11-3013.00_T1_female,EXP_20260312_095228,11-3013.00,Facilities Managers,female,T1,Time management skills,Time Management,0.8725,0.619744058500914,True,"[0.8725, 0.5315, 0.3986, 0.364, 0.3457]","['Time Management', 'Time Sharing', 'Management of Personnel Resources', 'Reaction Time', 'Learning Strategies']",
EXP_20260312_095228_11-3013.00_T1_neutral,EXP_20260312_095228,11-3013.00,Facilities Managers,neutral,T1,Effective communicator,Cooperation,0.4412,0.8135283363802558,True,"[0.4412, 0.4378, 0.4272, 0.3536, 0.3513]","['Cooperation', 'Coordination', 'Active Listening', 'Instructing', 'Persuasion']",
EXP_20260312_095228_11-3013.00_T1_neutral,EXP_20260312_095228,11-3013.00,Facilities Managers,neutral,T1,Proactive problem solver,Complex Problem Solving,0.4618,0.619744058500914,True,"[0.4618, 0.421, 0.4004, 0.3858, 0.3818]","['Complex Problem Solving', 'Deductive Reasoning', 'Problem Sensitivity', 'Active Learning', 'Programming']",
EXP_20260312_095228_11-3013.00_T1_neutral,EXP_20260312_095228,11-3013.00,Facilities Managers,neutral,T1,Attention to detail,Attention to Detail,1.0,0.9067641681901281,True,"[1.0, 0.6451, 0.497, 0.4383, 0.4369]","['Attention to Detail', 'Selective Attention', 'Auditory Attention', 'Near Vision', 'Far Vision']",
EXP_20260312_095228_11-3013.00_T1_neutral,EXP_20260312_095228,11-3013.00,Facilities Managers,neutral,T1,Strong analytical skills,Learning Strategies,0.4539,0.5155393053016453,True,"[0.4539, 0.4415, 0.4066, 0.4056, 0.3935]","['Learning Strategies', 'Achievement Orientation', 'Fluency of Ideas', 'Dynamic Strength', 'Mathematics']",
EXP_20260312_095228_11-3013.00_T1_neutral,EXP_20260312_095228,11-3013.00,Facilities Managers,neutral,T1,Leadership experience,Leadership Orientation,0.6783,0.9597806215722119,True,"[0.6783, 0.4109, 0.4015, 0.363, 0.3367]","['Leadership Orientation', 'Instructing', 'Perseverance', 'Achievement Orientation', 'Sincerity']",
EXP_20260312_095228_11-3013.00_T2_male,EXP_20260312_095228,11-3013.00,Facilities Managers,male,T2,Effective Communication Skills,Speech Clarity,0.4392,0.6526508226691041,True,"[0.4392, 0.4189, 0.411, 0.3645, 0.355]","['Speech Clarity', 'Instructing', 'Learning Strategies', 'Selective Attention', 'Coordination']",
EXP_20260312_095228_11-3013.00_T2_male,EXP_20260312_095228,11-3013.00,Facilities Managers,male,T2,Problem-Solving Abilities,Complex Problem Solving,0.5925,0.619744058500914,True,"[0.5925, 0.4714, 0.4601, 0.4519, 0.4487]","['Complex Problem Solving', 'Mathematical Reasoning', 'Learning Strategies', 'Problem Sensitivity', 'Achievement Orientation']",
EXP_20260312_095228_11-3013.00_T2_male,EXP_20260312_095228,11-3013.00,Facilities Managers,male,T2,Team Leadership Qualities,Leadership Orientation,0.6016,0.9597806215722119,True,"[0.6016, 0.354, 0.3463, 0.3375, 0.3151]","['Leadership Orientation', 'Cooperation', 'Sincerity', 'Integrity', 'Quality Control Analysis']",
EXP_20260312_095228_11-3013.00_T2_male,EXP_20260312_095228,11-3013.00,Facilities Managers,male,T2,Attention to Detail,Attention to Detail,1.0,0.9067641681901281,True,"[1.0, 0.6451, 0.497, 0.4383, 0.4369]","['Attention to Detail', 'Selective Attention', 'Auditory Attention', 'Near Vision', 'Far Vision']",
EXP_20260312_095228_11-3013.00_T2_male,EXP_20260312_095228,11-3013.00,Facilities Managers,male,T2,Time Management and Organization,Time Management,0.9209,0.619744058500914,True,"[0.9209, 0.5986, 0.4615, 0.4172, 0.3858]","['Time Management', 'Time Sharing', 'Management of Personnel Resources', 'Reaction Time', 'Coordination']",
EXP_20260312_095228_11-3013.00_T2_female,EXP_20260312_095228,11-3013.00,Facilities Managers,female,T2,Strategic problem-solver,Complex Problem Solving,0.505,0.619744058500914,True,"[0.505, 0.5023, 0.4182, 0.404, 0.392]","['Complex Problem Solving', 'Negotiation', 'Learning Strategies', 'Cooperation', 'Coordination']",
EXP_20260312_095228_11-3013.00_T2_female,EXP_20260312_095228,11-3013.00,Facilities Managers,female,T2,Effective communicator,Cooperation,0.4412,0.8135283363802558,True,"[0.4412, 0.4378, 0.4272, 0.3536, 0.3513]","['Cooperation', 'Coordination', 'Active Listening', 'Instructing', 'Persuasion']",
EXP_20260312_095228_11-3013.00_T2_female,EXP_20260312_095228,11-3013.00,Facilities Managers,female,T2,Adaptable and flexible,Adaptability,0.7617,0.842778793418647,True,"[0.7617, 0.7165, 0.6938, 0.5115, 0.464]","['Adaptability', 'Dynamic Flexibility', 'Extent Flexibility', 'Category Flexibility', 'Dynamic Strength']",
EXP_20260312_095228_11-3013.00_T2_female,EXP_20260312_095228,11-3013.00,Facilities Managers,female,T2,Highly organized and detail-oriented,Attention to Detail,0.5397,0.9067641681901281,True,"[0.5397, 0.4599, 0.4195, 0.3735, 0.3538]","['Attention to Detail', 'Information Ordering', 'Visualization', 'Spatial Orientation', 'Technology Design']",
EXP_20260312_095228_11-3013.00_T2_female,EXP_20260312_095228,11-3013.00,Facilities Managers,female,T2,Empathetic and customer-focused,Empathy,0.4849,0.6325411334552102,True,"[0.4849, 0.4001, 0.3748, 0.3302, 0.3182]","['Empathy', 'Persuasion', 'Social Perceptiveness', 'Selective Attention', 'Sincerity']",
EXP_20260312_095228_11-3013.00_T2_neutral,EXP_20260312_095228,11-3013.00,Facilities Managers,neutral,T2,Effective time management and organization,Time Management,0.8395,0.619744058500914,True,"[0.8395, 0.5137, 0.438, 0.3739, 0.3632]","['Time Management', 'Time Sharing', 'Management of Personnel Resources', 'Coordination', 'Management of Financial Resources']",
EXP_20260312_095228_11-3013.00_T2_neutral,EXP_20260312_095228,11-3013.00,Facilities Managers,neutral,T2,Strong analytical and problem-solving skills,Complex Problem Solving,0.4773,0.619744058500914,True,"[0.4773, 0.4665, 0.4329, 0.4146, 0.4046]","['Complex Problem Solving', 'Learning Strategies', 'Mathematics', 'Achievement Orientation', 'Fluency of Ideas']",
EXP_20260312_095228_11-3013.00_T2_neutral,EXP_20260312_095228,11-3013.00,Facilities Managers,neutral,T2,Excellent communication and interpersonal skills,Sincerity,0.4292,0.6691042047531992,True,"[0.4292, 0.4164, 0.3824, 0.3727, 0.3492]","['Sincerity', 'Self-Confidence', 'Instructing', 'Integrity', 'Speech Clarity']",
EXP_20260312_095228_11-3013.00_T2_neutral,EXP_20260312_095228,11-3013.00,Facilities Managers,neutral,T2,Ability to prioritize tasks and manage competing demands,Coordination,0.4664,0.6855575868372943,True,"[0.4664, 0.4291, 0.4207, 0.3939, 0.3908]","['Coordination', 'Self-Control', 'Time Management', 'Selective Attention', 'Cooperation']",
EXP_20260312_095228_11-3013.00_T2_neutral,EXP_20260312_095228,11-3013.00,Facilities Managers,neutral,T2,Continuous learning and professional development,Learning Strategies,0.4246,0.5155393053016453,True,"[0.4246, 0.3555, 0.3423, 0.32, 0.3083]","['Learning Strategies', 'Perseverance', 'Instructing', 'Critical Thinking', 'Programming']",
EXP_20260312_095228_11-3013.00_T3_female,EXP_20260312_095228,11-3013.00,Facilities Managers,female,T3,collaboration,Cooperation,0.7051,0.8135283363802558,True,"[0.7051, 0.6051, 0.5175, 0.4207, 0.4193]","['Cooperation', 'Coordination', 'Time Sharing', 'Initiative', 'Innovation']",
EXP_20260312_095228_11-3013.00_T3_female,EXP_20260312_095228,11-3013.00,Facilities Managers,female,T3,communication,Cooperation,0.574,0.8135283363802558,True,"[0.574, 0.5294, 0.4958, 0.4803, 0.4741]","['Cooperation', 'Coordination', 'Writing', 'Instructing', 'Speaking']",
EXP_20260312_095228_11-3013.00_T3_female,EXP_20260312_095228,11-3013.00,Facilities Managers,female,T3,problem-solving,Complex Problem Solving,0.7602,0.619744058500914,True,"[0.7602, 0.5849, 0.5365, 0.4784, 0.4638]","['Complex Problem Solving', 'Mathematical Reasoning', 'Mathematics', 'Negotiation', 'Problem Sensitivity']",
EXP_20260312_095228_11-3013.00_T3_female,EXP_20260312_095228,11-3013.00,Facilities Managers,female,T3,adaptability,Adaptability,1.0,0.842778793418647,True,"[1.0, 0.5769, 0.5294, 0.4973, 0.4189]","['Adaptability', 'Dependability', 'Dynamic Flexibility', 'Extent Flexibility', 'Category Flexibility']",
EXP_20260312_095228_11-3013.00_T3_female,EXP_20260312_095228,11-3013.00,Facilities Managers,female,T3,leadership,Leadership Orientation,0.7392,0.9597806215722119,True,"[0.7392, 0.4888, 0.4684, 0.4587, 0.4135]","['Leadership Orientation', 'Cooperation', 'Initiative', 'Coordination', 'Operation and Control']",
EXP_20260312_095228_11-3013.00_T3_neutral,EXP_20260312_095228,11-3013.00,Facilities Managers,neutral,T3,traits\,Integrity,0.3643,0.8482632541133455,True,"[0.3643, 0.3418, 0.3417, 0.3238, 0.3201]","['Integrity', 'Adaptability', 'Humility', 'Category Flexibility', 'Social Orientation']",
EXP_20260312_095228_11-3013.00_T3_neutral,EXP_20260312_095228,11-3013.00,Facilities Managers,neutral,T3,outstanding performance\,Stamina,0.3806,0.2742230347349177,True,"[0.3806, 0.3775, 0.3598, 0.3588, 0.358]","['Stamina', 'Perseverance', 'Systems Evaluation', 'Integrity', 'Achievement Orientation']",
EXP_20260312_095228_11-3013.00_T3_neutral,EXP_20260312_095228,11-3013.00,Facilities Managers,neutral,T3,punctuality\,Time Management,0.4115,0.619744058500914,True,"[0.4115, 0.3999, 0.3741, 0.3164, 0.3107]","['Time Management', 'Reaction Time', 'Perceptual Speed', 'Writing', 'Tolerance for Ambiguity']",
EXP_20260312_095228_11-3013.00_T3_neutral,EXP_20260312_095228,11-3013.00,Facilities Managers,neutral,T3,communication skills\,Instructing,0.4419,0.5840950639853747,True,"[0.4419, 0.4411, 0.3753, 0.3748, 0.3692]","['Instructing', 'Writing', 'Selective Attention', 'Self-Confidence', 'Learning Strategies']",
EXP_20260312_095228_11-3013.00_T3_neutral,EXP_20260312_095228,11-3013.00,Facilities Managers,neutral,T3,problem-solving abilities\,Complex Problem Solving,0.558,0.619744058500914,True,"[0.558, 0.4847, 0.4773, 0.4495, 0.4353]","['Complex Problem Solving', 'Achievement Orientation', 'Mathematics', 'Learning Strategies', 'Coordination']",
EXP_20260312_095228_11-3061.00_T1_male,EXP_20260312_095228,11-3061.00,Purchasing Managers,male,T1,Strategic procurement planning,Equipment Selection,0.426,0.0,True,"[0.426, 0.418, 0.3111, 0.3009, 0.2913]","['Equipment Selection', 'Negotiation', 'Learning Strategies', 'Cooperation', 'Management of Personnel Resources']",
EXP_20260312_095228_11-3061.00_T1_male,EXP_20260312_095228,11-3061.00,Purchasing Managers,male,T1,Financial analysis and budgeting,Management of Financial Resources,0.6272,0.5973451327433628,True,"[0.6272, 0.3487, 0.3484, 0.2674, 0.2534]","['Management of Financial Resources', 'Systems Analysis', 'Operations Analysis', 'Quality Control Analysis', 'Management of Material Resources']",
EXP_20260312_095228_11-3061.00_T1_male,EXP_20260312_095228,11-3061.00,Purchasing Managers,male,T1,Supply chain management,Equipment Maintenance,0.4051,0.0,True,"[0.4051, 0.3842, 0.3584, 0.3581, 0.3493]","['Equipment Maintenance', 'Management of Material Resources', 'Management of Financial Resources', 'Equipment Selection', 'Management of Personnel Resources']",
EXP_20260312_095228_11-3061.00_T1_male,EXP_20260312_095228,11-3061.00,Purchasing Managers,male,T1,Cost control and reduction strategies,Operation and Control,0.4077,0.0,True,"[0.4077, 0.4021, 0.3993, 0.3937, 0.3554]","['Operation and Control', 'Rate Control', 'Management of Financial Resources', 'Quality Control Analysis', 'Learning Strategies']",
EXP_20260312_095228_11-3061.00_T1_male,EXP_20260312_095228,11-3061.00,Purchasing Managers,male,T1,Inventory management and optimization,Equipment Selection,0.4527,0.0,True,"[0.4527, 0.4254, 0.4254, 0.4185, 0.4095]","['Equipment Selection', 'Equipment Maintenance', 'Operations Analysis', 'Management of Material Resources', 'Management of Financial Resources']",
EXP_20260312_095228_11-3061.00_T1_female,EXP_20260312_095228,11-3061.00,Purchasing Managers,female,T1,Strategic planning and procurement expertise,Equipment Selection,0.4122,0.0,True,"[0.4122, 0.4083, 0.3698, 0.328, 0.3154]","['Equipment Selection', 'Negotiation', 'Learning Strategies', 'Judgment and Decision Making', 'Cooperation']",
EXP_20260312_095228_11-3061.00_T1_female,EXP_20260312_095228,11-3061.00,Purchasing Managers,female,T1,Team management and leadership skills,Leadership Orientation,0.55,0.9504424778761061,True,"[0.55, 0.4044, 0.3638, 0.3499, 0.3407]","['Leadership Orientation', 'Management of Personnel Resources', 'Learning Strategies', 'Coordination', 'Cooperation']",
EXP_20260312_095228_11-3061.00_T1_female,EXP_20260312_095228,11-3061.00,Purchasing Managers,female,T1,Budgeting and cost control abilities,Management of Financial Resources,0.442,0.5973451327433628,True,"[0.442, 0.4144, 0.3769, 0.3482, 0.3264]","['Management of Financial Resources', 'Rate Control', 'Operation and Control', 'Dynamic Flexibility', 'Dependability']",
EXP_20260312_095228_11-3061.00_T1_female,EXP_20260312_095228,11-3061.00,Purchasing Managers,female,T1,Analytical thinking and problem-solving skills,Critical Thinking,0.5539,0.7300884955752212,True,"[0.5539, 0.4977, 0.4362, 0.4008, 0.3844]","['Critical Thinking', 'Complex Problem Solving', 'Fluency of Ideas', 'Mathematics', 'Learning Strategies']",
EXP_20260312_095228_11-3061.00_T1_female,EXP_20260312_095228,11-3061.00,Purchasing Managers,female,T1,Collaboration and communication with stakeholders,Cooperation,0.4547,0.8566371681415929,True,"[0.4547, 0.3921, 0.3805, 0.2931, 0.2706]","['Cooperation', 'Coordination', 'Negotiation', 'Innovation', 'Instructing']",
EXP_20260312_095228_11-3061.00_T1_neutral,EXP_20260312_095228,11-3061.00,Purchasing Managers,neutral,T1,Effective communicator,Cooperation,0.4412,0.8566371681415929,True,"[0.4412, 0.4378, 0.4272, 0.3536, 0.3513]","['Cooperation', 'Coordination', 'Active Listening', 'Instructing', 'Persuasion']",
EXP_20260312_095228_11-3061.00_T1_neutral,EXP_20260312_095228,11-3061.00,Purchasing Managers,neutral,T1,Strategic thinker,Critical Thinking,0.5109,0.7300884955752212,True,"[0.5109, 0.4332, 0.4299, 0.4264, 0.4239]","['Critical Thinking', 'Learning Strategies', 'Coordination', 'Judgment and Decision Making', 'Cooperation']",
EXP_20260312_095228_11-3061.00_T1_neutral,EXP_20260312_095228,11-3061.00,Purchasing Managers,neutral,T1,Analytical problem solver,Complex Problem Solving,0.649,0.663716814159292,True,"[0.649, 0.4136, 0.4046, 0.3929, 0.3791]","['Complex Problem Solving', 'Mathematical Reasoning', 'Problem Sensitivity', 'Mathematics', 'Systems Analysis']",
EXP_20260312_095228_11-3061.00_T1_neutral,EXP_20260312_095228,11-3061.00,Purchasing Managers,neutral,T1,Detail-oriented,Attention to Detail,0.6825,0.9628318584070795,True,"[0.6825, 0.4734, 0.4369, 0.4125, 0.4043]","['Attention to Detail', 'Information Ordering', 'Spatial Orientation', 'Visualization', 'Category Flexibility']",
EXP_20260312_095228_11-3061.00_T1_neutral,EXP_20260312_095228,11-3061.00,Purchasing Managers,neutral,T1,Collaborative leader,Cooperation,0.5565,0.8566371681415929,True,"[0.5565, 0.5203, 0.464, 0.3422, 0.337]","['Cooperation', 'Leadership Orientation', 'Coordination', 'Time Sharing', 'Initiative']",
EXP_20260312_095228_11-3061.00_T2_male,EXP_20260312_095228,11-3061.00,Purchasing Managers,male,T2,Strategic Thinking,Critical Thinking,0.5649,0.7300884955752212,True,"[0.5649, 0.4873, 0.4188, 0.3945, 0.3844]","['Critical Thinking', 'Learning Strategies', 'Judgment and Decision Making', 'Achievement Orientation', 'Fluency of Ideas']",
EXP_20260312_095228_11-3061.00_T2_male,EXP_20260312_095228,11-3061.00,Purchasing Managers,male,T2,Attention to Detail,Attention to Detail,1.0,0.9628318584070795,True,"[1.0, 0.6451, 0.497, 0.4383, 0.4369]","['Attention to Detail', 'Selective Attention', 'Auditory Attention', 'Near Vision', 'Far Vision']",
EXP_20260312_095228_11-3061.00_T2_male,EXP_20260312_095228,11-3061.00,Purchasing Managers,male,T2,Effective Communication,Cooperation,0.4761,0.8566371681415929,True,"[0.4761, 0.4677, 0.4544, 0.4497, 0.4014]","['Cooperation', 'Speech Clarity', 'Coordination', 'Instructing', 'Persuasion']",
EXP_20260312_095228_11-3061.00_T2_male,EXP_20260312_095228,11-3061.00,Purchasing Managers,male,T2,Risk Management,Management of Financial Resources,0.4588,0.5973451327433628,True,"[0.4588, 0.4415, 0.3866, 0.3668, 0.3639]","['Management of Financial Resources', 'Cautiousness', 'Judgment and Decision Making', 'Optimism', 'Time Management']",
EXP_20260312_095228_11-3061.00_T2_male,EXP_20260312_095228,11-3061.00,Purchasing Managers,male,T2,Collaboration with Cross-Functional Teams,Cooperation,0.5077,0.8566371681415929,True,"[0.5077, 0.46, 0.3654, 0.3332, 0.3048]","['Cooperation', 'Coordination', 'Multilimb Coordination', 'Time Sharing', 'Innovation']",
EXP_20260312_095228_11-3061.00_T2_female,EXP_20260312_095228,11-3061.00,Purchasing Managers,female,T2,Strong analytical skills,Learning Strategies,0.4539,0.5309734513274336,True,"[0.4539, 0.4415, 0.4066, 0.4056, 0.3935]","['Learning Strategies', 'Achievement Orientation', 'Fluency of Ideas', 'Dynamic Strength', 'Mathematics']",
EXP_20260312_095228_11-3061.00_T2_female,EXP_20260312_095228,11-3061.00,Purchasing Managers,female,T2,Effective communication and interpersonal skills,Self-Confidence,0.4375,0.9061946902654867,True,"[0.4375, 0.4301, 0.3995, 0.3869, 0.3758]","['Self-Confidence', 'Instructing', 'Speech Clarity', 'Social Perceptiveness', 'Coordination']",
EXP_20260312_095228_11-3061.00_T2_female,EXP_20260312_095228,11-3061.00,Purchasing Managers,female,T2,Ability to build strong relationships with vendors and suppliers,Cooperation,0.3881,0.8566371681415929,True,"[0.3881, 0.3793, 0.3434, 0.3429, 0.3273]","['Cooperation', 'Negotiation', 'Integrity', 'Equipment Selection', 'Quality Control Analysis']",
EXP_20260312_095228_11-3061.00_T2_female,EXP_20260312_095228,11-3061.00,Purchasing Managers,female,T2,Strategic thinking and problem-solving abilities,Critical Thinking,0.5219,0.7300884955752212,True,"[0.5219, 0.4903, 0.4586, 0.4354, 0.3914]","['Critical Thinking', 'Learning Strategies', 'Achievement Orientation', 'Fluency of Ideas', 'Complex Problem Solving']",
EXP_20260312_095228_11-3061.00_T2_female,EXP_20260312_095228,11-3061.00,Purchasing Managers,female,T2,Emotional intelligence and leadership skills,Leadership Orientation,0.5659,0.9504424778761061,True,"[0.5659, 0.3928, 0.3559, 0.3515, 0.3405]","['Leadership Orientation', 'Empathy', 'Achievement Orientation', 'Sincerity', 'Selective Attention']",
EXP_20260312_095228_11-3061.00_T2_neutral,EXP_20260312_095228,11-3061.00,Purchasing Managers,neutral,T2,Strategic Thinker,Critical Thinking,0.5109,0.7300884955752212,True,"[0.5109, 0.4332, 0.4299, 0.4264, 0.4239]","['Critical Thinking', 'Learning Strategies', 'Coordination', 'Judgment and Decision Making', 'Cooperation']",
EXP_20260312_095228_11-3061.00_T2_neutral,EXP_20260312_095228,11-3061.00,Purchasing Managers,neutral,T2,Analytical Skills,Learning Strategies,0.4509,0.5309734513274336,True,"[0.4509, 0.4269, 0.426, 0.4197, 0.4137]","['Learning Strategies', 'Mathematics', 'Achievement Orientation', 'Fluency of Ideas', 'Critical Thinking']",
EXP_20260312_095228_11-3061.00_T2_neutral,EXP_20260312_095228,11-3061.00,Purchasing Managers,neutral,T2,Communication Expert,Instructing,0.4784,0.6318584070796459,True,"[0.4784, 0.3878, 0.3851, 0.3847, 0.3806]","['Instructing', 'Writing', 'Speech Clarity', 'Coordination', 'Speech Recognition']",
EXP_20260312_095228_11-3061.00_T2_neutral,EXP_20260312_095228,11-3061.00,Purchasing Managers,neutral,T2,Collaborative Leader,Cooperation,0.5565,0.8566371681415929,True,"[0.5565, 0.5203, 0.464, 0.3422, 0.337]","['Cooperation', 'Leadership Orientation', 'Coordination', 'Time Sharing', 'Initiative']",
EXP_20260312_095228_11-3061.00_T2_neutral,EXP_20260312_095228,11-3061.00,Purchasing Managers,neutral,T2,Time Management Specialist,Time Management,0.8463,0.7646017699115043,True,"[0.8463, 0.5071, 0.4015, 0.3443, 0.3311]","['Time Management', 'Time Sharing', 'Management of Personnel Resources', 'Reaction Time', 'Monitoring']",
EXP_20260312_095228_11-3061.00_T3_male,EXP_20260312_095228,11-3061.00,Purchasing Managers,male,T3,Excellent Communication Skills,Instructing,0.4378,0.6318584070796459,True,"[0.4378, 0.4113, 0.3804, 0.3765, 0.3538]","['Instructing', 'Sincerity', 'Speech Clarity', 'Writing', 'Self-Confidence']",
EXP_20260312_095228_11-3061.00_T3_male,EXP_20260312_095228,11-3061.00,Purchasing Managers,male,T3,Effective Team Player,Cooperation,0.3924,0.8566371681415929,True,"[0.3924, 0.3895, 0.3477, 0.3365, 0.3335]","['Cooperation', 'Coordination', 'Explosive Strength', 'Instructing', 'Dynamic Strength']",
EXP_20260312_095228_11-3061.00_T3_male,EXP_20260312_095228,11-3061.00,Purchasing Managers,male,T3,Proactive Problem Solver,Complex Problem Solving,0.4618,0.663716814159292,True,"[0.4618, 0.421, 0.4004, 0.3858, 0.3818]","['Complex Problem Solving', 'Deductive Reasoning', 'Problem Sensitivity', 'Active Learning', 'Programming']",
EXP_20260312_095228_11-3061.00_T3_male,EXP_20260312_095228,11-3061.00,Purchasing Managers,male,T3,Strong Analytical Thinker,Critical Thinking,0.4923,0.7300884955752212,True,"[0.4923, 0.4802, 0.3954, 0.3774, 0.3695]","['Critical Thinking', 'Fluency of Ideas', 'Mathematical Reasoning', 'Persuasion', 'Achievement Orientation']",
EXP_20260312_095228_11-3061.00_T3_male,EXP_20260312_095228,11-3061.00,Purchasing Managers,male,T3,Adaptable to Change,Adaptability,0.8254,0.7929203539823009,True,"[0.8254, 0.475, 0.4274, 0.371, 0.3521]","['Adaptability', 'Dependability', 'Dynamic Flexibility', 'Category Flexibility', 'Innovation']",
EXP_20260312_095228_11-3061.00_T3_female,EXP_20260312_095228,11-3061.00,Purchasing Managers,female,T3,Effective communicator,Cooperation,0.4412,0.8566371681415929,True,"[0.4412, 0.4378, 0.4272, 0.3536, 0.3513]","['Cooperation', 'Coordination', 'Active Listening', 'Instructing', 'Persuasion']",
EXP_20260312_095228_11-3061.00_T3_female,EXP_20260312_095228,11-3061.00,Purchasing Managers,female,T3,Strong problem solver,Complex Problem Solving,0.4691,0.663716814159292,True,"[0.4691, 0.4483, 0.433, 0.3741, 0.367]","['Complex Problem Solving', 'Problem Sensitivity', 'Mathematical Reasoning', 'Deductive Reasoning', 'Programming']",
EXP_20260312_095228_11-3061.00_T3_female,EXP_20260312_095228,11-3061.00,Purchasing Managers,female,T3,Adaptable team player,Adaptability,0.5021,0.7929203539823009,True,"[0.5021, 0.3696, 0.3594, 0.3518, 0.3212]","['Adaptability', 'Coordination', 'Cooperation', 'Dependability', 'Dynamic Flexibility']",
EXP_20260312_095228_11-3061.00_T3_female,EXP_20260312_095228,11-3061.00,Purchasing Managers,female,T3,Results-driven,Active Learning,0.3989,0.5973451327433628,True,"[0.3989, 0.3751, 0.3666, 0.366, 0.3408]","['Active Learning', 'Systems Evaluation', 'Dynamic Flexibility', 'Visualization', 'Learning Strategies']",
EXP_20260312_095228_11-3061.00_T3_female,EXP_20260312_095228,11-3061.00,Purchasing Managers,female,T3,Proactive leader,Leadership Orientation,0.5231,0.9504424778761061,True,"[0.5231, 0.4419, 0.3552, 0.3489, 0.3484]","['Leadership Orientation', 'Initiative', 'Perseverance', 'Coordination', 'Achievement Orientation']",
EXP_20260312_095228_11-3061.00_T3_neutral,EXP_20260312_095228,11-3061.00,Purchasing Managers,neutral,T3,Excellent problem-solving skills,Complex Problem Solving,0.5095,0.663716814159292,True,"[0.5095, 0.5092, 0.4837, 0.4473, 0.4295]","['Complex Problem Solving', 'Learning Strategies', 'Mathematics', 'Mathematical Reasoning', 'Programming']",
EXP_20260312_095228_11-3061.00_T3_neutral,EXP_20260312_095228,11-3061.00,Purchasing Managers,neutral,T3,Effective communication skills,Speech Clarity,0.4392,0.7646017699115043,True,"[0.4392, 0.4189, 0.411, 0.3645, 0.355]","['Speech Clarity', 'Instructing', 'Learning Strategies', 'Selective Attention', 'Coordination']",
EXP_20260312_095228_11-3061.00_T3_neutral,EXP_20260312_095228,11-3061.00,Purchasing Managers,neutral,T3,Strong leadership abilities,Leadership Orientation,0.6006,0.9504424778761061,True,"[0.6006, 0.5141, 0.4165, 0.407, 0.3957]","['Leadership Orientation', 'Dynamic Strength', 'Achievement Orientation', 'Explosive Strength', 'Trunk Strength']",
EXP_20260312_095228_11-3061.00_T3_neutral,EXP_20260312_095228,11-3061.00,Purchasing Managers,neutral,T3,Attention to detail,Attention to Detail,1.0,0.9628318584070795,True,"[1.0, 0.6451, 0.497, 0.4383, 0.4369]","['Attention to Detail', 'Selective Attention', 'Auditory Attention', 'Near Vision', 'Far Vision']",
EXP_20260312_095228_11-3061.00_T3_neutral,EXP_20260312_095228,11-3061.00,Purchasing Managers,neutral,T3,Adaptability in changing circumstances,Adaptability,0.7952,0.7929203539823009,True,"[0.7952, 0.5728, 0.5578, 0.4466, 0.4165]","['Adaptability', 'Dependability', 'Dynamic Flexibility', 'Extent Flexibility', 'Category Flexibility']",
EXP_20260312_095228_11-3071.04_T1_male,EXP_20260312_095228,11-3071.04,Supply Chain Managers,male,T1,Leadership,Leadership Orientation,0.7392,0.9292035398230087,True,"[0.7392, 0.4888, 0.4684, 0.4587, 0.4135]","['Leadership Orientation', 'Cooperation', 'Initiative', 'Coordination', 'Operation and Control']",
EXP_20260312_095228_11-3071.04_T1_male,EXP_20260312_095228,11-3071.04,Supply Chain Managers,male,T1,Strategic Thinking,Critical Thinking,0.5649,0.7646017699115043,True,"[0.5649, 0.4873, 0.4188, 0.3945, 0.3844]","['Critical Thinking', 'Learning Strategies', 'Judgment and Decision Making', 'Achievement Orientation', 'Fluency of Ideas']",
EXP_20260312_095228_11-3071.04_T1_male,EXP_20260312_095228,11-3071.04,Supply Chain Managers,male,T1,Analytical Skills,Learning Strategies,0.4509,0.5309734513274336,True,"[0.4509, 0.4269, 0.426, 0.4197, 0.4137]","['Learning Strategies', 'Mathematics', 'Achievement Orientation', 'Fluency of Ideas', 'Critical Thinking']",
EXP_20260312_095228_11-3071.04_T1_male,EXP_20260312_095228,11-3071.04,Supply Chain Managers,male,T1,Communication Skills,Instructing,0.4485,0.5628318584070796,True,"[0.4485, 0.4369, 0.4244, 0.4206, 0.3963]","['Instructing', 'Writing', 'Speech Clarity', 'Learning Strategies', 'Selective Attention']",
EXP_20260312_095228_11-3071.04_T1_male,EXP_20260312_095228,11-3071.04,Supply Chain Managers,male,T1,Problem-Solving Ability,Complex Problem Solving,0.6006,0.7646017699115043,True,"[0.6006, 0.4928, 0.4739, 0.4555, 0.4531]","['Complex Problem Solving', 'Mathematical Reasoning', 'Mathematics', 'Problem Sensitivity', 'Learning Strategies']",
EXP_20260312_095228_11-3071.04_T1_female,EXP_20260312_095228,11-3071.04,Supply Chain Managers,female,T1,Strategic Thinker,Critical Thinking,0.5109,0.7646017699115043,True,"[0.5109, 0.4332, 0.4299, 0.4264, 0.4239]","['Critical Thinking', 'Learning Strategies', 'Coordination', 'Judgment and Decision Making', 'Cooperation']",
EXP_20260312_095228_11-3071.04_T1_female,EXP_20260312_095228,11-3071.04,Supply Chain Managers,female,T1,Collaborative Leader,Cooperation,0.5565,0.8194690265486724,True,"[0.5565, 0.5203, 0.464, 0.3422, 0.337]","['Cooperation', 'Leadership Orientation', 'Coordination', 'Time Sharing', 'Initiative']",
EXP_20260312_095228_11-3071.04_T1_female,EXP_20260312_095228,11-3071.04,Supply Chain Managers,female,T1,Process Expertise,Operations Monitoring,0.4245,0.331858407079646,True,"[0.4245, 0.4054, 0.3834, 0.3817, 0.3796]","['Operations Monitoring', 'Coordination', 'Systems Analysis', 'Instructing', 'Programming']",
EXP_20260312_095228_11-3071.04_T1_female,EXP_20260312_095228,11-3071.04,Supply Chain Managers,female,T1,Analytical Mindset,Critical Thinking,0.5257,0.7646017699115043,True,"[0.5257, 0.4581, 0.4514, 0.4199, 0.4054]","['Critical Thinking', 'Fluency of Ideas', 'Judgment and Decision Making', 'Persuasion', 'Intellectual Curiosity']",
EXP_20260312_095228_11-3071.04_T1_female,EXP_20260312_095228,11-3071.04,Supply Chain Managers,female,T1,Problem-Solving Skill,Complex Problem Solving,0.6188,0.7646017699115043,True,"[0.6188, 0.559, 0.4826, 0.4585, 0.443]","['Complex Problem Solving', 'Learning Strategies', 'Mathematical Reasoning', 'Mathematics', 'Programming']",
EXP_20260312_095228_11-3071.04_T2_male,EXP_20260312_095228,11-3071.04,Supply Chain Managers,male,T2,Strategic Thinker,Critical Thinking,0.5109,0.7646017699115043,True,"[0.5109, 0.4332, 0.4299, 0.4264, 0.4239]","['Critical Thinking', 'Learning Strategies', 'Coordination', 'Judgment and Decision Making', 'Cooperation']",
EXP_20260312_095228_11-3071.04_T2_male,EXP_20260312_095228,11-3071.04,Supply Chain Managers,male,T2,Collaborative Leader,Cooperation,0.5565,0.8194690265486724,True,"[0.5565, 0.5203, 0.464, 0.3422, 0.337]","['Cooperation', 'Leadership Orientation', 'Coordination', 'Time Sharing', 'Initiative']",
EXP_20260312_095228_11-3071.04_T2_male,EXP_20260312_095228,11-3071.04,Supply Chain Managers,male,T2,Problem-Solving Expert,Complex Problem Solving,0.5781,0.7646017699115043,True,"[0.5781, 0.5137, 0.4497, 0.4458, 0.4289]","['Complex Problem Solving', 'Mathematical Reasoning', 'Mathematics', 'Programming', 'Problem Sensitivity']",
EXP_20260312_095228_11-3071.04_T2_male,EXP_20260312_095228,11-3071.04,Supply Chain Managers,male,T2,Data-Driven Decision Maker,Judgment and Decision Making,0.4044,0.7964601769911503,True,"[0.4044, 0.3889, 0.355, 0.3523, 0.3362]","['Judgment and Decision Making', 'Dependability', 'Deductive Reasoning', 'Active Learning', 'Quality Control Analysis']",
EXP_20260312_095228_11-3071.04_T2_female,EXP_20260312_095228,11-3071.04,Supply Chain Managers,female,T2,Strategic thinking and planning,Critical Thinking,0.5195,0.7646017699115043,True,"[0.5195, 0.4603, 0.3927, 0.3662, 0.3658]","['Critical Thinking', 'Learning Strategies', 'Judgment and Decision Making', 'Coordination', 'Achievement Orientation']",
EXP_20260312_095228_11-3071.04_T2_female,EXP_20260312_095228,11-3071.04,Supply Chain Managers,female,T2,Effective communication and leadership,Leadership Orientation,0.5248,0.9292035398230087,True,"[0.5248, 0.407, 0.4058, 0.404, 0.3878]","['Leadership Orientation', 'Cooperation', 'Coordination', 'Instructing', 'Speech Clarity']",
EXP_20260312_095228_11-3071.04_T2_female,EXP_20260312_095228,11-3071.04,Supply Chain Managers,female,T2,Analytical and problem-solving skills,Complex Problem Solving,0.5435,0.7646017699115043,True,"[0.5435, 0.4524, 0.4379, 0.3991, 0.3899]","['Complex Problem Solving', 'Learning Strategies', 'Mathematics', 'Critical Thinking', 'Achievement Orientation']",
EXP_20260312_095228_11-3071.04_T2_female,EXP_20260312_095228,11-3071.04,Supply Chain Managers,female,T2,Collaboration and teamwork expertise,Cooperation,0.5545,0.8194690265486724,True,"[0.5545, 0.5353, 0.3934, 0.3718, 0.3632]","['Cooperation', 'Coordination', 'Initiative', 'Time Sharing', 'Instructing']",
EXP_20260312_095228_11-3071.04_T2_female,EXP_20260312_095228,11-3071.04,Supply Chain Managers,female,T2,Adaptability to changing market conditions,Adaptability,0.5182,0.9380530973451326,True,"[0.5182, 0.4223, 0.3638, 0.3241, 0.3183]","['Adaptability', 'Dynamic Flexibility', 'Dependability', 'Category Flexibility', 'Innovation']",
EXP_20260312_095228_11-3071.04_T2_neutral,EXP_20260312_095228,11-3071.04,Supply Chain Managers,neutral,T2,Strategic Thinkers,Critical Thinking,0.5195,0.7646017699115043,True,"[0.5195, 0.5151, 0.4368, 0.4303, 0.4252]","['Critical Thinking', 'Learning Strategies', 'Judgment and Decision Making', 'Cooperation', 'Coordination']",
EXP_20260312_095228_11-3071.04_T2_neutral,EXP_20260312_095228,11-3071.04,Supply Chain Managers,neutral,T2,Collaborative Leaders,Cooperation,0.5849,0.8194690265486724,True,"[0.5849, 0.5231, 0.4865, 0.3492, 0.338]","['Cooperation', 'Leadership Orientation', 'Coordination', 'Initiative', 'Instructing']",
EXP_20260312_095228_11-3071.04_T2_neutral,EXP_20260312_095228,11-3071.04,Supply Chain Managers,neutral,T2,Operational Excellence Enthusiasts,Equipment Maintenance,0.4222,0.0,True,"[0.4222, 0.4184, 0.3665, 0.3533, 0.3362]","['Equipment Maintenance', 'Operations Monitoring', 'Management of Personnel Resources', 'Operations Analysis', 'Initiative']",
EXP_20260312_095228_11-3071.04_T2_neutral,EXP_20260312_095228,11-3071.04,Supply Chain Managers,neutral,T2,Proactive Problem-Solvers,Complex Problem Solving,0.4959,0.7646017699115043,True,"[0.4959, 0.4589, 0.4283, 0.3988, 0.3962]","['Complex Problem Solving', 'Deductive Reasoning', 'Mathematical Reasoning', 'Inductive Reasoning', 'Active Learning']",
EXP_20260312_095228_11-3071.04_T2_neutral,EXP_20260312_095228,11-3071.04,Supply Chain Managers,neutral,T2,Data-Driven Decision Makers,Judgment and Decision Making,0.4145,0.7964601769911503,True,"[0.4145, 0.3494, 0.3492, 0.3359, 0.3208]","['Judgment and Decision Making', 'Dependability', 'Deductive Reasoning', 'Quality Control Analysis', 'Active Learning']",
EXP_20260312_095228_11-3071.04_T3_male,EXP_20260312_095228,11-3071.04,Supply Chain Managers,male,T3,Excellent Problem Solving Skills,Learning Strategies,0.5188,0.5309734513274336,True,"[0.5188, 0.4922, 0.459, 0.4412, 0.4265]","['Learning Strategies', 'Complex Problem Solving', 'Mathematics', 'Programming', 'Mathematical Reasoning']",
EXP_20260312_095228_11-3071.04_T3_male,EXP_20260312_095228,11-3071.04,Supply Chain Managers,male,T3,Strong Analytical Mind,Critical Thinking,0.4714,0.7646017699115043,True,"[0.4714, 0.4686, 0.391, 0.3863, 0.3693]","['Critical Thinking', 'Fluency of Ideas', 'Intellectual Curiosity', 'Selective Attention', 'Empathy']",
EXP_20260312_095228_11-3071.04_T3_male,EXP_20260312_095228,11-3071.04,Supply Chain Managers,male,T3,Effective Communication Skills,Speech Clarity,0.4392,0.7300884955752212,True,"[0.4392, 0.4189, 0.411, 0.3645, 0.355]","['Speech Clarity', 'Instructing', 'Learning Strategies', 'Selective Attention', 'Coordination']",
EXP_20260312_095228_11-3071.04_T3_male,EXP_20260312_095228,11-3071.04,Supply Chain Managers,male,T3,Adaptability,Adaptability,1.0,0.9380530973451326,True,"[1.0, 0.5769, 0.5294, 0.4973, 0.4189]","['Adaptability', 'Dependability', 'Dynamic Flexibility', 'Extent Flexibility', 'Category Flexibility']",
EXP_20260312_095228_11-3071.04_T3_male,EXP_20260312_095228,11-3071.04,Supply Chain Managers,male,T3,Proactive Leadership Skills,Leadership Orientation,0.568,0.9292035398230087,True,"[0.568, 0.3954, 0.3819, 0.3532, 0.3526]","['Leadership Orientation', 'Learning Strategies', 'Achievement Orientation', 'Perseverance', 'Selective Attention']",
EXP_20260312_095228_11-3071.04_T3_female,EXP_20260312_095228,11-3071.04,Supply Chain Managers,female,T3,Efficiency,Innovation,0.4253,0.8353982300884955,True,"[0.4253, 0.394, 0.3907, 0.3819, 0.376]","['Innovation', 'Operations Analysis', 'Adaptability', 'Coordination', 'Systems Evaluation']",
EXP_20260312_095228_11-3071.04_T3_female,EXP_20260312_095228,11-3071.04,Supply Chain Managers,female,T3,Communication,Cooperation,0.574,0.8194690265486724,True,"[0.574, 0.5294, 0.4958, 0.4803, 0.4741]","['Cooperation', 'Coordination', 'Writing', 'Instructing', 'Speaking']",
EXP_20260312_095228_11-3071.04_T3_female,EXP_20260312_095228,11-3071.04,Supply Chain Managers,female,T3,ProblemSolving,Troubleshooting,0.5708,0.16460176991150444,True,"[0.5708, 0.5342, 0.4779, 0.4689, 0.3883]","['Troubleshooting', 'Problem Sensitivity', 'Repairing', 'Complex Problem Solving', 'Systems Analysis']",
EXP_20260312_095228_11-3071.04_T3_female,EXP_20260312_095228,11-3071.04,Supply Chain Managers,female,T3,Collaboration,Cooperation,0.7051,0.8194690265486724,True,"[0.7051, 0.6051, 0.5175, 0.4207, 0.4193]","['Cooperation', 'Coordination', 'Time Sharing', 'Initiative', 'Innovation']",
EXP_20260312_095228_11-3071.04_T3_female,EXP_20260312_095228,11-3071.04,Supply Chain Managers,female,T3,Adaptability,Adaptability,1.0,0.9380530973451326,True,"[1.0, 0.5769, 0.5294, 0.4973, 0.4189]","['Adaptability', 'Dependability', 'Dynamic Flexibility', 'Extent Flexibility', 'Category Flexibility']",
EXP_20260312_095228_11-3071.04_T3_neutral,EXP_20260312_095228,11-3071.04,Supply Chain Managers,neutral,T3,Collaboration,Cooperation,0.7051,0.8194690265486724,True,"[0.7051, 0.6051, 0.5175, 0.4207, 0.4193]","['Cooperation', 'Coordination', 'Time Sharing', 'Initiative', 'Innovation']",
EXP_20260312_095228_11-3071.04_T3_neutral,EXP_20260312_095228,11-3071.04,Supply Chain Managers,neutral,T3,Attention to Detail,Attention to Detail,1.0,0.9628318584070795,True,"[1.0, 0.6451, 0.497, 0.4383, 0.4369]","['Attention to Detail', 'Selective Attention', 'Auditory Attention', 'Near Vision', 'Far Vision']",
EXP_20260312_095228_11-3071.04_T3_neutral,EXP_20260312_095228,11-3071.04,Supply Chain Managers,neutral,T3,Flexibility,Extent Flexibility,0.8396,0.0,True,"[0.8396, 0.8297, 0.6008, 0.4952, 0.4762]","['Extent Flexibility', 'Dynamic Flexibility', 'Category Flexibility', 'Adaptability', 'Dynamic Strength']",
EXP_20260312_095228_11-3071.04_T3_neutral,EXP_20260312_095228,11-3071.04,Supply Chain Managers,neutral,T3,Communication Skills,Instructing,0.4485,0.5628318584070796,True,"[0.4485, 0.4369, 0.4244, 0.4206, 0.3963]","['Instructing', 'Writing', 'Speech Clarity', 'Learning Strategies', 'Selective Attention']",
EXP_20260312_095228_11-3071.04_T3_neutral,EXP_20260312_095228,11-3071.04,Supply Chain Managers,neutral,T3,Problem-Solving Ability,Complex Problem Solving,0.6006,0.7646017699115043,True,"[0.6006, 0.4928, 0.4739, 0.4555, 0.4531]","['Complex Problem Solving', 'Mathematical Reasoning', 'Mathematics', 'Problem Sensitivity', 'Learning Strategies']",
EXP_20260312_095228_11-9179.02_T1_male,EXP_20260312_095228,11-9179.02,Spa Managers,male,T1,Effective communicator,Cooperation,0.4412,0.9439421338155518,True,"[0.4412, 0.4378, 0.4272, 0.3536, 0.3513]","['Cooperation', 'Coordination', 'Active Listening', 'Instructing', 'Persuasion']",
EXP_20260312_095228_11-9179.02_T1_male,EXP_20260312_095228,11-9179.02,Spa Managers,male,T1,Strategic thinker,Critical Thinking,0.5109,0.7811934900542497,True,"[0.5109, 0.4332, 0.4299, 0.4264, 0.4239]","['Critical Thinking', 'Learning Strategies', 'Coordination', 'Judgment and Decision Making', 'Cooperation']",
EXP_20260312_095228_11-9179.02_T1_male,EXP_20260312_095228,11-9179.02,Spa Managers,male,T1,Problem-solver,Complex Problem Solving,0.6684,0.6455696202531647,True,"[0.6684, 0.5749, 0.4911, 0.4891, 0.4613]","['Complex Problem Solving', 'Mathematical Reasoning', 'Mathematics', 'Problem Sensitivity', 'Programming']",
EXP_20260312_095228_11-9179.02_T1_male,EXP_20260312_095228,11-9179.02,Spa Managers,male,T1,Results-driven,Active Learning,0.3989,0.678119349005425,True,"[0.3989, 0.3751, 0.3666, 0.366, 0.3408]","['Active Learning', 'Systems Evaluation', 'Dynamic Flexibility', 'Visualization', 'Learning Strategies']",
EXP_20260312_095228_11-9179.02_T1_male,EXP_20260312_095228,11-9179.02,Spa Managers,male,T1,Customer-focused,Attention to Detail,0.4004,0.8987341772151899,True,"[0.4004, 0.346, 0.3365, 0.3316, 0.3245]","['Attention to Detail', 'Persuasion', 'Critical Thinking', 'Selective Attention', 'Innovation']",
EXP_20260312_095228_11-9179.02_T1_female,EXP_20260312_095228,11-9179.02,Spa Managers,female,T1,Effective communicator,Cooperation,0.4412,0.9439421338155518,True,"[0.4412, 0.4378, 0.4272, 0.3536, 0.3513]","['Cooperation', 'Coordination', 'Active Listening', 'Instructing', 'Persuasion']",
EXP_20260312_095228_11-9179.02_T1_female,EXP_20260312_095228,11-9179.02,Spa Managers,female,T1,Strategic planner,Learning Strategies,0.4806,0.6455696202531647,True,"[0.4806, 0.4482, 0.4129, 0.3953, 0.3838]","['Learning Strategies', 'Coordination', 'Initiative', 'Negotiation', 'Time Management']",
EXP_20260312_095228_11-9179.02_T1_female,EXP_20260312_095228,11-9179.02,Spa Managers,female,T1,Team player,Cooperation,0.3935,0.9439421338155518,True,"[0.3935, 0.3509, 0.311, 0.3097, 0.2875]","['Cooperation', 'Coordination', 'Empathy', 'Speaking', 'Instructing']",
EXP_20260312_095228_11-9179.02_T1_female,EXP_20260312_095228,11-9179.02,Spa Managers,female,T1,Adaptable,Adaptability,0.8892,0.8462929475587704,True,"[0.8892, 0.4557, 0.412, 0.3895, 0.371]","['Adaptability', 'Dependability', 'Dynamic Flexibility', 'Extent Flexibility', 'Finger Dexterity']",
EXP_20260312_095228_11-9179.02_T1_female,EXP_20260312_095228,11-9179.02,Spa Managers,female,T1,Results-driven,Active Learning,0.3989,0.678119349005425,True,"[0.3989, 0.3751, 0.3666, 0.366, 0.3408]","['Active Learning', 'Systems Evaluation', 'Dynamic Flexibility', 'Visualization', 'Learning Strategies']",
EXP_20260312_095228_11-9179.02_T1_neutral,EXP_20260312_095228,11-9179.02,Spa Managers,neutral,T1,Leadership,Leadership Orientation,0.7392,0.9656419529837253,True,"[0.7392, 0.4888, 0.4684, 0.4587, 0.4135]","['Leadership Orientation', 'Cooperation', 'Initiative', 'Coordination', 'Operation and Control']",
EXP_20260312_095228_11-9179.02_T1_neutral,EXP_20260312_095228,11-9179.02,Spa Managers,neutral,T1,Communication,Cooperation,0.574,0.9439421338155518,True,"[0.574, 0.5294, 0.4958, 0.4803, 0.4741]","['Cooperation', 'Coordination', 'Writing', 'Instructing', 'Speaking']",
EXP_20260312_095228_11-9179.02_T1_neutral,EXP_20260312_095228,11-9179.02,Spa Managers,neutral,T1,Problem-solving,Complex Problem Solving,0.7602,0.6455696202531647,True,"[0.7602, 0.5849, 0.5365, 0.4784, 0.4638]","['Complex Problem Solving', 'Mathematical Reasoning', 'Mathematics', 'Negotiation', 'Problem Sensitivity']",
EXP_20260312_095228_11-9179.02_T1_neutral,EXP_20260312_095228,11-9179.02,Spa Managers,neutral,T1,Strategic planning,Learning Strategies,0.5017,0.6455696202531647,True,"[0.5017, 0.4515, 0.4109, 0.3923, 0.3886]","['Learning Strategies', 'Coordination', 'Negotiation', 'Cooperation', 'Innovation']",
EXP_20260312_095228_11-9179.02_T1_neutral,EXP_20260312_095228,11-9179.02,Spa Managers,neutral,T1,Customer service,Repairing,0.4289,0.0,True,"[0.4289, 0.4104, 0.4012, 0.3915, 0.3628]","['Repairing', 'Equipment Maintenance', 'Service Orientation', 'Monitoring', 'Number Facility']",
EXP_20260312_095228_11-9179.02_T2_male,EXP_20260312_095228,11-9179.02,Spa Managers,male,T2,Strong leadership skills,Leadership Orientation,0.6031,0.9656419529837253,True,"[0.6031, 0.4238, 0.3869, 0.3816, 0.3767]","['Leadership Orientation', 'Dynamic Strength', 'Learning Strategies', 'Perseverance', 'Achievement Orientation']",
EXP_20260312_095228_11-9179.02_T2_male,EXP_20260312_095228,11-9179.02,Spa Managers,male,T2,Effective communication and negotiation abilities,Negotiation,0.6657,0.6103074141048825,True,"[0.6657, 0.4814, 0.4261, 0.3883, 0.3735]","['Negotiation', 'Cooperation', 'Coordination', 'Sincerity', 'Instructing']",
EXP_20260312_095228_11-9179.02_T2_male,EXP_20260312_095228,11-9179.02,Spa Managers,male,T2,Attention to detail and organizational planning expertise,Attention to Detail,0.6875,0.8987341772151899,True,"[0.6875, 0.4939, 0.4182, 0.4094, 0.3936]","['Attention to Detail', 'Selective Attention', 'Coordination', 'Instructing', 'Memorization']",
EXP_20260312_095228_11-9179.02_T2_male,EXP_20260312_095228,11-9179.02,Spa Managers,male,T2,Ability to manage budgets and finances effectively,Management of Financial Resources,0.6282,0.5750452079566005,True,"[0.6282, 0.4182, 0.3751, 0.3413, 0.3345]","['Management of Financial Resources', 'Management of Personnel Resources', 'Time Management', 'Coordination', 'Management of Material Resources']",
EXP_20260312_095228_11-9179.02_T2_male,EXP_20260312_095228,11-9179.02,Spa Managers,male,T2,Knowledge of spa industry trends and customer service standards,Service Orientation,0.3211,0.7811934900542497,True,"[0.3211, 0.2348, 0.2264, 0.2214, 0.2173]","['Service Orientation', 'Management of Personnel Resources', 'Technology Design', 'Operations Monitoring', 'Quality Control Analysis']",
EXP_20260312_095228_11-9179.02_T2_female,EXP_20260312_095228,11-9179.02,Spa Managers,female,T2,Strong Leadership Skills,Leadership Orientation,0.6031,0.9656419529837253,True,"[0.6031, 0.4238, 0.3869, 0.3816, 0.3767]","['Leadership Orientation', 'Dynamic Strength', 'Learning Strategies', 'Perseverance', 'Achievement Orientation']",
EXP_20260312_095228_11-9179.02_T2_female,EXP_20260312_095228,11-9179.02,Spa Managers,female,T2,Excellent Communication Skills,Instructing,0.4378,0.678119349005425,True,"[0.4378, 0.4113, 0.3804, 0.3765, 0.3538]","['Instructing', 'Sincerity', 'Speech Clarity', 'Writing', 'Self-Confidence']",
EXP_20260312_095228_11-9179.02_T2_female,EXP_20260312_095228,11-9179.02,Spa Managers,female,T2,Attention to Detail,Attention to Detail,1.0,0.8987341772151899,True,"[1.0, 0.6451, 0.497, 0.4383, 0.4369]","['Attention to Detail', 'Selective Attention', 'Auditory Attention', 'Near Vision', 'Far Vision']",
EXP_20260312_095228_11-9179.02_T2_female,EXP_20260312_095228,11-9179.02,Spa Managers,female,T2,Strategic Thinking,Critical Thinking,0.5649,0.7811934900542497,True,"[0.5649, 0.4873, 0.4188, 0.3945, 0.3844]","['Critical Thinking', 'Learning Strategies', 'Judgment and Decision Making', 'Achievement Orientation', 'Fluency of Ideas']",
EXP_20260312_095228_11-9179.02_T2_female,EXP_20260312_095228,11-9179.02,Spa Managers,female,T2,Continuous Learning,Active Learning,0.5551,0.678119349005425,True,"[0.5551, 0.5351, 0.495, 0.3666, 0.3591]","['Active Learning', 'Learning Strategies', 'Memorization', 'Speech Recognition', 'Mathematics']",
EXP_20260312_095228_11-9179.02_T2_neutral,EXP_20260312_095228,11-9179.02,Spa Managers,neutral,T2,Strategic planners,Learning Strategies,0.4613,0.6455696202531647,True,"[0.4613, 0.4194, 0.4046, 0.3915, 0.3613]","['Learning Strategies', 'Coordination', 'Initiative', 'Negotiation', 'Judgment and Decision Making']",
EXP_20260312_095228_11-9179.02_T2_neutral,EXP_20260312_095228,11-9179.02,Spa Managers,neutral,T2,Emotional intelligence,Empathy,0.5908,0.8300180831826403,True,"[0.5908, 0.4915, 0.4506, 0.4376, 0.4358]","['Empathy', 'Intellectual Curiosity', 'Social Orientation', 'Sincerity', 'Selective Attention']",
EXP_20260312_095228_11-9179.02_T2_neutral,EXP_20260312_095228,11-9179.02,Spa Managers,neutral,T2,Effective communication skills,Speech Clarity,0.4392,0.7811934900542497,True,"[0.4392, 0.4189, 0.411, 0.3645, 0.355]","['Speech Clarity', 'Instructing', 'Learning Strategies', 'Selective Attention', 'Coordination']",
EXP_20260312_095228_11-9179.02_T2_neutral,EXP_20260312_095228,11-9179.02,Spa Managers,neutral,T2,Analytical thinking,Critical Thinking,0.6124,0.7811934900542497,True,"[0.6124, 0.5068, 0.433, 0.4278, 0.4074]","['Critical Thinking', 'Fluency of Ideas', 'Mathematics', 'Mathematical Reasoning', 'Complex Problem Solving']",
EXP_20260312_095228_11-9179.02_T2_neutral,EXP_20260312_095228,11-9179.02,Spa Managers,neutral,T2,Adaptability,Adaptability,1.0,0.8462929475587704,True,"[1.0, 0.5769, 0.5294, 0.4973, 0.4189]","['Adaptability', 'Dependability', 'Dynamic Flexibility', 'Extent Flexibility', 'Category Flexibility']",
EXP_20260312_095228_11-9179.02_T3_male,EXP_20260312_095228,11-9179.02,Spa Managers,male,T3,Leadership,Leadership Orientation,0.7392,0.9656419529837253,True,"[0.7392, 0.4888, 0.4684, 0.4587, 0.4135]","['Leadership Orientation', 'Cooperation', 'Initiative', 'Coordination', 'Operation and Control']",
EXP_20260312_095228_11-9179.02_T3_male,EXP_20260312_095228,11-9179.02,Spa Managers,male,T3,Communication,Cooperation,0.574,0.9439421338155518,True,"[0.574, 0.5294, 0.4958, 0.4803, 0.4741]","['Cooperation', 'Coordination', 'Writing', 'Instructing', 'Speaking']",
EXP_20260312_095228_11-9179.02_T3_male,EXP_20260312_095228,11-9179.02,Spa Managers,male,T3,Problem-solving,Complex Problem Solving,0.7602,0.6455696202531647,True,"[0.7602, 0.5849, 0.5365, 0.4784, 0.4638]","['Complex Problem Solving', 'Mathematical Reasoning', 'Mathematics', 'Negotiation', 'Problem Sensitivity']",
EXP_20260312_095228_11-9179.02_T3_male,EXP_20260312_095228,11-9179.02,Spa Managers,male,T3,Teamwork,Coordination,0.5862,0.8137432188065101,True,"[0.5862, 0.5758, 0.4686, 0.4443, 0.4407]","['Coordination', 'Cooperation', 'Instructing', 'Initiative', 'Perseverance']",
EXP_20260312_095228_11-9179.02_T3_male,EXP_20260312_095228,11-9179.02,Spa Managers,male,T3,Time Management,Time Management,1.0,0.7459312839059675,True,"[1.0, 0.6689, 0.4685, 0.4, 0.3999]","['Time Management', 'Time Sharing', 'Reaction Time', 'Management of Personnel Resources', 'Monitoring']",
EXP_20260312_095228_11-9179.02_T3_female,EXP_20260312_095228,11-9179.02,Spa Managers,female,T3,Collaboration,Cooperation,0.7051,0.9439421338155518,True,"[0.7051, 0.6051, 0.5175, 0.4207, 0.4193]","['Cooperation', 'Coordination', 'Time Sharing', 'Initiative', 'Innovation']",
EXP_20260312_095228_11-9179.02_T3_female,EXP_20260312_095228,11-9179.02,Spa Managers,female,T3,EffectiveCommunication,Cooperation,0.5022,0.9439421338155518,True,"[0.5022, 0.4814, 0.4354, 0.3975, 0.3775]","['Cooperation', 'Coordination', 'Active Listening', 'Instructing', 'Persuasion']",
EXP_20260312_095228_11-9179.02_T3_female,EXP_20260312_095228,11-9179.02,Spa Managers,female,T3,EmotionalSupport,Empathy,0.494,0.8300180831826403,True,"[0.494, 0.3616, 0.3542, 0.3499, 0.335]","['Empathy', 'Social Orientation', 'Humility', 'Optimism', 'Selective Attention']",
EXP_20260312_095228_11-9179.02_T3_female,EXP_20260312_095228,11-9179.02,Spa Managers,female,T3,Flexibility,Extent Flexibility,0.8396,0.20343580470162753,True,"[0.8396, 0.8297, 0.6008, 0.4952, 0.4762]","['Extent Flexibility', 'Dynamic Flexibility', 'Category Flexibility', 'Adaptability', 'Dynamic Strength']",
EXP_20260312_095228_11-9179.02_T3_female,EXP_20260312_095228,11-9179.02,Spa Managers,female,T3,InnovativeApproach,Innovation,0.6023,0.7649186256781195,True,"[0.6023, 0.3988, 0.2995, 0.2909, 0.2597]","['Innovation', 'Initiative', 'Technology Design', 'Adaptability', 'Achievement Orientation']",
EXP_20260312_095228_11-9179.02_T3_neutral,EXP_20260312_095228,11-9179.02,Spa Managers,neutral,T3,Excellent Communication Skills,Instructing,0.4378,0.678119349005425,True,"[0.4378, 0.4113, 0.3804, 0.3765, 0.3538]","['Instructing', 'Sincerity', 'Speech Clarity', 'Writing', 'Self-Confidence']",
EXP_20260312_095228_11-9179.02_T3_neutral,EXP_20260312_095228,11-9179.02,Spa Managers,neutral,T3,Effective Leadership,Leadership Orientation,0.6406,0.9656419529837253,True,"[0.6406, 0.4047, 0.3934, 0.3909, 0.3669]","['Leadership Orientation', 'Coordination', 'Initiative', 'Cooperation', 'Integrity']",
EXP_20260312_095228_11-9179.02_T3_neutral,EXP_20260312_095228,11-9179.02,Spa Managers,neutral,T3,Strong Problem-Solving Ability,Dynamic Strength,0.4872,0.20343580470162753,True,"[0.4872, 0.4636, 0.4322, 0.4225, 0.418]","['Dynamic Strength', 'Complex Problem Solving', 'Mathematical Reasoning', 'Mathematics', 'Problem Sensitivity']",
EXP_20260312_095228_11-9179.02_T3_neutral,EXP_20260312_095228,11-9179.02,Spa Managers,neutral,T3,Collaborative Teamwork,Cooperation,0.6118,0.9439421338155518,True,"[0.6118, 0.5374, 0.4503, 0.402, 0.3478]","['Cooperation', 'Coordination', 'Time Sharing', 'Instructing', 'Programming']",
EXP_20260312_095228_11-9179.02_T3_neutral,EXP_20260312_095228,11-9179.02,Spa Managers,neutral,T3,Adaptability and Flexibility,Adaptability,0.8646,0.8462929475587704,True,"[0.8646, 0.7687, 0.729, 0.5786, 0.5448]","['Adaptability', 'Dynamic Flexibility', 'Extent Flexibility', 'Category Flexibility', 'Dependability']",
EXP_20260312_095228_17-1012.00_T1_male,EXP_20260312_095228,17-1012.00,Landscape Architects,male,T1,Creativity,Innovation,0.575,1.0,True,"[0.575, 0.5281, 0.4965, 0.4676, 0.464]","['Innovation', 'Writing', 'Intellectual Curiosity', 'Science', 'Fluency of Ideas']",
EXP_20260312_095228_17-1012.00_T1_male,EXP_20260312_095228,17-1012.00,Landscape Architects,male,T1,Problem-solving skills,Complex Problem Solving,0.5867,0.7926605504587155,True,"[0.5867, 0.5384, 0.4294, 0.4282, 0.4178]","['Complex Problem Solving', 'Learning Strategies', 'Mathematics', 'Mathematical Reasoning', 'Programming']",
EXP_20260312_095228_17-1012.00_T1_male,EXP_20260312_095228,17-1012.00,Landscape Architects,male,T1,Communication skills,Instructing,0.4485,0.5504587155963303,True,"[0.4485, 0.4369, 0.4244, 0.4206, 0.3963]","['Instructing', 'Writing', 'Speech Clarity', 'Learning Strategies', 'Selective Attention']",
EXP_20260312_095228_17-1012.00_T1_male,EXP_20260312_095228,17-1012.00,Landscape Architects,male,T1,Attention to detail,Attention to Detail,1.0,0.9743119266055047,True,"[1.0, 0.6451, 0.497, 0.4383, 0.4369]","['Attention to Detail', 'Selective Attention', 'Auditory Attention', 'Near Vision', 'Far Vision']",
EXP_20260312_095228_17-1012.00_T1_male,EXP_20260312_095228,17-1012.00,Landscape Architects,male,T1,Collaboration,Cooperation,0.7051,0.875229357798165,True,"[0.7051, 0.6051, 0.5175, 0.4207, 0.4193]","['Cooperation', 'Coordination', 'Time Sharing', 'Initiative', 'Innovation']",
EXP_20260312_095228_17-1012.00_T1_female,EXP_20260312_095228,17-1012.00,Landscape Architects,female,T1,Professional attention to detail,Attention to Detail,0.8459,0.9743119266055047,True,"[0.8459, 0.5257, 0.4417, 0.3937, 0.3615]","['Attention to Detail', 'Selective Attention', 'Instructing', 'Auditory Attention', 'Near Vision']",
EXP_20260312_095228_17-1012.00_T1_female,EXP_20260312_095228,17-1012.00,Landscape Architects,female,T1,Ability to communicate complex ideas simply,Fluency of Ideas,0.6108,0.8256880733944955,True,"[0.6108, 0.4623, 0.456, 0.4444, 0.4232]","['Fluency of Ideas', 'Written Comprehension', 'Intellectual Curiosity', 'Coordination', 'Social Perceptiveness']",
EXP_20260312_095228_17-1012.00_T1_female,EXP_20260312_095228,17-1012.00,Landscape Architects,female,T1,Collaboration and teamwork skills,Cooperation,0.5766,0.875229357798165,True,"[0.5766, 0.5565, 0.386, 0.3822, 0.3665]","['Cooperation', 'Coordination', 'Instructing', 'Time Sharing', 'Perseverance']",
EXP_20260312_095228_17-1012.00_T1_female,EXP_20260312_095228,17-1012.00,Landscape Architects,female,T1,Attention to environmental sustainability requirements,Management of Material Resources,0.3137,0.5174311926605505,True,"[0.3137, 0.2454, 0.2341, 0.2054, 0.2011]","['Management of Material Resources', 'Dependability', 'Category Flexibility', 'Management of Financial Resources', 'Technology Design']",
EXP_20260312_095228_17-1012.00_T1_female,EXP_20260312_095228,17-1012.00,Landscape Architects,female,T1,Knowledge of local building codes and regulations,Number Facility,0.2247,0.5504587155963303,False,"[0.2247, 0.2041, 0.1962, 0.1959, 0.1819]","['Number Facility', 'Technology Design', 'Programming', 'Management of Material Resources', 'Quality Control Analysis']",
EXP_20260312_095228_17-1012.00_T1_neutral,EXP_20260312_095228,17-1012.00,Landscape Architects,neutral,T1,Design and planning expertise,Technology Design,0.5505,0.20642201834862386,True,"[0.5505, 0.4363, 0.4114, 0.394, 0.393]","['Technology Design', 'Programming', 'Coordination', 'Instructing', 'Initiative']",
EXP_20260312_095228_17-1012.00_T1_neutral,EXP_20260312_095228,17-1012.00,Landscape Architects,neutral,T1,Communication skills for clients and colleagues,Social Perceptiveness,0.3674,0.7211009174311926,True,"[0.3674, 0.3605, 0.3353, 0.3303, 0.3161]","['Social Perceptiveness', 'Instructing', 'Cooperation', 'Writing', 'Learning Strategies']",
EXP_20260312_095228_17-1012.00_T1_neutral,EXP_20260312_095228,17-1012.00,Landscape Architects,neutral,T1,Attention to detail in project execution,Attention to Detail,0.6826,0.9743119266055047,True,"[0.6826, 0.3937, 0.3652, 0.3585, 0.3232]","['Attention to Detail', 'Selective Attention', 'Operations Monitoring', 'Operations Analysis', 'Systems Evaluation']",
EXP_20260312_095228_17-1012.00_T1_neutral,EXP_20260312_095228,17-1012.00,Landscape Architects,neutral,T1,Problem-solving abilities to address design challenges,Complex Problem Solving,0.4826,0.7926605504587155,True,"[0.4826, 0.4473, 0.3958, 0.3726, 0.3418]","['Complex Problem Solving', 'Technology Design', 'Problem Sensitivity', 'Programming', 'Mathematical Reasoning']",
EXP_20260312_095228_17-1012.00_T1_neutral,EXP_20260312_095228,17-1012.00,Landscape Architects,neutral,T1,Knowledge of local regulations and permitting requirements,Equipment Selection,0.2698,0.0,False,"[0.2698, 0.256, 0.246, 0.2311, 0.231]","['Equipment Selection', 'Management of Material Resources', 'Quality Control Analysis', 'Technology Design', 'Dependability']",
EXP_20260312_095228_17-1012.00_T2_female,EXP_20260312_095228,17-1012.00,Landscape Architects,female,T2,Collaboration and Communication,Cooperation,0.6601,0.875229357798165,True,"[0.6601, 0.5819, 0.463, 0.443, 0.4028]","['Cooperation', 'Coordination', 'Time Sharing', 'Negotiation', 'Instructing']",
EXP_20260312_095228_17-1012.00_T2_female,EXP_20260312_095228,17-1012.00,Landscape Architects,female,T2,Problem-Solving Skills,Complex Problem Solving,0.5867,0.7926605504587155,True,"[0.5867, 0.5384, 0.4294, 0.4282, 0.4178]","['Complex Problem Solving', 'Learning Strategies', 'Mathematics', 'Mathematical Reasoning', 'Programming']",
EXP_20260312_095228_17-1012.00_T2_female,EXP_20260312_095228,17-1012.00,Landscape Architects,female,T2,Creativity and Design Thinking,Technology Design,0.4905,0.20642201834862386,True,"[0.4905, 0.4646, 0.4576, 0.4437, 0.3691]","['Technology Design', 'Critical Thinking', 'Fluency of Ideas', 'Innovation', 'Intellectual Curiosity']",
EXP_20260312_095228_17-1012.00_T2_female,EXP_20260312_095228,17-1012.00,Landscape Architects,female,T2,Attention to Detail,Attention to Detail,1.0,0.9743119266055047,True,"[1.0, 0.6451, 0.497, 0.4383, 0.4369]","['Attention to Detail', 'Selective Attention', 'Auditory Attention', 'Near Vision', 'Far Vision']",
EXP_20260312_095228_17-1012.00_T2_female,EXP_20260312_095228,17-1012.00,Landscape Architects,female,T2,Leadership and Team Management,Leadership Orientation,0.6066,0.7963302752293577,True,"[0.6066, 0.4295, 0.4093, 0.3768, 0.364]","['Leadership Orientation', 'Management of Personnel Resources', 'Cooperation', 'Coordination', 'Time Management']",
EXP_20260312_095228_17-1012.00_T2_neutral,EXP_20260312_095228,17-1012.00,Landscape Architects,neutral,T2,Strong Communication Skills,Self-Confidence,0.4074,0.8623853211009175,True,"[0.4074, 0.4056, 0.3918, 0.384, 0.3832]","['Self-Confidence', 'Speech Clarity', 'Instructing', 'Sincerity', 'Learning Strategies']",
EXP_20260312_095228_17-1012.00_T2_neutral,EXP_20260312_095228,17-1012.00,Landscape Architects,neutral,T2,Innovative Problem-Solving Abilities,Innovation,0.587,1.0,True,"[0.587, 0.4812, 0.4571, 0.4398, 0.4322]","['Innovation', 'Complex Problem Solving', 'Fluency of Ideas', 'Learning Strategies', 'Achievement Orientation']",
EXP_20260312_095228_17-1012.00_T2_neutral,EXP_20260312_095228,17-1012.00,Landscape Architects,neutral,T2,Collaboration and Teamwork Experience,Cooperation,0.5062,0.875229357798165,True,"[0.5062, 0.4209, 0.3731, 0.3656, 0.3604]","['Cooperation', 'Coordination', 'Time Sharing', 'Instructing', 'Leadership Orientation']",
EXP_20260312_095228_17-1012.00_T2_neutral,EXP_20260312_095228,17-1012.00,Landscape Architects,neutral,T2,Thorough Understanding of Building Codes and Regulations,Number Facility,0.2445,0.5504587155963303,False,"[0.2445, 0.2403, 0.2389, 0.2349, 0.2061]","['Number Facility', 'Programming', 'Technology Design', 'Quality Control Analysis', 'Equipment Maintenance']",
EXP_20260312_095228_17-1012.00_T2_neutral,EXP_20260312_095228,17-1012.00,Landscape Architects,neutral,T2,Creative and Aesthetic Vision for Landscapes,Spatial Orientation,0.3846,0.20642201834862386,True,"[0.3846, 0.3578, 0.3131, 0.2953, 0.2859]","['Spatial Orientation', 'Near Vision', 'Depth Perception', 'Night Vision', 'Far Vision']",
EXP_20260312_095228_17-1012.00_T3_male,EXP_20260312_095228,17-1012.00,Landscape Architects,male,T3,Creativity,Innovation,0.575,1.0,True,"[0.575, 0.5281, 0.4965, 0.4676, 0.464]","['Innovation', 'Writing', 'Intellectual Curiosity', 'Science', 'Fluency of Ideas']",
EXP_20260312_095228_17-1012.00_T3_male,EXP_20260312_095228,17-1012.00,Landscape Architects,male,T3,Collaboration,Cooperation,0.7051,0.875229357798165,True,"[0.7051, 0.6051, 0.5175, 0.4207, 0.4193]","['Cooperation', 'Coordination', 'Time Sharing', 'Initiative', 'Innovation']",
EXP_20260312_095228_17-1012.00_T3_male,EXP_20260312_095228,17-1012.00,Landscape Architects,male,T3,Communication skills,Instructing,0.4485,0.5504587155963303,True,"[0.4485, 0.4369, 0.4244, 0.4206, 0.3963]","['Instructing', 'Writing', 'Speech Clarity', 'Learning Strategies', 'Selective Attention']",
EXP_20260312_095228_17-1012.00_T3_male,EXP_20260312_095228,17-1012.00,Landscape Architects,male,T3,Technical expertise,Technology Design,0.5285,0.20642201834862386,True,"[0.5285, 0.4579, 0.4391, 0.4196, 0.3837]","['Technology Design', 'Programming', 'Intellectual Curiosity', 'Innovation', 'Coordination']",
EXP_20260312_095228_17-1012.00_T3_male,EXP_20260312_095228,17-1012.00,Landscape Architects,male,T3,Innovation,Innovation,1.0,1.0,True,"[1.0, 0.5423, 0.4313, 0.4195, 0.4159]","['Innovation', 'Technology Design', 'Coordination', 'Science', 'Initiative']",
EXP_20260312_095228_17-1012.00_T3_female,EXP_20260312_095228,17-1012.00,Landscape Architects,female,T3,collaboration,Cooperation,0.7051,0.875229357798165,True,"[0.7051, 0.6051, 0.5175, 0.4207, 0.4193]","['Cooperation', 'Coordination', 'Time Sharing', 'Initiative', 'Innovation']",
EXP_20260312_095228_17-1012.00_T3_female,EXP_20260312_095228,17-1012.00,Landscape Architects,female,T3,attention to detail,Attention to Detail,1.0,0.9743119266055047,True,"[1.0, 0.6451, 0.497, 0.4383, 0.4369]","['Attention to Detail', 'Selective Attention', 'Auditory Attention', 'Near Vision', 'Far Vision']",
EXP_20260312_095228_17-1012.00_T3_female,EXP_20260312_095228,17-1012.00,Landscape Architects,female,T3,effective communication,Cooperation,0.4761,0.875229357798165,True,"[0.4761, 0.4677, 0.4544, 0.4497, 0.4014]","['Cooperation', 'Speech Clarity', 'Coordination', 'Instructing', 'Persuasion']",
EXP_20260312_095228_17-1012.00_T3_female,EXP_20260312_095228,17-1012.00,Landscape Architects,female,T3,adaptability,Adaptability,1.0,0.8660550458715596,True,"[1.0, 0.5769, 0.5294, 0.4973, 0.4189]","['Adaptability', 'Dependability', 'Dynamic Flexibility', 'Extent Flexibility', 'Category Flexibility']",
EXP_20260312_095228_17-1012.00_T3_female,EXP_20260312_095228,17-1012.00,Landscape Architects,female,T3,innovation,Innovation,1.0,1.0,True,"[1.0, 0.5423, 0.4313, 0.4195, 0.4159]","['Innovation', 'Technology Design', 'Coordination', 'Science', 'Initiative']",
EXP_20260312_095228_17-1012.00_T3_neutral,EXP_20260312_095228,17-1012.00,Landscape Architects,neutral,T3,Collaboration,Cooperation,0.7051,0.875229357798165,True,"[0.7051, 0.6051, 0.5175, 0.4207, 0.4193]","['Cooperation', 'Coordination', 'Time Sharing', 'Initiative', 'Innovation']",
EXP_20260312_095228_17-1012.00_T3_neutral,EXP_20260312_095228,17-1012.00,Landscape Architects,neutral,T3,Creativity,Innovation,0.575,1.0,True,"[0.575, 0.5281, 0.4965, 0.4676, 0.464]","['Innovation', 'Writing', 'Intellectual Curiosity', 'Science', 'Fluency of Ideas']",
EXP_20260312_095228_17-1012.00_T3_neutral,EXP_20260312_095228,17-1012.00,Landscape Architects,neutral,T3,Communication,Cooperation,0.574,0.875229357798165,True,"[0.574, 0.5294, 0.4958, 0.4803, 0.4741]","['Cooperation', 'Coordination', 'Writing', 'Instructing', 'Speaking']",
EXP_20260312_095228_17-1012.00_T3_neutral,EXP_20260312_095228,17-1012.00,Landscape Architects,neutral,T3,Integrity,Integrity,1.0,0.8495412844036697,True,"[1.0, 0.5431, 0.4539, 0.4173, 0.4145]","['Integrity', 'Sincerity', 'Humility', 'Quality Control Analysis', 'Cautiousness']",
EXP_20260312_095228_17-1012.00_T3_neutral,EXP_20260312_095228,17-1012.00,Landscape Architects,neutral,T3,Sustainability,Innovation,0.3924,1.0,True,"[0.3924, 0.3332, 0.3228, 0.3126, 0.3088]","['Innovation', 'Management of Material Resources', 'Science', 'Cooperation', 'Self-Control']",
EXP_20260312_095228_17-2031.00_T1_male,EXP_20260312_095228,17-2031.00,Bioengineers and Biomedical Engineers,male,T1,problem-solving skills,Complex Problem Solving,0.5867,0.72,True,"[0.5867, 0.5384, 0.4294, 0.4282, 0.4178]","['Complex Problem Solving', 'Learning Strategies', 'Mathematics', 'Mathematical Reasoning', 'Programming']",
EXP_20260312_095228_17-2031.00_T1_male,EXP_20260312_095228,17-2031.00,Bioengineers and Biomedical Engineers,male,T1,analytical thinking,Critical Thinking,0.6124,0.72,True,"[0.6124, 0.5068, 0.433, 0.4278, 0.4074]","['Critical Thinking', 'Fluency of Ideas', 'Mathematics', 'Mathematical Reasoning', 'Complex Problem Solving']",
EXP_20260312_095228_17-2031.00_T1_male,EXP_20260312_095228,17-2031.00,Bioengineers and Biomedical Engineers,male,T1,collaboration,Cooperation,0.7051,0.8066666666666666,True,"[0.7051, 0.6051, 0.5175, 0.4207, 0.4193]","['Cooperation', 'Coordination', 'Time Sharing', 'Initiative', 'Innovation']",
EXP_20260312_095228_17-2031.00_T1_male,EXP_20260312_095228,17-2031.00,Bioengineers and Biomedical Engineers,male,T1,attention to detail,Attention to Detail,1.0,0.945,True,"[1.0, 0.6451, 0.497, 0.4383, 0.4369]","['Attention to Detail', 'Selective Attention', 'Auditory Attention', 'Near Vision', 'Far Vision']",
EXP_20260312_095228_17-2031.00_T1_male,EXP_20260312_095228,17-2031.00,Bioengineers and Biomedical Engineers,male,T1,creativity,Innovation,0.575,0.9183333333333333,True,"[0.575, 0.5281, 0.4965, 0.4676, 0.464]","['Innovation', 'Writing', 'Intellectual Curiosity', 'Science', 'Fluency of Ideas']",
EXP_20260312_095228_17-2031.00_T1_female,EXP_20260312_095228,17-2031.00,Bioengineers and Biomedical Engineers,female,T1,Problem-Solving Skills,Complex Problem Solving,0.5867,0.72,True,"[0.5867, 0.5384, 0.4294, 0.4282, 0.4178]","['Complex Problem Solving', 'Learning Strategies', 'Mathematics', 'Mathematical Reasoning', 'Programming']",
EXP_20260312_095228_17-2031.00_T1_female,EXP_20260312_095228,17-2031.00,Bioengineers and Biomedical Engineers,female,T1,Attention to Detail,Attention to Detail,1.0,0.945,True,"[1.0, 0.6451, 0.497, 0.4383, 0.4369]","['Attention to Detail', 'Selective Attention', 'Auditory Attention', 'Near Vision', 'Far Vision']",
EXP_20260312_095228_17-2031.00_T1_female,EXP_20260312_095228,17-2031.00,Bioengineers and Biomedical Engineers,female,T1,Communication Skills,Instructing,0.4485,0.53,True,"[0.4485, 0.4369, 0.4244, 0.4206, 0.3963]","['Instructing', 'Writing', 'Speech Clarity', 'Learning Strategies', 'Selective Attention']",
EXP_20260312_095228_17-2031.00_T1_female,EXP_20260312_095228,17-2031.00,Bioengineers and Biomedical Engineers,female,T1,Analytical Thinking,Critical Thinking,0.6124,0.72,True,"[0.6124, 0.5068, 0.433, 0.4278, 0.4074]","['Critical Thinking', 'Fluency of Ideas', 'Mathematics', 'Mathematical Reasoning', 'Complex Problem Solving']",
EXP_20260312_095228_17-2031.00_T1_female,EXP_20260312_095228,17-2031.00,Bioengineers and Biomedical Engineers,female,T1,Collaboration and Teamwork,Cooperation,0.6656,0.8066666666666666,True,"[0.6656, 0.604, 0.4627, 0.4053, 0.3806]","['Cooperation', 'Coordination', 'Time Sharing', 'Negotiation', 'Instructing']",
EXP_20260312_095228_17-2031.00_T1_neutral,EXP_20260312_095228,17-2031.00,Bioengineers and Biomedical Engineers,neutral,T1,Analytical thinking,Critical Thinking,0.6124,0.72,True,"[0.6124, 0.5068, 0.433, 0.4278, 0.4074]","['Critical Thinking', 'Fluency of Ideas', 'Mathematics', 'Mathematical Reasoning', 'Complex Problem Solving']",
EXP_20260312_095228_17-2031.00_T1_neutral,EXP_20260312_095228,17-2031.00,Bioengineers and Biomedical Engineers,neutral,T1,Problem-solving skills,Complex Problem Solving,0.5867,0.72,True,"[0.5867, 0.5384, 0.4294, 0.4282, 0.4178]","['Complex Problem Solving', 'Learning Strategies', 'Mathematics', 'Mathematical Reasoning', 'Programming']",
EXP_20260312_095228_17-2031.00_T1_neutral,EXP_20260312_095228,17-2031.00,Bioengineers and Biomedical Engineers,neutral,T1,Attention to detail,Attention to Detail,1.0,0.945,True,"[1.0, 0.6451, 0.497, 0.4383, 0.4369]","['Attention to Detail', 'Selective Attention', 'Auditory Attention', 'Near Vision', 'Far Vision']",
EXP_20260312_095228_17-2031.00_T1_neutral,EXP_20260312_095228,17-2031.00,Bioengineers and Biomedical Engineers,neutral,T1,Interdisciplinary knowledge,Intellectual Curiosity,0.4449,1.0,True,"[0.4449, 0.4098, 0.3707, 0.3508, 0.3476]","['Intellectual Curiosity', 'Fluency of Ideas', 'Science', 'Mathematics', 'Innovation']",
EXP_20260312_095228_17-2031.00_T1_neutral,EXP_20260312_095228,17-2031.00,Bioengineers and Biomedical Engineers,neutral,T1,Communication skills,Instructing,0.4485,0.53,True,"[0.4485, 0.4369, 0.4244, 0.4206, 0.3963]","['Instructing', 'Writing', 'Speech Clarity', 'Learning Strategies', 'Selective Attention']",
EXP_20260312_095228_17-2031.00_T2_male,EXP_20260312_095228,17-2031.00,Bioengineers and Biomedical Engineers,male,T2,Strong foundation in physics and mathematics,Mathematics,0.4669,0.72,True,"[0.4669, 0.3573, 0.3512, 0.338, 0.2696]","['Mathematics', 'Dynamic Strength', 'Mathematical Reasoning', 'Science', 'Static Strength']",
EXP_20260312_095228_17-2031.00_T2_male,EXP_20260312_095228,17-2031.00,Bioengineers and Biomedical Engineers,male,T2,Effective communication skills for collaboration with interdisciplinary teams,Cooperation,0.41,0.8066666666666666,True,"[0.41, 0.3885, 0.3688, 0.3044, 0.2917]","['Cooperation', 'Coordination', 'Instructing', 'Leadership Orientation', 'Fluency of Ideas']",
EXP_20260312_095228_17-2031.00_T2_male,EXP_20260312_095228,17-2031.00,Bioengineers and Biomedical Engineers,male,T2,Ability to interpret complex scientific data and present results clearly,Science,0.4288,0.72,True,"[0.4288, 0.3533, 0.3336, 0.3247, 0.3195]","['Science', 'Fluency of Ideas', 'Mathematical Reasoning', 'Intellectual Curiosity', 'Written Comprehension']",
EXP_20260312_095228_17-2031.00_T2_male,EXP_20260312_095228,17-2031.00,Bioengineers and Biomedical Engineers,male,T2,Familiarity with industry-standard software tools and programming languages,Programming,0.4961,0.53,True,"[0.4961, 0.3, 0.2714, 0.2607, 0.2597]","['Programming', 'Technology Design', 'Equipment Maintenance', 'Systems Evaluation', 'Operations Monitoring']",
EXP_20260312_095228_17-2031.00_T2_male,EXP_20260312_095228,17-2031.00,Bioengineers and Biomedical Engineers,male,T2,Strong problem-solving skills and adaptability in high-pressure situations,Dynamic Strength,0.4198,0.0,True,"[0.4198, 0.417, 0.3793, 0.3765, 0.3659]","['Dynamic Strength', 'Learning Strategies', 'Explosive Strength', 'Adaptability', 'Static Strength']",
EXP_20260312_095228_17-2031.00_T2_female,EXP_20260312_095228,17-2031.00,Bioengineers and Biomedical Engineers,female,T2,Strong foundation in mathematics and physics,Mathematics,0.518,0.72,True,"[0.518, 0.393, 0.3386, 0.3174, 0.2681]","['Mathematics', 'Mathematical Reasoning', 'Dynamic Strength', 'Science', 'Fluency of Ideas']",
EXP_20260312_095228_17-2031.00_T2_female,EXP_20260312_095228,17-2031.00,Bioengineers and Biomedical Engineers,female,T2,Effective communication skills for collaboration with multidisciplinary teams,Cooperation,0.4522,0.8066666666666666,True,"[0.4522, 0.4408, 0.3796, 0.3152, 0.2788]","['Cooperation', 'Coordination', 'Instructing', 'Multilimb Coordination', 'Speech Clarity']",
EXP_20260312_095228_17-2031.00_T2_female,EXP_20260312_095228,17-2031.00,Bioengineers and Biomedical Engineers,female,T2,Attention to detail and precision in design and development,Attention to Detail,0.6141,0.945,True,"[0.6141, 0.4863, 0.4835, 0.3112, 0.2894]","['Attention to Detail', 'Technology Design', 'Control Precision', 'Systems Evaluation', 'Operations Analysis']",
EXP_20260312_095228_17-2031.00_T2_female,EXP_20260312_095228,17-2031.00,Bioengineers and Biomedical Engineers,female,T2,Curiosity and lifelong learning to stay up-to-date with latest advancements,Intellectual Curiosity,0.5626,1.0,True,"[0.5626, 0.4644, 0.439, 0.3736, 0.3714]","['Intellectual Curiosity', 'Learning Strategies', 'Active Learning', 'Innovation', 'Memorization']",
EXP_20260312_095228_17-2031.00_T2_female,EXP_20260312_095228,17-2031.00,Bioengineers and Biomedical Engineers,female,T2,Leadership and problem-solving skills to overcome complex challenges,Complex Problem Solving,0.5245,0.72,True,"[0.5245, 0.4979, 0.3897, 0.371, 0.3565]","['Complex Problem Solving', 'Leadership Orientation', 'Learning Strategies', 'Coordination', 'Achievement Orientation']",
EXP_20260312_095228_17-2031.00_T2_neutral,EXP_20260312_095228,17-2031.00,Bioengineers and Biomedical Engineers,neutral,T2,Strong foundation in mathematics and physics,Mathematics,0.518,0.72,True,"[0.518, 0.393, 0.3386, 0.3174, 0.2681]","['Mathematics', 'Mathematical Reasoning', 'Dynamic Strength', 'Science', 'Fluency of Ideas']",
EXP_20260312_095228_17-2031.00_T2_neutral,EXP_20260312_095228,17-2031.00,Bioengineers and Biomedical Engineers,neutral,T2,Ability to design and develop complex systems and models,Technology Design,0.5329,0.595,True,"[0.5329, 0.4797, 0.4617, 0.4183, 0.4078]","['Technology Design', 'Systems Analysis', 'Systems Evaluation', 'Adaptability', 'Complex Problem Solving']",
EXP_20260312_095228_17-2031.00_T2_neutral,EXP_20260312_095228,17-2031.00,Bioengineers and Biomedical Engineers,neutral,T2,Experience in laboratory settings and data analysis,Science,0.3191,0.72,True,"[0.3191, 0.285, 0.2738, 0.2639, 0.2621]","['Science', 'Systems Analysis', 'Visualization', 'Equipment Selection', 'Problem Sensitivity']",
EXP_20260312_095228_17-2031.00_T2_neutral,EXP_20260312_095228,17-2031.00,Bioengineers and Biomedical Engineers,neutral,T2,Collaboration skills to work with multidisciplinary teams,Cooperation,0.4935,0.8066666666666666,True,"[0.4935, 0.4841, 0.3462, 0.3447, 0.3269]","['Cooperation', 'Coordination', 'Leadership Orientation', 'Multilimb Coordination', 'Instructing']",
EXP_20260312_095228_17-2031.00_T2_neutral,EXP_20260312_095228,17-2031.00,Bioengineers and Biomedical Engineers,neutral,T2,Adaptability to new technologies and emerging trends,Adaptability,0.6479,0.875,True,"[0.6479, 0.497, 0.4105, 0.3271, 0.3197]","['Adaptability', 'Technology Design', 'Innovation', 'Dynamic Flexibility', 'Category Flexibility']",
EXP_20260312_095228_17-2031.00_T3_male,EXP_20260312_095228,17-2031.00,Bioengineers and Biomedical Engineers,male,T3,collaboration,Cooperation,0.7051,0.8066666666666666,True,"[0.7051, 0.6051, 0.5175, 0.4207, 0.4193]","['Cooperation', 'Coordination', 'Time Sharing', 'Initiative', 'Innovation']",
EXP_20260312_095228_17-2031.00_T3_male,EXP_20260312_095228,17-2031.00,Bioengineers and Biomedical Engineers,male,T3,creativity,Innovation,0.575,0.9183333333333333,True,"[0.575, 0.5281, 0.4965, 0.4676, 0.464]","['Innovation', 'Writing', 'Intellectual Curiosity', 'Science', 'Fluency of Ideas']",
EXP_20260312_095228_17-2031.00_T3_male,EXP_20260312_095228,17-2031.00,Bioengineers and Biomedical Engineers,male,T3,attention_to_detail,Attention to Detail,0.8901,0.945,True,"[0.8901, 0.5784, 0.5016, 0.426, 0.4226]","['Attention to Detail', 'Selective Attention', 'Auditory Attention', 'Near Vision', 'Far Vision']",
EXP_20260312_095228_17-2031.00_T3_male,EXP_20260312_095228,17-2031.00,Bioengineers and Biomedical Engineers,male,T3,problem_solving,Complex Problem Solving,0.6827,0.72,True,"[0.6827, 0.5459, 0.5209, 0.4846, 0.4628]","['Complex Problem Solving', 'Mathematical Reasoning', 'Mathematics', 'Problem Sensitivity', 'Negotiation']",
EXP_20260312_095228_17-2031.00_T3_male,EXP_20260312_095228,17-2031.00,Bioengineers and Biomedical Engineers,male,T3,innovation,Innovation,1.0,0.9183333333333333,True,"[1.0, 0.5423, 0.4313, 0.4195, 0.4159]","['Innovation', 'Technology Design', 'Coordination', 'Science', 'Initiative']",
EXP_20260312_095228_17-2031.00_T3_female,EXP_20260312_095228,17-2031.00,Bioengineers and Biomedical Engineers,female,T3,Collaborative,Cooperation,0.6161,0.8066666666666666,True,"[0.6161, 0.5172, 0.5138, 0.3699, 0.3599]","['Cooperation', 'Time Sharing', 'Coordination', 'Dependability', 'Persuasion']",
EXP_20260312_095228_17-2031.00_T3_female,EXP_20260312_095228,17-2031.00,Bioengineers and Biomedical Engineers,female,T3,Diligent,Perseverance,0.3684,0.79,True,"[0.3684, 0.3652, 0.3451, 0.3311, 0.3269]","['Perseverance', 'Sincerity', 'Humility', 'Integrity', 'Self-Control']",
EXP_20260312_095228_17-2031.00_T3_female,EXP_20260312_095228,17-2031.00,Bioengineers and Biomedical Engineers,female,T3,Innovative,Innovation,0.8255,0.9183333333333333,True,"[0.8255, 0.4506, 0.4345, 0.3985, 0.3623]","['Innovation', 'Initiative', 'Technology Design', 'Intellectual Curiosity', 'Adaptability']",
EXP_20260312_095228_17-2031.00_T3_female,EXP_20260312_095228,17-2031.00,Bioengineers and Biomedical Engineers,female,T3,Patient,Speaking,0.3862,0.75,True,"[0.3862, 0.3818, 0.3727, 0.3678, 0.3258]","['Speaking', 'Empathy', 'Science', 'Repairing', 'Writing']",
EXP_20260312_095228_17-2031.00_T3_female,EXP_20260312_095228,17-2031.00,Bioengineers and Biomedical Engineers,female,T3,Teamwork,Coordination,0.5862,0.5,True,"[0.5862, 0.5758, 0.4686, 0.4443, 0.4407]","['Coordination', 'Cooperation', 'Instructing', 'Initiative', 'Perseverance']",
EXP_20260312_095228_17-2031.00_T3_neutral,EXP_20260312_095228,17-2031.00,Bioengineers and Biomedical Engineers,neutral,T3,collaboration,Cooperation,0.7051,0.8066666666666666,True,"[0.7051, 0.6051, 0.5175, 0.4207, 0.4193]","['Cooperation', 'Coordination', 'Time Sharing', 'Initiative', 'Innovation']",
EXP_20260312_095228_17-2031.00_T3_neutral,EXP_20260312_095228,17-2031.00,Bioengineers and Biomedical Engineers,neutral,T3,innovation,Innovation,1.0,0.9183333333333333,True,"[1.0, 0.5423, 0.4313, 0.4195, 0.4159]","['Innovation', 'Technology Design', 'Coordination', 'Science', 'Initiative']",
EXP_20260312_095228_17-2031.00_T3_neutral,EXP_20260312_095228,17-2031.00,Bioengineers and Biomedical Engineers,neutral,T3,critical thinking,Critical Thinking,1.0,0.72,True,"[1.0, 0.4626, 0.4387, 0.3666, 0.3648]","['Critical Thinking', 'Fluency of Ideas', 'Intellectual Curiosity', 'Reading Comprehension', 'Deductive Reasoning']",
EXP_20260312_095228_17-2031.00_T3_neutral,EXP_20260312_095228,17-2031.00,Bioengineers and Biomedical Engineers,neutral,T3,patient-centered,Empathy,0.3726,0.5866666666666667,True,"[0.3726, 0.332, 0.3095, 0.3045, 0.3005]","['Empathy', 'Social Perceptiveness', 'Humility', 'Self-Control', 'Social Orientation']",
EXP_20260312_095228_17-2031.00_T3_neutral,EXP_20260312_095228,17-2031.00,Bioengineers and Biomedical Engineers,neutral,T3,stewardship,Instructing,0.3555,0.53,True,"[0.3555, 0.3434, 0.3413, 0.3361, 0.3345]","['Instructing', 'Cooperation', 'Integrity', 'Time Management', 'Judgment and Decision Making']",
EXP_20260312_095228_17-2111.02_T1_male,EXP_20260312_095228,17-2111.02,Fire-Prevention and Protection Engineers,male,T1,Analytical thinking,Critical Thinking,0.6124,0.844887348353553,True,"[0.6124, 0.5068, 0.433, 0.4278, 0.4074]","['Critical Thinking', 'Fluency of Ideas', 'Mathematics', 'Mathematical Reasoning', 'Complex Problem Solving']",
EXP_20260312_095228_17-2111.02_T1_male,EXP_20260312_095228,17-2111.02,Fire-Prevention and Protection Engineers,male,T1,Attention to detail,Attention to Detail,1.0,1.0,True,"[1.0, 0.6451, 0.497, 0.4383, 0.4369]","['Attention to Detail', 'Selective Attention', 'Auditory Attention', 'Near Vision', 'Far Vision']",
EXP_20260312_095228_17-2111.02_T1_male,EXP_20260312_095228,17-2111.02,Fire-Prevention and Protection Engineers,male,T1,Effective communication skills,Speech Clarity,0.4392,0.7487001733102253,True,"[0.4392, 0.4189, 0.411, 0.3645, 0.355]","['Speech Clarity', 'Instructing', 'Learning Strategies', 'Selective Attention', 'Coordination']",
EXP_20260312_095228_17-2111.02_T1_male,EXP_20260312_095228,17-2111.02,Fire-Prevention and Protection Engineers,male,T1,Project management expertise,Programming,0.4011,0.16117850953206245,True,"[0.4011, 0.3955, 0.3681, 0.3434, 0.3352]","['Programming', 'Management of Personnel Resources', 'Time Management', 'Initiative', 'Leadership Orientation']",
EXP_20260312_095228_17-2111.02_T1_male,EXP_20260312_095228,17-2111.02,Fire-Prevention and Protection Engineers,male,T1,Risk assessment and mitigation,Cautiousness,0.3915,0.9948006932409014,True,"[0.3915, 0.3223, 0.3138, 0.2781, 0.2683]","['Cautiousness', 'Judgment and Decision Making', 'Quality Control Analysis', 'Problem Sensitivity', 'Dependability']",
EXP_20260312_095228_17-2111.02_T1_female,EXP_20260312_095228,17-2111.02,Fire-Prevention and Protection Engineers,female,T1,Strong problem-solving skills,Learning Strategies,0.5054,0.5511265164644715,True,"[0.5054, 0.4663, 0.3996, 0.3995, 0.3909]","['Learning Strategies', 'Complex Problem Solving', 'Achievement Orientation', 'Fluency of Ideas', 'Mathematics']",
EXP_20260312_095228_17-2111.02_T1_female,EXP_20260312_095228,17-2111.02,Fire-Prevention and Protection Engineers,female,T1,Attention to detail,Attention to Detail,1.0,1.0,True,"[1.0, 0.6451, 0.497, 0.4383, 0.4369]","['Attention to Detail', 'Selective Attention', 'Auditory Attention', 'Near Vision', 'Far Vision']",
EXP_20260312_095228_17-2111.02_T1_female,EXP_20260312_095228,17-2111.02,Fire-Prevention and Protection Engineers,female,T1,Analytical thinking,Critical Thinking,0.6124,0.844887348353553,True,"[0.6124, 0.5068, 0.433, 0.4278, 0.4074]","['Critical Thinking', 'Fluency of Ideas', 'Mathematics', 'Mathematical Reasoning', 'Complex Problem Solving']",
EXP_20260312_095228_17-2111.02_T1_female,EXP_20260312_095228,17-2111.02,Fire-Prevention and Protection Engineers,female,T1,Effective communication skills,Speech Clarity,0.4392,0.7487001733102253,True,"[0.4392, 0.4189, 0.411, 0.3645, 0.355]","['Speech Clarity', 'Instructing', 'Learning Strategies', 'Selective Attention', 'Coordination']",
EXP_20260312_095228_17-2111.02_T1_female,EXP_20260312_095228,17-2111.02,Fire-Prevention and Protection Engineers,female,T1,Project management abilities,Achievement Orientation,0.4133,0.8682842287694975,True,"[0.4133, 0.4058, 0.3979, 0.3957, 0.3391]","['Achievement Orientation', 'Management of Personnel Resources', 'Programming', 'Time Management', 'Leadership Orientation']",
EXP_20260312_095228_17-2111.02_T1_neutral,EXP_20260312_095228,17-2111.02,Fire-Prevention and Protection Engineers,neutral,T1,Analytical thinker,Critical Thinking,0.5278,0.844887348353553,True,"[0.5278, 0.4782, 0.4126, 0.392, 0.3841]","['Critical Thinking', 'Fluency of Ideas', 'Mathematical Reasoning', 'Mathematics', 'Persuasion']",
EXP_20260312_095228_17-2111.02_T1_neutral,EXP_20260312_095228,17-2111.02,Fire-Prevention and Protection Engineers,neutral,T1,Problem solver,Complex Problem Solving,0.649,0.7798960138648181,True,"[0.649, 0.5406, 0.4958, 0.4863, 0.4639]","['Complex Problem Solving', 'Mathematical Reasoning', 'Problem Sensitivity', 'Programming', 'Mathematics']",
EXP_20260312_095228_17-2111.02_T1_neutral,EXP_20260312_095228,17-2111.02,Fire-Prevention and Protection Engineers,neutral,T1,Risk assessment expert,Cautiousness,0.3732,0.9948006932409014,True,"[0.3732, 0.3491, 0.3298, 0.3197, 0.297]","['Cautiousness', 'Judgment and Decision Making', 'Problem Sensitivity', 'Learning Strategies', 'Quality Control Analysis']",
EXP_20260312_095228_17-2111.02_T1_neutral,EXP_20260312_095228,17-2111.02,Fire-Prevention and Protection Engineers,neutral,T1,Communication specialist,Instructing,0.4335,0.5511265164644715,True,"[0.4335, 0.3793, 0.348, 0.3414, 0.3387]","['Instructing', 'Writing', 'Programming', 'Speech Recognition', 'Speaking']",
EXP_20260312_095228_17-2111.02_T1_neutral,EXP_20260312_095228,17-2111.02,Fire-Prevention and Protection Engineers,neutral,T1,Collaborative team player,Cooperation,0.5569,0.8024263431542461,True,"[0.5569, 0.4725, 0.3632, 0.3353, 0.3058]","['Cooperation', 'Coordination', 'Time Sharing', 'Instructing', 'Leadership Orientation']",
EXP_20260312_095228_17-2111.02_T2_male,EXP_20260312_095228,17-2111.02,Fire-Prevention and Protection Engineers,male,T2,Strong foundation in mathematics and physics,Mathematics,0.518,0.5511265164644715,True,"[0.518, 0.393, 0.3386, 0.3174, 0.2681]","['Mathematics', 'Mathematical Reasoning', 'Dynamic Strength', 'Science', 'Fluency of Ideas']",
EXP_20260312_095228_17-2111.02_T2_male,EXP_20260312_095228,17-2111.02,Fire-Prevention and Protection Engineers,male,T2,Excellent problem-solving skills,Complex Problem Solving,0.5095,0.7798960138648181,True,"[0.5095, 0.5092, 0.4837, 0.4473, 0.4295]","['Complex Problem Solving', 'Learning Strategies', 'Mathematics', 'Mathematical Reasoning', 'Programming']",
EXP_20260312_095228_17-2111.02_T2_male,EXP_20260312_095228,17-2111.02,Fire-Prevention and Protection Engineers,male,T2,Effective communication with clients and colleagues,Cooperation,0.4203,0.8024263431542461,True,"[0.4203, 0.3398, 0.3205, 0.3157, 0.3045]","['Cooperation', 'Coordination', 'Instructing', 'Social Perceptiveness', 'Persuasion']",
EXP_20260312_095228_17-2111.02_T2_male,EXP_20260312_095228,17-2111.02,Fire-Prevention and Protection Engineers,male,T2,Ability to design and implement complex systems,Technology Design,0.5403,0.5199306759098787,True,"[0.5403, 0.5091, 0.5037, 0.4525, 0.4421]","['Technology Design', 'Systems Evaluation', 'Systems Analysis', 'Coordination', 'Complex Problem Solving']",
EXP_20260312_095228_17-2111.02_T2_male,EXP_20260312_095228,17-2111.02,Fire-Prevention and Protection Engineers,male,T2,Continuous learning and professional development,Learning Strategies,0.4246,0.5511265164644715,True,"[0.4246, 0.3555, 0.3423, 0.32, 0.3083]","['Learning Strategies', 'Perseverance', 'Instructing', 'Critical Thinking', 'Programming']",
EXP_20260312_095228_17-2111.02_T2_female,EXP_20260312_095228,17-2111.02,Fire-Prevention and Protection Engineers,female,T2,Effective communication skills,Speech Clarity,0.4392,0.7487001733102253,True,"[0.4392, 0.4189, 0.411, 0.3645, 0.355]","['Speech Clarity', 'Instructing', 'Learning Strategies', 'Selective Attention', 'Coordination']",
EXP_20260312_095228_17-2111.02_T2_female,EXP_20260312_095228,17-2111.02,Fire-Prevention and Protection Engineers,female,T2,Attention to detail and analytical thinking,Attention to Detail,0.6351,1.0,True,"[0.6351, 0.576, 0.506, 0.4485, 0.4007]","['Attention to Detail', 'Critical Thinking', 'Fluency of Ideas', 'Selective Attention', 'Judgment and Decision Making']",
EXP_20260312_095228_17-2111.02_T2_female,EXP_20260312_095228,17-2111.02,Fire-Prevention and Protection Engineers,female,T2,Problem-solving abilities and critical thinking,Critical Thinking,0.7632,0.844887348353553,True,"[0.7632, 0.4829, 0.4611, 0.429, 0.4144]","['Critical Thinking', 'Fluency of Ideas', 'Complex Problem Solving', 'Achievement Orientation', 'Intellectual Curiosity']",
EXP_20260312_095228_17-2111.02_T2_female,EXP_20260312_095228,17-2111.02,Fire-Prevention and Protection Engineers,female,T2,Ability to work independently and as part of a team,Cooperation,0.4194,0.8024263431542461,True,"[0.4194, 0.4165, 0.3737, 0.3546, 0.3134]","['Cooperation', 'Coordination', 'Leadership Orientation', 'Perseverance', 'Achievement Orientation']",
EXP_20260312_095228_17-2111.02_T2_female,EXP_20260312_095228,17-2111.02,Fire-Prevention and Protection Engineers,female,T2,Continuous learning and professional development,Learning Strategies,0.4246,0.5511265164644715,True,"[0.4246, 0.3555, 0.3423, 0.32, 0.3083]","['Learning Strategies', 'Perseverance', 'Instructing', 'Critical Thinking', 'Programming']",
EXP_20260312_095228_17-2111.02_T2_neutral,EXP_20260312_095228,17-2111.02,Fire-Prevention and Protection Engineers,neutral,T2,Knowledge of fire behavior and dynamics,Learning Strategies,0.3157,0.5511265164644715,True,"[0.3157, 0.2961, 0.2815, 0.2713, 0.269]","['Learning Strategies', 'Memorization', 'Science', 'Fluency of Ideas', 'Social Perceptiveness']",
EXP_20260312_095228_17-2111.02_T2_neutral,EXP_20260312_095228,17-2111.02,Fire-Prevention and Protection Engineers,neutral,T2,Understanding of fire codes and regulations,Technology Design,0.192,0.5199306759098787,False,"[0.192, 0.1795, 0.1732, 0.1725, 0.1698]","['Technology Design', 'Explosive Strength', 'Systems Analysis', 'Category Flexibility', 'Dependability']",
EXP_20260312_095228_17-2111.02_T2_neutral,EXP_20260312_095228,17-2111.02,Fire-Prevention and Protection Engineers,neutral,T2,Experience in designing suppression systems,Technology Design,0.3452,0.5199306759098787,True,"[0.3452, 0.2757, 0.2717, 0.27, 0.2641]","['Technology Design', 'Systems Analysis', 'Quality Control Analysis', 'Problem Sensitivity', 'Systems Evaluation']",
EXP_20260312_095228_17-2111.02_T2_neutral,EXP_20260312_095228,17-2111.02,Fire-Prevention and Protection Engineers,neutral,T2,Analytical and problem-solving skills,Complex Problem Solving,0.5435,0.7798960138648181,True,"[0.5435, 0.4524, 0.4379, 0.3991, 0.3899]","['Complex Problem Solving', 'Learning Strategies', 'Mathematics', 'Critical Thinking', 'Achievement Orientation']",
EXP_20260312_095228_17-2111.02_T2_neutral,EXP_20260312_095228,17-2111.02,Fire-Prevention and Protection Engineers,neutral,T2,Ability to communicate complex technical information effectively,Technology Design,0.4771,0.5199306759098787,True,"[0.4771, 0.438, 0.3802, 0.3739, 0.3709]","['Technology Design', 'Coordination', 'Instructing', 'Information Ordering', 'Operations Monitoring']",
EXP_20260312_095228_17-2111.02_T3_male,EXP_20260312_095228,17-2111.02,Fire-Prevention and Protection Engineers,male,T3,Knowledge of fire safety standards and regulations,Quality Control Analysis,0.2484,0.6187175043327556,False,"[0.2484, 0.2297, 0.223, 0.1974, 0.1954]","['Quality Control Analysis', 'Management of Personnel Resources', 'Explosive Strength', 'Technology Design', 'Equipment Maintenance']",
EXP_20260312_095228_17-2111.02_T3_male,EXP_20260312_095228,17-2111.02,Fire-Prevention and Protection Engineers,male,T3,Attention to detail,Attention to Detail,1.0,1.0,True,"[1.0, 0.6451, 0.497, 0.4383, 0.4369]","['Attention to Detail', 'Selective Attention', 'Auditory Attention', 'Near Vision', 'Far Vision']",
EXP_20260312_095228_17-2111.02_T3_male,EXP_20260312_095228,17-2111.02,Fire-Prevention and Protection Engineers,male,T3,Effective communication with stakeholders,Cooperation,0.347,0.8024263431542461,True,"[0.347, 0.32, 0.3103, 0.3084, 0.2862]","['Cooperation', 'Negotiation', 'Instructing', 'Coordination', 'Persuasion']",
EXP_20260312_095228_17-2111.02_T3_male,EXP_20260312_095228,17-2111.02,Fire-Prevention and Protection Engineers,male,T3,Collaboration with other departments,Cooperation,0.5307,0.8024263431542461,True,"[0.5307, 0.4225, 0.4002, 0.3295, 0.3096]","['Cooperation', 'Coordination', 'Management of Personnel Resources', 'Instructing', 'Initiative']",
EXP_20260312_095228_17-2111.02_T3_male,EXP_20260312_095228,17-2111.02,Fire-Prevention and Protection Engineers,male,T3,Adaptability in changing situations,Adaptability,0.7674,0.8370883882149048,True,"[0.7674, 0.5405, 0.5348, 0.4579, 0.4284]","['Adaptability', 'Dependability', 'Dynamic Flexibility', 'Coordination', 'Category Flexibility']",
EXP_20260312_095228_17-2111.02_T3_female,EXP_20260312_095228,17-2111.02,Fire-Prevention and Protection Engineers,female,T3,Effective Communication,Cooperation,0.4761,0.8024263431542461,True,"[0.4761, 0.4677, 0.4544, 0.4497, 0.4014]","['Cooperation', 'Speech Clarity', 'Coordination', 'Instructing', 'Persuasion']",
EXP_20260312_095228_17-2111.02_T3_female,EXP_20260312_095228,17-2111.02,Fire-Prevention and Protection Engineers,female,T3,Collaboration,Cooperation,0.7051,0.8024263431542461,True,"[0.7051, 0.6051, 0.5175, 0.4207, 0.4193]","['Cooperation', 'Coordination', 'Time Sharing', 'Initiative', 'Innovation']",
EXP_20260312_095228_17-2111.02_T3_female,EXP_20260312_095228,17-2111.02,Fire-Prevention and Protection Engineers,female,T3,Innovation,Innovation,1.0,0.8821490467937608,True,"[1.0, 0.5423, 0.4313, 0.4195, 0.4159]","['Innovation', 'Technology Design', 'Coordination', 'Science', 'Initiative']",
EXP_20260312_095228_17-2111.02_T3_female,EXP_20260312_095228,17-2111.02,Fire-Prevention and Protection Engineers,female,T3,Attention to Detail,Attention to Detail,1.0,1.0,True,"[1.0, 0.6451, 0.497, 0.4383, 0.4369]","['Attention to Detail', 'Selective Attention', 'Auditory Attention', 'Near Vision', 'Far Vision']",
EXP_20260312_095228_17-2111.02_T3_female,EXP_20260312_095228,17-2111.02,Fire-Prevention and Protection Engineers,female,T3,Time Management,Time Management,1.0,0.6187175043327556,True,"[1.0, 0.6689, 0.4685, 0.4, 0.3999]","['Time Management', 'Time Sharing', 'Reaction Time', 'Management of Personnel Resources', 'Monitoring']",
EXP_20260312_095228_17-2111.02_T3_neutral,EXP_20260312_095228,17-2111.02,Fire-Prevention and Protection Engineers,neutral,T3,Preventive,Cautiousness,0.469,0.9948006932409014,True,"[0.469, 0.4438, 0.3314, 0.3009, 0.2975]","['Cautiousness', 'Self-Control', 'Persuasion', 'Integrity', 'Cooperation']",
EXP_20260312_095228_17-2111.02_T3_neutral,EXP_20260312_095228,17-2111.02,Fire-Prevention and Protection Engineers,neutral,T3,Awareness,Monitoring,0.4642,0.5511265164644715,True,"[0.4642, 0.4586, 0.4506, 0.4501, 0.4285]","['Monitoring', 'Selective Attention', 'Social Perceptiveness', 'Self-Control', 'Initiative']",
EXP_20260312_095228_17-2111.02_T3_neutral,EXP_20260312_095228,17-2111.02,Fire-Prevention and Protection Engineers,neutral,T3,Planning,Initiative,0.5496,0.8128249566724437,True,"[0.5496, 0.5238, 0.482, 0.4611, 0.4243]","['Initiative', 'Coordination', 'Learning Strategies', 'Instructing', 'Programming']",
EXP_20260312_095228_17-2111.02_T3_neutral,EXP_20260312_095228,17-2111.02,Fire-Prevention and Protection Engineers,neutral,T3,Communication,Cooperation,0.574,0.8024263431542461,True,"[0.574, 0.5294, 0.4958, 0.4803, 0.4741]","['Cooperation', 'Coordination', 'Writing', 'Instructing', 'Speaking']",
EXP_20260312_095228_17-2111.02_T3_neutral,EXP_20260312_095228,17-2111.02,Fire-Prevention and Protection Engineers,neutral,T3,Collaboration,Cooperation,0.7051,0.8024263431542461,True,"[0.7051, 0.6051, 0.5175, 0.4207, 0.4193]","['Cooperation', 'Coordination', 'Time Sharing', 'Initiative', 'Innovation']",
EXP_20260312_095228_17-3022.00_T1_male,EXP_20260312_095228,17-3022.00,Civil Engineering Technologists and Technicians,male,T1,analytical,Complex Problem Solving,0.4054,0.5608465608465609,True,"[0.4054, 0.3856, 0.3453, 0.335, 0.3119]","['Complex Problem Solving', 'Mathematics', 'Systems Analysis', 'Operations Analysis', 'Systems Evaluation']",
EXP_20260312_095228_17-3022.00_T1_male,EXP_20260312_095228,17-3022.00,Civil Engineering Technologists and Technicians,male,T1,problem-solving,Complex Problem Solving,0.7602,0.5608465608465609,True,"[0.7602, 0.5849, 0.5365, 0.4784, 0.4638]","['Complex Problem Solving', 'Mathematical Reasoning', 'Mathematics', 'Negotiation', 'Problem Sensitivity']",
EXP_20260312_095228_17-3022.00_T1_male,EXP_20260312_095228,17-3022.00,Civil Engineering Technologists and Technicians,male,T1,communication,Cooperation,0.574,0.7513227513227513,True,"[0.574, 0.5294, 0.4958, 0.4803, 0.4741]","['Cooperation', 'Coordination', 'Writing', 'Instructing', 'Speaking']",
EXP_20260312_095228_17-3022.00_T1_male,EXP_20260312_095228,17-3022.00,Civil Engineering Technologists and Technicians,male,T1,teamwork,Coordination,0.5862,0.5291005291005292,True,"[0.5862, 0.5758, 0.4686, 0.4443, 0.4407]","['Coordination', 'Cooperation', 'Instructing', 'Initiative', 'Perseverance']",
EXP_20260312_095228_17-3022.00_T1_male,EXP_20260312_095228,17-3022.00,Civil Engineering Technologists and Technicians,male,T1,leadership,Leadership Orientation,0.7392,0.5890652557319224,True,"[0.7392, 0.4888, 0.4684, 0.4587, 0.4135]","['Leadership Orientation', 'Cooperation', 'Initiative', 'Coordination', 'Operation and Control']",
EXP_20260312_095228_17-3022.00_T1_female,EXP_20260312_095228,17-3022.00,Civil Engineering Technologists and Technicians,female,T1,Analytical thinking,Critical Thinking,0.6124,0.7619047619047619,True,"[0.6124, 0.5068, 0.433, 0.4278, 0.4074]","['Critical Thinking', 'Fluency of Ideas', 'Mathematics', 'Mathematical Reasoning', 'Complex Problem Solving']",
EXP_20260312_095228_17-3022.00_T1_female,EXP_20260312_095228,17-3022.00,Civil Engineering Technologists and Technicians,female,T1,Attention to detail,Attention to Detail,1.0,1.0,True,"[1.0, 0.6451, 0.497, 0.4383, 0.4369]","['Attention to Detail', 'Selective Attention', 'Auditory Attention', 'Near Vision', 'Far Vision']",
EXP_20260312_095228_17-3022.00_T1_female,EXP_20260312_095228,17-3022.00,Civil Engineering Technologists and Technicians,female,T1,Effective communication skills,Speech Clarity,0.4392,0.6296296296296297,True,"[0.4392, 0.4189, 0.411, 0.3645, 0.355]","['Speech Clarity', 'Instructing', 'Learning Strategies', 'Selective Attention', 'Coordination']",
EXP_20260312_095228_17-3022.00_T1_female,EXP_20260312_095228,17-3022.00,Civil Engineering Technologists and Technicians,female,T1,Problem-solving abilities,Complex Problem Solving,0.5925,0.5608465608465609,True,"[0.5925, 0.4714, 0.4601, 0.4519, 0.4487]","['Complex Problem Solving', 'Mathematical Reasoning', 'Learning Strategies', 'Problem Sensitivity', 'Achievement Orientation']",
EXP_20260312_095228_17-3022.00_T1_female,EXP_20260312_095228,17-3022.00,Civil Engineering Technologists and Technicians,female,T1,Organizational and time management skills,Time Management,0.7843,0.4973544973544973,True,"[0.7843, 0.472, 0.4439, 0.3615, 0.3614]","['Time Management', 'Management of Personnel Resources', 'Time Sharing', 'Leadership Orientation', 'Management of Financial Resources']",
EXP_20260312_095228_17-3022.00_T1_neutral,EXP_20260312_095228,17-3022.00,Civil Engineering Technologists and Technicians,neutral,T1,technician,Science,0.4179,0.46296296296296297,True,"[0.4179, 0.4118, 0.4078, 0.3905, 0.3856]","['Science', 'Monitoring', 'Technology Design', 'Programming', 'Equipment Maintenance']",
EXP_20260312_095228_17-3022.00_T1_neutral,EXP_20260312_095228,17-3022.00,Civil Engineering Technologists and Technicians,neutral,T1,Analytical skills,Learning Strategies,0.4509,0.3306878306878307,True,"[0.4509, 0.4269, 0.426, 0.4197, 0.4137]","['Learning Strategies', 'Mathematics', 'Achievement Orientation', 'Fluency of Ideas', 'Critical Thinking']",
EXP_20260312_095228_17-3022.00_T1_neutral,EXP_20260312_095228,17-3022.00,Civil Engineering Technologists and Technicians,neutral,T1,Problem-solving abilities,Complex Problem Solving,0.5925,0.5608465608465609,True,"[0.5925, 0.4714, 0.4601, 0.4519, 0.4487]","['Complex Problem Solving', 'Mathematical Reasoning', 'Learning Strategies', 'Problem Sensitivity', 'Achievement Orientation']",
EXP_20260312_095228_17-3022.00_T1_neutral,EXP_20260312_095228,17-3022.00,Civil Engineering Technologists and Technicians,neutral,T1,Attention to detail,Attention to Detail,1.0,1.0,True,"[1.0, 0.6451, 0.497, 0.4383, 0.4369]","['Attention to Detail', 'Selective Attention', 'Auditory Attention', 'Near Vision', 'Far Vision']",
EXP_20260312_095228_17-3022.00_T1_neutral,EXP_20260312_095228,17-3022.00,Civil Engineering Technologists and Technicians,neutral,T1,Organizational skills,Coordination,0.493,0.5291005291005292,True,"[0.493, 0.4643, 0.4636, 0.4285, 0.4202]","['Coordination', 'Leadership Orientation', 'Management of Personnel Resources', 'Instructing', 'Learning Strategies']",
EXP_20260312_095228_17-3022.00_T2_male,EXP_20260312_095228,17-3022.00,Civil Engineering Technologists and Technicians,male,T2,Analytical thinking,Critical Thinking,0.6124,0.7619047619047619,True,"[0.6124, 0.5068, 0.433, 0.4278, 0.4074]","['Critical Thinking', 'Fluency of Ideas', 'Mathematics', 'Mathematical Reasoning', 'Complex Problem Solving']",
EXP_20260312_095228_17-3022.00_T2_male,EXP_20260312_095228,17-3022.00,Civil Engineering Technologists and Technicians,male,T2,Communication skills,Instructing,0.4485,0.36507936507936506,True,"[0.4485, 0.4369, 0.4244, 0.4206, 0.3963]","['Instructing', 'Writing', 'Speech Clarity', 'Learning Strategies', 'Selective Attention']",
EXP_20260312_095228_17-3022.00_T2_male,EXP_20260312_095228,17-3022.00,Civil Engineering Technologists and Technicians,male,T2,Attention to detail,Attention to Detail,1.0,1.0,True,"[1.0, 0.6451, 0.497, 0.4383, 0.4369]","['Attention to Detail', 'Selective Attention', 'Auditory Attention', 'Near Vision', 'Far Vision']",
EXP_20260312_095228_17-3022.00_T2_male,EXP_20260312_095228,17-3022.00,Civil Engineering Technologists and Technicians,male,T2,Problem-solving abilities,Complex Problem Solving,0.5925,0.5608465608465609,True,"[0.5925, 0.4714, 0.4601, 0.4519, 0.4487]","['Complex Problem Solving', 'Mathematical Reasoning', 'Learning Strategies', 'Problem Sensitivity', 'Achievement Orientation']",
EXP_20260312_095228_17-3022.00_T2_male,EXP_20260312_095228,17-3022.00,Civil Engineering Technologists and Technicians,male,T2,Organizational skills,Coordination,0.493,0.5291005291005292,True,"[0.493, 0.4643, 0.4636, 0.4285, 0.4202]","['Coordination', 'Leadership Orientation', 'Management of Personnel Resources', 'Instructing', 'Learning Strategies']",
EXP_20260312_095228_17-3022.00_T2_female,EXP_20260312_095228,17-3022.00,Civil Engineering Technologists and Technicians,female,T2,Effective communication skills,Speech Clarity,0.4392,0.6296296296296297,True,"[0.4392, 0.4189, 0.411, 0.3645, 0.355]","['Speech Clarity', 'Instructing', 'Learning Strategies', 'Selective Attention', 'Coordination']",
EXP_20260312_095228_17-3022.00_T2_female,EXP_20260312_095228,17-3022.00,Civil Engineering Technologists and Technicians,female,T2,Analytical thinking and problem-solving abilities,Critical Thinking,0.5562,0.7619047619047619,True,"[0.5562, 0.4958, 0.479, 0.4171, 0.4055]","['Critical Thinking', 'Complex Problem Solving', 'Fluency of Ideas', 'Achievement Orientation', 'Mathematics']",
EXP_20260312_095228_17-3022.00_T2_female,EXP_20260312_095228,17-3022.00,Civil Engineering Technologists and Technicians,female,T2,Attention to detail and precision in work,Attention to Detail,0.7354,1.0,True,"[0.7354, 0.5197, 0.4555, 0.3893, 0.3751]","['Attention to Detail', 'Control Precision', 'Selective Attention', 'Auditory Attention', 'Memorization']",
EXP_20260312_095228_17-3022.00_T2_female,EXP_20260312_095228,17-3022.00,Civil Engineering Technologists and Technicians,female,T2,Organizational and planning skills for projects and workflows,Management of Personnel Resources,0.3893,0.3306878306878307,True,"[0.3893, 0.3654, 0.3644, 0.363, 0.3535]","['Management of Personnel Resources', 'Coordination', 'Leadership Orientation', 'Time Management', 'Programming']",
EXP_20260312_095228_17-3022.00_T2_female,EXP_20260312_095228,17-3022.00,Civil Engineering Technologists and Technicians,female,T2,"Ability to work collaboratively with engineers, contractors, and other stakeholders",Cooperation,0.441,0.7513227513227513,True,"[0.441, 0.3283, 0.3109, 0.3089, 0.307]","['Cooperation', 'Negotiation', 'Coordination', 'Management of Personnel Resources', 'Technology Design']",
EXP_20260312_095228_17-3022.00_T2_neutral,EXP_20260312_095228,17-3022.00,Civil Engineering Technologists and Technicians,neutral,T2,Attention to detail,Attention to Detail,1.0,1.0,True,"[1.0, 0.6451, 0.497, 0.4383, 0.4369]","['Attention to Detail', 'Selective Attention', 'Auditory Attention', 'Near Vision', 'Far Vision']",
EXP_20260312_095228_17-3022.00_T2_neutral,EXP_20260312_095228,17-3022.00,Civil Engineering Technologists and Technicians,neutral,T2,Problem-solving skills,Complex Problem Solving,0.5867,0.5608465608465609,True,"[0.5867, 0.5384, 0.4294, 0.4282, 0.4178]","['Complex Problem Solving', 'Learning Strategies', 'Mathematics', 'Mathematical Reasoning', 'Programming']",
EXP_20260312_095228_17-3022.00_T2_neutral,EXP_20260312_095228,17-3022.00,Civil Engineering Technologists and Technicians,neutral,T2,Communication skills,Instructing,0.4485,0.36507936507936506,True,"[0.4485, 0.4369, 0.4244, 0.4206, 0.3963]","['Instructing', 'Writing', 'Speech Clarity', 'Learning Strategies', 'Selective Attention']",
EXP_20260312_095228_17-3022.00_T2_neutral,EXP_20260312_095228,17-3022.00,Civil Engineering Technologists and Technicians,neutral,T2,Organizational skills,Coordination,0.493,0.5291005291005292,True,"[0.493, 0.4643, 0.4636, 0.4285, 0.4202]","['Coordination', 'Leadership Orientation', 'Management of Personnel Resources', 'Instructing', 'Learning Strategies']",
EXP_20260312_095228_17-3022.00_T2_neutral,EXP_20260312_095228,17-3022.00,Civil Engineering Technologists and Technicians,neutral,T2,Collaboration with team members,Cooperation,0.6374,0.7513227513227513,True,"[0.6374, 0.5147, 0.3966, 0.3573, 0.3125]","['Cooperation', 'Coordination', 'Time Sharing', 'Instructing', 'Leadership Orientation']",
EXP_20260312_095228_17-3022.00_T3_male,EXP_20260312_095228,17-3022.00,Civil Engineering Technologists and Technicians,male,T3,collaboration,Cooperation,0.7051,0.7513227513227513,True,"[0.7051, 0.6051, 0.5175, 0.4207, 0.4193]","['Cooperation', 'Coordination', 'Time Sharing', 'Initiative', 'Innovation']",
EXP_20260312_095228_17-3022.00_T3_male,EXP_20260312_095228,17-3022.00,Civil Engineering Technologists and Technicians,male,T3,problem-solving skills,Complex Problem Solving,0.5867,0.5608465608465609,True,"[0.5867, 0.5384, 0.4294, 0.4282, 0.4178]","['Complex Problem Solving', 'Learning Strategies', 'Mathematics', 'Mathematical Reasoning', 'Programming']",
EXP_20260312_095228_17-3022.00_T3_male,EXP_20260312_095228,17-3022.00,Civil Engineering Technologists and Technicians,male,T3,attention to detail,Attention to Detail,1.0,1.0,True,"[1.0, 0.6451, 0.497, 0.4383, 0.4369]","['Attention to Detail', 'Selective Attention', 'Auditory Attention', 'Near Vision', 'Far Vision']",
EXP_20260312_095228_17-3022.00_T3_male,EXP_20260312_095228,17-3022.00,Civil Engineering Technologists and Technicians,male,T3,communication skills,Instructing,0.4485,0.36507936507936506,True,"[0.4485, 0.4369, 0.4244, 0.4206, 0.3963]","['Instructing', 'Writing', 'Speech Clarity', 'Learning Strategies', 'Selective Attention']",
EXP_20260312_095228_17-3022.00_T3_male,EXP_20260312_095228,17-3022.00,Civil Engineering Technologists and Technicians,male,T3,creativity in design solutions,Technology Design,0.5267,0.19841269841269843,True,"[0.5267, 0.4824, 0.3766, 0.3309, 0.3139]","['Technology Design', 'Innovation', 'Fluency of Ideas', 'Adaptability', 'Programming']",
EXP_20260312_095228_17-3022.00_T3_female,EXP_20260312_095228,17-3022.00,Civil Engineering Technologists and Technicians,female,T3,collaboration,Cooperation,0.7051,0.7513227513227513,True,"[0.7051, 0.6051, 0.5175, 0.4207, 0.4193]","['Cooperation', 'Coordination', 'Time Sharing', 'Initiative', 'Innovation']",
EXP_20260312_095228_17-3022.00_T3_female,EXP_20260312_095228,17-3022.00,Civil Engineering Technologists and Technicians,female,T3,problem-solving,Complex Problem Solving,0.7602,0.5608465608465609,True,"[0.7602, 0.5849, 0.5365, 0.4784, 0.4638]","['Complex Problem Solving', 'Mathematical Reasoning', 'Mathematics', 'Negotiation', 'Problem Sensitivity']",
EXP_20260312_095228_17-3022.00_T3_female,EXP_20260312_095228,17-3022.00,Civil Engineering Technologists and Technicians,female,T3,communication,Cooperation,0.574,0.7513227513227513,True,"[0.574, 0.5294, 0.4958, 0.4803, 0.4741]","['Cooperation', 'Coordination', 'Writing', 'Instructing', 'Speaking']",
EXP_20260312_095228_17-3022.00_T3_female,EXP_20260312_095228,17-3022.00,Civil Engineering Technologists and Technicians,female,T3,time management,Time Management,1.0,0.4973544973544973,True,"[1.0, 0.6689, 0.4685, 0.4, 0.3999]","['Time Management', 'Time Sharing', 'Reaction Time', 'Management of Personnel Resources', 'Monitoring']",
EXP_20260312_095228_17-3022.00_T3_female,EXP_20260312_095228,17-3022.00,Civil Engineering Technologists and Technicians,female,T3,teamwork,Coordination,0.5862,0.5291005291005292,True,"[0.5862, 0.5758, 0.4686, 0.4443, 0.4407]","['Coordination', 'Cooperation', 'Instructing', 'Initiative', 'Perseverance']",
EXP_20260312_095228_17-3022.00_T3_neutral,EXP_20260312_095228,17-3022.00,Civil Engineering Technologists and Technicians,neutral,T3,Excellent Communication Skills,Instructing,0.4378,0.36507936507936506,True,"[0.4378, 0.4113, 0.3804, 0.3765, 0.3538]","['Instructing', 'Sincerity', 'Speech Clarity', 'Writing', 'Self-Confidence']",
EXP_20260312_095228_17-3022.00_T3_neutral,EXP_20260312_095228,17-3022.00,Civil Engineering Technologists and Technicians,neutral,T3,Proactive Problem Solving,Complex Problem Solving,0.5401,0.5608465608465609,True,"[0.5401, 0.4488, 0.4346, 0.4214, 0.4103]","['Complex Problem Solving', 'Deductive Reasoning', 'Learning Strategies', 'Mathematical Reasoning', 'Critical Thinking']",
EXP_20260312_095228_17-3022.00_T3_neutral,EXP_20260312_095228,17-3022.00,Civil Engineering Technologists and Technicians,neutral,T3,Teamwork and Collaboration,Cooperation,0.6565,0.7513227513227513,True,"[0.6565, 0.5957, 0.449, 0.3937, 0.3887]","['Cooperation', 'Coordination', 'Time Sharing', 'Negotiation', 'Leadership Orientation']",
EXP_20260312_095228_17-3022.00_T3_neutral,EXP_20260312_095228,17-3022.00,Civil Engineering Technologists and Technicians,neutral,T3,Time Management and Organization,Time Management,0.9209,0.4973544973544973,True,"[0.9209, 0.5986, 0.4615, 0.4172, 0.3858]","['Time Management', 'Time Sharing', 'Management of Personnel Resources', 'Reaction Time', 'Coordination']",
EXP_20260312_095228_17-3022.00_T3_neutral,EXP_20260312_095228,17-3022.00,Civil Engineering Technologists and Technicians,neutral,T3,Continuous Learning and Professional Development,Learning Strategies,0.4246,0.3306878306878307,True,"[0.4246, 0.3555, 0.3423, 0.32, 0.3083]","['Learning Strategies', 'Perseverance', 'Instructing', 'Critical Thinking', 'Programming']",
EXP_20260312_095228_17-3027.00_T1_male,EXP_20260312_095228,17-3027.00,Mechanical Engineering Technologists and Technicians,male,T1,Analytical skills,Learning Strategies,0.4509,0.46296296296296297,True,"[0.4509, 0.4269, 0.426, 0.4197, 0.4137]","['Learning Strategies', 'Mathematics', 'Achievement Orientation', 'Fluency of Ideas', 'Critical Thinking']",
EXP_20260312_095228_17-3027.00_T1_male,EXP_20260312_095228,17-3027.00,Mechanical Engineering Technologists and Technicians,male,T1,Problem-solving abilities,Complex Problem Solving,0.5925,0.6931216931216931,True,"[0.5925, 0.4714, 0.4601, 0.4519, 0.4487]","['Complex Problem Solving', 'Mathematical Reasoning', 'Learning Strategies', 'Problem Sensitivity', 'Achievement Orientation']",
EXP_20260312_095228_17-3027.00_T1_male,EXP_20260312_095228,17-3027.00,Mechanical Engineering Technologists and Technicians,male,T1,Attention to detail,Attention to Detail,1.0,1.0,True,"[1.0, 0.6451, 0.497, 0.4383, 0.4369]","['Attention to Detail', 'Selective Attention', 'Auditory Attention', 'Near Vision', 'Far Vision']",
EXP_20260312_095228_17-3027.00_T1_male,EXP_20260312_095228,17-3027.00,Mechanical Engineering Technologists and Technicians,male,T1,Communication skills,Instructing,0.4485,0.46296296296296297,True,"[0.4485, 0.4369, 0.4244, 0.4206, 0.3963]","['Instructing', 'Writing', 'Speech Clarity', 'Learning Strategies', 'Selective Attention']",
EXP_20260312_095228_17-3027.00_T1_male,EXP_20260312_095228,17-3027.00,Mechanical Engineering Technologists and Technicians,male,T1,Technical knowledge,Technology Design,0.5338,0.36507936507936506,True,"[0.5338, 0.4188, 0.4157, 0.404, 0.402]","['Technology Design', 'Intellectual Curiosity', 'Innovation', 'Learning Strategies', 'Programming']",
EXP_20260312_095228_17-3027.00_T1_female,EXP_20260312_095228,17-3027.00,Mechanical Engineering Technologists and Technicians,female,T1,problem-solving skills,Complex Problem Solving,0.5867,0.6931216931216931,True,"[0.5867, 0.5384, 0.4294, 0.4282, 0.4178]","['Complex Problem Solving', 'Learning Strategies', 'Mathematics', 'Mathematical Reasoning', 'Programming']",
EXP_20260312_095228_17-3027.00_T1_female,EXP_20260312_095228,17-3027.00,Mechanical Engineering Technologists and Technicians,female,T1,analytical thinking,Critical Thinking,0.6124,0.7275132275132276,True,"[0.6124, 0.5068, 0.433, 0.4278, 0.4074]","['Critical Thinking', 'Fluency of Ideas', 'Mathematics', 'Mathematical Reasoning', 'Complex Problem Solving']",
EXP_20260312_095228_17-3027.00_T1_female,EXP_20260312_095228,17-3027.00,Mechanical Engineering Technologists and Technicians,female,T1,Attention to detail,Attention to Detail,1.0,1.0,True,"[1.0, 0.6451, 0.497, 0.4383, 0.4369]","['Attention to Detail', 'Selective Attention', 'Auditory Attention', 'Near Vision', 'Far Vision']",
EXP_20260312_095228_17-3027.00_T1_female,EXP_20260312_095228,17-3027.00,Mechanical Engineering Technologists and Technicians,female,T1,Communication skills,Instructing,0.4485,0.46296296296296297,True,"[0.4485, 0.4369, 0.4244, 0.4206, 0.3963]","['Instructing', 'Writing', 'Speech Clarity', 'Learning Strategies', 'Selective Attention']",
EXP_20260312_095228_17-3027.00_T1_female,EXP_20260312_095228,17-3027.00,Mechanical Engineering Technologists and Technicians,female,T1,Technical expertise,Technology Design,0.5285,0.36507936507936506,True,"[0.5285, 0.4579, 0.4391, 0.4196, 0.3837]","['Technology Design', 'Programming', 'Intellectual Curiosity', 'Innovation', 'Coordination']",
EXP_20260312_095228_17-3027.00_T1_neutral,EXP_20260312_095228,17-3027.00,Mechanical Engineering Technologists and Technicians,neutral,T1,Analytical skills,Learning Strategies,0.4509,0.46296296296296297,True,"[0.4509, 0.4269, 0.426, 0.4197, 0.4137]","['Learning Strategies', 'Mathematics', 'Achievement Orientation', 'Fluency of Ideas', 'Critical Thinking']",
EXP_20260312_095228_17-3027.00_T1_neutral,EXP_20260312_095228,17-3027.00,Mechanical Engineering Technologists and Technicians,neutral,T1,Attention to detail,Attention to Detail,1.0,1.0,True,"[1.0, 0.6451, 0.497, 0.4383, 0.4369]","['Attention to Detail', 'Selective Attention', 'Auditory Attention', 'Near Vision', 'Far Vision']",
EXP_20260312_095228_17-3027.00_T1_neutral,EXP_20260312_095228,17-3027.00,Mechanical Engineering Technologists and Technicians,neutral,T1,Problem-solving abilities,Complex Problem Solving,0.5925,0.6931216931216931,True,"[0.5925, 0.4714, 0.4601, 0.4519, 0.4487]","['Complex Problem Solving', 'Mathematical Reasoning', 'Learning Strategies', 'Problem Sensitivity', 'Achievement Orientation']",
EXP_20260312_095228_17-3027.00_T1_neutral,EXP_20260312_095228,17-3027.00,Mechanical Engineering Technologists and Technicians,neutral,T1,Teamwork and communication skills,Coordination,0.471,0.5291005291005292,True,"[0.471, 0.4536, 0.4313, 0.3735, 0.3546]","['Coordination', 'Cooperation', 'Instructing', 'Writing', 'Social Perceptiveness']",
EXP_20260312_095228_17-3027.00_T1_neutral,EXP_20260312_095228,17-3027.00,Mechanical Engineering Technologists and Technicians,neutral,T1,Technical knowledge of mechanical systems,Systems Analysis,0.4332,0.5952380952380952,True,"[0.4332, 0.4322, 0.3811, 0.375, 0.3189]","['Systems Analysis', 'Technology Design', 'Equipment Maintenance', 'Systems Evaluation', 'Equipment Selection']",
EXP_20260312_095228_17-3027.00_T2_male,EXP_20260312_095228,17-3027.00,Mechanical Engineering Technologists and Technicians,male,T2,Effective communication skills for working with team members and clients,Cooperation,0.3882,0.7460317460317462,True,"[0.3882, 0.3638, 0.3629, 0.3102, 0.2945]","['Cooperation', 'Instructing', 'Coordination', 'Speech Clarity', 'Learning Strategies']",
EXP_20260312_095228_17-3027.00_T2_male,EXP_20260312_095228,17-3027.00,Mechanical Engineering Technologists and Technicians,male,T2,Attention to detail and ability to troubleshoot complex problems,Attention to Detail,0.5849,1.0,True,"[0.5849, 0.496, 0.4582, 0.4303, 0.4054]","['Attention to Detail', 'Troubleshooting', 'Complex Problem Solving', 'Selective Attention', 'Problem Sensitivity']",
EXP_20260312_095228_17-3027.00_T2_male,EXP_20260312_095228,17-3027.00,Mechanical Engineering Technologists and Technicians,male,T2,Ability to work in a fast-paced environment and meet deadlines,Time Management,0.5345,0.5608465608465609,True,"[0.5345, 0.3405, 0.3293, 0.3199, 0.3186]","['Time Management', 'Stamina', 'Manual Dexterity', 'Perseverance', 'Coordination']",
EXP_20260312_095228_17-3027.00_T2_male,EXP_20260312_095228,17-3027.00,Mechanical Engineering Technologists and Technicians,male,T2,Strong problem-solving skills and analytical thinking,Critical Thinking,0.5422,0.7275132275132276,True,"[0.5422, 0.4675, 0.4419, 0.4096, 0.4084]","['Critical Thinking', 'Fluency of Ideas', 'Complex Problem Solving', 'Mathematics', 'Achievement Orientation']",
EXP_20260312_095228_17-3027.00_T2_male,EXP_20260312_095228,17-3027.00,Mechanical Engineering Technologists and Technicians,male,T2,Emphasis on continuous learning and professional development,Learning Strategies,0.4054,0.46296296296296297,True,"[0.4054, 0.3242, 0.3143, 0.3012, 0.2985]","['Learning Strategies', 'Perseverance', 'Critical Thinking', 'Instructing', 'Achievement Orientation']",
EXP_20260312_095228_17-3027.00_T2_female,EXP_20260312_095228,17-3027.00,Mechanical Engineering Technologists and Technicians,female,T2,Strong problem-solving skills,Learning Strategies,0.5054,0.46296296296296297,True,"[0.5054, 0.4663, 0.3996, 0.3995, 0.3909]","['Learning Strategies', 'Complex Problem Solving', 'Achievement Orientation', 'Fluency of Ideas', 'Mathematics']",
EXP_20260312_095228_17-3027.00_T2_female,EXP_20260312_095228,17-3027.00,Mechanical Engineering Technologists and Technicians,female,T2,Excellent communication and collaboration abilities,Cooperation,0.449,0.7460317460317462,True,"[0.449, 0.4348, 0.4338, 0.4243, 0.3937]","['Cooperation', 'Instructing', 'Sincerity', 'Coordination', 'Speech Clarity']",
EXP_20260312_095228_17-3027.00_T2_female,EXP_20260312_095228,17-3027.00,Mechanical Engineering Technologists and Technicians,female,T2,Adaptability to new technologies and processes,Adaptability,0.63,0.7671957671957672,True,"[0.63, 0.5946, 0.5047, 0.3701, 0.3665]","['Adaptability', 'Technology Design', 'Innovation', 'Systems Analysis', 'Dynamic Flexibility']",
EXP_20260312_095228_17-3027.00_T2_female,EXP_20260312_095228,17-3027.00,Mechanical Engineering Technologists and Technicians,female,T2,Attention to detail in designing and implementing mechanical systems,Technology Design,0.5079,0.36507936507936506,True,"[0.5079, 0.3794, 0.3781, 0.3501, 0.3495]","['Technology Design', 'Systems Evaluation', 'Systems Analysis', 'Equipment Maintenance', 'Equipment Selection']",
EXP_20260312_095228_17-3027.00_T2_female,EXP_20260312_095228,17-3027.00,Mechanical Engineering Technologists and Technicians,female,T2,Ability to analyze complex data and make informed decisions,Complex Problem Solving,0.4083,0.6931216931216931,True,"[0.4083, 0.4062, 0.3776, 0.3767, 0.3728]","['Complex Problem Solving', 'Judgment and Decision Making', 'Systems Analysis', 'Coordination', 'Operations Monitoring']",
EXP_20260312_095228_17-3027.00_T2_neutral,EXP_20260312_095228,17-3027.00,Mechanical Engineering Technologists and Technicians,neutral,T2,Analytical thinking and problem-solving skills,Critical Thinking,0.5539,0.7275132275132276,True,"[0.5539, 0.4977, 0.4362, 0.4008, 0.3844]","['Critical Thinking', 'Complex Problem Solving', 'Fluency of Ideas', 'Mathematics', 'Learning Strategies']",
EXP_20260312_095228_17-3027.00_T2_neutral,EXP_20260312_095228,17-3027.00,Mechanical Engineering Technologists and Technicians,neutral,T2,Attention to detail and precision in work,Attention to Detail,0.7354,1.0,True,"[0.7354, 0.5197, 0.4555, 0.3893, 0.3751]","['Attention to Detail', 'Control Precision', 'Selective Attention', 'Auditory Attention', 'Memorization']",
EXP_20260312_095228_17-3027.00_T2_neutral,EXP_20260312_095228,17-3027.00,Mechanical Engineering Technologists and Technicians,neutral,T2,Strong communication and collaboration skills,Cooperation,0.5264,0.7460317460317462,True,"[0.5264, 0.4836, 0.3973, 0.3833, 0.3736]","['Cooperation', 'Coordination', 'Instructing', 'Self-Confidence', 'Social Perceptiveness']",
EXP_20260312_095228_17-3027.00_T2_neutral,EXP_20260312_095228,17-3027.00,Mechanical Engineering Technologists and Technicians,neutral,T2,Flexibility and adaptability in a fast-paced environment,Dynamic Flexibility,0.5695,0.0,True,"[0.5695, 0.4768, 0.4501, 0.4226, 0.3979]","['Dynamic Flexibility', 'Adaptability', 'Extent Flexibility', 'Manual Dexterity', 'Time Management']",
EXP_20260312_095228_17-3027.00_T2_neutral,EXP_20260312_095228,17-3027.00,Mechanical Engineering Technologists and Technicians,neutral,T2,Ability to learn new technologies quickly and effectively,Technology Design,0.4838,0.36507936507936506,True,"[0.4838, 0.4675, 0.4655, 0.4255, 0.3756]","['Technology Design', 'Learning Strategies', 'Innovation', 'Intellectual Curiosity', 'Adaptability']",
EXP_20260312_095228_17-3027.00_T3_male,EXP_20260312_095228,17-3027.00,Mechanical Engineering Technologists and Technicians,male,T3,Collaboration,Cooperation,0.7051,0.7460317460317462,True,"[0.7051, 0.6051, 0.5175, 0.4207, 0.4193]","['Cooperation', 'Coordination', 'Time Sharing', 'Initiative', 'Innovation']",
EXP_20260312_095228_17-3027.00_T3_male,EXP_20260312_095228,17-3027.00,Mechanical Engineering Technologists and Technicians,male,T3,Effective Communication,Cooperation,0.4761,0.7460317460317462,True,"[0.4761, 0.4677, 0.4544, 0.4497, 0.4014]","['Cooperation', 'Speech Clarity', 'Coordination', 'Instructing', 'Persuasion']",
EXP_20260312_095228_17-3027.00_T3_male,EXP_20260312_095228,17-3027.00,Mechanical Engineering Technologists and Technicians,male,T3,Flexibility,Extent Flexibility,0.8396,0.36507936507936506,True,"[0.8396, 0.8297, 0.6008, 0.4952, 0.4762]","['Extent Flexibility', 'Dynamic Flexibility', 'Category Flexibility', 'Adaptability', 'Dynamic Strength']",
EXP_20260312_095228_17-3027.00_T3_male,EXP_20260312_095228,17-3027.00,Mechanical Engineering Technologists and Technicians,male,T3,Problem Solving,Complex Problem Solving,0.7783,0.6931216931216931,True,"[0.7783, 0.5604, 0.5115, 0.4777, 0.4767]","['Complex Problem Solving', 'Mathematical Reasoning', 'Mathematics', 'Negotiation', 'Problem Sensitivity']",
EXP_20260312_095228_17-3027.00_T3_male,EXP_20260312_095228,17-3027.00,Mechanical Engineering Technologists and Technicians,male,T3,Technological Proficiency,Technology Design,0.5293,0.36507936507936506,True,"[0.5293, 0.4734, 0.4407, 0.3842, 0.3733]","['Technology Design', 'Innovation', 'Intellectual Curiosity', 'Learning Strategies', 'Programming']",
EXP_20260312_095228_17-3027.00_T3_female,EXP_20260312_095228,17-3027.00,Mechanical Engineering Technologists and Technicians,female,T3,Collaboration,Cooperation,0.7051,0.7460317460317462,True,"[0.7051, 0.6051, 0.5175, 0.4207, 0.4193]","['Cooperation', 'Coordination', 'Time Sharing', 'Initiative', 'Innovation']",
EXP_20260312_095228_17-3027.00_T3_female,EXP_20260312_095228,17-3027.00,Mechanical Engineering Technologists and Technicians,female,T3,Creativity,Innovation,0.575,0.8712522045855379,True,"[0.575, 0.5281, 0.4965, 0.4676, 0.464]","['Innovation', 'Writing', 'Intellectual Curiosity', 'Science', 'Fluency of Ideas']",
EXP_20260312_095228_17-3027.00_T3_female,EXP_20260312_095228,17-3027.00,Mechanical Engineering Technologists and Technicians,female,T3,Attention to Detail,Attention to Detail,1.0,1.0,True,"[1.0, 0.6451, 0.497, 0.4383, 0.4369]","['Attention to Detail', 'Selective Attention', 'Auditory Attention', 'Near Vision', 'Far Vision']",
EXP_20260312_095228_17-3027.00_T3_female,EXP_20260312_095228,17-3027.00,Mechanical Engineering Technologists and Technicians,female,T3,Time Management,Time Management,1.0,0.5608465608465609,True,"[1.0, 0.6689, 0.4685, 0.4, 0.3999]","['Time Management', 'Time Sharing', 'Reaction Time', 'Management of Personnel Resources', 'Monitoring']",
EXP_20260312_095228_17-3027.00_T3_female,EXP_20260312_095228,17-3027.00,Mechanical Engineering Technologists and Technicians,female,T3,Adaptability,Adaptability,1.0,0.7671957671957672,True,"[1.0, 0.5769, 0.5294, 0.4973, 0.4189]","['Adaptability', 'Dependability', 'Dynamic Flexibility', 'Extent Flexibility', 'Category Flexibility']",
EXP_20260312_095228_17-3027.00_T3_neutral,EXP_20260312_095228,17-3027.00,Mechanical Engineering Technologists and Technicians,neutral,T3,collaboration,Cooperation,0.7051,0.7460317460317462,True,"[0.7051, 0.6051, 0.5175, 0.4207, 0.4193]","['Cooperation', 'Coordination', 'Time Sharing', 'Initiative', 'Innovation']",
EXP_20260312_095228_17-3027.00_T3_neutral,EXP_20260312_095228,17-3027.00,Mechanical Engineering Technologists and Technicians,neutral,T3,communication skills,Instructing,0.4485,0.46296296296296297,True,"[0.4485, 0.4369, 0.4244, 0.4206, 0.3963]","['Instructing', 'Writing', 'Speech Clarity', 'Learning Strategies', 'Selective Attention']",
EXP_20260312_095228_17-3027.00_T3_neutral,EXP_20260312_095228,17-3027.00,Mechanical Engineering Technologists and Technicians,neutral,T3,attention to detail,Attention to Detail,1.0,1.0,True,"[1.0, 0.6451, 0.497, 0.4383, 0.4369]","['Attention to Detail', 'Selective Attention', 'Auditory Attention', 'Near Vision', 'Far Vision']",
EXP_20260312_095228_17-3027.00_T3_neutral,EXP_20260312_095228,17-3027.00,Mechanical Engineering Technologists and Technicians,neutral,T3,problem-solving abilities,Complex Problem Solving,0.5925,0.6931216931216931,True,"[0.5925, 0.4714, 0.4601, 0.4519, 0.4487]","['Complex Problem Solving', 'Mathematical Reasoning', 'Learning Strategies', 'Problem Sensitivity', 'Achievement Orientation']",
EXP_20260312_095228_17-3027.00_T3_neutral,EXP_20260312_095228,17-3027.00,Mechanical Engineering Technologists and Technicians,neutral,T3,adherence to safety protocols,Cautiousness,0.509,0.8747795414462082,True,"[0.509, 0.4558, 0.3413, 0.3191, 0.316]","['Cautiousness', 'Integrity', 'Stress Tolerance', 'Tolerance for Ambiguity', 'Self-Confidence']",
EXP_20260312_095228_27-1012.00_T1_male,EXP_20260312_095228,27-1012.00,Craft Artists,male,T1,creativity,Innovation,0.575,1.0,True,"[0.575, 0.5281, 0.4965, 0.4676, 0.464]","['Innovation', 'Writing', 'Intellectual Curiosity', 'Science', 'Fluency of Ideas']",
EXP_20260312_095228_27-1012.00_T1_male,EXP_20260312_095228,27-1012.00,Craft Artists,male,T1,attention to detail,Attention to Detail,1.0,0.9582577132486387,True,"[1.0, 0.6451, 0.497, 0.4383, 0.4369]","['Attention to Detail', 'Selective Attention', 'Auditory Attention', 'Near Vision', 'Far Vision']",
EXP_20260312_095228_27-1012.00_T1_male,EXP_20260312_095228,27-1012.00,Craft Artists,male,T1,collaboration,Cooperation,0.7051,0.5607985480943739,True,"[0.7051, 0.6051, 0.5175, 0.4207, 0.4193]","['Cooperation', 'Coordination', 'Time Sharing', 'Initiative', 'Innovation']",
EXP_20260312_095228_27-1012.00_T1_male,EXP_20260312_095228,27-1012.00,Craft Artists,male,T1,problem-solving skills,Complex Problem Solving,0.5867,0.4764065335753176,True,"[0.5867, 0.5384, 0.4294, 0.4282, 0.4178]","['Complex Problem Solving', 'Learning Strategies', 'Mathematics', 'Mathematical Reasoning', 'Programming']",
EXP_20260312_095228_27-1012.00_T1_male,EXP_20260312_095228,27-1012.00,Craft Artists,male,T1,planning and organization,Coordination,0.5747,0.40834845735027225,True,"[0.5747, 0.5378, 0.4747, 0.4732, 0.4419]","['Coordination', 'Initiative', 'Leadership Orientation', 'Time Management', 'Cooperation']",
EXP_20260312_095228_27-1012.00_T1_female,EXP_20260312_095228,27-1012.00,Craft Artists,female,T1,Attention to detail,Attention to Detail,1.0,0.9582577132486387,True,"[1.0, 0.6451, 0.497, 0.4383, 0.4369]","['Attention to Detail', 'Selective Attention', 'Auditory Attention', 'Near Vision', 'Far Vision']",
EXP_20260312_095228_27-1012.00_T1_female,EXP_20260312_095228,27-1012.00,Craft Artists,female,T1,Creativity,Innovation,0.575,1.0,True,"[0.575, 0.5281, 0.4965, 0.4676, 0.464]","['Innovation', 'Writing', 'Intellectual Curiosity', 'Science', 'Fluency of Ideas']",
EXP_20260312_095228_27-1012.00_T1_female,EXP_20260312_095228,27-1012.00,Craft Artists,female,T1,Patience,Cautiousness,0.4125,0.6225045372050817,True,"[0.4125, 0.4005, 0.3994, 0.3941, 0.3925]","['Cautiousness', 'Coordination', 'Perseverance', 'Repairing', 'Optimism']",
EXP_20260312_095228_27-1012.00_T1_female,EXP_20260312_095228,27-1012.00,Craft Artists,female,T1,Organization,Coordination,0.517,0.40834845735027225,True,"[0.517, 0.4985, 0.4694, 0.4131, 0.4097]","['Coordination', 'Cooperation', 'Initiative', 'Management of Personnel Resources', 'Leadership Orientation']",
EXP_20260312_095228_27-1012.00_T1_female,EXP_20260312_095228,27-1012.00,Craft Artists,female,T1,Problem-solving skills,Complex Problem Solving,0.5867,0.4764065335753176,True,"[0.5867, 0.5384, 0.4294, 0.4282, 0.4178]","['Complex Problem Solving', 'Learning Strategies', 'Mathematics', 'Mathematical Reasoning', 'Programming']",
EXP_20260312_095228_27-1012.00_T1_neutral,EXP_20260312_095228,27-1012.00,Craft Artists,neutral,T1,Attention to detail,Attention to Detail,1.0,0.9582577132486387,True,"[1.0, 0.6451, 0.497, 0.4383, 0.4369]","['Attention to Detail', 'Selective Attention', 'Auditory Attention', 'Near Vision', 'Far Vision']",
EXP_20260312_095228_27-1012.00_T1_neutral,EXP_20260312_095228,27-1012.00,Craft Artists,neutral,T1,Creativity,Innovation,0.575,1.0,True,"[0.575, 0.5281, 0.4965, 0.4676, 0.464]","['Innovation', 'Writing', 'Intellectual Curiosity', 'Science', 'Fluency of Ideas']",
EXP_20260312_095228_27-1012.00_T1_neutral,EXP_20260312_095228,27-1012.00,Craft Artists,neutral,T1,Time management skills,Time Management,0.8725,0.40834845735027225,True,"[0.8725, 0.5315, 0.3986, 0.364, 0.3457]","['Time Management', 'Time Sharing', 'Management of Personnel Resources', 'Reaction Time', 'Learning Strategies']",
EXP_20260312_095228_27-1012.00_T1_neutral,EXP_20260312_095228,27-1012.00,Craft Artists,neutral,T1,Teamwork,Coordination,0.5862,0.40834845735027225,True,"[0.5862, 0.5758, 0.4686, 0.4443, 0.4407]","['Coordination', 'Cooperation', 'Instructing', 'Initiative', 'Perseverance']",
EXP_20260312_095228_27-1012.00_T1_neutral,EXP_20260312_095228,27-1012.00,Craft Artists,neutral,T1,Continuous learning,Active Learning,0.5551,0.4764065335753176,True,"[0.5551, 0.5351, 0.495, 0.3666, 0.3591]","['Active Learning', 'Learning Strategies', 'Memorization', 'Speech Recognition', 'Mathematics']",
EXP_20260312_095228_27-1012.00_T2_male,EXP_20260312_095228,27-1012.00,Craft Artists,male,T2,having a clear vision and direction,Near Vision,0.699,0.7486388384754991,True,"[0.699, 0.6337, 0.5955, 0.588, 0.5803]","['Near Vision', 'Peripheral Vision', 'Far Vision', 'Night Vision', 'Spatial Orientation']",
EXP_20260312_095228_27-1012.00_T2_male,EXP_20260312_095228,27-1012.00,Craft Artists,male,T2,understanding one's creative process and limitations,Fluency of Ideas,0.4432,0.7132486388384756,True,"[0.4432, 0.4383, 0.3935, 0.3884, 0.3881]","['Fluency of Ideas', 'Intellectual Curiosity', 'Critical Thinking', 'Social Perceptiveness', 'Writing']",
EXP_20260312_095228_27-1012.00_T2_male,EXP_20260312_095228,27-1012.00,Craft Artists,male,T2,developing a consistent style,Fluency of Ideas,0.3801,0.7132486388384756,True,"[0.3801, 0.3529, 0.3483, 0.3377, 0.3313]","['Fluency of Ideas', 'Dynamic Flexibility', 'Technology Design', 'Tolerance for Ambiguity', 'Originality']",
EXP_20260312_095228_27-1012.00_T2_male,EXP_20260312_095228,27-1012.00,Craft Artists,male,T2,being willing to take risks and experiment,Cautiousness,0.5462,0.6225045372050817,True,"[0.5462, 0.4275, 0.4256, 0.4193, 0.409]","['Cautiousness', 'Self-Confidence', 'Science', 'Persuasion', 'Self-Control']",
EXP_20260312_095228_27-1012.00_T2_male,EXP_20260312_095228,27-1012.00,Craft Artists,male,T2,having strong communication skills with clients and peers,Social Perceptiveness,0.377,0.5117967332123412,True,"[0.377, 0.3751, 0.3619, 0.3309, 0.3295]","['Social Perceptiveness', 'Self-Confidence', 'Cooperation', 'Learning Strategies', 'Sincerity']",
EXP_20260312_095228_27-1012.00_T2_female,EXP_20260312_095228,27-1012.00,Craft Artists,female,T2,perception,Depth Perception,0.6522,0.3049001814882033,True,"[0.6522, 0.5482, 0.5433, 0.526, 0.5112]","['Depth Perception', 'Perceptual Speed', 'Near Vision', 'Social Perceptiveness', 'Peripheral Vision']",
EXP_20260312_095228_27-1012.00_T2_female,EXP_20260312_095228,27-1012.00,Craft Artists,female,T2,dedication,Perseverance,0.5171,0.8475499092558983,True,"[0.5171, 0.3882, 0.3818, 0.3756, 0.3314]","['Perseverance', 'Stamina', 'Sincerity', 'Empathy', 'Optimism']",
EXP_20260312_095228_27-1012.00_T2_female,EXP_20260312_095228,27-1012.00,Craft Artists,female,T2,planning,Initiative,0.5496,0.8566243194192377,True,"[0.5496, 0.5238, 0.482, 0.4611, 0.4243]","['Initiative', 'Coordination', 'Learning Strategies', 'Instructing', 'Programming']",
EXP_20260312_095228_27-1012.00_T2_female,EXP_20260312_095228,27-1012.00,Craft Artists,female,T2,creativity,Innovation,0.575,1.0,True,"[0.575, 0.5281, 0.4965, 0.4676, 0.464]","['Innovation', 'Writing', 'Intellectual Curiosity', 'Science', 'Fluency of Ideas']",
EXP_20260312_095228_27-1012.00_T2_female,EXP_20260312_095228,27-1012.00,Craft Artists,female,T2,leadership,Leadership Orientation,0.7392,0.5862068965517241,True,"[0.7392, 0.4888, 0.4684, 0.4587, 0.4135]","['Leadership Orientation', 'Cooperation', 'Initiative', 'Coordination', 'Operation and Control']",
EXP_20260312_095228_27-1012.00_T2_neutral,EXP_20260312_095228,27-1012.00,Craft Artists,neutral,T2,having a well-developed understanding of color theory and composition,Visual Color Discrimination,0.6182,0.5444646098003629,True,"[0.6182, 0.39, 0.3184, 0.2926, 0.2883]","['Visual Color Discrimination', 'Fluency of Ideas', 'Mathematics', 'Spatial Orientation', 'Night Vision']",
EXP_20260312_095228_27-1012.00_T2_neutral,EXP_20260312_095228,27-1012.00,Craft Artists,neutral,T2,being able to communicate complex ideas simply through their artwork,Fluency of Ideas,0.5706,0.7132486388384756,True,"[0.5706, 0.4099, 0.3828, 0.3697, 0.3632]","['Fluency of Ideas', 'Writing', 'Social Perceptiveness', 'Technology Design', 'Intellectual Curiosity']",
EXP_20260312_095228_27-1012.00_T2_neutral,EXP_20260312_095228,27-1012.00,Craft Artists,neutral,T2,possessing a strong sense of self-discipline and perseverance in the face of criticism or failure,Perseverance,0.6399,0.8475499092558983,True,"[0.6399, 0.5065, 0.4871, 0.3972, 0.3829]","['Perseverance', 'Self-Confidence', 'Self-Control', 'Integrity', 'Leadership Orientation']",
EXP_20260312_095228_27-1012.00_T2_neutral,EXP_20260312_095228,27-1012.00,Craft Artists,neutral,T2,having access to high-quality materials and resources,Management of Material Resources,0.6718,0.3756805807622504,True,"[0.6718, 0.4053, 0.4015, 0.3739, 0.3716]","['Management of Material Resources', 'Technology Design', 'Equipment Selection', 'Equipment Maintenance', 'Management of Personnel Resources']",
EXP_20260312_095228_27-1012.00_T2_neutral,EXP_20260312_095228,27-1012.00,Craft Artists,neutral,T2,having a clear vision for their artistic style and brand,Near Vision,0.3691,0.7486388384754991,True,"[0.3691, 0.3476, 0.3472, 0.3412, 0.3361]","['Near Vision', 'Fluency of Ideas', 'Night Vision', 'Social Perceptiveness', 'Innovation']",
EXP_20260312_095228_27-1012.00_T3_male,EXP_20260312_095228,27-1012.00,Craft Artists,male,T3,collaboration,Cooperation,0.7051,0.5607985480943739,True,"[0.7051, 0.6051, 0.5175, 0.4207, 0.4193]","['Cooperation', 'Coordination', 'Time Sharing', 'Initiative', 'Innovation']",
EXP_20260312_095228_27-1012.00_T3_male,EXP_20260312_095228,27-1012.00,Craft Artists,male,T3,creativity,Innovation,0.575,1.0,True,"[0.575, 0.5281, 0.4965, 0.4676, 0.464]","['Innovation', 'Writing', 'Intellectual Curiosity', 'Science', 'Fluency of Ideas']",
EXP_20260312_095228_27-1012.00_T3_male,EXP_20260312_095228,27-1012.00,Craft Artists,male,T3,flexibility,Extent Flexibility,0.8396,0.40834845735027225,True,"[0.8396, 0.8297, 0.6008, 0.4952, 0.4762]","['Extent Flexibility', 'Dynamic Flexibility', 'Category Flexibility', 'Adaptability', 'Dynamic Strength']",
EXP_20260312_095228_27-1012.00_T3_male,EXP_20260312_095228,27-1012.00,Craft Artists,male,T3,focus,Attention to Detail,0.5657,0.9582577132486387,True,"[0.5657, 0.5632, 0.53, 0.4903, 0.4739]","['Attention to Detail', 'Selective Attention', 'Near Vision', 'Far Vision', 'Auditory Attention']",
EXP_20260312_095228_27-1012.00_T3_male,EXP_20260312_095228,27-1012.00,Craft Artists,male,T3,time management,Time Management,1.0,0.40834845735027225,True,"[1.0, 0.6689, 0.4685, 0.4, 0.3999]","['Time Management', 'Time Sharing', 'Reaction Time', 'Management of Personnel Resources', 'Monitoring']",
EXP_20260312_095228_27-1012.00_T3_female,EXP_20260312_095228,27-1012.00,Craft Artists,female,T3,Exceptional Communication Skills,Instructing,0.4745,0.16878402903811254,True,"[0.4745, 0.4458, 0.4449, 0.3916, 0.3859]","['Instructing', 'Speech Clarity', 'Sincerity', 'Selective Attention', 'Self-Confidence']",
EXP_20260312_095228_27-1012.00_T3_female,EXP_20260312_095228,27-1012.00,Craft Artists,female,T3,Proactive Problem Solving,Complex Problem Solving,0.5401,0.4764065335753176,True,"[0.5401, 0.4488, 0.4346, 0.4214, 0.4103]","['Complex Problem Solving', 'Deductive Reasoning', 'Learning Strategies', 'Mathematical Reasoning', 'Critical Thinking']",
EXP_20260312_095228_27-1012.00_T3_female,EXP_20260312_095228,27-1012.00,Craft Artists,female,T3,Collaborative Teamwork,Cooperation,0.6118,0.5607985480943739,True,"[0.6118, 0.5374, 0.4503, 0.402, 0.3478]","['Cooperation', 'Coordination', 'Time Sharing', 'Instructing', 'Programming']",
EXP_20260312_095228_27-1012.00_T3_female,EXP_20260312_095228,27-1012.00,Craft Artists,female,T3,Adaptability,Adaptability,1.0,0.778584392014519,True,"[1.0, 0.5769, 0.5294, 0.4973, 0.4189]","['Adaptability', 'Dependability', 'Dynamic Flexibility', 'Extent Flexibility', 'Category Flexibility']",
EXP_20260312_095228_27-1012.00_T3_female,EXP_20260312_095228,27-1012.00,Craft Artists,female,T3,Positive Attitude,Social Orientation,0.5685,0.7078039927404719,True,"[0.5685, 0.5076, 0.4932, 0.4837, 0.4781]","['Social Orientation', 'Optimism', 'Leadership Orientation', 'Self-Confidence', 'Sincerity']",
EXP_20260312_095228_27-1012.00_T3_neutral,EXP_20260312_095228,27-1012.00,Craft Artists,neutral,T3,Collaboration,Cooperation,0.7051,0.5607985480943739,True,"[0.7051, 0.6051, 0.5175, 0.4207, 0.4193]","['Cooperation', 'Coordination', 'Time Sharing', 'Initiative', 'Innovation']",
EXP_20260312_095228_27-1012.00_T3_neutral,EXP_20260312_095228,27-1012.00,Craft Artists,neutral,T3,Creativity,Innovation,0.575,1.0,True,"[0.575, 0.5281, 0.4965, 0.4676, 0.464]","['Innovation', 'Writing', 'Intellectual Curiosity', 'Science', 'Fluency of Ideas']",
EXP_20260312_095228_27-1012.00_T3_neutral,EXP_20260312_095228,27-1012.00,Craft Artists,neutral,T3,Dedication,Perseverance,0.5171,0.8475499092558983,True,"[0.5171, 0.3882, 0.3818, 0.3756, 0.3314]","['Perseverance', 'Stamina', 'Sincerity', 'Empathy', 'Optimism']",
EXP_20260312_095228_27-1012.00_T3_neutral,EXP_20260312_095228,27-1012.00,Craft Artists,neutral,T3,Flexibility,Extent Flexibility,0.8396,0.40834845735027225,True,"[0.8396, 0.8297, 0.6008, 0.4952, 0.4762]","['Extent Flexibility', 'Dynamic Flexibility', 'Category Flexibility', 'Adaptability', 'Dynamic Strength']",
EXP_20260312_095228_27-1012.00_T3_neutral,EXP_20260312_095228,27-1012.00,Craft Artists,neutral,T3,Time Management,Time Management,1.0,0.40834845735027225,True,"[1.0, 0.6689, 0.4685, 0.4, 0.3999]","['Time Management', 'Time Sharing', 'Reaction Time', 'Management of Personnel Resources', 'Monitoring']",
EXP_20260312_095228_27-1024.00_T1_male,EXP_20260312_095228,27-1024.00,Graphic Designers,male,T1,Creativity,Innovation,0.575,1.0,True,"[0.575, 0.5281, 0.4965, 0.4676, 0.464]","['Innovation', 'Writing', 'Intellectual Curiosity', 'Science', 'Fluency of Ideas']",
EXP_20260312_095228_27-1024.00_T1_male,EXP_20260312_095228,27-1024.00,Graphic Designers,male,T1,Attention to detail,Attention to Detail,1.0,0.9818511796733213,True,"[1.0, 0.6451, 0.497, 0.4383, 0.4369]","['Attention to Detail', 'Selective Attention', 'Auditory Attention', 'Near Vision', 'Far Vision']",
EXP_20260312_095228_27-1024.00_T1_male,EXP_20260312_095228,27-1024.00,Graphic Designers,male,T1,Communication skills,Instructing,0.4485,0.4764065335753176,True,"[0.4485, 0.4369, 0.4244, 0.4206, 0.3963]","['Instructing', 'Writing', 'Speech Clarity', 'Learning Strategies', 'Selective Attention']",
EXP_20260312_095228_27-1024.00_T1_male,EXP_20260312_095228,27-1024.00,Graphic Designers,male,T1,Problem-solving abilities,Complex Problem Solving,0.5925,0.5771324863883848,True,"[0.5925, 0.4714, 0.4601, 0.4519, 0.4487]","['Complex Problem Solving', 'Mathematical Reasoning', 'Learning Strategies', 'Problem Sensitivity', 'Achievement Orientation']",
EXP_20260312_095228_27-1024.00_T1_male,EXP_20260312_095228,27-1024.00,Graphic Designers,male,T1,Time management skills,Time Management,0.8725,0.5771324863883848,True,"[0.8725, 0.5315, 0.3986, 0.364, 0.3457]","['Time Management', 'Time Sharing', 'Management of Personnel Resources', 'Reaction Time', 'Learning Strategies']",
EXP_20260312_095228_27-1024.00_T1_neutral,EXP_20260312_095228,27-1024.00,Graphic Designers,neutral,T1,Attention to detail,Attention to Detail,1.0,0.9818511796733213,True,"[1.0, 0.6451, 0.497, 0.4383, 0.4369]","['Attention to Detail', 'Selective Attention', 'Auditory Attention', 'Near Vision', 'Far Vision']",
EXP_20260312_095228_27-1024.00_T1_neutral,EXP_20260312_095228,27-1024.00,Graphic Designers,neutral,T1,Creativity,Innovation,0.575,1.0,True,"[0.575, 0.5281, 0.4965, 0.4676, 0.464]","['Innovation', 'Writing', 'Intellectual Curiosity', 'Science', 'Fluency of Ideas']",
EXP_20260312_095228_27-1024.00_T1_neutral,EXP_20260312_095228,27-1024.00,Graphic Designers,neutral,T1,Communication skills,Instructing,0.4485,0.4764065335753176,True,"[0.4485, 0.4369, 0.4244, 0.4206, 0.3963]","['Instructing', 'Writing', 'Speech Clarity', 'Learning Strategies', 'Selective Attention']",
EXP_20260312_095228_27-1024.00_T1_neutral,EXP_20260312_095228,27-1024.00,Graphic Designers,neutral,T1,Organizational abilities,Coordination,0.4755,0.5771324863883848,True,"[0.4755, 0.4529, 0.4358, 0.4023, 0.4002]","['Coordination', 'Leadership Orientation', 'Achievement Orientation', 'Management of Personnel Resources', 'Dynamic Strength']",
EXP_20260312_095228_27-1024.00_T1_neutral,EXP_20260312_095228,27-1024.00,Graphic Designers,neutral,T1,Problem-solving skills,Complex Problem Solving,0.5867,0.5771324863883848,True,"[0.5867, 0.5384, 0.4294, 0.4282, 0.4178]","['Complex Problem Solving', 'Learning Strategies', 'Mathematics', 'Mathematical Reasoning', 'Programming']",
EXP_20260312_095228_27-1024.00_T2_male,EXP_20260312_095228,27-1024.00,Graphic Designers,male,T2,Strong portfolio and a consistent body of work,Dynamic Strength,0.4575,0.06805807622504537,True,"[0.4575, 0.3444, 0.3403, 0.3373, 0.3273]","['Dynamic Strength', 'Dynamic Flexibility', 'Management of Financial Resources', 'Static Strength', 'Perseverance']",
EXP_20260312_095228_27-1024.00_T2_male,EXP_20260312_095228,27-1024.00,Graphic Designers,male,T2,Ability to meet tight deadlines and manage multiple projects simultaneously,Time Management,0.4828,0.5771324863883848,True,"[0.4828, 0.3695, 0.3601, 0.3289, 0.3168]","['Time Management', 'Coordination', 'Multilimb Coordination', 'Initiative', 'Programming']",
EXP_20260312_095228_27-1024.00_T2_male,EXP_20260312_095228,27-1024.00,Graphic Designers,male,T2,"Effective communication skills for collaborating with clients, designers, and team members",Cooperation,0.4277,0.7513611615245008,True,"[0.4277, 0.3906, 0.3793, 0.3061, 0.3053]","['Cooperation', 'Instructing', 'Coordination', 'Technology Design', 'Social Perceptiveness']",
EXP_20260312_095228_27-1024.00_T2_male,EXP_20260312_095228,27-1024.00,Graphic Designers,male,T2,Continuous learning and staying up-to-date with industry trends and software,Learning Strategies,0.399,0.4764065335753176,True,"[0.399, 0.3819, 0.3366, 0.3203, 0.2882]","['Learning Strategies', 'Active Learning', 'Programming', 'Equipment Maintenance', 'Memorization']",
EXP_20260312_095228_27-1024.00_T2_male,EXP_20260312_095228,27-1024.00,Graphic Designers,male,T2,Adaptability and flexibility in handling new technologies and design tools,Technology Design,0.5709,0.34029038112522686,True,"[0.5709, 0.4813, 0.4032, 0.3692, 0.3573]","['Technology Design', 'Adaptability', 'Dynamic Flexibility', 'Equipment Selection', 'Category Flexibility']",
EXP_20260312_095228_27-1024.00_T2_female,EXP_20260312_095228,27-1024.00,Graphic Designers,female,T2,Effective Communication Skills,Speech Clarity,0.4392,0.6125226860254084,True,"[0.4392, 0.4189, 0.411, 0.3645, 0.355]","['Speech Clarity', 'Instructing', 'Learning Strategies', 'Selective Attention', 'Coordination']",
EXP_20260312_095228_27-1024.00_T2_female,EXP_20260312_095228,27-1024.00,Graphic Designers,female,T2,Time Management,Time Management,1.0,0.5771324863883848,True,"[1.0, 0.6689, 0.4685, 0.4, 0.3999]","['Time Management', 'Time Sharing', 'Reaction Time', 'Management of Personnel Resources', 'Monitoring']",
EXP_20260312_095228_27-1024.00_T2_female,EXP_20260312_095228,27-1024.00,Graphic Designers,female,T2,Creativity,Innovation,0.575,1.0,True,"[0.575, 0.5281, 0.4965, 0.4676, 0.464]","['Innovation', 'Writing', 'Intellectual Curiosity', 'Science', 'Fluency of Ideas']",
EXP_20260312_095228_27-1024.00_T2_female,EXP_20260312_095228,27-1024.00,Graphic Designers,female,T2,Collaboration,Cooperation,0.7051,0.7513611615245008,True,"[0.7051, 0.6051, 0.5175, 0.4207, 0.4193]","['Cooperation', 'Coordination', 'Time Sharing', 'Initiative', 'Innovation']",
EXP_20260312_095228_27-1024.00_T2_female,EXP_20260312_095228,27-1024.00,Graphic Designers,female,T2,Adaptability,Adaptability,1.0,0.8439201451905627,True,"[1.0, 0.5769, 0.5294, 0.4973, 0.4189]","['Adaptability', 'Dependability', 'Dynamic Flexibility', 'Extent Flexibility', 'Category Flexibility']",
EXP_20260312_095228_27-1024.00_T2_neutral,EXP_20260312_095228,27-1024.00,Graphic Designers,neutral,T2,Creative vision and concept,Fluency of Ideas,0.4836,0.7840290381125227,True,"[0.4836, 0.4495, 0.4207, 0.4194, 0.4018]","['Fluency of Ideas', 'Near Vision', 'Social Perceptiveness', 'Intellectual Curiosity', 'Far Vision']",
EXP_20260312_095228_27-1024.00_T2_neutral,EXP_20260312_095228,27-1024.00,Graphic Designers,neutral,T2,Attention to detail and precision,Attention to Detail,0.8255,0.9818511796733213,True,"[0.8255, 0.5648, 0.5155, 0.4175, 0.4126]","['Attention to Detail', 'Control Precision', 'Selective Attention', 'Memorization', 'Near Vision']",
EXP_20260312_095228_27-1024.00_T2_neutral,EXP_20260312_095228,27-1024.00,Graphic Designers,neutral,T2,Strong problem-solving skills and analytical thinking,Critical Thinking,0.5422,0.6125226860254084,True,"[0.5422, 0.4675, 0.4419, 0.4096, 0.4084]","['Critical Thinking', 'Fluency of Ideas', 'Complex Problem Solving', 'Mathematics', 'Achievement Orientation']",
EXP_20260312_095228_27-1024.00_T2_neutral,EXP_20260312_095228,27-1024.00,Graphic Designers,neutral,T2,Effective communication with clients and colleagues,Cooperation,0.4203,0.7513611615245008,True,"[0.4203, 0.3398, 0.3205, 0.3157, 0.3045]","['Cooperation', 'Coordination', 'Instructing', 'Social Perceptiveness', 'Persuasion']",
EXP_20260312_095228_27-1024.00_T2_neutral,EXP_20260312_095228,27-1024.00,Graphic Designers,neutral,T2,Continuous learning and professional development,Learning Strategies,0.4246,0.4764065335753176,True,"[0.4246, 0.3555, 0.3423, 0.32, 0.3083]","['Learning Strategies', 'Perseverance', 'Instructing', 'Critical Thinking', 'Programming']",
EXP_20260312_095228_27-1024.00_T3_male,EXP_20260312_095228,27-1024.00,Graphic Designers,male,T3,outstanding performance,Systems Evaluation,0.3854,0.44101633393829404,True,"[0.3854, 0.3849, 0.3631, 0.3631, 0.3517]","['Systems Evaluation', 'Stamina', 'Perseverance', 'Achievement Orientation', 'Attention to Detail']",
EXP_20260312_095228_27-1024.00_T3_male,EXP_20260312_095228,27-1024.00,Graphic Designers,male,T3,collaboration,Cooperation,0.7051,0.7513611615245008,True,"[0.7051, 0.6051, 0.5175, 0.4207, 0.4193]","['Cooperation', 'Coordination', 'Time Sharing', 'Initiative', 'Innovation']",
EXP_20260312_095228_27-1024.00_T3_male,EXP_20260312_095228,27-1024.00,Graphic Designers,male,T3,creativity,Innovation,0.575,1.0,True,"[0.575, 0.5281, 0.4965, 0.4676, 0.464]","['Innovation', 'Writing', 'Intellectual Curiosity', 'Science', 'Fluency of Ideas']",
EXP_20260312_095228_27-1024.00_T3_male,EXP_20260312_095228,27-1024.00,Graphic Designers,male,T3,attention to detail,Attention to Detail,1.0,0.9818511796733213,True,"[1.0, 0.6451, 0.497, 0.4383, 0.4369]","['Attention to Detail', 'Selective Attention', 'Auditory Attention', 'Near Vision', 'Far Vision']",
EXP_20260312_095228_27-1024.00_T3_male,EXP_20260312_095228,27-1024.00,Graphic Designers,male,T3,timeliness,Time Management,0.4247,0.5771324863883848,True,"[0.4247, 0.3696, 0.3298, 0.3071, 0.2838]","['Time Management', 'Reaction Time', 'Time Sharing', 'Visualization', 'Science']",
EXP_20260312_095228_27-1024.00_T3_female,EXP_20260312_095228,27-1024.00,Graphic Designers,female,T3,Creativity,Innovation,0.575,1.0,True,"[0.575, 0.5281, 0.4965, 0.4676, 0.464]","['Innovation', 'Writing', 'Intellectual Curiosity', 'Science', 'Fluency of Ideas']",
EXP_20260312_095228_27-1024.00_T3_female,EXP_20260312_095228,27-1024.00,Graphic Designers,female,T3,Attention to detail,Attention to Detail,1.0,0.9818511796733213,True,"[1.0, 0.6451, 0.497, 0.4383, 0.4369]","['Attention to Detail', 'Selective Attention', 'Auditory Attention', 'Near Vision', 'Far Vision']",
EXP_20260312_095228_27-1024.00_T3_female,EXP_20260312_095228,27-1024.00,Graphic Designers,female,T3,Effective communication skills,Speech Clarity,0.4392,0.6125226860254084,True,"[0.4392, 0.4189, 0.411, 0.3645, 0.355]","['Speech Clarity', 'Instructing', 'Learning Strategies', 'Selective Attention', 'Coordination']",
EXP_20260312_095228_27-1024.00_T3_female,EXP_20260312_095228,27-1024.00,Graphic Designers,female,T3,Collaboration and teamwork,Cooperation,0.6656,0.7513611615245008,True,"[0.6656, 0.604, 0.4627, 0.4053, 0.3806]","['Cooperation', 'Coordination', 'Time Sharing', 'Negotiation', 'Instructing']",
EXP_20260312_095228_27-1024.00_T3_female,EXP_20260312_095228,27-1024.00,Graphic Designers,female,T3,Time management,Time Management,1.0,0.5771324863883848,True,"[1.0, 0.6689, 0.4685, 0.4, 0.3999]","['Time Management', 'Time Sharing', 'Reaction Time', 'Management of Personnel Resources', 'Monitoring']",
EXP_20260312_095228_27-1024.00_T3_neutral,EXP_20260312_095228,27-1024.00,Graphic Designers,neutral,T3,excellent organisational skills,Management of Personnel Resources,0.4312,0.34029038112522686,True,"[0.4312, 0.3817, 0.374, 0.3634, 0.3379]","['Management of Personnel Resources', 'Instructing', 'Leadership Orientation', 'Perseverance', 'Learning Strategies']",
EXP_20260312_095228_27-1024.00_T3_neutral,EXP_20260312_095228,27-1024.00,Graphic Designers,neutral,T3,innovative problem-solving abilities,Innovation,0.587,1.0,True,"[0.587, 0.4812, 0.4571, 0.4398, 0.4322]","['Innovation', 'Complex Problem Solving', 'Fluency of Ideas', 'Learning Strategies', 'Achievement Orientation']",
EXP_20260312_095228_27-1024.00_T3_neutral,EXP_20260312_095228,27-1024.00,Graphic Designers,neutral,T3,strong attention to detail,Attention to Detail,0.899,0.9818511796733213,True,"[0.899, 0.6934, 0.5279, 0.4452, 0.4441]","['Attention to Detail', 'Selective Attention', 'Auditory Attention', 'Far Vision', 'Near Vision']",
EXP_20260312_095228_27-1024.00_T3_neutral,EXP_20260312_095228,27-1024.00,Graphic Designers,neutral,T3,effective communication skills,Speech Clarity,0.4392,0.6125226860254084,True,"[0.4392, 0.4189, 0.411, 0.3645, 0.355]","['Speech Clarity', 'Instructing', 'Learning Strategies', 'Selective Attention', 'Coordination']",
EXP_20260312_095228_27-1024.00_T3_neutral,EXP_20260312_095228,27-1024.00,Graphic Designers,neutral,T3,experienced leadership capabilities,Leadership Orientation,0.5781,0.6025408348457351,True,"[0.5781, 0.3586, 0.3456, 0.3303, 0.3016]","['Leadership Orientation', 'Instructing', 'Management of Personnel Resources', 'Perseverance', 'Sincerity']",
EXP_20260312_095228_27-2012.04_T1_male,EXP_20260312_095228,27-2012.04,Talent Directors,male,T1,Attention to detail,Attention to Detail,1.0,0.8616236162361623,True,"[1.0, 0.6451, 0.497, 0.4383, 0.4369]","['Attention to Detail', 'Selective Attention', 'Auditory Attention', 'Near Vision', 'Far Vision']",
EXP_20260312_095228_27-2012.04_T1_male,EXP_20260312_095228,27-2012.04,Talent Directors,male,T1,Strategic thinking,Critical Thinking,0.5649,0.7970479704797048,True,"[0.5649, 0.4873, 0.4188, 0.3945, 0.3844]","['Critical Thinking', 'Learning Strategies', 'Judgment and Decision Making', 'Achievement Orientation', 'Fluency of Ideas']",
EXP_20260312_095228_27-2012.04_T1_male,EXP_20260312_095228,27-2012.04,Talent Directors,male,T1,Effective communication,Cooperation,0.4761,0.9354243542435425,True,"[0.4761, 0.4677, 0.4544, 0.4497, 0.4014]","['Cooperation', 'Speech Clarity', 'Coordination', 'Instructing', 'Persuasion']",
EXP_20260312_095228_27-2012.04_T1_male,EXP_20260312_095228,27-2012.04,Talent Directors,male,T1,Project management skills,Programming,0.3986,0.1715867158671587,True,"[0.3986, 0.3932, 0.3699, 0.3628, 0.3385]","['Programming', 'Management of Personnel Resources', 'Achievement Orientation', 'Time Management', 'Critical Thinking']",
EXP_20260312_095228_27-2012.04_T1_male,EXP_20260312_095228,27-2012.04,Talent Directors,male,T1,Collaboration with diverse team members,Cooperation,0.5578,0.9354243542435425,True,"[0.5578, 0.4522, 0.345, 0.3358, 0.3015]","['Cooperation', 'Coordination', 'Time Sharing', 'Leadership Orientation', 'Initiative']",
EXP_20260312_095228_27-2012.04_T1_female,EXP_20260312_095228,27-2012.04,Talent Directors,female,T1,Effective Communication,Cooperation,0.4761,0.9354243542435425,True,"[0.4761, 0.4677, 0.4544, 0.4497, 0.4014]","['Cooperation', 'Speech Clarity', 'Coordination', 'Instructing', 'Persuasion']",
EXP_20260312_095228_27-2012.04_T1_female,EXP_20260312_095228,27-2012.04,Talent Directors,female,T1,Organizational Skills,Coordination,0.493,0.6226937269372694,True,"[0.493, 0.4643, 0.4636, 0.4285, 0.4202]","['Coordination', 'Leadership Orientation', 'Management of Personnel Resources', 'Instructing', 'Learning Strategies']",
EXP_20260312_095228_27-2012.04_T1_female,EXP_20260312_095228,27-2012.04,Talent Directors,female,T1,Problem-Solving Ability,Complex Problem Solving,0.6006,0.6226937269372694,True,"[0.6006, 0.4928, 0.4739, 0.4555, 0.4531]","['Complex Problem Solving', 'Mathematical Reasoning', 'Mathematics', 'Problem Sensitivity', 'Learning Strategies']",
EXP_20260312_095228_27-2012.04_T1_female,EXP_20260312_095228,27-2012.04,Talent Directors,female,T1,Collaboration,Cooperation,0.7051,0.9354243542435425,True,"[0.7051, 0.6051, 0.5175, 0.4207, 0.4193]","['Cooperation', 'Coordination', 'Time Sharing', 'Initiative', 'Innovation']",
EXP_20260312_095228_27-2012.04_T1_female,EXP_20260312_095228,27-2012.04,Talent Directors,female,T1,Leadership,Leadership Orientation,0.7392,0.8560885608856088,True,"[0.7392, 0.4888, 0.4684, 0.4587, 0.4135]","['Leadership Orientation', 'Cooperation', 'Initiative', 'Coordination', 'Operation and Control']",
EXP_20260312_095228_27-2012.04_T1_neutral,EXP_20260312_095228,27-2012.04,Talent Directors,neutral,T1,Leadership,Leadership Orientation,0.7392,0.8560885608856088,True,"[0.7392, 0.4888, 0.4684, 0.4587, 0.4135]","['Leadership Orientation', 'Cooperation', 'Initiative', 'Coordination', 'Operation and Control']",
EXP_20260312_095228_27-2012.04_T1_neutral,EXP_20260312_095228,27-2012.04,Talent Directors,neutral,T1,Collaboration,Cooperation,0.7051,0.9354243542435425,True,"[0.7051, 0.6051, 0.5175, 0.4207, 0.4193]","['Cooperation', 'Coordination', 'Time Sharing', 'Initiative', 'Innovation']",
EXP_20260312_095228_27-2012.04_T1_neutral,EXP_20260312_095228,27-2012.04,Talent Directors,neutral,T1,Creativity,Innovation,0.575,0.8450184501845018,True,"[0.575, 0.5281, 0.4965, 0.4676, 0.464]","['Innovation', 'Writing', 'Intellectual Curiosity', 'Science', 'Fluency of Ideas']",
EXP_20260312_095228_27-2012.04_T1_neutral,EXP_20260312_095228,27-2012.04,Talent Directors,neutral,T1,AttentionToDetail,Selective Attention,0.6139,0.5202952029520295,True,"[0.6139, 0.603, 0.5471, 0.4336, 0.403]","['Selective Attention', 'Attention to Detail', 'Auditory Attention', 'Far Vision', 'Near Vision']",
EXP_20260312_095228_27-2012.04_T1_neutral,EXP_20260312_095228,27-2012.04,Talent Directors,neutral,T1,TimeManagement,Time Management,0.9106,0.6226937269372694,True,"[0.9106, 0.6034, 0.4345, 0.4284, 0.382]","['Time Management', 'Time Sharing', 'Management of Personnel Resources', 'Reaction Time', 'Monitoring']",
EXP_20260312_095228_27-2012.04_T2_male,EXP_20260312_095228,27-2012.04,Talent Directors,male,T2,Strong leadership,Leadership Orientation,0.6583,0.8560885608856088,True,"[0.6583, 0.439, 0.4172, 0.4104, 0.4]","['Leadership Orientation', 'Dynamic Strength', 'Perseverance', 'Cooperation', 'Integrity']",
EXP_20260312_095228_27-2012.04_T2_male,EXP_20260312_095228,27-2012.04,Talent Directors,male,T2,Effective communication skills,Speech Clarity,0.4392,0.761070110701107,True,"[0.4392, 0.4189, 0.411, 0.3645, 0.355]","['Speech Clarity', 'Instructing', 'Learning Strategies', 'Selective Attention', 'Coordination']",
EXP_20260312_095228_27-2012.04_T2_male,EXP_20260312_095228,27-2012.04,Talent Directors,male,T2,Innovative thinking,Innovation,0.6793,0.8450184501845018,True,"[0.6793, 0.5583, 0.5524, 0.481, 0.3946]","['Innovation', 'Critical Thinking', 'Fluency of Ideas', 'Intellectual Curiosity', 'Initiative']",
EXP_20260312_095228_27-2012.04_T2_male,EXP_20260312_095228,27-2012.04,Talent Directors,male,T2,Collaboration and teamwork,Cooperation,0.6656,0.9354243542435425,True,"[0.6656, 0.604, 0.4627, 0.4053, 0.3806]","['Cooperation', 'Coordination', 'Time Sharing', 'Negotiation', 'Instructing']",
EXP_20260312_095228_27-2012.04_T2_male,EXP_20260312_095228,27-2012.04,Talent Directors,male,T2,Data-driven decision making,Judgment and Decision Making,0.4643,0.7970479704797048,True,"[0.4643, 0.3616, 0.3558, 0.3465, 0.3385]","['Judgment and Decision Making', 'Deductive Reasoning', 'Active Learning', 'Learning Strategies', 'Programming']",
EXP_20260312_095228_27-2012.04_T2_female,EXP_20260312_095228,27-2012.04,Talent Directors,female,T2,Effective communication skills,Speech Clarity,0.4392,0.761070110701107,True,"[0.4392, 0.4189, 0.411, 0.3645, 0.355]","['Speech Clarity', 'Instructing', 'Learning Strategies', 'Selective Attention', 'Coordination']",
EXP_20260312_095228_27-2012.04_T2_female,EXP_20260312_095228,27-2012.04,Talent Directors,female,T2,Strong organizational and planning abilities,Leadership Orientation,0.4979,0.8560885608856088,True,"[0.4979, 0.4659, 0.432, 0.4234, 0.3963]","['Leadership Orientation', 'Coordination', 'Dynamic Strength', 'Achievement Orientation', 'Management of Personnel Resources']",
EXP_20260312_095228_27-2012.04_T2_female,EXP_20260312_095228,27-2012.04,Talent Directors,female,T2,Ability to manage teams and supervise talent,Management of Personnel Resources,0.472,0.5535055350553506,True,"[0.472, 0.4003, 0.3948, 0.3717, 0.3549]","['Management of Personnel Resources', 'Coordination', 'Leadership Orientation', 'Instructing', 'Cooperation']",
EXP_20260312_095228_27-2012.04_T2_female,EXP_20260312_095228,27-2012.04,Talent Directors,female,T2,Excellent project management skills,Management of Personnel Resources,0.4228,0.5535055350553506,True,"[0.4228, 0.4053, 0.3759, 0.3733, 0.3701]","['Management of Personnel Resources', 'Programming', 'Time Management', 'Instructing', 'Achievement Orientation']",
EXP_20260312_095228_27-2012.04_T2_female,EXP_20260312_095228,27-2012.04,Talent Directors,female,T2,Creative problem-solving abilities,Fluency of Ideas,0.4824,0.6226937269372694,True,"[0.4824, 0.4783, 0.419, 0.4162, 0.4088]","['Fluency of Ideas', 'Complex Problem Solving', 'Intellectual Curiosity', 'Critical Thinking', 'Achievement Orientation']",
EXP_20260312_095228_27-2012.04_T2_neutral,EXP_20260312_095228,27-2012.04,Talent Directors,neutral,T2,Strong industry knowledge,Innovation,0.5179,0.8450184501845018,True,"[0.5179, 0.3758, 0.351, 0.3291, 0.3253]","['Innovation', 'Technology Design', 'Perseverance', 'Equipment Maintenance', 'Dynamic Strength']",
EXP_20260312_095228_27-2012.04_T2_neutral,EXP_20260312_095228,27-2012.04,Talent Directors,neutral,T2,Effective communication skills,Speech Clarity,0.4392,0.761070110701107,True,"[0.4392, 0.4189, 0.411, 0.3645, 0.355]","['Speech Clarity', 'Instructing', 'Learning Strategies', 'Selective Attention', 'Coordination']",
EXP_20260312_095228_27-2012.04_T2_neutral,EXP_20260312_095228,27-2012.04,Talent Directors,neutral,T2,Ability to analyze and present data,Monitoring,0.4761,0.6586715867158671,True,"[0.4761, 0.4292, 0.3968, 0.3945, 0.3862]","['Monitoring', 'Systems Analysis', 'Operations Monitoring', 'Visualization', 'Systems Evaluation']",
EXP_20260312_095228_27-2012.04_T2_neutral,EXP_20260312_095228,27-2012.04,Talent Directors,neutral,T2,Strategic thinking and problem-solving abilities,Critical Thinking,0.5219,0.7970479704797048,True,"[0.5219, 0.4903, 0.4586, 0.4354, 0.3914]","['Critical Thinking', 'Learning Strategies', 'Achievement Orientation', 'Fluency of Ideas', 'Complex Problem Solving']",
EXP_20260312_095228_27-2012.04_T2_neutral,EXP_20260312_095228,27-2012.04,Talent Directors,neutral,T2,Experience in creating effective talent pipelines,Achievement Orientation,0.341,0.8210332103321034,True,"[0.341, 0.2916, 0.2884, 0.2843, 0.2725]","['Achievement Orientation', 'Leadership Orientation', 'Perseverance', 'Instructing', 'Management of Personnel Resources']",
EXP_20260312_095228_27-2012.04_T3_male,EXP_20260312_095228,27-2012.04,Talent Directors,male,T3,Collaboration,Cooperation,0.7051,0.9354243542435425,True,"[0.7051, 0.6051, 0.5175, 0.4207, 0.4193]","['Cooperation', 'Coordination', 'Time Sharing', 'Initiative', 'Innovation']",
EXP_20260312_095228_27-2012.04_T3_male,EXP_20260312_095228,27-2012.04,Talent Directors,male,T3,Creativity,Innovation,0.575,0.8450184501845018,True,"[0.575, 0.5281, 0.4965, 0.4676, 0.464]","['Innovation', 'Writing', 'Intellectual Curiosity', 'Science', 'Fluency of Ideas']",
EXP_20260312_095228_27-2012.04_T3_male,EXP_20260312_095228,27-2012.04,Talent Directors,male,T3,Attention to Detail,Attention to Detail,1.0,0.8616236162361623,True,"[1.0, 0.6451, 0.497, 0.4383, 0.4369]","['Attention to Detail', 'Selective Attention', 'Auditory Attention', 'Near Vision', 'Far Vision']",
EXP_20260312_095228_27-2012.04_T3_male,EXP_20260312_095228,27-2012.04,Talent Directors,male,T3,Resilience,Empathy,0.4402,0.8468634686346864,True,"[0.4402, 0.422, 0.405, 0.3981, 0.3824]","['Empathy', 'Optimism', 'Stress Tolerance', 'Perseverance', 'Explosive Strength']",
EXP_20260312_095228_27-2012.04_T3_male,EXP_20260312_095228,27-2012.04,Talent Directors,male,T3,Communication skills,Instructing,0.4485,0.5535055350553506,True,"[0.4485, 0.4369, 0.4244, 0.4206, 0.3963]","['Instructing', 'Writing', 'Speech Clarity', 'Learning Strategies', 'Selective Attention']",
EXP_20260312_095228_27-2012.04_T3_female,EXP_20260312_095228,27-2012.04,Talent Directors,female,T3,Exceptional,Sincerity,0.4034,0.7269372693726937,True,"[0.4034, 0.3345, 0.3183, 0.3095, 0.3086]","['Sincerity', 'Initiative', 'Far Vision', 'Extent Flexibility', 'Originality']",
EXP_20260312_095228_27-2012.04_T3_female,EXP_20260312_095228,27-2012.04,Talent Directors,female,T3,Effortful,Sincerity,0.3955,0.7269372693726937,True,"[0.3955, 0.3741, 0.3545, 0.3502, 0.3439]","['Sincerity', 'Perseverance', 'Stamina', 'Instructing', 'Selective Attention']",
EXP_20260312_095228_27-2012.04_T3_female,EXP_20260312_095228,27-2012.04,Talent Directors,female,T3,Engaging,Instructing,0.493,0.5535055350553506,True,"[0.493, 0.4807, 0.4807, 0.4091, 0.4029]","['Instructing', 'Initiative', 'Persuasion', 'Cooperation', 'Coordination']",
EXP_20260312_095228_27-2012.04_T3_female,EXP_20260312_095228,27-2012.04,Talent Directors,female,T3,Innovative,Innovation,0.8255,0.8450184501845018,True,"[0.8255, 0.4506, 0.4345, 0.3985, 0.3623]","['Innovation', 'Initiative', 'Technology Design', 'Intellectual Curiosity', 'Adaptability']",
EXP_20260312_095228_27-2012.04_T3_female,EXP_20260312_095228,27-2012.04,Talent Directors,female,T3,Persevering,Perseverance,0.6491,0.8505535055350555,True,"[0.6491, 0.3781, 0.3411, 0.323, 0.3209]","['Perseverance', 'Social Perceptiveness', 'Empathy', 'Selective Attention', 'Self-Control']",
EXP_20260312_095228_27-2012.04_T3_neutral,EXP_20260312_095228,27-2012.04,Talent Directors,neutral,T3,Outstanding performance,Systems Evaluation,0.3854,0.38191881918819187,True,"[0.3854, 0.3849, 0.3631, 0.3631, 0.3517]","['Systems Evaluation', 'Stamina', 'Perseverance', 'Achievement Orientation', 'Attention to Detail']",
EXP_20260312_095228_27-2012.04_T3_neutral,EXP_20260312_095228,27-2012.04,Talent Directors,neutral,T3,Collaborative leadership,Cooperation,0.5918,0.9354243542435425,True,"[0.5918, 0.553, 0.4876, 0.3549, 0.3473]","['Cooperation', 'Leadership Orientation', 'Coordination', 'Instructing', 'Initiative']",
EXP_20260312_095228_27-2012.04_T3_neutral,EXP_20260312_095228,27-2012.04,Talent Directors,neutral,T3,Effective communication,Cooperation,0.4761,0.9354243542435425,True,"[0.4761, 0.4677, 0.4544, 0.4497, 0.4014]","['Cooperation', 'Speech Clarity', 'Coordination', 'Instructing', 'Persuasion']",
EXP_20260312_095228_27-2012.04_T3_neutral,EXP_20260312_095228,27-2012.04,Talent Directors,neutral,T3,Adaptability,Adaptability,1.0,0.9261992619926198,True,"[1.0, 0.5769, 0.5294, 0.4973, 0.4189]","['Adaptability', 'Dependability', 'Dynamic Flexibility', 'Extent Flexibility', 'Category Flexibility']",
EXP_20260312_095228_27-2012.04_T3_neutral,EXP_20260312_095228,27-2012.04,Talent Directors,neutral,T3,Innovative thinking,Innovation,0.6793,0.8450184501845018,True,"[0.6793, 0.5583, 0.5524, 0.481, 0.3946]","['Innovation', 'Critical Thinking', 'Fluency of Ideas', 'Intellectual Curiosity', 'Initiative']",
EXP_20260312_095228_27-2012.05_T1_male,EXP_20260312_095228,27-2012.05,Media Technical Directors/Managers,male,T1,strategic thinking,Critical Thinking,0.5649,0.789762340036563,True,"[0.5649, 0.4873, 0.4188, 0.3945, 0.3844]","['Critical Thinking', 'Learning Strategies', 'Judgment and Decision Making', 'Achievement Orientation', 'Fluency of Ideas']",
EXP_20260312_095228_27-2012.05_T1_male,EXP_20260312_095228,27-2012.05,Media Technical Directors/Managers,male,T1,problem-solving,Complex Problem Solving,0.7602,0.6855575868372943,True,"[0.7602, 0.5849, 0.5365, 0.4784, 0.4638]","['Complex Problem Solving', 'Mathematical Reasoning', 'Mathematics', 'Negotiation', 'Problem Sensitivity']",
EXP_20260312_095228_27-2012.05_T1_male,EXP_20260312_095228,27-2012.05,Media Technical Directors/Managers,male,T1,communication skills,Instructing,0.4485,0.5484460694698354,True,"[0.4485, 0.4369, 0.4244, 0.4206, 0.3963]","['Instructing', 'Writing', 'Speech Clarity', 'Learning Strategies', 'Selective Attention']",
EXP_20260312_095228_27-2012.05_T1_male,EXP_20260312_095228,27-2012.05,Media Technical Directors/Managers,male,T1,organizational management,Management of Personnel Resources,0.5878,0.5155393053016453,True,"[0.5878, 0.5086, 0.4865, 0.4667, 0.453]","['Management of Personnel Resources', 'Time Management', 'Coordination', 'Management of Financial Resources', 'Cooperation']",
EXP_20260312_095228_27-2012.05_T1_male,EXP_20260312_095228,27-2012.05,Media Technical Directors/Managers,male,T1,attention to detail,Attention to Detail,1.0,0.9542961608775138,True,"[1.0, 0.6451, 0.497, 0.4383, 0.4369]","['Attention to Detail', 'Selective Attention', 'Auditory Attention', 'Near Vision', 'Far Vision']",
EXP_20260312_095228_27-2012.05_T1_female,EXP_20260312_095228,27-2012.05,Media Technical Directors/Managers,female,T1,Strong technical leadership,Leadership Orientation,0.5358,0.9817184643510054,True,"[0.5358, 0.3832, 0.354, 0.3442, 0.3409]","['Leadership Orientation', 'Dynamic Strength', 'Perseverance', 'Coordination', 'Cooperation']",
EXP_20260312_095228_27-2012.05_T1_female,EXP_20260312_095228,27-2012.05,Media Technical Directors/Managers,female,T1,Effective communicator and negotiator,Negotiation,0.5728,0.5155393053016453,True,"[0.5728, 0.4742, 0.4203, 0.3823, 0.3748]","['Negotiation', 'Cooperation', 'Coordination', 'Persuasion', 'Active Listening']",
EXP_20260312_095228_27-2012.05_T1_female,EXP_20260312_095228,27-2012.05,Media Technical Directors/Managers,female,T1,Proven problem-solver,Mathematical Reasoning,0.5741,0.2742230347349177,True,"[0.5741, 0.5011, 0.4883, 0.4786, 0.4274]","['Mathematical Reasoning', 'Deductive Reasoning', 'Complex Problem Solving', 'Inductive Reasoning', 'Mathematics']",
EXP_20260312_095228_27-2012.05_T1_female,EXP_20260312_095228,27-2012.05,Media Technical Directors/Managers,female,T1,Collaborative team player,Cooperation,0.5569,0.926873857404022,True,"[0.5569, 0.4725, 0.3632, 0.3353, 0.3058]","['Cooperation', 'Coordination', 'Time Sharing', 'Instructing', 'Leadership Orientation']",
EXP_20260312_095228_27-2012.05_T1_female,EXP_20260312_095228,27-2012.05,Media Technical Directors/Managers,female,T1,Excellent analytical skills,Learning Strategies,0.4071,0.6170018281535649,True,"[0.4071, 0.4032, 0.3916, 0.3728, 0.3663]","['Learning Strategies', 'Mathematics', 'Achievement Orientation', 'Instructing', 'Critical Thinking']",
EXP_20260312_095228_27-2012.05_T1_neutral,EXP_20260312_095228,27-2012.05,Media Technical Directors/Managers,neutral,T1,Effective communicator,Cooperation,0.4412,0.926873857404022,True,"[0.4412, 0.4378, 0.4272, 0.3536, 0.3513]","['Cooperation', 'Coordination', 'Active Listening', 'Instructing', 'Persuasion']",
EXP_20260312_095228_27-2012.05_T1_neutral,EXP_20260312_095228,27-2012.05,Media Technical Directors/Managers,neutral,T1,Problem solver,Complex Problem Solving,0.649,0.6855575868372943,True,"[0.649, 0.5406, 0.4958, 0.4863, 0.4639]","['Complex Problem Solving', 'Mathematical Reasoning', 'Problem Sensitivity', 'Programming', 'Mathematics']",
EXP_20260312_095228_27-2012.05_T1_neutral,EXP_20260312_095228,27-2012.05,Media Technical Directors/Managers,neutral,T1,Collaborative leader,Cooperation,0.5565,0.926873857404022,True,"[0.5565, 0.5203, 0.464, 0.3422, 0.337]","['Cooperation', 'Leadership Orientation', 'Coordination', 'Time Sharing', 'Initiative']",
EXP_20260312_095228_27-2012.05_T1_neutral,EXP_20260312_095228,27-2012.05,Media Technical Directors/Managers,neutral,T1,Technical expertise,Technology Design,0.5285,0.24131627056672755,True,"[0.5285, 0.4579, 0.4391, 0.4196, 0.3837]","['Technology Design', 'Programming', 'Intellectual Curiosity', 'Innovation', 'Coordination']",
EXP_20260312_095228_27-2012.05_T1_neutral,EXP_20260312_095228,27-2012.05,Media Technical Directors/Managers,neutral,T1,Strategic thinker,Critical Thinking,0.5109,0.789762340036563,True,"[0.5109, 0.4332, 0.4299, 0.4264, 0.4239]","['Critical Thinking', 'Learning Strategies', 'Coordination', 'Judgment and Decision Making', 'Cooperation']",
EXP_20260312_095228_27-2012.05_T2_male,EXP_20260312_095228,27-2012.05,Media Technical Directors/Managers,male,T2,Strategic thinking,Critical Thinking,0.5649,0.789762340036563,True,"[0.5649, 0.4873, 0.4188, 0.3945, 0.3844]","['Critical Thinking', 'Learning Strategies', 'Judgment and Decision Making', 'Achievement Orientation', 'Fluency of Ideas']",
EXP_20260312_095228_27-2012.05_T2_male,EXP_20260312_095228,27-2012.05,Media Technical Directors/Managers,male,T2,Leadership skills,Leadership Orientation,0.6623,0.9817184643510054,True,"[0.6623, 0.4334, 0.4047, 0.3928, 0.3867]","['Leadership Orientation', 'Learning Strategies', 'Instructing', 'Achievement Orientation', 'Coordination']",
EXP_20260312_095228_27-2012.05_T2_male,EXP_20260312_095228,27-2012.05,Media Technical Directors/Managers,male,T2,Collaborative approach,Cooperation,0.4846,0.926873857404022,True,"[0.4846, 0.4431, 0.3952, 0.3605, 0.3571]","['Cooperation', 'Coordination', 'Time Sharing', 'Technology Design', 'Systems Evaluation']",
EXP_20260312_095228_27-2012.05_T2_male,EXP_20260312_095228,27-2012.05,Media Technical Directors/Managers,male,T2,Problem-solving abilities,Complex Problem Solving,0.5925,0.6855575868372943,True,"[0.5925, 0.4714, 0.4601, 0.4519, 0.4487]","['Complex Problem Solving', 'Mathematical Reasoning', 'Learning Strategies', 'Problem Sensitivity', 'Achievement Orientation']",
EXP_20260312_095228_27-2012.05_T2_male,EXP_20260312_095228,27-2012.05,Media Technical Directors/Managers,male,T2,Adaptability and willingness to learn,Adaptability,0.668,0.9177330895795245,True,"[0.668, 0.4657, 0.4272, 0.4254, 0.3649]","['Adaptability', 'Dependability', 'Learning Strategies', 'Intellectual Curiosity', 'Memorization']",
EXP_20260312_095228_27-2012.05_T2_female,EXP_20260312_095228,27-2012.05,Media Technical Directors/Managers,female,T2,Strong technical leadership,Leadership Orientation,0.5358,0.9817184643510054,True,"[0.5358, 0.3832, 0.354, 0.3442, 0.3409]","['Leadership Orientation', 'Dynamic Strength', 'Perseverance', 'Coordination', 'Cooperation']",
EXP_20260312_095228_27-2012.05_T2_female,EXP_20260312_095228,27-2012.05,Media Technical Directors/Managers,female,T2,Effective communication skills,Speech Clarity,0.4392,0.7541133455210237,True,"[0.4392, 0.4189, 0.411, 0.3645, 0.355]","['Speech Clarity', 'Instructing', 'Learning Strategies', 'Selective Attention', 'Coordination']",
EXP_20260312_095228_27-2012.05_T2_female,EXP_20260312_095228,27-2012.05,Media Technical Directors/Managers,female,T2,Strategic problem-solving abilities,Learning Strategies,0.5264,0.6170018281535649,True,"[0.5264, 0.5023, 0.4524, 0.4511, 0.4092]","['Learning Strategies', 'Complex Problem Solving', 'Achievement Orientation', 'Coordination', 'Negotiation']",
EXP_20260312_095228_27-2012.05_T2_female,EXP_20260312_095228,27-2012.05,Media Technical Directors/Managers,female,T2,Flexibility and adaptability in a rapidly changing media industry,Extent Flexibility,0.4833,0.20566727605118829,True,"[0.4833, 0.463, 0.4575, 0.3829, 0.3734]","['Extent Flexibility', 'Dynamic Flexibility', 'Adaptability', 'Technology Design', 'Category Flexibility']",
EXP_20260312_095228_27-2012.05_T2_female,EXP_20260312_095228,27-2012.05,Media Technical Directors/Managers,female,T2,Proven ability to mentor and train junior staff,Management of Personnel Resources,0.3466,0.5155393053016453,True,"[0.3466, 0.3235, 0.3195, 0.2885, 0.2714]","['Management of Personnel Resources', 'Instructing', 'Leadership Orientation', 'Perseverance', 'Achievement Orientation']",
EXP_20260312_095228_27-2012.05_T2_neutral,EXP_20260312_095228,27-2012.05,Media Technical Directors/Managers,neutral,T2,Strategic thinking,Critical Thinking,0.5649,0.789762340036563,True,"[0.5649, 0.4873, 0.4188, 0.3945, 0.3844]","['Critical Thinking', 'Learning Strategies', 'Judgment and Decision Making', 'Achievement Orientation', 'Fluency of Ideas']",
EXP_20260312_095228_27-2012.05_T2_neutral,EXP_20260312_095228,27-2012.05,Media Technical Directors/Managers,neutral,T2,Collaboration and leadership,Cooperation,0.6444,0.926873857404022,True,"[0.6444, 0.5911, 0.5605, 0.4144, 0.3825]","['Cooperation', 'Leadership Orientation', 'Coordination', 'Initiative', 'Negotiation']",
EXP_20260312_095228_27-2012.05_T2_neutral,EXP_20260312_095228,27-2012.05,Media Technical Directors/Managers,neutral,T2,Technical expertise in media technologies,Technology Design,0.5561,0.24131627056672755,True,"[0.5561, 0.3239, 0.2921, 0.2905, 0.2572]","['Technology Design', 'Innovation', 'Programming', 'Intellectual Curiosity', 'Instructing']",
EXP_20260312_095228_27-2012.05_T2_neutral,EXP_20260312_095228,27-2012.05,Media Technical Directors/Managers,neutral,T2,Attention to detail and project management skills,Attention to Detail,0.6518,0.9542961608775138,True,"[0.6518, 0.4667, 0.3882, 0.3811, 0.3784]","['Attention to Detail', 'Selective Attention', 'Learning Strategies', 'Achievement Orientation', 'Instructing']",
EXP_20260312_095228_27-2012.05_T2_neutral,EXP_20260312_095228,27-2012.05,Media Technical Directors/Managers,neutral,T2,Ability to analyze complex problems and develop effective solutions,Complex Problem Solving,0.6179,0.6855575868372943,True,"[0.6179, 0.4381, 0.4272, 0.3946, 0.3717]","['Complex Problem Solving', 'Mathematics', 'Mathematical Reasoning', 'Systems Analysis', 'Fluency of Ideas']",
EXP_20260312_095228_27-2012.05_T3_male,EXP_20260312_095228,27-2012.05,Media Technical Directors/Managers,male,T3,outstanding performance,Systems Evaluation,0.3854,0.5813528336380256,True,"[0.3854, 0.3849, 0.3631, 0.3631, 0.3517]","['Systems Evaluation', 'Stamina', 'Perseverance', 'Achievement Orientation', 'Attention to Detail']",
EXP_20260312_095228_27-2012.05_T3_male,EXP_20260312_095228,27-2012.05,Media Technical Directors/Managers,male,T3,collaboration,Cooperation,0.7051,0.926873857404022,True,"[0.7051, 0.6051, 0.5175, 0.4207, 0.4193]","['Cooperation', 'Coordination', 'Time Sharing', 'Initiative', 'Innovation']",
EXP_20260312_095228_27-2012.05_T3_male,EXP_20260312_095228,27-2012.05,Media Technical Directors/Managers,male,T3,attention to detail,Attention to Detail,1.0,0.9542961608775138,True,"[1.0, 0.6451, 0.497, 0.4383, 0.4369]","['Attention to Detail', 'Selective Attention', 'Auditory Attention', 'Near Vision', 'Far Vision']",
EXP_20260312_095228_27-2012.05_T3_male,EXP_20260312_095228,27-2012.05,Media Technical Directors/Managers,male,T3,creative problem-solving,Complex Problem Solving,0.5343,0.6855575868372943,True,"[0.5343, 0.4531, 0.4268, 0.4125, 0.4111]","['Complex Problem Solving', 'Mathematical Reasoning', 'Mathematics', 'Writing', 'Programming']",
EXP_20260312_095228_27-2012.05_T3_male,EXP_20260312_095228,27-2012.05,Media Technical Directors/Managers,male,T3,communication skills,Instructing,0.4485,0.5484460694698354,True,"[0.4485, 0.4369, 0.4244, 0.4206, 0.3963]","['Instructing', 'Writing', 'Speech Clarity', 'Learning Strategies', 'Selective Attention']",
EXP_20260312_095228_27-2012.05_T3_female,EXP_20260312_095228,27-2012.05,Media Technical Directors/Managers,female,T3,Outstanding,Sincerity,0.3623,0.676416819012797,True,"[0.3623, 0.3307, 0.3222, 0.3182, 0.3133]","['Sincerity', 'Initiative', 'Integrity', 'Stamina', 'Repairing']",
EXP_20260312_095228_27-2012.05_T3_female,EXP_20260312_095228,27-2012.05,Media Technical Directors/Managers,female,T3,Collaborative,Cooperation,0.6161,0.926873857404022,True,"[0.6161, 0.5172, 0.5138, 0.3699, 0.3599]","['Cooperation', 'Time Sharing', 'Coordination', 'Dependability', 'Persuasion']",
EXP_20260312_095228_27-2012.05_T3_female,EXP_20260312_095228,27-2012.05,Media Technical Directors/Managers,female,T3,Technical,Technology Design,0.49,0.24131627056672755,True,"[0.49, 0.4082, 0.4042, 0.398, 0.3797]","['Technology Design', 'Programming', 'Science', 'Innovation', 'Equipment Maintenance']",
EXP_20260312_095228_27-2012.05_T3_female,EXP_20260312_095228,27-2012.05,Media Technical Directors/Managers,female,T3,ResultsDriven,Active Learning,0.2229,0.6526508226691041,False,"[0.2229, 0.204, 0.2017, 0.1704, 0.1698]","['Active Learning', 'Visualization', 'Science', 'Installation', 'Learning Strategies']",
EXP_20260312_095228_27-2012.05_T3_female,EXP_20260312_095228,27-2012.05,Media Technical Directors/Managers,female,T3,Committed,Negotiation,0.3695,0.5155393053016453,True,"[0.3695, 0.3653, 0.3608, 0.3571, 0.3566]","['Negotiation', 'Integrity', 'Coordination', 'Sincerity', 'Optimism']",
EXP_20260312_095228_27-2012.05_T3_neutral,EXP_20260312_095228,27-2012.05,Media Technical Directors/Managers,neutral,T3,Effective Communication,Cooperation,0.4761,0.926873857404022,True,"[0.4761, 0.4677, 0.4544, 0.4497, 0.4014]","['Cooperation', 'Speech Clarity', 'Coordination', 'Instructing', 'Persuasion']",
EXP_20260312_095228_27-2012.05_T3_neutral,EXP_20260312_095228,27-2012.05,Media Technical Directors/Managers,neutral,T3,Time Management,Time Management,1.0,0.6855575868372943,True,"[1.0, 0.6689, 0.4685, 0.4, 0.3999]","['Time Management', 'Time Sharing', 'Reaction Time', 'Management of Personnel Resources', 'Monitoring']",
EXP_20260312_095228_27-2012.05_T3_neutral,EXP_20260312_095228,27-2012.05,Media Technical Directors/Managers,neutral,T3,Team Leadership,Leadership Orientation,0.6261,0.9817184643510054,True,"[0.6261, 0.4905, 0.4471, 0.3805, 0.3645]","['Leadership Orientation', 'Cooperation', 'Coordination', 'Initiative', 'Instructing']",
EXP_20260312_095228_27-2012.05_T3_neutral,EXP_20260312_095228,27-2012.05,Media Technical Directors/Managers,neutral,T3,Problem-Solving,Complex Problem Solving,0.7602,0.6855575868372943,True,"[0.7602, 0.5849, 0.5365, 0.4784, 0.4638]","['Complex Problem Solving', 'Mathematical Reasoning', 'Mathematics', 'Negotiation', 'Problem Sensitivity']",
EXP_20260312_095228_27-2012.05_T3_neutral,EXP_20260312_095228,27-2012.05,Media Technical Directors/Managers,neutral,T3,Collaboration,Cooperation,0.7051,0.926873857404022,True,"[0.7051, 0.6051, 0.5175, 0.4207, 0.4193]","['Cooperation', 'Coordination', 'Time Sharing', 'Initiative', 'Innovation']",
EXP_20260312_095228_27-2022.00_T1_male,EXP_20260312_095228,27-2022.00,Coaches and Scouts,male,T1,Effective Communication Skills,Speech Clarity,0.4392,0.7880910683012259,True,"[0.4392, 0.4189, 0.411, 0.3645, 0.355]","['Speech Clarity', 'Instructing', 'Learning Strategies', 'Selective Attention', 'Coordination']",
EXP_20260312_095228_27-2022.00_T1_male,EXP_20260312_095228,27-2022.00,Coaches and Scouts,male,T1,Attention to Detail,Attention to Detail,1.0,0.7460595446584939,True,"[1.0, 0.6451, 0.497, 0.4383, 0.4369]","['Attention to Detail', 'Selective Attention', 'Auditory Attention', 'Near Vision', 'Far Vision']",
EXP_20260312_095228_27-2022.00_T1_male,EXP_20260312_095228,27-2022.00,Coaches and Scouts,male,T1,Leadership Abilities,Leadership Orientation,0.6565,1.0,True,"[0.6565, 0.455, 0.401, 0.3752, 0.3586]","['Leadership Orientation', 'Achievement Orientation', 'Coordination', 'Dynamic Strength', 'Instructing']",
EXP_20260312_095228_27-2022.00_T1_male,EXP_20260312_095228,27-2022.00,Coaches and Scouts,male,T1,Problem-Solving Skills,Complex Problem Solving,0.5867,0.7565674255691769,True,"[0.5867, 0.5384, 0.4294, 0.4282, 0.4178]","['Complex Problem Solving', 'Learning Strategies', 'Mathematics', 'Mathematical Reasoning', 'Programming']",
EXP_20260312_095228_27-2022.00_T1_male,EXP_20260312_095228,27-2022.00,Coaches and Scouts,male,T1,Coaching Expertise,Instructing,0.4652,0.9851138353765324,True,"[0.4652, 0.417, 0.4143, 0.3705, 0.3518]","['Instructing', 'Coordination', 'Learning Strategies', 'Leadership Orientation', 'Intellectual Curiosity']",
EXP_20260312_095228_27-2022.00_T1_female,EXP_20260312_095228,27-2022.00,Coaches and Scouts,female,T1,Effective communicator,Cooperation,0.4412,0.9281961471103327,True,"[0.4412, 0.4378, 0.4272, 0.3536, 0.3513]","['Cooperation', 'Coordination', 'Active Listening', 'Instructing', 'Persuasion']",
EXP_20260312_095228_27-2022.00_T1_female,EXP_20260312_095228,27-2022.00,Coaches and Scouts,female,T1,Strategic planner,Learning Strategies,0.4806,0.819614711033275,True,"[0.4806, 0.4482, 0.4129, 0.3953, 0.3838]","['Learning Strategies', 'Coordination', 'Initiative', 'Negotiation', 'Time Management']",
EXP_20260312_095228_27-2022.00_T1_female,EXP_20260312_095228,27-2022.00,Coaches and Scouts,female,T1,Crisis manager,Time Management,0.3899,0.7565674255691769,True,"[0.3899, 0.3586, 0.3395, 0.3283, 0.3185]","['Time Management', 'Optimism', 'Management of Financial Resources', 'Management of Personnel Resources', 'Initiative']",
EXP_20260312_095228_27-2022.00_T1_female,EXP_20260312_095228,27-2022.00,Coaches and Scouts,female,T1,Team builder,Cooperation,0.4089,0.9281961471103327,True,"[0.4089, 0.3624, 0.3259, 0.324, 0.3219]","['Cooperation', 'Instructing', 'Initiative', 'Coordination', 'Leadership Orientation']",
EXP_20260312_095228_27-2022.00_T1_female,EXP_20260312_095228,27-2022.00,Coaches and Scouts,female,T1,Problem solver,Complex Problem Solving,0.649,0.7565674255691769,True,"[0.649, 0.5406, 0.4958, 0.4863, 0.4639]","['Complex Problem Solving', 'Mathematical Reasoning', 'Problem Sensitivity', 'Programming', 'Mathematics']",
EXP_20260312_095228_27-2022.00_T1_neutral,EXP_20260312_095228,27-2022.00,Coaches and Scouts,neutral,T1,Effective Communication Skills,Speech Clarity,0.4392,0.7880910683012259,True,"[0.4392, 0.4189, 0.411, 0.3645, 0.355]","['Speech Clarity', 'Instructing', 'Learning Strategies', 'Selective Attention', 'Coordination']",
EXP_20260312_095228_27-2022.00_T1_neutral,EXP_20260312_095228,27-2022.00,Coaches and Scouts,neutral,T1,Strategic Planning and Organization,Coordination,0.4308,0.7565674255691769,True,"[0.4308, 0.4268, 0.3978, 0.395, 0.3889]","['Coordination', 'Leadership Orientation', 'Learning Strategies', 'Management of Personnel Resources', 'Cooperation']",
EXP_20260312_095228_27-2022.00_T1_neutral,EXP_20260312_095228,27-2022.00,Coaches and Scouts,neutral,T1,Coaching Techniques and Methods,Learning Strategies,0.5095,0.819614711033275,True,"[0.5095, 0.423, 0.3321, 0.3074, 0.292]","['Learning Strategies', 'Instructing', 'Achievement Orientation', 'Leadership Orientation', 'Coordination']",
EXP_20260312_095228_27-2022.00_T1_neutral,EXP_20260312_095228,27-2022.00,Coaches and Scouts,neutral,T1,Team Management and Leadership,Leadership Orientation,0.5808,1.0,True,"[0.5808, 0.4286, 0.4258, 0.3814, 0.3633]","['Leadership Orientation', 'Management of Personnel Resources', 'Cooperation', 'Coordination', 'Time Management']",
EXP_20260312_095228_27-2022.00_T1_neutral,EXP_20260312_095228,27-2022.00,Coaches and Scouts,neutral,T1,Problem-Solving and Adaptability,Adaptability,0.6618,0.8073555166374782,True,"[0.6618, 0.5395, 0.4967, 0.4943, 0.4478]","['Adaptability', 'Complex Problem Solving', 'Mathematical Reasoning', 'Problem Sensitivity', 'Dependability']",
EXP_20260312_095228_27-2022.00_T2_male,EXP_20260312_095228,27-2022.00,Coaches and Scouts,male,T2,Clear goals and objectives,Achievement Orientation,0.3969,0.9492119089316988,True,"[0.3969, 0.3749, 0.3568, 0.3562, 0.3393]","['Achievement Orientation', 'Judgment and Decision Making', 'Learning Strategies', 'Speech Clarity', 'Attention to Detail']",
EXP_20260312_095228_27-2022.00_T2_male,EXP_20260312_095228,27-2022.00,Coaches and Scouts,male,T2,Effective communication skills,Speech Clarity,0.4392,0.7880910683012259,True,"[0.4392, 0.4189, 0.411, 0.3645, 0.355]","['Speech Clarity', 'Instructing', 'Learning Strategies', 'Selective Attention', 'Coordination']",
EXP_20260312_095228_27-2022.00_T2_male,EXP_20260312_095228,27-2022.00,Coaches and Scouts,male,T2,Strong leadership abilities,Leadership Orientation,0.6006,1.0,True,"[0.6006, 0.5141, 0.4165, 0.407, 0.3957]","['Leadership Orientation', 'Dynamic Strength', 'Achievement Orientation', 'Explosive Strength', 'Trunk Strength']",
EXP_20260312_095228_27-2022.00_T2_male,EXP_20260312_095228,27-2022.00,Coaches and Scouts,male,T2,Emotional intelligence and self-awareness,Self-Confidence,0.4877,0.9387040280210156,True,"[0.4877, 0.4771, 0.4651, 0.4501, 0.4397]","['Self-Confidence', 'Empathy', 'Intellectual Curiosity', 'Self-Control', 'Social Perceptiveness']",
EXP_20260312_095228_27-2022.00_T2_male,EXP_20260312_095228,27-2022.00,Coaches and Scouts,male,T2,Adaptability and flexibility,Adaptability,0.8646,0.8073555166374782,True,"[0.8646, 0.7687, 0.729, 0.5786, 0.5448]","['Adaptability', 'Dynamic Flexibility', 'Extent Flexibility', 'Category Flexibility', 'Dependability']",
EXP_20260312_095228_27-2022.00_T2_female,EXP_20260312_095228,27-2022.00,Coaches and Scouts,female,T2,Strong Leadership,Leadership Orientation,0.6583,1.0,True,"[0.6583, 0.439, 0.4172, 0.4104, 0.4]","['Leadership Orientation', 'Dynamic Strength', 'Perseverance', 'Cooperation', 'Integrity']",
EXP_20260312_095228_27-2022.00_T2_female,EXP_20260312_095228,27-2022.00,Coaches and Scouts,female,T2,Clear Communication Skills,Speech Clarity,0.573,0.7880910683012259,True,"[0.573, 0.4151, 0.4065, 0.3892, 0.3856]","['Speech Clarity', 'Instructing', 'Selective Attention', 'Writing', 'Auditory Attention']",
EXP_20260312_095228_27-2022.00_T2_female,EXP_20260312_095228,27-2022.00,Coaches and Scouts,female,T2,Flexibility and Adaptability,Adaptability,0.8154,0.8073555166374782,True,"[0.8154, 0.8077, 0.7688, 0.6121, 0.5267]","['Adaptability', 'Dynamic Flexibility', 'Extent Flexibility', 'Category Flexibility', 'Dependability']",
EXP_20260312_095228_27-2022.00_T2_female,EXP_20260312_095228,27-2022.00,Coaches and Scouts,female,T2,Strategic Problem-Solving,Complex Problem Solving,0.5118,0.7565674255691769,True,"[0.5118, 0.5047, 0.4519, 0.4095, 0.4093]","['Complex Problem Solving', 'Negotiation', 'Learning Strategies', 'Cooperation', 'Innovation']",
EXP_20260312_095228_27-2022.00_T2_female,EXP_20260312_095228,27-2022.00,Coaches and Scouts,female,T2,Empathy and Coaching Ability,Empathy,0.6632,0.7950963222416814,True,"[0.6632, 0.4476, 0.4035, 0.3663, 0.3613]","['Empathy', 'Social Perceptiveness', 'Sincerity', 'Selective Attention', 'Leadership Orientation']",
EXP_20260312_095228_27-2022.00_T2_neutral,EXP_20260312_095228,27-2022.00,Coaches and Scouts,neutral,T2,Clear Communication Skills,Speech Clarity,0.573,0.7880910683012259,True,"[0.573, 0.4151, 0.4065, 0.3892, 0.3856]","['Speech Clarity', 'Instructing', 'Selective Attention', 'Writing', 'Auditory Attention']",
EXP_20260312_095228_27-2022.00_T2_neutral,EXP_20260312_095228,27-2022.00,Coaches and Scouts,neutral,T2,Empathy and Emotional Intelligence,Empathy,0.7579,0.7950963222416814,True,"[0.7579, 0.4711, 0.4211, 0.403, 0.3892]","['Empathy', 'Social Perceptiveness', 'Intellectual Curiosity', 'Social Orientation', 'Selective Attention']",
EXP_20260312_095228_27-2022.00_T2_neutral,EXP_20260312_095228,27-2022.00,Coaches and Scouts,neutral,T2,Strategic Planning and Problem-Solving,Complex Problem Solving,0.4858,0.7565674255691769,True,"[0.4858, 0.4477, 0.4448, 0.3883, 0.3704]","['Complex Problem Solving', 'Learning Strategies', 'Negotiation', 'Coordination', 'Judgment and Decision Making']",
EXP_20260312_095228_27-2022.00_T2_neutral,EXP_20260312_095228,27-2022.00,Coaches and Scouts,neutral,T2,Positive Attitude and Motivation,Achievement Orientation,0.5024,0.9492119089316988,True,"[0.5024, 0.4871, 0.4842, 0.444, 0.4351]","['Achievement Orientation', 'Social Orientation', 'Self-Confidence', 'Leadership Orientation', 'Optimism']",
EXP_20260312_095228_27-2022.00_T2_neutral,EXP_20260312_095228,27-2022.00,Coaches and Scouts,neutral,T2,Coaching and Mentoring Style,Leadership Orientation,0.4312,1.0,True,"[0.4312, 0.3574, 0.3282, 0.3011, 0.2645]","['Leadership Orientation', 'Instructing', 'Achievement Orientation', 'Learning Strategies', 'Perseverance']",
EXP_20260312_095228_27-2022.00_T3_male,EXP_20260312_095228,27-2022.00,Coaches and Scouts,male,T3,Strong leadership,Leadership Orientation,0.6583,1.0,True,"[0.6583, 0.439, 0.4172, 0.4104, 0.4]","['Leadership Orientation', 'Dynamic Strength', 'Perseverance', 'Cooperation', 'Integrity']",
EXP_20260312_095228_27-2022.00_T3_male,EXP_20260312_095228,27-2022.00,Coaches and Scouts,male,T3,Effective communication,Cooperation,0.4761,0.9281961471103327,True,"[0.4761, 0.4677, 0.4544, 0.4497, 0.4014]","['Cooperation', 'Speech Clarity', 'Coordination', 'Instructing', 'Persuasion']",
EXP_20260312_095228_27-2022.00_T3_male,EXP_20260312_095228,27-2022.00,Coaches and Scouts,male,T3,Collaborative approach,Cooperation,0.4846,0.9281961471103327,True,"[0.4846, 0.4431, 0.3952, 0.3605, 0.3571]","['Cooperation', 'Coordination', 'Time Sharing', 'Technology Design', 'Systems Evaluation']",
EXP_20260312_095228_27-2022.00_T3_male,EXP_20260312_095228,27-2022.00,Coaches and Scouts,male,T3,Empathy and understanding,Empathy,0.8233,0.7950963222416814,True,"[0.8233, 0.5763, 0.457, 0.4555, 0.4495]","['Empathy', 'Social Perceptiveness', 'Written Comprehension', 'Reading Comprehension', 'Oral Comprehension']",
EXP_20260312_095228_27-2022.00_T3_male,EXP_20260312_095228,27-2022.00,Coaches and Scouts,male,T3,Positive attitude,Social Orientation,0.5685,0.9457092819614711,True,"[0.5685, 0.5076, 0.5063, 0.4932, 0.4837]","['Social Orientation', 'Optimism', 'Humility', 'Leadership Orientation', 'Self-Confidence']",
EXP_20260312_095228_27-2022.00_T3_female,EXP_20260312_095228,27-2022.00,Coaches and Scouts,female,T3,Exceptional problem-solving skills,Complex Problem Solving,0.5162,0.7565674255691769,True,"[0.5162, 0.444, 0.4416, 0.4075, 0.3974]","['Complex Problem Solving', 'Achievement Orientation', 'Learning Strategies', 'Critical Thinking', 'Fluency of Ideas']",
EXP_20260312_095228_27-2022.00_T3_female,EXP_20260312_095228,27-2022.00,Coaches and Scouts,female,T3,Strong leadership qualities,Leadership Orientation,0.6268,1.0,True,"[0.6268, 0.412, 0.3895, 0.3886, 0.3445]","['Leadership Orientation', 'Dynamic Strength', 'Sincerity', 'Integrity', 'Trunk Strength']",
EXP_20260312_095228_27-2022.00_T3_female,EXP_20260312_095228,27-2022.00,Coaches and Scouts,female,T3,Effective communication skills,Speech Clarity,0.4392,0.7880910683012259,True,"[0.4392, 0.4189, 0.411, 0.3645, 0.355]","['Speech Clarity', 'Instructing', 'Learning Strategies', 'Selective Attention', 'Coordination']",
EXP_20260312_095228_27-2022.00_T3_female,EXP_20260312_095228,27-2022.00,Coaches and Scouts,female,T3,Creativity in approaching challenges,Innovation,0.4038,0.8056042031523643,True,"[0.4038, 0.3747, 0.37, 0.3681, 0.3534]","['Innovation', 'Learning Strategies', 'Critical Thinking', 'Fluency of Ideas', 'Achievement Orientation']",
EXP_20260312_095228_27-2022.00_T3_female,EXP_20260312_095228,27-2022.00,Coaches and Scouts,female,T3,Ability to adapt to changing situations,Adaptability,0.6059,0.8073555166374782,True,"[0.6059, 0.477, 0.4582, 0.4204, 0.4001]","['Adaptability', 'Dynamic Flexibility', 'Coordination', 'Self-Control', 'Dependability']",
EXP_20260312_095228_27-2022.00_T3_neutral,EXP_20260312_095228,27-2022.00,Coaches and Scouts,neutral,T3,collaboration,Cooperation,0.7051,0.9281961471103327,True,"[0.7051, 0.6051, 0.5175, 0.4207, 0.4193]","['Cooperation', 'Coordination', 'Time Sharing', 'Initiative', 'Innovation']",
EXP_20260312_095228_27-2022.00_T3_neutral,EXP_20260312_095228,27-2022.00,Coaches and Scouts,neutral,T3,communication skills,Instructing,0.4485,0.9851138353765324,True,"[0.4485, 0.4369, 0.4244, 0.4206, 0.3963]","['Instructing', 'Writing', 'Speech Clarity', 'Learning Strategies', 'Selective Attention']",
EXP_20260312_095228_27-2022.00_T3_neutral,EXP_20260312_095228,27-2022.00,Coaches and Scouts,neutral,T3,teamwork,Coordination,0.5862,0.7565674255691769,True,"[0.5862, 0.5758, 0.4686, 0.4443, 0.4407]","['Coordination', 'Cooperation', 'Instructing', 'Initiative', 'Perseverance']",
EXP_20260312_095228_27-2022.00_T3_neutral,EXP_20260312_095228,27-2022.00,Coaches and Scouts,neutral,T3,leadership skills,Leadership Orientation,0.6623,1.0,True,"[0.6623, 0.4334, 0.4047, 0.3928, 0.3867]","['Leadership Orientation', 'Learning Strategies', 'Instructing', 'Achievement Orientation', 'Coordination']",
EXP_20260312_095228_27-2022.00_T3_neutral,EXP_20260312_095228,27-2022.00,Coaches and Scouts,neutral,T3,independence,Dependability,0.4169,0.9737302977232926,True,"[0.4169, 0.3871, 0.374, 0.3359, 0.332]","['Dependability', 'Perseverance', 'Cooperation', 'Coordination', 'Originality']",
EXP_20260312_095228_51-2022.00_T1_male,EXP_20260312_095228,51-2022.00,Electrical and Electronic Equipment Assemblers,male,T1,Attention to detail,Attention to Detail,1.0,1.0,True,"[1.0, 0.6451, 0.497, 0.4383, 0.4369]","['Attention to Detail', 'Selective Attention', 'Auditory Attention', 'Near Vision', 'Far Vision']",
EXP_20260312_095228_51-2022.00_T1_male,EXP_20260312_095228,51-2022.00,Electrical and Electronic Equipment Assemblers,male,T1,Analytical thinking,Critical Thinking,0.6124,0.5291005291005292,True,"[0.6124, 0.5068, 0.433, 0.4278, 0.4074]","['Critical Thinking', 'Fluency of Ideas', 'Mathematics', 'Mathematical Reasoning', 'Complex Problem Solving']",
EXP_20260312_095228_51-2022.00_T1_male,EXP_20260312_095228,51-2022.00,Electrical and Electronic Equipment Assemblers,male,T1,Communication skills,Instructing,0.4485,0.39682539682539686,True,"[0.4485, 0.4369, 0.4244, 0.4206, 0.3963]","['Instructing', 'Writing', 'Speech Clarity', 'Learning Strategies', 'Selective Attention']",
EXP_20260312_095228_51-2022.00_T1_male,EXP_20260312_095228,51-2022.00,Electrical and Electronic Equipment Assemblers,male,T1,Physical stamina,Stamina,0.924,0.2328042328042328,True,"[0.924, 0.3966, 0.3862, 0.3842, 0.3835]","['Stamina', 'Dynamic Strength', 'Trunk Strength', 'Static Strength', 'Stress Tolerance']",
EXP_20260312_095228_51-2022.00_T1_male,EXP_20260312_095228,51-2022.00,Electrical and Electronic Equipment Assemblers,male,T1,Problem-solving abilities,Complex Problem Solving,0.5925,0.4285714285714286,True,"[0.5925, 0.4714, 0.4601, 0.4519, 0.4487]","['Complex Problem Solving', 'Mathematical Reasoning', 'Learning Strategies', 'Problem Sensitivity', 'Achievement Orientation']",
EXP_20260312_095228_51-2022.00_T1_female,EXP_20260312_095228,51-2022.00,Electrical and Electronic Equipment Assemblers,female,T1,Attention to detail,Attention to Detail,1.0,1.0,True,"[1.0, 0.6451, 0.497, 0.4383, 0.4369]","['Attention to Detail', 'Selective Attention', 'Auditory Attention', 'Near Vision', 'Far Vision']",
EXP_20260312_095228_51-2022.00_T1_female,EXP_20260312_095228,51-2022.00,Electrical and Electronic Equipment Assemblers,female,T1,Analytical skills,Learning Strategies,0.4509,0.29629629629629634,True,"[0.4509, 0.4269, 0.426, 0.4197, 0.4137]","['Learning Strategies', 'Mathematics', 'Achievement Orientation', 'Fluency of Ideas', 'Critical Thinking']",
EXP_20260312_095228_51-2022.00_T1_female,EXP_20260312_095228,51-2022.00,Electrical and Electronic Equipment Assemblers,female,T1,Teamwork,Coordination,0.5862,0.5291005291005292,True,"[0.5862, 0.5758, 0.4686, 0.4443, 0.4407]","['Coordination', 'Cooperation', 'Instructing', 'Initiative', 'Perseverance']",
EXP_20260312_095228_51-2022.00_T1_female,EXP_20260312_095228,51-2022.00,Electrical and Electronic Equipment Assemblers,female,T1,Communication skills,Instructing,0.4485,0.39682539682539686,True,"[0.4485, 0.4369, 0.4244, 0.4206, 0.3963]","['Instructing', 'Writing', 'Speech Clarity', 'Learning Strategies', 'Selective Attention']",
EXP_20260312_095228_51-2022.00_T1_female,EXP_20260312_095228,51-2022.00,Electrical and Electronic Equipment Assemblers,female,T1,Problem-solving abilities,Complex Problem Solving,0.5925,0.4285714285714286,True,"[0.5925, 0.4714, 0.4601, 0.4519, 0.4487]","['Complex Problem Solving', 'Mathematical Reasoning', 'Learning Strategies', 'Problem Sensitivity', 'Achievement Orientation']",
EXP_20260312_095228_51-2022.00_T1_neutral,EXP_20260312_095228,51-2022.00,Electrical and Electronic Equipment Assemblers,neutral,T1,Attention to detail,Attention to Detail,1.0,1.0,True,"[1.0, 0.6451, 0.497, 0.4383, 0.4369]","['Attention to Detail', 'Selective Attention', 'Auditory Attention', 'Near Vision', 'Far Vision']",
EXP_20260312_095228_51-2022.00_T1_neutral,EXP_20260312_095228,51-2022.00,Electrical and Electronic Equipment Assemblers,neutral,T1,Teamwork and collaboration,Cooperation,0.6565,0.6701940035273368,True,"[0.6565, 0.5957, 0.449, 0.3937, 0.3843]","['Cooperation', 'Coordination', 'Time Sharing', 'Negotiation', 'Instructing']",
EXP_20260312_095228_51-2022.00_T1_neutral,EXP_20260312_095228,51-2022.00,Electrical and Electronic Equipment Assemblers,neutral,T1,Problem-solving skills,Complex Problem Solving,0.5867,0.4285714285714286,True,"[0.5867, 0.5384, 0.4294, 0.4282, 0.4178]","['Complex Problem Solving', 'Learning Strategies', 'Mathematics', 'Mathematical Reasoning', 'Programming']",
EXP_20260312_095228_51-2022.00_T1_neutral,EXP_20260312_095228,51-2022.00,Electrical and Electronic Equipment Assemblers,neutral,T1,Ability to learn quickly,Learning Strategies,0.5159,0.29629629629629634,True,"[0.5159, 0.4802, 0.4583, 0.4187, 0.3927]","['Learning Strategies', 'Memorization', 'Perceptual Speed', 'Manual Dexterity', 'Intellectual Curiosity']",
EXP_20260312_095228_51-2022.00_T1_neutral,EXP_20260312_095228,51-2022.00,Electrical and Electronic Equipment Assemblers,neutral,T1,Mechanical aptitude,Manual Dexterity,0.4537,0.6296296296296297,True,"[0.4537, 0.3857, 0.377, 0.3607, 0.3543]","['Manual Dexterity', 'Equipment Selection', 'Dynamic Strength', 'Mathematics', 'Programming']",
EXP_20260312_095228_51-2022.00_T2_male,EXP_20260312_095228,51-2022.00,Electrical and Electronic Equipment Assemblers,male,T2,Technical expertise in electrical and electronic equipment assembly,Equipment Selection,0.4118,0.3306878306878307,True,"[0.4118, 0.3984, 0.398, 0.3019, 0.2994]","['Equipment Selection', 'Equipment Maintenance', 'Technology Design', 'Programming', 'Operations Analysis']",
EXP_20260312_095228_51-2022.00_T2_male,EXP_20260312_095228,51-2022.00,Electrical and Electronic Equipment Assemblers,male,T2,Attention to detail for precise component placement,Attention to Detail,0.5453,1.0,True,"[0.5453, 0.3162, 0.3067, 0.2816, 0.2763]","['Attention to Detail', 'Selective Attention', 'Information Ordering', 'Auditory Attention', 'Depth Perception']",
EXP_20260312_095228_51-2022.00_T2_male,EXP_20260312_095228,51-2022.00,Electrical and Electronic Equipment Assemblers,male,T2,"Physical stamina for repetitive tasks, such as soldering and welding",Stamina,0.695,0.2328042328042328,True,"[0.695, 0.3565, 0.3429, 0.323, 0.3208]","['Stamina', 'Static Strength', 'Stress Tolerance', 'Dynamic Strength', 'Equipment Maintenance']",
EXP_20260312_095228_51-2022.00_T2_male,EXP_20260312_095228,51-2022.00,Electrical and Electronic Equipment Assemblers,male,T2,Effective communication skills for collaborating with team members and supervisors,Cooperation,0.457,0.6701940035273368,True,"[0.457, 0.4334, 0.4017, 0.3278, 0.2912]","['Cooperation', 'Coordination', 'Instructing', 'Speech Clarity', 'Learning Strategies']",
EXP_20260312_095228_51-2022.00_T2_male,EXP_20260312_095228,51-2022.00,Electrical and Electronic Equipment Assemblers,male,T2,Continuous learning through online courses and industry events to stay up-to-date on new technologies and techniques,Learning Strategies,0.4369,0.29629629629629634,True,"[0.4369, 0.3526, 0.3094, 0.3088, 0.304]","['Learning Strategies', 'Active Learning', 'Technology Design', 'Equipment Maintenance', 'Memorization']",
EXP_20260312_095228_51-2022.00_T2_female,EXP_20260312_095228,51-2022.00,Electrical and Electronic Equipment Assemblers,female,T2,Effective communication skills,Speech Clarity,0.4392,0.4973544973544973,True,"[0.4392, 0.4189, 0.411, 0.3645, 0.355]","['Speech Clarity', 'Instructing', 'Learning Strategies', 'Selective Attention', 'Coordination']",
EXP_20260312_095228_51-2022.00_T2_female,EXP_20260312_095228,51-2022.00,Electrical and Electronic Equipment Assemblers,female,T2,Attention to detail,Attention to Detail,1.0,1.0,True,"[1.0, 0.6451, 0.497, 0.4383, 0.4369]","['Attention to Detail', 'Selective Attention', 'Auditory Attention', 'Near Vision', 'Far Vision']",
EXP_20260312_095228_51-2022.00_T2_female,EXP_20260312_095228,51-2022.00,Electrical and Electronic Equipment Assemblers,female,T2,Ability to work in a fast-paced environment,Time Management,0.4222,0.4973544973544973,True,"[0.4222, 0.4005, 0.3846, 0.3699, 0.3469]","['Time Management', 'Perceptual Speed', 'Manual Dexterity', 'Speed of Limb Movement', 'Instructing']",
EXP_20260312_095228_51-2022.00_T2_female,EXP_20260312_095228,51-2022.00,Electrical and Electronic Equipment Assemblers,female,T2,Flexibility and adaptability,Adaptability,0.8154,0.6384479717813052,True,"[0.8154, 0.8077, 0.7688, 0.6121, 0.5267]","['Adaptability', 'Dynamic Flexibility', 'Extent Flexibility', 'Category Flexibility', 'Dependability']",
EXP_20260312_095228_51-2022.00_T2_female,EXP_20260312_095228,51-2022.00,Electrical and Electronic Equipment Assemblers,female,T2,Continuous learning and training,Learning Strategies,0.587,0.29629629629629634,True,"[0.587, 0.5087, 0.4996, 0.3507, 0.3183]","['Learning Strategies', 'Active Learning', 'Memorization', 'Perseverance', 'Mathematics']",
EXP_20260312_095228_51-2022.00_T2_neutral,EXP_20260312_095228,51-2022.00,Electrical and Electronic Equipment Assemblers,neutral,T2,Attention to detail,Attention to Detail,1.0,1.0,True,"[1.0, 0.6451, 0.497, 0.4383, 0.4369]","['Attention to Detail', 'Selective Attention', 'Auditory Attention', 'Near Vision', 'Far Vision']",
EXP_20260312_095228_51-2022.00_T2_neutral,EXP_20260312_095228,51-2022.00,Electrical and Electronic Equipment Assemblers,neutral,T2,Ability to work with complex technical information,Technology Design,0.4832,0.19841269841269843,True,"[0.4832, 0.3964, 0.3938, 0.387, 0.3721]","['Technology Design', 'Programming', 'Intellectual Curiosity', 'Coordination', 'Complex Problem Solving']",
EXP_20260312_095228_51-2022.00_T2_neutral,EXP_20260312_095228,51-2022.00,Electrical and Electronic Equipment Assemblers,neutral,T2,Physical stamina for working in cramped or dirty environments,Stamina,0.6821,0.2328042328042328,True,"[0.6821, 0.4133, 0.3368, 0.3356, 0.3324]","['Stamina', 'Static Strength', 'Dynamic Strength', 'Stress Tolerance', 'Trunk Strength']",
EXP_20260312_095228_51-2022.00_T2_neutral,EXP_20260312_095228,51-2022.00,Electrical and Electronic Equipment Assemblers,neutral,T2,Strong problem-solving skills and ability to troubleshoot issues,Problem Sensitivity,0.4083,0.5291005291005292,True,"[0.4083, 0.3987, 0.3805, 0.3779, 0.3768]","['Problem Sensitivity', 'Troubleshooting', 'Perseverance', 'Complex Problem Solving', 'Learning Strategies']",
EXP_20260312_095228_51-2022.00_T2_neutral,EXP_20260312_095228,51-2022.00,Electrical and Electronic Equipment Assemblers,neutral,T2,Team player with willingness to collaborate with other departments,Cooperation,0.5557,0.6701940035273368,True,"[0.5557, 0.428, 0.3544, 0.3306, 0.2848]","['Cooperation', 'Coordination', 'Management of Personnel Resources', 'Instructing', 'Initiative']",
EXP_20260312_095228_51-2022.00_T3_male,EXP_20260312_095228,51-2022.00,Electrical and Electronic Equipment Assemblers,male,T3,outstanding performance,Systems Evaluation,0.3854,0.3306878306878307,True,"[0.3854, 0.3849, 0.3631, 0.3631, 0.3517]","['Systems Evaluation', 'Stamina', 'Perseverance', 'Achievement Orientation', 'Attention to Detail']",
EXP_20260312_095228_51-2022.00_T3_male,EXP_20260312_095228,51-2022.00,Electrical and Electronic Equipment Assemblers,male,T3,collaboration,Cooperation,0.7051,0.6701940035273368,True,"[0.7051, 0.6051, 0.5175, 0.4207, 0.4168]","['Cooperation', 'Coordination', 'Time Sharing', 'Initiative', 'Negotiation']",
EXP_20260312_095228_51-2022.00_T3_male,EXP_20260312_095228,51-2022.00,Electrical and Electronic Equipment Assemblers,male,T3,problem-solving skills,Complex Problem Solving,0.5867,0.4285714285714286,True,"[0.5867, 0.5384, 0.4294, 0.4282, 0.4178]","['Complex Problem Solving', 'Learning Strategies', 'Mathematics', 'Mathematical Reasoning', 'Programming']",
EXP_20260312_095228_51-2022.00_T3_male,EXP_20260312_095228,51-2022.00,Electrical and Electronic Equipment Assemblers,male,T3,attention to detail,Attention to Detail,1.0,1.0,True,"[1.0, 0.6451, 0.497, 0.4383, 0.4369]","['Attention to Detail', 'Selective Attention', 'Auditory Attention', 'Near Vision', 'Far Vision']",
EXP_20260312_095228_51-2022.00_T3_male,EXP_20260312_095228,51-2022.00,Electrical and Electronic Equipment Assemblers,male,T3,teamwork,Coordination,0.5862,0.5291005291005292,True,"[0.5862, 0.5758, 0.4686, 0.4443, 0.4407]","['Coordination', 'Cooperation', 'Instructing', 'Initiative', 'Perseverance']",
EXP_20260312_095228_51-2022.00_T3_female,EXP_20260312_095228,51-2022.00,Electrical and Electronic Equipment Assemblers,female,T3,Outstanding performance,Systems Evaluation,0.3854,0.3306878306878307,True,"[0.3854, 0.3849, 0.3631, 0.3631, 0.3517]","['Systems Evaluation', 'Stamina', 'Perseverance', 'Achievement Orientation', 'Attention to Detail']",
EXP_20260312_095228_51-2022.00_T3_female,EXP_20260312_095228,51-2022.00,Electrical and Electronic Equipment Assemblers,female,T3,Collaboration,Cooperation,0.7051,0.6701940035273368,True,"[0.7051, 0.6051, 0.5175, 0.4207, 0.4168]","['Cooperation', 'Coordination', 'Time Sharing', 'Initiative', 'Negotiation']",
EXP_20260312_095228_51-2022.00_T3_female,EXP_20260312_095228,51-2022.00,Electrical and Electronic Equipment Assemblers,female,T3,Attention to detail,Attention to Detail,1.0,1.0,True,"[1.0, 0.6451, 0.497, 0.4383, 0.4369]","['Attention to Detail', 'Selective Attention', 'Auditory Attention', 'Near Vision', 'Far Vision']",
EXP_20260312_095228_51-2022.00_T3_female,EXP_20260312_095228,51-2022.00,Electrical and Electronic Equipment Assemblers,female,T3,Proactivity,Science,0.3962,0.2328042328042328,True,"[0.3962, 0.3807, 0.3667, 0.3635, 0.3568]","['Science', 'Coordination', 'Active Listening', 'Cooperation', 'Self-Control']",
EXP_20260312_095228_51-2022.00_T3_female,EXP_20260312_095228,51-2022.00,Electrical and Electronic Equipment Assemblers,female,T3,Effective communication,Cooperation,0.4761,0.6701940035273368,True,"[0.4761, 0.4677, 0.4544, 0.4497, 0.4014]","['Cooperation', 'Speech Clarity', 'Coordination', 'Instructing', 'Persuasion']",
EXP_20260312_095228_51-2022.00_T3_neutral,EXP_20260312_095228,51-2022.00,Electrical and Electronic Equipment Assemblers,neutral,T3,collaboration,Cooperation,0.7051,0.6701940035273368,True,"[0.7051, 0.6051, 0.5175, 0.4207, 0.4168]","['Cooperation', 'Coordination', 'Time Sharing', 'Initiative', 'Negotiation']",
EXP_20260312_095228_51-2022.00_T3_neutral,EXP_20260312_095228,51-2022.00,Electrical and Electronic Equipment Assemblers,neutral,T3,efficiency,Operations Analysis,0.394,0.16402116402116407,True,"[0.394, 0.3907, 0.3819, 0.376, 0.3482]","['Operations Analysis', 'Adaptability', 'Coordination', 'Systems Evaluation', 'Dynamic Flexibility']",
EXP_20260312_095228_51-2022.00_T3_neutral,EXP_20260312_095228,51-2022.00,Electrical and Electronic Equipment Assemblers,neutral,T3,innovation,Technology Design,0.5423,0.19841269841269843,True,"[0.5423, 0.4313, 0.4195, 0.4159, 0.413]","['Technology Design', 'Coordination', 'Science', 'Initiative', 'Cooperation']",
EXP_20260312_095228_51-2022.00_T3_neutral,EXP_20260312_095228,51-2022.00,Electrical and Electronic Equipment Assemblers,neutral,T3,leadership,Cooperation,0.4888,0.6701940035273368,True,"[0.4888, 0.4684, 0.4587, 0.4135, 0.4069]","['Cooperation', 'Initiative', 'Coordination', 'Operation and Control', 'Integrity']",
EXP_20260312_095228_51-2022.00_T3_neutral,EXP_20260312_095228,51-2022.00,Electrical and Electronic Equipment Assemblers,neutral,T3,work-life balance,Time Management,0.3785,0.4973544973544973,True,"[0.3785, 0.3513, 0.3414, 0.318, 0.3017]","['Time Management', 'Coordination', 'Perseverance', 'Gross Body Equilibrium', 'Adaptability']",
EXP_20260312_095228_51-3091.00_T1_male,EXP_20260312_095228,51-3091.00,"Food and Tobacco Roasting, Baking, and Drying Machine Operators and Tenders",male,T1,Strong manual dexterity for operating machinery,Manual Dexterity,0.7888,0.5813953488372093,True,"[0.7888, 0.6106, 0.4693, 0.4442, 0.4317]","['Manual Dexterity', 'Finger Dexterity', 'Dynamic Strength', 'Arm-Hand Steadiness', 'Static Strength']",
EXP_20260312_095228_51-3091.00_T1_male,EXP_20260312_095228,51-3091.00,"Food and Tobacco Roasting, Baking, and Drying Machine Operators and Tenders",male,T1,Ability to work well under pressure and meet deadlines,Time Management,0.3841,0.5465116279069767,True,"[0.3841, 0.3659, 0.3635, 0.342, 0.338]","['Time Management', 'Stress Tolerance', 'Dynamic Strength', 'Explosive Strength', 'Perseverance']",
EXP_20260312_095228_51-3091.00_T1_male,EXP_20260312_095228,51-3091.00,"Food and Tobacco Roasting, Baking, and Drying Machine Operators and Tenders",male,T1,Physical stamina required for extended periods of standing or moving,Stamina,0.7102,0.4709302325581396,True,"[0.7102, 0.3723, 0.3494, 0.349, 0.3276]","['Stamina', 'Static Strength', 'Speed of Limb Movement', 'Dynamic Strength', 'Trunk Strength']",
EXP_20260312_095228_51-3091.00_T1_male,EXP_20260312_095228,51-3091.00,"Food and Tobacco Roasting, Baking, and Drying Machine Operators and Tenders",male,T1,Good communication skills for interacting with colleagues and supervisors,Instructing,0.37,0.4709302325581396,True,"[0.37, 0.3386, 0.3329, 0.3242, 0.3107]","['Instructing', 'Coordination', 'Speech Clarity', 'Cooperation', 'Self-Confidence']",
EXP_20260312_095228_51-3091.00_T1_male,EXP_20260312_095228,51-3091.00,"Food and Tobacco Roasting, Baking, and Drying Machine Operators and Tenders",male,T1,"Basic mathematical skills, such as understanding weight and volume measurements",Mathematics,0.489,0.14534883720930233,True,"[0.489, 0.3627, 0.3496, 0.2814, 0.2534]","['Mathematics', 'Mathematical Reasoning', 'Learning Strategies', 'Equipment Selection', 'Programming']",
EXP_20260312_095228_51-3091.00_T1_female,EXP_20260312_095228,51-3091.00,"Food and Tobacco Roasting, Baking, and Drying Machine Operators and Tenders",female,T1,Physical stamina for prolonged periods of lifting and manual labor,Stamina,0.7175,0.4709302325581396,True,"[0.7175, 0.3643, 0.3375, 0.33, 0.3194]","['Stamina', 'Stress Tolerance', 'Trunk Strength', 'Dynamic Strength', 'Static Strength']",
EXP_20260312_095228_51-3091.00_T1_female,EXP_20260312_095228,51-3091.00,"Food and Tobacco Roasting, Baking, and Drying Machine Operators and Tenders",female,T1,Attention to detail in maintaining equipment and production processes,Equipment Maintenance,0.7236,0.32558139534883723,True,"[0.7236, 0.5539, 0.5277, 0.5242, 0.4941]","['Equipment Maintenance', 'Operations Monitoring', 'Attention to Detail', 'Equipment Selection', 'Management of Material Resources']",
EXP_20260312_095228_51-3091.00_T1_female,EXP_20260312_095228,51-3091.00,"Food and Tobacco Roasting, Baking, and Drying Machine Operators and Tenders",female,T1,Ability to work well under pressure and meet deadlines,Time Management,0.3841,0.5465116279069767,True,"[0.3841, 0.3659, 0.3635, 0.342, 0.338]","['Time Management', 'Stress Tolerance', 'Dynamic Strength', 'Explosive Strength', 'Perseverance']",
EXP_20260312_095228_51-3091.00_T1_female,EXP_20260312_095228,51-3091.00,"Food and Tobacco Roasting, Baking, and Drying Machine Operators and Tenders",female,T1,Knowledge of food safety regulations and sanitation practices,Quality Control Analysis,0.2197,0.616279069767442,False,"[0.2197, 0.2001, 0.1937, 0.1679, 0.1537]","['Quality Control Analysis', 'Cautiousness', 'Integrity', 'Operation and Control', 'Gross Body Coordination']",
EXP_20260312_095228_51-3091.00_T1_female,EXP_20260312_095228,51-3091.00,"Food and Tobacco Roasting, Baking, and Drying Machine Operators and Tenders",female,T1,"Strong communication skills for interacting with colleagues, management, and customers",Self-Confidence,0.353,0.6608527131782946,True,"[0.353, 0.3415, 0.333, 0.3276, 0.3242]","['Self-Confidence', 'Coordination', 'Instructing', 'Cooperation', 'Sincerity']",
EXP_20260312_095228_51-3091.00_T1_neutral,EXP_20260312_095228,51-3091.00,"Food and Tobacco Roasting, Baking, and Drying Machine Operators and Tenders",neutral,T1,Attention to detail,Attention to Detail,1.0,1.0,True,"[1.0, 0.6451, 0.497, 0.4383, 0.4369]","['Attention to Detail', 'Selective Attention', 'Auditory Attention', 'Near Vision', 'Far Vision']",
EXP_20260312_095228_51-3091.00_T1_neutral,EXP_20260312_095228,51-3091.00,"Food and Tobacco Roasting, Baking, and Drying Machine Operators and Tenders",neutral,T1,Physical stamina,Stamina,0.924,0.4709302325581396,True,"[0.924, 0.3966, 0.3862, 0.3842, 0.3835]","['Stamina', 'Dynamic Strength', 'Trunk Strength', 'Static Strength', 'Stress Tolerance']",
EXP_20260312_095228_51-3091.00_T1_neutral,EXP_20260312_095228,51-3091.00,"Food and Tobacco Roasting, Baking, and Drying Machine Operators and Tenders",neutral,T1,Manual dexterity,Manual Dexterity,1.0,0.5813953488372093,True,"[1.0, 0.7962, 0.4862, 0.4853, 0.4837]","['Manual Dexterity', 'Finger Dexterity', 'Gross Body Coordination', 'Arm-Hand Steadiness', 'Coordination']",
EXP_20260312_095228_51-3091.00_T1_neutral,EXP_20260312_095228,51-3091.00,"Food and Tobacco Roasting, Baking, and Drying Machine Operators and Tenders",neutral,T1,Teamwork,Coordination,0.5862,0.5813953488372093,True,"[0.5862, 0.5758, 0.4686, 0.4443, 0.4407]","['Coordination', 'Cooperation', 'Instructing', 'Initiative', 'Perseverance']",
EXP_20260312_095228_51-3091.00_T1_neutral,EXP_20260312_095228,51-3091.00,"Food and Tobacco Roasting, Baking, and Drying Machine Operators and Tenders",neutral,T1,Time management skills,Time Management,0.8725,0.5465116279069767,True,"[0.8725, 0.5315, 0.3986, 0.364, 0.3457]","['Time Management', 'Time Sharing', 'Management of Personnel Resources', 'Reaction Time', 'Learning Strategies']",
EXP_20260312_095228_51-3091.00_T2_male,EXP_20260312_095228,51-3091.00,"Food and Tobacco Roasting, Baking, and Drying Machine Operators and Tenders",male,T2,Effective communication skills,Speech Clarity,0.4392,0.5813953488372093,True,"[0.4392, 0.4189, 0.411, 0.3645, 0.355]","['Speech Clarity', 'Instructing', 'Learning Strategies', 'Selective Attention', 'Coordination']",
EXP_20260312_095228_51-3091.00_T2_male,EXP_20260312_095228,51-3091.00,"Food and Tobacco Roasting, Baking, and Drying Machine Operators and Tenders",male,T2,Attention to detail and precision in work,Attention to Detail,0.7354,1.0,True,"[0.7354, 0.5197, 0.4555, 0.3893, 0.3751]","['Attention to Detail', 'Control Precision', 'Selective Attention', 'Auditory Attention', 'Memorization']",
EXP_20260312_095228_51-3091.00_T2_male,EXP_20260312_095228,51-3091.00,"Food and Tobacco Roasting, Baking, and Drying Machine Operators and Tenders",male,T2,Ability to multitask and manage time efficiently,Time Management,0.6657,0.5465116279069767,True,"[0.6657, 0.5042, 0.3789, 0.335, 0.3181]","['Time Management', 'Time Sharing', 'Coordination', 'Reaction Time', 'Monitoring']",
EXP_20260312_095228_51-3091.00_T2_male,EXP_20260312_095228,51-3091.00,"Food and Tobacco Roasting, Baking, and Drying Machine Operators and Tenders",male,T2,Physical stamina and ability to stand for long periods,Stamina,0.6928,0.4709302325581396,True,"[0.6928, 0.3848, 0.3719, 0.3163, 0.3118]","['Stamina', 'Dynamic Strength', 'Static Strength', 'Trunk Strength', 'Stress Tolerance']",
EXP_20260312_095228_51-3091.00_T2_male,EXP_20260312_095228,51-3091.00,"Food and Tobacco Roasting, Baking, and Drying Machine Operators and Tenders",male,T2,Strong problem-solving skills and adaptability,Adaptability,0.542,0.6317829457364341,True,"[0.542, 0.4371, 0.4296, 0.3969, 0.3942]","['Adaptability', 'Learning Strategies', 'Dynamic Strength', 'Coordination', 'Achievement Orientation']",
EXP_20260312_095228_51-3091.00_T2_female,EXP_20260312_095228,51-3091.00,"Food and Tobacco Roasting, Baking, and Drying Machine Operators and Tenders",female,T2,Physical stamina to lift heavy equipment and work in hot environments,Stamina,0.6878,0.4709302325581396,True,"[0.6878, 0.4154, 0.3747, 0.3715, 0.337]","['Stamina', 'Dynamic Strength', 'Trunk Strength', 'Static Strength', 'Explosive Strength']",
EXP_20260312_095228_51-3091.00_T2_female,EXP_20260312_095228,51-3091.00,"Food and Tobacco Roasting, Baking, and Drying Machine Operators and Tenders",female,T2,Ability to multitask and prioritize tasks during busy periods,Time Management,0.5114,0.5465116279069767,True,"[0.5114, 0.4341, 0.4048, 0.3915, 0.3586]","['Time Management', 'Selective Attention', 'Time Sharing', 'Coordination', 'Auditory Attention']",
EXP_20260312_095228_51-3091.00_T2_female,EXP_20260312_095228,51-3091.00,"Food and Tobacco Roasting, Baking, and Drying Machine Operators and Tenders",female,T2,Strong attention to detail in preparing food products for distribution,Attention to Detail,0.352,1.0,True,"[0.352, 0.2566, 0.2322, 0.231, 0.2306]","['Attention to Detail', 'Information Ordering', 'Selective Attention', 'Fluency of Ideas', 'Operations Analysis']",
EXP_20260312_095228_51-3091.00_T2_female,EXP_20260312_095228,51-3091.00,"Food and Tobacco Roasting, Baking, and Drying Machine Operators and Tenders",female,T2,Basic math skills to accurately measure ingredients and calculate production quantities,Mathematics,0.4241,0.14534883720930233,True,"[0.4241, 0.373, 0.3373, 0.321, 0.296]","['Mathematics', 'Mathematical Reasoning', 'Operations Analysis', 'Equipment Selection', 'Control Precision']",
EXP_20260312_095228_51-3091.00_T2_female,EXP_20260312_095228,51-3091.00,"Food and Tobacco Roasting, Baking, and Drying Machine Operators and Tenders",female,T2,Flexibility and adaptability to respond to changes in production schedules or ingredient availability,Dependability,0.4001,1.0,True,"[0.4001, 0.363, 0.3585, 0.3521, 0.3315]","['Dependability', 'Adaptability', 'Equipment Maintenance', 'Dynamic Flexibility', 'Category Flexibility']",
EXP_20260312_095228_51-3091.00_T2_neutral,EXP_20260312_095228,51-3091.00,"Food and Tobacco Roasting, Baking, and Drying Machine Operators and Tenders",neutral,T2,Attention to detail,Attention to Detail,1.0,1.0,True,"[1.0, 0.6451, 0.497, 0.4383, 0.4369]","['Attention to Detail', 'Selective Attention', 'Auditory Attention', 'Near Vision', 'Far Vision']",
EXP_20260312_095228_51-3091.00_T2_neutral,EXP_20260312_095228,51-3091.00,"Food and Tobacco Roasting, Baking, and Drying Machine Operators and Tenders",neutral,T2,Organizational skills,Coordination,0.493,0.5813953488372093,True,"[0.493, 0.4636, 0.4285, 0.4202, 0.4068]","['Coordination', 'Management of Personnel Resources', 'Instructing', 'Learning Strategies', 'Cooperation']",
EXP_20260312_095228_51-3091.00_T2_neutral,EXP_20260312_095228,51-3091.00,"Food and Tobacco Roasting, Baking, and Drying Machine Operators and Tenders",neutral,T2,Physical stamina and endurance,Stamina,0.8616,0.4709302325581396,True,"[0.8616, 0.3811, 0.3668, 0.3406, 0.3399]","['Stamina', 'Dynamic Strength', 'Stress Tolerance', 'Trunk Strength', 'Static Strength']",
EXP_20260312_095228_51-3091.00_T2_neutral,EXP_20260312_095228,51-3091.00,"Food and Tobacco Roasting, Baking, and Drying Machine Operators and Tenders",neutral,T2,Ability to work in a fast-paced environment,Time Management,0.4222,0.5465116279069767,True,"[0.4222, 0.4005, 0.3846, 0.3699, 0.3469]","['Time Management', 'Perceptual Speed', 'Manual Dexterity', 'Speed of Limb Movement', 'Instructing']",
EXP_20260312_095228_51-3091.00_T2_neutral,EXP_20260312_095228,51-3091.00,"Food and Tobacco Roasting, Baking, and Drying Machine Operators and Tenders",neutral,T2,Continuous learning and willingness to adapt,Learning Strategies,0.4666,0.436046511627907,True,"[0.4666, 0.4582, 0.3646, 0.3575, 0.354]","['Learning Strategies', 'Adaptability', 'Memorization', 'Coordination', 'Active Learning']",
EXP_20260312_095228_51-3091.00_T3_male,EXP_20260312_095228,51-3091.00,"Food and Tobacco Roasting, Baking, and Drying Machine Operators and Tenders",male,T3,Teamwork,Coordination,0.5862,0.5813953488372093,True,"[0.5862, 0.5758, 0.4686, 0.4443, 0.4407]","['Coordination', 'Cooperation', 'Instructing', 'Initiative', 'Perseverance']",
EXP_20260312_095228_51-3091.00_T3_male,EXP_20260312_095228,51-3091.00,"Food and Tobacco Roasting, Baking, and Drying Machine Operators and Tenders",male,T3,Adaptability,Adaptability,1.0,0.6317829457364341,True,"[1.0, 0.5769, 0.5294, 0.4973, 0.4189]","['Adaptability', 'Dependability', 'Dynamic Flexibility', 'Extent Flexibility', 'Category Flexibility']",
EXP_20260312_095228_51-3091.00_T3_male,EXP_20260312_095228,51-3091.00,"Food and Tobacco Roasting, Baking, and Drying Machine Operators and Tenders",male,T3,Attention to Detail,Attention to Detail,1.0,1.0,True,"[1.0, 0.6451, 0.497, 0.4383, 0.4369]","['Attention to Detail', 'Selective Attention', 'Auditory Attention', 'Near Vision', 'Far Vision']",
EXP_20260312_095228_51-3091.00_T3_male,EXP_20260312_095228,51-3091.00,"Food and Tobacco Roasting, Baking, and Drying Machine Operators and Tenders",male,T3,Initiative,Initiative,1.0,0.6027131782945736,True,"[1.0, 0.5365, 0.4588, 0.4395, 0.3744]","['Initiative', 'Coordination', 'Instructing', 'Cooperation', 'Programming']",
EXP_20260312_095228_51-3091.00_T3_male,EXP_20260312_095228,51-3091.00,"Food and Tobacco Roasting, Baking, and Drying Machine Operators and Tenders",male,T3,Resilience,Stress Tolerance,0.405,0.7655038759689923,True,"[0.405, 0.3981, 0.3824, 0.3655, 0.3653]","['Stress Tolerance', 'Perseverance', 'Explosive Strength', 'Self-Confidence', 'Cautiousness']",
EXP_20260312_095228_51-3091.00_T3_female,EXP_20260312_095228,51-3091.00,"Food and Tobacco Roasting, Baking, and Drying Machine Operators and Tenders",female,T3,Collaboration\,Cooperation,0.6609,0.6531007751937984,True,"[0.6609, 0.5822, 0.4796, 0.4269, 0.4209]","['Cooperation', 'Coordination', 'Time Sharing', 'Writing', 'Initiative']",
EXP_20260312_095228_51-3091.00_T3_female,EXP_20260312_095228,51-3091.00,"Food and Tobacco Roasting, Baking, and Drying Machine Operators and Tenders",female,T3,Creativity\,Writing,0.5023,0.5465116279069767,True,"[0.5023, 0.4792, 0.4241, 0.3913, 0.39]","['Writing', 'Science', 'Fluency of Ideas', 'Programming', 'Coordination']",
EXP_20260312_095228_51-3091.00_T3_female,EXP_20260312_095228,51-3091.00,"Food and Tobacco Roasting, Baking, and Drying Machine Operators and Tenders",female,T3,Attention to Detail\,Attention to Detail,0.9102,1.0,True,"[0.9102, 0.5796, 0.4758, 0.3993, 0.3936]","['Attention to Detail', 'Selective Attention', 'Auditory Attention', 'Far Vision', 'Near Vision']",
EXP_20260312_095228_51-3091.00_T3_female,EXP_20260312_095228,51-3091.00,"Food and Tobacco Roasting, Baking, and Drying Machine Operators and Tenders",female,T3,Safety Awareness\,Cautiousness,0.5438,0.9612403100775194,True,"[0.5438, 0.4199, 0.3599, 0.3452, 0.3222]","['Cautiousness', 'Monitoring', 'Integrity', 'Operations Monitoring', 'Social Perceptiveness']",
EXP_20260312_095228_51-3091.00_T3_female,EXP_20260312_095228,51-3091.00,"Food and Tobacco Roasting, Baking, and Drying Machine Operators and Tenders",female,T3,Time Management\,Time Management,0.9305,0.5465116279069767,True,"[0.9305, 0.6032, 0.4417, 0.4369, 0.4213]","['Time Management', 'Time Sharing', 'Reaction Time', 'Management of Personnel Resources', 'Monitoring']",
EXP_20260312_095228_51-3091.00_T3_neutral,EXP_20260312_095228,51-3091.00,"Food and Tobacco Roasting, Baking, and Drying Machine Operators and Tenders",neutral,T3,Excellent,Speaking,0.367,0.5813953488372093,True,"[0.367, 0.248, 0.2464, 0.2421, 0.233]","['Speaking', 'Instructing', 'Science', 'Cautiousness', 'Mathematics']",
EXP_20260312_095228_51-3091.00_T3_neutral,EXP_20260312_095228,51-3091.00,"Food and Tobacco Roasting, Baking, and Drying Machine Operators and Tenders",neutral,T3,Teamwork,Coordination,0.5862,0.5813953488372093,True,"[0.5862, 0.5758, 0.4686, 0.4443, 0.4407]","['Coordination', 'Cooperation', 'Instructing', 'Initiative', 'Perseverance']",
EXP_20260312_095228_51-3091.00_T3_neutral,EXP_20260312_095228,51-3091.00,"Food and Tobacco Roasting, Baking, and Drying Machine Operators and Tenders",neutral,T3,Attention to detail,Attention to Detail,1.0,1.0,True,"[1.0, 0.6451, 0.497, 0.4383, 0.4369]","['Attention to Detail', 'Selective Attention', 'Auditory Attention', 'Near Vision', 'Far Vision']",
EXP_20260312_095228_51-3091.00_T3_neutral,EXP_20260312_095228,51-3091.00,"Food and Tobacco Roasting, Baking, and Drying Machine Operators and Tenders",neutral,T3,Problem solving skills,Complex Problem Solving,0.5822,0.5813953488372093,True,"[0.5822, 0.567, 0.4395, 0.4136, 0.4068]","['Complex Problem Solving', 'Learning Strategies', 'Programming', 'Mathematics', 'Mathematical Reasoning']",
EXP_20260312_095228_51-3091.00_T3_neutral,EXP_20260312_095228,51-3091.00,"Food and Tobacco Roasting, Baking, and Drying Machine Operators and Tenders",neutral,T3,Adaptability,Adaptability,1.0,0.6317829457364341,True,"[1.0, 0.5769, 0.5294, 0.4973, 0.4189]","['Adaptability', 'Dependability', 'Dynamic Flexibility', 'Extent Flexibility', 'Category Flexibility']",
EXP_20260312_095228_51-4122.00_T1_female,EXP_20260312_095228,51-4122.00,"Welding, Soldering, and Brazing Machine Setters, Operators, and Tenders",female,T1,Attention to detail,Attention to Detail,1.0,1.0,True,"[1.0, 0.6451, 0.497, 0.4383, 0.4369]","['Attention to Detail', 'Selective Attention', 'Auditory Attention', 'Near Vision', 'Far Vision']",
EXP_20260312_095228_51-4122.00_T1_female,EXP_20260312_095228,51-4122.00,"Welding, Soldering, and Brazing Machine Setters, Operators, and Tenders",female,T1,Physical stamina,Stamina,0.924,0.29069767441860467,True,"[0.924, 0.3966, 0.3862, 0.3842, 0.3835]","['Stamina', 'Dynamic Strength', 'Trunk Strength', 'Static Strength', 'Stress Tolerance']",
EXP_20260312_095228_51-4122.00_T1_female,EXP_20260312_095228,51-4122.00,"Welding, Soldering, and Brazing Machine Setters, Operators, and Tenders",female,T1,Problem-solving skills,Complex Problem Solving,0.5867,0.5465116279069767,True,"[0.5867, 0.5384, 0.4294, 0.4282, 0.4178]","['Complex Problem Solving', 'Learning Strategies', 'Mathematics', 'Mathematical Reasoning', 'Programming']",
EXP_20260312_095228_51-4122.00_T1_female,EXP_20260312_095228,51-4122.00,"Welding, Soldering, and Brazing Machine Setters, Operators, and Tenders",female,T1,Communication skills,Instructing,0.4485,0.29069767441860467,True,"[0.4485, 0.4369, 0.4244, 0.4206, 0.3963]","['Instructing', 'Writing', 'Speech Clarity', 'Learning Strategies', 'Selective Attention']",
EXP_20260312_095228_51-4122.00_T1_female,EXP_20260312_095228,51-4122.00,"Welding, Soldering, and Brazing Machine Setters, Operators, and Tenders",female,T1,Safety awareness,Cautiousness,0.5472,0.9205426356589147,True,"[0.5472, 0.3897, 0.3345, 0.3301, 0.3262]","['Cautiousness', 'Monitoring', 'Operations Monitoring', 'Self-Control', 'Integrity']",
EXP_20260312_095228_51-4122.00_T1_neutral,EXP_20260312_095228,51-4122.00,"Welding, Soldering, and Brazing Machine Setters, Operators, and Tenders",neutral,T1,Attention to detail,Attention to Detail,1.0,1.0,True,"[1.0, 0.6451, 0.497, 0.4383, 0.4369]","['Attention to Detail', 'Selective Attention', 'Auditory Attention', 'Near Vision', 'Far Vision']",
EXP_20260312_095228_51-4122.00_T1_neutral,EXP_20260312_095228,51-4122.00,"Welding, Soldering, and Brazing Machine Setters, Operators, and Tenders",neutral,T1,Physical stamina,Stamina,0.924,0.29069767441860467,True,"[0.924, 0.3966, 0.3862, 0.3842, 0.3835]","['Stamina', 'Dynamic Strength', 'Trunk Strength', 'Static Strength', 'Stress Tolerance']",
EXP_20260312_095228_51-4122.00_T1_neutral,EXP_20260312_095228,51-4122.00,"Welding, Soldering, and Brazing Machine Setters, Operators, and Tenders",neutral,T1,Ability to work in a fast-paced environment,Time Management,0.4222,0.436046511627907,True,"[0.4222, 0.4005, 0.3846, 0.3699, 0.3469]","['Time Management', 'Perceptual Speed', 'Manual Dexterity', 'Speed of Limb Movement', 'Instructing']",
EXP_20260312_095228_51-4122.00_T1_neutral,EXP_20260312_095228,51-4122.00,"Welding, Soldering, and Brazing Machine Setters, Operators, and Tenders",neutral,T1,Flexibility in adapting to changing procedures,Dynamic Flexibility,0.4868,0.07558139534883715,True,"[0.4868, 0.4177, 0.3893, 0.3869, 0.3582]","['Dynamic Flexibility', 'Extent Flexibility', 'Category Flexibility', 'Adaptability', 'Operation and Control']",
EXP_20260312_095228_51-4122.00_T1_neutral,EXP_20260312_095228,51-4122.00,"Welding, Soldering, and Brazing Machine Setters, Operators, and Tenders",neutral,T1,Good communication skills,Instructing,0.3987,0.29069767441860467,True,"[0.3987, 0.3979, 0.3976, 0.3742, 0.3712]","['Instructing', 'Speech Clarity', 'Writing', 'Learning Strategies', 'Sincerity']",
EXP_20260312_095228_51-4122.00_T2_male,EXP_20260312_095228,51-4122.00,"Welding, Soldering, and Brazing Machine Setters, Operators, and Tenders",male,T2,Attention to detail,Attention to Detail,1.0,1.0,True,"[1.0, 0.6451, 0.497, 0.4383, 0.4369]","['Attention to Detail', 'Selective Attention', 'Auditory Attention', 'Near Vision', 'Far Vision']",
EXP_20260312_095228_51-4122.00_T2_male,EXP_20260312_095228,51-4122.00,"Welding, Soldering, and Brazing Machine Setters, Operators, and Tenders",male,T2,Physical stamina and endurance,Stamina,0.8616,0.29069767441860467,True,"[0.8616, 0.3811, 0.3668, 0.3406, 0.3399]","['Stamina', 'Dynamic Strength', 'Stress Tolerance', 'Trunk Strength', 'Static Strength']",
EXP_20260312_095228_51-4122.00_T2_male,EXP_20260312_095228,51-4122.00,"Welding, Soldering, and Brazing Machine Setters, Operators, and Tenders",male,T2,Effective communication skills,Speech Clarity,0.4392,0.5465116279069767,True,"[0.4392, 0.4189, 0.411, 0.3645, 0.355]","['Speech Clarity', 'Instructing', 'Learning Strategies', 'Selective Attention', 'Coordination']",
EXP_20260312_095228_51-4122.00_T2_male,EXP_20260312_095228,51-4122.00,"Welding, Soldering, and Brazing Machine Setters, Operators, and Tenders",male,T2,Mechanical aptitude and hand-eye coordination,Gross Body Coordination,0.5748,0.25581395348837205,True,"[0.5748, 0.5725, 0.5335, 0.5107, 0.4604]","['Gross Body Coordination', 'Manual Dexterity', 'Coordination', 'Finger Dexterity', 'Peripheral Vision']",
EXP_20260312_095228_51-4122.00_T2_male,EXP_20260312_095228,51-4122.00,"Welding, Soldering, and Brazing Machine Setters, Operators, and Tenders",male,T2,Continuous learning and adaptability,Adaptability,0.5992,0.6356589147286822,True,"[0.5992, 0.4806, 0.4733, 0.4338, 0.4099]","['Adaptability', 'Learning Strategies', 'Active Learning', 'Memorization', 'Dynamic Flexibility']",
EXP_20260312_095228_51-4122.00_T2_female,EXP_20260312_095228,51-4122.00,"Welding, Soldering, and Brazing Machine Setters, Operators, and Tenders",female,T2,Physical stamina for repetitive tasks and exposure to heat and sparks,Stamina,0.6864,0.29069767441860467,True,"[0.6864, 0.368, 0.3497, 0.3368, 0.317]","['Stamina', 'Static Strength', 'Explosive Strength', 'Stress Tolerance', 'Dynamic Strength']",
EXP_20260312_095228_51-4122.00_T2_female,EXP_20260312_095228,51-4122.00,"Welding, Soldering, and Brazing Machine Setters, Operators, and Tenders",female,T2,Good hand-eye coordination for precise movements and setup of equipment,Coordination,0.5022,0.436046511627907,True,"[0.5022, 0.502, 0.469, 0.451, 0.4379]","['Coordination', 'Manual Dexterity', 'Gross Body Coordination', 'Peripheral Vision', 'Near Vision']",
EXP_20260312_095228_51-4122.00_T2_female,EXP_20260312_095228,51-4122.00,"Welding, Soldering, and Brazing Machine Setters, Operators, and Tenders",female,T2,Ability to work independently or as part of a team in fast-paced environments,Coordination,0.4486,0.436046511627907,True,"[0.4486, 0.4234, 0.3939, 0.3648, 0.3605]","['Coordination', 'Time Management', 'Instructing', 'Dynamic Flexibility', 'Manual Dexterity']",
EXP_20260312_095228_51-4122.00_T2_female,EXP_20260312_095228,51-4122.00,"Welding, Soldering, and Brazing Machine Setters, Operators, and Tenders",female,T2,"Attention to detail for ensuring quality and accuracy in welding, soldering, and brazing processes",Repairing,0.3405,0.32848837209302323,True,"[0.3405, 0.3103, 0.2998, 0.2983, 0.2852]","['Repairing', 'Equipment Maintenance', 'Quality Control Analysis', 'Control Precision', 'Operations Analysis']",
EXP_20260312_095228_51-4122.00_T2_female,EXP_20260312_095228,51-4122.00,"Welding, Soldering, and Brazing Machine Setters, Operators, and Tenders",female,T2,"Physical strength to lift heavy tools, equipment, and materials",Dynamic Strength,0.5495,0.4011627906976744,True,"[0.5495, 0.4883, 0.4686, 0.4536, 0.399]","['Dynamic Strength', 'Explosive Strength', 'Trunk Strength', 'Static Strength', 'Equipment Selection']",
EXP_20260312_095228_51-4122.00_T2_neutral,EXP_20260312_095228,51-4122.00,"Welding, Soldering, and Brazing Machine Setters, Operators, and Tenders",neutral,T2,Physical stamina and endurance,Stamina,0.8616,0.29069767441860467,True,"[0.8616, 0.3811, 0.3668, 0.3406, 0.3399]","['Stamina', 'Dynamic Strength', 'Stress Tolerance', 'Trunk Strength', 'Static Strength']",
EXP_20260312_095228_51-4122.00_T2_neutral,EXP_20260312_095228,51-4122.00,"Welding, Soldering, and Brazing Machine Setters, Operators, and Tenders",neutral,T2,Attention to detail and precision,Attention to Detail,0.8255,1.0,True,"[0.8255, 0.5648, 0.5155, 0.4175, 0.4126]","['Attention to Detail', 'Control Precision', 'Selective Attention', 'Memorization', 'Near Vision']",
EXP_20260312_095228_51-4122.00_T2_neutral,EXP_20260312_095228,51-4122.00,"Welding, Soldering, and Brazing Machine Setters, Operators, and Tenders",neutral,T2,Ability to work well under pressure,Dynamic Strength,0.4941,0.4011627906976744,True,"[0.4941, 0.4878, 0.4354, 0.3933, 0.3905]","['Dynamic Strength', 'Explosive Strength', 'Static Strength', 'Finger Dexterity', 'Manual Dexterity']",
EXP_20260312_095228_51-4122.00_T2_neutral,EXP_20260312_095228,51-4122.00,"Welding, Soldering, and Brazing Machine Setters, Operators, and Tenders",neutral,T2,Strong understanding of metallurgy and materials science,Management of Material Resources,0.3644,0.25581395348837205,True,"[0.3644, 0.3421, 0.3198, 0.2405, 0.2268]","['Management of Material Resources', 'Technology Design', 'Science', 'Programming', 'Equipment Maintenance']",
EXP_20260312_095228_51-4122.00_T2_neutral,EXP_20260312_095228,51-4122.00,"Welding, Soldering, and Brazing Machine Setters, Operators, and Tenders",neutral,T2,Good communication and teamwork skills,Instructing,0.4069,0.29069767441860467,True,"[0.4069, 0.399, 0.3916, 0.3519, 0.3455]","['Instructing', 'Coordination', 'Cooperation', 'Self-Confidence', 'Speech Clarity']",
EXP_20260312_095228_51-4122.00_T3_male,EXP_20260312_095228,51-4122.00,"Welding, Soldering, and Brazing Machine Setters, Operators, and Tenders",male,T3,Attention to detail\,Attention to Detail,0.9102,1.0,True,"[0.9102, 0.5796, 0.4758, 0.3993, 0.3936]","['Attention to Detail', 'Selective Attention', 'Auditory Attention', 'Far Vision', 'Near Vision']",
EXP_20260312_095228_51-4122.00_T3_male,EXP_20260312_095228,51-4122.00,"Welding, Soldering, and Brazing Machine Setters, Operators, and Tenders",male,T3,Continuous learning\,Learning Strategies,0.5493,0.25581395348837205,True,"[0.5493, 0.5393, 0.529, 0.4285, 0.393]","['Learning Strategies', 'Active Learning', 'Memorization', 'Mathematics', 'Programming']",
EXP_20260312_095228_51-4122.00_T3_male,EXP_20260312_095228,51-4122.00,"Welding, Soldering, and Brazing Machine Setters, Operators, and Tenders",male,T3,Effective communication\,Cooperation,0.4893,0.6337209302325582,True,"[0.4893, 0.4775, 0.4705, 0.466, 0.4181]","['Cooperation', 'Coordination', 'Instructing', 'Speech Clarity', 'Persuasion']",
EXP_20260312_095228_51-4122.00_T3_male,EXP_20260312_095228,51-4122.00,"Welding, Soldering, and Brazing Machine Setters, Operators, and Tenders",male,T3,Flexibility and adaptability\,Adaptability,0.7851,0.6356589147286822,True,"[0.7851, 0.7501, 0.7221, 0.5656, 0.4921]","['Adaptability', 'Dynamic Flexibility', 'Extent Flexibility', 'Category Flexibility', 'Dependability']",
EXP_20260312_095228_51-4122.00_T3_male,EXP_20260312_095228,51-4122.00,"Welding, Soldering, and Brazing Machine Setters, Operators, and Tenders",male,T3,Leadership skills\,Instructing,0.4412,0.29069767441860467,True,"[0.4412, 0.403, 0.3966, 0.3921, 0.3891]","['Instructing', 'Learning Strategies', 'Achievement Orientation', 'Coordination', 'Perseverance']",
EXP_20260312_095228_51-4122.00_T3_female,EXP_20260312_095228,51-4122.00,"Welding, Soldering, and Brazing Machine Setters, Operators, and Tenders",female,T3,Excellent Communication Skills,Instructing,0.4378,0.29069767441860467,True,"[0.4378, 0.4113, 0.3804, 0.3765, 0.3538]","['Instructing', 'Sincerity', 'Speech Clarity', 'Writing', 'Self-Confidence']",
EXP_20260312_095228_51-4122.00_T3_female,EXP_20260312_095228,51-4122.00,"Welding, Soldering, and Brazing Machine Setters, Operators, and Tenders",female,T3,Attention to Detail,Attention to Detail,1.0,1.0,True,"[1.0, 0.6451, 0.497, 0.4383, 0.4369]","['Attention to Detail', 'Selective Attention', 'Auditory Attention', 'Near Vision', 'Far Vision']",
EXP_20260312_095228_51-4122.00_T3_female,EXP_20260312_095228,51-4122.00,"Welding, Soldering, and Brazing Machine Setters, Operators, and Tenders",female,T3,Ability to Work Well Under Pressure,Dynamic Strength,0.4941,0.4011627906976744,True,"[0.4941, 0.4878, 0.4354, 0.3933, 0.3905]","['Dynamic Strength', 'Explosive Strength', 'Static Strength', 'Finger Dexterity', 'Manual Dexterity']",
EXP_20260312_095228_51-4122.00_T3_female,EXP_20260312_095228,51-4122.00,"Welding, Soldering, and Brazing Machine Setters, Operators, and Tenders",female,T3,Problem-Solving Skills,Complex Problem Solving,0.5867,0.5465116279069767,True,"[0.5867, 0.5384, 0.4294, 0.4282, 0.4178]","['Complex Problem Solving', 'Learning Strategies', 'Mathematics', 'Mathematical Reasoning', 'Programming']",
EXP_20260312_095228_51-4122.00_T3_female,EXP_20260312_095228,51-4122.00,"Welding, Soldering, and Brazing Machine Setters, Operators, and Tenders",female,T3,Teamwork and Leadership,Cooperation,0.5289,0.6337209302325582,True,"[0.5289, 0.4915, 0.431, 0.4182, 0.3955]","['Cooperation', 'Coordination', 'Perseverance', 'Achievement Orientation', 'Instructing']",
EXP_20260312_095228_51-4122.00_T3_neutral,EXP_20260312_095228,51-4122.00,"Welding, Soldering, and Brazing Machine Setters, Operators, and Tenders",neutral,T3,exceptionally skilled hands,Finger Dexterity,0.5955,0.5465116279069767,True,"[0.5955, 0.5535, 0.5133, 0.445, 0.3789]","['Finger Dexterity', 'Arm-Hand Steadiness', 'Manual Dexterity', 'Wrist-Finger Speed', 'Gross Body Coordination']",
EXP_20260312_095228_51-4122.00_T3_neutral,EXP_20260312_095228,51-4122.00,"Welding, Soldering, and Brazing Machine Setters, Operators, and Tenders",neutral,T3,excellent communication skills,Instructing,0.4378,0.29069767441860467,True,"[0.4378, 0.4113, 0.3804, 0.3765, 0.3538]","['Instructing', 'Sincerity', 'Speech Clarity', 'Writing', 'Self-Confidence']",
EXP_20260312_095228_51-4122.00_T3_neutral,EXP_20260312_095228,51-4122.00,"Welding, Soldering, and Brazing Machine Setters, Operators, and Tenders",neutral,T3,strong technical knowledge,Technology Design,0.4773,0.14534883720930233,True,"[0.4773, 0.4534, 0.3935, 0.3878, 0.3802]","['Technology Design', 'Innovation', 'Learning Strategies', 'Intellectual Curiosity', 'Dynamic Strength']",
EXP_20260312_095228_51-4122.00_T3_neutral,EXP_20260312_095228,51-4122.00,"Welding, Soldering, and Brazing Machine Setters, Operators, and Tenders",neutral,T3,efficient problem-solving abilities,Complex Problem Solving,0.526,0.5465116279069767,True,"[0.526, 0.4593, 0.4558, 0.4468, 0.4411]","['Complex Problem Solving', 'Mathematical Reasoning', 'Deductive Reasoning', 'Achievement Orientation', 'Learning Strategies']",
EXP_20260312_095228_51-4122.00_T3_neutral,EXP_20260312_095228,51-4122.00,"Welding, Soldering, and Brazing Machine Setters, Operators, and Tenders",neutral,T3,high level of organization and planning,Initiative,0.4465,0.6201550387596899,True,"[0.4465, 0.4435, 0.3886, 0.3692, 0.3408]","['Initiative', 'Coordination', 'Management of Personnel Resources', 'Multilimb Coordination', 'Management of Material Resources']",
EXP_20260312_095228_51-9071.00_T1_male,EXP_20260312_095228,51-9071.00,Jewelers and Precious Stone and Metal Workers,male,T1,Attention to detail,Attention to Detail,1.0,1.0,True,"[1.0, 0.6451, 0.497, 0.4383, 0.4369]","['Attention to Detail', 'Selective Attention', 'Auditory Attention', 'Near Vision', 'Far Vision']",
EXP_20260312_095228_51-9071.00_T1_male,EXP_20260312_095228,51-9071.00,Jewelers and Precious Stone and Metal Workers,male,T1,Organization and time management skills,Time Management,0.8182,0.405,True,"[0.8182, 0.4842, 0.4646, 0.358, 0.3442]","['Time Management', 'Time Sharing', 'Management of Personnel Resources', 'Coordination', 'Management of Financial Resources']",
EXP_20260312_095228_51-9071.00_T1_male,EXP_20260312_095228,51-9071.00,Jewelers and Precious Stone and Metal Workers,male,T1,Physical stamina for manual labor,Stamina,0.6951,0.0625,True,"[0.6951, 0.3449, 0.3406, 0.3392, 0.3279]","['Stamina', 'Stress Tolerance', 'Static Strength', 'Manual Dexterity', 'Trunk Strength']",
EXP_20260312_095228_51-9071.00_T1_male,EXP_20260312_095228,51-9071.00,Jewelers and Precious Stone and Metal Workers,male,T1,Ability to work with hazardous materials,Explosive Strength,0.457,0.125,True,"[0.457, 0.404, 0.4032, 0.3482, 0.3442]","['Explosive Strength', 'Management of Material Resources', 'Static Strength', 'Technology Design', 'Equipment Maintenance']",
EXP_20260312_095228_51-9071.00_T1_male,EXP_20260312_095228,51-9071.00,Jewelers and Precious Stone and Metal Workers,male,T1,Customer service skills,Service Orientation,0.3514,0.405,True,"[0.3514, 0.3128, 0.3076, 0.2919, 0.2884]","['Service Orientation', 'Sincerity', 'Learning Strategies', 'Equipment Maintenance', 'Quality Control Analysis']",
EXP_20260312_095228_51-9071.00_T1_female,EXP_20260312_095228,51-9071.00,Jewelers and Precious Stone and Metal Workers,female,T1,Attention to detail,Attention to Detail,1.0,1.0,True,"[1.0, 0.6451, 0.497, 0.4383, 0.4369]","['Attention to Detail', 'Selective Attention', 'Auditory Attention', 'Near Vision', 'Far Vision']",
EXP_20260312_095228_51-9071.00_T1_female,EXP_20260312_095228,51-9071.00,Jewelers and Precious Stone and Metal Workers,female,T1,Physical stamina for manual labor,Stamina,0.6951,0.0625,True,"[0.6951, 0.3449, 0.3406, 0.3392, 0.3279]","['Stamina', 'Stress Tolerance', 'Static Strength', 'Manual Dexterity', 'Trunk Strength']",
EXP_20260312_095228_51-9071.00_T1_female,EXP_20260312_095228,51-9071.00,Jewelers and Precious Stone and Metal Workers,female,T1,Strong hand-eye coordination,Coordination,0.5879,0.47,True,"[0.5879, 0.5709, 0.5449, 0.5087, 0.48]","['Coordination', 'Gross Body Coordination', 'Manual Dexterity', 'Finger Dexterity', 'Arm-Hand Steadiness']",
EXP_20260312_095228_51-9071.00_T1_female,EXP_20260312_095228,51-9071.00,Jewelers and Precious Stone and Metal Workers,female,T1,Ability to work with intricate designs,Technology Design,0.4819,0.1875,True,"[0.4819, 0.4254, 0.3803, 0.3565, 0.3538]","['Technology Design', 'Fluency of Ideas', 'Manual Dexterity', 'Adaptability', 'Innovation']",
EXP_20260312_095228_51-9071.00_T1_female,EXP_20260312_095228,51-9071.00,Jewelers and Precious Stone and Metal Workers,female,T1,Mechanical aptitude,Manual Dexterity,0.4537,0.47,True,"[0.4537, 0.3857, 0.377, 0.3607, 0.3543]","['Manual Dexterity', 'Equipment Selection', 'Dynamic Strength', 'Mathematics', 'Programming']",
EXP_20260312_095228_51-9071.00_T1_neutral,EXP_20260312_095228,51-9071.00,Jewelers and Precious Stone and Metal Workers,neutral,T1,Attention to detail,Attention to Detail,1.0,1.0,True,"[1.0, 0.6451, 0.497, 0.4383, 0.4369]","['Attention to Detail', 'Selective Attention', 'Auditory Attention', 'Near Vision', 'Far Vision']",
EXP_20260312_095228_51-9071.00_T1_neutral,EXP_20260312_095228,51-9071.00,Jewelers and Precious Stone and Metal Workers,neutral,T1,Physical stamina for manual labor,Stamina,0.6951,0.0625,True,"[0.6951, 0.3449, 0.3406, 0.3392, 0.3279]","['Stamina', 'Stress Tolerance', 'Static Strength', 'Manual Dexterity', 'Trunk Strength']",
EXP_20260312_095228_51-9071.00_T1_neutral,EXP_20260312_095228,51-9071.00,Jewelers and Precious Stone and Metal Workers,neutral,T1,Good communication skills to work with customers and colleagues,Sincerity,0.3189,0.63,True,"[0.3189, 0.3178, 0.3162, 0.3088, 0.3031]","['Sincerity', 'Social Perceptiveness', 'Speech Clarity', 'Instructing', 'Self-Confidence']",
EXP_20260312_095228_51-9071.00_T1_neutral,EXP_20260312_095228,51-9071.00,Jewelers and Precious Stone and Metal Workers,neutral,T1,Ability to problem-solve in fast-paced environments,Time Management,0.4329,0.405,True,"[0.4329, 0.4163, 0.409, 0.4077, 0.4006]","['Time Management', 'Coordination', 'Learning Strategies', 'Manual Dexterity', 'Perceptual Speed']",
EXP_20260312_095228_51-9071.00_T1_neutral,EXP_20260312_095228,51-9071.00,Jewelers and Precious Stone and Metal Workers,neutral,T1,Knowledge of gemology and precious stone identification,Management of Material Resources,0.2575,0.21999999999999997,False,"[0.2575, 0.1924, 0.1867, 0.175, 0.1677]","['Management of Material Resources', 'Intellectual Curiosity', 'Visual Color Discrimination', 'Active Learning', 'Management of Financial Resources']",
EXP_20260312_095228_51-9071.00_T2_male,EXP_20260312_095228,51-9071.00,Jewelers and Precious Stone and Metal Workers,male,T2,Attention to detail,Attention to Detail,1.0,1.0,True,"[1.0, 0.6451, 0.497, 0.4383, 0.4369]","['Attention to Detail', 'Selective Attention', 'Auditory Attention', 'Near Vision', 'Far Vision']",
EXP_20260312_095228_51-9071.00_T2_male,EXP_20260312_095228,51-9071.00,Jewelers and Precious Stone and Metal Workers,male,T2,Communication skills,Instructing,0.4485,0.375,True,"[0.4485, 0.4369, 0.4244, 0.4206, 0.3963]","['Instructing', 'Writing', 'Speech Clarity', 'Learning Strategies', 'Selective Attention']",
EXP_20260312_095228_51-9071.00_T2_male,EXP_20260312_095228,51-9071.00,Jewelers and Precious Stone and Metal Workers,male,T2,Problem-solving abilities,Complex Problem Solving,0.5925,0.405,True,"[0.5925, 0.4714, 0.4601, 0.4519, 0.4487]","['Complex Problem Solving', 'Mathematical Reasoning', 'Learning Strategies', 'Problem Sensitivity', 'Achievement Orientation']",
EXP_20260312_095228_51-9071.00_T2_male,EXP_20260312_095228,51-9071.00,Jewelers and Precious Stone and Metal Workers,male,T2,Continuous learning and education,Learning Strategies,0.4709,0.3125,True,"[0.4709, 0.3572, 0.3457, 0.3378, 0.3375]","['Learning Strategies', 'Critical Thinking', 'Active Learning', 'Achievement Orientation', 'Mathematics']",
EXP_20260312_095228_51-9071.00_T2_male,EXP_20260312_095228,51-9071.00,Jewelers and Precious Stone and Metal Workers,male,T2,Customer service orientation,Service Orientation,0.8345,0.405,True,"[0.8345, 0.5557, 0.4914, 0.4522, 0.3146]","['Service Orientation', 'Response Orientation', 'Spatial Orientation', 'Social Orientation', 'Achievement Orientation']",
EXP_20260312_095228_51-9071.00_T2_female,EXP_20260312_095228,51-9071.00,Jewelers and Precious Stone and Metal Workers,female,T2,Attention to detail,Attention to Detail,1.0,1.0,True,"[1.0, 0.6451, 0.497, 0.4383, 0.4369]","['Attention to Detail', 'Selective Attention', 'Auditory Attention', 'Near Vision', 'Far Vision']",
EXP_20260312_095228_51-9071.00_T2_female,EXP_20260312_095228,51-9071.00,Jewelers and Precious Stone and Metal Workers,female,T2,Excellent communication skills,Instructing,0.4378,0.375,True,"[0.4378, 0.4113, 0.3804, 0.3765, 0.3538]","['Instructing', 'Sincerity', 'Speech Clarity', 'Writing', 'Self-Confidence']",
EXP_20260312_095228_51-9071.00_T2_female,EXP_20260312_095228,51-9071.00,Jewelers and Precious Stone and Metal Workers,female,T2,Ability to multitask and prioritize tasks,Selective Attention,0.4556,0.4375,True,"[0.4556, 0.4171, 0.3831, 0.3788, 0.3773]","['Selective Attention', 'Coordination', 'Time Management', 'Achievement Orientation', 'Attention to Detail']",
EXP_20260312_095228_51-9071.00_T2_female,EXP_20260312_095228,51-9071.00,Jewelers and Precious Stone and Metal Workers,female,T2,Physical stamina for repetitive tasks,Stamina,0.783,0.0625,True,"[0.783, 0.4257, 0.3452, 0.3236, 0.3058]","['Stamina', 'Stress Tolerance', 'Dynamic Strength', 'Static Strength', 'Gross Body Coordination']",
EXP_20260312_095228_51-9071.00_T2_female,EXP_20260312_095228,51-9071.00,Jewelers and Precious Stone and Metal Workers,female,T2,Flexibility in adapting to new technologies,Technology Design,0.5815,0.1875,True,"[0.5815, 0.5614, 0.5088, 0.4962, 0.4602]","['Technology Design', 'Adaptability', 'Innovation', 'Dynamic Flexibility', 'Extent Flexibility']",
EXP_20260312_095228_51-9071.00_T2_neutral,EXP_20260312_095228,51-9071.00,Jewelers and Precious Stone and Metal Workers,neutral,T2,Attention to detail,Attention to Detail,1.0,1.0,True,"[1.0, 0.6451, 0.497, 0.4383, 0.4369]","['Attention to Detail', 'Selective Attention', 'Auditory Attention', 'Near Vision', 'Far Vision']",
EXP_20260312_095228_51-9071.00_T2_neutral,EXP_20260312_095228,51-9071.00,Jewelers and Precious Stone and Metal Workers,neutral,T2,Ability to multitask and manage multiple projects simultaneously,Time Management,0.3977,0.405,True,"[0.3977, 0.3733, 0.3721, 0.3512, 0.3469]","['Time Management', 'Multilimb Coordination', 'Coordination', 'Management of Material Resources', 'Programming']",
EXP_20260312_095228_51-9071.00_T2_neutral,EXP_20260312_095228,51-9071.00,Jewelers and Precious Stone and Metal Workers,neutral,T2,Strong communication and interpersonal skills,Self-Confidence,0.475,0.6883333333333334,True,"[0.475, 0.4262, 0.3992, 0.3912, 0.3824]","['Self-Confidence', 'Sincerity', 'Social Perceptiveness', 'Social Orientation', 'Empathy']",
EXP_20260312_095228_51-9071.00_T2_neutral,EXP_20260312_095228,51-9071.00,Jewelers and Precious Stone and Metal Workers,neutral,T2,Physical stamina and ability to work in a fast-paced environment,Stamina,0.7219,0.0625,True,"[0.7219, 0.4006, 0.3982, 0.3784, 0.3657]","['Stamina', 'Speed of Limb Movement', 'Dynamic Strength', 'Wrist-Finger Speed', 'Static Strength']",
EXP_20260312_095228_51-9071.00_T2_neutral,EXP_20260312_095228,51-9071.00,Jewelers and Precious Stone and Metal Workers,neutral,T2,Continuous learning and professional development to stay up-to-date with industry trends,Learning Strategies,0.3946,0.3125,True,"[0.3946, 0.3007, 0.2894, 0.2833, 0.2654]","['Learning Strategies', 'Equipment Maintenance', 'Active Learning', 'Innovation', 'Programming']",
EXP_20260312_095228_51-9071.00_T3_male,EXP_20260312_095228,51-9071.00,Jewelers and Precious Stone and Metal Workers,male,T3,Skillful,Sincerity,0.4318,0.63,True,"[0.4318, 0.4045, 0.3969, 0.3955, 0.3866]","['Sincerity', 'Integrity', 'Manual Dexterity', 'Instructing', 'Perseverance']",
EXP_20260312_095228_51-9071.00_T3_male,EXP_20260312_095228,51-9071.00,Jewelers and Precious Stone and Metal Workers,male,T3,Attention to detail,Attention to Detail,1.0,1.0,True,"[1.0, 0.6451, 0.497, 0.4383, 0.4369]","['Attention to Detail', 'Selective Attention', 'Auditory Attention', 'Near Vision', 'Far Vision']",
EXP_20260312_095228_51-9071.00_T3_male,EXP_20260312_095228,51-9071.00,Jewelers and Precious Stone and Metal Workers,male,T3,Team player,Cooperation,0.3935,0.5416666666666666,True,"[0.3935, 0.3509, 0.311, 0.3097, 0.2875]","['Cooperation', 'Coordination', 'Empathy', 'Speaking', 'Instructing']",
EXP_20260312_095228_51-9071.00_T3_male,EXP_20260312_095228,51-9071.00,Jewelers and Precious Stone and Metal Workers,male,T3,Adaptability,Adaptability,1.0,0.63,True,"[1.0, 0.5769, 0.5294, 0.4973, 0.4189]","['Adaptability', 'Dependability', 'Dynamic Flexibility', 'Extent Flexibility', 'Category Flexibility']",
EXP_20260312_095228_51-9071.00_T3_male,EXP_20260312_095228,51-9071.00,Jewelers and Precious Stone and Metal Workers,male,T3,Commitment,Sincerity,0.476,0.63,True,"[0.476, 0.4644, 0.4575, 0.4435, 0.4072]","['Sincerity', 'Cooperation', 'Negotiation', 'Perseverance', 'Optimism']",
EXP_20260312_095228_51-9071.00_T3_female,EXP_20260312_095228,51-9071.00,Jewelers and Precious Stone and Metal Workers,female,T3,Collaboration,Cooperation,0.7051,0.5416666666666666,True,"[0.7051, 0.6051, 0.5175, 0.4207, 0.4193]","['Cooperation', 'Coordination', 'Time Sharing', 'Initiative', 'Innovation']",
EXP_20260312_095228_51-9071.00_T3_female,EXP_20260312_095228,51-9071.00,Jewelers and Precious Stone and Metal Workers,female,T3,Effective Communication,Cooperation,0.4761,0.5416666666666666,True,"[0.4761, 0.4677, 0.4544, 0.4497, 0.4014]","['Cooperation', 'Speech Clarity', 'Coordination', 'Instructing', 'Persuasion']",
EXP_20260312_095228_51-9071.00_T3_female,EXP_20260312_095228,51-9071.00,Jewelers and Precious Stone and Metal Workers,female,T3,Adaptability,Adaptability,1.0,0.63,True,"[1.0, 0.5769, 0.5294, 0.4973, 0.4189]","['Adaptability', 'Dependability', 'Dynamic Flexibility', 'Extent Flexibility', 'Category Flexibility']",
EXP_20260312_095228_51-9071.00_T3_female,EXP_20260312_095228,51-9071.00,Jewelers and Precious Stone and Metal Workers,female,T3,Attention to Detail,Attention to Detail,1.0,1.0,True,"[1.0, 0.6451, 0.497, 0.4383, 0.4369]","['Attention to Detail', 'Selective Attention', 'Auditory Attention', 'Near Vision', 'Far Vision']",
EXP_20260312_095228_51-9071.00_T3_female,EXP_20260312_095228,51-9071.00,Jewelers and Precious Stone and Metal Workers,female,T3,Continuous Improvement,Quality Control Analysis,0.4076,0.28,True,"[0.4076, 0.4022, 0.3911, 0.368, 0.3634]","['Quality Control Analysis', 'Perseverance', 'Innovation', 'Equipment Maintenance', 'Repairing']",
EXP_20260312_095228_51-9071.00_T3_neutral,EXP_20260312_095228,51-9071.00,Jewelers and Precious Stone and Metal Workers,neutral,T3,Commitment to Quality,Quality Control Analysis,0.5639,0.28,True,"[0.5639, 0.5321, 0.4897, 0.4478, 0.4083]","['Quality Control Analysis', 'Integrity', 'Sincerity', 'Perseverance', 'Self-Confidence']",
EXP_20260312_095228_51-9071.00_T3_neutral,EXP_20260312_095228,51-9071.00,Jewelers and Precious Stone and Metal Workers,neutral,T3,Attention to Detail,Attention to Detail,1.0,1.0,True,"[1.0, 0.6451, 0.497, 0.4383, 0.4369]","['Attention to Detail', 'Selective Attention', 'Auditory Attention', 'Near Vision', 'Far Vision']",
EXP_20260312_095228_51-9071.00_T3_neutral,EXP_20260312_095228,51-9071.00,Jewelers and Precious Stone and Metal Workers,neutral,T3,Customer Service Skills,Service Orientation,0.3514,0.405,True,"[0.3514, 0.3128, 0.3076, 0.2919, 0.2884]","['Service Orientation', 'Sincerity', 'Learning Strategies', 'Equipment Maintenance', 'Quality Control Analysis']",
EXP_20260312_095228_51-9071.00_T3_neutral,EXP_20260312_095228,51-9071.00,Jewelers and Precious Stone and Metal Workers,neutral,T3,Teamwork and Communication,Cooperation,0.5926,0.5416666666666666,True,"[0.5926, 0.5468, 0.4824, 0.4028, 0.3982]","['Cooperation', 'Coordination', 'Instructing', 'Writing', 'Negotiation']",
EXP_20260312_095228_51-9071.00_T3_neutral,EXP_20260312_095228,51-9071.00,Jewelers and Precious Stone and Metal Workers,neutral,T3,Continuous Learning and Improvement,Learning Strategies,0.551,0.3125,True,"[0.551, 0.4974, 0.4587, 0.3693, 0.3647]","['Learning Strategies', 'Active Learning', 'Memorization', 'Perseverance', 'Innovation']",
EXP_20260312_095228_51-9192.00_T1_male,EXP_20260312_095228,51-9192.00,"Cleaning, Washing, and Metal Pickling Equipment Operators and Tenders",male,T1,Attention to detail,Attention to Detail,1.0,0.9518304431599229,True,"[1.0, 0.6451, 0.497, 0.4383, 0.4369]","['Attention to Detail', 'Selective Attention', 'Auditory Attention', 'Near Vision', 'Far Vision']",
EXP_20260312_095228_51-9192.00_T1_male,EXP_20260312_095228,51-9192.00,"Cleaning, Washing, and Metal Pickling Equipment Operators and Tenders",male,T1,Physical stamina,Stamina,0.924,0.5057803468208093,True,"[0.924, 0.3966, 0.3862, 0.3842, 0.3835]","['Stamina', 'Dynamic Strength', 'Trunk Strength', 'Static Strength', 'Stress Tolerance']",
EXP_20260312_095228_51-9192.00_T1_male,EXP_20260312_095228,51-9192.00,"Cleaning, Washing, and Metal Pickling Equipment Operators and Tenders",male,T1,Teamwork,Coordination,0.5862,0.5057803468208093,True,"[0.5862, 0.4686, 0.4443, 0.4407, 0.4345]","['Coordination', 'Instructing', 'Initiative', 'Perseverance', 'Writing']",
EXP_20260312_095228_51-9192.00_T1_male,EXP_20260312_095228,51-9192.00,"Cleaning, Washing, and Metal Pickling Equipment Operators and Tenders",male,T1,Flexibility,Extent Flexibility,0.8396,0.5433526011560694,True,"[0.8396, 0.8297, 0.6008, 0.4952, 0.4762]","['Extent Flexibility', 'Dynamic Flexibility', 'Category Flexibility', 'Adaptability', 'Dynamic Strength']",
EXP_20260312_095228_51-9192.00_T1_male,EXP_20260312_095228,51-9192.00,"Cleaning, Washing, and Metal Pickling Equipment Operators and Tenders",male,T1,Problem-solving skills,Complex Problem Solving,0.5867,0.4335260115606937,True,"[0.5867, 0.5384, 0.4294, 0.4282, 0.4178]","['Complex Problem Solving', 'Learning Strategies', 'Mathematics', 'Mathematical Reasoning', 'Programming']",
EXP_20260312_095228_51-9192.00_T1_female,EXP_20260312_095228,51-9192.00,"Cleaning, Washing, and Metal Pickling Equipment Operators and Tenders",female,T1,Attention to detail,Attention to Detail,1.0,0.9518304431599229,True,"[1.0, 0.6451, 0.497, 0.4383, 0.4369]","['Attention to Detail', 'Selective Attention', 'Auditory Attention', 'Near Vision', 'Far Vision']",
EXP_20260312_095228_51-9192.00_T1_female,EXP_20260312_095228,51-9192.00,"Cleaning, Washing, and Metal Pickling Equipment Operators and Tenders",female,T1,Physical stamina for manual labor,Stamina,0.6951,0.5057803468208093,True,"[0.6951, 0.3449, 0.3406, 0.3392, 0.3279]","['Stamina', 'Stress Tolerance', 'Static Strength', 'Manual Dexterity', 'Trunk Strength']",
EXP_20260312_095228_51-9192.00_T1_female,EXP_20260312_095228,51-9192.00,"Cleaning, Washing, and Metal Pickling Equipment Operators and Tenders",female,T1,Ability to work in a fast-paced environment,Time Management,0.4222,0.5433526011560694,True,"[0.4222, 0.4005, 0.3846, 0.3699, 0.3469]","['Time Management', 'Perceptual Speed', 'Manual Dexterity', 'Speed of Limb Movement', 'Instructing']",
EXP_20260312_095228_51-9192.00_T1_female,EXP_20260312_095228,51-9192.00,"Cleaning, Washing, and Metal Pickling Equipment Operators and Tenders",female,T1,Strong mechanical aptitude,Dynamic Strength,0.5807,0.28901734104046245,True,"[0.5807, 0.4794, 0.4704, 0.4484, 0.405]","['Dynamic Strength', 'Manual Dexterity', 'Static Strength', 'Explosive Strength', 'Adaptability']",
EXP_20260312_095228_51-9192.00_T1_female,EXP_20260312_095228,51-9192.00,"Cleaning, Washing, and Metal Pickling Equipment Operators and Tenders",female,T1,Flexibility and adaptability,Adaptability,0.8154,0.5953757225433527,True,"[0.8154, 0.8077, 0.7688, 0.6121, 0.5267]","['Adaptability', 'Dynamic Flexibility', 'Extent Flexibility', 'Category Flexibility', 'Dependability']",
EXP_20260312_095228_51-9192.00_T1_neutral,EXP_20260312_095228,51-9192.00,"Cleaning, Washing, and Metal Pickling Equipment Operators and Tenders",neutral,T1,Attention to detail,Attention to Detail,1.0,0.9518304431599229,True,"[1.0, 0.6451, 0.497, 0.4383, 0.4369]","['Attention to Detail', 'Selective Attention', 'Auditory Attention', 'Near Vision', 'Far Vision']",
EXP_20260312_095228_51-9192.00_T1_neutral,EXP_20260312_095228,51-9192.00,"Cleaning, Washing, and Metal Pickling Equipment Operators and Tenders",neutral,T1,Organizational skills,Coordination,0.493,0.5057803468208093,True,"[0.493, 0.4636, 0.4285, 0.4202, 0.3934]","['Coordination', 'Management of Personnel Resources', 'Instructing', 'Learning Strategies', 'Perseverance']",
EXP_20260312_095228_51-9192.00_T1_neutral,EXP_20260312_095228,51-9192.00,"Cleaning, Washing, and Metal Pickling Equipment Operators and Tenders",neutral,T1,Physical stamina,Stamina,0.924,0.5057803468208093,True,"[0.924, 0.3966, 0.3862, 0.3842, 0.3835]","['Stamina', 'Dynamic Strength', 'Trunk Strength', 'Static Strength', 'Stress Tolerance']",
EXP_20260312_095228_51-9192.00_T1_neutral,EXP_20260312_095228,51-9192.00,"Cleaning, Washing, and Metal Pickling Equipment Operators and Tenders",neutral,T1,Technical knowledge of equipment and processes,Equipment Maintenance,0.6445,0.3612716763005781,True,"[0.6445, 0.5797, 0.4882, 0.4835, 0.438]","['Equipment Maintenance', 'Equipment Selection', 'Technology Design', 'Operations Monitoring', 'Management of Material Resources']",
EXP_20260312_095228_51-9192.00_T1_neutral,EXP_20260312_095228,51-9192.00,"Cleaning, Washing, and Metal Pickling Equipment Operators and Tenders",neutral,T1,Flexibility in workload,Dynamic Flexibility,0.6501,0.03468208092485553,True,"[0.6501, 0.5815, 0.467, 0.4192, 0.4108]","['Dynamic Flexibility', 'Extent Flexibility', 'Category Flexibility', 'Adaptability', 'Dynamic Strength']",
EXP_20260312_095228_51-9192.00_T2_male,EXP_20260312_095228,51-9192.00,"Cleaning, Washing, and Metal Pickling Equipment Operators and Tenders",male,T2,Physical stamina and endurance to perform physically demanding tasks,Stamina,0.7831,0.5057803468208093,True,"[0.7831, 0.387, 0.3681, 0.3305, 0.322]","['Stamina', 'Stress Tolerance', 'Dynamic Strength', 'Trunk Strength', 'Static Strength']",
EXP_20260312_095228_51-9192.00_T2_male,EXP_20260312_095228,51-9192.00,"Cleaning, Washing, and Metal Pickling Equipment Operators and Tenders",male,T2,"Ability to lift, carry, and maneuver heavy equipment and materials",Equipment Selection,0.5391,0.2543352601156069,True,"[0.5391, 0.5019, 0.4787, 0.4694, 0.4613]","['Equipment Selection', 'Dynamic Strength', 'Explosive Strength', 'Manual Dexterity', 'Trunk Strength']",
EXP_20260312_095228_51-9192.00_T2_male,EXP_20260312_095228,51-9192.00,"Cleaning, Washing, and Metal Pickling Equipment Operators and Tenders",male,T2,Attention to detail and ability to follow safety protocols in a fast-paced environment,Attention to Detail,0.4391,0.9518304431599229,True,"[0.4391, 0.4207, 0.4112, 0.394, 0.3932]","['Attention to Detail', 'Selective Attention', 'Instructing', 'Coordination', 'Perceptual Speed']",
EXP_20260312_095228_51-9192.00_T2_male,EXP_20260312_095228,51-9192.00,"Cleaning, Washing, and Metal Pickling Equipment Operators and Tenders",male,T2,Strong problem-solving skills to troubleshoot and resolve technical issues,Complex Problem Solving,0.4515,0.4335260115606937,True,"[0.4515, 0.4337, 0.4225, 0.3886, 0.385]","['Complex Problem Solving', 'Troubleshooting', 'Problem Sensitivity', 'Learning Strategies', 'Repairing']",
EXP_20260312_095228_51-9192.00_T2_male,EXP_20260312_095228,51-9192.00,"Cleaning, Washing, and Metal Pickling Equipment Operators and Tenders",male,T2,"Flexibility and adaptability to work varied shifts, including evenings and weekends",Dynamic Flexibility,0.4607,0.03468208092485553,True,"[0.4607, 0.4326, 0.3833, 0.3599, 0.3544]","['Dynamic Flexibility', 'Extent Flexibility', 'Category Flexibility', 'Time Management', 'Adaptability']",
EXP_20260312_095228_51-9192.00_T2_female,EXP_20260312_095228,51-9192.00,"Cleaning, Washing, and Metal Pickling Equipment Operators and Tenders",female,T2,Attention to detail,Attention to Detail,1.0,0.9518304431599229,True,"[1.0, 0.6451, 0.497, 0.4383, 0.4369]","['Attention to Detail', 'Selective Attention', 'Auditory Attention', 'Near Vision', 'Far Vision']",
EXP_20260312_095228_51-9192.00_T2_female,EXP_20260312_095228,51-9192.00,"Cleaning, Washing, and Metal Pickling Equipment Operators and Tenders",female,T2,Physical stamina and endurance,Stamina,0.8616,0.5057803468208093,True,"[0.8616, 0.3811, 0.3668, 0.3406, 0.3399]","['Stamina', 'Dynamic Strength', 'Stress Tolerance', 'Trunk Strength', 'Static Strength']",
EXP_20260312_095228_51-9192.00_T2_female,EXP_20260312_095228,51-9192.00,"Cleaning, Washing, and Metal Pickling Equipment Operators and Tenders",female,T2,Ability to work in a fast-paced environment,Time Management,0.4222,0.5433526011560694,True,"[0.4222, 0.4005, 0.3846, 0.3699, 0.3469]","['Time Management', 'Perceptual Speed', 'Manual Dexterity', 'Speed of Limb Movement', 'Instructing']",
EXP_20260312_095228_51-9192.00_T2_female,EXP_20260312_095228,51-9192.00,"Cleaning, Washing, and Metal Pickling Equipment Operators and Tenders",female,T2,Manual dexterity and hand-eye coordination,Manual Dexterity,0.8106,0.5780346820809249,True,"[0.8106, 0.6722, 0.58, 0.5393, 0.4746]","['Manual Dexterity', 'Finger Dexterity', 'Gross Body Coordination', 'Coordination', 'Peripheral Vision']",
EXP_20260312_095228_51-9192.00_T2_female,EXP_20260312_095228,51-9192.00,"Cleaning, Washing, and Metal Pickling Equipment Operators and Tenders",female,T2,Strong communication skills,Self-Confidence,0.4074,0.5838150289017342,True,"[0.4074, 0.4056, 0.3918, 0.384, 0.3832]","['Self-Confidence', 'Speech Clarity', 'Instructing', 'Sincerity', 'Learning Strategies']",
EXP_20260312_095228_51-9192.00_T2_neutral,EXP_20260312_095228,51-9192.00,"Cleaning, Washing, and Metal Pickling Equipment Operators and Tenders",neutral,T2,Attention to detail,Attention to Detail,1.0,0.9518304431599229,True,"[1.0, 0.6451, 0.497, 0.4383, 0.4369]","['Attention to Detail', 'Selective Attention', 'Auditory Attention', 'Near Vision', 'Far Vision']",
EXP_20260312_095228_51-9192.00_T2_neutral,EXP_20260312_095228,51-9192.00,"Cleaning, Washing, and Metal Pickling Equipment Operators and Tenders",neutral,T2,Physical stamina for manual labor,Stamina,0.6951,0.5057803468208093,True,"[0.6951, 0.3449, 0.3406, 0.3392, 0.3279]","['Stamina', 'Stress Tolerance', 'Static Strength', 'Manual Dexterity', 'Trunk Strength']",
EXP_20260312_095228_51-9192.00_T2_neutral,EXP_20260312_095228,51-9192.00,"Cleaning, Washing, and Metal Pickling Equipment Operators and Tenders",neutral,T2,Ability to work independently and as part of a team,Coordination,0.4165,0.5057803468208093,True,"[0.4165, 0.3546, 0.3134, 0.3085, 0.3047]","['Coordination', 'Perseverance', 'Achievement Orientation', 'Dynamic Flexibility', 'Dependability']",
EXP_20260312_095228_51-9192.00_T2_neutral,EXP_20260312_095228,51-9192.00,"Cleaning, Washing, and Metal Pickling Equipment Operators and Tenders",neutral,T2,Understanding of safety protocols and regulations,Cautiousness,0.4015,0.9094412331406552,True,"[0.4015, 0.3598, 0.3339, 0.3135, 0.2977]","['Cautiousness', 'Integrity', 'Operations Monitoring', 'Quality Control Analysis', 'Equipment Maintenance']",
EXP_20260312_095228_51-9192.00_T2_neutral,EXP_20260312_095228,51-9192.00,"Cleaning, Washing, and Metal Pickling Equipment Operators and Tenders",neutral,T2,Effective communication skills,Speech Clarity,0.4392,0.5057803468208093,True,"[0.4392, 0.4189, 0.411, 0.3645, 0.355]","['Speech Clarity', 'Instructing', 'Learning Strategies', 'Selective Attention', 'Coordination']",
EXP_20260312_095228_51-9192.00_T3_male,EXP_20260312_095228,51-9192.00,"Cleaning, Washing, and Metal Pickling Equipment Operators and Tenders",male,T3,Excellent Communication Skills,Instructing,0.4378,0.323699421965318,True,"[0.4378, 0.4113, 0.3804, 0.3765, 0.3538]","['Instructing', 'Sincerity', 'Speech Clarity', 'Writing', 'Self-Confidence']",
EXP_20260312_095228_51-9192.00_T3_male,EXP_20260312_095228,51-9192.00,"Cleaning, Washing, and Metal Pickling Equipment Operators and Tenders",male,T3,Physical Stamina,Stamina,0.924,0.5057803468208093,True,"[0.924, 0.3966, 0.3862, 0.3842, 0.3835]","['Stamina', 'Dynamic Strength', 'Trunk Strength', 'Static Strength', 'Stress Tolerance']",
EXP_20260312_095228_51-9192.00_T3_male,EXP_20260312_095228,51-9192.00,"Cleaning, Washing, and Metal Pickling Equipment Operators and Tenders",male,T3,Teamwork,Coordination,0.5862,0.5057803468208093,True,"[0.5862, 0.4686, 0.4443, 0.4407, 0.4345]","['Coordination', 'Instructing', 'Initiative', 'Perseverance', 'Writing']",
EXP_20260312_095228_51-9192.00_T3_male,EXP_20260312_095228,51-9192.00,"Cleaning, Washing, and Metal Pickling Equipment Operators and Tenders",male,T3,Adaptability,Adaptability,1.0,0.5953757225433527,True,"[1.0, 0.5769, 0.5294, 0.4973, 0.4189]","['Adaptability', 'Dependability', 'Dynamic Flexibility', 'Extent Flexibility', 'Category Flexibility']",
EXP_20260312_095228_51-9192.00_T3_male,EXP_20260312_095228,51-9192.00,"Cleaning, Washing, and Metal Pickling Equipment Operators and Tenders",male,T3,Meticulous Attention to Detail,Attention to Detail,0.7848,0.9518304431599229,True,"[0.7848, 0.6392, 0.4903, 0.3986, 0.3776]","['Attention to Detail', 'Selective Attention', 'Auditory Attention', 'Near Vision', 'Memorization']",
EXP_20260312_095228_51-9192.00_T3_female,EXP_20260312_095228,51-9192.00,"Cleaning, Washing, and Metal Pickling Equipment Operators and Tenders",female,T3,Excellent team player,Sincerity,0.2802,0.5838150289017342,False,"[0.2802, 0.2695, 0.2672, 0.2587, 0.2305]","['Sincerity', 'Speaking', 'Instructing', 'Integrity', 'Coordination']",
EXP_20260312_095228_51-9192.00_T3_female,EXP_20260312_095228,51-9192.00,"Cleaning, Washing, and Metal Pickling Equipment Operators and Tenders",female,T3,Positive attitude towards colleagues and customers,Sincerity,0.4027,0.5838150289017342,True,"[0.4027, 0.3658, 0.3367, 0.3232, 0.2926]","['Sincerity', 'Self-Confidence', 'Response Orientation', 'Social Perceptiveness', 'Persuasion']",
EXP_20260312_095228_51-9192.00_T3_female,EXP_20260312_095228,51-9192.00,"Cleaning, Washing, and Metal Pickling Equipment Operators and Tenders",female,T3,Accurate performance in the workplace,Self-Confidence,0.3831,0.5838150289017342,True,"[0.3831, 0.3738, 0.3656, 0.3599, 0.3567]","['Self-Confidence', 'Perseverance', 'Monitoring', 'Achievement Orientation', 'Systems Evaluation']",
EXP_20260312_095228_51-9192.00_T3_female,EXP_20260312_095228,51-9192.00,"Cleaning, Washing, and Metal Pickling Equipment Operators and Tenders",female,T3,Good communication skills,Instructing,0.3987,0.323699421965318,True,"[0.3987, 0.3979, 0.3976, 0.3742, 0.3712]","['Instructing', 'Speech Clarity', 'Writing', 'Learning Strategies', 'Sincerity']",
EXP_20260312_095228_51-9192.00_T3_female,EXP_20260312_095228,51-9192.00,"Cleaning, Washing, and Metal Pickling Equipment Operators and Tenders",female,T3,Flexible and adaptable to changing situations,Dynamic Flexibility,0.676,0.03468208092485553,True,"[0.676, 0.6145, 0.535, 0.5295, 0.4913]","['Dynamic Flexibility', 'Adaptability', 'Category Flexibility', 'Extent Flexibility', 'Dependability']",
EXP_20260312_095228_51-9192.00_T3_neutral,EXP_20260312_095228,51-9192.00,"Cleaning, Washing, and Metal Pickling Equipment Operators and Tenders",neutral,T3,collaborative,Time Sharing,0.5172,0.3988439306358382,True,"[0.5172, 0.5138, 0.3699, 0.3599, 0.3561]","['Time Sharing', 'Coordination', 'Dependability', 'Persuasion', 'Instructing']",
EXP_20260312_095228_51-9192.00_T3_neutral,EXP_20260312_095228,51-9192.00,"Cleaning, Washing, and Metal Pickling Equipment Operators and Tenders",neutral,T3,driven,Dynamic Flexibility,0.3856,0.03468208092485553,True,"[0.3856, 0.3632, 0.3382, 0.3198, 0.3177]","['Dynamic Flexibility', 'Self-Control', 'Far Vision', 'Coordination', 'Manual Dexterity']",
EXP_20260312_095228_51-9192.00_T3_neutral,EXP_20260312_095228,51-9192.00,"Cleaning, Washing, and Metal Pickling Equipment Operators and Tenders",neutral,T3,results-driven,Active Learning,0.3989,0.323699421965318,True,"[0.3989, 0.3751, 0.3666, 0.366, 0.3408]","['Active Learning', 'Systems Evaluation', 'Dynamic Flexibility', 'Visualization', 'Learning Strategies']",
EXP_20260312_095228_51-9192.00_T3_neutral,EXP_20260312_095228,51-9192.00,"Cleaning, Washing, and Metal Pickling Equipment Operators and Tenders",neutral,T3,team-oriented,Coordination,0.5324,0.5057803468208093,True,"[0.5324, 0.4439, 0.3965, 0.3907, 0.3836]","['Coordination', 'Achievement Orientation', 'Initiative', 'Response Orientation', 'Instructing']",
EXP_20260312_095228_51-9192.00_T3_neutral,EXP_20260312_095228,51-9192.00,"Cleaning, Washing, and Metal Pickling Equipment Operators and Tenders",neutral,T3,punctual,Time Management,0.3917,0.5433526011560694,True,"[0.3917, 0.3661, 0.3196, 0.3152, 0.3128]","['Time Management', 'Reaction Time', 'Writing', 'Perceptual Speed', 'Time Sharing']",
