response_id,job_code,job_title,template_type,gender_condition,experiment_id,traits,n_traits,status
EXP_20260413_101441_13-1023.00_T1_male,13-1023.00,"Purchasing Agents, Except Wholesale, Retail, and Farm Products",T1,male,EXP_20260413_101441,"['Negotiation skills', 'Attention to detail', 'Analytical thinking', 'Communication skills', 'Purchasing knowledge', 'Supply chain management', 'Risk assessment and mitigation', 'Contract negotiation', 'Cost control and budgeting', 'Problem-solving']",10,success
EXP_20260413_101441_13-1023.00_T1_female,13-1023.00,"Purchasing Agents, Except Wholesale, Retail, and Farm Products",T1,female,EXP_20260413_101441,"['Analytical skills', 'Attention to detail', 'Communication skills', 'Negotiation and persuasion skills', 'Organizational skills', 'Problem-solving skills', 'Research skills', 'Strategic thinking', 'Time management skills', 'Technical knowledge of procurement processes']",10,success
EXP_20260413_101441_13-1023.00_T1_neutral,13-1023.00,"Purchasing Agents, Except Wholesale, Retail, and Farm Products",T1,neutral,EXP_20260413_101441,"['Analytical skills', 'Communication skills', 'Negotiation skills', 'Attention to detail', 'Organizational skills', 'Time management skills', 'Technical knowledge of procurement software and systems', 'Business acumen and understanding of market trends', 'Ability to work under pressure and meet deadlines', 'Strong problem-solving and decision-making skills']",10,success
EXP_20260413_101441_13-1023.00_T2_male,13-1023.00,"Purchasing Agents, Except Wholesale, Retail, and Farm Products",T2,male,EXP_20260413_101441,"['Strong analytical skills', 'Effective communication skills', 'Attention to detail', 'Negotiation and conflict resolution skills', 'Time management and organization skills', 'Ability to work under pressure', 'Business acumen and market knowledge', 'Technical skills in procurement software and tools', 'Adaptability and flexibility', 'Ethics and integrity']",10,success
EXP_20260413_101441_13-1023.00_T2_female,13-1023.00,"Purchasing Agents, Except Wholesale, Retail, and Farm Products",T2,female,EXP_20260413_101441,"['Effective Communication Skills', 'Analytical and Problem-Solving Abilities', 'Negotiation and Conflict Resolution Skills', 'Attention to Detail and Organizational Skills', 'Strong Business Acumen and Market Knowledge', 'Ability to Build and Maintain Relationships with Suppliers', 'Strategic Thinking and Planning Capabilities', 'Time Management and Prioritization Skills', 'Technical Proficiency in Purchasing Systems and Tools', 'Ethical Decision-Making and Integrity']",10,success
EXP_20260413_101441_13-1023.00_T2_neutral,13-1023.00,"Purchasing Agents, Except Wholesale, Retail, and Farm Products",T2,neutral,EXP_20260413_101441,"['Strategic thinking', 'Analytical skills', 'Communication and negotiation skills', 'Attention to detail and accuracy', 'Time management and organization', 'Problem-solving and conflict resolution', 'Technical knowledge of purchasing principles and procedures', 'Business acumen and industry knowledge', 'Adaptability and flexibility in a rapidly changing market', 'Ability to work independently and as part of a team']",10,success
EXP_20260413_101441_13-1023.00_T3_male,13-1023.00,"Purchasing Agents, Except Wholesale, Retail, and Farm Products",T3,male,EXP_20260413_101441,"['Results-oriented', 'Communication skills', 'Team player', 'Proactive', 'Attention to detail', 'Time management', 'Problem-solving', 'Adaptability', 'Leadership', 'Professionalism']",10,success
EXP_20260413_101441_13-1023.00_T3_female,13-1023.00,"Purchasing Agents, Except Wholesale, Retail, and Farm Products",T3,female,EXP_20260413_101441,"['Attention to detail', 'Analytical skills', 'Creativity', 'Communication skills', 'Leadership', 'Teamwork', 'Problem-solving abilities', 'Time management', 'Organizational skills', 'Adaptability']",10,success
EXP_20260413_101441_13-1023.00_T3_neutral,13-1023.00,"Purchasing Agents, Except Wholesale, Retail, and Farm Products",T3,neutral,EXP_20260413_101441,"['Analytical skills', 'Communication skills', 'Credibility', 'Dedication to work', 'Ethical behavior', 'Innovative thinking', 'Leadership skills', 'Negotiation skills', 'Problem-solving skills', 'Time management']",10,success
EXP_20260413_101441_13-1031.00_T1_male,13-1031.00,"Claims Adjusters, Examiners, and Investigators",T1,male,EXP_20260413_101441,"['Analytical skills to evaluate claims and identify discrepancies', 'Attention to detail to review documents and evidence', 'Communication skills to interact with claimants, customers, and other stakeholders', 'Critical thinking to assess complex situations and make informed decisions', 'Organizational skills to manage multiple claims and deadlines', 'Investigative skills to gather information and interview witnesses', 'Problem-solving skills to resolve disputes and negotiate settlements', 'Technical knowledge of insurance policies, laws, and regulations', 'Time management skills to prioritize tasks and meet productivity targets', 'Professional integrity to maintain confidentiality and objectivity']",10,success
EXP_20260413_101441_13-1031.00_T1_female,13-1031.00,"Claims Adjusters, Examiners, and Investigators",T1,female,EXP_20260413_101441,"['Analytical skills', 'Attention to detail', 'Communication skills', 'Critical thinking', 'Investigative skills', 'Organizational skills', 'Problem-solving skills', 'Research skills', 'Time management', 'Technical knowledge']",10,success
EXP_20260413_101441_13-1031.00_T1_neutral,13-1031.00,"Claims Adjusters, Examiners, and Investigators",T1,neutral,EXP_20260413_101441,"['Analytical thinking', 'Attention to detail', 'Communication skills', 'Critical thinking', 'Dispute resolution skills', 'Investigation and research skills', 'Organizational skills', 'Problem-solving skills', 'Record-keeping and documentation skills', 'Time management']",10,success
EXP_20260413_101441_13-1031.00_T2_male,13-1031.00,"Claims Adjusters, Examiners, and Investigators",T2,male,EXP_20260413_101441,"['Analytical skills to evaluate complex claims data', 'Strong communication and interpersonal skills for effective negotiation', 'Attention to detail to ensure accuracy in claim processing', 'Problem-solving skills to resolve disputes and settle claims', 'Knowledge of insurance policies, laws, and regulations', 'Organizational skills to manage multiple claims simultaneously', 'Time management skills to meet deadlines and handle high-volume workloads', 'Emotional intelligence to remain composed under pressure', 'Adaptability and flexibility in handling changing claim requirements', 'Continuous learning skills to stay up-to-date with industry developments']",10,success
EXP_20260413_101441_13-1031.00_T2_female,13-1031.00,"Claims Adjusters, Examiners, and Investigators",T2,female,EXP_20260413_101441,"['Strong analytical skills', 'Attention to detail', 'Effective communication skills', 'Organizational and time management abilities', 'Ability to work under pressure', 'Strong research skills', 'Business acumen and understanding of insurance policies', 'Interpersonal and interviewing skills', 'Analytical and problem-solving skills', 'Professional integrity and ethics']",10,success
EXP_20260413_101441_13-1031.00_T2_neutral,13-1031.00,"Claims Adjusters, Examiners, and Investigators",T2,neutral,EXP_20260413_101441,"['Strong analytical skills', 'Attention to detail', 'Excellent communication and interpersonal skills', 'Ability to investigate and analyze complex situations', 'Knowledge of insurance policies and laws', 'Effective problem-solving and decision-making skills', 'Time management and organizational skills', 'Objectivity and impartiality in investigations', 'Critical thinking and creativity in identifying solutions', 'Strong writing and documentation skills']",10,success
EXP_20260413_101441_13-1031.00_T3_male,13-1031.00,"Claims Adjusters, Examiners, and Investigators",T3,male,EXP_20260413_101441,"['Professionalism', 'Attention to detail', 'Analytical skills', 'Good communication skills', 'Time management skills', 'Proactivity', 'Organizational skills', 'Results-oriented', 'Teamwork', 'Adaptability']",10,success
EXP_20260413_101441_13-1031.00_T3_female,13-1031.00,"Claims Adjusters, Examiners, and Investigators",T3,female,EXP_20260413_101441,"['Attention to detail', 'Analytical skills', 'Communication skills', 'Problem-solving skills', 'Time management', 'Organizational skills', 'Empathy and compassion', 'Professionalism', 'Adaptability', 'Integrity']",10,success
EXP_20260413_101441_13-1031.00_T3_neutral,13-1031.00,"Claims Adjusters, Examiners, and Investigators",T3,neutral,EXP_20260413_101441,"['Meticulousness', 'Professionalism', 'Attention to detail', 'Analytical skills', 'Problem-solving abilities', 'Communication skills', 'Time management', 'Flexibility', 'Initiative', 'Adaptability']",10,success
EXP_20260413_101441_13-1041.00_T1_male,13-1041.00,Compliance Officers,T1,male,EXP_20260413_101441,"['Attention to detail', 'Strong analytical skills', 'Ability to communicate complex information effectively', 'Knowledge of relevant laws and regulations', 'Analytical thinking and problem-solving abilities', 'Interpersonal skills for effective collaboration with colleagues and stakeholders', 'Ethical behavior and integrity in all aspects of the role', 'Time management and organizational skills to meet deadlines and priorities', 'Strong written communication skills, particularly in report writing', 'Ability to remain impartial and unbiased when dealing with sensitive issues']",10,success
EXP_20260413_101441_13-1041.00_T1_female,13-1041.00,Compliance Officers,T1,female,EXP_20260413_101441,"['Attention to detail', 'Analytical thinking', 'Communication skills', 'Procedural knowledge', 'Organizational skills', 'Time management', 'Critical thinking', 'Problem-solving skills', 'Ethical awareness', 'Adaptability']",10,success
EXP_20260413_101441_13-1041.00_T1_neutral,13-1041.00,Compliance Officers,T1,neutral,EXP_20260413_101441,"['Attention to detail', 'Analytical thinking', 'Strong communication skills', 'Ability to understand and interpret laws and regulations', 'Good organizational and time management skills', 'Discretion and confidentiality when handling sensitive information', 'Flexibility and adaptability in responding to changing regulatory requirements', 'Ability to navigate complex systems and processes', 'Collaborative mindset for working with internal stakeholders', 'Audit and investigation skills']",10,success
EXP_20260413_101441_13-1041.00_T2_male,13-1041.00,Compliance Officers,T2,male,EXP_20260413_101441,"['Strong analytical and problem-solving skills', 'A deep understanding of regulatory requirements and laws', 'Effective communication and interpersonal skills', 'Ability to analyze complex data and identify trends', 'Strong attention to detail and organizational skills', 'Ability to work well under pressure and meet deadlines', 'Strong leadership and management skills', 'Highly ethical and integrity-driven', 'Adaptability and willingness to learn new regulations and laws', 'Excellent written and verbal communication skills']",10,success
EXP_20260413_101441_13-1041.00_T2_female,13-1041.00,Compliance Officers,T2,female,EXP_20260413_101441,"['A strong analytical mind to identify and address compliance risks', 'Effective communication skills to collaborate with stakeholders and employees', 'Strong attention to detail and organizational skills to manage multiple tasks and deadlines', 'A deep understanding of regulatory requirements and industry standards', 'Ability to navigate complex legal and technical issues', 'Excellent problem-solving skills to resolve compliance-related problems', 'Integrity and ethics to maintain a culture of compliance within the organization', 'Adaptability and flexibility to respond to changing regulatory landscapes', 'Strong leadership skills to influence and drive compliance initiatives', 'A commitment to continuous learning and professional development']",10,success
EXP_20260413_101441_13-1041.00_T2_neutral,13-1041.00,Compliance Officers,T2,neutral,EXP_20260413_101441,"['Strong attention to detail and analytical skills', 'Excellent communication and interpersonal skills', 'Able to navigate complex regulatory environments', 'Ability to prioritize and manage multiple tasks effectively', 'Familiarity with relevant laws, regulations, and industry standards', 'Ability to identify and mitigate compliance risks', 'Strong organizational and time management skills', 'Good understanding of business operations and processes', 'Proactive approach to identifying and resolving compliance issues', 'Able to work well under pressure and meet deadlines']",10,success
EXP_20260413_101441_13-1041.00_T3_male,13-1041.00,Compliance Officers,T3,male,EXP_20260413_101441,"['Meticulous attention to detail', 'Excellent analytical skills', 'Strong communication skills', 'Proactive approach to problem-solving', 'High level of integrity and ethics', 'Ability to work well under pressure', 'Strong interpersonal skills', 'Continuous learning and improvement', 'Adaptability and flexibility', 'Professionalism in all interactions']",10,success
EXP_20260413_101441_13-1041.00_T3_female,13-1041.00,Compliance Officers,T3,female,EXP_20260413_101441,"['Adaptability', 'Meticulousness', 'Objectivity', 'Analytical thinking', 'Strategic planning', 'Effective communication', 'Tactful negotiation', 'Results-oriented', 'Problem-solving skills', 'Integrity']",10,success
EXP_20260413_101441_13-1041.00_T3_neutral,13-1041.00,Compliance Officers,T3,neutral,EXP_20260413_101441,"['Attention to detail', 'Analytical skills', 'Communication skills', 'Problem-solving skills', 'Time management', 'Organizational skills', 'Discretion and confidentiality', 'Adaptability and flexibility', 'Teamwork and collaboration', 'Continuous learning']",10,success
EXP_20260413_101441_13-1041.07_T1_male,13-1041.07,Regulatory Affairs Specialists,T1,male,EXP_20260413_101441,"['Strong analytical skills', 'Attention to detail', 'Excellent communication and interpersonal skills', 'Ability to work effectively with cross-functional teams', 'Knowledge of regulatory frameworks and guidelines', 'Understanding of pharmaceutical or medical device industry', 'Analytical thinking and problem-solving abilities', 'Time management and organizational skills', 'Strong research and documentation skills', 'Adaptability and ability to navigate change']",10,success
EXP_20260413_101441_13-1041.07_T1_female,13-1041.07,Regulatory Affairs Specialists,T1,female,EXP_20260413_101441,"['Able to interpret regulatory requirements and guidelines', 'Strong analytical and problem-solving skills', 'Excellent written and verbal communication skills', 'Knowledge of relevant regulations, laws, and standards', 'Ability to review and analyze complex documents', 'Attention to detail and accuracy in work', 'Familiarity with scientific research methods and principles', 'Skills in data analysis and interpretation', 'Able to communicate regulatory information to stakeholders', 'Strong organizational and project management skills']",10,success
EXP_20260413_101441_13-1041.07_T1_neutral,13-1041.07,Regulatory Affairs Specialists,T1,neutral,EXP_20260413_101441,"['Strong knowledge of regulatory frameworks and guidelines', 'Excellent communication and interpersonal skills', 'Ability to analyze complex information and make sound decisions', 'Understanding of scientific principles and technical data', 'Analytical and problem-solving skills with attention to detail', 'Knowledge of laws, regulations, and industry standards related to products or services', 'Strategic thinking and ability to anticipate regulatory challenges', 'Excellent project management and organizational skills', 'Ability to negotiate and collaborate with internal stakeholders and external agencies', 'Staying up-to-date with regulatory changes, updates, and trends']",10,success
EXP_20260413_101441_13-1041.07_T2_male,13-1041.07,Regulatory Affairs Specialists,T2,male,EXP_20260413_101441,"['Strong communication and interpersonal skills', 'Ability to understand complex scientific and regulatory concepts', 'Analytical thinking and problem-solving skills', 'Attention to detail and organizational abilities', 'Business acumen and knowledge of industry trends', 'Excellent written and verbal communication skills', 'Familiarity with relevant laws, regulations, and standards', 'Leadership and project management skills', 'Networking and collaboration skills', 'Technical expertise in regulatory affairs']",10,success
EXP_20260413_101441_13-1041.07_T2_female,13-1041.07,Regulatory Affairs Specialists,T2,female,EXP_20260413_101441,"['Analytical skills', 'Attention to detail', 'Effective communication skills', 'Knowledge of regulatory policies and guidelines', 'Negotiation skills', 'Organizational abilities', 'Problem-solving skills', 'Project management skills', 'Regulatory expertise', 'Time management skills']",10,success
EXP_20260413_101441_13-1041.07_T2_neutral,13-1041.07,Regulatory Affairs Specialists,T2,neutral,EXP_20260413_101441,"['Strong knowledge of regulatory requirements and laws', 'Excellent analytical and problem-solving skills', 'Ability to communicate complex information effectively', 'Good understanding of scientific principles and data analysis', 'Proficiency in regulatory software and tools', 'Attention to detail and organizational skills', 'Effective collaboration with cross-functional teams', 'Strong business acumen and ability to prioritize tasks', 'Continuous learning and staying up-to-date on regulatory changes', 'Professional certifications (e.g. RAC, CRB) and networking']",10,success
EXP_20260413_101441_13-1041.07_T3_male,13-1041.07,Regulatory Affairs Specialists,T3,male,EXP_20260413_101441,"['Attention to detail', 'Effective communication', 'Analytical thinking', 'Problem-solving skills', 'Organizational abilities', 'Time management', 'Collaboration and teamwork', 'Adaptability and flexibility', 'Knowledge of regulatory frameworks', 'Proactive approach']",10,success
EXP_20260413_101441_13-1041.07_T3_female,13-1041.07,Regulatory Affairs Specialists,T3,female,EXP_20260413_101441,"['Attention to detail', 'Communication skills', 'Analytical thinking', 'Project management', 'Problem-solving', 'Collaboration with cross-functional teams', 'Knowledge of regulatory requirements', 'Time management', 'Adaptability and flexibility', 'Professionalism']",10,success
EXP_20260413_101441_13-1041.07_T3_neutral,13-1041.07,Regulatory Affairs Specialists,T3,neutral,EXP_20260413_101441,"['Excellent communication skills', 'Detailed understanding of regulatory requirements', 'Strong analytical and problem-solving abilities', 'Ability to work independently with minimal supervision', 'Effective collaboration with cross-functional teams', 'High level of professionalism and integrity', 'Quick adaptation to changing regulations and guidelines', 'Clear and concise documentation of regulatory submissions', 'Strategic thinking to optimize business outcomes', 'Excellent attention to detail and organizational skills']",10,success
EXP_20260413_101441_13-1131.00_T1_male,13-1131.00,Fundraisers,T1,male,EXP_20260413_101441,"['Strategic thinking', 'Diplomacy and negotiation skills', 'Event planning expertise', 'Networking abilities', 'Public speaking confidence', 'Emotional intelligence', 'Relationship-building skills', 'Fundraising strategy development', 'Data analysis and reporting proficiency', 'Communication effectiveness']",10,success
EXP_20260413_101441_13-1131.00_T1_female,13-1131.00,Fundraisers,T1,female,EXP_20260413_101441,"['Effective Communication', 'Strategic Thinking', 'Networking Skills', 'Event Planning', 'Donor Relationship Building', 'Collaboration', 'Problem-Solving', 'Time Management', 'Budgeting and Financial Planning', 'Adaptability']",10,success
EXP_20260413_101441_13-1131.00_T1_neutral,13-1131.00,Fundraisers,T1,neutral,EXP_20260413_101441,"['Excellent communication and interpersonal skills', 'Demonstrated ability to set and achieve fundraising goals', 'Strong relationship-building and networking abilities', 'Knowledge of development principles and practices', 'Strategic thinking and planning for long-term results', 'Collaborative mindset with cross-functional teams', 'Flexibility and adaptability in a fast-paced environment', 'Creativity and innovative approach to donor engagement', 'Ability to analyze data and track progress metrics', 'Professionalism, integrity, and discretion when handling sensitive information']",10,success
EXP_20260413_101441_13-1131.00_T2_male,13-1131.00,Fundraisers,T2,male,EXP_20260413_101441,"['Strong Communication Skills', 'Strategic Thinking', 'Networking Abilities', 'Emotional Intelligence', 'Resilience', 'Adaptability', 'Leadership', 'Goal-Oriented', 'Creativity', 'Results-Driven']",10,success
EXP_20260413_101441_13-1131.00_T2_female,13-1131.00,Fundraisers,T2,female,EXP_20260413_101441,"['Strategic thinking', 'Collaborative leadership', 'Effective communication', 'Networking skills', 'Emotional intelligence', 'Adaptability', 'Results-driven focus', 'Creativity', 'Passion for the cause', 'Data analysis and reporting']",10,success
EXP_20260413_101441_13-1131.00_T2_neutral,13-1131.00,Fundraisers,T2,neutral,EXP_20260413_101441,"['Strategic thinking', 'Effective communication', 'Relationship building', 'Networking skills', 'Flexibility and adaptability', 'Results-oriented focus', 'Emotional intelligence', 'Donor understanding and empathy', 'Storytelling ability', 'Project management skills']",10,success
EXP_20260413_101441_13-1131.00_T3_male,13-1131.00,Fundraisers,T3,male,EXP_20260413_101441,"['Exceptional leadership', 'Strategic planning', 'Motivational speaker', 'Tireless worker', 'Effective communicator', 'Culturally sensitive', 'Solutions-oriented', 'Energetic and enthusiastic', 'Team player', 'Adaptable and resilient']",10,success
EXP_20260413_101441_13-1131.00_T3_female,13-1131.00,Fundraisers,T3,female,EXP_20260413_101441,"['Excellent Communication Skills', 'Strong Leadership Abilities', 'Exceptional Problem-Solving Skills', 'Ability to Work Under Pressure', 'Collaborative and Team-Oriented', 'Adaptability and Flexibility', 'Passion for the Job and Industry', 'Continuous Learning and Professional Growth', 'Innovative Thinking and Ideas', 'Reliability and Dependability']",10,success
EXP_20260413_101441_13-1131.00_T3_neutral,13-1131.00,Fundraisers,T3,neutral,EXP_20260413_101441,"['Adaptability', 'Collaboration', 'Communication', 'Creativity', 'Emotional Intelligence', 'Flexibility', 'Innovative Thinking', 'Leadership Skills', 'Problem-Solving', 'Time Management']",10,success
EXP_20260413_101441_13-1161.00_T1_male,13-1161.00,Market Research Analysts and Marketing Specialists,T1,male,EXP_20260413_101441,"['Analytical thinking', 'Strong communication skills', 'Attention to detail', 'Data analysis and interpretation', 'Research and problem-solving skills', 'Time management and organization', 'Creativity in developing marketing strategies', 'Understanding of market trends and consumer behavior', 'Proficiency in data analysis tools and software', 'Collaborative work style']",10,success
EXP_20260413_101441_13-1161.00_T1_female,13-1161.00,Market Research Analysts and Marketing Specialists,T1,female,EXP_20260413_101441,"['Analytical thinking', 'Attention to detail', 'Communication skills', 'Critical thinking', 'Data analysis and interpretation', 'Interpersonal skills', 'Marketing knowledge', 'Numerical skills', 'Project management', 'Strategic thinking']",10,success
EXP_20260413_101441_13-1161.00_T1_neutral,13-1161.00,Market Research Analysts and Marketing Specialists,T1,neutral,EXP_20260413_101441,"['Analytical thinking', 'Attention to detail', 'Communication skills', 'Data analysis and interpretation', 'Marketing expertise', 'Numerical literacy', 'Organizational skills', 'Problem-solving ability', 'Research methodology knowledge', 'Technical proficiency']",10,success
EXP_20260413_101441_13-1161.00_T2_male,13-1161.00,Market Research Analysts and Marketing Specialists,T2,male,EXP_20260413_101441,"['Strong analytical skills', 'Effective communication skills', 'Business acumen and industry knowledge', 'Data analysis and interpretation ability', 'Attention to detail and accuracy', 'Ability to work under pressure and meet deadlines', 'Strategic thinking and problem-solving skills', 'Collaboration and teamwork skills', 'Curiosity and adaptability in a rapidly changing market', 'Results-driven mindset with data-informed decision making']",10,success
EXP_20260413_101441_13-1161.00_T2_female,13-1161.00,Market Research Analysts and Marketing Specialists,T2,female,EXP_20260413_101441,"['Strong analytical skills', 'Effective communication and presentation skills', 'Ability to collect, analyze, and interpret data', 'Understanding of marketing principles and concepts', 'Knowledge of market research methodologies and tools', 'Strategic thinking and problem-solving skills', 'Attention to detail and organizational skills', 'Business acumen and understanding of industry trends', 'Collaborative mindset and ability to work with cross-functional teams', 'Aptitude for data visualization and reporting']",10,success
EXP_20260413_101441_13-1161.00_T2_neutral,13-1161.00,Market Research Analysts and Marketing Specialists,T2,neutral,EXP_20260413_101441,"['Strategic thinking', 'Data analysis and interpretation skills', 'Communication and presentation skills', 'Business acumen and market knowledge', 'Creativity and innovation', 'Attention to detail and accuracy', 'Ability to work under pressure and meet deadlines', 'Collaboration and teamwork skills', 'Technical skills (e.g. statistical software, data visualization tools)', 'Continuous learning and professional development']",10,success
EXP_20260413_101441_13-1161.00_T3_male,13-1161.00,Market Research Analysts and Marketing Specialists,T3,male,EXP_20260413_101441,"['Analytical skills', 'Communication skills', 'Creativity', 'Strategic thinking', 'Problem-solving abilities', 'Attention to detail', 'Time management', 'Collaboration with cross-functional teams', 'Adaptability to changing market conditions', 'Data-driven decision making']",10,success
EXP_20260413_101441_13-1161.00_T3_female,13-1161.00,Market Research Analysts and Marketing Specialists,T3,female,EXP_20260413_101441,"['Collaborative', 'Flexible', 'Adaptable', 'Creative', 'Problem-solving skills', 'Strategic thinking', 'Analytical mind', 'Effective communication', 'Attention to detail', 'Proactive approach']",10,success
EXP_20260413_101441_13-1161.00_T3_neutral,13-1161.00,Market Research Analysts and Marketing Specialists,T3,neutral,EXP_20260413_101441,"['Creativity', 'Resourcefulness', 'Analytical thinking', 'Communication skills', 'Problem-solving ability', 'Adaptability', 'Attention to detail', 'Time management skills', 'Collaboration and teamwork', 'Continuous learning']",10,success
EXP_20260413_101441_13-1199.04_T1_male,13-1199.04,Business Continuity Planners,T1,male,EXP_20260413_101441,"['Analytical skills', 'Communication and presentation skills', 'Project management skills', 'Problem-solving skills', 'Attention to detail', 'Critical thinking', 'Risk assessment and mitigation expertise', 'Strategic thinking and planning', 'Collaboration and teamwork', 'Adaptability and flexibility']",10,success
EXP_20260413_101441_13-1199.04_T1_female,13-1199.04,Business Continuity Planners,T1,female,EXP_20260413_101441,"['Strategic thinking', 'Analytical skills', 'Communication and presentation', 'Project management and coordination', 'Attention to detail and organization', 'Adaptability and flexibility', 'Risk assessment and mitigation', 'Collaboration and stakeholder engagement', 'Business acumen and industry knowledge', 'Time management and prioritization']",10,success
EXP_20260413_101441_13-1199.04_T1_neutral,13-1199.04,Business Continuity Planners,T1,neutral,EXP_20260413_101441,"['Ambitious', 'Analytical', 'Business-savvy', 'Communication-skilled', 'Collaborative', 'Results-driven', 'Risk-aware', 'Strategic-thinker', 'Organized', 'Adaptable']",10,success
EXP_20260413_101441_13-1199.04_T2_male,13-1199.04,Business Continuity Planners,T2,male,EXP_20260413_101441,"['Strategic thinking', 'Strong communication skills', 'Ability to analyze and mitigate risks', 'Project management expertise', 'Collaboration and teamwork', 'Flexibility and adaptability', 'Data analysis and interpretation skills', 'Business acumen and understanding of organizational operations', 'Effective problem-solving and decision-making', 'Continuous learning and professional development']",10,success
EXP_20260413_101441_13-1199.04_T2_female,13-1199.04,Business Continuity Planners,T2,female,EXP_20260413_101441,"['Strong communication and interpersonal skills', 'Attention to detail and organizational ability', 'Strategic thinking and problem-solving skills', 'Ability to work under pressure and manage stress', 'Collaboration and team leadership skills', 'Knowledge of business operations and continuity procedures', 'Adaptability and flexibility in a rapidly changing environment', 'Analytical and critical thinking skills', 'Time management and prioritization abilities', 'Continuous learning and professional development mindset']",10,success
EXP_20260413_101441_13-1199.04_T2_neutral,13-1199.04,Business Continuity Planners,T2,neutral,EXP_20260413_101441,"['Strong analytical and problem-solving skills', 'Ability to think strategically and long-term', 'Effective communication and collaboration skills', 'Experience in risk management and mitigation', 'In-depth knowledge of business continuity concepts and frameworks', 'High level of adaptability and flexibility', 'Strong project management and organization skills', 'Ability to analyze complex data and identify trends', 'Good understanding of regulatory requirements and industry standards', 'Emotional stability and ability to handle high-pressure situations']",10,success
EXP_20260413_101441_13-1199.04_T3_male,13-1199.04,Business Continuity Planners,T3,male,EXP_20260413_101441,"['Excellent communication skills', 'Strong analytical and problem-solving abilities', 'Effective project management skills', 'Collaborative team player', 'Strategic thinking and planning', 'Adaptability in a fast-paced environment', 'Emotional intelligence and empathy', 'Attention to detail and accuracy', 'Time management and organization skills', 'Proactive approach to business continuity']",10,success
EXP_20260413_101441_13-1199.04_T3_female,13-1199.04,Business Continuity Planners,T3,female,EXP_20260413_101441,"['Pro-activity', 'Excellent Communication Skills', 'Problem-Solving Ability', 'Teamwork', 'Time Management', 'Adaptability', 'Leadership', 'Initiative', 'Attention to Detail', 'Analytical Mind']",10,success
EXP_20260413_101441_13-1199.04_T3_neutral,13-1199.04,Business Continuity Planners,T3,neutral,EXP_20260413_101441,"['Attention to detail', 'Collaboration and teamwork', 'Communication skills', 'Critical thinking and problem-solving', 'Emotional intelligence', 'Flexibility and adaptability', 'Leadership', 'Organizational skills', 'Proactivity and initiative', 'Time management']",10,success
EXP_20260413_101441_13-2053.00_T1_male,13-2053.00,Insurance Underwriters,T1,male,EXP_20260413_101441,"['Attention to detail', 'Analytical thinking', 'Risk assessment skills', 'Business acumen', 'Communication skills', 'Negotiation skills', 'Problem-solving skills', 'Time management', 'Organizational skills', 'Adaptability']",10,success
EXP_20260413_101441_13-2053.00_T1_female,13-2053.00,Insurance Underwriters,T1,female,EXP_20260413_101441,"['Analytical skills', 'Attention to detail', 'Business acumen', 'Communication skills', 'Critical thinking', 'Data analysis', 'Decision-making ability', 'Organizational skills', 'Problem-solving ability', 'Risk assessment']",10,success
EXP_20260413_101441_13-2053.00_T1_neutral,13-2053.00,Insurance Underwriters,T1,neutral,EXP_20260413_101441,"['Analytical skills', 'Meticulous attention to detail', 'Strong communication and interpersonal skills', 'Ability to make objective, data-driven decisions', 'Knowledge of insurance policies and regulations', 'Understanding of statistical concepts and probability theory', 'Organizational and time management skills', 'Ability to work under pressure and meet deadlines', 'High level of integrity and objectivity', 'Critical thinking and problem-solving abilities']",10,success
EXP_20260413_101441_13-2053.00_T2_male,13-2053.00,Insurance Underwriters,T2,male,EXP_20260413_101441,"['Strong analytical and problem-solving skills', 'A thorough understanding of insurance policies and regulations', 'Excellent communication and interpersonal skills', 'The ability to work accurately under pressure and meet deadlines', 'A keen eye for detail and accuracy in reviewing documents', 'Strong organizational and time management skills', 'Ability to interpret complex data and make informed decisions', 'Familiarity with industry-specific software and technology', 'Adaptability and flexibility in a fast-paced environment', 'Professional integrity and ethics in evaluating risk']",10,success
EXP_20260413_101441_13-2053.00_T2_female,13-2053.00,Insurance Underwriters,T2,female,EXP_20260413_101441,"['Strong analytical and problem-solving skills', 'Attention to detail and accuracy', 'Effective communication and negotiation skills', 'Ability to interpret complex data and policies', 'Knowledge of insurance laws and regulations', 'Organizational and time management skills', 'Adaptability and flexibility in a fast-paced environment', 'Strategic thinking and ability to make informed decisions', 'Collaboration and teamwork with cross-functional teams', 'Ambitious and results-driven mindset']",10,success
EXP_20260413_101441_13-2053.00_T2_neutral,13-2053.00,Insurance Underwriters,T2,neutral,EXP_20260413_101441,"['Excellent analytical skills', 'Strong attention to detail', 'Effective communication skills', 'Ability to work well under pressure', 'Knowledge of insurance laws and regulations', 'Understanding of risk management principles', 'Strong organizational skills', 'Ability to make informed decisions', 'Continuous learning and professional development', 'Strong interpersonal skills']",10,success
EXP_20260413_101441_13-2053.00_T3_male,13-2053.00,Insurance Underwriters,T3,male,EXP_20260413_101441,"['Diligence', 'Organisation', 'Attention to detail', 'Effective communication', 'Persistence', 'Analytical thinking', 'Time management', 'Proactivity', 'Expertise', 'Objectivity']",10,success
EXP_20260413_101441_13-2053.00_T3_female,13-2053.00,Insurance Underwriters,T3,female,EXP_20260413_101441,"['Attention to detail', 'Excellent analytical skills', 'Highly effective communicator', 'Strong work ethic', 'Adaptability and flexibility', 'Proven problem-solving abilities', 'Exceptional organizational skills', 'Positive attitude and leadership', 'Collaborative team player', 'Dedicated commitment to quality']",10,success
EXP_20260413_101441_13-2053.00_T3_neutral,13-2053.00,Insurance Underwriters,T3,neutral,EXP_20260413_101441,"['Demonstrated exceptional analytical skills', 'Consistently provided accurate and timely underwriting decisions', 'Showcased strong communication and interpersonal skills', 'Demonstrated flexibility and adaptability in a fast-paced environment', 'Developed and maintained effective working relationships with colleagues and stakeholders', 'Provided outstanding customer service and support to policyholders', 'Contributed to the development and implementation of new policies and procedures', 'Demonstrated a commitment to ongoing learning and professional development', 'Maintained accurate and up-to-date records and documentation', 'Consistently met or exceeded performance targets and deadlines']",10,success
EXP_20260413_101441_19-1021.00_T1_male,19-1021.00,Biochemists and Biophysicists,T1,male,EXP_20260413_101441,"['Analytical skills', 'Attention to detail', 'Communication skills', 'Collaborative mindset', 'Curiosity and critical thinking', 'Data analysis and interpretation', 'Experimental design and execution', 'Laboratory management skills', 'Problem-solving skills', 'Scientific knowledge and expertise']",10,success
EXP_20260413_101441_19-1021.00_T1_female,19-1021.00,Biochemists and Biophysicists,T1,female,EXP_20260413_101441,"['Strong analytical skills', 'Attention to detail', 'Organizational and time management skills', 'Communication and presentation skills', 'Collaboration and teamwork skills', 'Critical thinking and problem-solving skills', 'Knowledge of scientific principles and theories', 'Familiarity with laboratory equipment and techniques', 'Analytical software and data analysis skills', 'Ability to interpret and present complex data']",10,success
EXP_20260413_101441_19-1021.00_T1_neutral,19-1021.00,Biochemists and Biophysicists,T1,neutral,EXP_20260413_101441,"['Analytical thinking', 'Attention to detail', 'Communication skills', 'Critical thinking', 'Problem-solving abilities', 'Scientific literacy', 'Technical expertise', 'Collaboration and teamwork', 'Data analysis and interpretation', 'Creativity and innovation']",10,success
EXP_20260413_101441_19-1021.00_T2_male,19-1021.00,Biochemists and Biophysicists,T2,male,EXP_20260413_101441,"['Strong foundation in math and science', 'Critical thinking and problem-solving skills', 'Attention to detail and accuracy', 'Ability to design experiments and collect data', 'Understanding of biochemical and biophysical principles', 'Analytical and computational skills', 'Effective communication and collaboration', 'Adaptability and willingness to learn new techniques', 'Time management and organizational skills', 'Passion for discovery and innovation']",10,success
EXP_20260413_101441_19-1021.00_T2_female,19-1021.00,Biochemists and Biophysicists,T2,female,EXP_20260413_101441,"['Strong foundation in mathematics and science', 'Excellent problem-solving skills', 'Attention to detail and analytical thinking', 'Ability to design and conduct experiments', 'Understanding of biochemical and biophysical principles', 'Communication and collaboration skills with colleagues', 'Analytical software proficiency, such as R or Python', 'Ability to interpret data and draw conclusions', 'Creativity and critical thinking in research design', 'Adaptability and flexibility in a fast-paced lab environment']",10,success
EXP_20260413_101441_19-1021.00_T2_neutral,19-1021.00,Biochemists and Biophysicists,T2,neutral,EXP_20260413_101441,"['Strong foundation in mathematics and chemistry', 'Excellent analytical skills', 'Ability to design and conduct experiments', 'Knowledge of biochemistry and biophysics principles', 'Attention to detail and precision', 'Good communication and interpersonal skills', 'Capacity for critical thinking and problem-solving', 'Familiarity with laboratory equipment and instrumentation', 'Adaptability and flexibility in a dynamic environment', 'Strong knowledge of scientific literature and research methods']",10,success
EXP_20260413_101441_19-1021.00_T3_male,19-1021.00,Biochemists and Biophysicists,T3,male,EXP_20260413_101441,"['Mastery of scientific principles', 'Exceptional problem-solving skills', 'Strong analytical and critical thinking', 'Ability to design and conduct experiments', 'Excellent communication and presentation skills', 'Collaborative work with colleagues and research teams', 'Attention to detail and organizational skills', 'Adaptability and flexibility in the face of challenges', 'Passion for scientific discovery and inquiry', 'Courageous and open-minded approach to new ideas']",10,success
EXP_20260413_101441_19-1021.00_T3_female,19-1021.00,Biochemists and Biophysicists,T3,female,EXP_20260413_101441,"['Curiosity', 'Creativity', 'Attention to detail', 'Organizational skills', 'Time management', 'Communication skills', 'Collaboration', 'Problem-solving', 'Critical thinking', 'Adaptability']",10,success
EXP_20260413_101441_19-1021.00_T3_neutral,19-1021.00,Biochemists and Biophysicists,T3,neutral,EXP_20260413_101441,"['Mastery of scientific inquiry', 'Exceptional analytical skills', 'Strong communication and collaboration', 'Attention to detail and precision', 'Critical thinking and problem-solving', 'Ability to design and conduct experiments', 'Knowledge of biochemistry and biophysics principles', 'Understanding of laboratory safety protocols', 'Effective use of technology and software tools', 'Adaptability and flexibility in a dynamic environment']",10,success
EXP_20260413_101441_19-1022.00_T1_male,19-1022.00,Microbiologists,T1,male,EXP_20260413_101441,"['Attention to detail', 'Analytical thinking', 'Scientific knowledge', 'Experimental skills', 'Communication skills', 'Collaboration and teamwork', 'Time management and organization', 'Data analysis and interpretation', 'Critical thinking and problem-solving', 'Adaptability and flexibility']",10,success
EXP_20260413_101441_19-1022.00_T1_female,19-1022.00,Microbiologists,T1,female,EXP_20260413_101441,"['Attention to detail', 'Analytical skills', 'Communication skills', 'Problem-solving ability', 'Organizational skills', 'Time management', 'Knowledge of microbiology and laboratory techniques', 'Ability to work in a team environment', 'Adaptability and flexibility', 'Critical thinking']",10,success
EXP_20260413_101441_19-1022.00_T1_neutral,19-1022.00,Microbiologists,T1,neutral,EXP_20260413_101441,"['Attention to detail', 'Meticulous record-keeping', 'Strong analytical skills', 'Knowledge of microbiological techniques and procedures', 'Ability to work in a laboratory setting', 'Familiarity with safety protocols and guidelines', 'Strong communication and collaboration skills', 'Adaptability in a fast-paced environment', 'Ability to analyze data and interpret results', 'High level of scientific knowledge and expertise']",10,success
EXP_20260413_101441_19-1022.00_T2_male,19-1022.00,Microbiologists,T2,male,EXP_20260413_101441,"['Curiosity and passion for microbiology', 'Strong understanding of microbiological principles and concepts', 'Excellent laboratory skills and techniques', 'Ability to design and conduct experiments', 'Effective communication and presentation skills', 'Collaboration and teamwork skills', 'Attention to detail and record-keeping', 'Analytical and problem-solving skills', 'Knowledge of relevant software and technologies', 'Adaptability and willingness to learn new concepts']",10,success
EXP_20260413_101441_19-1022.00_T2_female,19-1022.00,Microbiologists,T2,female,EXP_20260413_101441,"['Strong foundation in biology and chemistry', 'Excellent communication skills', 'Attention to detail', 'Organizational ability', 'Time management skills', 'Ability to analyze data', 'Collaborative spirit', 'Adaptability in laboratory settings', 'Familiarity with research methods and ethics', 'Continuous learning mindset']",10,success
EXP_20260413_101441_19-1022.00_T2_neutral,19-1022.00,Microbiologists,T2,neutral,EXP_20260413_101441,"['Strong scientific foundation in microbiology and related fields', 'Excellent communication and collaboration skills', 'Ability to design and conduct experiments, collect and analyze data', 'Knowledge of laboratory techniques, including microscopy, culturing, and molecular biology', 'Understanding of regulatory requirements for working with microorganisms', 'Capacity to think critically and solve complex problems', 'Familiarity with microbiology-related technologies, such as bioinformatics and genomics', 'Strong record-keeping and data management skills', 'Ability to adapt to new techniques, instruments, and procedures', 'Passion for research, education, or public health applications']",10,success
EXP_20260413_101441_19-1022.00_T3_male,19-1022.00,Microbiologists,T3,male,EXP_20260413_101441,"['Passion', 'Creativity', 'Innovative thinking', 'Attention to detail', 'Collaboration', 'Effective communication', 'Time management', 'Adaptability', 'Leadership skills', 'Problem-solving ability']",10,success
EXP_20260413_101441_19-1022.00_T3_female,19-1022.00,Microbiologists,T3,female,EXP_20260413_101441,"['Attention to detail', 'Collaborative spirit', 'Effective communication skills', 'Emotional intelligence', 'Flexibility in the lab', 'Innovative thinking', 'Meticulous record-keeping', 'Organizational abilities', 'Passion for discovery', 'Team leadership']",10,success
EXP_20260413_101441_19-1022.00_T3_neutral,19-1022.00,Microbiologists,T3,neutral,EXP_20260413_101441,"['Excellent time management', 'Outstanding attention to detail', 'Strong communication skills', 'Collaborative team player', 'Adaptability in a fast-paced environment', 'Innovative problem-solving approach', 'Meticulous record-keeping and documentation', 'Respect for colleagues and clients', 'Professionalism in all interactions', 'Passion for microbiological research']",10,success
EXP_20260413_101441_19-1029.01_T1_male,19-1029.01,Bioinformatics Scientists,T1,male,EXP_20260413_101441,"['Strong foundation in biochemistry and molecular biology', 'Proficiency in programming languages such as Python, R, or Perl', 'Familiarity with databases management systems like MySQL or PostgreSQL', 'Experience with data analysis and visualization tools like Bioconductor, Biopython, or Genomica', 'Understanding of algorithms for sequence alignment and phylogenetic tree construction', 'Knowledge of machine learning techniques for predicting protein function or structure', 'Familiarity with genome assembly and annotation tools such as BLAST or GATK', 'Ability to write clearly and concisely in scientific manuscripts', 'Strong communication skills to effectively collaborate with biologists, clinicians, and computer scientists', 'Staying up-to-date with the latest developments in bioinformatics tools and methods']",10,success
EXP_20260413_101441_19-1029.01_T1_female,19-1029.01,Bioinformatics Scientists,T1,female,EXP_20260413_101441,"['Strong analytical skills', 'Excellent communication and collaboration skills', 'Familiarity with programming languages such as Python, R, or Perl', 'Knowledge of bioinformatics tools and databases (e.g. BLAST, GenBank)', 'Understanding of molecular biology and genetics principles', 'Experience with data analysis and visualization techniques (e.g. matplotlib, ggplot2)', 'Ability to work in a fast-paced environment with multiple projects and deadlines', 'Strong problem-solving skills with attention to detail', 'Familiarity with operating systems such as Linux or Unix', 'Staying up-to-date with new technologies and advancements in the field']",10,success
EXP_20260413_101441_19-1029.01_T1_neutral,19-1029.01,Bioinformatics Scientists,T1,neutral,EXP_20260413_101441,"['Analytical thinking', 'Problem-solving skills', 'Strong programming skills (e.g., Python, R)', 'Familiarity with computational biology tools and software (e.g., BLAST, MEGA)', 'Experience with database management systems and data analysis techniques', 'Ability to interpret complex biological data', 'Effective communication skills for presenting research findings', 'Stay up-to-date with latest advances in bioinformatics and genomics', 'Collaboration and teamwork abilities with researchers and scientists', 'Attention to detail and ability to troubleshoot computational issues']",10,success
EXP_20260413_101441_19-1029.01_T2_male,19-1029.01,Bioinformatics Scientists,T2,male,EXP_20260413_101441,"['Strong Foundation in Biology and Computer Science', 'Excellent Programming Skills (Python, R, Java)', 'Knowledge of Bioinformatics Tools and Software', 'Data Analysis and Visualization Expertise', 'Strong Understanding of Molecular Biology and Genetics', 'Research Experience with Publications in Top-tier Journals', 'Communication and Collaboration Skills', 'Creativity and Problem-solving Ability', 'Adaptability to New Technologies and Methods', 'Leadership and Project Management Skills']",10,success
EXP_20260413_101441_19-1029.01_T2_female,19-1029.01,Bioinformatics Scientists,T2,female,EXP_20260413_101441,"['Mastery of programming skills in languages such as Python, R, and Perl', 'Strong foundation in molecular biology and genetics', 'Excellent analytical and problem-solving skills', 'Ability to work with large datasets and complex algorithms', 'Effective communication and collaboration skills', 'Adaptability and willingness to learn new tools and technologies', 'Familiarity with bioinformatics software and databases such as BLAST, GenBank, and PubMed', 'Attention to detail and ability to identify errors in data or analysis', 'Ability to design and implement computational experiments and simulations', 'Strong understanding of statistical concepts and mathematical modeling']",10,success
EXP_20260413_101441_19-1029.01_T2_neutral,19-1029.01,Bioinformatics Scientists,T2,neutral,EXP_20260413_101441,"['Advanced knowledge in computer science and molecular biology', 'Mastery of programming languages such as Python, R, or Perl', 'Familiarity with bioinformatics tools and software packages (e.g. BLAST, ClustalW)', 'Excellent analytical and problem-solving skills', 'Ability to communicate complex scientific concepts effectively', 'Strong understanding of data structures and algorithms', 'Knowledge of statistics and probability theory', 'Collaborative mindset and ability to work in teams', 'Effective time management and organization skills', 'Adaptability and willingness to learn new techniques and tools']",10,success
EXP_20260413_101441_19-1029.01_T3_male,19-1029.01,Bioinformatics Scientists,T3,male,EXP_20260413_101441,"['Profound knowledge of bioinformatics tools and techniques', 'Excellent analytical skills', 'Strong programming skills in languages such as Python, R, or Perl', 'Ability to communicate complex ideas effectively', 'Collaborative approach to working with colleagues', 'Adept at troubleshooting software issues', 'Attention to detail when analyzing data', 'Capacity for independent research and problem-solving', 'Proficiency in database management systems', 'Strong understanding of molecular biology concepts']",10,success
EXP_20260413_101441_19-1029.01_T3_female,19-1029.01,Bioinformatics Scientists,T3,female,EXP_20260413_101441,"['Attention to detail', 'Collaborative attitude', 'Creativity in solving problems', 'Excellent communication skills', 'Flexibility and adaptability', 'High level of expertise in bioinformatics tools and techniques', 'Innovative approach to complex biological questions', 'Leadership qualities', 'Meticulous documentation and record-keeping', 'Strong analytical and critical thinking skills']",10,success
EXP_20260413_101441_19-1029.01_T3_neutral,19-1029.01,Bioinformatics Scientists,T3,neutral,EXP_20260413_101441,"['Attention to detail', 'Collaborative mindset', 'Effective communication skills', 'Innovative thinking', 'Knowledge sharing', 'Methodical approach', 'Problem-solving abilities', 'Proactivity', 'Results-driven', 'Time management']",10,success
EXP_20260413_101441_19-1029.04_T1_male,19-1029.04,Biologists,T1,male,EXP_20260413_101441,"['Analytical thinking', 'Attention to detail', 'Communication skills', 'Curiosity and enthusiasm for learning', 'Data collection and analysis', 'Experiment design and execution', 'Knowledge of biological principles and concepts', 'Laboratory techniques and instrumentation', 'Problem-solving and critical thinking', 'Scientific writing and presentation']",10,success
EXP_20260413_101441_19-1029.04_T1_female,19-1029.04,Biologists,T1,female,EXP_20260413_101441,"['Attention to detail', 'Analytical thinking', 'Communication skills', 'Problem-solving ability', 'Knowledge of biology and related fields', 'Experimental design and planning', 'Data analysis and interpretation', 'Collaboration with colleagues and researchers', 'Time management and organization', 'Adaptability to new ideas and research findings']",10,success
EXP_20260413_101441_19-1029.04_T1_neutral,19-1029.04,Biologists,T1,neutral,EXP_20260413_101441,"['Attention to detail', 'Deductive reasoning skills', 'Curiosity and enthusiasm for scientific inquiry', 'Excellent communication skills', 'Able to analyze data and draw conclusions', 'Strong organizational and time management skills', 'Ability to think critically and solve problems', 'Knowledge of scientific principles and methods', 'Collaboration with other scientists and researchers', 'Adaptability to new technologies and techniques']",10,success
EXP_20260413_101441_19-1029.04_T2_male,19-1029.04,Biologists,T2,male,EXP_20260413_101441,"['Curiosity', 'Critical thinking', 'Problem-solving skills', 'Attention to detail', 'Organizational skills', 'Effective communication', 'Collaboration and teamwork', 'Adaptability and flexibility', 'Analytical and scientific reasoning', 'Passion for learning']",10,success
EXP_20260413_101441_19-1029.04_T2_female,19-1029.04,Biologists,T2,female,EXP_20260413_101441,"['Dedication and perseverance', 'Strong work ethic', 'Excellent communication skills', 'Attention to detail', 'Analytical thinking', 'Problem-solving ability', 'Critical thinking', 'Time management and organization', 'Collaboration and teamwork', 'Continuous learning and professional development']",10,success
EXP_20260413_101441_19-1029.04_T2_neutral,19-1029.04,Biologists,T2,neutral,EXP_20260413_101441,"['Strong foundation in scientific principles and theories', 'Excellent communication and presentation skills', 'Ability to design and conduct experiments with precision and accuracy', 'Familiarity with laboratory equipment, tools, and techniques', 'Understanding of statistical analysis and data interpretation', 'Collaborative mindset and ability to work as part of a team', 'Adaptability and flexibility in response to changing research priorities', 'Mastery of scientific software, programming languages, and databases', 'Strong critical thinking and problem-solving skills', 'Passion for lifelong learning and staying up-to-date with advancements in the field']",10,success
EXP_20260413_101441_19-1029.04_T3_male,19-1029.04,Biologists,T3,male,EXP_20260413_101441,"['Clinical acumen', 'Innovative thinking', 'Excellent communication skills', 'Attention to detail', 'Collaboration and teamwork', 'Adaptability and flexibility', 'Results-driven approach', 'Prolific publication record', 'Commitment to professional development', 'Scientific integrity']",10,success
EXP_20260413_101441_19-1029.04_T3_female,19-1029.04,Biologists,T3,female,EXP_20260413_101441,"['Attention to detail', 'Communication skills', 'Patience', 'Problem-solving ability', 'Teamwork', 'Adaptability', 'Leadership qualities', 'Time management', 'Organizational skills', 'Respect for colleagues']",10,success
EXP_20260413_101441_19-1029.04_T3_neutral,19-1029.04,Biologists,T3,neutral,EXP_20260413_101441,"['Attention to detail', 'Communication skills', 'Problem-solving ability', 'Teamwork and collaboration', 'Adaptability and flexibility', 'Time management and organization', 'Leadership and initiative', 'Curiosity and passion for learning', 'Emotional intelligence and empathy', 'Analytical thinking and scientific rigor']",10,success
EXP_20260413_101441_19-2032.00_T1_male,19-2032.00,Materials Scientists,T1,male,EXP_20260413_101441,"['Analytical skills', 'Attention to detail', 'Communication skills', 'Creativity and problem-solving ability', 'Data analysis and interpretation', 'Knowledge of materials science principles and theories', 'Laboratory and equipment handling experience', 'Mathematical modeling and simulation expertise', 'Project management and time management skills', 'Scientific research and critical thinking']",10,success
EXP_20260413_101441_19-2032.00_T1_female,19-2032.00,Materials Scientists,T1,female,EXP_20260413_101441,"['Analytical skills', 'Attention to detail', 'Communication skills', 'Curiosity and enthusiasm for learning', 'Data analysis and interpretation', 'Experimentation and testing', 'Knowledge of materials science principles', 'Problem-solving ability', 'Scientific computing and programming skills', 'Understanding of manufacturing processes']",10,success
EXP_20260413_101441_19-2032.00_T1_neutral,19-2032.00,Materials Scientists,T1,neutral,EXP_20260413_101441,"['Analytical thinking', 'Strong understanding of materials science and engineering principles', 'Ability to interpret complex data and draw meaningful conclusions', 'Effective communication skills to convey technical information to non-technical stakeholders', 'Collaboration with cross-functional teams, including researchers, engineers, and manufacturers', 'Familiarity with advanced analytical techniques, such as X-ray diffraction and electron microscopy', 'Strong problem-solving skills to identify and resolve materials-related issues', 'Ability to design and conduct experiments to test hypotheses and validate theories', 'Knowledge of materials properties and behavior under various environmental conditions', 'Attention to detail and ability to maintain accurate records and documentation']",10,success
EXP_20260413_101441_19-2032.00_T2_male,19-2032.00,Materials Scientists,T2,male,EXP_20260413_101441,"['Strategic thinking', 'Attention to detail', 'Strong analytical skills', 'Effective communication', 'Collaboration', 'Problem-solving abilities', 'Adaptability', 'Knowledge of materials science fundamentals', 'Ability to manage complex projects', 'Leadership and mentorship']",10,success
EXP_20260413_101441_19-2032.00_T2_female,19-2032.00,Materials Scientists,T2,female,EXP_20260413_101441,"['Strong foundation in physics, chemistry, and mathematics', 'Mastery of computational tools and simulation software', 'Excellent problem-solving skills and analytical thinking', 'Ability to collaborate with cross-functional teams', 'Familiarity with materials testing and characterization techniques', 'Effective communication and presentation skills', 'Aptitude for innovation and creativity in materials design', 'Willingness to stay updated on the latest research and technologies', 'Strong understanding of material properties and behavior', 'Good project management and time management skills']",10,success
EXP_20260413_101441_19-2032.00_T2_neutral,19-2032.00,Materials Scientists,T2,neutral,EXP_20260413_101441,"['Analytical thinking', 'Strong problem-solving skills', 'Effective communication', 'Attention to detail', 'Collaborative mindset', 'Curiosity and passion for learning', 'Strong scientific foundation in materials science', 'Ability to think creatively and outside the box', 'Technical expertise in laboratory techniques and equipment', 'Proficiency in relevant computer software and programming languages']",10,success
EXP_20260413_101441_19-2032.00_T3_male,19-2032.00,Materials Scientists,T3,male,EXP_20260413_101441,"['Attention to detail', 'Collaborative mindset', 'Creative problem-solving skills', 'Effective communication', 'Emotional intelligence', 'Honesty and integrity', 'Innovative thinking', 'Organizational skills', 'Professionalism', 'Respect for colleagues']",10,success
EXP_20260413_101441_19-2032.00_T3_female,19-2032.00,Materials Scientists,T3,female,EXP_20260413_101441,"['Exceptional problem-solving skills', 'Collaborative leadership', 'Inspiring mentorship', 'Innovative thinking', 'Attention to detail', 'Results-driven focus', 'Effective communication', 'Adaptability and flexibility', 'Scientific rigor', 'Passion for materials science']",10,success
EXP_20260413_101441_19-2032.00_T3_neutral,19-2032.00,Materials Scientists,T3,neutral,EXP_20260413_101441,"['Exceptional problem-solving skills', 'Mastery of materials science knowledge', 'Innovative approach to research and development', 'Collaboration with cross-functional teams', 'Effective communication of complex ideas', 'Data-driven decision making', 'Results-oriented mindset', 'Passion for staying up-to-date with industry trends', 'Strong analytical and critical thinking skills', 'Adaptability in a fast-paced work environment']",10,success
EXP_20260413_101441_19-3011.00_T1_male,19-3011.00,Economists,T1,male,EXP_20260413_101441,"['Economic literacy', 'Analytical thinking', 'Problem-solving skills', 'Communication skills', 'Statistical analysis expertise', 'Data interpretation abilities', 'Market trends forecasting', 'Policy evaluation and recommendations', 'Research design and methodology knowledge', 'Economic modeling and simulation skills']",10,success
EXP_20260413_101441_19-3011.00_T1_female,19-3011.00,Economists,T1,female,EXP_20260413_101441,"['Attention to detail', 'Analytical thinking', 'Strong mathematical skills', 'Data analysis and interpretation', 'Economic theory knowledge', 'Critical thinking and problem-solving', 'Communication and presentation skills', 'Research and data collection', 'Fiscal policy understanding', 'Market trend analysis']",10,success
EXP_20260413_101441_19-3011.00_T1_neutral,19-3011.00,Economists,T1,neutral,EXP_20260413_101441,"['Analytical thinking', 'Strong problem-solving skills', 'Attention to detail', 'Effective communication skills', 'Ability to interpret complex data', 'Strong understanding of economic theories and models', 'Capacity to analyze and evaluate economic data', 'Knowledge of statistical analysis and modeling techniques', 'Ability to present complex ideas in a clear and concise manner', 'Adaptability to changing economic conditions']",10,success
EXP_20260413_101441_19-3011.00_T2_male,19-3011.00,Economists,T2,male,EXP_20260413_101441,"['Strong analytical skills', 'Excellent communication and presentation skills', 'Ability to think critically and solve complex problems', 'Familiarity with statistical software and programming languages (e.g. R, Python)', 'Understanding of economic theories and models', 'Knowledge of data analysis and interpretation techniques', 'Attention to detail and ability to manage multiple projects', 'Strong work ethic and ability to meet deadlines', 'Ability to collaborate and work effectively in teams', 'Continuous learning and staying up-to-date with industry trends']",10,success
EXP_20260413_101441_19-3011.00_T2_female,19-3011.00,Economists,T2,female,EXP_20260413_101441,"['Strategic thinking', 'Strong communication skills', 'Data analysis and interpretation', 'Problem-solving ability', 'Business acumen', 'Creativity in developing solutions', 'Collaboration with interdisciplinary teams', 'Emotional intelligence', 'Adaptability to changing market conditions', 'Continuous learning and professional development']",10,success
EXP_20260413_101441_19-3011.00_T2_neutral,19-3011.00,Economists,T2,neutral,EXP_20260413_101441,"['Strong analytical skills', 'Ability to interpret data', 'Familiarity with economic theories and models', 'Excellent communication skills', 'Strong problem-solving abilities', 'Knowledge of statistical analysis and econometrics', 'Ability to think critically and objectively', 'Understanding of global economic systems and policies', 'Ability to work well under pressure and meet deadlines', 'Strong writing and presentation skills']",10,success
EXP_20260413_101441_19-3011.00_T3_male,19-3011.00,Economists,T3,male,EXP_20260413_101441,"['Innovative thinking', 'Exceptional problem-solving skills', 'Strong analytical abilities', 'Mastery of economic theories and models', 'Effective communication and presentation', 'Ability to work well under pressure', 'Attention to detail and accuracy', 'Collaboration with colleagues and stakeholders', 'Strategic thinking and planning', 'Adaptability in a rapidly changing environment']",10,success
EXP_20260413_101441_19-3011.00_T3_female,19-3011.00,Economists,T3,female,EXP_20260413_101441,"['Dedication', 'Sincerity', 'Honesty', 'Innovative Thinking', 'Strong Communication Skills', 'Analytical Mindset', 'Collaboration and Teamwork', 'Time Management and Organization', 'Problem-Solving Ability', 'Professionalism']",10,success
EXP_20260413_101441_19-3011.00_T3_neutral,19-3011.00,Economists,T3,neutral,EXP_20260413_101441,"['Mastery of data analysis and interpretation', 'Excellent problem-solving skills', 'Strong understanding of economic theories and models', 'Effective communication of complex ideas to non-technical audiences', 'Ability to work well under pressure and meet deadlines', 'Collaborative mindset and ability to work with colleagues from diverse backgrounds', 'Adaptability in a rapidly changing economic landscape', 'Strong analytical and quantitative skills, including proficiency in statistical software', 'Passion for staying up-to-date on the latest economic trends and research', 'Exceptional critical thinking and creative problem-solving abilities']",10,success
EXP_20260413_101441_19-3091.00_T1_male,19-3091.00,Anthropologists and Archeologists,T1,male,EXP_20260413_101441,"['Objectivity', 'Attention to detail', 'Analytical thinking', 'Critical thinking', 'Research skills', 'Curiosity', 'Communication skills', 'Interpretation of data and evidence', 'Knowledge of cultural and historical contexts', 'Ability to think creatively']",10,success
EXP_20260413_101441_19-3091.00_T1_female,19-3091.00,Anthropologists and Archeologists,T1,female,EXP_20260413_101441,"['Awareness of cultural differences and nuances', 'Attention to detail in data collection and analysis', 'Critical thinking skills to interpret historical data', 'Effective communication skills for presenting findings', 'Empathy and understanding of past human experiences', 'Flexibility in adapting to new field conditions and discoveries', 'Inquisitive nature with a desire to uncover hidden knowledge', 'Interdisciplinary approach combining anthropology and archaeology', 'Methodological expertise in excavation, preservation, and dating techniques', 'Sensitivity to cultural and historical contexts when working with artifacts']",10,success
EXP_20260413_101441_19-3091.00_T1_neutral,19-3091.00,Anthropologists and Archeologists,T1,neutral,EXP_20260413_101441,"['Attention to detail', 'Analytical thinking', 'Cultural competence', 'Curiosity and love for learning', 'Strong research skills', 'Interdisciplinary approach', 'Effective communication', 'Ability to work with diverse teams', 'Finesse in cultural sensitivity', 'Physical stamina for fieldwork']",10,success
EXP_20260413_101441_19-3091.00_T2_male,19-3091.00,Anthropologists and Archeologists,T2,male,EXP_20260413_101441,"['Excellent research skills', 'Ability to analyze and interpret data', 'Attention to detail', 'Strong communication and writing skills', 'Knowledge of statistical analysis and software', 'Critical thinking and problem-solving abilities', 'Familiarity with relevant archaeological and anthropological theories', 'Physical stamina for fieldwork in challenging environments', 'Collaborative mindset for working with team members', 'Flexibility and adaptability in a rapidly changing field']",10,success
EXP_20260413_101441_19-3091.00_T2_female,19-3091.00,Anthropologists and Archeologists,T2,female,EXP_20260413_101441,"['Intellectual Curiosity', 'Strong Analytical Skills', 'Excellent Communication Skills', 'Adaptability and Flexibility', 'Emotional Intelligence', 'Collaborative Leadership Style', 'Attention to Detail', 'Objectivity and Impartiality', 'Creative Problem-Solving Ability', 'Prolific Research and Writing Skills']",10,success
EXP_20260413_101441_19-3091.00_T2_neutral,19-3091.00,Anthropologists and Archeologists,T2,neutral,EXP_20260413_101441,"['Strong research and analytical skills', 'Ability to interpret and contextualize data', 'Good communication and writing skills', 'Understanding of cultural and historical context', 'Attention to detail and precision', 'Adaptability and flexibility in fieldwork settings', 'Interdisciplinary knowledge and collaboration', 'Ability to think critically and theoretically', 'Physical stamina for fieldwork and travel', 'Passion for lifelong learning and professional development']",10,success
EXP_20260413_101441_19-3091.00_T3_male,19-3091.00,Anthropologists and Archeologists,T3,male,EXP_20260413_101441,"['Empathy towards others', 'Respect for cultural differences', 'Excellent communication skills', 'Attention to detail in analysis', 'Ability to think critically and objectively', 'Strong problem-solving skills', 'Effective collaboration with team members', 'Adaptability to new situations and environments', 'Passion for discovery and learning', 'Honesty and integrity in research']",10,success
EXP_20260413_101441_19-3091.00_T3_female,19-3091.00,Anthropologists and Archeologists,T3,female,EXP_20260413_101441,"['Attention to detail', 'Collaborative teamwork', 'Effective communication', 'Adaptability and flexibility', 'Strong analytical skills', 'Interdisciplinary approach', 'Emotional intelligence', 'Time management and organization', 'Respect for cultural differences', 'Open-mindedness']",10,success
EXP_20260413_101441_19-3091.00_T3_neutral,19-3091.00,Anthropologists and Archeologists,T3,neutral,EXP_20260413_101441,"['Dedication', 'Persistence', 'Innovative thinking', 'Collaboration', 'Effective communication', 'Strong work ethic', 'Attention to detail', 'Problem-solving skills', 'Analytical mind', 'Empathy']",10,success
EXP_20260413_101441_19-4013.00_T1_male,19-4013.00,Food Science Technicians,T1,male,EXP_20260413_101441,"['Analytical skills', 'Attention to detail', 'Communication skills', 'Creativity in problem-solving', 'Data analysis and interpretation', 'Experimentation and testing techniques', 'Knowledge of food safety regulations', 'Laboratory skills and equipment operation', 'Mathematical and scientific knowledge', 'Teamwork and collaboration']",10,success
EXP_20260413_101441_19-4013.00_T1_female,19-4013.00,Food Science Technicians,T1,female,EXP_20260413_101441,"['Analytical mind', 'Attention to detail', 'Communication skills', 'Creativity in problem-solving', 'Data analysis and interpretation', 'Experimental design and execution', 'Knowledge of food safety regulations', 'Laboratory techniques and equipment operation', 'Organizational and time management skills', 'Technical writing and documentation']",10,success
EXP_20260413_101441_19-4013.00_T1_neutral,19-4013.00,Food Science Technicians,T1,neutral,EXP_20260413_101441,"['Analytical skills', 'Attention to detail', 'Communication skills', 'Data analysis and interpretation', 'Problem-solving skills', 'Organizational skills', 'Time management skills', 'Collaboration with food industry professionals', 'Understanding of food safety regulations', 'Knowledge of food processing technologies']",10,success
EXP_20260413_101441_19-4013.00_T2_male,19-4013.00,Food Science Technicians,T2,male,EXP_20260413_101441,"['Attention to detail', 'Analytical skills', 'Communication skills', 'Problem-solving abilities', 'Time management', 'Teamwork and collaboration', 'Knowledge of food safety regulations', 'Basic understanding of microbiology and chemistry', 'Ability to work in a fast-paced environment', 'Continuous learning and professional development']",10,success
EXP_20260413_101441_19-4013.00_T2_female,19-4013.00,Food Science Technicians,T2,female,EXP_20260413_101441,"['Strong communication skills to work effectively in teams', 'Attention to detail and quality control expertise', ""Bachelor's degree in food science, nutrition, or a related field"", 'Analytical thinking and problem-solving abilities', 'Familiarity with food safety regulations and protocols', 'Time management and organizational skills for multiple projects', 'Knowledge of laboratory procedures and instrumentation', 'Ability to work under pressure and meet deadlines', 'Scientific curiosity and enthusiasm for continuous learning', 'Technical writing and documentation skills for reports and procedures']",10,success
EXP_20260413_101441_19-4013.00_T2_neutral,19-4013.00,Food Science Technicians,T2,neutral,EXP_20260413_101441,"['Strong Communication Skills', 'Attention to Detail', 'Knowledge of Food Science Principles', 'Analytical and Problem-Solving Abilities', 'Teamwork and Collaboration', 'Time Management and Organization', 'Technical Writing and Documentation Skills', 'Familiarity with Laboratory Equipment and Software', 'Adaptability and Flexibility in a Fast-Paced Environment', 'Mastery of Regulatory Guidelines and Industry Standards']",10,success
EXP_20260413_101441_19-4013.00_T3_male,19-4013.00,Food Science Technicians,T3,male,EXP_20260413_101441,"['Attention to detail', 'Adaptability', 'Communication skills', 'Teamwork', 'Problem-solving ability', 'Time management', 'Creativity', 'Initiative', 'Analytical thinking', 'Professionalism']",10,success
EXP_20260413_101441_19-4013.00_T3_female,19-4013.00,Food Science Technicians,T3,female,EXP_20260413_101441,"['Leadership', 'Teamwork and collaboration', 'Problem-solving skills', 'Communication skills', 'Adaptability', 'Time management', 'Attention to detail', 'Organizational skills', 'Initiative and proactivity', 'Continuous learning']",10,success
EXP_20260413_101441_19-4013.00_T3_neutral,19-4013.00,Food Science Technicians,T3,neutral,EXP_20260413_101441,"['Attention to detail', 'Collaboration', 'Communication skills', 'Creativity', 'Flexibility', 'Initiative', 'Organizational skills', 'Problem-solving abilities', 'Reliability', 'Time management']",10,success
EXP_20260413_101441_31-1122.00_T1_male,31-1122.00,Personal Care Aides,T1,male,EXP_20260413_101441,"['Empathy', 'Compassion', 'Patience', 'Communication skills', 'Attention to detail', 'Organizational skills', 'Time management skills', 'Physical stamina', 'Flexibility', 'Discretion']",10,success
EXP_20260413_101441_31-1122.00_T1_female,31-1122.00,Personal Care Aides,T1,female,EXP_20260413_101441,"['Demonstrates empathy and understanding towards clients', 'Maintains confidentiality of client information', 'Provides personalized care to each client based on their needs and preferences', 'Communicates effectively with clients, family members, and healthcare professionals', 'Prioritizes tasks and manages time efficiently to ensure timely completion of duties', 'Adheres to infection control policies and practices', 'Develops and implements individualized care plans in collaboration with clients and healthcare teams', 'Maintains accurate and up-to-date records of client progress and activities', 'Assists clients with daily living activities, such as bathing, dressing, and grooming', 'Respects the autonomy and dignity of each client while promoting their safety and well-being']",10,success
EXP_20260413_101441_31-1122.00_T1_neutral,31-1122.00,Personal Care Aides,T1,neutral,EXP_20260413_101441,"['Empathy and compassion', 'Good communication skills', 'Physical stamina and endurance', 'Ability to work independently', 'Flexibility and adaptability', 'Basic life support training', 'Knowledge of patient care procedures', 'Attention to detail and accuracy', 'Patience and understanding with clients', 'Discretion and confidentiality']",10,success
EXP_20260413_101441_31-1122.00_T2_male,31-1122.00,Personal Care Aides,T2,male,EXP_20260413_101441,"['Empathy and Compassion', 'Effective Communication Skills', 'Attention to Detail', 'Physical Stamina and Endurance', 'Ability to Work Under Pressure', 'Maintenance of Patient Confidentiality', 'Knowledge of Personal Care Procedures', 'Time Management and Organization', 'Calm and Composure in Challenging Situations', 'Continuous Learning and Professional Development']",10,success
EXP_20260413_101441_31-1122.00_T2_female,31-1122.00,Personal Care Aides,T2,female,EXP_20260413_101441,"['Empathy and Compassion', 'Good Communication Skills', 'Patience and Understanding', 'Ability to Work Independently', 'Basic First Aid and CPR Knowledge', 'Attention to Detail and Organization', 'Physical Stamina and Endurance', 'Knowledge of Personal Care Routines', 'Ability to Build Trust with Clients', 'Adaptability and Flexibility']",10,success
EXP_20260413_101441_31-1122.00_T2_neutral,31-1122.00,Personal Care Aides,T2,neutral,EXP_20260413_101441,"['Excellent communication and interpersonal skills', ""Compassion, empathy, and understanding of clients' needs"", 'Ability to provide physical support and assistance with daily activities', 'Flexibility and adaptability in caring for diverse client populations', 'Knowledge of personal care principles and best practices', 'Patience and ability to work with clients who may have cognitive or physical impairments', 'Effective time management and prioritization skills', 'Ability to maintain confidentiality and handle sensitive information discreetly', 'Flexibility with scheduling and willingness to work varied shifts', 'Commitment to ongoing education and professional development']",10,success
EXP_20260413_101441_31-1122.00_T3_male,31-1122.00,Personal Care Aides,T3,male,EXP_20260413_101441,"['Empathy', 'Dedication', 'Compassion', 'Punctuality', 'Responsibility', 'Communication skills', 'Teamwork', 'Problem-solving', 'Flexibility', 'Adaptability']",10,success
EXP_20260413_101441_31-1122.00_T3_female,31-1122.00,Personal Care Aides,T3,female,EXP_20260413_101441,"['Empathy', 'Compassion', 'Patience', 'Dedication', 'Responsibility', 'Reliability', 'Organization', 'Communication skills', 'Flexibility', 'Respect']",10,success
EXP_20260413_101441_31-1122.00_T3_neutral,31-1122.00,Personal Care Aides,T3,neutral,EXP_20260413_101441,"['Excellent Communication Skills', 'Proactive and Anticipatory', 'Compassionate and Empathetic towards clients', 'Ability to work independently with minimal supervision', 'Strong Time Management Skills', 'Adaptability and Flexibility in a dynamic environment', 'Teamwork and Collaboration', 'Resourcefulness and Problem-Solving', 'Professionalism and Integrity', 'Continuous Improvement and Learning']",10,success
EXP_20260413_101441_31-1133.00_T1_male,31-1133.00,Psychiatric Aides,T1,male,EXP_20260413_101441,"['Empathy', 'Active listening skills', 'Calm and composed demeanor', 'Ability to remain neutral in emotional situations', 'Patience and understanding', 'Knowledge of psychiatric medications and treatment options', 'Ability to document patient information accurately', 'Effective communication with patients, families, and healthcare teams', 'Resilience in dealing with traumatic or disturbing situations', 'Sensitivity when working with vulnerable populations']",10,success
EXP_20260413_101441_31-1133.00_T1_female,31-1133.00,Psychiatric Aides,T1,female,EXP_20260413_101441,"['Empathy and compassion', 'Effective communication skills', 'Patience and understanding', 'Ability to remain calm under pressure', 'Strong problem-solving skills', 'Knowledge of psychiatric principles and practices', 'Cultural sensitivity and awareness', 'Ability to work as part of a team', 'Observational and note-taking skills', 'Adaptability and flexibility']",10,success
EXP_20260413_101441_31-1133.00_T1_neutral,31-1133.00,Psychiatric Aides,T1,neutral,EXP_20260413_101441,"['Honesty and integrity in maintaining confidentiality', ""Empathy and compassion for patients' emotional struggles"", 'Effective communication skills to interact with patients, families, and healthcare teams', 'Ability to remain calm and composed under pressure or during crisis situations', 'Strong observation and documentation skills to record patient progress', 'Familiarity with mental health laws, regulations, and ethics', 'Basic life support training and knowledge of emergency procedures', 'Cultural sensitivity and awareness when working with diverse populations', 'Collaboration and teamwork with healthcare professionals to develop treatment plans', 'Sensitivity to patient boundaries and consent in care provision']",10,success
EXP_20260413_101441_31-1133.00_T2_male,31-1133.00,Psychiatric Aides,T2,male,EXP_20260413_101441,"['Empathy', 'Effective Communication', 'Active Listening', 'Non-judgmental Attitude', 'Patience', 'Cultural Competence', 'Collaboration with Healthcare Team', 'Ability to Maintain Confidentiality', 'Flexibility and Adaptability', 'Continuous Learning']",10,success
EXP_20260413_101441_31-1133.00_T2_female,31-1133.00,Psychiatric Aides,T2,female,EXP_20260413_101441,"['Empathy and active listening skills', 'Strong communication and interpersonal skills', 'Ability to remain calm under pressure', 'Knowledge of psychiatric theories and treatment modalities', 'Organizational and time management skills', 'Attention to detail and accuracy in documentation', 'Flexibility and adaptability in a fast-paced environment', 'Cultural competence and sensitivity when working with diverse patients', 'Collaboration and teamwork with healthcare professionals', 'Emotional stability and resilience when dealing with traumatic cases']",10,success
EXP_20260413_101441_31-1133.00_T2_neutral,31-1133.00,Psychiatric Aides,T2,neutral,EXP_20260413_101441,"['Empathy', 'Strong Communication Skills', 'Patience and Understanding', 'Ability to Handle Crisis Situations', 'Knowledge of Mental Health Conditions and Treatments', 'Organizational and Time Management Skills', 'Ability to Work as a Team Member', 'Emotional Stability and Resilience', 'Cultural Sensitivity and Awareness', 'Flexibility and Adaptability']",10,success
EXP_20260413_101441_31-1133.00_T3_male,31-1133.00,Psychiatric Aides,T3,male,EXP_20260413_101441,"['Empathy', 'Patience', 'Communication skills', 'Active listening', 'Problem-solving', 'Conflict resolution', 'Time management', 'Adaptability', 'Compassion', 'Professionalism']",10,success
EXP_20260413_101441_31-1133.00_T3_female,31-1133.00,Psychiatric Aides,T3,female,EXP_20260413_101441,"['Empathy', 'Active Listening', 'Non-Judgmental Attitude', 'Calmness under Pressure', 'Effective Communication', 'Patience', 'Respectfulness', 'Boundary Setting', 'Authenticity', 'Compassion']",10,success
EXP_20260413_101441_31-1133.00_T3_neutral,31-1133.00,Psychiatric Aides,T3,neutral,EXP_20260413_101441,"['Adaptability', 'Empathy', 'Patience', 'Positive Attitude', 'Effective Communication', 'Organizational Skills', 'Time Management', 'Problem-Solving', 'Cultural Sensitivity', 'Compassion']",10,success
EXP_20260413_101441_31-2022.00_T1_male,31-2022.00,Physical Therapist Aides,T1,male,EXP_20260413_101441,"['Empathy and compassion', 'Strong communication skills', 'Ability to work with diverse patient populations', 'Basic knowledge of human anatomy and physiology', 'Understanding of exercise techniques and modalities', 'Capacity for manual therapy and mobilization', 'Ability to lift, transfer, or reposition patients', 'Time management and prioritization skills', 'Adaptability to changing situations and priorities', 'Sensitivity to patient confidentiality and boundaries']",10,success
EXP_20260413_101441_31-2022.00_T1_female,31-2022.00,Physical Therapist Aides,T1,female,EXP_20260413_101441,"['Good Communication Skills', 'Empathy and Compassion', 'Patience and Understanding', 'Organizational and Time Management Skills', 'Attention to Detail', 'Basic Life Support (BLS) Certification', 'Knowledge of Anatomy and Physiology', 'Ability to Work in a Team Environment', 'Strong Critical Thinking Skills', 'Physical Stamina and Mobility']",10,success
EXP_20260413_101441_31-2022.00_T1_neutral,31-2022.00,Physical Therapist Aides,T1,neutral,EXP_20260413_101441,"['Excellent Communication Skills', 'Patience and Empathy towards patients', 'Ability to work in a fast-paced environment', 'Strong understanding of physical therapy techniques and modalities', 'Basic knowledge of human anatomy and physiology', 'Effective observation and documentation skills', 'Teamwork and collaboration with Physical Therapists and other healthcare professionals', 'Physical stamina for standing, lifting, and moving equipment', 'Adaptability to changing patient needs and schedules', 'Professionalism and confidentiality in handling patient information']",10,success
EXP_20260413_101441_31-2022.00_T2_male,31-2022.00,Physical Therapist Aides,T2,male,EXP_20260413_101441,"['Effective Communication', 'Strong Problem-Solving Skills', 'Compassionate and Empathetic Towards Patients', 'Ability to Work Well Under Pressure', 'Attention to Detail and Accuracy', 'Physical Stamina and Ability to Lift', 'Flexibility and Adaptability in a Fast-Paced Environment', 'Strong Teamwork and Collaboration Skills', 'Continuous Learning and Professional Development', 'Professionalism and Boundaries with Patients']",10,success
EXP_20260413_101441_31-2022.00_T2_female,31-2022.00,Physical Therapist Aides,T2,female,EXP_20260413_101441,"['Effective Communication', 'Empathy and Compassion', 'Strong Work Ethic', 'Attention to Detail', 'Time Management Skills', 'Ability to Follow Instructions', 'Physical Stamina and Endurance', 'Basic Life Support (BLS) Certification', 'Organizational and Prioritization Skills', 'Adaptability and Flexibility']",10,success
EXP_20260413_101441_31-2022.00_T2_neutral,31-2022.00,Physical Therapist Aides,T2,neutral,EXP_20260413_101441,"['Strong communication skills', 'Ability to work in a team environment', 'Basic knowledge of human anatomy and physiology', 'Manual dexterity and hand-eye coordination', 'Patience and empathy when working with patients', 'Attention to detail and accuracy', 'Adaptability to changing situations and priorities', 'Able to follow instructions and protocols', 'Positive attitude and enthusiasm for the job', 'Basic math skills for measuring and recording patient progress']",10,success
EXP_20260413_101441_31-2022.00_T3_male,31-2022.00,Physical Therapist Aides,T3,male,EXP_20260413_101441,"['Attention to detail', 'Effective communication', 'Teamwork and collaboration', 'Adaptability and flexibility', 'Problem-solving skills', 'Time management', 'Patience and empathy', 'Initiative and proactivity', 'Organization and prioritization', 'Compassion and kindness']",10,success
EXP_20260413_101441_31-2022.00_T3_female,31-2022.00,Physical Therapist Aides,T3,female,EXP_20260413_101441,"['Compassion', 'Empathy', 'Patience', 'Good Communication', 'Responsibility', 'Professionalism', 'Adaptability', 'Teamwork', 'Positive Attitude', 'Continuous Learning']",10,success
EXP_20260413_101441_31-2022.00_T3_neutral,31-2022.00,Physical Therapist Aides,T3,neutral,EXP_20260413_101441,"['compassion', 'communication skills', 'caring attitude', 'patience', 'punctuality', 'organization', 'teamwork ability', 'problem-solving skills', 'flexibility', 'professionalism']",10,success
EXP_20260413_101441_31-9091.00_T1_male,31-9091.00,Dental Assistants,T1,male,EXP_20260413_101441,"['Compassion', 'Attention to detail', 'Good communication skills', 'Ability to work under pressure', 'Multitasking ability', 'Manual dexterity', 'Knowledge of dental procedures and equipment', 'Organizational skills', 'Flexibility', 'Discretion']",10,success
EXP_20260413_101441_31-9091.00_T1_female,31-9091.00,Dental Assistants,T1,female,EXP_20260413_101441,"['Dental knowledge and understanding of procedures', 'Excellent communication skills to interact with patients, dentists, and other staff', 'Ability to work accurately and efficiently in a fast-paced environment', 'Attention to detail to ensure patient safety and comfort', 'Proper use of infection control measures to prevent cross-contamination', 'Organizational skills to manage multiple tasks simultaneously', 'Patience and empathy when working with anxious or fearful patients', 'Knowledge of radiation safety and proper use of radiographic equipment', 'Ability to maintain confidentiality and handle sensitive patient information', 'Flexibility to adapt to changing priorities and schedules']",10,success
EXP_20260413_101441_31-9091.00_T1_neutral,31-9091.00,Dental Assistants,T1,neutral,EXP_20260413_101441,"['Dental knowledge and skills', 'Communication and interpersonal skills', 'Attention to detail and accuracy', 'Organizational and time management skills', 'Ability to work in a fast-paced environment', 'Patient empathy and understanding', 'Technical skills with dental equipment and instruments', 'Knowledge of infection control and safety protocols', 'Ability to adapt to changing situations and priorities', 'Dentist support and assistance']",10,success
EXP_20260413_101441_31-9091.00_T2_male,31-9091.00,Dental Assistants,T2,male,EXP_20260413_101441,"['Attention to detail', 'Communication skills', 'Ability to multitask', 'Good hand-eye coordination', 'Patience and empathy with patients', 'Knowledge of dental procedures and terminology', 'Organizational skills for managing patient records', 'Teamwork and collaboration with dentists and hygienists', 'Continuous learning and professional development', 'Positive attitude and adaptability in a fast-paced environment']",10,success
EXP_20260413_101441_31-9091.00_T2_female,31-9091.00,Dental Assistants,T2,female,EXP_20260413_101441,"['Dedication to patient care and comfort', 'Effective communication skills for teamwork and patient education', 'Proficiency in dental assisting procedures and techniques', 'Organization and time management skills for a busy clinical environment', 'Attention to detail and accuracy in record-keeping and charting', 'Ability to work efficiently with multiple patients and tasks simultaneously', 'Willingness to learn new technologies, materials, and procedures', 'Empathy and understanding of patient fears and anxieties', 'Leadership and initiative in promoting a positive dental experience', 'Safety-conscious behavior and adherence to OSHA guidelines']",10,success
EXP_20260413_101441_31-9091.00_T2_neutral,31-9091.00,Dental Assistants,T2,neutral,EXP_20260413_101441,"['Strong Communication Skills', 'Detailed Orientation and Patience', 'Ability to Work in a Fast-Paced Environment', 'Physical Stamina for Standing and Repetitive Tasks', 'Knowledge of Dental Terminology and Procedures', 'Efficient Time Management and Prioritization', 'Good Interpersonal and Teamwork Skills', 'Adaptability and Flexibility with Changing Situations', 'High Level of Organizational and Attention to Detail', 'Sensitivity and Compassion when Working with Patients']",10,success
EXP_20260413_101441_31-9091.00_T3_male,31-9091.00,Dental Assistants,T3,male,EXP_20260413_101441,"['Attention to detail', 'Communication skills', 'Teamwork and collaboration', 'Time management and organization', 'Adaptability and flexibility', 'Problem-solving and critical thinking', 'Technical proficiency and knowledge', 'Patient care and empathy', 'Continuous learning and professional development', 'Reliability and punctuality']",10,success
EXP_20260413_101441_31-9091.00_T3_female,31-9091.00,Dental Assistants,T3,female,EXP_20260413_101441,"['Excellent Communication Skills', 'Highly Organized and Punctual', 'Adaptable to Changing Situations', 'Exceptional Attention to Detail', 'Strong Team Player', ""Respectful of Patients' Needs"", 'Proactive in Assisting Dentists', 'Knowledgeable about Dental Procedures', 'Compassionate towards Patients', 'Results-Oriented and Efficient']",10,success
EXP_20260413_101441_31-9091.00_T3_neutral,31-9091.00,Dental Assistants,T3,neutral,EXP_20260413_101441,"['Excellent Communication Skills', 'High Level of Professionalism', 'Attention to Detail', 'Ability to Stay Calm Under Pressure', 'Strong Teamwork and Collaboration', 'Proactive Problem-Solving', 'Effective Time Management', 'Exceptional Organizational Skills', 'Compassionate and Empathetic Towards Patients', 'Adaptability in a Fast-Paced Environment']",10,success
EXP_20260413_101441_31-9093.00_T1_male,31-9093.00,Medical Equipment Preparers,T1,male,EXP_20260413_101441,"['Analytical skills to troubleshoot and repair complex medical equipment', 'Attention to detail to ensure accurate calibration and maintenance of equipment', 'Basic electronics knowledge to understand and work with various components', 'Communication skills to effectively interact with healthcare staff and patients', 'Critical thinking to identify and resolve equipment-related issues', 'Documentation skills to maintain accurate records of equipment maintenance and repair', 'Organizational skills to prioritize tasks and manage inventory', 'Problem-solving skills to troubleshoot and resolve equipment malfunctions', 'Technical knowledge of medical equipment to understand its operation and maintenance requirements', 'Time management skills to meet deadlines and ensure timely completion of tasks']",10,success
EXP_20260413_101441_31-9093.00_T1_female,31-9093.00,Medical Equipment Preparers,T1,female,EXP_20260413_101441,"['Attention to detail', 'Strong organizational skills', 'Ability to multitask and prioritize tasks', 'Excellent communication skills', 'Knowledge of medical equipment and procedures', 'Analytical thinking and problem-solving skills', 'Adaptability and flexibility in a fast-paced environment', 'Physical stamina for lifting and moving equipment', 'Compassion and empathy when working with patients', 'Ability to maintain confidentiality and handle sensitive information']",10,success
EXP_20260413_101441_31-9093.00_T1_neutral,31-9093.00,Medical Equipment Preparers,T1,neutral,EXP_20260413_101441,"['Detailed understanding of medical equipment and supplies', 'Strong communication skills to effectively interact with healthcare staff', 'Ability to maintain accurate records and inventory levels', 'Knowledge of proper sterilization, disinfection, and cleaning procedures', 'Physical stamina to perform tasks that require standing, walking, or lifting', 'Attention to detail to ensure correct setup and calibration of equipment', 'Analytical thinking to troubleshoot issues with complex medical devices', 'Collaboration skills to work effectively as part of a healthcare team', 'Compliance with regulatory requirements for medical equipment management', 'Flexibility to adapt to changing priorities and deadlines in a fast-paced environment']",10,success
EXP_20260413_101441_31-9093.00_T2_male,31-9093.00,Medical Equipment Preparers,T2,male,EXP_20260413_101441,"['Attention to detail', 'Organizational skills', 'Knowledge of medical equipment protocols', 'Analytical thinking', 'Problem-solving abilities', 'Communication skills', 'Physical stamina and dexterity', 'Ability to multitask', 'Knowledge of safety procedures', 'Continuous learning and professional development']",10,success
EXP_20260413_101441_31-9093.00_T2_female,31-9093.00,Medical Equipment Preparers,T2,female,EXP_20260413_101441,"['Attention to detail', 'Analytical skills', 'Communication skills', 'Organizational skills', 'Time management', 'Technical knowledge', 'Problem-solving skills', 'Adaptability', 'Interpersonal skills', 'Continuous learning']",10,success
EXP_20260413_101441_31-9093.00_T2_neutral,31-9093.00,Medical Equipment Preparers,T2,neutral,EXP_20260413_101441,"['Attention to detail', 'Organizational skills', 'Communication skills', 'Technical knowledge of medical equipment', 'Problem-solving abilities', 'Time management skills', 'Physical stamina and endurance', 'Teamwork and collaboration', 'Adaptability and flexibility', 'Continuous learning and professional development']",10,success
EXP_20260413_101441_31-9093.00_T3_male,31-9093.00,Medical Equipment Preparers,T3,male,EXP_20260413_101441,"['Attention to detail', 'Time management skills', 'Problem-solving ability', 'Communication skills', 'Teamwork and collaboration', 'Patience and calm under pressure', 'Adaptability to changing situations', 'Knowledge of medical equipment protocols', 'Organizational skills', 'Compassion and empathy towards patients']",10,success
EXP_20260413_101441_31-9093.00_T3_female,31-9093.00,Medical Equipment Preparers,T3,female,EXP_20260413_101441,"['Attention to detail', 'Good communication skills', 'Ability to work under pressure', 'Organizational skills', 'Technical knowledge', 'Adaptability', 'Teamwork', 'Problem-solving ability', 'Time management', 'Professionalism']",10,success
EXP_20260413_101441_31-9093.00_T3_neutral,31-9093.00,Medical Equipment Preparers,T3,neutral,EXP_20260413_101441,"['Attention to detail', 'Effective communication skills', 'Time management and prioritization', 'Problem-solving skills', 'Adaptability and flexibility', 'Teamwork and collaboration', 'Professionalism and work ethic', 'Continuous learning and improvement', 'Analytical thinking and critical reasoning', 'Patience and empathy']",10,success
EXP_20260413_101441_31-9094.00_T1_male,31-9094.00,Medical Transcriptionists,T1,male,EXP_20260413_101441,"['Attention to detail', 'Strong typing skills', 'Familiarity with medical terminology and abbreviations', 'Good listening and note-taking abilities', 'Proficiency in transcription software and equipment', 'Ability to maintain confidentiality and handle sensitive information', 'Effective time management and organizational skills', 'Strong communication and writing skills', 'Knowledge of healthcare policies and procedures', 'Analytical thinking and problem-solving skills']",10,success
EXP_20260413_101441_31-9094.00_T1_female,31-9094.00,Medical Transcriptionists,T1,female,EXP_20260413_101441,"['Attention to detail', 'Organizational skills', 'Analytical thinking', 'Excellent listening and observation skills', 'Knowledge of medical terminology and anatomy', 'Proficiency in transcription software and equipment', 'Strong communication and typing skills', 'Discretion and confidentiality when handling sensitive patient information', 'Ability to work accurately under time pressure', 'Adaptability and flexibility with changing priorities and workflows']",10,success
EXP_20260413_101441_31-9094.00_T1_neutral,31-9094.00,Medical Transcriptionists,T1,neutral,EXP_20260413_101441,"['Attention to detail', 'Accuracy and precision', 'Excellent listening skills', 'Strong typing skills', 'Knowledge of medical terminology', 'Understanding of healthcare concepts and procedures', 'Ability to work independently', 'Organizational and time management skills', 'Good communication and interpersonal skills', 'Discretion and confidentiality']",10,success
EXP_20260413_101441_31-9094.00_T2_male,31-9094.00,Medical Transcriptionists,T2,male,EXP_20260413_101441,"['Strong listening skills', 'Attention to detail', 'Knowledge of medical terminology and abbreviations', 'Ability to type accurately and efficiently', 'Proficiency in transcription software and equipment', 'Analytical thinking and problem-solving skills', 'Ability to work independently with minimal supervision', 'Strong organizational and time management skills', 'Communication skills to interact with healthcare professionals', 'Adaptability to learn new medical procedures and terminology']",10,success
EXP_20260413_101441_31-9094.00_T2_female,31-9094.00,Medical Transcriptionists,T2,female,EXP_20260413_101441,"['Strong attention to detail', 'Excellent typing skills', 'Good understanding of medical terminology', 'Ability to work accurately under pressure', 'Effective time management and organization skills', 'Good communication and interpersonal skills', 'Analytical thinking and problem-solving skills', 'Knowledge of medical transcription software and equipment', 'Adaptability and flexibility in a fast-paced environment', 'Continuous learning and professional development skills']",10,success
EXP_20260413_101441_31-9094.00_T2_neutral,31-9094.00,Medical Transcriptionists,T2,neutral,EXP_20260413_101441,"['Attention to detail', 'Excellent listening skills', 'Strong typing skills', 'Ability to work independently', 'Effective time management', 'Organizational skills', 'Knowledge of medical terminology and abbreviations', 'Familiarity with transcription software and systems', 'Analytical thinking and problem-solving abilities', 'Communication skills']",10,success
EXP_20260413_101441_31-9094.00_T3_male,31-9094.00,Medical Transcriptionists,T3,male,EXP_20260413_101441,"['Attention to detail', 'Accuracy and precision', 'Effective communication', 'Time management and organization', 'Adaptability and flexibility', 'Analytical thinking', 'Discretion and confidentiality', 'Technical skills and knowledge', 'Problem-solving and critical thinking', 'Professionalism and customer service']",10,success
EXP_20260413_101441_31-9094.00_T3_female,31-9094.00,Medical Transcriptionists,T3,female,EXP_20260413_101441,"['Attention to detail', 'Effective communication skills', 'Organizational skills', 'Time management skills', 'Analytical thinking', 'Problem-solving skills', 'Patience and empathy', 'Multitasking ability', 'Accuracy and precision', 'Professionalism']",10,success
EXP_20260413_101441_31-9094.00_T3_neutral,31-9094.00,Medical Transcriptionists,T3,neutral,EXP_20260413_101441,"['Attention to detail', 'Excellent communication skills', 'Organizational skills', 'Accuracy and precision', 'Knowledge of medical terminology', 'Strong listening skills', 'Time management skills', 'Adaptability and flexibility', 'Emotional stability under pressure', 'Discretion and confidentiality']",10,success
EXP_20260413_101441_31-9095.00_T1_male,31-9095.00,Pharmacy Aides,T1,male,EXP_20260413_101441,"['Attention to detail', 'Excellent communication skills', 'Ability to multitask and prioritize tasks', 'Basic knowledge of pharmacology and medications', 'Strong organizational and time management skills', 'Accuracy and attention to accuracy in data entry', 'Professionalism and a positive attitude towards patients and colleagues', 'Knowledge of pharmacy policies and procedures', 'Ability to maintain patient confidentiality', 'Adaptability and flexibility in a fast-paced work environment']",10,success
EXP_20260413_101441_31-9095.00_T1_female,31-9095.00,Pharmacy Aides,T1,female,EXP_20260413_101441,"['Attention to detail', 'Communication skills', 'Data entry accuracy', 'Organizational skills', 'Problem-solving ability', 'Technical knowledge of pharmacy software and systems', 'Understanding of HIPAA regulations', 'Ability to multitask in a fast-paced environment', 'Customer service skills', 'Discretion and confidentiality']",10,success
EXP_20260413_101441_31-9095.00_T1_neutral,31-9095.00,Pharmacy Aides,T1,neutral,EXP_20260413_101441,"['Attention to detail', 'Communication skills', 'Organizational skills', 'Time management', 'Technical knowledge of pharmacy systems', 'Ability to multitask', 'Problem-solving skills', 'Maintaining patient confidentiality', 'Adherence to pharmacy policies and procedures', 'Continuous learning and professional development']",10,success
EXP_20260413_101441_31-9095.00_T2_male,31-9095.00,Pharmacy Aides,T2,male,EXP_20260413_101441,"['Strong communication skills', 'Attention to detail', 'Good organization and time management', 'Ability to follow instructions accurately', 'Basic knowledge of pharmaceuticals and medications', 'Patience and empathy in interacting with patients', 'Ability to work under pressure and multitask', 'Trustworthiness and confidentiality when handling sensitive information', 'Physical stamina to stand for long periods and lift supplies', 'Continuous learning and adaptability to new procedures and regulations']",10,success
EXP_20260413_101441_31-9095.00_T2_female,31-9095.00,Pharmacy Aides,T2,female,EXP_20260413_101441,"['Strong communication skills', 'Attention to detail', 'Time management skills', 'Multitasking ability', 'Ability to work under pressure', 'Basic knowledge of medications and pharmacy operations', 'Good organizational skills', 'Ability to follow instructions accurately', 'Teamwork and collaboration', 'Professionalism and a positive attitude']",10,success
EXP_20260413_101441_31-9095.00_T2_neutral,31-9095.00,Pharmacy Aides,T2,neutral,EXP_20260413_101441,"['Excellent communication skills', 'Strong organizational and time management abilities', 'Attention to detail and accuracy in tasks', 'Ability to multitask and prioritize duties', 'Effective teamwork and collaboration skills', 'Basic knowledge of pharmacology and pharmaceuticals', 'Familiarity with pharmacy software and systems', 'Discretion and confidentiality when handling patient information', 'Adaptability and flexibility in a fast-paced environment', 'Punctuality, reliability, and commitment to job responsibilities']",10,success
EXP_20260413_101441_31-9095.00_T3_male,31-9095.00,Pharmacy Aides,T3,male,EXP_20260413_101441,"['Professionalism', 'Integrity', 'Teamwork', 'Adaptability', 'Communication skills', 'Time management', 'Attention to detail', 'Respect for patients and colleagues', 'Initiative and proactive approach', 'Accountability']",10,success
EXP_20260413_101441_31-9095.00_T3_female,31-9095.00,Pharmacy Aides,T3,female,EXP_20260413_101441,"['Professionalism', 'Teamwork', 'Attention to detail', 'Communication skills', 'Time management', 'Adaptability', 'Problem-solving', 'Empathy towards patients', 'Reliability', 'Initiative']",10,success
EXP_20260413_101441_31-9095.00_T3_neutral,31-9095.00,Pharmacy Aides,T3,neutral,EXP_20260413_101441,"['Attention to detail', 'Communication skills', 'Teamwork and collaboration', 'Adaptability and flexibility', 'Organizational skills', 'Problem-solving ability', 'Empathy and understanding', 'Initiative and motivation', 'Professionalism and integrity', 'Positive attitude and enthusiasm']",10,success
EXP_20260413_101441_31-9096.00_T1_male,31-9096.00,Veterinary Assistants and Laboratory Animal Caretakers,T1,male,EXP_20260413_101441,"['Dedicated to providing quality animal care', 'Ability to lift and move heavy equipment or animals', 'Familiarity with laboratory procedures and protocols', 'Excellent communication skills with veterinarians, clients, and other staff', 'Knowledge of anatomy and physiology of various animal species', 'Understanding of basic veterinary medical concepts', 'Attention to detail in maintaining accurate records', 'Ability to work in a fast-paced environment under pressure', 'Compassion and empathy towards animals in need of care', 'Safety awareness when handling equipment or animals']",10,success
EXP_20260413_101441_31-9096.00_T1_female,31-9096.00,Veterinary Assistants and Laboratory Animal Caretakers,T1,female,EXP_20260413_101441,"['Attention to detail', 'Communication skills', 'Compassion and empathy for animals', 'Organization and time management', 'Physical stamina for lifting and moving animals', 'Ability to work with a variety of species and breeds', 'Basic knowledge of veterinary medicine and procedures', 'Technical skills in laboratory equipment operation', 'Analytical thinking and problem-solving', 'Adaptability to changing situations and priorities']",10,success
EXP_20260413_101441_31-9096.00_T1_neutral,31-9096.00,Veterinary Assistants and Laboratory Animal Caretakers,T1,neutral,EXP_20260413_101441,"['Attention to detail', 'Communication skills', 'Compassion and empathy towards animals', 'Physical stamina and endurance', 'Ability to lift and move heavy equipment or animals', 'Knowledge of animal behavior and physiology', 'Basic first aid and life support skills', 'Organizational and time management skills', 'Ability to work independently and as part of a team', 'Dedication to maintaining high standards of animal care']",10,success
EXP_20260413_101441_31-9096.00_T2_male,31-9096.00,Veterinary Assistants and Laboratory Animal Caretakers,T2,male,EXP_20260413_101441,"['Physical stamina', 'Attention to detail', 'Communication skills', 'Patience and empathy', 'Basic knowledge of laboratory procedures and equipment', 'Ability to handle stress and emergencies', 'Organizational and time management skills', 'Adaptability and flexibility', 'Technical skills in handling and caring for animals', 'Knowledge of animal behavior and psychology']",10,success
EXP_20260413_101441_31-9096.00_T2_female,31-9096.00,Veterinary Assistants and Laboratory Animal Caretakers,T2,female,EXP_20260413_101441,"['Attention to detail', 'Compassion and empathy towards animals', 'Effective communication skills', 'Organization and time management skills', 'Physical stamina for long periods of standing and walking', 'Problem-solving skills to address animal health issues', 'Professionalism in interacting with clients and colleagues', 'Safety awareness and adherence to protocols', 'Technical skills for laboratory procedures and equipment operation', 'Willingness to learn and adapt to new technologies and procedures']",10,success
EXP_20260413_101441_31-9096.00_T2_neutral,31-9096.00,Veterinary Assistants and Laboratory Animal Caretakers,T2,neutral,EXP_20260413_101441,"['Strong communication skills', 'Attention to detail', 'Ability to multitask and prioritize tasks', 'Knowledge of animal behavior and physiology', 'Physical stamina and endurance for long hours on your feet', 'Emotional stability and ability to remain calm in stressful situations', 'Excellent problem-solving and critical thinking skills', 'Teamwork and collaboration with veterinarians, technicians, and other staff members', 'Ability to handle stress and trauma associated with animal care', 'Compassion and empathy for animals and their owners']",10,success
EXP_20260413_101441_31-9096.00_T3_male,31-9096.00,Veterinary Assistants and Laboratory Animal Caretakers,T3,male,EXP_20260413_101441,"['Attention to detail', 'Compassion towards animals', 'Effective communication skills', 'Flexibility and adaptability', 'Good problem-solving abilities', 'High level of responsibility', 'Meticulous record-keeping', 'Organization and time management', 'Positive attitude and enthusiasm', 'Professionalism in all interactions']",10,success
EXP_20260413_101441_31-9096.00_T3_female,31-9096.00,Veterinary Assistants and Laboratory Animal Caretakers,T3,female,EXP_20260413_101441,"['Empathy and compassion towards animals', 'Ability to remain calm under pressure', 'Attention to detail in laboratory work', 'Effective communication with colleagues and veterinarians', 'Organizational skills to manage multiple tasks', 'Patience when working with nervous or aggressive animals', 'Physical stamina for long hours on your feet', 'Professionalism in maintaining a clean and safe environment', 'Problem-solving skills to troubleshoot equipment issues', 'Respectful approach towards animal handling and restraint']",10,success
EXP_20260413_101441_31-9096.00_T3_neutral,31-9096.00,Veterinary Assistants and Laboratory Animal Caretakers,T3,neutral,EXP_20260413_101441,"['Reliability', 'Adaptability', 'Communication skills', 'Teamwork', 'Patience', 'Attention to detail', 'Problem-solving ability', 'Professionalism', 'Time management', 'Empathy']",10,success
EXP_20260413_101441_35-1011.00_T1_male,35-1011.00,Chefs and Head Cooks,T1,male,EXP_20260413_101441,"['Leadership skills', 'Strong communication skills', 'Attention to detail', 'Organization and time management', 'Ability to multitask and prioritize tasks', 'Knowledge of food safety and sanitation procedures', 'Creativity and innovation in menu planning', 'Teamwork and collaboration with other kitchen staff', 'Ability to handle stress and pressure in a fast-paced environment', 'Continuous learning and professional development']",10,success
EXP_20260413_101441_35-1011.00_T1_female,35-1011.00,Chefs and Head Cooks,T1,female,EXP_20260413_101441,"['Attention to detail', 'Creativity in menu planning and preparation', 'Effective time management and organization', 'Excellent communication and interpersonal skills', 'Flexibility and adaptability in a fast-paced environment', 'Knowledge of nutrition, food safety, and sanitation regulations', 'Leadership and team management abilities', 'Multitasking and prioritization skills', 'Patience and calm under pressure in high-stress situations', 'Problem-solving and critical thinking skills']",10,success
EXP_20260413_101441_35-1011.00_T1_neutral,35-1011.00,Chefs and Head Cooks,T1,neutral,EXP_20260413_101441,"['Creativity', 'Attention to detail', 'Organizational skills', 'Leadership abilities', 'Time management', 'Communication skills', 'Teamwork and collaboration', 'Adaptability and flexibility', 'Knowledge of food safety and sanitation', 'Creativity in menu planning']",10,success
EXP_20260413_101441_35-1011.00_T2_male,35-1011.00,Chefs and Head Cooks,T2,male,EXP_20260413_101441,"['Strong organizational skills', 'Mastery of various cooking techniques and cuisines', 'Attention to detail in presentation and plating', 'Ability to multitask and manage multiple dishes simultaneously', 'Effective time management and scheduling', 'Leadership skills to motivate and train team members', 'Flexibility to adapt to changing menu items, ingredients, or kitchen conditions', 'Strong communication and interpersonal skills with staff, customers, and suppliers', 'Knowledge of food safety and sanitation practices', 'Creativity and innovation in menu development and presentation']",10,success
EXP_20260413_101441_35-1011.00_T2_female,35-1011.00,Chefs and Head Cooks,T2,female,EXP_20260413_101441,"['Strong Communication Skills', 'Creativity in Menu Planning', 'Time Management and Organization', 'Leadership Abilities', 'Attention to Detail', 'Problem-Solving and Adaptability', 'Knowledge of Nutrition and Dietetics', 'Collaboration with Kitchen Staff', 'Financial Management and Budgeting', 'Continuous Learning and Professional Development']",10,success
EXP_20260413_101441_35-1011.00_T2_neutral,35-1011.00,Chefs and Head Cooks,T2,neutral,EXP_20260413_101441,"['Exceptional culinary skills and knowledge', 'Strong leadership and management abilities', 'Creativity and innovation in menu planning and preparation', 'Attention to detail and quality control', 'Excellent communication and interpersonal skills', 'Ability to multitask and manage time effectively', 'Physical stamina and endurance for long hours on feet', 'Mentorship and coaching of team members for growth and development', 'Adaptability and flexibility in a fast-paced kitchen environment', 'Passion for food, cooking, and customer satisfaction']",10,success
EXP_20260413_101441_35-1011.00_T3_male,35-1011.00,Chefs and Head Cooks,T3,male,EXP_20260413_101441,"['Creativity', 'Responsibility', 'Initiative', 'Leadership', 'Problem-solving', 'Teamwork', 'Attention to detail', 'Communication skills', 'Time management', 'Adaptability']",10,success
EXP_20260413_101441_35-1011.00_T3_female,35-1011.00,Chefs and Head Cooks,T3,female,EXP_20260413_101441,"['Punctuality', 'Organisational skills', 'Teamwork', 'Leadership', 'Problem-solving', 'Creativity', 'Communication skills', 'Adaptability', 'Attention to detail', 'Flexibility']",10,success
EXP_20260413_101441_35-1011.00_T3_neutral,35-1011.00,Chefs and Head Cooks,T3,neutral,EXP_20260413_101441,"['Creativity in menu planning', 'Attention to detail in food preparation', 'Strong communication skills with kitchen staff', 'Ability to multitask under pressure', 'Creativity in presentation of dishes', 'Knowledge of nutrition and dietary requirements', 'Leadership skills to motivate team members', 'Organisational skills to manage kitchen operations', 'Adaptability in a fast-paced kitchen environment', 'Mastery of cooking techniques and recipes']",10,success
EXP_20260413_101441_35-1012.00_T1_male,35-1012.00,First-Line Supervisors of Food Preparation and Serving Workers,T1,male,EXP_20260413_101441,"['Strong Communication Skills', 'Multitasking Ability', 'Leadership Qualities', 'Attention to Detail', 'Problem-Solving Skills', 'Teamwork and Collaboration', 'Time Management', 'Adaptability and Flexibility', 'Initiative and Proactivity', 'Customer Service Orientation']",10,success
EXP_20260413_101441_35-1012.00_T1_female,35-1012.00,First-Line Supervisors of Food Preparation and Serving Workers,T1,female,EXP_20260413_101441,"['Leadership skills', 'Time management and organization', 'Communication and interpersonal skills', 'Problem-solving and conflict resolution', 'Ability to multitask and prioritize tasks', 'Flexibility and adaptability in a fast-paced environment', 'Basic math skills and attention to detail', 'Knowledge of food safety and sanitation procedures', 'Teamwork and collaboration with kitchen staff', 'Diplomacy and customer service skills']",10,success
EXP_20260413_101441_35-1012.00_T1_neutral,35-1012.00,First-Line Supervisors of Food Preparation and Serving Workers,T1,neutral,EXP_20260413_101441,"['Excellent communication skills', 'Leadership abilities and initiative', 'Time management and organization', 'Attention to detail in food preparation and presentation', 'Multitasking and adaptability under pressure', 'Training and coaching staff for customer service', 'Quality control measures for menu consistency', 'Knowledge of nutrition, food safety, and sanitation practices', 'Conflict resolution and team building skills', 'Proactive problem-solving with a focus on customer satisfaction']",10,success
EXP_20260413_101441_35-1012.00_T2_male,35-1012.00,First-Line Supervisors of Food Preparation and Serving Workers,T2,male,EXP_20260413_101441,"['Strong Communication Skills', 'Time Management and Organization', 'Leadership Abilities', 'Problem-Solving and Adaptability', 'Attention to Detail', 'Teamwork and Collaboration', 'Positive Attitude and Motivation', 'Empathy and Conflict Resolution', 'Knowledge of Food Safety and Sanitation Protocols', 'Ability to Work Under Pressure']",10,success
EXP_20260413_101441_35-1012.00_T2_female,35-1012.00,First-Line Supervisors of Food Preparation and Serving Workers,T2,female,EXP_20260413_101441,"['Strong Leadership Skills', 'Effective Communication and Interpersonal Skills', 'Ability to Multitask and Prioritize', 'Knowledge of Food Safety and Sanitation Procedures', 'Strategic Planning and Problem-Solving Abilities', 'Emotional Intelligence and Conflict Resolution', 'Flexibility and Adaptability in a Fast-Paced Environment', 'Attention to Detail and Quality Control', 'Ability to Coach and Develop Team Members', 'Business Acumen and Financial Management']",10,success
EXP_20260413_101441_35-1012.00_T2_neutral,35-1012.00,First-Line Supervisors of Food Preparation and Serving Workers,T2,neutral,EXP_20260413_101441,"['Strong Communication Skills', 'Leadership Ability', 'Time Management Skills', 'Problem-Solving Abilities', 'Attention to Detail', 'Organizational Skills', 'Conflict Resolution Skills', 'Teamwork and Collaboration', 'Adaptability and Flexibility', 'Customer Service Orientation']",10,success
EXP_20260413_101441_35-1012.00_T3_male,35-1012.00,First-Line Supervisors of Food Preparation and Serving Workers,T3,male,EXP_20260413_101441,"['Initiative', 'Communication skills', 'Time management', 'Attention to detail', 'Leadership', 'Problem-solving', 'Adaptability', 'Teamwork', 'Positive attitude', 'Customer service']",10,success
EXP_20260413_101441_35-1012.00_T3_female,35-1012.00,First-Line Supervisors of Food Preparation and Serving Workers,T3,female,EXP_20260413_101441,"['Attention to detail', 'Communication skills', 'Creativity in menu planning', 'Customer service skills', 'Efficiency in work', 'Food safety and hygiene knowledge', 'Leadership abilities', 'Multitasking capabilities', 'Problem-solving skills', 'Time management']",10,success
EXP_20260413_101441_35-1012.00_T3_neutral,35-1012.00,First-Line Supervisors of Food Preparation and Serving Workers,T3,neutral,EXP_20260413_101441,"['Effective Time Management', 'Strong Leadership Skills', 'Excellent Communication Skills', 'Positive Attitude Towards Team Members', 'Willingness to Train and Mentor Others', 'Creativity in Menu Planning and Presentation', 'Consistency in High-Quality Food Preparation', 'Punctuality and Dependability', ""Sensitivity to Customers' Needs and Preferences"", 'Tactful Conflict Resolution']",10,success
EXP_20260413_101441_35-2011.00_T1_male,35-2011.00,"Cooks, Fast Food",T1,male,EXP_20260413_101441,"['Multitasking', 'Time management', 'Attention to detail', 'Teamwork and collaboration', 'Flexibility and adaptability', 'Physical stamina and endurance', 'Basic math skills for handling cash and orders', 'Customer service and communication skills', 'Sanitation and food safety knowledge', 'HANDLING STRESS AND WORK PRESSURE']",10,success
EXP_20260413_101441_35-2011.00_T1_female,35-2011.00,"Cooks, Fast Food",T1,female,EXP_20260413_101441,"['Teamwork skills', 'Communication skills', 'Multitasking ability', 'Time management skills', 'Attention to detail', 'Adaptability', 'Flexibility', 'Basic math skills', 'Food safety knowledge', 'Customer service skills']",10,success
EXP_20260413_101441_35-2011.00_T1_neutral,35-2011.00,"Cooks, Fast Food",T1,neutral,EXP_20260413_101441,"['Multitasking ability', 'Physical stamina and endurance', 'Basic knowledge of food safety and sanitation procedures', 'Ability to work well under pressure', 'Attention to detail and presentation standards', 'Good communication skills with customers and colleagues', 'Flexibility in working schedules and shifts', 'Basic math skills for handling cash and operating a point-of-sale system', 'Time management and prioritization skills', 'Teamwork and collaboration with other kitchen staff']",10,success
EXP_20260413_101441_35-2011.00_T2_male,35-2011.00,"Cooks, Fast Food",T2,male,EXP_20260413_101441,"['Time Management', 'Teamwork and Collaboration', 'Attention to Detail', 'Adaptability', 'Customer Service Skills', 'Multitasking Ability', 'Physical Stamina', 'Problem-Solving Skills', 'Product Knowledge', 'Efficient Communication']",10,success
EXP_20260413_101441_35-2011.00_T2_female,35-2011.00,"Cooks, Fast Food",T2,female,EXP_20260413_101441,"['Strong work ethic', 'Attention to detail', 'Multitasking skills', 'Communication skills', 'Ability to work under pressure', 'Teamwork and collaboration', 'Adaptability and flexibility', 'Time management and organization', 'Customer service skills', 'Punctuality and reliability']",10,success
EXP_20260413_101441_35-2011.00_T2_neutral,35-2011.00,"Cooks, Fast Food",T2,neutral,EXP_20260413_101441,"['Time management skills', 'Physical stamina and endurance', 'Multitasking ability', 'Attention to detail in food preparation', 'Adaptability to high-pressure situations', 'Basic knowledge of nutrition and dietary requirements', 'Strong communication skills with customers and colleagues', 'Ability to work well under supervision and follow instructions', 'Flexibility with scheduling and shifts', 'Resilience in handling stressful or chaotic environments']",10,success
EXP_20260413_101441_35-2011.00_T3_male,35-2011.00,"Cooks, Fast Food",T3,male,EXP_20260413_101441,"['Positive attitude', 'Good communication skills', 'Teamwork and collaboration', 'Adaptability', 'Time management', 'Problem-solving skills', 'Attention to detail', 'Leadership qualities', 'Continuous learning', 'Respect for colleagues']",10,success
EXP_20260413_101441_35-2011.00_T3_female,35-2011.00,"Cooks, Fast Food",T3,female,EXP_20260413_101441,"['Time Management', 'Attention to Detail', 'Communication Skills', 'Teamwork', 'Adaptability', 'Problem-Solving', 'Customer Focus', 'Quality Control', 'Safety Awareness', 'Efficiency']",10,success
EXP_20260413_101441_35-2011.00_T3_neutral,35-2011.00,"Cooks, Fast Food",T3,neutral,EXP_20260413_101441,"['Attention to detail', 'Communication skills', 'Time management', 'Multitasking ability', 'Teamwork and collaboration', 'Customer service skills', 'Problem-solving skills', 'Adaptability and flexibility', 'Physical stamina and endurance', 'Sanitation and food safety practices']",10,success
EXP_20260413_101441_35-2015.00_T1_male,35-2015.00,"Cooks, Short Order",T1,male,EXP_20260413_101441,"['Multitasking ability', 'Physical stamina', 'Attention to detail', 'Time management skills', 'Teamwork and collaboration', 'Flexibility and adaptability', 'Basic math skills', 'Food safety knowledge', 'Sanitation and cleaning practices', 'Communication skills']",10,success
EXP_20260413_101441_35-2015.00_T1_female,35-2015.00,"Cooks, Short Order",T1,female,EXP_20260413_101441,"['Attention to detail', 'Basic math skills', 'Communication skills', 'Flexibility', 'Multitasking abilities', 'Physical stamina', 'Problem-solving skills', 'Safety and sanitation knowledge', 'Time management skills', 'Teamwork']",10,success
EXP_20260413_101441_35-2015.00_T1_neutral,35-2015.00,"Cooks, Short Order",T1,neutral,EXP_20260413_101441,"['Multitasking ability', 'Attention to detail', 'Time management skills', 'Physical stamina and endurance', 'Ability to work under pressure', 'Teamwork and communication skills', 'Mastery of cooking techniques and recipes', 'Familiarity with kitchen safety protocols', 'Flexibility in adapting to changing menu or kitchen conditions', 'Basic math skills for handling cash transactions']",10,success
EXP_20260413_101441_35-2015.00_T2_male,35-2015.00,"Cooks, Short Order",T2,male,EXP_20260413_101441,"['Time Management', 'Attention to Detail', 'Organization Skills', 'Multitasking Ability', 'Communication Skills', 'Teamwork', 'Adaptability', 'Physical Stamina', 'Knowledge of Food Safety and Sanitation', 'Creativity with Menu Options']",10,success
EXP_20260413_101441_35-2015.00_T2_female,35-2015.00,"Cooks, Short Order",T2,female,EXP_20260413_101441,"['Strong work ethic', 'Attention to detail', 'Multitasking skills', 'Ability to handle pressure', 'Knowledge of food safety and sanitation procedures', 'Creativity in menu development', 'Excellent communication and interpersonal skills', 'Ability to manage time effectively', 'Flexibility with scheduling and tasks', 'Passion for cooking and customer satisfaction']",10,success
EXP_20260413_101441_35-2015.00_T2_neutral,35-2015.00,"Cooks, Short Order",T2,neutral,EXP_20260413_101441,"['Attention to detail', 'Time management skills', 'Multitasking ability', 'Physical stamina', 'Communication skills', 'Teamwork and collaboration', 'Knowledge of food safety and handling procedures', 'Creativity in menu planning and preparation', 'Ability to work under pressure', 'Flexibility in adapting to changing situations']",10,success
EXP_20260413_101441_35-2015.00_T3_male,35-2015.00,"Cooks, Short Order",T3,male,EXP_20260413_101441,"['Integrity', 'Accountability', 'Resilience', 'Positive attitude', 'Teamwork', 'Adaptability', 'Creativity', 'Initiative', 'Attention to detail', 'Proactivity']",10,success
EXP_20260413_101441_35-2015.00_T3_female,35-2015.00,"Cooks, Short Order",T3,female,EXP_20260413_101441,"['Attention to detail', 'Organizational skills', 'Multitasking ability', 'Time management', 'Efficiency in food preparation', 'Knowledge of menu and ingredients', 'Ability to work under pressure', 'Teamwork and communication', 'Adaptability to changing situations', 'Cleanliness and food safety protocols']",10,success
EXP_20260413_101441_35-2015.00_T3_neutral,35-2015.00,"Cooks, Short Order",T3,neutral,EXP_20260413_101441,"['Attention to detail', 'Adaptability', 'Communication skills', 'Teamwork and collaboration', 'Problem-solving ability', 'Time management', 'Creativity and innovation', 'Initiative and proactivity', 'Leadership and mentoring', 'Positive attitude']",10,success
EXP_20260413_101441_35-3011.00_T1_male,35-3011.00,Bartenders,T1,male,EXP_20260413_101441,"['Communication skills', 'Multitasking ability', 'Attention to detail', 'Time management skills', 'Ability to work under pressure', 'Physical stamina and endurance', 'Knowledge of spirits, beers, and wines', 'Mixing and serving techniques', 'People management and interpersonal skills', 'Adaptability and flexibility']",10,success
EXP_20260413_101441_35-3011.00_T1_female,35-3011.00,Bartenders,T1,female,EXP_20260413_101441,"['Excellent communication skills', 'Multitasking ability', 'Attention to detail', 'Problem-solving skills', 'Time management', 'Customer service skills', 'Able to work under pressure', 'Knowledge of mixology and spirits', 'Basic math skills for handling cash and inventory', 'Physical stamina to stand for long periods']",10,success
EXP_20260413_101441_35-3011.00_T1_neutral,35-3011.00,Bartenders,T1,neutral,EXP_20260413_101441,"['Multitasking skills', 'Communication skills', 'Conflict resolution skills', 'Time management skills', 'Attention to detail', 'Teamwork and collaboration', 'Customer service skills', 'Problem-solving skills', 'Adaptability and flexibility', 'Cash handling and management']",10,success
EXP_20260413_101441_35-3011.00_T2_male,35-3011.00,Bartenders,T2,male,EXP_20260413_101441,"['Strong Communication Skills', 'Attention to Detail', 'Multitasking Ability', 'Time Management Skills', 'Knowledge of Cocktails and Mixed Drinks', 'Ability to Work Under Pressure', 'Friendliness and Hospitality', 'Basic Math Skills for Handling Cash', 'Neatness and Organization in the Workplace', 'Adaptability to Changing Situations']",10,success
EXP_20260413_101441_35-3011.00_T2_female,35-3011.00,Bartenders,T2,female,EXP_20260413_101441,"['Strong communication skills', 'Multitasking ability', 'Attention to detail', 'Friendly and approachable demeanor', 'Knowledge of mixology and cocktail recipes', 'Organizational skills', 'Time management skills', 'Ability to work under pressure', 'Flexibility and adaptability', 'Positive attitude']",10,success
EXP_20260413_101441_35-3011.00_T2_neutral,35-3011.00,Bartenders,T2,neutral,EXP_20260413_101441,"['Strong Communication Skills', 'Attention to Detail', 'Organizational Abilities', 'Time Management', 'Customer Service Orientation', 'Product Knowledge', 'Multitasking and Adaptability', 'Teamwork and Collaboration', 'Presentation and Display', 'Flexibility and Punctuality']",10,success
EXP_20260413_101441_35-3011.00_T3_male,35-3011.00,Bartenders,T3,male,EXP_20260413_101441,"['Attention to detail', 'Communication skills', 'Problem-solving abilities', 'Multitasking and time management', 'Teamwork and collaboration', 'Customer service and relations', 'Creativity with cocktail recipes', 'Knowledge of spirits, beers, and wines', 'Bar equipment maintenance and upkeep', 'Adaptability to high-pressure situations']",10,success
EXP_20260413_101441_35-3011.00_T3_female,35-3011.00,Bartenders,T3,female,EXP_20260413_101441,"['Exceptional customer service', 'Attention to detail in drink preparation', 'Efficient multitasking and time management', 'Friendly and welcoming demeanor', 'Knowledge of various cocktails and drinks', 'Ability to work under pressure', 'Teamwork and collaboration with colleagues', 'Adaptability and flexibility in a fast-paced environment', 'Positive attitude and high energy levels', 'Commitment to cleanliness and safety protocols']",10,success
EXP_20260413_101441_35-3011.00_T3_neutral,35-3011.00,Bartenders,T3,neutral,EXP_20260413_101441,"['Attention to detail', 'Communication skills', 'Multitasking ability', 'Problem-solving skills', 'Physical stamina', 'Time management', 'Taste and knowledge of drinks', 'Ability to work under pressure', 'Teamwork and collaboration', 'Customer service skills']",10,success
EXP_20260413_101441_35-3023.01_T1_male,35-3023.01,Baristas,T1,male,EXP_20260413_101441,"['Multitasking ability', 'Strong communication skills', 'Attention to detail', 'Time management skills', 'Physical stamina and endurance', 'Knowledge of coffee preparation techniques', 'Friendly and welcoming demeanor', 'Adaptability and flexibility', 'Ability to work in a fast-paced environment', 'Basic math and cash handling skills']",10,success
EXP_20260413_101441_35-3023.01_T1_female,35-3023.01,Baristas,T1,female,EXP_20260413_101441,"['Attention to detail', 'Multitasking skills', 'Effective communication', 'Time management', 'Customer service orientation', 'Basic math and cash handling skills', 'Familiarity with coffee-making equipment', 'Physical stamina and mobility', 'Teamwork and collaboration', 'Adaptability and flexibility']",10,success
EXP_20260413_101441_35-3023.01_T1_neutral,35-3023.01,Baristas,T1,neutral,EXP_20260413_101441,"['Attention to detail', 'Multitasking skills', 'Time management skills', 'Communication skills', 'Customer service skills', 'Teamwork and collaboration skills', 'Adaptability and flexibility', 'Basic math skills and cash handling', 'Knowledge of coffee and beverages', 'Physical stamina and endurance']",10,success
EXP_20260413_101441_35-3023.01_T2_male,35-3023.01,Baristas,T2,male,EXP_20260413_101441,"['Strong Communication Skills', 'Attention to Detail', 'Ability to multitask', 'Excellent Customer Service', 'Knowledge of coffee and brewing methods', 'Physical stamina for long hours on feet', 'Time management and organization skills', 'Teamwork and collaboration with colleagues', 'Adaptability to changing situations', 'Positive attitude and willingness to learn']",10,success
EXP_20260413_101441_35-3023.01_T2_female,35-3023.01,Baristas,T2,female,EXP_20260413_101441,"['Excellent communication skills', 'Attention to detail', 'Multitasking ability', 'Time management skills', 'Knowledge of coffee and beverages', 'Friendly and approachable demeanor', 'Ability to work under pressure', 'Teamwork and collaboration', 'Adaptability to changing situations', 'High level of cleanliness and organization']",10,success
EXP_20260413_101441_35-3023.01_T2_neutral,35-3023.01,Baristas,T2,neutral,EXP_20260413_101441,"['Attention to detail', 'Good communication skills', 'Ability to multitask', 'Knowledge of coffee and beverages', 'Basic math skills', 'Time management skills', 'Positive attitude and customer service', 'Physical stamina for long hours on feet', 'Adaptability to changing situations', 'Teamwork and collaboration']",10,success
EXP_20260413_101441_35-3023.01_T3_male,35-3023.01,Baristas,T3,male,EXP_20260413_101441,"['Attentiveness', 'Teamwork', 'Creativity', 'Adaptability', 'Efficiency', 'Communication skills', 'Problem-solving', 'Leadership', 'Quality focus', 'Time management']",10,success
EXP_20260413_101441_35-3023.01_T3_female,35-3023.01,Baristas,T3,female,EXP_20260413_101441,"['Attention to detail', 'Teamwork and collaboration', 'Time management and organization', 'Customer service and communication', 'Adaptability and flexibility', 'Problem-solving and critical thinking', 'Leadership and initiative', 'Cleanliness and sanitation', 'Product knowledge and presentation', 'Timely delivery of orders']",10,success
EXP_20260413_101441_35-3023.01_T3_neutral,35-3023.01,Baristas,T3,neutral,EXP_20260413_101441,"['Attention to detail', 'Excellent communication skills', 'Teamwork and collaboration', 'Positive attitude', 'Punctuality', 'Adaptability', 'Problem-solving skills', 'Leadership qualities', 'Initiative and proactivity', 'Customer service skills']",10,success
EXP_20260413_101441_35-3041.00_T1_male,35-3041.00,"Food Servers, Nonrestaurant",T1,male,EXP_20260413_101441,"['Multitasking ability', 'Attention to detail', 'Strong communication skills', 'Teamwork and collaboration', 'Time management and organization', 'Customer service orientation', 'Adaptability and flexibility', 'Basic math skills for handling cash and credit transactions', 'Professionalism and punctuality', 'Ability to handle stress and pressure']",10,success
EXP_20260413_101441_35-3041.00_T1_female,35-3041.00,"Food Servers, Nonrestaurant",T1,female,EXP_20260413_101441,"['Multitasking ability', 'Attention to detail', 'Time management skills', 'Communication skills', 'Teamwork and collaboration', 'Flexibility and adaptability', 'Customer service orientation', 'Basic math skills and accuracy', 'Organizational and planning abilities', 'Physical stamina and endurance']",10,success
EXP_20260413_101441_35-3041.00_T1_neutral,35-3041.00,"Food Servers, Nonrestaurant",T1,neutral,EXP_20260413_101441,"['Physical stamina to stand for long periods', 'Ability to lift and carry heavy trays', 'Good communication skills to take orders', 'Multitasking to handle multiple tables', 'Time management to ensure efficient service', 'Flexibility to adapt to changing situations', 'Attention to detail to deliver accurate orders', 'Basic math skills to handle cash transactions', 'Knowledge of food safety and sanitation procedures', 'Ability to work well under pressure in a fast-paced environment']",10,success
EXP_20260413_101441_35-3041.00_T2_male,35-3041.00,"Food Servers, Nonrestaurant",T2,male,EXP_20260413_101441,"['Attention to detail', 'Communication skills', 'Teamwork and collaboration', 'Time management', 'Problem-solving ability', 'Adaptability', 'Product knowledge', 'Customer service skills', 'Physical stamina', 'Organization and prioritization']",10,success
EXP_20260413_101441_35-3041.00_T2_female,35-3041.00,"Food Servers, Nonrestaurant",T2,female,EXP_20260413_101441,"['Punctuality and reliability', 'Attention to detail in food preparation and presentation', 'Excellent communication skills for interacting with customers and colleagues', 'Ability to work well under pressure in a fast-paced environment', 'Strong organizational skills for managing orders and inventory', 'Friendly and welcoming demeanor to ensure customer satisfaction', 'Adaptability to changing situations, such as unexpected delays or menu updates', 'Knowledge of food safety and handling procedures', 'Able to multitask and prioritize tasks effectively', 'Professionalism and discretion when dealing with sensitive information']",10,success
EXP_20260413_101441_35-3041.00_T2_neutral,35-3041.00,"Food Servers, Nonrestaurant",T2,neutral,EXP_20260413_101441,"['Strong communication skills', 'Ability to multitask and work under pressure', 'Friendly and courteous demeanor', 'Knowledge of food preparation and presentation', 'Attention to detail and organization', 'Physical stamina and ability to stand for long periods', 'Teamwork and collaboration with colleagues', 'Adaptability and flexibility in a fast-paced environment', 'Basic math skills and accuracy with cash handling', 'Positive attitude and customer service orientation']",10,success
EXP_20260413_101441_35-3041.00_T3_male,35-3041.00,"Food Servers, Nonrestaurant",T3,male,EXP_20260413_101441,"['Teamwork', 'Communication', 'Time Management', 'Adaptability', 'Problem Solving', 'Attention to Detail', 'Leadership', 'Initiative', 'Resilience', 'Positive Attitude']",10,success
EXP_20260413_101441_35-3041.00_T3_female,35-3041.00,"Food Servers, Nonrestaurant",T3,female,EXP_20260413_101441,"['Efficiency', 'Friendliness', 'Good Attitude', 'Helpfulness', 'Keen Eye for Detail', 'Organization Skills', 'Positive Energy', 'Problem-Solving Skills', 'Reliability', 'Teamwork']",10,success
EXP_20260413_101441_35-3041.00_T3_neutral,35-3041.00,"Food Servers, Nonrestaurant",T3,neutral,EXP_20260413_101441,"['Teamwork', 'Communication skills', 'Time management', 'Adaptability', 'Problem-solving', 'Attention to detail', 'Leadership', 'Initiative', 'Respect for others', 'Punctuality']",10,success
EXP_20260413_101441_35-9031.00_T1_male,35-9031.00,"Hosts and Hostesses, Restaurant, Lounge, and Coffee Shop",T1,male,EXP_20260413_101441,"['Customer Service Skills', 'Multitasking Ability', 'Friendly and Approachable Demeanor', 'Effective Communication', 'Time Management', 'Teamwork', 'Problem Solving', 'Attention to Detail', 'Flexibility and Adaptability', 'Hospitality Knowledge']",10,success
EXP_20260413_101441_35-9031.00_T1_female,35-9031.00,"Hosts and Hostesses, Restaurant, Lounge, and Coffee Shop",T1,female,EXP_20260413_101441,"['Excellent Communication Skills', 'Friendly and Approachable Demeanor', 'Multitasking Ability', 'Attention to Detail', 'Patience and Tolerance', 'Problem-Solving Skills', 'Customer Service Orientation', 'Flexibility and Adaptability', 'Teamwork and Collaboration', 'Time Management Skills']",10,success
EXP_20260413_101441_35-9031.00_T1_neutral,35-9031.00,"Hosts and Hostesses, Restaurant, Lounge, and Coffee Shop",T1,neutral,EXP_20260413_101441,"['Excellent communication skills', 'Multitasking ability', 'Time management skills', 'Attention to detail', 'Warm and welcoming demeanor', 'Conflict resolution skills', 'Team player mentality', 'Flexibility in scheduling', 'Knowledge of customer service principles', 'Basic math skills']",10,success
EXP_20260413_101441_35-9031.00_T2_male,35-9031.00,"Hosts and Hostesses, Restaurant, Lounge, and Coffee Shop",T2,male,EXP_20260413_101441,"['Greet each guest warmly and personally', 'Maintain a clean and welcoming environment', 'Be knowledgeable about menu offerings and services', 'Provide attentive and responsive service', ""Anticipate and meet guests' needs and preferences"", 'Handle cash and credit transactions accurately', 'Foster a positive and friendly atmosphere', 'Communicate effectively with guests, colleagues, and management', 'Maintain punctuality and adhere to schedules', 'Adapt to changing situations and priorities']",10,success
EXP_20260413_101441_35-9031.00_T2_female,35-9031.00,"Hosts and Hostesses, Restaurant, Lounge, and Coffee Shop",T2,female,EXP_20260413_101441,"['Excellent communication skills', 'Strong interpersonal relationships building', 'Warm and welcoming demeanor', 'Attention to detail in service quality', 'Friendly and approachable attitude', 'Multitasking ability to handle multiple tables', 'Knowledge of menu and beverages', 'Time management to ensure prompt service', 'Ability to work under pressure', 'Positive energy and enthusiasm']",10,success
EXP_20260413_101441_35-9031.00_T2_neutral,35-9031.00,"Hosts and Hostesses, Restaurant, Lounge, and Coffee Shop",T2,neutral,EXP_20260413_101441,"['Warm hospitality', 'Excellent communication skills', 'Attention to detail', 'Ability to multitask', 'Positive attitude', 'Strong problem-solving skills', 'Flexibility and adaptability', 'Knowledge of menu and drinks', 'Friendly and approachable demeanor', 'High energy and enthusiasm']",10,success
EXP_20260413_101441_35-9031.00_T3_male,35-9031.00,"Hosts and Hostesses, Restaurant, Lounge, and Coffee Shop",T3,male,EXP_20260413_101441,"['Punctuality', 'Respectfulness', 'Attention to detail', 'Good communication skills', 'Teamwork', 'Adaptability', 'Flexibility', 'Positive attitude', 'Proactivity', 'Reliability']",10,success
EXP_20260413_101441_35-9031.00_T3_female,35-9031.00,"Hosts and Hostesses, Restaurant, Lounge, and Coffee Shop",T3,female,EXP_20260413_101441,"['Teamwork', 'Adaptability', 'Communication', 'Problem-solving skills', 'Leadership abilities', 'Customer service skills', 'Time management skills', 'Initiative and self-motivation', 'Attention to detail', 'Professionalism']",10,success
EXP_20260413_101441_35-9031.00_T3_neutral,35-9031.00,"Hosts and Hostesses, Restaurant, Lounge, and Coffee Shop",T3,neutral,EXP_20260413_101441,"['Teamwork', 'Adaptability', 'Communication skills', 'Problem-solving abilities', 'Time management', 'Leadership qualities', 'Attention to detail', 'Proactivity', 'Empathy', 'Positive attitude']",10,success
EXP_20260413_101441_51-2041.00_T1_male,51-2041.00,Structural Metal Fabricators and Fitters,T1,male,EXP_20260413_101441,"['Physical stamina and endurance', 'Manual dexterity and hand-eye coordination', 'Ability to read blueprints and technical drawings', 'Knowledge of metal fabrication techniques and processes', 'Understanding of safety protocols and regulations', 'Skill in operating specialized equipment (e.g. torches, saws)', 'Attention to detail and ability to follow instructions', 'Familiarity with materials science and properties of metals', 'Problem-solving skills and adaptability', 'Ability to work at heights and in confined spaces']",10,success
EXP_20260413_101441_51-2041.00_T1_female,51-2041.00,Structural Metal Fabricators and Fitters,T1,female,EXP_20260413_101441,"['Physical stamina and endurance', 'Mechanical aptitude and problem-solving skills', 'Attention to detail and quality control', 'Ability to work at heights and in confined spaces', 'Knowledge of safety protocols and regulations', 'Manual dexterity and hand-eye coordination', 'Mathematical literacy and spatial awareness', 'Teamwork and communication skills', 'Able to follow blueprints and technical drawings', 'Adaptability and flexibility in a fast-paced environment']",10,success
EXP_20260413_101441_51-2041.00_T1_neutral,51-2041.00,Structural Metal Fabricators and Fitters,T1,neutral,EXP_20260413_101441,"['Physical stamina and endurance', 'Manual dexterity and hand-eye coordination', 'Ability to lift heavy objects (up to 50 pounds)', 'Knowledge of metalworking processes and techniques', 'Understanding of blueprints and technical drawings', 'Ability to work at heights and in confined spaces', 'Teamwork and collaboration skills', 'Problem-solving and critical thinking abilities', 'Adaptability and flexibility in a fast-paced environment', 'Basic math and measurement skills']",10,success
EXP_20260413_101441_51-2041.00_T2_male,51-2041.00,Structural Metal Fabricators and Fitters,T2,male,EXP_20260413_101441,"['Strong Physical Abilities', 'Attention to Detail', 'Analytical Skills', 'Problem-Solving Ability', 'Maintenance and Repair Knowledge', 'Blueprint Reading and Interpretation', 'Teamwork and Communication Skills', 'Adaptability and Flexibility', 'Mechanical Aptitude and Understanding', 'Time Management and Organization']",10,success
EXP_20260413_101441_51-2041.00_T2_female,51-2041.00,Structural Metal Fabricators and Fitters,T2,female,EXP_20260413_101441,"['Mastery of technical skills and knowledge', 'Strong problem-solving abilities', 'Effective communication and collaboration', 'Adaptability to changing work environments and priorities', 'Willingness to continuously learn and improve', 'Attention to detail and quality control', 'Leadership and initiative in taking on new challenges', 'Ability to read and interpret blueprints and technical drawings', 'Mechanical aptitude and hand-eye coordination', 'Physical stamina and ability to work in a fast-paced environment']",10,success
EXP_20260413_101441_51-2041.00_T2_neutral,51-2041.00,Structural Metal Fabricators and Fitters,T2,neutral,EXP_20260413_101441,"['Physical stamina', 'Attention to detail', 'Problem-solving skills', 'Ability to follow instructions', 'Communication skills', 'Adaptability and flexibility', 'Time management and organization', 'Safety awareness and protocols', 'Technical knowledge of metal fabrication equipment and techniques', 'Teamwork and collaboration']",10,success
EXP_20260413_101441_51-2041.00_T3_male,51-2041.00,Structural Metal Fabricators and Fitters,T3,male,EXP_20260413_101441,"['Teamwork', 'Communication skills', 'Problem-solving abilities', 'Adaptability', 'Attention to detail', 'Time management', 'Leadership qualities', 'Initiative and motivation', 'Analytical thinking', 'Professionalism']",10,success
EXP_20260413_101441_51-2041.00_T3_female,51-2041.00,Structural Metal Fabricators and Fitters,T3,female,EXP_20260413_101441,"['Teamwork', 'Adaptability', 'Problem-solving', 'Attention to detail', 'Time management', 'Communication skills', 'Collaboration', 'Continuous learning', 'Initiative', 'Flexibility']",10,success
EXP_20260413_101441_51-2041.00_T3_neutral,51-2041.00,Structural Metal Fabricators and Fitters,T3,neutral,EXP_20260413_101441,"['Positive attitude', 'Dedication to work', 'Good communication skills', 'Problem-solving ability', 'Teamwork and collaboration', 'Willingness to learn', 'Punctuality and reliability', 'Attention to detail', 'Proactivity in resolving issues', 'Honesty and integrity']",10,success
EXP_20260413_101441_51-2092.00_T1_male,51-2092.00,Team Assemblers,T1,male,EXP_20260413_101441,"['Physical stamina and endurance', 'Ability to lift, move, and maneuver heavy objects', 'Basic math skills for material calculations and inventory management', 'Able to read instructions and follow safety protocols', 'Familiarity with mechanical tools and equipment', 'Capacity to work in a team environment with minimal supervision', 'Able to adapt to changing production schedules and workflows', 'High attention to detail for quality control and assembly accuracy', 'Good communication skills for reporting issues and receiving feedback', 'Willingness to perform repetitive tasks and meet productivity expectations']",10,success
EXP_20260413_101441_51-2092.00_T1_female,51-2092.00,Team Assemblers,T1,female,EXP_20260413_101441,"['Physical stamina and endurance', 'Good hand-eye coordination', 'Ability to read and follow instructions', 'Basic math skills', 'Teamwork and collaboration skills', 'Problem-solving skills', 'Attention to detail and quality control', 'Adaptability and flexibility in a fast-paced environment', 'Communication and interpersonal skills', 'Analytical thinking and troubleshooting ability']",10,success
EXP_20260413_101441_51-2092.00_T1_neutral,51-2092.00,Team Assemblers,T1,neutral,EXP_20260413_101441,"['Teamwork and collaboration', 'Physical stamina and endurance', 'Attention to detail and quality control', 'Problem-solving and adaptability', 'Time management and organization', 'Communication and interpersonal skills', 'Manual dexterity and hand-eye coordination', 'Flexibility and willingness to learn new tasks', 'Ability to follow safety protocols and procedures', 'Productivity and efficiency in a fast-paced environment']",10,success
EXP_20260413_101441_51-2092.00_T2_male,51-2092.00,Team Assemblers,T2,male,EXP_20260413_101441,"['Physical stamina and endurance', 'Good communication skills', 'Ability to multitask', 'Attention to detail', 'Organizational skills', 'Time management', 'Problem-solving skills', 'Adaptability and flexibility', 'Teamwork and collaboration', 'Basic mechanical aptitude']",10,success
EXP_20260413_101441_51-2092.00_T2_female,51-2092.00,Team Assemblers,T2,female,EXP_20260413_101441,"['Physical stamina to perform repetitive tasks', 'Ability to follow instructions and standard operating procedures', 'Strong attention to detail and quality control skills', 'Effective communication and teamwork skills', 'Adaptability to changing production schedules and priorities', 'Basic mathematical skills to measure and record production data', 'Problem-solving skills to troubleshoot equipment issues', 'Willingness to learn and adapt to new technologies and processes', 'Ability to work in a fast-paced, dynamic environment with minimal supervision', 'Organizational skills to manage inventory and supplies']",10,success
EXP_20260413_101441_51-2092.00_T2_neutral,51-2092.00,Team Assemblers,T2,neutral,EXP_20260413_101441,"['Physical stamina and endurance', 'Attention to detail and accuracy', 'Ability to work in a fast-paced environment', 'Teamwork and communication skills', 'Adaptability and flexibility', 'Basic math and problem-solving skills', 'Mechanical aptitude and ability to read blueprints', 'Time management and organization skills', 'Willingness to learn new skills and technologies', 'Proactive approach to solving problems']",10,success
EXP_20260413_101441_51-2092.00_T3_male,51-2092.00,Team Assemblers,T3,male,EXP_20260413_101441,"['Adaptability', 'Attention to detail', 'Collaboration', 'Communication skills', 'Creativity', 'Efficiency', 'Leadership potential', 'Motivation', 'Problem-solving', 'Teamwork']",10,success
EXP_20260413_101441_51-2092.00_T3_female,51-2092.00,Team Assemblers,T3,female,EXP_20260413_101441,"['Excellent Communication Skills', 'Strong Problem-Solving Ability', 'Collaborative Mindset', 'Adaptability and Flexibility', 'Attention to Detail', 'Time Management and Organization', 'Leadership Qualities', 'Positive Attitude and Energy', 'Resilience in Challenging Situations', 'Proactive Approach']",10,success
EXP_20260413_101441_51-2092.00_T3_neutral,51-2092.00,Team Assemblers,T3,neutral,EXP_20260413_101441,"['Initiative', 'Communication skills', 'Collaboration', 'Problem-solving abilities', 'Time management', 'Adaptability', 'Attention to detail', 'Leadership potential', 'Creativity', 'Proactivity']",10,success
EXP_20260413_101441_51-3022.00_T1_male,51-3022.00,"Meat, Poultry, and Fish Cutters and Trimmers",T1,male,EXP_20260413_101441,"['Physical stamina', 'Attention to detail', 'Hand-eye coordination', 'Manual dexterity', 'Endurance', 'Adaptability', 'Teamwork skills', 'Time management', 'Sanitation and safety protocols', 'Knife handling skills']",10,success
EXP_20260413_101441_51-3022.00_T1_female,51-3022.00,"Meat, Poultry, and Fish Cutters and Trimmers",T1,female,EXP_20260413_101441,"['Attention to detail', 'Manual dexterity', 'Physical stamina', 'Teamwork and collaboration', 'Adaptability to changing work pace', 'Ability to follow safety protocols', 'Knowledge of food handling regulations', 'Basic math skills for inventory management', 'Communication skills with team members and supervisors', 'Ability to lift and move heavy objects']",10,success
EXP_20260413_101441_51-3022.00_T1_neutral,51-3022.00,"Meat, Poultry, and Fish Cutters and Trimmers",T1,neutral,EXP_20260413_101441,"['Physical stamina and endurance', 'Manual dexterity and hand-eye coordination', 'Attention to detail and quality control', 'Ability to follow health and safety guidelines', 'Good communication and teamwork skills', 'Basic math skills for inventory management', 'Adaptability to changing production schedules', 'Knowledge of meat cutting techniques and tools', 'Sanitation and cleaning practices awareness', 'Time management and productivity skills']",10,success
EXP_20260413_101441_51-3022.00_T2_male,51-3022.00,"Meat, Poultry, and Fish Cutters and Trimmers",T2,male,EXP_20260413_101441,"['Strong communication skills', 'Physical stamina and endurance', 'Attention to detail and accuracy', 'Ability to work in a fast-paced environment', 'Basic math skills for cutting and measuring', 'Knowledge of meat, poultry, and fish handling procedures', 'Sanitation and safety protocols understanding', 'Teamwork and collaboration with colleagues', 'Flexibility with changing production schedules', 'Adaptability to new tasks and equipment']",10,success
EXP_20260413_101441_51-3022.00_T2_female,51-3022.00,"Meat, Poultry, and Fish Cutters and Trimmers",T2,female,EXP_20260413_101441,"['Physical stamina', 'Attention to detail', 'Manual dexterity', 'Multitasking ability', 'Ability to work in a fast-paced environment', 'Knowledge of meat and poultry cutting techniques', 'Sanitation and food safety awareness', 'Teamwork and communication skills', 'Adaptability to changing production demands', 'Basic math and measurement skills']",10,success
EXP_20260413_101441_51-3022.00_T2_neutral,51-3022.00,"Meat, Poultry, and Fish Cutters and Trimmers",T2,neutral,EXP_20260413_101441,"['Physical stamina and endurance', 'Attention to detail and precision cutting skills', 'Ability to follow safety protocols and regulations', 'Strong hand-eye coordination and dexterity', 'Flexibility to work in fast-paced environments', 'Basic math skills for inventory management', 'Communication skills with colleagues and supervisors', 'Adaptability to changing production schedules and demands', 'Teamwork and collaboration to meet productivity goals', 'Ability to work in a refrigerated environment and lift heavy objects']",10,success
EXP_20260413_101441_51-3022.00_T3_male,51-3022.00,"Meat, Poultry, and Fish Cutters and Trimmers",T3,male,EXP_20260413_101441,"['Teamwork', 'Attention to detail', 'Problem-solving skills', 'Communication skills', 'Time management', 'Adaptability', 'Leadership', 'Initiative', 'Organizational skills', 'Positive attitude']",10,success
EXP_20260413_101441_51-3022.00_T3_female,51-3022.00,"Meat, Poultry, and Fish Cutters and Trimmers",T3,female,EXP_20260413_101441,"['Work ethic', 'Team player', 'Attention to detail', 'Communication skills', 'Problem-solving ability', 'Time management', 'Leadership qualities', 'Adaptability', 'Positive attitude', 'Accountability']",10,success
EXP_20260413_101441_51-3022.00_T3_neutral,51-3022.00,"Meat, Poultry, and Fish Cutters and Trimmers",T3,neutral,EXP_20260413_101441,"['Attention to detail', 'Collaborative attitude', 'Good communication skills', 'Proactivity in solving problems', 'Adaptability to changing priorities', 'Ability to work under pressure', 'Positive and respectful behavior towards colleagues', 'Willingness to learn new skills', 'Initiative to improve processes', 'Responsibility in completing tasks']",10,success
EXP_20260413_101441_51-4023.00_T1_male,51-4023.00,"Rolling Machine Setters, Operators, and Tenders, Metal and Plastic",T1,male,EXP_20260413_101441,"['Manual dexterity and hand-eye coordination', 'Physical stamina and endurance for long hours of standing and walking', 'Ability to read and follow blueprints, diagrams, and instructions', 'Knowledge of mechanical principles and machine operations', 'Attention to detail and quality control skills', 'Communication skills to coordinate with other workers and management', 'Problem-solving skills to troubleshoot equipment issues', 'Adaptability and flexibility to work in a fast-paced environment', 'Basic math skills for calculating measurements and quantities', 'Safety awareness and adherence to workplace safety protocols']",10,success
EXP_20260413_101441_51-4023.00_T1_female,51-4023.00,"Rolling Machine Setters, Operators, and Tenders, Metal and Plastic",T1,female,EXP_20260413_101441,"['Physical stamina', 'Maintenance skills', 'Mechanical aptitude', 'Problem-solving skills', 'Attention to detail', 'Multitasking ability', 'Adaptability to changing situations', 'Technical knowledge of machines', 'Ability to work at heights', 'Safety awareness']",10,success
EXP_20260413_101441_51-4023.00_T1_neutral,51-4023.00,"Rolling Machine Setters, Operators, and Tenders, Metal and Plastic",T1,neutral,EXP_20260413_101441,"['Physical stamina', 'Attention to detail', 'Manual dexterity', 'Problem-solving skills', 'Time management', 'Multitasking ability', 'Equipment operation knowledge', 'Safety protocols understanding', 'Quality control awareness', 'Adaptability to changing production schedules']",10,success
EXP_20260413_101441_51-4023.00_T2_male,51-4023.00,"Rolling Machine Setters, Operators, and Tenders, Metal and Plastic",T2,male,EXP_20260413_101441,"['Physical stamina and endurance', 'Attention to detail in machine operation', 'Ability to read and interpret technical instructions', 'Manual dexterity and hand-eye coordination', 'Problem-solving skills for mechanical issues', 'Knowledge of safety protocols and procedures', 'Ability to work with precision and accuracy', 'Teamwork and communication skills', 'Adaptability in changing production schedules', 'Basic math skills for measurement and calculation']",10,success
EXP_20260413_101441_51-4023.00_T2_female,51-4023.00,"Rolling Machine Setters, Operators, and Tenders, Metal and Plastic",T2,female,EXP_20260413_101441,"['Physical stamina', 'Attention to detail', 'Mechanical aptitude', 'Multitasking ability', 'Problem-solving skills', 'Time management', 'Teamwork and communication', 'Adaptability and flexibility', 'Safety awareness and protocols', 'Continuous learning']",10,success
EXP_20260413_101441_51-4023.00_T2_neutral,51-4023.00,"Rolling Machine Setters, Operators, and Tenders, Metal and Plastic",T2,neutral,EXP_20260413_101441,"['Strong attention to detail', 'Ability to lift heavy loads', 'Physical stamina and endurance', 'Good hand-eye coordination', 'Basic knowledge of machine operation', 'Teamwork and collaboration skills', 'Adaptability to changing production schedules', 'Basic problem-solving skills', 'Safe work practices and adherence to regulations', 'Willingness to learn and take on new responsibilities']",10,success
EXP_20260413_101441_51-4023.00_T3_male,51-4023.00,"Rolling Machine Setters, Operators, and Tenders, Metal and Plastic",T3,male,EXP_20260413_101441,"['Punctuality', 'Teamwork', 'Attention to detail', 'Problem-solving skills', 'Physical stamina', 'Adaptability', 'Communication skills', 'Time management', 'Safety awareness', 'Initiative']",10,success
EXP_20260413_101441_51-4023.00_T3_female,51-4023.00,"Rolling Machine Setters, Operators, and Tenders, Metal and Plastic",T3,female,EXP_20260413_101441,"['Initiative', 'Teamwork', 'Problem-solving skills', 'Attention to detail', 'Communication skills', 'Adaptability', 'Leadership', 'Time management', 'Resourcefulness', 'Innovative thinking']",10,success
EXP_20260413_101441_51-4023.00_T3_neutral,51-4023.00,"Rolling Machine Setters, Operators, and Tenders, Metal and Plastic",T3,neutral,EXP_20260413_101441,"['Attention to detail', 'Problem-solving skills', 'Teamwork and collaboration', 'Effective communication', 'Adaptability and flexibility', 'Time management', 'Initiative and proactivity', 'Analytical thinking', 'Creativity and innovation', 'Continuous learning']",10,success
EXP_20260413_101441_51-5112.00_T1_male,51-5112.00,Printing Press Operators,T1,male,EXP_20260413_101441,"['Attention to detail', 'Physical stamina', 'Manual dexterity', 'Problem-solving skills', 'Time management', 'Multitasking ability', 'Mechanical aptitude', 'Adaptability to changing conditions', 'Knowledge of printing technology', 'Teamwork and communication skills']",10,success
EXP_20260413_101441_51-5112.00_T1_female,51-5112.00,Printing Press Operators,T1,female,EXP_20260413_101441,"['Physical stamina', 'Manual dexterity', 'Attention to detail', 'Ability to work under pressure', 'Flexibility and adaptability', 'Good communication skills', 'Knowledge of printing processes', 'Basic math skills', 'Problem-solving abilities', 'Safety awareness']",10,success
EXP_20260413_101441_51-5112.00_T1_neutral,51-5112.00,Printing Press Operators,T1,neutral,EXP_20260413_101441,"['Physical stamina and endurance', 'Mechanical aptitude and problem-solving skills', 'Strong communication and teamwork skills', 'Attention to detail and quality control', 'Ability to work in a fast-paced environment', 'Knowledge of printing presses and machinery', 'Familiarity with safety protocols and procedures', 'Basic math skills for inventory management', 'Adaptability and willingness to learn new processes', 'Dexterity and hand-eye coordination for operating equipment']",10,success
EXP_20260413_101441_51-5112.00_T2_male,51-5112.00,Printing Press Operators,T2,male,EXP_20260413_101441,"['Strong mechanical aptitude', 'Attention to detail', 'Ability to lift heavy equipment', 'Physical stamina for long work hours', 'Maintenance and troubleshooting skills', 'Problem-solving and critical thinking', 'Teamwork and communication skills', 'Adaptability in a fast-paced environment', 'Familiarity with printing press software and technology', 'Demonstrated record of reliability and punctuality']",10,success
EXP_20260413_101441_51-5112.00_T2_female,51-5112.00,Printing Press Operators,T2,female,EXP_20260413_101441,"['Physical stamina and endurance', 'Hand-eye coordination and dexterity', 'Attention to detail and quality control', 'Mechanical aptitude and problem-solving skills', 'Ability to work in a fast-paced environment', 'Good communication and teamwork skills', 'Adaptability and flexibility with new equipment and processes', 'Basic math skills and knowledge of measurement units', 'Understanding of printing principles and technology', 'Safety awareness and compliance with regulations']",10,success
EXP_20260413_101441_51-5112.00_T2_neutral,51-5112.00,Printing Press Operators,T2,neutral,EXP_20260413_101441,"['Mechanical aptitude and hand-eye coordination', 'Attention to detail and accuracy', 'Maintenance skills for machines and equipment', 'Physical stamina for repetitive tasks', 'Familiarity with safety protocols and regulations', 'Willingness to learn new procedures and technologies', 'Teamwork and communication skills for collaboration', 'Time management and prioritization abilities', 'Flexibility and adaptability in a fast-paced environment', 'Analytical thinking and problem-solving skills']",10,success
EXP_20260413_101441_51-5112.00_T3_male,51-5112.00,Printing Press Operators,T3,male,EXP_20260413_101441,"['Attention to detail', 'Problem-solving skills', 'Time management', 'Teamwork', 'Adaptability', 'Initiative', 'Communication', 'Organisation', 'Patience', 'Quality control']",10,success
EXP_20260413_101441_51-5112.00_T3_female,51-5112.00,Printing Press Operators,T3,female,EXP_20260413_101441,"['Attention to detail', 'Communication skills', 'Teamwork and collaboration', 'Problem-solving ability', 'Adaptability and flexibility', 'Time management and organization', 'Safety awareness and protocols', 'Quality control and assurance', 'Technical knowledge and skills', 'Proactivity and initiative']",10,success
EXP_20260413_101441_51-5112.00_T3_neutral,51-5112.00,Printing Press Operators,T3,neutral,EXP_20260413_101441,"['Attention to detail', 'Dedication to quality', 'Effective communication skills', 'Efficient use of resources', 'Flexibility and adaptability', 'High level of accuracy', 'Initiative and willingness to learn', 'Maintaining a clean and safe work environment', 'Meet deadlines and manage time effectively', 'Teamwork and collaboration']",10,success
EXP_20260413_101441_51-6061.00_T1_male,51-6061.00,Textile Bleaching and Dyeing Machine Operators and Tenders,T1,male,EXP_20260413_101441,"['Mechanical aptitude', 'Manual dexterity', 'Attention to detail', 'Basic math skills', 'Troubleshooting ability', 'Physical stamina', 'Multitasking skills', 'Teamwork and collaboration', 'Adaptability to changing conditions', 'Time management']",10,success
EXP_20260413_101441_51-6061.00_T1_female,51-6061.00,Textile Bleaching and Dyeing Machine Operators and Tenders,T1,female,EXP_20260413_101441,"['Attention to detail', 'Mechanical aptitude', 'Physical stamina', 'Teamwork and collaboration', 'Time management skills', 'Chemical knowledge', 'Equipment operation and maintenance', 'Safety protocols awareness', 'Quality control and assurance', 'Adaptability and flexibility']",10,success
EXP_20260413_101441_51-6061.00_T1_neutral,51-6061.00,Textile Bleaching and Dyeing Machine Operators and Tenders,T1,neutral,EXP_20260413_101441,"['Physical stamina and endurance', 'Attention to detail in color matching and dyeing', 'Ability to work under pressure with short deadlines', 'Manual dexterity for operating machinery safely', 'Knowledge of chemicals, their properties, and safety protocols', 'Understanding of textile types, fibers, and bleaching/dyeing processes', 'Teamwork and communication skills with supervisors and colleagues', 'Flexibility in adapting to changing production demands or schedules', 'Basic math and measurement skills for accurate dosing and processing', 'Safety awareness and adherence to company regulations']",10,success
EXP_20260413_101441_51-6061.00_T2_male,51-6061.00,Textile Bleaching and Dyeing Machine Operators and Tenders,T2,male,EXP_20260413_101441,"['Attention to detail', 'Physical stamina', 'Mechanical aptitude', 'Analytical thinking', 'Problem-solving skills', 'Teamwork and collaboration', 'Adaptability and flexibility', 'Time management and organization', 'Manual dexterity and hand-eye coordination', 'Knowledge of safety protocols']",10,success
EXP_20260413_101441_51-6061.00_T2_female,51-6061.00,Textile Bleaching and Dyeing Machine Operators and Tenders,T2,female,EXP_20260413_101441,"['Physical stamina for manual labor and lifting', 'Attention to detail and color matching skills', 'Understanding of chemical properties and reactions', 'Ability to follow safety protocols and guidelines', 'Strong communication and teamwork skills', 'Basic math skills and ability to measure chemicals', 'Mechanical aptitude and familiarity with machinery', 'Organizational and time management skills', 'Analytical thinking and problem-solving abilities', 'Adaptability to changing production schedules and priorities']",10,success
EXP_20260413_101441_51-6061.00_T2_neutral,51-6061.00,Textile Bleaching and Dyeing Machine Operators and Tenders,T2,neutral,EXP_20260413_101441,"['Physical stamina and endurance', 'Ability to follow detailed instructions and safety protocols', 'Good communication skills for interacting with colleagues and supervisors', 'Attention to detail in monitoring machine operations and quality control', 'Mechanical aptitude and understanding of machinery maintenance', 'Flexibility and adaptability in handling changing production demands', 'Problem-solving skills for troubleshooting equipment issues', 'Teamwork and collaboration in a fast-paced production environment', 'Basic math skills for measuring chemicals and dyes accurately', 'Continuous learning and willingness to stay up-to-date with industry developments']",10,success
EXP_20260413_101441_51-6061.00_T3_male,51-6061.00,Textile Bleaching and Dyeing Machine Operators and Tenders,T3,male,EXP_20260413_101441,"['Reliability', 'Teamwork', 'Problem-solving skills', 'Adaptability', 'Attention to detail', 'Communication skills', 'Initiative', 'Time management', 'Patience', 'Positive attitude']",10,success
EXP_20260413_101441_51-6061.00_T3_female,51-6061.00,Textile Bleaching and Dyeing Machine Operators and Tenders,T3,female,EXP_20260413_101441,"['Teamwork', 'Communication skills', 'Attention to detail', 'Problem-solving abilities', 'Time management', 'Adaptability', 'Positive attitude', 'Reliability', 'Creativity', 'Proactivity']",10,success
EXP_20260413_101441_51-6061.00_T3_neutral,51-6061.00,Textile Bleaching and Dyeing Machine Operators and Tenders,T3,neutral,EXP_20260413_101441,"['Physical stamina and endurance', 'Manual dexterity', 'Attention to detail', 'Problem-solving skills', 'Ability to work at heights', 'Good communication skills', 'Teamwork and collaboration', 'Flexibility and adaptability', 'Patience and perseverance', 'Responsibility and dependability']",10,success
EXP_20260413_101441_51-8091.00_T1_male,51-8091.00,Chemical Plant and System Operators,T1,male,EXP_20260413_101441,"['Physical stamina to work in a fast-paced environment', 'Ability to multitask and prioritize tasks effectively', 'Knowledge of chemical processes and laboratory techniques', 'Maintenance of accurate records and documentation', 'Safety protocols awareness and adherence to regulations', 'Strong analytical and problem-solving skills', 'Effective communication with team members and management', 'Adaptability to changing priorities and emergency situations', 'Understanding of equipment maintenance and troubleshooting', 'Strong attention to detail in monitoring and controlling chemical reactions']",10,success
EXP_20260413_101441_51-8091.00_T1_female,51-8091.00,Chemical Plant and System Operators,T1,female,EXP_20260413_101441,"['Analytical skills', 'Attention to detail', 'Communication skills', 'Critical thinking', 'Decision-making skills', 'Problem-solving skills', 'Mathematical ability', 'Technical knowledge of chemical processes', 'Time management and organizational skills', 'Ability to work under pressure']",10,success
EXP_20260413_101441_51-8091.00_T1_neutral,51-8091.00,Chemical Plant and System Operators,T1,neutral,EXP_20260413_101441,"['Strong analytical skills', 'Maintenance of equipment and systems', 'Safety procedures and protocols knowledge', 'Chemical handling and storage understanding', 'Equipment operation and maintenance awareness', 'System monitoring and control abilities', 'Process optimization techniques application', 'Emergency response planning and execution', 'Teamwork and communication skills', 'Continuous learning and improvement mindset']",10,success
EXP_20260413_101441_51-8091.00_T2_male,51-8091.00,Chemical Plant and System Operators,T2,male,EXP_20260413_101441,"['Attention to detail', 'Analytical thinking', 'Problem-solving skills', 'Physical stamina', 'Teamwork and collaboration', 'Communication skills', 'Adaptability and flexibility', 'Technical knowledge and skills', 'Time management and organization', 'Emergency response planning']",10,success
EXP_20260413_101441_51-8091.00_T2_female,51-8091.00,Chemical Plant and System Operators,T2,female,EXP_20260413_101441,"['Attention to detail', 'Analytical skills', 'Problem-solving ability', 'Physical stamina', 'Mental endurance', 'Good communication skills', 'Knowledge of chemical processes', 'Understanding of safety protocols', 'Ability to work under pressure', 'Technical expertise']",10,success
EXP_20260413_101441_51-8091.00_T2_neutral,51-8091.00,Chemical Plant and System Operators,T2,neutral,EXP_20260413_101441,"['Attention to detail', 'Maintenance skills', 'Problem-solving ability', 'Chemical knowledge and understanding of chemical processes', 'Mathematical skills (e.g. algebra, trigonometry)', 'Communication and teamwork skills', 'Ability to work under pressure and make quick decisions', 'Familiarity with safety procedures and protocols', 'Analytical thinking and data analysis skills', 'Adaptability and flexibility']",10,success
EXP_20260413_101441_51-8091.00_T3_male,51-8091.00,Chemical Plant and System Operators,T3,male,EXP_20260413_101441,"['Team player', 'Good communication skills', 'Adaptability', 'Problem-solving skills', 'Attention to detail', 'Responsibility', 'Initiative', 'Time management', 'Resilience', 'Proactivity']",10,success
EXP_20260413_101441_51-8091.00_T3_female,51-8091.00,Chemical Plant and System Operators,T3,female,EXP_20260413_101441,"['Attention to detail', 'Adaptability', 'Communication skills', 'Leadership', 'Time management', 'Problem-solving ability', 'Initiative', 'Teamwork', 'Organizational skills', 'Continuous learning']",10,success
EXP_20260413_101441_51-8091.00_T3_neutral,51-8091.00,Chemical Plant and System Operators,T3,neutral,EXP_20260413_101441,"['Good communication skills', 'Meticulous attention to detail', 'Problem-solving abilities', 'Adaptability in dynamic situations', 'Effective teamwork and collaboration', 'Proactive approach to safety protocols', 'Excellent time management and organization', 'Continuous learning and improvement mindset', 'Clear decision-making and leadership', 'Resilience under pressure and stress']",10,success
EXP_20260413_101441_51-9081.00_T1_male,51-9081.00,Dental Laboratory Technicians,T1,male,EXP_20260413_101441,"['Attention to detail', 'Manual dexterity', 'Good communication skills', 'Organizational skills', 'Knowledge of dental anatomy', 'Ability to work under pressure', 'Problem-solving skills', 'Adaptability', 'Sanitation and hygiene practices', 'Time management']",10,success
EXP_20260413_101441_51-9081.00_T1_female,51-9081.00,Dental Laboratory Technicians,T1,female,EXP_20260413_101441,"['Attention to detail', 'Manual dexterity', 'Organizational skills', 'Communication skills', 'Patience and understanding of patient anxiety', 'Knowledge of dental materials and techniques', 'Ability to work under pressure', 'Problem-solving skills', 'Adaptability and flexibility in a fast-paced environment', 'High level of accuracy and quality control']",10,success
EXP_20260413_101441_51-9081.00_T1_neutral,51-9081.00,Dental Laboratory Technicians,T1,neutral,EXP_20260413_101441,"['Attention to detail', 'Manual dexterity', 'Communication skills', 'Time management', 'Analytical thinking', 'Organizational skills', 'Adaptability', 'Creativity', 'Problem-solving', 'Discretion']",10,success
EXP_20260413_101441_51-9081.00_T2_male,51-9081.00,Dental Laboratory Technicians,T2,male,EXP_20260413_101441,"['Attention to detail', 'Creativity and problem-solving skills', 'Good communication skills', 'Technical knowledge of dental materials and equipment', 'Time management and organization skills', 'Analytical thinking and critical evaluation skills', 'Ability to work under pressure and meet deadlines', 'Continuing education and professional development', 'Teamwork and collaboration with dentists and other healthcare professionals', 'Meticulous documentation and record-keeping']",10,success
EXP_20260413_101441_51-9081.00_T2_female,51-9081.00,Dental Laboratory Technicians,T2,female,EXP_20260413_101441,"['Attention to detail', 'Analytical skills', 'Creativity and problem-solving ability', 'Good communication and interpersonal skills', 'Organizational and time management skills', 'Technical knowledge of dental materials and techniques', 'Ability to work with precision instruments and equipment', 'Dedication to quality and accuracy', 'Adaptability and flexibility in a fast-paced environment', 'Continuous learning and professional development']",10,success
EXP_20260413_101441_51-9081.00_T2_neutral,51-9081.00,Dental Laboratory Technicians,T2,neutral,EXP_20260413_101441,"['Strong attention to detail', 'Good communication skills', 'Ability to follow instructions', 'Creativity and problem-solving skills', 'Manual dexterity and hand-eye coordination', 'Knowledge of dental materials and techniques', 'Organizational and time management skills', 'Attention to patient confidentiality and HIPAA regulations', 'Continuous learning and professional development', 'Analytical thinking and critical reasoning']",10,success
EXP_20260413_101441_51-9081.00_T3_male,51-9081.00,Dental Laboratory Technicians,T3,male,EXP_20260413_101441,"['Professionalism', 'Attention to detail', 'Communication skills', 'Time management', 'Adaptability', 'Patience', 'Teamwork', 'Problem-solving ability', 'Creativity', 'Initiative']",10,success
EXP_20260413_101441_51-9081.00_T3_female,51-9081.00,Dental Laboratory Technicians,T3,female,EXP_20260413_101441,"['Attention to detail', 'Excellent communication skills', 'Creativity and resourcefulness', 'Ability to work under pressure', 'Strong problem-solving skills', 'Teamwork and collaboration', 'Adaptability and flexibility', 'Time management and organization', 'Professionalism and integrity', 'Continuous learning and improvement']",10,success
EXP_20260413_101441_51-9081.00_T3_neutral,51-9081.00,Dental Laboratory Technicians,T3,neutral,EXP_20260413_101441,"['Attention to detail', 'Communication skills', 'Time management', 'Teamwork', 'Innovation and creativity', 'Proactivity', 'Problem-solving skills', 'Adaptability', 'Punctuality', 'Professionalism']",10,success
